tweet_id,Text,task_1,task_2,Label
hi_hasoc_2021_5178,@AskAnshul आसमानी किताब के नाजायज औलाद है।,HOF,OFFN,1
hi_hasoc_2021_5410,@Sandeep_News_24 बिहार की आम जनता को बहुत ही नाराजगी है केंद्र सरकार की सिस्टम से और लालू परिवार से  यह दिन काले अक्षरों में लिखा जाएगा और आने वाला पीढ़ी इसे याद रखेगा  जो एक संसद को अपमानित किया गया अपनी मिट्टी नहीं मिलने दिया   आज हमारी बारी है तो कल तुम्हारी बारी होगी #JusticeForShahabuddin,HOF,HATE,1
hi_hasoc_2021_5852,"यही तेरी असलियत है कि चोरी रोज करेगा खेत मे लेकिन कभी भी उसे स्वीकार नहीं करेगा। गजेटियर भी तुझे दे दिया तब भी तू कुत्ता का कुत्ता ही रहा। अब भाग कुत्ते की औलाद। जा कहीं भैंस, गन्ने की चोरी कर ले, सुबह घर कैसे चलेगा तेरा। https://t.co/h1kySjw2l0",HOF,OFFN,1
hi_hasoc_2021_5765,"भोजपुरी का 2 टके का सिंगर किसी के लड़की का नाम लेकर फूहड़ गाना बना सकते है कभी सोचा है कि वो लड़की जब घर से बाहर निकलती है, मोहल्ले में, पान दुकान पे , DJ में उसका नाम लेकर फूहड़ गाना बज रहा होता है तो कैसा महसूस करती होगी? घर आके क्या सोचती होगी..? DOP Shiva Chaudhary",HOF,HATE,1
hi_hasoc_2021_3331,@anushka_s2 मूर्ख लड़की,HOF,OFFN,1
hi_hasoc_2021_4875,What a shameless guy !! दोगला !! https://t.co/VU9uIgW7xv,HOF,OFFN,1
hi_hasoc_2021_5116,"वर्तमान स्थिति में मुझे लगता है कि हमारे राष्ट्रपति जी और हमारे प्रधानमंत्री जी ""धृतराष्ट्र"" की तरह हैं| #राष्ट्रपति_जी_बंगाल_संभालो #BengalBurning #bengalvoilence @beingarun28 @OpIndia_com @sambitswaraj @DChaurasia2312 @AsYouNotWish",HOF,HATE,1
hi_hasoc_2021_6031,@Dr_Uditraj अमेरिका में तुम जैसे लोग दोगला राजनीति नहीं करते है इसलिए वहां मास्क नहीं लगाना पड़ रहा है,HOF,OFFN,1
hi_hasoc_2021_4609,@Kavi_Ghar सवाल यह नही कि वो मुझे वेश्या कहता है सवाल तो यह है कि मुझे वेश्या बनाया किसने ? -नवनीत,HOF,HATE,1
hi_hasoc_2021_5709,"@Bhartim01768706 ये हरामी शिक्षक नहीं, शिक्षक के नाम पर कलंक है, सालों को फांसी से कम सजा नहीं होनी चाहिए",HOF,OFFN,1
hi_hasoc_2021_5477,@PTI_News ONCE IN A CENTURY  @narendramodi जैसा मनहुस पैदा होता है @PMOIndia  #मनहुस_मोदी का साया देश से हट जाएगा आर्मी सारा काम संभाल रही है दवाई ऑक्सीजन आदि भी तेरे राजनीति से मुक्त हो जायेगी सभी के अपने अकालमृत्यु मर रहे है  #ResignModi मानवता केलिऐ #Resign_PM_Modi देशभक्त हो तो,HOF,OFFN,1
hi_hasoc_2021_4287,"अगर जरा भी ज़मीर बचा है और जरा भी साहब से मोहब्बत थी तो #boycottRJD करो और पार्टी पद से इस्तीफ़ा दो, चाहे BJP कियु न जॉइन करना पड़े, वरना ढोंगी रोना बन्द करो! #JusticeForShahabuddin  #BoycottRJD",HOF,HATE,1
hi_hasoc_2021_5838,"@Sabhapa30724463 उप्र लागू नही होता क्यों कि मै जानवर जाती हूं अतः आप अब बताइए क्या कारण बनता है भगवान राम कहतेहैं सुनोमै चक्रवर्ती महाराज की दसरथ का पुत्र राम हूंअतः मुझे यह अधिकार है कि यदि कोई पसु समाज के द्रोही, हिंसक, व जीव को हानी पहुंचाता होतो राजा का अधिकार है कि उसै मार दिया जाय क्रमशः",HOF,OFFN,1
hi_hasoc_2021_6092,"गांधी खानदान को गांधी की पड़पोती ने सिद्ध किया बस सात साल जेल,यहां क्यों वेल पर घूम रहे है कमीने?",HOF,OFFN,1
hi_hasoc_2021_5598,@SudarshanNewsTV @SureshChavhanke सुअर तेरे कितने रूप,HOF,OFFN,1
hi_hasoc_2021_5911,"@Sujata1978 ऐसे जानवर हर दूसरे घर में भरे पड़े हैं, सख्त अफ़सोस की बात है...सब वाकिफ़ हैं पर सब भुला दिया जाएगा चंद पलों में.. जैसे स्त्री मनुष्य ही ना हो, उसकी इज्‍जत, सम्मान, भावनाओं का कोई मोल ही ना हो... हद है   क्या वहां कोई भी ऐसा पुरुष नहीं था कि अपना जूता प्रयोग कर पाता...",HOF,HATE,1
hi_hasoc_2021_4651,@ghaziabadpolice @Uppolice @amitpathak09 @adgzonemeerut @igrangemeerut @AmarUjalaNews @AHindinews @NavbharatTimes @Live_Hindustan @TOINoida @dgpup क्या गाजि़याबाद पुलिस इस अज्ञानी मुर्ख नरसिम्हानंद सरस्वती को गिरफ्तार नही कर सकती??क्या गाजि़याबाद पुलिस पर किसी का दबाव है क्या जो अबतक इस नरसिम्हानंद सरस्वती को गिरफ्तार नही किया गया?? देश के हर शहर से इस नरसिम्हानंद सरस्वती के खिलाफ FIR हुयी फिर भी इसे गिरफ्तार नही किया गया😡 https://t.co/e89XIYKzWD,HOF,OFFN,1
hi_hasoc_2021_5718,इस देश में आतंकी की लाश उसके घर वालों को मिल सकती है दलालों की लाशे उसके घर मिल सकती है पर यहां खत्म होने के बाद भी  आखिरी rusumaat नहीं कर सकते।😡😠 लानत हो ऐसी सरकार पे खुदा गारत करें निकम्मी सरकार को। #JusticeForShahabuddin,HOF,HATE,1
hi_hasoc_2021_4864,भाजपा की केंद्र मे पूर्ण बहुत की सरकार है बंगाल में 18 सांसद और करीब 80 विधायक है फिर भी उस दल का राष्ट्रीय अध्यक्ष धरने पर है ये ऑस्कर वाले कहाँ मर गये नड्डा जी को अवार्ड क्यों नहीं दे रहे हैं..!! @SunitaDuggal7  @JPNadda  #BengalBurning,HOF,HATE,1
hi_hasoc_2021_4652,"यह भेंस चोर दुसरो को अपना बाप बनाकर अपनी नाजायजी क्यु प्रस्तुत कर रहे हैं, ओर साथ में ट्विटर पर अपनी नेशनल ओर इंटरनेशनल बेइज्जती करवाने से बाज़ नहीं आते..!! #RajputSamratPrithvirajChauhan",HOF,HATE,1
hi_hasoc_2021_1816,बंगाल में ममता रंडी की सरकार है! सारे मुल्ले  इसके भड़वे बन गया है! आसाम का बदला बंगाल में ले रही है ममता रंडी! बंगाल का बदला भाजपा शासित राज्यों में ले हिन्दू! दूसरा कोई रास्ता नहीं है! अन्यथा हिन्दुओं को अपनी  इज्जत की नीलामी खुद अपनी ऑंखों के सामने  देखना पड़ेगा! https://t.co/JNwdhX46H8,HOF,OFFN,1
hi_hasoc_2021_4742,@JPNadda तो आप ट्वीट करने के अलावा और कर भी क्या रहे हैं? #BengalViolence #BengalBurning,HOF,OFFN,1
hi_hasoc_2021_5826,"कनाडा में एक मुस्लिम परिवार के 4 फ़र्द को रौंदकर क़त्ल करने वाला आतंकवादी यहूदी है। यक़ीन जानिये अगर ये क़त्ल करने वाला मुस्लिम होता और मक़तूल फ़ैमिली ग़ैर-मुस्लिम होती तो दुनिया की इस्लामोफोबिक मीडिया अबतक ""इस्लामिक आतंकवाद"" का रंडी-रोना रो रही होती। #IslamophobiaIsTerrorism",HOF,HATE,1
hi_hasoc_2021_5201,"ये बंगाल की CM ममता बनर्जी नही है,ये Terror की आका डायन है👹जो बंगाल मे TMC पार्टी के आतंकवादी जिहादीयोंसे बलात्कार,खुन,खराबा बंमबारी कराती है  #TMCTerror #TMCGoons #BengalBurning #BengalViolence #MamtaisTerrorist #ArrestMamta #ShameOnDiaonMamta #ShameOnTerroristMamtaBanerjee https://t.co/qh8xAtJsd6",HOF,OFFN,1
hi_hasoc_2021_164,@AbdurRahman_IPS @myogiadityanath जैसे ढोंगी और गुंडे लोग ज्यादा खतरा है समाज के लिए  ऐसे कमीने लोग सत्ता में बने रहने के लिए किसी भी सीमा तक जा सकते है!,HOF,OFFN,1
hi_hasoc_2021_5967,"5G नेटवर्क चीन का नहीं आ रहा है पूर्ण स्वदेशी jio ला रहा है इसलिए चिन की दलाल अपने इटालियन भाभी जी के जरिए अफवाह फैला रहें हैं ..!  5G से चिड़िया मर रही है मच्छर क्यों नही मर रहे , रोज़ खून पी रहे है ट्विटर के चमचों जवाब दो ?",HOF,HATE,1
hi_hasoc_2021_4841,ये जो मासूम हिन्दुओं की चिताएं जल रही हैं और अर्थीयो का अपमान हो रहा है..  ये सब राजनैतिक धर्मान्धता और गलत नेताओं की गुलामी का इनाम है!  #IndiaNeedsOxygen  #indianeedoxygen  #IndianLivesMatter  #Oxygen  #OxygenCylinders  #Congress  #RahulGandhi  #ResignModi  #ModiKaVaccineJumla,HOF,HATE,1
hi_hasoc_2021_5662,@iAakankshahere @ArvindKejriwal इसके फ्री के चाटुकारों व देश के गद्दारों की वज़ह इसका रंडी रोना चल रहा है वरना यह तो जिसमें कुत्ता खाये उसमें खिलाने लायक है दोगला महाझूठा 😡,HOF,OFFN,1
hi_hasoc_2021_5595,"@shahtariq39 @ppbajpai तुम चुप रहो भाईजान, तुम्हे क्या है न तुम कानून के न संविधान के। तुम्हारे भाई बंध इसी tax के पैसे से 10 10 बच्चे खिला पिला रहे और योगदान 0।",HOF,OFFN,1
hi_hasoc_2021_5982,@UPENDRA57815086 बिलकुल सही अंकल जी देखकर ही गुस्सा आता है जब ये विश्लेषक की तरह नही एक दलाल की तरह बात करता है,HOF,OFFN,1
hi_hasoc_2021_5612,"#Elections2021 #ResignModi  #Resign_PM_Modi  Resign modi  लोगो के मरने से  डर नही लगता, सत्ता जाने से लगता है। https://t.co/RYwatRTbak",HOF,OFFN,1
hi_hasoc_2021_5404,"@KhanAmanatullah @OsamaShahab_ @PMOIndia लालू की रिहाई की कीमत शहाबुद्दीन साहब की जान से चुकाई गयी है, RJD की खामोशी इस बात की गवाह है। Tejashwi Yadav दिल्ली में होने के बावजूद हॉस्पिटल नही पहुँच सकें।  ये वक़्त भुला नही जाएगा।।   इमरान भाई अमानतुल्लाह खान आपको सलाम #StandwithOsamaSahab  #JusticeForShahabuddin",HOF,HATE,1
hi_hasoc_2021_5775,लोग मर रहें हैं #बंगाल_हिंसा में ! और ये धरना दे रहे हैं एयर कंडिशन्ड हाल के अंदर । हद्द हरामखोरी है । कोई क्यों करें इन पर विश्वास ??? #BengalElection2021  #BengalBurning https://t.co/8GNj2uMUcW,HOF,HATE,1
hi_hasoc_2021_2272,@MimrotReena सिद्ध कर दिया अग्रेंजो की नाजायज औलाद कौन है। हिन्दी व हिन्दुस्तान पर हमे गर्व है।,HOF,OFFN,1
hi_hasoc_2021_5451,व्हाट्सएप पर यह वीडियो प्राप्त हुआ कहां का है यह पता नहीं चल पाया वीडियो देखकर दिल दहल गया सड़क के एक किनारे पर बैठी गोवंश को इस तरह ट्रैक्टर ट्रॉली से कुचला इस सुअर ने।  😡 @TheDeepak2020In @TheDeepak2020  @deepaksharmazad  @YogiDevnath2 @TigerRajaSingh https://t.co/KnqG5uo36H,HOF,OFFN,1
hi_hasoc_2021_3922,"@vinodkapri झूठ से पैदा हुआ है ये लणैन्द्र मोदी ,  जिसकी मां की  गारेंटी तो पर बाप की कोई गारेंटी नही।। #ModiKaVaccineJumla",HOF,OFFN,1
hi_hasoc_2021_4748,@BIcYlNM7hmtJgVC @NareshSetia4 @SanatKumarKhan2 @brajeshlive मेरी ही गलती है मै वैश्या पुत्र के मुंह लग गया ।,HOF,OFFN,1
hi_hasoc_2021_4388,"#CruelMamata तेरा नर्क बनते लोग यही देखेंगे, बूढे लाचार और बच्चों पर अत्याचार तुझे नष्ट कर देगा.  #BengalViolence #BengalBurning  @MamataOfficial https://t.co/53Ar1PPips",HOF,OFFN,1
hi_hasoc_2021_3444,धवन मदरचोद ज़िंदा है मर गया 😁😁😁,HOF,PRFN,1
hi_hasoc_2021_4859,@ANI जादवपुर के बीजेपी उम्मीदवार रिंकू नस्कर के घर पर टीएमसी के गुंडों ने किया हमला  #TMCTerror #BengalBurning https://t.co/LBpLaqMVjK,HOF,HATE,1
hi_hasoc_2021_5715,@PANKAJPARASHAR_ कुत्ता हरामज़ादा कहीं का,HOF,PRFN,1
hi_hasoc_2021_1079,चुनाव में लाखों की भीड ओर धरना VVIP आज जरूरत है ऑक्सीजन व ईलाज की ओर ये जनता को भडका रहे हैं।भाजपा हैं दंगा पार्टी। #OxygenShortage #Corona #bangalviolence #tmcgoons #BJP #AAP @abhisar_sharma @MamataOfficial @RahulGandhi @ArvindKejriwal #ResignModi #IndiaFightsCorona https://t.co/io58c6VdLb,HOF,HATE,1
hi_hasoc_2021_561,हमारे उम्मीदवार का यह दुर्दशा किया है टोलाबाज गुंडों ने #PresidentsRuleinBengal #BengalBurning https://t.co/GneJ7Fp2IW,HOF,HATE,1
hi_hasoc_2021_5488,देश के गद्दार हरामी दोगलो के कारनामे https://t.co/8Zz39ds8T9,HOF,HATE,1
hi_hasoc_2021_1077,योगी जी.  इस BSDK वाले की सुरक्षा मे दो राफेल जहाज लगाओ...   बाकी हमे पता है इसकी शकल देखकर कोई कुतिया भी नहीं मूतेगी 🤣🤣🤣 https://t.co/pMNPNFcFb7,HOF,PRFN,1
hi_hasoc_2021_3542,@orca2409 @ZDTnrzUWf8fR6m4 @ActivistSandeep @RahulGandhi चाटुकार भौकता रह bsdk बांग्लादेश की आबादी देख वहां तेरे जैसे चुटिया को बोलना भी मना हे बांग्लादेश का परतर करता हैं लोली वैक्सिन वैक्सिन चिल्लाता रहा और पप्पू ने राजस्थान ने 11लाख वैक्सिन खराब कर दी उस्प्पर भी कुछ बोल,HOF,OFFN,1
hi_hasoc_2021_2045,"@PiyushrajGupt12 बेटा संघी देश के अजादी में तुमलोगो का कोई हाथ नही है बे ...अंग्रेजो का दलाली करने वाले लोग आज 𝓣𝔀𝓲𝓽𝓽𝓮𝓻 पे रो रहे हैं ,,, संघी को छोड़ कर सभी हिन्दू मुस्लिम सीख ईसाई सभी का अहम रोल है था ,,, तेरे जैसै संघी गांडू चुप चाप रहो बे लौड़े 𝓦𝓱𝓪𝓽𝓼𝓪𝓹𝓹 𝓤𝓷𝓲𝓿𝓮𝓻𝓬𝓲𝓽𝔂 वाले",HOF,HATE,1
hi_hasoc_2021_4736,"दो मिनट का मौन ऊन हराम-खोरो के लिए भी जिनको बंगाल में चुनावी रैली दिखी मोदी की सारी गलतिया दिखी, कोरोना भी दिखा किन्तु अब TMC के गुंडो द्वारा हिंसा, लूट, आगजनि और बलात्कार नहीं दिख रहा। #BengalBurning #secular_dogle",HOF,HATE,1
hi_hasoc_2021_5136,"@AmarUjalaNews @drharshvardhan @ArvindKejriwal मोदी ने देश का बंटाधार कर रखा है, अगर कुछ कर नहीं सकते तो कुर्सी छोर क्यूँ नहीं देते? #ResignModi #ResignHarshvardhan #ModiMadeDisaster #ModiOxygenDo",HOF,OFFN,1
hi_hasoc_2021_146,@AcharyaPramodk ये क्या हो रहा है?   कितने कमीने हो आप इतना कमीनापन लाते कहां से हो मौलानाचार्य  ?,HOF,OFFN,1
hi_hasoc_2021_4962,BJP dharna ....... भाई मत ही करते कम से कम शर्म नही आती।   #spinelessmodi  #BengalBurning https://t.co/FnqFzuwgAu,HOF,HATE,1
hi_hasoc_2021_1612,@TheDon7999 @ProfNoor_ @INdHumanist शक्ल से नाजायज़ की औलाद है,HOF,OFFN,1
hi_hasoc_2021_3180,मोदी ही पप्पू है और नेशनल ही नहीं ग्लोबल है। #नरेंद्र_मोदी_ग्लोबल_पप्पू #ModiResign  #IndiaCovidCrisis  #ModiMustResign,HOF,OFFN,1
hi_hasoc_2021_4185,@OpIndia_in तो मुल्ले ये बता शराब पीना भी तो हमारा अधिकार है और सुअर खाना भी।   लहौल लौड़ा कुवात्।,HOF,OFFN,1
hi_hasoc_2021_5117,@DChaurasia2312 अबे चमचे सूअर  भाजपा में ज्यादा नेता कांग्रेस के ही हैं या दूसरी पार्टी के,HOF,HATE,1
hi_hasoc_2021_3342,कभी किसी ने कोरोना वायरस के लिए @RahulGandhi को चाइना को दोषी बताते हुए सुना है ? नही न !! राहुल गांधी देश में वायरस से लड़ने वाली वैक्सीन बनाने वाली कम्पनियों को टार्गेट करते ही सबने देखा ! ये कमीना चाइना का दलाल है #ChineseVirus #ChineseGandhi,HOF,OFFN,1
hi_hasoc_2021_5985,@ashokgehlot51 अनिवार्य एफ आई आर सरकार का बेहतर व साहसिक निर्णय..सिविल सोसायटी अपराध और भय से मुक्त रहे वही आदर्श शासन है.. बजरी के अवैध खनन पर लगाम के लिए जनसहयोग से अदृश्य अनैतिक गठजोड़ों और नेटवर्क को सार्वजानिक रूप से बेनकाब का विशेष अभियान चले..सिविल दावों की आड़ में जमीनों के अपराध न चले।,HOF,OFFN,1
hi_hasoc_2021_5183,व्हाट ए मदरचोद कौम मुसल्मान https://t.co/QKetpacH5k,HOF,PRFN,1
hi_hasoc_2021_3420,"@84239Katiyar100 @RakeshTikaitBKU तेरी मा का भोसड़ा मदरचोद मिल ले पता दे रहा हु, गाओ रमाला जिला बागपत उत्तरप्रदेस,मिल अगर तेरे महू में गेर के पिसाब न कर दु तो जाटनी से पैदा नही",HOF,PRFN,1
hi_hasoc_2021_4920,"हां भाजपा उनके साथ बस ट्विटर पर खड़ी है। बहुत बढ़िया। अपना काम निकल गया तो वहां भी ""आत्मनिर्भर कार्यकर्ता"" का मंत्र दे दिये होंगे आपसब। #अमित_शाह_नींद_से_जागो  #BengalBurning https://t.co/9GEB0SwlZv",HOF,HATE,1
hi_hasoc_2021_5927,#ModiKaVaccineJumla जो bc कल तक हम वैक्सीन नही लगाएंगे कह रहे थे वे आज हमको पहले लगाओ कह रहे हैं सालो जिस मुँह से खाते हो वही से हगते भी हो,HOF,PRFN,1
hi_hasoc_2021_5100,@AMISHDEVGAN श्राद्ध अगस्त में है दलाल‌!,HOF,HATE,1
hi_hasoc_2021_4364,अंधभक्तों के फर्जी चाणक्य ने इस बार उल्टा गेम खेल दिया बंगाल में  विधायक पहले खरीद लिए और चुनाव बाद में लड़ा इसीलिए सारा खेल बिगड़ गया ।विनाश काले विपरीत बुद्धि।😂😂 #चड्डीगैंग   #Resign_PM_Modi  #deModitization  #आजतक  #GodiMedia,HOF,OFFN,1
hi_hasoc_2021_6032,@INCChhattisgarh सुनो गुलामो ओर चमचों  कोंग्रेस में रहना है तो कार्यकर्ता (मतलब कुत्ता) बन कर रहो नेता बनने की तुम्हारी औकात नही तुम कल में कुत्ते थे हो और रहोगे👊  कोंग्रेस में नेता केवल #antoniomyno @RahulGandhi ओर @priyankagandhi ही है 😅😅😅 https://t.co/wX09zJxbbX,HOF,OFFN,1
hi_hasoc_2021_4856,"रक्तरंजित बंगाल को जो आज, रक्तरंजित होने से नहीं गया रोका, यह चलन फैलेगा और जगहों पर, और बनेगा मानवता पर धोखा, अब निर्णय लेना होगा क्रूर, जालिम,नरभक्षियों पर जमकर, वरना विश्वास उठ जाएगा सबका, मजबूत सरकार से विश्वास ही हरकर। #BengalBurning @narendramodi @AmitShah @AmitShahOffice",HOF,HATE,1
hi_hasoc_2021_3051,@narendramodi  मोदी जी हम तो आपको चोकिदार समझते थे ।। मगर आप तो चोर और हतियारे निकले ।। #hatiyare #muderer #aajtakgodimedia #ResignModi,HOF,OFFN,1
hi_hasoc_2021_4863,"@TheMukeshK_ दो मिनट का मौन उनके लिए भी जिनको बंगाल में चुनावी रैली दिखी ,  कोरोना दिखा किन्तु अब हिंसा , लूट अग्निकांड और महिलाओं को लुटती इज़्ज़त नहीं दिख रहीं 😡😡  #PresidentsRuleinBengal  #BengalBurning  #BengalViolence  #KhooniKhela  #WestBengalViolence",HOF,HATE,1
hi_hasoc_2021_5475,@Palshri1234567 ए लड़की तुझे दिनभर कोई काम नहीं रहता क्या ये क्या बकचोदी करती रहतीं हो यहाँ पर दिनभर  थोड़ा #BengalBurning  पर भी ट्विट करती जा,HOF,PRFN,1
hi_hasoc_2021_3138,@DChaurasia2312 कव्वे देश मैं मौत के जिममेदार मोदी सरकार ही है..!!! #ModiKaVaccineJumla  #ModiGovtSeNaHoPayega  #ModiMustResign,HOF,OFFN,1
hi_hasoc_2021_5999,@ndtvvideos ONCE IN A CENTURY  @narendramodi @PMOIndia  #मनहुस_मोदी का साया मेरे देश के ऊपर से हट जाएगा आर्मी सारा काम संभाल रही है दवाई ऑक्सीजन आदि भी तेरे राजनीति से मुक्त हो जायेगी सभी के अपने अकालमृत्यु मर रहे है  #ResignModi मानवता केलिऐ #Resign_PM_Modi देशभक्त हो तो,HOF,OFFN,1
hi_hasoc_2021_5302,अब कुत्ता बोल रहे हो जिस वक्त आप की पार्टी में थे तब बोलना था। अगर आप की पार्टी में होकर BJP की बेइज्जती करते होते तो आप बोलते की @JitinPrasada जी आप ने जो कहा वो सही कहा। पार्टी छोड़ी तो कुत्ता बोलते हो थोड़ी शर्म करो चमचो।  @GulzebAhmed,HOF,OFFN,1
hi_hasoc_2021_5791,@yadavtejashwi दही तो तुम्हारे मुंह मे भी जमी हुई थी 😠😠 #JusticeForShahabuddin,HOF,OFFN,1
hi_hasoc_2021_4458,@REAL___HINDUVT @DEEPAKRASTOGI55 इनके दो काम बहुत compulsory  है पहला मदरसे में पढ़ना और दूसरा मस्जिद और मदरसा में बम बनाना  वा हथियार छुपाना फिर यही concept  अलग-अलग फील्ड में applied करना क्या चुराया पता नहीं  यह सिर्फ चिल्लाते हैं रंडी टीवी रवीश कुमार के नेतृत्व में 🤔,HOF,HATE,1
hi_hasoc_2021_892,"@umashankarsingh मेरा मत: केंद्र की गद्दी में बैठे महान जुमलेबाज फेकू जनता के हत्यारे को किसी कीमत पर024से आगे नहीं बढ़ने देंगे,अगर जितिन जैसे और कुछ विपक्ष या कांग्रेस के गद्दार दोगला नेता बीजेपी मोदी शाह के हाथो अपने गले में कुत्ते नुमा नारंगी खटमल का पट्टा नहीं पहना तो। @ndtvindia @ABPNews",HOF,OFFN,1
hi_hasoc_2021_5032,@Ravish_sir1 @Jalebi_Bai_ तुम कमीने जैसे लोग योगी के नाम लेने लायक नहीं हो,HOF,OFFN,1
hi_hasoc_2021_5129,"@DrxYusuf @BotsHindi #Islamophobia का डर मुस्लिमो को दिखा के ही अपना आधार बनाया है,उसी के बल पर समाज को तोड़ने को बात करते हैं, आपका नंबर आजतक नही आया तो आगे भी नही आयेगा,मुलामान अब पढ़ाई करने लगा है,उसको बहलाना अब नामुमकिन हो चुका है।",HOF,HATE,1
hi_hasoc_2021_6061,बोहोत अच्छा विश्व गुरू फकीरद्र नाथ का ड़ंका बज रहा है अमेरिका मोदी के साथ जो कर रहा है एक तरफ सही है बोहोती घमंडी है फेंकु घमंड टूटना चाहिए  #ModiKaVaccineJumla #ModiMustResign https://t.co/ScW7gor1x9 https://t.co/inu4guagxw,HOF,HATE,1
hi_hasoc_2021_3731,"@nkrai17 @sk_traza98 बकवास के सिवाय कुछ बस की नही तुम राष्ट्रीय हत्यारो में तेरे उकसाने में नही आने वाला  साले मानसिक नंगे #ModiResign  #ModiKaVaccineJumla अनगिनत हत्याओं के जुर्म में  #आजीवनजेल_जाएगा_तो_मोदी_ही  #आजीवनजेल_जाएगा_तो_मोदी_ही  यकीनन यदि परिजनों में बुजदिली, कायरता न हो",HOF,OFFN,1
hi_hasoc_2021_5820,वैक्सीन पर हायतौबा मचाने वालो की असलियत उन्होंने राज्यों को मिले वेक्सीन की उपयोग तक नहीं किया लेकिन वेक्सीन की रंडी रोना मचा रहे थे https://t.co/xBXvncNyIk,HOF,PRFN,1
hi_hasoc_2021_1121,"@ippatel किसान के नाम पे, हवस के जानवर बैठे है वहा😡😡",HOF,HATE,1
hi_hasoc_2021_5492,"मुझे उससे मोहबत थी सच्ची, पर वो निकली रंडी की बच्ची...",HOF,PRFN,1
hi_hasoc_2021_2304,@Jmm_Mahila मोदी मदरचोद है कुछ नही होगा।।,HOF,PRFN,1
hi_hasoc_2021_4544,@DChaurasia2312 राहुल गांधी और प्रियंका दीदी एक अच्छा स्कीम निकाला है दोगला और गद्दारों का पहचान ऐसे ही होता है,HOF,OFFN,1
hi_hasoc_2021_4579,@AjiteshBansal1 @NayakRagini ये मोहतरमा जिस गाली गलौज और अभद्रता को नारीशक्ति कह रही हैं  सनातन संस्कृति में उसे फूहड़ औरत का नँगापन कहा जाता है....,HOF,PRFN,1
hi_hasoc_2021_4244,गोदी मीडिया और BJP IT Cell फेक न्यूज़ फैलाने में माहिर है!#GodiMedia #BJPITCell #fakenews  #ModisCrimeAgainstIndia #ResignPMmodi  #SpinelessBJP #coronavirus #wednesdaythought #COVID19 #Oxygen4All #BeHuman #OxygenMan #fakenews #coronavirus #COVID19 #BJP #ModiSarkarHiSystemHai https://t.co/QPEwe1FiN8,HOF,HATE,1
hi_hasoc_2021_4292,@Abhijee51353746 @vinodkapri @bainjal यार तू इतना चुटिया है कि अपने ट्वीट खुद ही LIKE कर लेता है🤣 अब तेरे से मैं क्या बहस करू।,HOF,PRFN,1
hi_hasoc_2021_4790,पूरे गुजरात को आग के हवाले कर दिया और आग किसने लगाया सभी जानते हैं किन्तु बहुसंख्यक समुदाय के मूहँ में ताला लगा रहता है किन्तु जैसे ही किसी मुस्लिम की बात आती है तो गिद्ध भी खामियां निकालने पहुँच जाते हैं....  #JusticeForShahabuddin,HOF,HATE,1
hi_hasoc_2021_5179,"@AslamChopdar11 @DrDeependra111 @Rajrm011 जो लोग असलम भाई को गाली दे रहे हैं, वे या तो कुपेन के कुत्ते है या फिर वो हरामी है,  हमें असलम भाई जेसा नेता चाहिए जो कभी दोहरा नकाब नहीं रखता हो",HOF,PRFN,1
hi_hasoc_2021_4697,"आपको थोड़ी शर्म करनी चाहिए, अपने आस-पास देखें। आपकी सरकार की मूर्खता के कारण दूसरी लहर आई।  देशभक्ति तब होती है जब लोग जीवित होते हैं!  The entire BJPee IT cell is utter shameless!  #ArrestPChidambaram #ModiKaVaccineJumla #BjpDestroyedIndia #BJPFailsIndia https://t.co/nlnSO39MYK",HOF,HATE,1
hi_hasoc_2021_4499,@R_Singh_O08rj ये वो जात है जो हर जात का जीना हराम करती है इनके में कुछ हराम नही है बल्कि ये हरामी है साले गन्द के सिवा इनको कुछ नही आता,HOF,HATE,1
hi_hasoc_2021_4906,"बड़ी उम्र की औरत की काम वासना बढ़ती जाती है, और फिर वो बजारु हो जाती है, वो पराये मर्दो के कदमों में नंगी लेट जाती है और पराये मर्द उसे वैश्या की तरह नंगा नचाते हैं, नितम्बो पर मारते हैं। उसके शरीर को अपने मूत्र से नहला कर उसे जलील करते हैं और तब एक बड़े घर की औरत शांत होती है। https://t.co/Se90dGgYFa",HOF,PRFN,1
hi_hasoc_2021_5289,@PawanJa13418467 @arifsiddiqui82 @ActivistVed Right  अब तेजस्वी यादव जैसे दलाल बिहार चुनाव जीत जाने के बावजूद भी   अगर राष्ट्रीय स्वयंसेवक संघ से सौदा कर लेते हैं   और vvpat पर्चियों के मिलान के लिए   कोर्ट में दावा नहीं ठोकते हैं   तो उसके लिए हम क्या कर सकते हैं,HOF,OFFN,1
hi_hasoc_2021_5973,"@anjalideshbhkt गलती उस महिला की है। इससे पहले भी एक महिला के साथ ""आम आदमी पार्टी"" के सड़क छाप जानवर ने रेप किया था। तब इस महिला को समझ नही आया कि बॉर्डर पर किसान नही ""बलात्कारी"" बैठे हैं.?? इस महिला को वहां जाना ही नही चाहिए था।",HOF,OFFN,1
hi_hasoc_2021_4289,@sambitswaraj @JPNadda छूटिया Oxygen Beds Medicine  के बारे में कब tiweet करेगा। #ResignModi,HOF,OFFN,1
hi_hasoc_2021_4379,@VMBJP @BJP4Bengal @BJP4India @narendramodi @JPNadda @AmitShah @DilipGhoshBJP @RahulSinhaBJP जब केंद्र के मंत्री z+ की सुरक्षा लेकर भी बंगाल दौरा सही से भी कर सकते उनपे हमला होता हैं तो उन करोड़ों कार्यकर्ता पे क्या जुर्म ढाया जा रहा होगा अफसोस अभी ये निंदा धरना देंगे 😡 इनके लिए सता ही सबकुछ है और कुछ नही कुछ तो शर्म करो #BengalBurning #bengalvoilence #ममता_की_निर्ममता,HOF,HATE,1
hi_hasoc_2021_1218,"ये बंगाल की CM ममता बनर्जी नही है,ये Terror की आका डायन है👹जो बंगाल मे TMC पार्टी के आतंकवादी जिहादीयोंसे बलात्कार,खुन,खराबा बंमबारी कराती है  #TMCTerror #TMCGoons #BengalBurning #BengalViolence #MamtaisTerrorist #ArrestMamta #ShameOnDiaonMamta #ShameOnTerroristMamtaBanerjee https://t.co/PNyGsMsXmN",HOF,OFFN,1
hi_hasoc_2021_5280,"☄☄ साउद अली पहले अम्मी, फिर बाजी,फिर कुतिया,फिर मुर्गी, इन सब के मना करने पर, गुस्से से बकरी के साथ ही खेलने लग गए।   वाह बेटे मौज कर दी..! ☺ @SaudAli32039647 https://t.co/FIpnqyxd50",HOF,PRFN,1
hi_hasoc_2021_4421,निर्ममता 😡😡  इसका एक जीवन्त उदाहरण : ज्वलंत बंगाल  नहीं संभलता तो 2 मिनट के लिए बंगाल @RSSorg को सौंप दो ।। #ShameOnMamata  #राष्ट्रपति_जी_बंगाल_संभालो #बंगाल_बचाओ_मोदीजी #BengalBurning #bangalviolence https://t.co/M2ZzelucZL,HOF,OFFN,1
hi_hasoc_2021_3953,"अरे जाहिल गंवार अनपढ़ बद्तमीज़ फूहड़ औरत + चमची, ठीक से हिन्दी में लिखना तो सीख ले VAN KI LORRY ! 🤦🏻‍♀️😂😂 @MimrotReena   #RaGaKMKB #GaliWaliMadam https://t.co/wgJ3jgw5Dy",HOF,OFFN,1
hi_hasoc_2021_4693,@harbhajan_singh देश को बचाना होगा @narendramodi को जाना होगा #Resign_PM_Modi  #धर्म_के_खाल_में_दानव #ResignPMmodi  #कम्यूनल_कोरोना_के_मरीज #RESIGN  #कालणेमी,HOF,OFFN,1
hi_hasoc_2021_3742,@ajitanjum कुत्ते की दुम पर केवल कुतिया ही भरोसा करती है?,HOF,PRFN,1
hi_hasoc_2021_3458,"यह भेंस चोर दुसरो को अपना बाप बनाकर अपनी नाजायजी क्यु प्रस्तुत कर रहे हैं, ओर साथ में ट्विटर पर अपनी नेशनल ओर इंटरनेशनल बेइज्जती करवाने से बाज़ नहीं आते..!! #RajputSamratPrithvirajChauhan",HOF,OFFN,1
hi_hasoc_2021_4449,#नरेंद्र_मोदी_ग्लोबल_पप्पू #ModiKaVaccineJumla #ModiMustResign Is trending meanwhile m(g)odi bhakts ÷ https://t.co/CmZVSBiueK,HOF,OFFN,1
hi_hasoc_2021_4468,@AkhtarH18713098 @DChaurasia2312 तभी तो ये बलात्कारों ओर लव जिहाद में हरामी पुत्रों का नाम सबसे ज्यादा आता है कानून बनाया योगी जी ने तो फट गयी।,HOF,HATE,1
hi_hasoc_2021_3334,बंगाल में हिंसा फैलाते TMC के गुंडे.   क्या यही लोकतंत्र है? कहाँ गए लिबरल शिबरल?👇👇 @KrishnaMohanSha #BengalBurning https://t.co/M5digbPgCs,HOF,HATE,1
hi_hasoc_2021_4665,"बुझा कर हजारों घरो के चिराग, वो कहता रहा अच्छे दिन आएंगे !😞           #ResignModi https://t.co/LaYV8l33B1",HOF,OFFN,1
hi_hasoc_2021_5568,",#जलता_बंगाल #बंगाल_में_राजनीतिक_हिंसा: #tmc #westbengal #bengalburning #bengalviolence #bengalisburning #isupportmodi #भारत  ट्विटर लिब्ऱांडुओं का पालतू कुत्ता है जो राष्ट्रवादी की आवाज़ बंद करता है पर जिहादियों की आवाज़ को बुलंद करता है। https://t.co/hokGK3eLjQ",HOF,HATE,1
hi_hasoc_2021_6036,@INCIndia तेरे ऊपर विश्वास कौन करेगा ? तूने अपने नाम मे गांदी लगा रखा है । दोगला कभी सचा और देशभक्त हो सकता है क्या?,HOF,OFFN,1
hi_hasoc_2021_4399,"#विश्वसम्राट, भारत के #भाग्यविधाता, #रामराज्य लाने वाले महान विग्यानी और अर्थ सास्त्री श्री #मोदी की आखों के सामने खुले आम दवाओं, ऑक्सीजन, अम्बुलेंस, समशान में पर पूरे लूट लूट हो रही है  शायद वो सोच रहा है कि इस के लिए किसे ज़िम्मेदार ठहराऊँ? #ModiKaVaccineJumla",HOF,OFFN,1
hi_hasoc_2021_5218,"Nusrat - छू हिंदू, मैंने तुम्हारा काटा है..  जो मुझे चाहिए था वो मिलगया है.. अब तुम सब भाड़ में जाओ..  इलेक्शन ख़त्म.. नाटक ख़त्म.. https://t.co/MMhyHdMjSr",HOF,HATE,1
hi_hasoc_2021_4566,@AamAadmiParty ONCE IN A CENTURY  @narendramodi @PMOIndia  #मनहुस_मोदी का साया मेरे देश के ऊपर से हट जाएगा आर्मी सारा काम संभाल रही है दवाई ऑक्सीजन आदि भी तेरे राजनीति से मुक्त हो जायेगी सभी के अपने अकालमृत्यु मर रहे है  #ResignModi मानवता केलिऐ #Resign_PM_Modi देशभक्त हो तो,HOF,OFFN,1
hi_hasoc_2021_4834,"@indiantweeter भाई आपकी ये लोग शायद सुनलें, मुझ fresher on twitter को तो रिपोर्ट कर देते हैं...  इनको बोलिये उदित राज को कांग्रेस प्रेसिडेंट बना दें तो बहुत मेहरबानी होगी। वो घास-जड़ से जुड़े जड़बुद्धि हैं, पिच्छ्त्तीस वर्षीय के सारे रिकॉर्ड तोड़ देंगे।",HOF,OFFN,1
hi_hasoc_2021_4446,"@ashutosh83B दिल्ली और बंगाल की तरह चुनाव आते आते, ये पपड़ी नीचे लेट जायेगी .... काले सुअर, देख लेना",HOF,OFFN,1
hi_hasoc_2021_5241,@dineshprasain कतै त्यो दलाल समाजवाद त थिएन ? 😂😂,HOF,OFFN,1
hi_hasoc_2021_5955,@sakshijoshii @TwitterSupport @TeamSaath @ReportTweet_ अमानतुल्लाह के गरदन काटने वाले बयान पर आप चुप थे। इतना दोगला पन । थू,HOF,OFFN,1
hi_hasoc_2021_2367,@indiafirst_19 @TV9Marathi मग आई चा नवरा टॅक्स भरतो का मदरचोद आणि गांडीत दम असेल ना तर स्वतःचे नाव वापरून ट्विट करत जा तुमच्या सारख्या मदरचोद मुळेच जातीय दंगली होतात तुम्ही देशाला लागलेले कॉरोना आहेत,HOF,PRFN,1
hi_hasoc_2021_5965,"#Thanks  चीन , अमेरिका , रूस , ब्रिटेन के बाद अब हमें भूटान , थाईलैंड , पाकिस्तान तक से मदद लेनी पड़ रही है l विश्व गुरु बनने चले थे विश्व भिखारी बन गए l🤦🤦 #ResignPMmodi #ResignModi #OxygenEmergency #OxygenCrisisindia #MamataBanerjee #BoycottBJP_4Farmers",HOF,OFFN,1
hi_hasoc_2021_5260,"@nidhitripathi92 @AshokShrivasta6 दो मिनट का मौन उनके लिए भी जिनको बंगाल में चुनावी रैली दिखी ,  कोरोना दिखा किन्तु अब हिंसा , लूट अग्निकांड और महिलाओं को लुटती इज़्ज़त नहीं दिख रहीं 😡😡  #PresidentsRuleinBengal  #BengalBurning  #BengalViolence  #KhooniKhela  #WestBengalViolence",HOF,HATE,1
hi_hasoc_2021_5091,"@HansrajMeena @narendramodi दलित बहुज़नो का सबसे बरा दुश्मन बनिया { वैश्या } है , जो बहुज़नो को हर कदम पर नुक़सान ही करता है! दूसरा #ब्राह्मण।    Follow करे लाइक के साथ",HOF,HATE,1
hi_hasoc_2021_4382,@khesariLY भोजपुरी के सुपर डुपर स्टार खेसारी लाल यादव के गाना से कुछ सूअर के पैदाइश को बहुत तकलीफ है'बाकी भोजपुरी सिंगर के गाने  से कोई तकलीफ नहीं है',HOF,OFFN,1
hi_hasoc_2021_6109,@ArmaanS13738198 All the best may you succeed in your Modi's boot licking mission... &amp; he lick boots of Elitist corporate 😂 life circle of BJP 💫 #PrayForFarmersVictory  #देश_ऑक्सीजन_मांगता_है #ResignModi #FarmersProtest,HOF,OFFN,1
hi_hasoc_2021_1061,नपुंसक हिन्दुओं की नसों में खून की जगह डर का पानी भर के वोट लेते रहें और फिर मलेच्छों को अपना दामाद बना लेते हैं जैसे शाहीन बाग के मुख्य और्गिनाईज़र शहजाद अली व उसकी टीम को अपना दामाद बना लिया बीजेपी का सम्मानित सदस्य बना दिया #बंगाल_हिंसा #BengalBurning #BengalElection2021,HOF,HATE,1
hi_hasoc_2021_5731,यह #बंगाल के #जादवपुर विधानसभा क्षेत्र के #भाजपा प्रत्याशी श्री रिंकू नासकर का घर है जिसे #TMC के गुंडों ने दिनदहाड़े तहस-नहस कर दिया है ! @MamataOfficial की पुलिस #शिखंडी बनी हुई है !  #BengalViolence  #TmcTerror  #BengalBurning  #CruelMamata https://t.co/dGLtwSIQeb,HOF,OFFN,1
hi_hasoc_2021_461,@ashutosh83B तू चीन का दल्ला है ! #chinesevirus,HOF,OFFN,1
hi_hasoc_2021_1124,"बेवकूफ फूहड़ औरत ! यहाँ सिर्फ गाँधी का नाम लगाके विदेशी एंटोनियो मायनो ने 75000 करोड़ से ज्यादा के वारे न्यारे कर लिए और इसके पास तो असली गाँधी का लेबल था, 60 लाख के खेल में ही पकड़ी गई । https://t.co/DSuLOQIOyq",HOF,OFFN,1
hi_hasoc_2021_5390,"राजनेता का व्यवहार,चाल-चलन,ईमान एक वैश्या के समान है जब तक उसे धन,दौलत का लालच मिलता रहा तब तक आपकी और जिस रोज नहीं मिला किसी ओर के साथ। आज कांग्रेस पार्टी के साथ ऐसा ही हो रहा है। हाईकमान ने इन वैश्याओं की नब्ज पहचानने में देर कर दी खैर जिसको जाना है जाने दो गंदगी साफ हो रही है।",HOF,HATE,1
hi_hasoc_2021_5822,@Shalumehta95 कबीर हरी के नाम  बिना नारी कुतिया होई गली गली भौकत फिरे टुक ना डाले कोई,HOF,PRFN,1
hi_hasoc_2021_1712,टैगोर का शौक पूरा हो गया हो तो थोड़ा हिटलर का रूप भी दिखा दो वैसे भी 35%आपको हिटलर कहते ही है #जलता_बंगाल  #नींद_से_जागो_अमित_शाह_जी  #ममता_बनर्जी_हत्याएं_बंद_करो  #BengalBurning #BengalElection2021  @narendramodi @AmitShah @PMOIndia @HMOIndia @BJP4India @JPNadda,HOF,OFFN,1
hi_hasoc_2021_256,@RamPD78 @ndtvindia अभी भी इसके पास 19 लाख हैं। गौरव आएगा तब ये मुकदमा वापस लेगा हरामी। ऐसे लोग ऐसे ही सड़ते हैं,HOF,OFFN,1
hi_hasoc_2021_5516,@Ravishk356 धोबी का कुत्ता घर का न घाट का,HOF,OFFN,1
hi_hasoc_2021_5425,@MimrotReena @RahulGandhi मतलब जानवर ही रहोगे 😎😎😎,HOF,PRFN,1
hi_hasoc_2021_4164,@meNeeleshNRane संज्या महा हरामी,HOF,PRFN,1
hi_hasoc_2021_1613,अबे नामर्द हिन्दुओ अगर खुद के पिछवाड़े में ताकत नही है तो उसका ठीकरा मोदी पर मत फोड़ो।  #बंगाल #BengalBurning,HOF,HATE,1
hi_hasoc_2021_4308,"@Dr_PraveshYadav @SushilModi @laluprasadrjd @RabriDeviRJD जाके corona में परीक्षा दिलवा कर रिजल्ट निकाल लो और मरे हुए बच्चों के कफन पर लगा देना? यही चाहते हो ना लालू और बरखा के गिद्ध?  वैसे तो लालू और उसके कुत्ते होते बड़े बेशरम हैं और आप यह साबित कर रहे हैं.  जान, इज्ज़त चली जाए पर लालू और उसकी नस्ल की भक्ति नहीं बंद करोगे.  🤣",HOF,OFFN,1
hi_hasoc_2021_2003,@shivsagar1106 @Rofl_Swara जी नहीं। अब तो परत दर परत इन नक्कारे जुमलेबाजों की हर फांदेबाजी याद कर कर इन्हें दौड़ाया जाएगा।#ResignModi,HOF,HATE,1
hi_hasoc_2021_5050,"7. कोई लेना-देना नहीं था! यह सिर्फ एक शपथ पत्र द्वारा नाम परिवर्तन का एक मामला था, और फिरोज खान, गांधी बन गये, हालांकि यह बिस्मिल्लाह शर्मा की तरह ही एक असंगत नाम है! दोनों ने ही भारत की जनता को मूर्ख बनाने के लिए नाम बदला था! जब वे भारत लौटे,तो एक नकली वैदिक विवाह जनता के समक्ष",HOF,HATE,1
hi_hasoc_2021_137,"इस ढक्कन को भी जीने का हक है, सुअर है, द्रोबी है, लालची है, भड़वा है पर है तो ढक्कन ही इसे भी बकचोदी करने का हक है।। कुछ समय और चलेगा फिर किसी कूड़े के ढेर पर मिलेगा फेंके हुए ढक्कन की तरफ जिसपर गली के कुत्ते मूतेंगे।। https://t.co/IOSrupFsYq",HOF,OFFN,1
hi_hasoc_2021_2340,@ANI कुछ दिन बाद देखना ये दिल्ली वालों को भिखारी बना कर भीख मंगवायेगा। हरामी भिखारी है ये मुख्यमंत्री की गरिमा की माँ बहन एक कर दी है इस इंसान ने।,HOF,OFFN,1
hi_hasoc_2021_5529,#JusticeForShahabuddin गांड फाटे तो लाख उपाय मर के सहाबुद्दीन जन्नत को जाए यही जस्टिस है। उसका उसको मिल गया आपको चाहिए तो बताओ खोल के बेठो आते है।।।,HOF,PRFN,1
hi_hasoc_2021_4835,"@yadavakhilesh अरे भाई अखिलेश ,चुप रहो। कुछ आईडिया है नही।पिता जी के बनी बनाई पार्टी की दुर्दशा किये हो। 10 साल के बच्चे जैसे बयान रहते हैं। चले है CM  बनने!!!",HOF,OFFN,1
hi_hasoc_2021_5867,"@free_thinker @Pooja_Chaudhuri @free_thinker how did you know they are talking about muslim community? A/c to you these words हराम के पिल्ले, सुअर का पिल्ला synonyms for muslims community? https://t.co/Lg4XccVhGN",HOF,HATE,1
hi_hasoc_2021_5815,तिहाड़ जेल के स्पेशल सेल में कोरोना पहुंचा कैसे मुझे लगता हे ये सिस्टम का कोरोना है    #JusticeForShahabuddin #JusticeForShahabuddin,HOF,HATE,1
hi_hasoc_2021_5196,@PJkanojia सही कहा दलाल दलाल दलाल रिजर्वेशन की देन है ये लोग टैलेंट तो है नही तो करेंगे क्या,HOF,HATE,1
hi_hasoc_2021_5898,@DeepakSEditor दलाल लोगों को जाने दो,HOF,OFFN,1
hi_hasoc_2021_5874,मैं बहुत पहले से इन दोगला चेहरे वाले बोलीवूढ़ियाओं की पिक्चर देखना बंद कर दिया था । https://t.co/bOYxeKhBQv,HOF,HATE,1
hi_hasoc_2021_4959,"मौजूदा हालात मे कभी किसी से बहस ना करें, अगर कोई कहे के हाथी उड़ता है तो उसको बताएं के आज सुबह हमारे घर की तार पे बैठा था!!!  मोदीजी से नफ़रत करने वाले, चमचे, लिब्रांडु, वामपंथी, तुकड़े गैंग इन सब लोगों से दिमाग़ ना लगायें।  जनता सब देख रही है  🤣😝 #IStandWithModi #ChineseVirus",HOF,HATE,1
hi_hasoc_2021_5527,@careers360 @pritharoyc कमीने लोग की कमी नही है जो ऐसा fake न्यूज़ viral करते हैं। always get verified by official website before believing any notification,HOF,HATE,1
hi_hasoc_2021_4636,"325 सांसद, 125 राज्यसभा सांसद 1600 से ज्यादा विधायक बहन बेटियों के बलात्कार और बेटो की हत्या पर धरना देंगे ।  धिक्कार है ... @BJP4India  #BengalBurning #bangalviolence #COVID19",HOF,HATE,1
hi_hasoc_2021_5093,"@QamarAalam11 मरहूम सहाबुद्दीन की लाश जैसे दिल्ली गेट ITO कब्रिस्तान मे सुपुर्द ए खाक हुई,❣️   Inshallah ऐसे ही बिहार में  लालू तेरी पार्टी को सुपुर्दे खाक करेगी बिहार की जनता #JusticeForShahabuddin",HOF,HATE,1
hi_hasoc_2021_5480,@MimrotReena @RahulGandhi गधा भी परेसान हे बब्बर सेर से..... किस ग..ग..ग..गधा ने बैठ गया हे पीठ पर मेरे..... https://t.co/ATi5EKlz4L,HOF,OFFN,1
hi_hasoc_2021_3277,@me_pratii @myogiadityanath @Uppolice @UPPViralCheck सुअर के पिल्ले है साले 😑😑,HOF,PRFN,1
hi_hasoc_2021_6053,"वह महान सन्तों, कवि और वीर राष्ट्रवादी की भूमि कभी रही होगी, किन्तु अब नहीं। अब वह नाजायज औलाद पैदा करने वाली विधर्मी नचनियों की जोमीन होकर रह गई है।",HOF,OFFN,1
hi_hasoc_2021_5131,मैं सरकार से अपील करता हु की जनगणना कराइए। ओर जो अल्पसंख्यक हो उसी को आरक्छन दे । क्यों की एक समुदाय अपने को अल्पसंख्यक बता रहे है। और सुअर की तरह भीड़ बढा रहे है।,HOF,HATE,1
hi_hasoc_2021_4353,"@SushantBSinha @derekobrienmp दो मिनट का मौन उनके लिए भी जिनको बंगाल में चुनावी रैली दिखी ,  कोरोना दिखा किन्तु अब हिंसा , लूट अग्निकांड और महिलाओं को लुटती इज़्ज़त नहीं दिख रहीं 😡😡  #PresidentsRuleinBengal  #BengalBurning  #BengalViolence  #KhooniKhela  #WestBengalViolence",HOF,HATE,1
hi_hasoc_2021_1668,"@BabaIsraeliTW @nehasingh121121 @Uppolice @myogiadityanath @dgpup @meerutpolice @adgzonekanpur @diggorakhpur नाजायज कि औलाद हैं,, मुगल  मिना बाजार वाले।😡😡",HOF,OFFN,1
hi_hasoc_2021_4876,"“create a positive image of the government”, manage “perception through effectively highlighting positive stories and achievements”,  जोड्यानं हाणला पायजे या सगळ्यांना ...   हिटलरने तोंड लपवलं असतं तुमच्यासमोर   #ModiMadeDisaster #ResignModi #CovidIndia  https://t.co/LGj4bBPpCt",HOF,HATE,1
hi_hasoc_2021_6085,"@IncAyushKumar @Vimalbhati @SupriyaShrinate @NayakRagini @LambaAlka @Radhika_Khera 1,नेहरू एड्स का पहला मरीज था 2, पप्पू क्वात्रोछि की औलाद है 3,पिंकी का नाजायज रिश्ता एक तांत्रिक से है 4, तेरी मालकिन को वही गुप्त रोग है जो कोठेवालियों को होता है 5,तू खुद गण्डवा है",HOF,OFFN,1
hi_hasoc_2021_4725,@kunalkamra88 ऐ चुटिया अपनी गांड़ मरा,HOF,PRFN,1
hi_hasoc_2021_4501,हराम की कमाई से बिल्डिंग बनाकर बाहर ماشاءاللہ की तख्ती लगाकर शैतान भी सोचता होगा...   ये हरामी तो मेरे से दो कदम आगे है..!!,HOF,HATE,1
hi_hasoc_2021_947,"@rohanrgupta तुम्हारे कुशासन के परिणाम आज तक पूरा देश भुगत रहा है,अनगिनत वित्तीय घोटाले,आतंकवादीयों को शह,आए दिन पूरे देश में कहीं न कहीं बम विस्फोट,हिंदुओं का दमन व आतंकियों को बढ़ावा,दुश्मन देशों से गुप्त समझौते कर देश से ग़द्दारी,तुम्हारे काले कारनामों की सूची लंबी है तुम लोग चुप ही रहो ।",HOF,OFFN,1
hi_hasoc_2021_5850,@FBDPolice इस कमीने को Hr police ki hwalat me 2 din ki seva jrur dijiye,HOF,OFFN,1
hi_hasoc_2021_5309,"कनाडा में एक मुस्लिम परिवार के 4 फ़र्द को रौंदकर क़त्ल करने वाला आतंकवादी यहूदी है। यक़ीन जानिये अगर ये क़त्ल करने वाला मुस्लिम होता और मक़तूल फ़ैमिली ग़ैर-मुस्लिम होती तो दुनिया की इस्लामोफोबिक मीडिया अबतक ""इस्लामिक आतंकवाद"" का रंडी-रोना रो रही होती। #Islamophobiaisterrorism",HOF,HATE,1
hi_hasoc_2021_4911,बॉस गधा कुतिया~  निक्की https://t.co/x83lCFf1WE,HOF,OFFN,1
hi_hasoc_2021_5235,सिस्टम अन्धा नही बल्कि । लुला औऱ लंगड़ा भी हैं ।  झूठ की भरमार हैं । झूठे बधो की बौछार हैं । @RahulGandhi #ModiKaVaccineJumla,HOF,HATE,1
hi_hasoc_2021_1415,@Isha5384 ऐसे लोग नाजायज बाप की नाजायज औलाद कहलाए जाते है 😂😂😁,HOF,OFFN,1
hi_hasoc_2021_5564,@PremMis05662422 @ShradhaNaik2 @sunderpal25 @TheAbhishek_IND उल्टा लटका के मारना चाहिये हरामी को,HOF,OFFN,1
hi_hasoc_2021_4803,तीन अवैध कृषि कानूनों को वापस नहीं लिया गया तो आंदोलन जारी रहेगा। लोगों की खाद्य सुरक्षा छीनने को तैयार फासीवादी सरकार! #FarmLaws,HOF,HATE,1
hi_hasoc_2021_1999,"Why did Tejashwi Yadav not go to meet Shahabuddin, only Yadav and Muslim have to take votes  कान खोल के सुन ले लालू प्रसाद यादव के परिवार हर एक मुसलमान का एक ही सवाल हैं 👇 @yadavtejashwi @MisaBharti @manojkjhadu @laluprasadrjd  https://t.co/s7isRX5uL2 #JusticeForShahabuddin",HOF,HATE,1
hi_hasoc_2021_4925,एक बंगला बने हत्यारा!  #VinashakVista #CentralVista #ModiFailsIndia #ResignModi https://t.co/Do7S5Kxkb1,HOF,HATE,1
hi_hasoc_2021_1942,@WeirdlyHungry चुटिया है क्या बोस्डीके। Hindus follow gotra system.,HOF,OFFN,1
hi_hasoc_2021_5299,दोगला जेएमएम आ कांग्रेसी है आ बीजेपी समझ नहीं आ रहा इनसे मतलब नहीं है झारखंडी हेमन्त भाई विश्वाश नौकरी मिलेगी क्या झारखंडी भाई अब भी विश्वाश करते लगता है भाई कुछ क्रज के साथ तीर धुनष देगा @१४ वित को नौकरी दो नहीं तो गोली दो @HemantSorenCM @MithileshJMM @Alamgircongress,HOF,HATE,1
hi_hasoc_2021_3302,@Deepakkkapur भाड़ में जाओ,HOF,OFFN,1
hi_hasoc_2021_4666,#JusticeForShahabuddin सिस्टम की मुस्लिम तासूबी ना इंसाफी को देख कुदरत अपना कहर बरसा रहि है और पर सिस्टम हे के इस्लामोफोबिया से बाज़ ही नही आ रहा #shahabuddin,HOF,HATE,1
hi_hasoc_2021_4747,"@SurekaMahendra @Dr_Uditraj @RahulGandhi @INCIndia @rssurjewala @ReallySwara @AcharyaPramodk @digvijaya_28 @ashokgehlot51 दोस्तों, आओ हम सब सर्वसम्मति से महान अर्थशास्त्री, धुरंधर वैज्ञानिक, अंतर्राष्ट्रीय किसान, भयंकर सवर्ण-दलित मसीहा #चुदित राज जी को खांग्रेस #अध्यक्ष एवं #पलधानमंतली बनाएं !!🙏 ""सभी #समस्याएं समाप्त"" #उदित_राज_को_अध्यक्ष_बनाओ_बे @Dr_Uditraj  #CovidVaccine https://t.co/HrWBrorcLe",HOF,HATE,1
hi_hasoc_2021_4355,अब बनायो बेब सीरीज ....मदरचोद टूलकिट बॉलीवुड...मदरचोद अनुष्का शर्मा और एकता कपूर https://t.co/HtS2KMMdTx,HOF,PRFN,1
hi_hasoc_2021_4322,ये साले सूअर जितना इन्हें सर पे बिठाया उतना ही सर पे मूता इन्होंने.. #BengalBurning #SpinelessBJP,HOF,OFFN,1
hi_hasoc_2021_2338,@AnandPa44510218 @Vitticollis @JBhimJBharat @PandeyFitness @Bahubal68089819 @BamniyaRohit01 @sixth1008 @GREAT_PERIYAR_1 @Sujmooknayak @Namrata_4589_ तेरे को तो कोई गली की कुतिया न दे सुतिये,HOF,OFFN,1
hi_hasoc_2021_5678,@BoltaHindustan @MrVijayVarma ONCE IN A CENTURY  @narendramodi @PMOIndia  #मनहुस_मोदी का साया मेरे देश के ऊपर से हट जाएगा आर्मी सारा काम संभाल रही है दवाई ऑक्सीजन आदि भी तेरे राजनीति से मुक्त हो जायेगी सभी के अपने अकालमृत्यु मर रहे है  #ResignModi मानवता केलिऐ #Resign_PM_Modi देशभक्त हो तो,HOF,OFFN,1
hi_hasoc_2021_5503,"@beingarun28 @ArvindKejriwal  @@तंकियों हत्यारों को भर इसने पार्टी बनाई है। दिल्ली की जनता से निवेदन है कि यदि कि यदि अपने देश धर्म के प्रति थोड़ा भी प्रेम ईमानदारी है, तो इस केजरीवाल को उखाड़ फेंको और इसको गिरा गिरा के कुटों।  निर्लज्ज दोगला खानदान का इंसान😡",HOF,OFFN,1
hi_hasoc_2021_5691,जो लोग कुछ कर नहीं सकते हैं  वे लोग सिर्फ दूसरे को नसीहत दे सकते हैं कटाक्ष कर सकते हैं  इसके अलावा और कुछ कर ही क्या सकते हैं  बैठकर ट्विटर ट्विटर खेलिए  उधर बंगाल चल रहा है #BengalBurning,HOF,HATE,1
hi_hasoc_2021_1933,@Dr_Uditraj @INCUttarPradesh मूर्ख dr,HOF,OFFN,1
hi_hasoc_2021_5795,"@harmans56864205 @AmitShah @JitinPrasada भाई बीजेपी अब पार्टी कम ड्रामा company जादा हो गयी है ये  @narendramodi हेड है इस ड्रामा company का, in सबका नाटक बंद कर दूंगा इस बार, ढोगी ड्रामेबाज़ चाचा @narendramodi को वोट देकर भूल कर दी भाई, धर्म के नाम पर लूट लिया कमीने ने देश ko।",HOF,OFFN,1
hi_hasoc_2021_4455,"@INCChhattisgarh कांग्रेस में कुत्ता बनकर रहना पड़ता है, नेता नहीं।",HOF,OFFN,1
hi_hasoc_2021_5371,@ANI भाजपा की द्वारा 20.000 करोड़ लगा कर और चुनाव आयोग को हाई जेक करकर भी यदि भाजपा बंगाल में चुनाव हार रही हे तो ये फ़क़ीर की व्यक्तिगत हार हे #ResignPMmodi #BengalElection2021 #KhelaHobe,HOF,OFFN,1
hi_hasoc_2021_3388,@Ashishsinghgur5 @Ravishk356 @sunitayadav007 कोठे कि पैदाइश है तु हरामी है नाजायज औलाद है तु,HOF,PRFN,1
hi_hasoc_2021_4728,@umashankarsingh उनकी नाजायज औलाद ट्विटर पर खुश हो रही है,HOF,OFFN,1
hi_hasoc_2021_6026,"@AamAadmiParty @ArvindKejriwal EPOS machine चालू कर आधार से कनेक्ट करो, जिससे तुम्हारा फर्जी वाडा नही हो सके। और तुम भ्रष्टाचार नही कर सको और अपने रोहिंगिया और बांग्लादेशी दामादों को अवैध तरीके से राशन नहीं पहुंचा सको।",HOF,OFFN,1
hi_hasoc_2021_5487,@AkritiAmbedkar1 पंजा का दलाल हे,HOF,OFFN,1
hi_hasoc_2021_4929,@Profdilipmandal ये चदरमोद* कहते हैं कि जाति के आधार पर समाज में भेदभाव होता है! लेकिन इनको हर चीज में 'जाति' ही चाहिए। ख़त्म कैसे होगा विभेद बे मंडल सुतीये? हरामी कहीं का!,HOF,PRFN,1
hi_hasoc_2021_5433,भाजपा तो गोडसे वादी थी ना तो गांधी वादी कब से  बन गई । #BengalBurning  #बंगाल_बचाओ_मोदीजी  #बंगाल_कश्मीर_बन_गया  #नींद_से_जागो_अमित_शाह_जी  #ममता_की_निर्ममता  #ममता_के_गुंडे #बंगाल_में_राष्ट्रपति_शासन_नहीं_तो_वोट_नही  #बंगाल  #बंगाल_में_राष्ट्रपति_शासन_लागू_हो  #बीजेपी_शर्म_करो,HOF,HATE,1
hi_hasoc_2021_5455,तू अपनी घटिया हरकत नही छोड़ेगा कुत्ता https://t.co/qoGnV5tL51,HOF,OFFN,1
hi_hasoc_2021_4342,@ANI चुप कर हत्यारिन  #Bengalisburning  #ShameOnKhooniMamta #ShameOnMamata  #Shamemamatabannerjee #BengalBurning,HOF,OFFN,1
hi_hasoc_2021_3673,@Anushkagurjar0 नाजायज औलाद तो तुम हमारी हो । बराबरी नही कर सकते तो बदनाम करना शुरू करदिया । लो देखो भैंस चोरो अपनी औकात https://t.co/fgFFR2u8DJ,HOF,OFFN,1
hi_hasoc_2021_4360,@VikramS42456303 तेरी माँ की चू$ भैंसचोर हमारे पूर्वजों की नाजायज औलाद,HOF,PRFN,1
hi_hasoc_2021_159,@INCIndia दलाल कांग्रेस.. 🖕🖕 https://t.co/6N99IUgdTp,HOF,HATE,1
hi_hasoc_2021_1610,कोंग्रेसी फूहड़ होते है कोई अच्छा आदमी तर्क के साथ बात कैसे करेगा https://t.co/MNlffwHRtk,HOF,HATE,1
hi_hasoc_2021_61,"जिहादिदी, बगदीदी, हिटलरदीदी!!! #CruelMamata #BengalBurning https://t.co/3qwHSnnpBR",HOF,OFFN,1
hi_hasoc_2021_5748,शहाबुद्दीन साहब आज़म खान जी के जूतों के नोख के बराबर भी नहीं है ओवैसी #JusticeForShahabuddin,HOF,HATE,1
hi_hasoc_2021_4976,वैश्या का बच्चा वह नहीं जिसकी मां बाजार में इज्जत बेचती है वैश्या का बच्चा वो है जो हिंदू होकर हिंदू धर्म का मजाक उड़ाता है😏  #PMModi,HOF,OFFN,1
hi_hasoc_2021_5408,@puneetsinghlive तू पत्रकार है के कांग्रेस का दलाल। केवल पप्पू की चमचागिरी कर रहा है।,HOF,OFFN,1
hi_hasoc_2021_4601,"मरहूम #ShahabuddinSaheb को सुपुर्द-ए-खाक़ कर दिया गया और Tejashwi Yadav पिछले घंटे लिखा है कि वह शहाबुद्दीन शहाब की मय्यत को सिवान ले जाने का प्रयास कर रहा है😡 ये ""गिद्ध"" लाश पर भी राजनीति कर रहा है… #ShahabuddinSaheb   #JusticeForShahabuddin https://t.co/kJOrMt4o1n",HOF,OFFN,1
hi_hasoc_2021_4600,@Ritutyagi30 @GopalSa22721269 साले हरामी पिल्ले सरकारी खाना खाते है ओर वोट काग्रेस को देते है,HOF,PRFN,1
hi_hasoc_2021_3986,"ये बंगाल की CM ममता बनर्जी नही है,ये Terror की आका डायन है👹जो बंगाल मे TMC पार्टी के आतंकवादी जिहादीयोंसे बलात्कार,खुन,खराबा बंमबारी कराती है  #TMCTerror #TMCGoons #BengalBurning #BengalViolence #MamtaisTerrorist #ArrestMamta #ShameOnDiaonMamta #ShameOnTerroristMamtaBanerjee https://t.co/qTI0TqcIUK",HOF,OFFN,1
hi_hasoc_2021_5594,"@Krishna64524734 @DKSinghSom ये कुत्ता है कौन कब से भौंके जा रहा है शर्म नहीं आती ठाकुर, सिंह और साहब एड करते हो अपने नाम में और रघुवंशी का मतलब समझते हो? अपने पापा को क्यों जगजाहिर करना चाह रहे हो तुम सामने होते तो अब तक तुम्हारी चटनी बन गई होती, और जुबान संभाल के बात किया करो",HOF,OFFN,1
hi_hasoc_2021_5599,"#ModiKaVaccineJumla माओवादी और लिब्रांडुओ का चलाया गया हैशटैग है । जिनका  सपना भारत को तोड़ना हैं , दुनिया मै लोकतंत्र नहीं तानाशाही लाना हैं ,  किमजोंग उन , शी जिनपिंग इन लिब्रांडु और माओवादियों  आतंकवाद  के  आदर्श हैं । पर  ,यहीं लिब्रांडू सबसे पहले वैक्सीन लगाएंगे ।",HOF,HATE,1
hi_hasoc_2021_5684,"ये कैसा उन्माद?'  सदियों में न हुआ होगा यह ऐसा कृत्य घृणित है, टैगौर विवेकानंद सुभाष की भूमि आज हुई लज्जित है |  #BengalBurning #BengalViolence https://t.co/bFn1eQkoKX",HOF,HATE,1
hi_hasoc_2021_3257,Incompetent &amp; Failed Prime Minister.  #ExitModi #ResignModi #COVID19 #ElectionResults #Resign_PM_Modi #ModiResign #नरेंद्र_मोदी_ग्लोबल_पप्पू #COVIDSecondWaveInIndia https://t.co/yilSlSxO9p,HOF,OFFN,1
hi_hasoc_2021_5523,"कनाडा में एक मुस्लिम परिवार के 4 फ़र्द को रौंदकर क़त्ल करने वाला आतंकवादी यहूदी है। यक़ीन जानिये अगर ये क़त्ल करने वाला मुस्लिम होता और मक़तूल फ़ैमिली ग़ैर-मुस्लिम होती तो दुनिया की इस्लामोफोबिक मीडिया अबतक ""इस्लामिक आतंकवाद"" का रंडी-रोना रो रही होती। #IslamophobiaIsTerrorism",HOF,HATE,1
hi_hasoc_2021_1662,सिकंदर जैसे वीर को परास्त करने वाला हिन्दू.. नपुंसकता का कौनसा घूँट पी गया.. कभी कश्मीर तो कभी बंगाल में कायरों से पिट गया ?? उठो प्रतिकार करो!! #BengalBurning #BengalViolence,HOF,HATE,1
hi_hasoc_2021_5745,"To इस्तीफा गेंग, तुम्हें कोई भीख न दे, माँ बहन की गाली न दे, तुम्हें इस्तीफा क्यों दे?  देश के लोगो के लिए कुछ करते तो हो नहीं, खली ट्विटर पर आ कर इस्तीफा मांग रहे हो, एक काम करिए आप इस्तीफा दे दीजिए, देश आपका उपकार कभी नई भूलेगा।  #ModiResign #ModiKaVaccineJumla, #ResignPMmodi",HOF,HATE,1
hi_hasoc_2021_4216,"जो मुसलमानों के मसीहा बने बैठे थे, एक एक करके सारे दोगले चेहरे उजागर हो रहे है, फिर चाहे वो केजरीवाल, अखिलेश या तेजस्वी यादव हो!!!💁‍♂️ #JusticeForShahabuddin #BoycottRJD  @TSP4India @TSP_Lucknow",HOF,PRFN,1
hi_hasoc_2021_2198,@SampritiMishra @vinayksingh1164 सब दबे हुए कमीने है ये कुछ नही कर पाएंगे,HOF,OFFN,1
hi_hasoc_2021_4618,@naveenjindalbjp @thakurbjpdelhi कांग्रेस ने गैंगस्टर सोहराबुदीन की पुलिस मुठभेड़ में मृत्यु के बाद गुजरात के गृह मंत्री अमित शाह एक DIG व आधा दर्जन IPS अधिकारियों को जेल में डाल दिया था पिछले 7 वर्ष से अपने लगभग 500कार्यकर्ताओ की हत्या व बलात्कार के बाद भाजपा  धरना देगी #BengalBurning https://t.co/twnvE7PpNb,HOF,HATE,1
hi_hasoc_2021_4979,@rohini_sgh शर्म नहीं आती इन लोगों को इन्होने तो अपनी आत्मा भी बेच डाली है . #IndiaCovidCrisis #indianeedoxygen #BJPDestroysHumanity https://t.co/41xiJHOr1n,HOF,HATE,1
hi_hasoc_2021_4344,Ye ha Modi ki ghatiya chaal ar Raajniti #ResignModi  #कृषि_कानून_रद्द_करने_पड़ेंगे https://t.co/lgQFRprsFj,HOF,OFFN,1
hi_hasoc_2021_5370,@jannat_huda @ShilpiSinghINC @jitendradehade @VineetPunia ताकि गांधी परिवार पंजाब की तरह बच्चों की वैक्सीन बेचकर मुनाफा खोरी ना करे ये सवाल अमेरिदर से किया मूर्ख राहुल गांधी ने,HOF,OFFN,1
hi_hasoc_2021_4235,@ashutosh83B कुत्ता है तू,HOF,PRFN,1
hi_hasoc_2021_5394,वो बुज़दिल क़ौम है जो जेल में बंद एक शख़्स से डर जाए उसकी शख़्सीयत को सलाम  #JusticeForShahabuddin https://t.co/zplRIXNJvr,HOF,HATE,1
hi_hasoc_2021_5688,@ThePeevedIndian मोदी जैसा आदमी आजतक नहीं देखा जो लाशों पे वोट मांगने आता है 😓😓 क्या बीत ती होगी उस मां पे जिसकी आखों के सामने उसके बच्चे को मारा जाता होगा। 😓😓 उसके बाद उसकी लाश पे वोट मांगना। छी यार कभी मोदी को वोट नहीं दूंगा कभी नहीं। 💔💔 #BengalBurning #BengalViolence #Bengal,HOF,HATE,1
hi_hasoc_2021_5717,"पश्चिम बंगाल में तृणमूल कांग्रेस द्वारा भाजपा कार्यकर्ताओं की कायरतापूर्ण हत्याओं,हमलों और हिंसा के विरोध में आज भारतीय जनता पार्टी जिला खरगोन के सभी मंडलों में कोविड प्रोटोकॉल के तहत धरना प्रदर्शन किया गया। #BengalBurning  @ChawdaJaypal @HitanandSharma @SuhasBhagatBJP https://t.co/DzFBiCmefO",HOF,HATE,1
hi_hasoc_2021_4169,@sharmapraveenok @AcharyaPramodk भाई ये जहां है वही रहने दे ये सड़क पे भी लोगो को नही टिकने देंगे ।राह चलते लोगो की जेब ही काट लिया करेंगे ये इते कमीने है।।,HOF,PRFN,1
hi_hasoc_2021_4490,खुद को शेर का बच्चा कहने वाला एक खिसियानी बिल्ली का नाम तक नहीं ले पा रहा  ..प्यार एकतरफा और जहर भी एकतरफा..ये hypocrisy मास्क के अंदर छुपेगा नहीं @asadowaisi @MamataOfficial  #BengalBurning  @rbjrishabh @AdityaShaluRaj1 @Shrutii_Nayan https://t.co/Gpur1dqjho,HOF,OFFN,1
hi_hasoc_2021_5732,गधे को घोड़ा बनाने से ज्यादा जताने पर लगे हैं और गधा भी खुद को घोड़ा समझने लगा है 😂😂🤣 https://t.co/UHg7IZu8rc,HOF,OFFN,1
hi_hasoc_2021_5200,अगर VRS ही देनी है तो पहले उस कुनीति आयोग वाले चुटिये @amitabhk87 को बोल कुर्सी झोड़ने के लिये .. देश बेचने को बहुत बैचैन है ये दलाल .. #VRSforMODI,HOF,PRFN,1
hi_hasoc_2021_5328,"ट्वीटर पर एक गधा है ,जो सही मे अंधभक्त बन गया है,, , बदतमीज की तरह किसीको भी ""जड़बुद्धि ""का विशेषण रूपी,, नाम देकर खामोखा ""खाला"" बनने की राहपर है,, ""फुफा ""(भाजपा)  के प्यार मे ...खाला,(गवार अंधभक्त)  दीवानी,,,,! बेचारे भाजपायी..! अंध भक्तो ने नैया पार होते होते डुबाई "",,ऐसा ना हो",HOF,HATE,1
hi_hasoc_2021_1194,केजरीवाल चड्डी गैंग का भड़वा है #JusticeForShahabuddin,HOF,OFFN,1
hi_hasoc_2021_3045,@MimrotReena देखते देखते आपका राहुल गांधी भी भाजपा में शामिल हो जाएगा और तुम लोग चाटुकारिता करते रह जाओगे धोबी का कुत्ता घर का न घाट का वही हाल होगा आपका,HOF,OFFN,1
hi_hasoc_2021_4527,"एम डी बोले -""क्लासिकल तबला"" रेडियो पर .. ""जाकिर हुसैन"" का तबला बजने लगा MD साहब खुश होकर कार लेकर घर की तरफ निकले। अचानक एक कार ने ओवरटेक करके सामने से क्रास किया... MD साहब के मुँह से निकला ""हरामी"" रेडियो बजा - ""नमस्कार दोस्तो मैं अरविन्द केजरीवाल बोल रहा हूँ......"" 😀😀😀😂😂😂",HOF,OFFN,1
hi_hasoc_2021_5741,केंद्र सरकार को कोरोना पर कोई कदम लेना चाइए वरना मोदी जी आप इस्तीफा दे दो  #Resign_PM_Modi #ModiResign #CovidIndia,HOF,HATE,1
hi_hasoc_2021_5427,@RuhiKha38782287 @Kanchan93333001 @AcharyaPramodk @varungandhi80 @Manekagandhibjp जाहिल कौन होते है पता है👉 1..वैक्सीन नही लगवाएंगे इसमे सुअर की चर्बी है 2..ये वैक्सीन नपुंसक बना देगी 3..ये वैक्सीन तब लगवाएंगे जब फतवा जारी होगा  ऐसे लोगो को कहते है ज़ाहिल और अब तुम इस बात से भी मुकर जाओगी मुझे पता है🤔,HOF,OFFN,1
hi_hasoc_2021_1637,बडे कमीने हो @RahulGandhi @INCIndia https://t.co/hsMQ7rKFST,HOF,OFFN,1
hi_hasoc_2021_131,@indianyuvak @hp_mode2 टू तो चुटिया है ... वो मै मेरी ही बता रहा था 😭😭😂😂,HOF,OFFN,1
hi_hasoc_2021_1082,@ReallySwara @futterwackening कुतिया. 🐶🐶🐶,HOF,PRFN,1
hi_hasoc_2021_5490,जिस तरह से आपने CAA के दंगों में दिल्ली में हिंदुओं का साथ दिया था l  बस आप से ही उम्मीद बाकी थी #tmcgoons का दिमाग ठिकाने लगाने को । बंगाल के हिन्दुओ के पानी हुए खून को खोलाने का। #CruelMamata #bangalviolence  #BengalBurning #Spinlessmodi  @AmitShah @MamataOfficial @myogioffice https://t.co/DSH5qkObo4,HOF,HATE,1
hi_hasoc_2021_4454,"@be_brahman @RamaShankar_IND इस चुटिया लड़ाई में मत पड़ो, ब्राह्मणों के पास बहुत महापुरुष है क्रांतिकारी है रोज के 2 मिल जाएंगे उन्होंने मुगलो फिर अंग्रेजो के चाटे उनको करने दो ट्विटर की वीरता",HOF,HATE,1
hi_hasoc_2021_5581,@yadavakhilesh जन विरोधी सपा थी सरकार के होते हुए कैसे अवैध हथियारों की नुमाइश होतीं थीं उत्तर प्रदेश की सड़कों पर कोई भी गुंडा बदमाश फिरौती माँगता नज़र आता था ।,HOF,OFFN,1
hi_hasoc_2021_4405,@ShaanIrfan05 यह लोग तो शुरु से ही ऐसे ही है सर और जो जुम्मन मियां दिनेश सैनी बता रहे हैं शेरनी और कुतिया में फर्क नहीं पता   एक नंबर का संधि है  जो वक्त आने पर मुसलमानों के पीठ पर खंजर भोंकते हैं  आपको तो पता ही है कांग्रेस के खूनी पंजा मुसलमानों के खून से रंगे हुए हैं @tahsin_faizi,HOF,OFFN,1
hi_hasoc_2021_5952,@Narwal_inc प्रियंका गांधी एक नासमझ नालायक महिला है यह विदेशी महिला बार डांसर की नाजायज/जायज ओलाद है जो कांग्रेस पार्टी की r n डि है,HOF,PRFN,1
hi_hasoc_2021_5808,"वो कौन सी नस्ल के कुत्ते होते हैं जो देश की बेरो़जगारी,बलात्कार मंहगाई पर चुप्पी साध लेते हैं और ""हिन्दू मुस्लिम"" पर भौंकते हैं । #ModiMustResign @TejYadav14 @akashyadvJP @manojkjhadu @deepakydw @BuxarRjd @khagaria_rjd @Munger_Rjd1 @MuzaffarpurRjd @patna_RJD",HOF,HATE,1
hi_hasoc_2021_5189,@idineshdesai @iAmritapandey_ एक गधा पूरी सरकार को निर्देशित कर रहा और सरकार मान रहीहै 😄😄😄,HOF,OFFN,1
hi_hasoc_2021_5191,@Nationalistt_IN अच्छा हुआ हरामी की फोर्ज,HOF,HATE,1
hi_hasoc_2021_2972,@Dr_Uditraj @INCUttarPradesh हरामजादे तेरी क्यों जली।ये तो बता कलुये हरामी,HOF,PRFN,1
hi_hasoc_2021_4398,ऐसे लोगों को मत बुलाया करिये  जो लोगों को मूर्ख बनाये इसका कोई प्रमाण नहीं कि हवन से ये होता है ओ होता  अमेरिका ने पेटेंट किया अमेरिका ने ये किया है ओ किया है #FarmersProtest #रोहित_सरदाना #RohitSardana #YogiJhootaHai #aajtak #ModiKaVaccineJumla https://t.co/OzlhgAyNQU,HOF,HATE,1
hi_hasoc_2021_1427,#ResignModi  इस्तीफ़ा दो और कटी नाक बचालों और देश वासियोसे माफी मांगर गुफा में चले जाओ ज़ोला उठाकर । जोला छाप MP 😅😅😅,HOF,OFFN,1
hi_hasoc_2021_3722,@anuraagmuskaan अबे दलाल तू फिर बोला।,HOF,OFFN,1
hi_hasoc_2021_5312,@drharshvardhan @PMOIndia ये पीन कोड वैजापूर औरंगाबाद महाराष्ट्र का हे पुणे से 150km दुरी पर जिस पुणे में सिरम vaccine बना राही हें सोचो जहाँ vaccine बन राही हें वही पर vaccine नहीं हें और ये मूर्ख @drharshvardhan को एक गीत की पडी हें । #Resign_PM_Modi  #VaccineShortage  #CentralVista https://t.co/E7N1ZaNIup,HOF,OFFN,1
hi_hasoc_2021_4293,"@pati_vicky @Saatvikgarg @jp06677 @AshwiniUpadhyay @ubirakesh किसी गधे का कोई लक्ष्य पूरा नहीं होने वाला, अपना टाइम मत खराब कर बेटा , कुछ पढ़ लिख ले, फिर बात करने में बड़ा मज़ा आएगा",HOF,OFFN,1
hi_hasoc_2021_4836,#ModiHataoDeshBachao #AndhBhakt #ModiResign #ExitModi #ModiKaVaccineJumla  मंगलयान से लेकर वैक्सीन और सर्जिकल स्ट्राइक तक का अकेले श्रेय लेने वाले नरेंद्र मोदी ऑक्सीजन और इंजेक्शन की कमी से हो रही मौतों के लिये अकेले ज़िम्मेदार हैं।  मोदी ही वो सिस्टम है जो फेल हुआ है।..... https://t.co/L4yTjiNFUV,HOF,OFFN,1
hi_hasoc_2021_4805,सिस्टम के सिलेबस में  विषय हिंदू-मुस्लिम था  लेकिन वार्षिक परीक्षा में  प्रश्न कोरोना के बारे में आ गए  वह खुद कभी भी कठिन सवालों को हल नहीं करता है  मोदी से कुछ नहीं होगा   #ModiKaVaccineJumla,HOF,HATE,1
hi_hasoc_2021_3791,"देख लीजिए मोदी जी एक बेजुबान जानवर भी जानता है की पेड़ पौधे हमारे पर्यावरण के लिए कितना जरूरी है,एक कुत्ता भी नहीं चाहता कि पेड़ कटे लेकिन शायद आप नहीं समझ सकते। @narendramodi @PMOIndia #बकस्वाहा_जंगल_बचाओ_अभियान https://t.co/5axXCbqfuG",HOF,OFFN,1
hi_hasoc_2021_4888,दिल्ली के ठग का एक और।#घोटाला पहले आक्सीजन घोटाला फिर वैक्सीन घोटाला और अब।#राशन घोटाला लोगों को राशन के पैकेट दिए फोटो खिंचाई और वापस ले लिए वीडियो मैं देखें इस कमीने के कारनामे जय हिंद 🙄🙄 https://t.co/iQXVFykTzu,HOF,OFFN,1
hi_hasoc_2021_4472,"उतर क्यो नही जाते, कुर्सी ही तो है, ज/नाजा थोड़े ही है तुम्हारा।।  #ResignModi",HOF,OFFN,1
hi_hasoc_2021_4417,इस शख्स को गौर से देखना जिसने हिन्दुओं के लिए क्या कुछ नही किया लेकिन अपना ज़मीर बेंचकर इन लालची हिन्दुओं जो गलती की है उसका परिणाम सामने है #BengalBurning @mla_avinash @tiwarikp10 @PanditAmar1012 @PanditAmar1012 @kamalpandey9090 https://t.co/C50eKEOQzW https://t.co/4SIRRY84zi,HOF,HATE,1
hi_hasoc_2021_4153,@JAGDAMBAYADAV96 @Animeshbihar @RJDforIndia @NitishKumar अरे 65.. तुम्हारी छोटकी उंगली कर करके चिल्ला रही.. बोल जाकर जीजाजी आ गए.. मत कर उँगली  और तुम गधा अभी तक यही है.. जाओ कडुआ तेल लेके आओ https://t.co/rUOBKsM45L,HOF,OFFN,1
hi_hasoc_2021_5649,बंगाल में इस आतंकवादि को जेल में होना चाहिए था लेकिन इसे मुख्यमंत्री बना दिया गया  #BengalBurning https://t.co/0W6o6A2nb5,HOF,OFFN,1
hi_hasoc_2021_3313,"@Dr_Uditraj @INCUttarPradesh अगर तुझसे तुलना की जाए तो फ़ायदा ही माना जाएगा ,अब तेरी तरह सुअर का गोबर तो है नहीं हर कोई ,ना लीपने लायक़ ना जलाने लायक़ ।",HOF,OFFN,1
hi_hasoc_2021_546,"@VINEET_KAKA हिन्दू कई प्रकार के हैं । संसार में  लोहे की भांति दृढ धर्म केवल हिन्दू  है। इस धर्म के सामने सभी विदेशी धर्म केवल अशिक्षित, असभ्य, फूहड़ और मूर्खता की बातों को बढाचढा कर करके और भी मूर्ख दिखाई देते हैं । सत्यऔर विद्या से ओतप्रोत वेदों से  कई मत निकले, पर  सब हिन्दू  है एक हैं ।",HOF,HATE,1
hi_hasoc_2021_5489,"लड़ना तो अर्जुन को ही होगा कान्हा इस बार भी हथियार नहीं उठाएगा  हाँ तूं अगर लड़ने के लिए तैयार होगा आके तेरा रथ जरूर चलाएगा  १०० करोड़ हो, १-१ पत्थर मारोगे तो हिमालय बन जायेगा  सड़क पे मिलके निकलोगे सता छोड़ डायन भाग जायेगी #BengalBurning #CruelMamata #राष्ट्रपति_जी_बंगाल_संभालो",HOF,OFFN,1
hi_hasoc_2021_6048,"जो हिंदू धार्मिक-आध्यात्मिकगुरू, शंकराचार्य-धर्माचार्य हिंदुओं के ऊपर अत्याचारों पर चुप है वो धर्मद्रोही गद्दार है। ये ढोंगी जब धर्मरक्षा के लिए आगे नही बढ़ सकते तो चेलों की रक्षा क्या करेंगे? #BengalBurning @AvdheshanandG @SriSri  @Purishankarach1 @yogrishiramdev  @AcharyaSabha",HOF,HATE,1
hi_hasoc_2021_4466,"#MamataBanarjee, कांग्रेस और लेफ्ट की यारी है ये मानवता की हत्यारी हैं'  #Bengal में चुनाव परिणाम आने के बाद @AITCofficial के कार्यकर्ताओं द्वारा भाजपा कार्यकर्ताओं की हत्या और हिंसा के विरोध में प्रदेश भाजपा कार्यालय में धरना एवं विरोध प्रदर्शन हुआ। #BengalBurning https://t.co/5rL5RngdpQ",HOF,HATE,1
hi_hasoc_2021_5253,@KiranSi27813888 गधा को गंगा में नहले से घोड़े नहीं बंता,HOF,OFFN,1
hi_hasoc_2021_5562,"@Chhotuk83691310 @bipul_rathore94 @PRATAPSINGH5158 दो मिनट का मौन उनके लिए भी जिनको बंगाल में चुनावी रैली दिखी ,  कोरोना दिखा किन्तु अब हिंसा , लूट अग्निकांड और महिलाओं को लुटती इज़्ज़त नहीं दिख रहीं 😡😡  #PresidentsRuleinBengal  #BengalBurning  #BengalViolence  #KhooniKhela  #WestBengalViolence",HOF,HATE,1
hi_hasoc_2021_4882,ख़ुद से मायूस हो के बैठा हूँ  आज हर शख़्स मर गया होगा   शाम तेरे दयार में आख़िर  कोई तो अपने घर गया होगा  Aapko bengal nhi dikhta to  2024 me BJP bhi nhi dikhegi.   Just telling.  #spinelessmodi  #BengalBurning https://t.co/sQI61Yi8gL,HOF,HATE,1
hi_hasoc_2021_5727,#राष्ट्रपति_जी_बंगाल_संभालो म्हारा राष्ट्रपति मनमोहन से कम है का।  भला एक भी शब्द बोल दे बिना @narendramodi के परमिशन के। @rashtrapatibhvn  #BengalBurning  #CruelMamata  #PresidentsRuleinBengal https://t.co/nYmpOrTPOI,HOF,OFFN,1
hi_hasoc_2021_5062,"ममता को चोट लगी.. ब्रेकिंग न्यूज़ बन गई ।   बंगाल में हिन्दुओं पर हो रहा अत्याचार,  मारकाट लूटपाट मची हुई है बलात्कार हो रहे है। पर यह न्यूज़ कब बनेगी ??? #CruelMamata #BengalBurning @PMOIndia  @narendramodi  @AmitShah",HOF,HATE,1
hi_hasoc_2021_5342,@007QaQa कौवा सावन में नाच जाए तो मोर नही होता हर दाढ़ी बढ़ाने वाला रविंद्र नाथ टैगोर नही होता!#ResignModi,HOF,HATE,1
hi_hasoc_2021_1157,@NHSaifi1 उस दुष्ट काना को  जूत्तों के माला.पहना देना चाहिए।,HOF,OFFN,1
hi_hasoc_2021_5160,@myogiadityanath हमारे ग्राम पंचायत सिधांव जिला फतेहपुर उ. प्र.में तलाबो के ये हाल है कि एक बुद पानी नहीं है जानवर और जनता दोनों परेशान है राधा कृष्ण मन्दिर के पास बाबा कुटी है बगल में तलाब है ये न. है 00103 खाता न. 129क है अभी तक कोई सुनवाई नहीं सरकार मौन जनता परेशान https://t.co/ywLNssEQzZ,HOF,OFFN,1
hi_hasoc_2021_4540,"@nkrai17 @sk_traza98 पूरे देश मे चिताएं जल रही है एक साल से तेरा बॉप विदेश में मुजरा कर रहा था क्या या ट्रम्प की बेटी को ताड रहा था #ModiResign  #ModiKaVaccineJumla अनगिनत हत्याओं के जुर्म में  #आजीवनजेल_जाएगा_तो_मोदी_ही  #आजीवनजेल_जाएगा_तो_मोदी_ही  यकीनन यदि परिजनों में बुजदिली, कायरता न हो",HOF,OFFN,1
hi_hasoc_2021_5055,अच्छा भई @JitinPrasada बताओ यार अब @myogiadityanath के द्वारा ब्राह्मणों पर किये जा रहे अत्याचारों पर हल्ला करोगे या दुबके रहोगे कहीं कोने में सिंधिया जैसा।😂 #दोगला,HOF,OFFN,1
hi_hasoc_2021_5606,@Sandeep56117441 💥न्यायालय क्यों दोगला व्यवहार करता है सन्तों के साथ❓ 🔥आंतकियों को क्यों मिल रही है बेल❓ 💥Sant Shri Asharamji Bapu की उम्र 85 वर्ष है फिर भी उन्हें Ayurveda इलाज के लिए भी बेल नही दी जा रही है क्यों❓ 🔥जन जन की न्यायालय से यही पुकार है की #बापूजी_को_आयुर्वेदिक_चिकित्सा_मिले https://t.co/kvynRHjVX7,HOF,HATE,1
hi_hasoc_2021_4371,@go4avinash यह वामपंथी   लोगों का चुटिया बना रे  साले हरामखोर,HOF,PRFN,1
hi_hasoc_2021_5804,Jehadis are murdering Hindus under the protection of Mamata Banerjee...#राष्ट्रपति_जी_बंगाल_संभालो #BengalBurning #BengalViolence,HOF,HATE,1
hi_hasoc_2021_2595,"ये बंगाल की CM ममता बनर्जी नही है,ये Terror की आका डायन है👹जो बंगाल मे TMC पार्टी के आतंकवादी जिहादीयोंसे बलात्कार,खुन,खराबा बंमबारी कराती है  #TMCTerror #TMCGoons #BengalBurning #BengalViolence #MamtaisTerrorist #ArrestMamta #ShameOnDiaonMamta #ShameOnTerroristMamtaBanerjee https://t.co/dBuhjKopQk",HOF,OFFN,1
hi_hasoc_2021_1768,@TweetsOfNaseer @NishaNAnsari1 @007QaQa @TweetsOfIram @Tanveerahmadmts @Saba11556789 @MdUmar__ @TweetLarkaa @ZafarTahavi @Sayba_Naaz @Salman_Mohd_ @kashaf011 ये कुंडा का ज़िआउल हक़  को मरवा दिया  कुत्ता रघुराज प्रताप सिंह  हरामी ने 😭,HOF,OFFN,1
hi_hasoc_2021_5238,@iSengarAjayy घोड़ों को ना मिल रही घांस.. गधा खा रहा च्यवनप्राश ! 😤,HOF,OFFN,1
hi_hasoc_2021_4650,"माननीय प्रधानमंत्री, गृहमंत्री, बीजेपी मंत्रीयो,303 सांसद, विधायक ओर प्रिय अंधभक्तो अब उठ जाइए । आपके ऑनलाइन धरने से डर कर टीएमसी के गुंडे ये ब्रह्मांड छोड़ कर भाग गए हैं। #BengalBurning #Bengalisburning #BengalViolence #tejasvisurya #Modi #ModiMustResign #AssemblyElections2021",HOF,HATE,1
hi_hasoc_2021_5669,"#ModiKaVaccineJumla कभी सुना था किसी काकी से के 35 हजार करोड़ रखी है बटवे में के बच्चो को लगवाऊंगी वैक्सीन, अब कह रही है को खरीदो, बुड़बक हम पोलियो का नही खरीदे,खसरे का नही खरीदे तो ये जुकाम का क्यों खरीदेंगे,अब तुम अपना बटवा खोलो और हमको वैक्सीन दाई दो और नही तो निक्कल लो",HOF,PRFN,1
hi_hasoc_2021_5511,@ndtvindia ONCE IN A CENTURY  @narendramodi जैसा मनहुस पैदा होता है @PMOIndia  #मनहुस_मोदी का साया देश से हट जाएगा आर्मी सारा काम संभाल रही है दवाई ऑक्सीजन आदि भी तेरे राजनीति से मुक्त हो जायेगी सभी के अपने अकालमृत्यु मर रहे है  #ResignModi मानवता केलिऐ #Resign_PM_Modi देशभक्त हो तो,HOF,OFFN,1
hi_hasoc_2021_5625,"शहाबुद्दीन साहब को कोरोना नहीं था,तो अचानक मौत कैसे हुई ? उन्हें AIIMS की जगह DDU में क्यों एडमिट किया गया? जब कोरोना रिपोर्ट नेगेटिव है तो शरीर सीवान क्यों नही ले जाने दिया ? न्यायिक जांच की मांग करते हैं,  #GaddarRJD #JusticeForShahabuddin",HOF,HATE,1
hi_hasoc_2021_4366,Same to same...! No difference. #ममता_खूनी_है #BengalBurning #BengalViolence #ShameOnMamata #PresidentRuleInBengal https://t.co/Wfwrq24s8x,HOF,OFFN,1
hi_hasoc_2021_4392,शायद अब बीजेपी वालों को समझ आया होगा कि मॉब लिंचिंग क्या होती है । शायद अब समझ आया होगा कि किसी की प्रॉपर्टी सीज होने पे उससे कैसा लगता है। बेगुनाह को सजा मिलती है तो उसपे क्या बितती है। #BengalBurning  #ModiHataoDeshBachao  #ResignModi  #MamtaBanerjee  #BengalElection2021,HOF,HATE,1
hi_hasoc_2021_4657,@beingarun28 @Abhishekm2rewa योग दिवस आते ही कई भाजपा नेता और योग गुरु ग्रीन फंगस लोगो से मनुहार करने लग जाते हैं कि प्लीज आप भी योग कीजिये न योग का हिन्दू धर्म से कोई लेना देना नही जबकि बोलना तो ये चाहिए कि हां योग का सम्बंध है हिन्दू धर्म से  करना है तो करो वरना भाड़ में जाओ मेरी बला से,HOF,HATE,1
hi_hasoc_2021_4539,#Resign_PM_Modi  #ResignModi  #evm_हटाओ_लोकतंत्र_बचाओ  #evmचोरभाजपा  #KhelaHobe  #BjpDestroyedIndia,HOF,HATE,1
hi_hasoc_2021_4586,@AcharyaPramodk @yadavakhilesh अरे वाह जय हो बिना पैंदी दोगला महराज तूने तो आचार्य शब्द का अपमान ही कर दिया।,HOF,OFFN,1
hi_hasoc_2021_5675,"चेतन अहिम्सा की गलती नहीं है जो ब्राह्मणों को आतंकवादी बोलकर गाली दे रहा है वह पेरियार का नाजायज औलाद है, बाप की लाज बचा रहा है... 😀",HOF,OFFN,1
hi_hasoc_2021_5423,"कनाडा में एक मुस्लिम परिवार के 4 फ़र्द को रौंदकर क़त्ल करने वाला आतंकवादी यहूदी है। यक़ीन जानिये अगर ये क़त्ल करने वाला मुस्लिम होता और मक़तूल फ़ैमिली ग़ैर-मुस्लिम होती तो दुनिया की इस्लामोफोबिक मीडिया अबतक ""इस्लामिक आतंकवाद"" का रंडी-रोना रो रही होती।  #सड़ा_हुआ_समाज",HOF,HATE,1
hi_hasoc_2021_4784,सरकार ऑक्सीजन की कमी दिखाने वाले पत्रकारों को नोटिस दे रही है। ऑक्सीजन देने वाले पर मुकदमा कर रही है।  सरकार तानाशाही पर उतारू है।  #YogiJhootaHai  #Resign_PM_Modi  #BengalBurning https://t.co/5PBt3LTBfu,HOF,HATE,1
hi_hasoc_2021_5963,"@AnupamPKher भक्तों की पहली पहचान, ज़रुरत पड़ने पर साथ नहीं खड़े होते ...तुमने कंगना के सपोर्ट में ट्वीट तक नहीं किया ! अंधभक्तो पर भरोसा नहीं किया जा सकता , यह किसी के सगे नहीं!  #KanganaRanaut #ModiMustResign #ResignModi #ModiResign  #ModiGovtSeNaHoPayega #ModiMadeDisaster #farmersprotest",HOF,HATE,1
hi_hasoc_2021_4518,@TejYadav14 तुमलोग कितना घटिया इंसान हो यार जब तुम्हारी सबसे ज्यादा जरूरत थी तब तुम लोग कहा थे बिल में छिपे पड़े थे  #rjd को एक पहचान देने वाले हमारे साहब ही है और उन्ही के मौत के साथ तुमलोग राजनितिक कर दिए तुमलोग किसी का नही होगे जो #Sahabuddin_sahab केनही वोहमारा नही #JusticeForShahabuddin https://t.co/grJC2hvUtz,HOF,HATE,1
hi_hasoc_2021_2638,पत्रकार कम दलाल ज्यादा लगते हो  @caopmishra https://t.co/Sti6V9N5Zy,HOF,OFFN,1
hi_hasoc_2021_1174,"@SureshChavhanke @narendramodi @AmitShah @RSSorg @VHPDigital @PTI_News @ANI अबे गैंडे, आगरा में पारस अस्पताल के मालिक ने 22 हिंदुओं की हत्या कर दी है. उसपर कुछ बोलेगा? जेहादियों की नाजायज औलाद. https://t.co/tiqI3ZjC5K",HOF,OFFN,1
hi_hasoc_2021_5264,बिहार के लोगों इन झूठे मक्कार राजनेताओं का चहरा हमेशा याद रखना जब तुम्हारे सामने ये मक्कार वोटों की भीख मांगने आएं तो इन मक्कारों से पूछना कि जिस समय #OsamaShahab अपने बाप के जनाजे के लिए दर-दर की ठोकरें खा रहा था उस समय तुम्हारी ये क़ौम से हमदर्दी कहां थी? #JusticeForShahabuddin https://t.co/YAbnjSemTQ,HOF,HATE,1
hi_hasoc_2021_5550,"#सत_भक्ति_सन्देश कबीर वेश अतीत का, अधिक करै अपराध बाहिर दीशै साधु गति, अंतर बड़ा असाध। अर्थ :  कबीर कहते है की उसका वेश भूसा सन्यासी जैसा है किन्तु वह बड़ा अपराधी है। बाहर से वह साधु जैसा करता है परन्तु अंदर से वह अत्यंत दुष्ट है। ऐसे वेश धारी साधुओं से सावधान रहना चाहिये https://t.co/5zrvDJgEfQ",HOF,HATE,1
hi_hasoc_2021_4607,पश्चिमी उत्तर प्रदेश में बीजेपी का सूपड़ा साफ़ होगा।Farmers are hitting where it hurts the most. #ResignModi  #कृषि_कानून_रद्द_करने_पड़ेंगे https://t.co/o1LLV0mkL6,HOF,HATE,1
hi_hasoc_2021_1317,@newscientist इन bc को चैन नही है पहले #chinesevirus अब ये। #CKMKB,HOF,PRFN,1
hi_hasoc_2021_5786,"विरोधी दल समझार है वो जनता है कि हम बिहार  @yadavtejashwi   की तरह जीत कर भी हार जायेगे इस लिए चुप चाप घर मे बैठो जनता खुद फैसला करेगी , मगर उन्हें @MamataOfficial  से सीखना चाहिए जीतना है तो जमीन पर रहो #twiterindia पर नही",HOF,OFFN,1
hi_hasoc_2021_4682,"जो कश्मीरी पंडितों के साथ हुआ, वो ही बंगाल के हिंदुओं के साथ हो रहा है..तब की सरकार भी मौन थी और अब की सरकार भी..फ़िर दोनों में क्या अंतर ?? #BengalBurning https://t.co/rFFrdyEwCi",HOF,HATE,1
hi_hasoc_2021_4265,"@ndtv ये ""false sense of confidence"" युवाओं में फैलाया किसने?आप जैसे चैनलों,लिब्रल्स वामपंथी बुद्धिजीवी और पार्टी के लोगों ने जिन्होंने इस #ChineseVirus से बचने के लिए बताई गई हर गाइडलाइंस व उपाय,मास्क से लेकर वैक्सीन तक का मजाक उड़ाया, लोगों को भ्रमित किया।खुद पर पड़ी तो समझ में आया।",HOF,HATE,1
hi_hasoc_2021_4704,☯️ मोदी जी ➡️ सोंगंद मुझे इस मिट्टी की मै देश नहीं मिटने दूंगा मै देश नहीं झुकने दूंगा !!   और हमने भैंचोद ये बात सीरियस लेली!!!!  ले कोरॉना➡️ सालो अब भुगतो 👹 #ModiMustResign #ModiKaVaccineJumla,HOF,PRFN,1
hi_hasoc_2021_3335,"@SirRaowlGandhi ये गाय का गोबर तो हो ही नहीं सकता , गोबर तो ये है पर सुअर का ,ना लीपने लायक़ ना जलाने लायक़",HOF,OFFN,1
hi_hasoc_2021_577,"ये बंगाल की CM ममता बनर्जी नही है,ये Terror की आका डायन है👹जो बंगाल मे TMC पार्टी के आतंकवादी जिहादीयोंसे बलात्कार,खुन,खराबा बंमबारी कराती है  #TMCTerror #TMCGoons #BengalBurning #BengalViolence #MamtaisTerrorist #ArrestMamta #ShameOnDiaonMamta #ShameOnTerroristMamtaBanerjee https://t.co/JMMmjHVSp7",HOF,OFFN,1
hi_hasoc_2021_5061,"गैंग ऑफ वासेपुर की याद आ रही है| ""मरहूम शहाबुद्दीन साहब का बेटा उसामा साहब"" अगर फैजल बनकर सिवान में उभरा तो रामाधीर यादव की सियासत ज्यादा नहीं चलेगी| ✊ #Islamophobia_in_india  #JusticeForShahabuddin",HOF,HATE,1
hi_hasoc_2021_4944,"कनाडा में एक मुस्लिम परिवार के 4 फ़र्द को रौंदकर क़त्ल करने वाला आतंकवादी यहूदी है। यक़ीन जानिये अगर ये क़त्ल करने वाला मुस्लिम होता और मक़तूल फ़ैमिली ग़ैर-मुस्लिम होती तो दुनिया की इस्लामोफोबिक मीडिया अबतक ""इस्लामिक आतंकवाद"" का रंडी-रोना रो रही होती🤬 #IslamophobiaIsTerrorism",HOF,HATE,1
hi_hasoc_2021_4714,"@ABPNews इसमें विवादित क्या है ? ताड़का बेहतर थी, जेहाद नहीं किया था उसने । उस औरत ने तो हिंदुओं के ख़िलाफ़ जेहाद कर रखा है , #BengalBurning #SaveBengaliHindus @Calcutta_Times @aajtak @BBCHindi @ndtv",HOF,HATE,1
hi_hasoc_2021_4829,@Republic_Bharat इन कमीने विदेशी सोशल मीडिया इंस्टाग्राम का जबरदस्त विरोध करो और हो सके तो इसका उपयोग करना ही बन्द करो।,HOF,PRFN,1
hi_hasoc_2021_1274,"कनाडा में एक मुस्लिम परिवार के 4 फ़र्द को रौंदकर क़त्ल करने वाला आतंकवादी यहूदी है। यक़ीन जानिये अगर ये क़त्ल करने वाला मुस्लिम होता और मक़तूल फ़ैमिली ग़ैर-मुस्लिम होती तो दुनिया की इस्लामोफोबिक मीडिया अबतक ""इस्लामिक आतंकवाद"" का रंडी-रोना रो रही होती। #IslamophobiaIsTerrorism",HOF,HATE,1
hi_hasoc_2021_3948,@Drnadeem07 @nadeem_need @MdUmar__ भोसडीके गंदी नाली के किडे इतने गालीयां खाकर भी कमेंट करना नही छोड़ रहा तुझे औकात दिखाने के लिए जानबूझकर गलत शब्दों का प्रयोग कर रहा हूँ और तू बराबर कमेंट पर कमेंट करता जा रहा है कुत्ता जब मुँह मे हड्डी पकडता है उसके गांड डंडा मारे तक हड्डी खाना नही छोड़ना तू वैसा ही लग रहा है,HOF,PRFN,1
hi_hasoc_2021_339,@AcharyaPramodk @MamataOfficial जैसे राजीव गांधी नें 1984 में सिख नरसंहार किया था  वैसे ही आज मोमता हिन्दू नरसंहार कर रही है  तुम कांग्रेसी हमेशा से यही करते आये हो  😥  #BengalViolence #BengalBurning,HOF,HATE,1
hi_hasoc_2021_4065,@RAJESHKRATHORE @NayakRagini अंडभक्तो की नाजायज़ औलाद से ऐसी ही कामना करतें है क्योंकि कमलगट्टो चड्डो अंडभक्तो को सिर्फ ओर सिर्फ फैंकू दिखता है चाटो हरामखोर,HOF,OFFN,1
hi_hasoc_2021_4961,जिस कौम के पुरुष नपुंसक हो जाते हैं उसका परिणाम उस कौम की औरते भुगतती है। #बंगाल #JusticeForSaraswatiJana #BengalViolence  #BengalBurning,HOF,HATE,1
hi_hasoc_2021_5194,"कनाडा में एक मुस्लिम परिवार के 4 फ़र्द को रौंदकर क़त्ल करने वाला आतंकवादी यहूदी है। यक़ीन जानिये अगर ये क़त्ल करने वाला मुस्लिम होता और मक़तूल फ़ैमिली ग़ैर-मुस्लिम होती तो दुनिया की इस्लामोफोबिक मीडिया अबतक ""इस्लामिक आतंकवाद"" का रंडी-रोना रो रही होती। #Islamophobia",HOF,HATE,1
hi_hasoc_2021_5251,"@Vijayimprk @Media001Real @kiran_patniak @RakeshTikaitBKU सत्य मेव जयते, यानी की सत्य की विजय होती है। जिसने भी ये कहा होगा अव्वल दर्ज़े का हरामी होगा। आइये मैं बताता हूँ आपको शास्वत सत्य। ""जो विजयी होता ही वही सत्य होता है"" अल्पसंख्यक (सावर्ण) इस बात को बखूबी जानते हैं मगर बहुसंख्यक को उल्टी पाठ पढ़ते हैं और जाहिल बहुसंख्यक पढ़ते हैं।",HOF,OFFN,1
hi_hasoc_2021_4943,इज्जत इजदारो की होती है भिखारी की नहीं  #ResignModi #Andbhakt https://t.co/85GUfDtGM7,HOF,HATE,1
hi_hasoc_2021_5615,"@Aditi55311392 दो मिनट का मौन उनके लिए भी जिनको बंगाल में चुनावी रैली दिखी ,  कोरोना दिखा किन्तु अब हिंसा , लूट अग्निकांड और महिलाओं को लुटती इज़्ज़त नहीं दिख रहीं 😡😡  #PresidentsRuleinBengal  #BengalBurning  #BengalViolence  #KhooniKhela  #WestBengalViolence",HOF,HATE,1
hi_hasoc_2021_5395,"क्या क्या नहीं फेंकता है ये फेंकू कभी कालाधन लाएंगे , कभी सुपर पावर बनाएंगे, कभी चप्पल वाले हवाई जहाज से उड़ेंगे, सारे के सारे झूठे और बेबूनियादी नारे मगर शर्म आती नहीं। #ResignModi",HOF,OFFN,1
hi_hasoc_2021_4814,@ActivistVed जो अपने सबसे वफादार नेता का नहीं हुआ वो कुर्सी लगाने वाले चमचों का खाक होगा #JusticeForShahabuddin,HOF,HATE,1
hi_hasoc_2021_5558,@TeamSaath @DasnaMandir_ @TwitterSpaces @Twitter @NarsinghUvach कांग्रेसी कुत्तो को  अपने बापो के खिलाफ सुन्ना पसन्द नही है।  विदेशी कुतिया के गुलाम बन चुके है ये हरामजादे,HOF,PRFN,1
hi_hasoc_2021_4565,"@sk_traza98 #ModiResign  #ModiKaVaccineJumla अनगिनत हत्याओं के जुर्म में #आजीवनजेल_जाएगा_तो_मोदी_ही  #आजीवनजेल_जाएगा_तो_मोदी_ही  #आजीवनजेल_जाएगा_तो_मोदी_ही  #आजीवनजेल_जाएगा_तो_मोदी_ही  #आजीवनजेल_जाएगा_तो_मोदी_ही  #आजीवनजेल_जाएगा_तो_मोदी_ही  यकीनन यदि परिजनों में बुजदिली, कायरता न हो",HOF,OFFN,1
hi_hasoc_2021_4934,"Thanks God;सऊदी से आए टैंकर सही सलामत सऊदी पहुँच गए,नही तो ""Mr बेचू"" उसका भी सौदा कर देता #OxygenShortage #OxygenBeds #ModiKaVaccineJumla #ModiOxygenDo #ModiHataoDeshBachao #ModiSarkarHiSystemHai",HOF,OFFN,1
hi_hasoc_2021_4946,"#SpinelessBJP #KanganaVsTwitter #BengalBurning   पता नहीं  कोन सा नशा करती है, नई नई जिस्मो का माज़ा करती है https://t.co/NjbSqnZMjk",HOF,OFFN,1
hi_hasoc_2021_5436,"तूम भाजपा की राखी सावंत से बढ़कर कुछ नही हो, उत्त 😡 #ModiKaVaccineJumla #ModiResignOrRepeal https://t.co/oKRkqXa5YN",HOF,OFFN,1
hi_hasoc_2021_1868,"ये बंगाल की CM ममता बनर्जी नही है,ये Terror की आका डायन है👹जो बंगाल मे TMC पार्टी के आतंकवादी जिहादीयोंसे बलात्कार,खुन,खराबा बंमबारी कराती है  #TMCTerror #TMCGoons #BengalBurning #BengalViolence #MamtaisTerrorist #ArrestMamta #ShameOnDiaonMamta #ShameOnTerroristMamtaBanerjee https://t.co/oBuvsqjmbz",HOF,OFFN,1
hi_hasoc_2021_3891,एक (थी) है डायन! #BengalBurning #PresidentRuleInBengal,HOF,OFFN,1
hi_hasoc_2021_5293,@ANI ONCE IN A CENTURY @narendramodi @PMOIndia  मनहुस मोदी का साया मेरे देश के ऊपर से हट जाए  आर्मी सारा काम संभाल रही है दवाई ऑक्सीजन आदि भी तेरे राजनीति से मुक्त हो जायेगी सभी के अपने अकालमृत्यु मर रहे है  #ResignModi मानवता केलिऐ #Resign_PM_Modi देशभक्त हो तो,HOF,OFFN,1
hi_hasoc_2021_5802,@brajeshlive यार कैसे मूर्ख आदमी हो तुम इस तरह का ट्वीट करने से पहले क्या साक्ष्य है तुम्हारे पास क्या सबूत है जो उन्हें ट्रक में कीड़े मकोड़ों की तरह फेंक दिया गया बकायदा एंबुलेंस से उन्हें अस्पताल पहुंचाया गया है और उनका इलाज भी हुआ है जो बच गए थे ना कि तुम्हारे ट्वीट की तरह,HOF,OFFN,1
hi_hasoc_2021_4822,"@yadavtejashwi भीख मांगने गए थे क्या? पूरा दिल्ली जाम हो जाता उनके बॉडी के लिए,सही से कोशिश ही नहीं कि गई, #JusticeForShahabuddin https://t.co/8KGOJmg1vl",HOF,HATE,1
hi_hasoc_2021_6064,वो वामपंथी पत्रकार कहां हैं? जो कोरोना से हुई मौत की जलती चिताओं का लाइव प्रसारण करने के लिए शमशान को ही अपना घर बना लिए थे वो अपना कैमरा बंगाल ले जाकर हिंदुओं के जलते घर क्यों नही दिखा रहे हैं? TMC के गुंडों से डर लगता है या ममता ने मुँह में हड्डी ठूंस दिया है? #BengalBurning,HOF,HATE,1
hi_hasoc_2021_5283,@RiteshS71225369 🤨🤔😜ये तो कुतीया लग रही है 🤪,HOF,PRFN,1
hi_hasoc_2021_2616,"गैंगरेप भी जायज है इस देश मे बस पीड़िता बीजेपी की मेंबर होनी चाहिये, शर्मनाक सेकुलर बुद्धिजीवी गैंगरेप पर चरस पीकर सोये है!! #BengalBurning",HOF,HATE,1
hi_hasoc_2021_5714,"@AkhtarH18713098 @DChaurasia2312 अम्मी से पूछा नाद किसने खोला था? साले कनवर्टेड गन्दु टाइप के हरामी हिन्दू ही थे तुम्हारे बाप दादा, अंडरवियर क्या टट्टी तक साफ करी तुम लोगो ने मुघलो की😄😄😄",HOF,PRFN,1
hi_hasoc_2021_2432,@Bina_Singh2 @AjitKanasagra @DelhiPolice इस कुत्ते की ऐसी ठुकाई होनी चाहिए कि यह साला सूअर का पिल्ला दोबारा ऐसी गलती मत करें,HOF,OFFN,1
hi_hasoc_2021_1584,"@kunalkamra88 Bsdk, He was addressing the whole nation and you are calling every indian a bitch? This also includes you कुतिया के बच्चे I",HOF,PRFN,1
hi_hasoc_2021_5957,@anamikaa_143 देखना महाराज की तरह यह भी बीजेपी का कुत्ता बनकर रह जाएगा,HOF,OFFN,1
hi_hasoc_2021_5817,जनता मरे तो मरे पर केजरीवाल बदनाम होना चाहिए कुछ तो शर्म करो मोदी सरकार  #ResignPMmodi https://t.co/yNn1Yj0xqi,HOF,HATE,1
hi_hasoc_2021_2659,"ये बंगाल की CM ममता बनर्जी नही है,ये Terror की आका डायन है👹जो बंगाल मे TMC पार्टी के आतंकवादी जिहादीयोंसे बलात्कार,खुन,खराबा बंमबारी कराती है  #TMCTerror #TMCGoons #BengalBurning #BengalViolence #MamtaisTerrorist #ArrestMamta #ShameOnDiaonMamta #ShameOnTerroristMamtaBanerjee https://t.co/c0rsC82khH",HOF,OFFN,1
hi_hasoc_2021_5623,"तुम्हारा जुल्म काफी है हमें बेदार करने को, जो लोहा चोट खाता है वही तलवार बनता है। #एक_बनो_नेक_बनो  #JusticeForShahabuddin #",HOF,OFFN,1
hi_hasoc_2021_5266,"@sny_super शहाबुद्दीन की जगह लालू यादव के साथ ये घटना"" हुई होती तो ससम्मान अंतिम संस्कार के लिए मुसलमान हॉस्पिटल में छलांग लगा दिए होते एक बच्चा (ओसामा) अपने पिता का ससम्मान अंतिम संस्कार के लिए कोर्ट से हॉस्पिटल तक दर दर भटक रहा… और लालू परिवार तमाशा देख रहा 🤐 #JusticeForShahabuddin",HOF,HATE,1
hi_hasoc_2021_5128,बिहार के मुसलमानों  #Sahabuddin के साथ-साथ आरजेडी की राजनीति को भी दफन कर देना #Sahab को अल्लाह ताला जन्नत नसीब फरमाए 😥😥 #Justiceforshahabuddin #Justiceforshahabuddin https://t.co/IpFh8UGVgP https://t.co/lRxkr91zu5,HOF,HATE,1
hi_hasoc_2021_1008,"डियर मीडिया अगर आप समझते हो कि झूठी रिपोर्ट दिखाकर, झूठी खबरें दिखाकर, सच्चाई छुपाकर आप देश को भ्रमित कर सकते हैं तो आप बेवकूफ़ हो सच्चाई यही है कि मोदी एक निकम्मा प्रधानमंत्री है #Resign_PM_Modi #मोदी_इस्तीफा_दो",HOF,OFFN,1
hi_hasoc_2021_5274,लोग मर रहे हैं साहब क्या इस वक़्त भी महल ज़्यादा ज़रूरी है…? #69000_अगली_सूची_दो_सरकार #ResignModi #ModiHataoDeshBachao #ModiMadeDisaster #ModiResign @BramhRakshas @NiranjanTripa16 @AcharyaPramodk @abhisar_sharma @kunalkamra88 #Congress @brajeshlive @PragyaLive @ravishndtv htt,HOF,OFFN,1
hi_hasoc_2021_4311,"@BJP4India @narendramodi अब तो, अपने चुनावी भाषण में श्मशान की बात करने वाले से कहकर, वोही बनवा दो कम से कम   लाशों की यू लाईन तो ना लगेगी😡  #पीएम_पनौती #ModiFailsIndia #श्मशान_मंत्री_मोदी #MautKaSaudagar #ModiFuelScam #FarmersProtests #ModiResign #Resign_PM_Modi  #Covid #बंदर_के_हाथ_उस्तरा",HOF,OFFN,1
hi_hasoc_2021_4229,"ये बंगाल की CM ममता बनर्जी नही है,ये Terror की आका डायन है👹जो बंगाल मे TMC पार्टी के आतंकवादी जिहादीयोंसे बलात्कार,खुन,खराबा बंमबारी कराती है  #TMCTerror #TMCGoons #BengalBurning #BengalViolence #MamtaisTerrorist #ArrestMamta #ShameOnDiaonMamta #ShameOnTerroristMamtaBanerjee https://t.co/9VHl3vC0md",HOF,OFFN,1
hi_hasoc_2021_6113,@Vinay_Dwivedii बदजात उंगली दिखाकर बाप से बात कर रहा है। उसे भी अपने बाप होने पर लज्जा महसूस हो रही होगी। इससे अच्छा तो किसी कुत्ते या सुअर का  पिल्ला पाल लिया होता।,HOF,OFFN,1
hi_hasoc_2021_5331,"चित आज सहज नहीं, मन आज व्यथित भी, घात लगाकर हत्या, बलात्कार, आगजनी, कितना न्यायसंगत? उत्तरदायित्व किसका था, किसका नहीं, प्रशासन और राजतंत्र के नाम पर खेली खून की होली। कौन बनेगा आरोपी कौन बनेगा संरक्षक? प्रशन ही स्वयं चिंतित है? @ShivrajKaBhanja @goelgauravbjp  #BengalBurning https://t.co/VQsj9pDcWd",HOF,HATE,1
hi_hasoc_2021_5730,#COVID19 #IndiaCovidCrisis #PMCaresFund_का_हिसाब_दो #OxygenCrisis #Resign_PM_Modi #MamtaBanerjee  @AhmadUP63 @ishaninbox @rssurjewala @DrAmrohi @m4mrt @MonikaSinghSays https://t.co/8vby39NwUk,HOF,OFFN,1
hi_hasoc_2021_3603,@iyctripura @Narwal_inc @priyankagandhi @IYC @INCUttarPradesh @IYC_UPWest @INCUPEast @NSUIUPWest @NSUIUPCentral @pankhuripathak दीदी होगी तुम्हारी  रंडी साली हमारी दीदी कब से होगी,HOF,PRFN,1
hi_hasoc_2021_4591,विश्व गुरु से हम विश्व भिखारी बन गए! 🤔🤔🤔😔😔 #ModiKaVaccineJumla,HOF,HATE,1
hi_hasoc_2021_5661,"@sukumaranlens @rammadhav_rss @ThePrintIndia भाइयों बहनों पैशे खिदमत है, एक और #पप्पूशास्त्र का विद्यार्थी 🤣  Don't listen to @RahulGandhi  Its' a #ChineseAgent working as a #ChineseBot heavily funded by enemy countries to trouble India n spread #ChineseVirus. Proponent of #Pappuanomics 1 of a #INCorporated #LOLu",HOF,OFFN,1
hi_hasoc_2021_5109,"ये बंगाल की CM ममता बनर्जी नही है,ये Terror की आका डायन है👹जो बंगाल मे TMC पार्टी के आतंकवादी जिहादीयोंसे बलात्कार,खुन,खराबा बंमबारी कराती है  #TMCTerror #TMCGoons #BengalBurning #BengalViolence #MamtaisTerrorist #ArrestMamta #ShameOnDiaonMamta #ShameOnTerroristMamtaBanerjee https://t.co/T44G2oGURm",HOF,OFFN,1
hi_hasoc_2021_4776,जुमलेबाज मोयी जी 🔥🔥 #ModiKaVaccineJumla https://t.co/ZgLLDjjYGI,HOF,OFFN,1
hi_hasoc_2021_5156,"@TheSumit17 @Dr_Uditraj दोस्तों, आओ हम सब सर्वसम्मति से महान अर्थशास्त्री, धुरंधर वैज्ञानिक, अंतर्राष्ट्रीय किसान, भयंकर सवर्ण-दलित मसीहा #चुदित राज जी को खांग्रेस #अध्यक्ष एवं #पलधानमंतली बनाएं !!🙏 ""सभी #समस्याएं समाप्त"" #उदित_राज_को_अध्यक्ष_बनाओ_बे @Dr_Uditraj  #CovidVaccine https://t.co/HrWBrorcLe",HOF,OFFN,1
hi_hasoc_2021_5029,भगवान राम भी सोच रहे होंगे| यह कैसा रामराज है? जहां लोग जय श्री राम से ज्यादा राम नाम सत्य बोल रहे हैं|  #quote #IndiaCovidCrisis #COVIDEmergencyIndia #JaiShreeRam #IndiaFightsCorona @_yadav_vishal,HOF,HATE,1
hi_hasoc_2021_4708,"@INCObaid गंदे नाले का अपना एक अलग सौंदर्य होता है विश्वास न हो तो किसी सूअर से पूछिए। अँधो का भी महत्व है, नहीं तो फूतिया अंध भक्तों से पूछिए😁😁😁।",HOF,HATE,1
hi_hasoc_2021_5766,शहाबुद्दीन साहब की जगह कोई यादव होता तो अबतक तेजस्वी अपने सारे विधायकों को लेकर दिल्ली पैदल चल दिए होते 🙄 #JusticeForShahabuddin,HOF,HATE,1
hi_hasoc_2021_5004,"भेंचो पाकिस्तान मदद कर रहा हे, बांग्लादेश मदद कर रहा हे, ओर बहुत से देश भारत की मदद कर रहे है और कितना आत्मनिर्भर बनाएगा देश,,,, सच सच बताना इतने देशों की मदद लेने के बाद अंतर्राष्ट्रीय भिकारी वाली फीलिंग नहीं हो रही क्या तूझे चोर 😠 #Resign_PM_Modi  #AatmanirbharBharat",HOF,PRFN,1
hi_hasoc_2021_4486,@Abhinav_Pan पांडे तेरे पास इतना दिमाग होता तो पेट्रोल की पोस्ट नहीं करता क्योंकि 2011 में कोरोनावायरस की बिमारी नहीं थी इस समय काम काज बहुत हद तक बंद है और कोविड 19 से देश को लड़ाई में पैसे की जरूरत है एक बात और पेट्रोल के मंहगा होने से शेर की जगह कुत्ता नहीं पाला जाता ये टिप्पणी अपने उपर मत,HOF,OFFN,1
hi_hasoc_2021_5940,"""कितना है बदनसीब 'ज़फर' दफ्न के लिए, दो गज़ ज़मीन भी न मिली कू-ए-यार में…""  केजरीवाल सरकार के जिद्द के मुताबिक  जनाजा ITO कब्रिस्तान पहुंच गया… #JusticeForShahabuddin",HOF,OFFN,1
hi_hasoc_2021_4818,#ResignPMmodi आपका Whatsapp तंत्र शुतुरमुर्ग बन सकारात्मक होने को कह रहा है।घनघोर प्राणों के संकट काल में। क्यों? कूवत समाप्त।  चलो दो रिजाइन।  भाजपा मे खूब हैं संभाल लेगें।अपनी पूरी केबिनेट ले जाओ।जाओ।  आखिर कैडर बेस पार्टी है।,HOF,OFFN,1
hi_hasoc_2021_4307,कुर्सी है तुम्हारा ये जनाज़ा तो नहीं है  कुछ कर नहीं सकते तो उतर क्यों नहीं जाते ।  #ModiKaVaccineJumla #Resign_PM_Modi  #ModiMustResign https://t.co/xMIZApm7E2,HOF,OFFN,1
hi_hasoc_2021_4647,"मेरे पति को घर से घसीट कर ले गए TMC के लोग और बोले अब बोल ""जय श्री राम"" अब कहा है तेरे ""भाजपा वाले"", अब तुझे कौन बचाएगा, यह कहकर उन्होंने मेरे पति को गंगापुर राणाघाट पर ""मार"" दिया.!!  - उत्तम घोष की पत्नी  (दैनिक भास्कर अखबार के इंटरव्यू का अंश) @BJP4India #BengalBurning",HOF,HATE,1
hi_hasoc_2021_2393,@punitbalduwaIYC @LambaAlka भाई जन्मजात चुटिया हो?,HOF,OFFN,1
hi_hasoc_2021_5023,@Dr_Uditraj @INCUttarPradesh तेरे जैसे सूअर को नहीं समझ आयेगा,HOF,OFFN,1
hi_hasoc_2021_2442,@Ansari_BPYC @RubikaLiyaquat @narendramodi अरे सूअर तू भी तो वही कर रहा है जिसको बोल रहा था लाली कर रही है तू भी तो पेशाब पी रहा है पप्पू का सौ चूहे खाकर बिल्ली हज को चली दलाल को सब दलाल नजर आते हैं,HOF,OFFN,1
hi_hasoc_2021_4434,मोदी को लगता है कि वह PM की कुर्शी पर बैठा है और हकीकत यह है कि वो जनता की ला'शो के ढेर पर बैठकर सत्ता का सुख भोग।रहा है.!!  #ResignModi  😡😡😡,HOF,OFFN,1
hi_hasoc_2021_5445,@Rautparody61 सारे देश का बजन एक गधा ढो रहा है अगर कही किसी सीधे पप्पू को बैठा दिया जाता देश की गद्दी पर तो अभी तक पोपकॉर्न समझ कर चबा गए होते,HOF,OFFN,1
hi_hasoc_2021_5035,"@VMBJP @BJP4Bengal @BJP4India @narendramodi @JPNadda @AmitShah @DilipGhoshBJP @RahulSinhaBJP @narendramodi @PMOIndia @AmitShah @AmitShahOffice चूड़ी पहन लीजिए, बंगाल हिंसा पर आपकी कि चुप्पी, धिक्कार है !!   #BengalBurning #BengalViolence  #BengalBurning https://t.co/ERNw4KAY9E",HOF,HATE,1
hi_hasoc_2021_5589,देश गर्त में जा रहा है और देश का प्रधानमंत्री 56 इंच का सीना ले कर भी सो रहा है। #COVIDEmergencyIndia  #ModiKaVaccineJumla  #IndiaCovidCrisis  #SaveIndia https://t.co/pkTp9oInrH,HOF,OFFN,1
hi_hasoc_2021_5809,@LambaAlka मीडिया दोगला है देश विरोधी है और अपने मालिक के सिर्फ तालवें चाटना जनता है ।,HOF,PRFN,1
hi_hasoc_2021_1482,@Aak__Thu मूर्खता बहुत मुश्किल से अर्जित की जाती है ऐसे ही प्राप्त नहीं होती और और इसका एक उदहारण ये शख्स है ये वैश्या के कोठे के दलाल से भी बदतर है #रबिशदेवगन,HOF,OFFN,1
hi_hasoc_2021_4338,"आज बीजेपी का एक वरिष्ठ नेता सपा में शामिल हुआ ये दलाल मीडिया ने बिल्कुल नहीं दिखाया,  इतनी दलाली ही आज हिंदुस्तान की इस हालत की जिम्मेदार है",HOF,HATE,1
hi_hasoc_2021_3211,@kamlesh_offical @NayakRagini अबे सूअर की ओलाद  साले बीवी( तेरी माॅ ) तो छोड दी थी तेरे अब्बा ने तू कैसे पैदा हुआ सारे देश जानता मादरचो0  दलाले कहाँ गयी तेरी माँ  साले तू नाजायज ओलाद  मुँह छिपाता फिर रहा तेरा बाप  Maderjat bhadwe kutte ki ya Swar ki paidaesh h tu,HOF,OFFN,1
hi_hasoc_2021_38,#AajTak_दलाल_मोदी_का https://t.co/oWXDsGmQlx,HOF,OFFN,1
hi_hasoc_2021_4973,आखिर सरकार कब तक चुप बैठेगी???  मोदी जी का साथ देना मौत से खेलना है??  @narendramodi @AmitShah @myogiadityanath  #BengalBurning,HOF,HATE,1
hi_hasoc_2021_5782,ट्वीटर की औकात मेरे लिए सिर्फ 4 चवन्नी घोडे पे.... जितनी है। भाड में जाओ @TwitterIndia https://t.co/jYNkJVYxMn,HOF,OFFN,1
hi_hasoc_2021_4871,"आज से शुरू अब 5 साल तक ऐसे ही BJP कार्यकर्त्ता अपनी आहुति देते रहेंगे! इससे अच्छा है, कार्यकर्ता ही न बनना 🙏 #BengalBurning https://t.co/ErMKifeUb7",HOF,HATE,1
hi_hasoc_2021_1685,"चला था रविन्द्र नाथ टैगोर बनने,लेकिन दीदी ने आसाराम बनाकर भगा दिया!😂 #ExitModi #MamataBanerjee #COVID19 #ResignPMmodi #sundayvibes #Elections2021 #BanEVM_SaveDemocracy #IndiansDyingModiEnjoying #MamataBanerjee #COVID19 #Elections2021 #ExitModi #नरेंद्र_मोदी_ग्लोबल_पप्पू #COVID19",HOF,OFFN,1
hi_hasoc_2021_5969,@BrahamSamvad @JitinPrasada बिका हुआ दलाल समाज का नही अपना भला सोचता हैं।  जो इंसान कभी समाज को न्याय नही दिला सकता तो चंद पैसे में बिक जाए वो भी उस पार्टी के हाथों जिसका वो खुद आलोचक रहा हो।  सामाजिक दलाली में खरे उतरे जितिन,HOF,HATE,1
hi_hasoc_2021_3041,@manishm @anjanaomkashyap @aajtak @TwitterSpaces @amritat @sanjaypugalia @achlendra मनीष तुमसे ये उम्मिद नही थी यार तुम दलाल को पत्रकार कह रहे हो,HOF,OFFN,1
hi_hasoc_2021_413,"Chandra जैन Swamy, जैसे tantrik और j, w bush junior, khashogi जैसे बड़े बड़े arms dealers के साथ so चुकी है.  dekho कैसी sati sawitri bani firti है? सोनिया की कुतिया है. spy!",HOF,OFFN,1
hi_hasoc_2021_4473,बेशर्म मौजूदगी।  #ResignHarshvardhan #ResignModi #COVIDSecondWave https://t.co/tiYKLSQjJK,HOF,PRFN,1
hi_hasoc_2021_6050,@JainKiran6 @ArvindKejriwal गैरकानूनी काम करने के जुर्म में हरामी गद्दार सूगर कंजरवाल सहित हिमायतियों को सजा होना चाहिए,HOF,OFFN,1
hi_hasoc_2021_5165,"बीजेपी के समर्थन का कर्ज,,, मर्द जान देकर और औरत अपनी इज्जत देकर चुका रही है,, #SaveBangal 😔 #BengalBurning #BengalViolence   @AmitShah @narendramodi @myogioffice @myogiadityanath",HOF,HATE,1
hi_hasoc_2021_5326,"हे प्रभु!! निंदा?????  नेताओं की , और सरकारों के निकम्मेपन को छुपाने के लिए एक शब्द काफी है ""निंदा"" । #BengalBurning https://t.co/FcFx0eTSW0",HOF,HATE,1
hi_hasoc_2021_5950,@the_hindu ONCE IN A CENTURY @narendramodi @PMOIndia  #मनहुस_मोदी का साया मेरे देश के ऊपर से हट जाएगा आर्मी सारा काम संभाल रही है दवाई ऑक्सीजन आदि भी तेरे राजनीति से मुक्त हो जायेगी सभी के अपने अकालमृत्यु मर रहे है  #ResignModi मानवता केलिऐ #Resign_PM_Modi देशभक्त हो तो,HOF,OFFN,1
hi_hasoc_2021_4528,"ममता को चोट लगी.. ब्रेकिंग न्यूज़ बन गई ।   बंगाल में हिन्दुओं पर हो रहा अत्याचार,  मारकाट लूटपाट मची हुई है बलात्कार हो रहे है। पर यह न्यूज़ कब बनेगी ??? क्या हिन्दू होना गुनाह है ??? #CruelMamata #BengalBurning @ThePushpK @VHPDigital @KailashOnline @Gajjusay",HOF,HATE,1
hi_hasoc_2021_5648,"@AnandKiKhojMein पर इस हैंडल का एडमिन हरामी है, पहले भी ऐसे ट्वीट कर चुका है ये",HOF,OFFN,1
hi_hasoc_2021_5759,"@JitinPrasada @AmitShah यही कारण हैं नेताओं को #दोगला कहा जाता हैं, क्यों? अभी #ब्राह्मणों के हितचिंतक होने का ढोंग करते घूम रहे थें और अब जा कर ब्राह्मणों के मानमर्दन करने वालों के गिरोह में शामिल हो गए। #सत्तासर्वोपरि  @AcharyaPramodk @AjayLalluINC @aajtak @INCIndia @BJP4UP",HOF,OFFN,1
hi_hasoc_2021_4587,"@SaudAli32039647 @secula401192149 @Susmita52559467 रेत ? तुम तो कुतिया गधी मुर्गी केंचुआ बेटी पोती सबसे काम चला लेते हो मियाँ, रोज़ अख़बार में छप रहे",HOF,OFFN,1
hi_hasoc_2021_2757,@RachnaSinghSP अरे चाची हो चाची..  जब सैफई में रंडी नचा के नकटेढवा देश के बर्बाद करत रहल तब तोहार जुनून कहाँ रहल हो चाची...  खालीभर बकलोली करय जानेलू ये चाची....  🤣🤣🤣🤣,HOF,OFFN,1
hi_hasoc_2021_5257,7 साल से भुट्टे भूज रहे थे? #ResignModi https://t.co/fe0go5dTA0,HOF,OFFN,1
hi_hasoc_2021_5373,नुसरत जहां ने अपनी शादी को अवैध बताया क्योंकि शादी तुर्की में हुई थी इंडिया में मान्य नहीं है इस हिसाब से तो अल्लाह भी सऊदी में पैदा हुआ था इंडिया में नहीं तो वह भी मान्य नहीं है 😜😂😂,HOF,HATE,1
hi_hasoc_2021_4948,जो रंडी रोना रो रहे थे विपक्षी फ्री राशन और फ्री वैक्सीज़ का!! 5 बजते ही मोदी जी नै फ्यूज़ उड़ा दिए उनके !! नमो मोदी !!,HOF,PRFN,1
hi_hasoc_2021_5726,"@siddharthanbjp @BJP4Delhi वीआईपी नेता केजरीवाल सूअर प्रधानमन्त्री बनने का सपना हिन्दूओं की लाशों पर पैर रखकर देखरहा है बिहारी, यू पी , वाले बोलता है कभी रोहिंग्या, बांग्लादेश, मुस्लिम बोला सूअर, दोगला, चरित्रहीन वीआईपी नेता केजरीवाल",HOF,OFFN,1
hi_hasoc_2021_5658,"प्रधान मंत्री बदलो,  भाजपा में किसी काबिल नेता को प्रधान मंत्री बनवाओ  देश बचाओ  #ResignPMmodi  #ResignModi  #SaveIndia",HOF,HATE,1
hi_hasoc_2021_4974,"@isinghdipti दो मिनट का मौन उनके लिए भी जिनको बंगाल में चुनावी रैली दिखी ,  कोरोना दिखा किन्तु अब हिंसा , लूट अग्निकांड और महिलाओं को लुटती इज़्ज़त नहीं दिख रहीं 😡😡  #PresidentsRuleinBengal  #BengalBurning  #BengalViolence  #KhooniKhela  #WestBengalViolence",HOF,HATE,1
hi_hasoc_2021_4627,"बंगाल में तृणमूल कांग्रेस द्वारा भाजपा कार्यकर्ताओं के नरसंहार एवं राजनीतिक हिंसा के विरोध में तीसरा पुस्ता,लालबत्ती,जगजीत नगर पर ब्रह्मपुरी मंडल द्वार प्रदर्शन किया।  @AjayMahawarBJP @BJP4Delhi @MohanGoelBJP #BengalBurning https://t.co/vWCal3mHqf",HOF,HATE,1
hi_hasoc_2021_5883,@Sabhapa30724463 डर है कहीँ जेल से छूट वहभी महात्माईन बन फिर अपने परदादा की नाजायज औलाद कांग्रेस को पालने न लगे!,HOF,OFFN,1
hi_hasoc_2021_5565,"@sambitswaraj @JPNadda राष्ट्रपती शासन एक मात्र वीकलप है मूर्खों, ये उपद्रवि नही है, आतंकवादी हैं। दूसरा कश्मीरी बन चूका है बंगाल। #BengalBurning #bangalviolence #Article356 #ArrestMamataBanerjee",HOF,OFFN,1
hi_hasoc_2021_4866,"जल्दी से इनको कोई नोबेल पीस प्राइज दो यार, नही तो पता नही कितने कार्यकर्ताओं/सपोर्टेस को और मरवाएंगे ये।   #BengalBurning  #BengalViolence  #राष्ट्रपति_जी_बंगाल_संभालो #spinelessmodi",HOF,HATE,1
hi_hasoc_2021_549,@jayrawat_pahadi @Ashishmundepi फूहड़ ही नहीं मूर्ख भी हैं।,HOF,OFFN,1
hi_hasoc_2021_4584,ये तो सार्वजनिक सामूहिक रूप से खूलेआम ब्रीडिंग करने बाली अबारा नस्ल की कुतिया का पैदावार है https://t.co/ChkU9CnSPs,HOF,HATE,1
hi_hasoc_2021_4007,@ManuRamDa @imvipinthakur @ChhattisgarhCMO @PoliceBilaspur @Republic_Bharat कुत्ता भी कितनी हैरानी से देख रहा कि ये सुवर कर क्या रहा,HOF,OFFN,1
hi_hasoc_2021_5096,"@nshuklain Sir कहीं ना कहीं मेरी ये कविता सच है आज कल #BengalViolence #BengalBurning के ऊपर, ग़लती कुछ बिकाऊँ लोगों, पार्टी, नेताओ की भी है.  @MamataOfficial cruel leader  #BJPSaveYourBengaliSupporters  #HelpBengalPeoples @narendramodi @rajnathsingh @AmitShah @BJP4India जय हिंद https://t.co/AaTTWTFbO7",HOF,HATE,1
hi_hasoc_2021_4746,"@SameerSam2001 @Dr_Uditraj दोस्तों, आओ हम सब सर्वसम्मति से महान अर्थशास्त्री, धुरंधर वैज्ञानिक, अंतर्राष्ट्रीय किसान, भयंकर सवर्ण-दलित मसीहा #चुदित राज जी को खांग्रेस #अध्यक्ष एवं #पलधानमंतली बनाएं !!🙏 ""सभी #समस्याएं समाप्त"" #उदित_राज_को_अध्यक्ष_बनाओ_बे @Dr_Uditraj  #CovidVaccine https://t.co/HrWBrorcLe",HOF,OFFN,1
hi_hasoc_2021_5604,@Dr_Uditraj 2024 मे फिर होगी कांग्रेस की बेइज्जती और तुम्हारी भी तुम भी तो चुनाव लड़ोगे दिल्ली से आँख बन्द कर के. तुम इतने बड़े मुर्ख हो तुमको अमेरिका और भारत में अंतर समझ नहीं आता है क्या बोला जाए आरक्षण से पढ़े हो तुमसे यही उम्मीद की जा सकती हैं. राजमाता को खुश करते रहो good job👍👍👍👍,HOF,PRFN,1
hi_hasoc_2021_5469,अगर @PoliceBilaspur एवं @CG_Police पुलिस या कानून में ताकत है तो इस दोगले नीच को भी ट्रैक्टर से कुचला जाए वरना गिरफ्तार करने का केवल ढोंग ना हो! वरना हमारा संविधान से भरोसा उठ जायेगा! इसको खड़ा रखे हो बारात में आया है क्या ये सुअर!  @Deveshtiwari_ @HinduNation__ @REPORTERsupriya https://t.co/6lev5w3gGW,HOF,OFFN,1
hi_hasoc_2021_5177,"@zoo_bear how did you understand that हराम के पिल्ले,सुअर के पिल्ले is using for  only Muslim community? https://t.co/j1tR2DL7xT https://t.co/UGf00YWmfG",HOF,PRFN,1
hi_hasoc_2021_5193,जिसे मिर्ची लगे वो भी कमेंट करे     कुत्तों को भोकने की इजाजत है  #JusticeForShahabuddin,HOF,OFFN,1
hi_hasoc_2021_5690,दवाओं के अभाव से हजारों लोगों का मरना👍 👉🏿मरने वालों को लकड़ी के अभाव और लूट-खसोट के चलते गंगा में बहाना👍( मां गंगा का चुनावी बेटा) 👉🏿क्योंकि जनता तो मूर्ख है👍 👉पांच किलो गेहूं और चावल लो और चुप रहो सब भूल जाओ👍 👉🏿बस थोड़ा आंसू बहाना और मामला शांत क्यूंकि जनता तो....😁,HOF,HATE,1
hi_hasoc_2021_1221,Keep this rage.  Drag modi in the streets and hang him.  #कृषि_कानून_रद्द_करने_पड़ेंगे #ResignModi #FarmersProtest https://t.co/7Sl9bzDOr9,HOF,OFFN,1
hi_hasoc_2021_5426,@taevocii भगवान इस कुतिया की मदद करें,HOF,OFFN,1
hi_hasoc_2021_4592,कमीने और मांग धूप 🙄😐  45 डिग्री को सेंटीग्रेट हो गया है 😒😰  समझाओ इसे 😂😂🤣🤣 @SulemanZartasha   @s_marwadi_786  @Rocking_Nainaa https://t.co/TFeTv2xLjX,HOF,PRFN,1
hi_hasoc_2021_4917,इंसान को मार सकते हो उसकी शख़्सियत को कभी मौत नहीं आती। शहाबुद्दीन साहब एक जिंदादिल इंसान थे उन्हें भुलाया नहीं जा सकता है...... #JusticeForShahabuddin  @tshahab05 @HarishankarRJD @yadavtejashwi @laluprasadrjd @iAwadhBihariRJD @SupremeCourtFan @Siwan_Rjd  https://t.co/Sl0bZhzntT https://t.co/7oRvmTwWar,HOF,HATE,1
hi_hasoc_2021_3442,@tushar @ChouhanShivraj भाड़ में जाओ,HOF,OFFN,1
hi_hasoc_2021_4712,हिंदू मुस्लिम एकता अब नही देख लिया इन सुअरो को #RohitSardana  #Islamophobia https://t.co/K0SbkhERk6,HOF,HATE,1
hi_hasoc_2021_5255,सभी रजनीतिक दलो के लिए : इतनी घटिया राजनीति करते हुए शर्म आनी चाहिए आपको।  #BengalElection2021 #BengalBurning #BengalViolence,HOF,HATE,1
hi_hasoc_2021_4577,@kprincecivil @AmitKum28953892 @Jitendr91780964 @sohansingh05 @HemantSorenJMM दोगला मुख्ममंत्री को हटाओ युवा बाबू ।। ये दोगला राजनीतिक करने आए है इनको झारखंडी युवा से मतलब नहीं सिर्फ पैसा कमाने आए है झूठ बोल कर सपना दिखाएं है इनको सपना कैसे होता है मालूम नहीं अब हम युवा दिखेंगे सपना @HemantSorenCM @Alamgircongress @RahulGandhi @nishikant_dubey  ye dishmaan https://t.co/stGiutHI9u,HOF,OFFN,1
hi_hasoc_2021_4958,"@SirSeenu दोस्तों, आओ हम सब सर्वसम्मति से महान अर्थशास्त्री, धुरंधर वैज्ञानिक, अंतर्राष्ट्रीय किसान, भयंकर सवर्ण-दलित मसीहा #चुदित राज जी को खांग्रेस #अध्यक्ष एवं #पलधानमंतली बनाएं !!🙏 ""सभी #समस्याएं समाप्त"" #उदित_राज_को_अध्यक्ष_बनाओ_बे @Dr_Uditraj  #CovidVaccine https://t.co/HrWBrorcLe",HOF,OFFN,1
hi_hasoc_2021_4370,@BJP4Delhi @adeshguptabjp हमारे बच्चो की वैक्सीन विदेश में क्यू बेंच दी।। दोगला पन की भी हद होती है यार।।,HOF,HATE,1
hi_hasoc_2021_4430,#देश_की_समस्या_बढ़ती_जनसंख्या  जनसंख्या कानून लाओ और कुत्तों को रोको ज्यादा जनसंख्या बढ़ाने से कुतिया तो बेकार होगी ही पे उससे ज्यादा देश का नुकसान होगा,HOF,HATE,1
hi_hasoc_2021_3438,"@satya_vachan___ @noorulshaikh @sunita5krt @PRINCEK68077519 तुम झूठे आदमी हो🙄 एक सप्ताह में कुतिया के पिल्लों की भी आंखें खुल जाती हैं, लेकिन चमचों की आंखें 70 साल के बाद भी नहीं खुल रही 🙄 यदि हिम्मत है तो अपने दोनों फोटोज़ की सत्यता जानो। फिर बात करना।",HOF,OFFN,1
hi_hasoc_2021_5429,दोनों कमीने टीचरों को फांसी होना चाहिए https://t.co/VVILhTCNWj,HOF,PRFN,1
hi_hasoc_2021_566,तेरी मां चुदाने जाती होगी भोसड़ी के तुझे तो यह भी नहीं पता तेरे बाप कितने हैं भोसड़ी वाले तू इसीलिए तो आम आदमी पार्टी कांग्रेस जैसी पार्टियों की दलाली कर रहा है म****** रंडी की औलाद छिनाल की औलाद https://t.co/smNT3R8iLg,HOF,PRFN,1
hi_hasoc_2021_4575,@ABPNews ONCE IN A CENTURY  @narendramodi @PMOIndia  #मनहुस_मोदी का साया मेरे देश के ऊपर से हट जाएगा आर्मी सारा काम संभाल रही है दवाई ऑक्सीजन आदि भी तेरे राजनीति से मुक्त हो जायेगी सभी के अपने अकालमृत्यु मर रहे है  #ResignModi मानवता केलिऐ #Resign_PM_Modi देशभक्त हो तो,HOF,OFFN,1
hi_hasoc_2021_4631,"कुर्सी है तुम्हारा ये जनाज़ा तो नहीं है कुछ कर नहीं सकते तो उतर क्यों नहीं जाते.. #ModiKaVaccineJumla #ModiFailsIndia  @NitishKumar @PMOIndia .. गुजरात देश का फूफा है क्या? सबकुछ उसको ही मिलेगा.. ऑक्सीजन भी, बेड भी, वैक्सिन भी @aajtak @abplivenews @TheLallantop @saurabhtop https://t.co/gH1YqPzCjB",HOF,OFFN,1
hi_hasoc_2021_5014,@RahulGandhi सीधा सवाल   क्या  मोदी जी  के बंगाल  चुनाव जीतने की सनक ने पूरे देश को मौत  के मुंह में धकेल दिया  है ?...#ResignPMmodi                   Yes or no,HOF,HATE,1
hi_hasoc_2021_5624,आज इनका तो कल आपका नंबर भी आ सकता है अगर आज नही बोले तो तेजस्वी जी याद रखना लालू जी अभी सजा काट रहे हैं। #JusticeForShahabuddin #JusticeForShahabuddin @yadavtejashwi @laluprasadrjd @MamataOfficial @ravishndtv @pbhushan1 @sunitayadav007 @HansrajMeena,HOF,HATE,1
hi_hasoc_2021_4482,राजनीतिक गिद्धों को शर्म आनी चाहिए एक बेटा अपने वालिद को तदफिन भी नही किया की चंद लाइक कॉमेंट के लिए उनके नाम का हेंडल बना लिए! कम से कम उस भाई की दर्द समझते! #JusticeForShahabuddin https://t.co/aAn624rNSQ,HOF,HATE,1
hi_hasoc_2021_4372,@RahulGandhi चुप ही रहो तुम,HOF,OFFN,1
hi_hasoc_2021_244,"@narendramodi This is tight slap on Foolish, Mahanmoorakh Modi Govt face. It’s power of people. #मौत_का_सौदागर_मोदी #FarmersProtests #FarmersVsModiVirus #Resign_PM_Modi #BJP_भगाओ_देश_बचाओ #BjpDestroyedIndia",HOF,OFFN,1
hi_hasoc_2021_5482,@PratapSinghSS @JainKiran6 कहां का है ये दुष्ट?,HOF,OFFN,1
hi_hasoc_2021_5890,"@INeetuDabas @RahulGandhi क्योकि ये एक विदेशी की #नाजायज औलाद है, #क्वात्रोची https://t.co/S7lsj2wORu",HOF,OFFN,1
hi_hasoc_2021_5510,"@Anoopjo27497784 @Hkinayti @narendramodi177 अबे चोडु , ये ब्रामन सिर्फ पाखंडी है।",HOF,PRFN,1
hi_hasoc_2021_4878,जब समय ख़राब होता है ना तो ऊंट पर सबार व्यक्ति को भी कुत्ता काट लेता है l यही हाल इसका हो गया है l जायेगा ससुर तेल लेने l घमंड तो सर चढ़ कर बोल रहा है l माथा फिर गया है l attitude ab kheshri ko janta dikhaye gi ।#boycottkeshari अश्लील गाना,HOF,OFFN,1
hi_hasoc_2021_5695,जब भी भारत पर या मूलनिवासी समाज पर कोई मुश्किल आई।किसी पोंगा पंडे ने साथ नहीं दिया।लेकिन अपने बलात्कारी हत्यारों के लिए तिरंगा यात्रा और पंचायत की क्योंकि ब्राह्मण जानते हैं कि हम विदेशी हैं।इसीलिए हमें खुद ही अपनी लड़ाई लड़नी होगी #JusticeForShahabuddin #justice_for_rupa_tirkey,HOF,OFFN,1
hi_hasoc_2021_4624,"@BRAHMINS_VOICE इस चुटिया लड़ाई में मत पड़ो, ब्राह्मणों के पास बहुत महापुरुष है क्रांतिकारी है रोज के 2 मिल जाएंगे उन्होंने मुगलो फिर अंग्रेजो के चाटे उनको करने दो ट्विटर की वीरता",HOF,HATE,1
hi_hasoc_2021_4644,"@VijayVst0502 ट्विटर को इसमें भी मिर्ची लग गई,12 घंटे के लिए अकॉउंट ब्लॉक कर दिया, जिहादी को जिहादी मत कहो, सूअर को सूअर मत कहो 😡वाह रे ट्विटर 😡 https://t.co/qynJfxzQHh",HOF,HATE,1
hi_hasoc_2021_9,दलाल मीडिया मीडिया के जाल में मत फंसना  UP चुनाव के लिए नया टूलकिट है   मोदी V/S योगी  इसमे कोई सत्यता नही है बस फूट डालनी है  #चमचे_दलाल_देशद्रोही_सूअर,HOF,HATE,1
hi_hasoc_2021_1577,आजाद भारत का घिनौना चेहरा है ममता और वामपंथ  #BengalBurning,HOF,OFFN,1
hi_hasoc_2021_4239,@kalpesh_raj_ @BhagwatiSoni19 गधा भैया 🙄,HOF,OFFN,1
hi_hasoc_2021_5417,"वाक़ई में जब सच का सामना होता है तो बहुत देर हो जाती है मेरे देश के लोगों को अपना हक़ माँगना होगा किसी भी क़ीमत पर,इस खोखली केन्द्र सरकार से जवाब माँगिए जो गिद्ध की तरह पूरे देश को लाशों में तब्दील कररहे हैं अगर अभी डरे तो हम सब कुछ खोदेगें #AatmanirbharBharat #ModiKaVaccineJumla https://t.co/bA5fpZyWKN",HOF,HATE,1
hi_hasoc_2021_4889,"कुरआन पाक में साफ साफ लिखा है ""कुफ़्फ़ार-ला-ऐतबार""  ऐ इमान वालो काफिरों पर यकीन मत करो, ये पीठ पीछे वार करते है!! #JusticeForShahabuddin  @cho_sabir @Alpanah51 @SehrawatNaeem",HOF,HATE,1
hi_hasoc_2021_752,"@SatyamSayba @dabi_tina ""जो लोग अपनी लिखी बात डिलीट करते है उसको थूकेलि नस्ल की नाजायज औलाद/वंसज बोलते है""...ये बात आपको पता है ? जब तक अपनी असली DP नही लगाओगे तब तक मैं और तुम्हारे जानने वाले तुमको नाजायज औलाद ही समझेंगे और मन ही मन हसेंगे तुमपर और तुम्हारी मम्मी पर,यकीन न होतो अपने मित्रों से पूछ लो😂",HOF,OFFN,1
hi_hasoc_2021_4734,राजनीतिक गिद्धों को शर्म आनी चाहिए एक बेटा अपने वालिद को तदफिन भी नही किया की चंद लाइक कॉमेंट के लिए उनके नाम का हेंडल बना लिए! कम से कम उस भाई की दर्द समझते! #JusticeForShahabuddin https://t.co/3HmJ5i7iUK,HOF,HATE,1
hi_hasoc_2021_4285,@humlogindia राम राम ! इन सब हरामी खादी धारियों ने भारत को लूटा सो लूटा पर इनकी हिम्मत तो देखो कि अब ये चरखे चलाने वाले कमीने दक्षिण अफ़्रीका में लूट पाट करने पहुँच गये ! “प्रोफेशनल लुटेरे 😡”,HOF,HATE,1
hi_hasoc_2021_4481,पप्पु खुद गधा है https://t.co/p41vrEOKPI,HOF,PRFN,1
hi_hasoc_2021_4506,"अफसोस! गद्दार सरकार से न्याय नहीं मिला  शहीद शहाबुद्दीन #शहीद_शहाबुद्दीन #Shaheed_Shahabuddin  #Islamophobia_in_india #MuslimLivesMatter #Muslimphobia  #जस्टिस_फॉर_शहाबुद्दीन  #JusticeForShahabuddin , https://t.co/tROs4SBuNi https://t.co/3TOP1eQNoa",HOF,HATE,1
hi_hasoc_2021_5185,"@Maanas38417724 @kalashnikova_M सही कहा  औरत शब्द हिंदी नहीं है अरबी लफ्ज़ है  और औरत शब्द कि मतलब वैश्या ही नहीं सभी स्त्री और पुरूष से सम्बंधित है ।जिसमें आपके घर वाले भी सम्मिलित है । क्यों कि औरत लफ्ज़ का अर्थ है ""गुप्तांग""",HOF,HATE,1
hi_hasoc_2021_4804,"#Resign_PM_Modi मोदी जी Please, झोला फटाफट उठाकर निकल लें, दया करें  अब   गुफा भी कैमरों के साथ तैयार है बहुत सारे पौगां पंडितों की झूठी सच्चे कथायें कहते रहते । एक और चलने लगेगा।  आप भी ख़ुश और जनता बहुत खुश",HOF,OFFN,1
hi_hasoc_2021_4368,"@NatkhatO @Ruchhan""देखो अब ये गधा अपना रंग दिखा रखा है.."" इसका भावार्थ बताये..",HOF,OFFN,1
hi_hasoc_2021_5790,"@TejYadav14 शहाबुद्दीन की जगह लालू यादव की "" संस्थानिक हत्या "" हुई होती तो ससम्मान अंतिम संस्कार के लिए मुसलमान हॉस्पिटल में छलांग लगा दिए होते एक बच्चा ( ओसामा ) अपने पिता का ससम्मान अंतिम संस्कार के लिए कोर्ट से हॉस्पिटल तक दर दर भटक रहा और लालू परिवार तमाशा देख रहा #JusticeForShahabuddin",HOF,OFFN,1
hi_hasoc_2021_3068,जब सतयुग में होलिका और तैतायुग में ताड़का व द्वापरयुग में पूतना हो सकती है तो कलयुग में @MamataOfficial क्यों नहीं हो सकती? जरूर हो सकती है ! #BengalElection2021 #MamataBanerjee #नींद_से_जागो_अमित_शाह_जी #BengalBurning #PresidentRuleInBengal @sudhirchaudhary @AMISHDEVGAN #AajTak,HOF,OFFN,1
hi_hasoc_2021_5846,"बंगाल में भाजपा कार्यकर्ताओं के साथ हुई हिंसा के खिलाफ प्रदेश कार्यालय के बाहर प्रदेश अध्यक्ष श्री @adeshguptabjp, प्रदेश संगठन महामंत्री श्री @siddharthanbjp ने कार्यकर्ताओं के साथ प्रदर्शन किया। #BengalBurning https://t.co/7HUBFDZyIm",HOF,HATE,1
hi_hasoc_2021_834,@princeyoongx मदरचोद?? Delete 💜,HOF,PRFN,1
hi_hasoc_2021_5702,भाड़ में जाओ मत उठाओ आवाज अपने लिए कल पहले तुम्हे अच्छे से कूटेंगे फिर scst एक्ट लगा के अच्छे से लूटेंगे तब रोते रहना की कोई हमारा सपोर्ट नहीं करता क्योकि तुम obc और सवर्ण इसी लायक हो #VerifyFD,HOF,HATE,1
hi_hasoc_2021_4861,#आत्मनिर्भर_भारत और #विश्वगुरु कहकर देश को भिखमंगा बना दिया।  #ModiResign #ModiKaVaccineJumla #AatmanirbharBharat #AAP  #aajtak  #ABPCVoterExitPoll https://t.co/QhEdNDjsTm,HOF,HATE,1
hi_hasoc_2021_4972,"@DavidBl42491922 @rachit__s @China_Amb_India I am shocked they didn't mention a line (Karam, you have been our worst sufferer) (करम हमारे ख़राब ह भुगत आप रहे ह) #wohanvirus  #chinesevirus",HOF,HATE,1
hi_hasoc_2021_4363,@Mr_Pandeyjii @jaymahakal0 @khesariLY बाचा जी खेसारी चाहे भोजपुरी के अधिकतर गायक बा जेकर गाना अपना परिवार के साथ सुने में शर्म लगेला फ़ूहड़ गाना बंद होखे के चाही वैसे जेकर जैसन संस्कार उ उहे किसिम के पसन्द करी हम खुद भोजपुरी गाना ना सुनल चाही ये फूहड़पन गाना के चलते एगो हो गइल सब ऊहे गावत बा,HOF,OFFN,1
hi_hasoc_2021_4519,इस भयावह हालात में भी मौत का सौदा!!  पैसे कमाने की इतनी हवस !! किसी की ज़िंदगी/परिवार बच सकता है अगर ऑक्सीजन किसी को समय से मिल जाये| अगर ऑक्सीजन के बिना किसी की मौत होती है तो उसके कातिल ऐसे मरे हुए जमीर लेकर जीने वाले लोग हैं 🤔🤔 #COVID19  #CommunistVirus #ChineseVirus https://t.co/D9tdSYXr4a,HOF,HATE,1
hi_hasoc_2021_4716,@ReallySwara गोबर में कितना भी गी शक्कर  मिला लो वह हलवा नहीं बन सकता हूं       अंधभक्तों को कितना भी समझाओ    यह इंसान नहीं बन सकते 😁 #25सांसद_लापता_है  #ModiResign #ModiKaVaccineJumla  @abhisar_sharma @Vndnason @RBanjare_31 @Realmsc @sakshijoshii @BhimSenaChief @NoratramLoroli,HOF,HATE,1
hi_hasoc_2021_4489,अरे तेजस्वी तेरा बाप लालू और तू जब शहाबुद्दीन जैसा आदमी का नहीं हुआ तो हम मुसलमानों का क्या होगा कोई भी विकल्प चलेगा लेकिन तू और तेरा बाप अब नहीं चलेगा😭 #JusticeForShahabuddin,HOF,OFFN,1
hi_hasoc_2021_5797,बड़ा दोगला पन है @ashokgehlot51 जी आपके अंदर   @PoliceRajasthan @SachinPilot @rameshmeena63 @Hemaram_INC @RamniwasGawriya @IndrajGurjarinc @MukeshBhakar_ @AshokChandnaINC @DrKirodilalBJP @alka_gurjar @drsomyagurjar https://t.co/qYU1IW3SUD,HOF,OFFN,1
hi_hasoc_2021_5322,"@ranashg @priti5051 @hritamiam @nishu_101_ अंधकार की हज़ारों परते हैं, और उन में लोगों को   उलझाना मोदी जी की देशभक्ति है।  #PMCaresFunds #Resign_PM_Modi #आज_आक्सीजन_कल_रोटी_जायेगी #mahavaccination",HOF,OFFN,1
hi_hasoc_2021_5738,"@Anushkagurjar0 नाजायज औलाद हमारी हो तो सबक भी हम ही सिखाते है, टाइम टाइम पर खुराक देते रहते है । इतिहास चोरो को",HOF,OFFN,1
hi_hasoc_2021_4998,पत्रकारों की पुरजोर मांग है कि जो कमीने हरामखोर नेता पत्रकारों की खरीद-फरोख्त करते हैं वो एक IPL सरीखी व्यवस्था के तहत करें। https://t.co/yh5wa6OySr,HOF,PRFN,1
hi_hasoc_2021_4881,@NarenderChawla1 @beingarun28 Kya हुआ वैक्सीन नही लगा तो सर घर घर दारू तो पहुंचा रहे है यही तो है केजरीवाल दोगला माडल  और जिस पार्टी का नेम ही A - arvind A - advertisment  P - party  Ho use kitna umed kiya ja sakta haii,HOF,OFFN,1
hi_hasoc_2021_1846,"ये बंगाल की CM ममता बनर्जी नही है,ये Terror की आका डायन है👹जो बंगाल मे TMC पार्टी के आतंकवादी जिहादीयोंसे बलात्कार,खुन,खराबा बंमबारी कराती है  #TMCTerror #TMCGoons #BengalBurning #BengalViolence #MamtaisTerrorist #ArrestMamta #ShameOnDiaonMamta #ShameOnTerroristMamtaBanerjee https://t.co/ogsPtT4KA7",HOF,OFFN,1
hi_hasoc_2021_5779,@sambit_vani @Nirmala05010069 गली गली में अपना दुष्ट कार्य करने के लिए बड़े उत्सुक है मोदी जी जितना प्रयत्न करते हैं उतना ज्यादा वह लोग अपनी दुष्टता के लिए तत्पर रहते हैं।,HOF,OFFN,1
hi_hasoc_2021_4564,@Sanjeev_aap @SanjayAzadSln देश को बचाना होगा @narendramodi को जाना होगा #Resign_PM_Modi  #धर्म_के_खाल_में_दानव #ResignPMmodi  #कम्यूनल_कोरोना_के_मरीज #RESIGN  #कालणेमी,HOF,OFFN,1
hi_hasoc_2021_5413,मोइ जी के साथ सारे चमचे प्रशासकों को भी झोला उठाकर निकल लेना चाहिए |  सबसे पहले तो #KuNitiAayog वाला गधा | बेड़ा गर्क करवा दिया देश का | #VRSforMODI,HOF,OFFN,1
hi_hasoc_2021_5164,"@Rautparody61 सचमुच, गधा अगर कुर्सी छोड़ दे तो प्रदेश के लिए बड़ा योगदान होगा_ उससे भी बड़ा योगदान यह होगा कि, गधा के पीठ पर सवार ""धोबी"" नर्क सिधार जाए तो देश का महाकल्याण होगा...😇",HOF,OFFN,1
hi_hasoc_2021_4296,"हिंदुस्तान में हज़ारों-लाखों मौतें इसीलिए भी हुई हैं क्यूँकि दलाल मीडिया को जब सरकार की आलोचना करनी थी तब वो उसकी प्रशस्तिगान में लगा हुआ था। इन मौतों की जितनी ज़िम्मेदारी सरकार की है, उतनी मीडिया की भी है।  #IndiaCovidCrisis  #IndiaFightsCOVID19",HOF,HATE,1
hi_hasoc_2021_4658,@DChaurasia2312 बंगाल पर कांग्रेस सहित सभी विपक्षी दल गूंगे-बहरे हो गए यही भाजपा शासित होता तो गूंगे भी बोलने लगते !  #BengalBurning #BengalViolence https://t.co/ZLcDSpyjKF,HOF,HATE,1
hi_hasoc_2021_1155,"@anoopmor बस यही , तुम सब जाओ भाड़ में, जो मरा सो मरा, बस वोट मुझे ही देना । बकचोदी",HOF,PRFN,1
hi_hasoc_2021_5052,@Siwan_Rjd झूठ का हद होता है राजद ने सारी हद पर कर दी। साहेब की देन है राजद साहेब ना होते तो राजद ना होता #JusticeForShahabuddin,HOF,HATE,1
hi_hasoc_2021_2696,@luvxuxipeach सेक्सी भाड़ में जाओ,HOF,OFFN,1
hi_hasoc_2021_4840,"ओवैसी साहब की BJP से दोस्ती होने की बात करते करते  जितिन प्रसाद खुद आज BJP की  सदस्यता ग्रहण कर लिए, वाह कांग्रेसी दोगलो वाह तुम्हारे लिए बस सब कुछ ऊँचे ऊँचे ओहदे शोहरत नाम कमाना ही हैं बाकी सब भाड़ में जाओ,,, @hakeemsalamkhan  @aimim_national  @imshaukatali https://t.co/Ems9yCEhh3",HOF,HATE,1
hi_hasoc_2021_4612,"@DineshKumarLive चमचों की हिम्मत की भी दाद देनी पड़ेगी... ससुरे हमारे ""देशी शेर"" 🦁 से ""विदेशी कुतिया का पिल्ला"" 🐶 लड़ाने की बात कर रहे हैं...! 😂🤣😜",HOF,OFFN,1
hi_hasoc_2021_4151,@NMasulkar कुतिया को उसकी भाषा में जवाब दे सकता हूँ पर नहीं दूँगा,HOF,PRFN,1
hi_hasoc_2021_5739,"💐💐RIP💐💐 उनको जिनको बंगाल में रैलिया दिखी लेकिन आज जो हिंसा हो रही,  रेप हो रहे वो नही दिख रहे।   #Justice_for_Saswati_Jana  #BengalBurning #Bengalisburning https://t.co/TVn84lb3Cx",HOF,HATE,1
hi_hasoc_2021_5897,@box_oficeIndian मदरचोद अपना नाम डालो पहले,HOF,PRFN,1
hi_hasoc_2021_4347,ONCE IN A CENTURY  @narendramodi जैसा मनहुस पैदा होता है @PMOIndia  #मनहुस_मोदी का साया देश से हट जाएगा आर्मी सारा काम संभाल रही है दवाई ऑक्सीजन आदि भी तेरे राजनीति से मुक्त हो जायेगी सभी के अपने अकालमृत्यु मर रहे है  #ResignModi मानवता केलिऐ #Resign_PM_Modi देशभक्त हो तो https://t.co/L6eG1Kwya9,HOF,OFFN,1
hi_hasoc_2021_5720,#Resign_PM_Modi बेटा तुमसे ना हो पाएगा(covid19) https://t.co/sAa6w4OsMR,HOF,OFFN,1
hi_hasoc_2021_1159,"ये बंगाल की CM ममता बनर्जी नही है,ये Terror की आका डायन है👹जो बंगाल मे TMC पार्टी के आतंकवादी जिहादीयोंसे बलात्कार,खुन,खराबा बंमबारी कराती है  #TMCTerror #TMCGoons #BengalBurning #BengalViolence #MamtaisTerrorist #ArrestMamta #ShameOnDiaonMamta #ShameOnTerroristMamtaBanerjee https://t.co/Axssfy78xn",HOF,OFFN,1
hi_hasoc_2021_4428,में NDTv देखने के बजाय डिस्कवरी चैनल देख लेती हूँ क्योंकि अगर सूअर🐷 ही देखना पढे तो जंगली वाला देखूँगी नाली वाला क्यों देखूं..😂😂,HOF,HATE,1
hi_hasoc_2021_4294,कोविड नियंत्रण के प्रत्येक मोर्चे पर नाकाम और नाकारा मोदी सरकार को तत्काल बर्खास्त किया जाये।  #WhereAreVaccines ?? #ModiKaVaccineJumla https://t.co/P2Bc0299GT,HOF,HATE,1
hi_hasoc_2021_4894,ये है अनपढ़ भगत @SakshamHinduBJP । साला अपनी ही बेइज़ती वाले ट्वीट को।लाइक कर रहे है 😂😂😂 #COVID19India #मोदी_इस्तीफा_दो #ModiKaVaccineJumla https://t.co/Rsp1tYVfrG https://t.co/VaSpDYvZFm,HOF,PRFN,1
hi_hasoc_2021_4690,"ऐसी जिंदगी तो जानवर भी नही जीता @NitishKumar जी।  मुखिया, विधायक इस मजबूर वृद्ध को एक आवास नही दे पाए, कल इस वृद्ध की मौत हो जाएगी तो क्या यह बच्ची इसी शौचालय में रहेगी @officecmbihar ? इनका विवरण 👉 करायपरसुराय प्रखण्ड मकरौता पंचायत के गांव दिरीपर वार्ड नंबर 3. कौशलिया देवी। https://t.co/AgjCCx4JOm",HOF,HATE,1
hi_hasoc_2021_5182,"@badri_dk आपका मतलब कम फॉलोवर वाले ""छोटे""  और  ज़्यादा फॉलोवर वाले ""बड़े""..?? #चूटिया",HOF,PRFN,1
hi_hasoc_2021_5217,"जब तक बंगाल मे हिंदुओं पर अत्याचार नहीं रुकेगा, TMC के गुंडों पर कानूनी कारवाई नहीं होगी तब तक देश चुप नहीं बैठेगा   @VHPDigital @FriendsOfVHP @RakeshSinha01 @RadhaRaman921 @iRakeshPanday @Gajjusay  #HindusLivesMatter  #BengalBurning  #CruelMamata   https://t.co/RDS6gyT9PB",HOF,HATE,1
hi_hasoc_2021_4537,"@paramgola @myogioffice @narendramodi @myogiadityanath Modi key kutsit irradey key aagey yogiji pust hain  “हीरे को परखना है तो अंधेरे का इंतज़ार करो, धूप में तो काँच के टुकड़े भी चमकने लगते हैं” Heera hain yogiji or kaanch ka tukda hai modiji #Resign_PM_Modi",HOF,OFFN,1
hi_hasoc_2021_5359,@PremShuklaBJP @shalabhmani कुतिया पार्टी हैं,HOF,PRFN,1
hi_hasoc_2021_4913,@news24tvchannel ONCE IN A CENTURY  @narendramodi @PMOIndia  #मनहुस_मोदी का साया मेरे देश के ऊपर से हट जाएगा आर्मी सारा काम संभाल रही है दवाई ऑक्सीजन आदि भी तेरे राजनीति से मुक्त हो जायेगी सभी के अपने अकालमृत्यु मर रहे है  #ResignModi मानवता केलिऐ #Resign_PM_Modi देशभक्त हो तो,HOF,HATE,1
hi_hasoc_2021_3828,"जब केंद्र अब तक 45 प्लस लोगो को ही मुफ्त में वैक्सीन नही दे पाई तो सवाल लाजमी है युवा वर्ग को कहा से दे पाएगी, जबकि फ्री होंनी चाहिए, केंद्र  महामारी के समय दलाली करने व नोट कमाने में ध्यान दे रही है ,हुक्मरानों नींद कैसे आ जाती है  #ModiKaVaccineJumla #500DaysOfAmaravatiProtests",HOF,HATE,1
hi_hasoc_2021_4263,"ममता दीदी तेरा खूनी खेला नही चलेगा, नहीं चलेगा !!  बंगाल में हो रही हिंसा के खिलाफ आज निज आवास कटरा मेदनीगंज  पर कोविड गाइडलाइन का पालन करते हुए धरना दिए सांसद मा. संगमलाल गुप्ता जी ।   @narendramodi @AmitShah @JPNadda @swatantrabjp  #ShameOnMamata #BengalBurning  #bengalvoilence https://t.co/O9G2KRFmuu",HOF,OFFN,1
hi_hasoc_2021_5533,#BengalViolence #BengalBurning #BJPSaveYourBengaliSupporters  Shame on #MamataBanarjee 😠😡। देश के साथ खिलवाड़ ना करो ममता दीदी जिसदिन देश खेल गया न उस दिन acch ni hoga🙏😠   @narendramodi @AmitShah  @rashtrapatibhvn @VPSecretariat @DefenceMinIndia @BJP4Bengal @MamataOfficial https://t.co/kQeygAAgvD,HOF,OFFN,1
hi_hasoc_2021_708,"@Rautparody61 गधा कुर्सी पर बैठा है , देश के लिए यही दुर्भाग्य है 🤣🤣🤣🤣",HOF,OFFN,1
hi_hasoc_2021_4956,@narendramodi @AmitShah #बंगाल में जो मारे जा रहे है वो बेशक #पार्टी के #मंत्री नेता नहीं है लेकिन ये वो है जिनकी बदौलत आप पंतप्रधान #गृहमंत्री बन पाए है। वो #कार्यकर्ता है। इतने कार्यकर्ताओं की जगह इतने नेताओ मंत्रियों की #हत्याएं होती तब भी क्या धरना ही होता? #BengalBurning,HOF,HATE,1
hi_hasoc_2021_1829,@TimesNow ONCE IN A CENTURY  @narendramodi जैसा मनहुस पैदा होता है @PMOIndia  #मनहुस_मोदी का साया देश से हट जाएगा आर्मी सारा काम संभाल रही है दवाई ऑक्सीजन आदि भी तेरे राजनीति से मुक्त हो जायेगी सभी के अपने अकालमृत्यु मर रहे है  #ResignModi मानवता केलिऐ #Resign_PM_Modi देशभक्त हो तो,HOF,OFFN,1
hi_hasoc_2021_4312,@ABPNews @RubikaLiyaquat दलाल रूबीका यूपी में ब्राह्मण नेता तो काफी है उप मुख्यमंत्री दिनेश शर्मा जब से यूपी में प्रियंकागांधी जी ने सक्रिय होने के बाद भी व्हाइट कॉलर नेताओं की दुकानदारी बंद हो गई है काम के नाम पर केवल स्टेटस और एटीट्यूट था पार्टी का संदेश साफथा मेहनतकरोगे तोपार्टी बढ़ाएगी वरना घर बैठिए,HOF,HATE,1
hi_hasoc_2021_4760,"अड़े थे ज़िद्द पर कि सूरज बना कर छोड़ेंगे, पसीने छूट गए एक दिया बनाने में...!  मेरी निगाह में वो शख्स आदमी भी नहीं,  जिसे लगा है ज़माना खुदा बनाने में...!!  #ResignPMmodi #ModiMustResign #AndhBhakt https://t.co/9yYw0Pp2Ne",HOF,HATE,1
hi_hasoc_2021_4672,@news_nishad पॉलिटिकल ठग और दलाल जो एक समाज के युवा का हत्यारा डॉक्टर संजय जब उसके मरने पर जन्मदिन बना सकता है तो तुम लोग अभी जिंदा हूं तुम्हें तो अपनी उंगलियों में भी नचा सकता है अभी समय रहते संभल जाओ नहीं तो तुम्हें भी किसी दिल पछताना पड़ेगा,HOF,HATE,1
hi_hasoc_2021_1909,@News18UP अब कहा मर गया ओवैसी  जो लव जिहाद कुछ नही होता है उसका रंडी रोना करता था,HOF,OFFN,1
hi_hasoc_2021_6074,"आस्तीनी पिटारे में मौजूद है कई खूँखार भयंकर  खतरनाक जीव जंतु नस्ल इंसान की, अक्ल शैतान की सत्ता के लिए बेच देते है ईमान भी।  राजनीति की खातिर गद्दारी का ईमान भी जहरीले नाग डसने को बेताब डंक लिए बिच्छू तैयार । मजहबी नुकीले दाँत लिए नोचने को भेड़िए काटने को तैयार भौकते पागल कुत्ते",HOF,HATE,1
hi_hasoc_2021_6010,@totaly_sober @drpathare @abpmajhatv @CMOMaharashtra चहा वाल्याने चहा विकता विकता देश कधी विकला समजलच नाही तरी पण काही मूर्ख लोक त्याच समर्थन का बर करत असावे??🤔🤔,HOF,OFFN,1
hi_hasoc_2021_5175,"@GautamGambhir @ArvindKejriwal तूम भाजपा की राखी सावंत से बढ़कर कुछ नही हो, उत्त 😡 #ModiKaVaccineJumla #ModiResignOrRepeal",HOF,OFFN,1
hi_hasoc_2021_5632,#बंगाल_हिंसा #bengalburning #SHAMELESSMAMTA,HOF,OFFN,1
hi_hasoc_2021_5989,"क्या ही सरकार बना के रखे है। ना देश की चिंता ना देशवासियों की ,तभी मैं सोचा ये लोग 50साल बाद  क्यों आते है और जब जाते है तो फिर 50 साल तक इनका जीत से कोई नाता क्यों नहीं रहता।  #ShameOnModi #AmitShah #andhbhakts #sahabuddinsahab #JusticeForShahabuddin #OsamaShahab @OsamaShahab_",HOF,HATE,1
hi_hasoc_2021_3755,"@RaameshKoirala यो आम नेपालीको बर्णन हो, सबभन्दा चुटिया त्यसैबाट छानेर नेता हुने हो। अनि नेतालाई मात्र गाली गरेर के गर्नु ।",HOF,OFFN,1
hi_hasoc_2021_4161,@Nish_ant_1 ये नाजायज औलाद है जो  कुत्तों की तरह कहीं भी टांग उठा देते हैं।,HOF,OFFN,1
hi_hasoc_2021_5575,"Comeon modi ji its time to leave Enough is enough   Thanks for your ""ACCHE DIN"":-[  Now #ResignPMmodi  No more #IStandWithModi Just #ExitModi   #Vaccine_और_MSP_दो #कोरोना_को_चुनाव_मे_बढ़त https://t.co/tkuEFxlS8S",HOF,HATE,1
hi_hasoc_2021_3896,शाहबुद्दीन का मर्डर #ISLAMOPHOBIA नहीं तो और क्या है ?? #Islamophobia_in_india   #JusticeForShahabuddin,HOF,HATE,1
hi_hasoc_2021_5485,@Twitter जब तक आप हमारे राष्ट्र के कानून के आगे नतमस्तक नहीं ।भाड़ में जाओ नामुराद ।,HOF,OFFN,1
hi_hasoc_2021_4348,पैदाइशी मूर्ख है या धरती पर आकर मूर्ख   बने हैं ☺ https://t.co/tz3rDKqgPU,HOF,PRFN,1
hi_hasoc_2021_5674,@IamSKrathore @RubikaLiyaquat @narendramodi अबे जाकर ढंग से देख सूअर की औलाद तेरी बहन के जांघों के नीचे से कितने आदमी निकल गए होंगे और तुसी खाने चलना है दूसरों को इसमें अगर इतना ही मत होता तो सरकार की नाकामियों को छुपाती नहीं सवाल पूछती निडर होकर और रही बात कांग्रेस की तू जा कर पूछ ले कोई बहनोई तो नहीं है तेरा उसमें,HOF,OFFN,1
hi_hasoc_2021_4941,ओये रन्दी की बीज  दीदी गई भाड़ में गटर की पडाइस  51 लाख 🐖🐖🐖 की कोशिश के परिणाम अब तू आ जा  😡😡😡 अब मैं तुंझे तेरी अम्मा के अंदर वापस डालूंगी  हरामी😡😡 https://t.co/gFl6HhQP9j,HOF,PRFN,1
hi_hasoc_2021_5785,"राजनीति भ्रष्टाचार की तरह कभी खत्म नहीं होती . बस “हरामी नेताओ "" का तबादला होता रहता है  , कभी यहाँ , कभी वहाँ , कभी इसके पार्टी के साथ तो कभी उसके पार्टी के साथ!..  😄😄😄😄😄 #जितिन_प्रसाद_दलबदलु_निकला https://t.co/fjRflqrskr",HOF,HATE,1
hi_hasoc_2021_5094,"@ak_thakurcs @Dr_Uditraj दोस्तों, आओ हम सब सर्वसम्मति से महान अर्थशास्त्री, धुरंधर वैज्ञानिक, अंतर्राष्ट्रीय किसान, भयंकर सवर्ण-दलित मसीहा #चुदित राज जी को खांग्रेस #अध्यक्ष एवं #पलधानमंतली बनाएं !!🙏 ""सभी #समस्याएं समाप्त"" #उदित_राज_को_अध्यक्ष_बनाओ_बे @Dr_Uditraj  #CovidVaccine https://t.co/HrWBrorcLe",HOF,OFFN,1
hi_hasoc_2021_5272,धरना देने से TMC कार्यकर्ताओं की अकल ठिकाने आ जायेगी क्या???   यह बिल्कुल वैसा ही है जैसे चरखा चलाने से अंग्रेज भाग खड़े हुए थे..!  #CruelMamata  #BengalBurning #Bengal @BJP4India @swatantrabjp @BittuTuFanii @dineshbjp09 @MajorPoonia,HOF,HATE,1
hi_hasoc_2021_5617,पाकिस्‍तानी विदेश मंत्रालय प्रवक्‍ता जाहिद हाफिज चौधरी कहता है कि भारत ने जम्‍मू-कश्‍मीर में एकपक्षीय अवैध कार्रवाई करके अंत‍रराष्‍ट्रीय कानूनों का उल्‍लंघन किया। दूसरी ओर पाकिस्‍तान का प्रधानमंत्री इमरान खान कश्‍मीर पर भारत से बातचीत के लिए गिड़गिड़ा रहा है।,HOF,OFFN,1
hi_hasoc_2021_2552,@sambitswaraj @aajtak नारंगी खटमल चुप रहो- राधिका खेड़ा 😆 @Radhika_Khera https://t.co/z5bqUZGerg,HOF,OFFN,1
hi_hasoc_2021_4283,दिल्ली सरकार हाफ चड्डी की गुलाम थी और रहेगी नफरत सिर्फ इसको उर्दू नाम वालों से ही है.. #ShahabuddinSaheb का मर्डर हुआ है। शाहबुद्दीन साहब के साथ इंसाफ होना चाहिए.. #JusticeForShahabuddin,HOF,HATE,1
hi_hasoc_2021_1738,@SKBodh4 @Jitendra_Raj96 @Anil_aazad @SurajKrBauddh @AnujBadgoTya @Sanjeet_jatav @Navalsingh_Azad @Praveen_raj79 @DevBaba124 @Subhash_Aazad_ @Gordhanlilawat7 जब न तेरा जिक्र है़ न तेरे पार्टी का तू कैसे आया नाजायज औलाद,HOF,OFFN,1
hi_hasoc_2021_4915,"दो मिनट का मौन उनके लिए भी जिनको बंगाल में चुनावी रैली दिखी ,  कोरोना दिखा किन्तु  अब हिंसा , लूट अग्निकांड और महिलाओं को लुटती इज़्ज़त नहीं दिख रहीं ।  #PresidentsRuleinBengal  #BengalBurning  #BengalViolence    #WestBengalViolence",HOF,HATE,1
hi_hasoc_2021_155,@Gobhiji3 @DChaurasia2312 और तू भी सूअर का बच्चा जो हर पोस्ट में और धमकता है दीपक चौरसिया की,HOF,OFFN,1
hi_hasoc_2021_5470,बेशर्मी और लापरवाही की भी हद होती है स्वास्थ्य मंत्री जी!!  पूरे देश में #ऑक्सीजन को लेकर अव्यवस्था फैली हुई है और आप अपने व अपनी सरकार के निकम्मेपन को justify करने में busy हैं??  बेहद शर्मनाक!!  #OxygenShortage #OxygenEmergency #OxygenCylinders #ModiGovt #ModiKaVaccineJumla https://t.co/LFmhetv0aG,HOF,OFFN,1
hi_hasoc_2021_5653,"@yadavakhilesh बाप बाप होता है......इन्हें पता है अक्ललेश की सरकार कभी न्हई आएगी और समाजवादी वैक्सीन कभी नही लगेगी... कुपुत्तर बकियाते रहे की जे भाजपा की वैक्सीन है , लगवाने से आदमी लोग सब भाजप्पा का समर्थक बन जाता है। पर.......🤣🤣 हमाओ लौंडा चुटिया है ...हम तो वैक्सीन लगइएबे  😂😂😂😂😁😁 https://t.co/LiJPyQQuhQ",HOF,PRFN,1
hi_hasoc_2021_4846,कटाक्ष - साहब ने 3000  करोड़ की ये मूर्ति बनवाली लेकिन अफ़सोस कि ये मूर्ति ना खुद साँस लेती है और ना किसी को साँसे देती है . #COVID19India #ResignModi #Resign_PM_Modi #andhbhakts #OxygenCrisis #StopPrivatization @Bankers_United @ravishndtv @ndtvindia @NITIAayog #statueofunity,HOF,HATE,1
hi_hasoc_2021_5443,अरे मुसलमानो कब तक मरते रहोगे  #JusticeForShahabuddin,HOF,HATE,1
hi_hasoc_2021_4484,गुगल को भी पता है ये टत्ती प्रोजेक्ट है। #देश_ऑक्सीजन_मांगता_है #मोदी_इस्तीफा_दो  #Resign_PM_Modi #ResignModi  #FarmersProtest  #CentralVista #CentralVistaProject  #ModiGovtSeNaHoPayega #BjpDestroyedIndia #Bengal https://t.co/5bxpGvPlIz,HOF,PRFN,1
hi_hasoc_2021_5236,गज़ब है गोदी मीडिया #रोजगार_नही_तो_सरकार_नही #किसानो_पर_FIR_मत_करो #कृषि_कानून_रद्द_करने_पड़ेंगे #ResignHarshvardhan #नींद_से_जागो_अमित_शाह_जी #FarmersProtest #ExitModi #ResignPMmodi #किसानों_का_मोदी_को_धोबीपटका #didi_o_didi https://t.co/xQpIR05461,HOF,HATE,1
hi_hasoc_2021_4842,"यह कैसी हुकूमत है #BJP की जिंदगी में पहली बार ऐसा हो रहा है . लोग मर रहे हैं, ऑक्सीजन नहीं है। श्मशान और कब्रिस्तान भर गए लाशों से।  आपने अपना समझ के इस सरकार को वोट दिया, इसने आपके अपनों को तड़पा तड़पा कर छीन लिया . #BjpDestroyedIndia #भाजपा_सरकार_ऑक्सीजन_दो #ModiKaVaccineJumla",HOF,HATE,1
hi_hasoc_2021_5834,@RahulGandhi तुम लोगों की #चाइनीज़ वफादारी देख कुत्ते भी पूछने लगे हैं की ये राजनेता किस नस्ल का है मालिक......,HOF,OFFN,1
hi_hasoc_2021_5636,#OxygenCrisis  @ndtv @TheLallantop @apnarajeevnigam @Anurag_Dwary लोग oxygen की कमी से मर रहे हैं और इन्हें अब भी यज्ञ करने पर webinar करना है। शर्म आनी चाहिए ऐसे मंत्रियों को कुछ तो वैज्ञानिक दृष्टिकोण देखिए आप मंत्री हैं। @JansamparkMP @UshaThakurMLA #IndiaCovidCrisis https://t.co/a0xl59C55w,HOF,HATE,1
hi_hasoc_2021_4879,@ForeignOfficePk भाड़ में जाओ।,HOF,HATE,1
hi_hasoc_2021_5192,"कुछ सालों पहले आपने जो डिजिटल (मेक इन इंडिया) का शेर 🦁 देखा था ना !  ये वही है पर अब गधा 🐐 बन गया है....,🤔🤔😁😂 https://t.co/8StjkXdc90",HOF,OFFN,1
hi_hasoc_2021_4719,@narendramodi जी #बंगाल_हिंसा पर आपका कायराना रवैया #प्रधानमंत्री पद की गरिमा को धूमिल करता है।  @AmitShah @PMOIndia #BengalBurning #BengalViolence,HOF,HATE,1
hi_hasoc_2021_1207,"कनाडा में एक मुस्लिम परिवार के 4 फ़र्द को रौंदकर क़त्ल करने वाला आतंकवादी यहूदी है। यक़ीन जानिये अगर ये क़त्ल करने वाला मुस्लिम होता और मक़तूल फ़ैमिली ग़ैर-मुस्लिम होती तो दुनिया की इस्लामोफोबिक मीडिया अबतक ""इस्लामिक आतंकवाद"" का रंडी-रोना रो रही होती। #IslamophobiaIsTerrorism",HOF,HATE,1
hi_hasoc_2021_4359,@NPCI_BHIM आप लोग चुटिया बना रहे हो।,HOF,HATE,1
hi_hasoc_2021_4590,@bainjal धोबी का कुत्ता।।,HOF,OFFN,1
hi_hasoc_2021_5393,@TimesNow @raghav_chadha ONCE IN A CENTURY  @narendramodi @PMOIndia  #मनहुस_मोदी का साया मेरे देश के ऊपर से हट जाएगा आर्मी सारा काम संभाल रही है दवाई ऑक्सीजन आदि भी तेरे राजनीति से मुक्त हो जायेगी सभी के अपने अकालमृत्यु मर रहे है  #ResignModi मानवता केलिऐ #Resign_PM_Modi देशभक्त हो तो,HOF,OFFN,1
hi_hasoc_2021_5269,इस धरा का जानवर रूपी मनुष्य से बदला लेना स्वाभाविक है?? जहां इस तरह के कुंठित मानसिकता वाले दुष्टो का निवास हो।। शर्म आती है ऐसे कुष्ठ मानसिकता वाले प्राणियो पर।।। बहुत ही घिनौना कृत्य 😡😡 असहनीय https://t.co/kARFb88cpC,HOF,HATE,1
hi_hasoc_2021_5596,@BBCHindi मिडिया कितना दोगला है बीबीसी का सभी हिन्दुओ को बहिष्कार करना चाहिये ये समाज में वर्ग विशेष को टारगेट कर समुदाय विशेष के लोगो के गलत कार्यो का समर्थित नजर आता है।,HOF,HATE,1
hi_hasoc_2021_5844,कौन है ये हरामी करणी सेना वाला 😠😠 https://t.co/PzKa2KtsRg,HOF,OFFN,1
hi_hasoc_2021_4465,दलाल मुक्त मीडिया कब होगा हमारा देश ?,HOF,HATE,1
hi_hasoc_2021_1590,@MamataOfficial भाड़ में जाओ ना ममता आंटी,HOF,OFFN,1
hi_hasoc_2021_5496,"#BengalViolence #BengalBurning यदि आपने राक्षस नहीं देखा है, तो देख लीजिए 👇 https://t.co/NTMANbAeGy",HOF,HATE,1
hi_hasoc_2021_4264,@umashankarsingh चीन मदरचोद बा,HOF,PRFN,1
hi_hasoc_2021_5578,भारत सरकार सभी तेलो पर टेक्स ज्यादा मात्रा मे बसूल करती हैं और ऐसे मे काम धंधे चौपट हैं महंगाई आसमान छू रही हैं ऐसे मे मोदी सरकार महंगाई को कंट्रोल मे करे   शर्म आनी चाहिए भारत की मीडिया को जो अपने देश की मंहगाई नहीं बताती पाकिस्तान मे कितनी महंगाई हैं उस पर रंडी रोना करती हैं😏,HOF,OFFN,1
hi_hasoc_2021_3608,@MK2azi @Bit2_Sharma0207 ओ कटी $$लली की पैदाइश..16384 बाप का हो गया है तू.. अब अपनी जम्मी की धन्नो को खुदवा के तानपुरा बनवा के मानेगा..? बस कर नाजायज़ जाहिल औलाद.. सुन सब्सिडी पे पलने वाले कुत्ते.. भोंकना बंद कर.. DLP कहीं का.! तेरे तो नाम में भी K2a (कटवा) है जाहिल🤣🤣🤣,HOF,OFFN,1
hi_hasoc_2021_5654,"यह किया है योगी जी ने  चिनवा के प्रकोप से आरंभिक दिनों में मची अफरा तफ़री को यदि छोड़ दें तो इस महामारी से लड़ने में भी योगी जी देश के सबसे सफल CM रहे,आँकड़े बोलते हैं।  ट्रांसफर,पोस्टिंग,अवैध ठेके में भी योगी जी ने ही लगाम लगाई है जिससे उनकी ही पार्टी के कुछ नेता चिढ़े बैठे हैं.",HOF,HATE,1
hi_hasoc_2021_3516,"@UberFacts @Retweet_wala कुत्ते तो ममता दीदी के पास भी है, तभी हिंसा कर के हंस रही है   सच है ये fact   बस ये कुत्ते जिनको कांट रहे है उनको कब समझ आयेगा? #MamataBanarjee #BengalBurning #bengalelectionresult #MamataConnection",HOF,OFFN,1
hi_hasoc_2021_4317,"ममता बैनर्जी शर्म करो, हिंसा आगज़नी का खेल बंद करो… @Dev_Fadnavis @BJP4Nagpur #BengalBurning #BengalViolence https://t.co/fb1Kauz436",HOF,OFFN,1
hi_hasoc_2021_4365,जल्द ही सुहागरात भी चौराहे पर मनाना आधुनिकता कहलाएगा जब यही सब आधुनिकता है तो कुत्ते-कुतिया हमसे अधिक आधुनिक हैं । ये फोकटी आधुनिकता ले डूबेगी।क्योंकि फटी जीन्स  में आपको वही लोग नही देखना चाहते जो आपके शुभचिंतक है। बाकी दुनिया तो आपको आपकी बहन बेटियो को नंगा देखना चाहती ही है. https://t.co/ix1aZDMHp9,HOF,PRFN,1
hi_hasoc_2021_5900,@narendramodi टोंटी भैया तुम्हें ही समझा रहें प्रधानमंत्री जी ऐसी ओछी हरकते करना बंद करो जनता का कुछ भला नहीं कर सकते तो कम से कम चुप तो रहो.....,HOF,OFFN,1
hi_hasoc_2021_3563,@Bina_Singh2 हरामी गद्दार अखलू हत्यारे मुजरिम मुल्लामखां की पैदास है,HOF,PRFN,1
hi_hasoc_2021_161,"@bharose_bhagwan @RamanSAzad @PMOIndia @narendramodi चूटिया,तो भगवान भरोसे होता है",HOF,OFFN,1
hi_hasoc_2021_3836,@laxmi_sangita लेकिन लक्ष्मी संगीता गली की कुतिया बीच में क्यों पड़ रही है?,HOF,OFFN,1
hi_hasoc_2021_4451,Unfollow @yadavtejashwi @laluprasadrjd @RJDforIndia मौत पे सौदा किया है @RJDforIndia ने #JusticeForShahabuddin,HOF,HATE,1
hi_hasoc_2021_5993,"#WestBengal  श्री राम के नाम का धंधा बना कर और उसकी आड ले कर कभी किसी इंसान की दाड़ी नही खिचनी चाहिए अंधभक्तो, जो बोया वो उगा उसके बाद वो कट गया। 😂😂😂  #MaskUpIndia #JusticeForShahabuddin #जस्टिस_फॉर_शहाबुद्दीन https://t.co/jy9ZTOcZoe",HOF,OFFN,1
hi_hasoc_2021_3309,आज देश का नौकरशाह अपने स्वार्थ के लिए सरकारो का पालतु कूत्ता बनकर देश के  प्रजातंत्र और संविधान को नष्ट करने मे सबसे बडी़ भूमिका निभा रहा है।सरकार की कुत्ता गरी करो तो राज्यपाल पद पाओ-वरना् ठोकरे खाओ।अब प्रजातंत्र को जीवित रखना बडा़ कठिन है।,HOF,HATE,1
hi_hasoc_2021_5230,@iam_juhi क.. क... क... ??  किरन ?   या  कुतिया? 😀😀,HOF,PRFN,1
hi_hasoc_2021_5481,#ResignModi  #BJP go back  #INCALB जिंदाबाद #FEKU भारत छोड़ो,HOF,HATE,1
hi_hasoc_2021_5893,"@ShekharGupta @RuhiTewari ए देख, इनका रंडी रोना 😢 शुरुआत जारी",HOF,PRFN,1
hi_hasoc_2021_4337,@viswadeep12345 @JitinPrasada @narendramodi @AmitShah @myogiadityanath @shalabhmani @PiyushGoyal @JPNadda @brajeshlive @kpmaurya1 दोगला चरित्र,HOF,OFFN,1
hi_hasoc_2021_5150,"@RahulGandhi   ने पहले ही बोल दिया था कि जिसको जाना है वो जाए, जाने वालों को कोई रोक नही सकता, फिर ये दलाल मीडिया छाती क्यों पीट रही है 🤔",HOF,HATE,1
hi_hasoc_2021_673,@PetaIndia @_bhushan17_ हम तो आपकी ना माने पेटाभाई @PetaIndia...आप इतने कमिने हो.... पाखंडी हो...,HOF,OFFN,1
hi_hasoc_2021_1828,जिस शख्स को जेल से लेने के लिए हजारों गाडियां जाती थी।।।। आज उसकी मय्यात घर है ना जा सकी।। तरस आता है इस कोम पर।।।। @asadowaisi @sunitayadav007 @NargisKhan007 @007AliSohrab #JusticeForShahabuddin,HOF,HATE,1
hi_hasoc_2021_1486,@BHARATV15655910 @Madhu_2005 @RealArnab_ आश्रम की नाजायज औलाद तू बिल्कुल चुप जाके मूत पी !🖕🖕🖕🖕🖕🖕,HOF,OFFN,1
hi_hasoc_2021_4715,"@WarisAliMewati @PragyaLive हद से ज्यादा ढीठ,बेशर्म और फूहड़ ""चिंटुत्व"" के फेवरेट होते हैं,ऊलजलूल बोलो, झूठे आरोप लगा दो,दूसरों को टोक के देश विरोधी, हिंदु विरोधी प्रचारित करो,झूठ  पकड़े जाने पर चिल्लम चिल्ली करो और धार्मिक छौंक दो,बस ये है सकारात्मकता  चिंटुत्व की।",HOF,HATE,1
hi_hasoc_2021_1543,"@Rakeshparmar831 @bhupeshbaghel @INCChhattisgarh @GauPrem @Gannuuprem @cowsblike @susantananda3 @vikrantkumar इन्होंने किस पूतना का दूध पिया है👊👊इसकी तो इतनी मरम्मत करना चाहिए कि यह दुष्ट सारी उम्र उठ ना पाए , और देख ना पाए👹",HOF,OFFN,1
hi_hasoc_2021_5058,पूर्व सांसद को अपने घर की जमीन पर दफन होने भी नहीं दे सकती है सरकार  लानत है ऐसी सरकार पर 😡😏  #JusticeForShahabuddin https://t.co/IIB9DsvbON,HOF,HATE,1
hi_hasoc_2021_4995,"@Dr_Uditraj और तू जो रोज़ काले रंग का झूठ ट्विटर पर जातिवाद हग के फैलाता है, वो क्या है कमीने सुअर",HOF,PRFN,1
hi_hasoc_2021_4779,"@RealPawanSaxena इनमे क्या विशेषता है, भाई, जो इन्हे समुदाय विशेष कहा जाये, अरे इन सूअर के पिल्लो को, मुस्लिम, मोमिन,  मजहबी लोग, मोमिन या जुनूनी मजहबी लिखेँ, ,",HOF,HATE,1
hi_hasoc_2021_4853,@kunalkamra88 चलो हम कामरा को सूअर कभी नहीं बोलेंगे...  लेकिन सूअर को तो कामरा बोल सकते हैं ना 😂😂,HOF,OFFN,1
hi_hasoc_2021_5569,मेरे पास कुतिया है - A2M https://t.co/fxVS75uLzy,HOF,OFFN,1
hi_hasoc_2021_4445,"@PrinceArihan @JPNadda हम हिंदुओं को धरना नही, बदला चाहिए।  #BengalViolence #BengalBurning   https://t.co/74t3fjPDWb",HOF,HATE,1
hi_hasoc_2021_5682,@Saurabh_Unmute ONCE IN A CENTURY  @narendramodi @PMOIndia  #मनहुस_मोदी का साया मेरे देश के ऊपर से हट जाएगा आर्मी सारा काम संभाल रही है दवाई ऑक्सीजन आदि भी तेरे राजनीति से मुक्त हो जायेगी सभी के अपने अकालमृत्यु मर रहे है  #ResignModi मानवता केलिऐ #Resign_PM_Modi देशभक्त हो तो,HOF,OFFN,1
hi_hasoc_2021_5914,"@ActivistVed यहां भी लोगो का दोहरा चरित्र दिख ही जाता है। हालांकि मैं भोजपुरी के फूहड़ गानों का साथ नहीं दे रहा, फिर भी कहूंगा की फूहड़ता हर जगह के गीतों में विद्यमान है l इसलिए सिर्फ भोजपूरी सिंगर को दोष देना उचित नहीं।",HOF,OFFN,1
hi_hasoc_2021_4817,"@narendramodi @MamataOfficial आप निश्चित रुप से इंदिरा गांधी जी के रत्ती भर बराबर नहीं है। निर्दोषों को भगाया जा रहा, घर लूटा और तोड़ा जा रहा, बेटियों बहनों को छेड़ा जा रहा और आप बधाई दे रहे। आपको क्या हो गया है? बीजेपी आपकी मां है तो फिर उसके कार्यकर्ता भी तो कोई लगते ही होंगे #BengalBurning",HOF,HATE,1
hi_hasoc_2021_4578,"@ArvindKejriwal हरामी साले, बिहार में हर गाँव और पंचायत में  लोगों को बुलाकर वैक्सीन लगाई जा रही है। पर @NitishKumar जी ने तो इसका ढिंढोरा नही पीटा। हर काम मे प्रचार ही करना है तो हरामी बॉलीवुड जॉइन कर ले।",HOF,PRFN,1
hi_hasoc_2021_4696,जय 🙏 हो यह कोन सा खानदान है 🤔 यह धरती के लायक नहीं 🔫 हरामी है गद्दार है और क्या....... क्या https://t.co/o3zybqRXHq,HOF,PRFN,1
hi_hasoc_2021_5672,@swatantrabjp @narendramodi हम माध्यम वर्ग के टैक्स से तो दिया है।फ्री में अनाज न तो किसान देगा न ही बनिया और न ही सरकार।देश मे दो ही वर्ग है एकअमीर अम्बानीअडानी दुसरा मुफ्तखोरी का अनाज लेने आने वाला गरीब।हम मध्यवर्ग तो कुत्ता है कुत्ता।औकात नही फिर भी बच्चे पैदा करके भेज देते है प्राइवेट स्कूल में पढ़ाने।,HOF,OFFN,1
hi_hasoc_2021_4476,"@jitanrmanjhi मरहूम सहाबुद्दीन की लाश जैसे दिल्ली गेट ITO कब्रिस्तान मे सुपुर्द ए खाक हुई,❣️   Inshallah ऐसे ही बिहार में  लालू तेरी पार्टी को सुपुर्दे खाक करेगी बिहार की जनता #JusticeForShahabuddin",HOF,HATE,1
hi_hasoc_2021_4966,"So much international aid coming to India, but ""खाएगा तो मोदी ही""  #spinelessmodi  #SpinelessBJP  #CovidIndia  #SaveIndia @AnupamPKher  #ResignModi",HOF,OFFN,1
hi_hasoc_2021_2146,मर गया कुत्ता 😂😂 #JusticeForShahabuddin,HOF,OFFN,1
hi_hasoc_2021_5463,@ishwars03962227 @Aasif_Bhandari @anamikaa_143 क्यों तेरी दी Di के साथ सात फेरे लेके गद्दारी कर दी   क्यों बे गुफा पुत्र नकली हिन्दू बोल आगे साले गद्दार देशद्रोही माफी वीर की नाजायज़ औलाद गद्दारी का इतिहास है तुम गुफा पुत्रो का,HOF,OFFN,1
hi_hasoc_2021_4416,@RealSumanGupta1 @Vyas241S दुष्ट लड़की😏😏,HOF,OFFN,1
hi_hasoc_2021_5582,"ट्विटर ने चड्डी उतारनी शुरू कर दी है, भक्तों अब तुम भाड़ में जाओ😃",HOF,OFFN,1
hi_hasoc_2021_4646,"@SupriyaShrinate जो इंसान पत्रकारिता करते करते, सीधा राजनितिक पार्टी ज्वाइन कर ले, टिकट मिल जाये, चुनाव लड़े, और वो ही इंसान बाद मे मिडिया को महिमा मण्डली बोले,  तो सोचने पर ये मजबूर होना पड़ता है की ये जीव जंतु कितना गन्दा,  दोगला, कितना नीच, कितना नालायक होगा",HOF,OFFN,1
hi_hasoc_2021_5525,"कनाडा में एक मुस्लिम परिवार के 4 फ़र्द को रौंदकर क़त्ल करने वाला आतंकवादी यहूदी है। यक़ीन जानिये अगर ये क़त्ल करने वाला मुस्लिम होता और मक़तूल फ़ैमिली ग़ैर-मुस्लिम होती तो दुनिया की इस्लामोफोबिक मीडिया अबतक ""इस्लामिक आतंकवाद"" का रंडी-रोना रो रही होती। #IslamophobiaIsTerrorism",HOF,HATE,1
hi_hasoc_2021_5483,@sakshijoshii मतलब अभी तक वाह वाह और पार्टी बदलते ही आह आह !! दोगला पन क्यूं,HOF,HATE,1
hi_hasoc_2021_5104,"CM Mamata Banerjee का गंभीर आरोप, Bengal में Corona विस्फोट के पीछे BJP Leaders.. #BengalBurning​ #covid19newsupdate  https://t.co/xi4UuEcxTF",HOF,HATE,1
hi_hasoc_2021_4945,@sambitswaraj @JPNadda #BengalViolence हम कड़ी निंदा करते है! बीजेपी की जिम्मेदारी खत्म?  2024 मे बीजेपी हार जाती है तो उस समय तो 25-30 पार्टिया होगी! जब आप एक पार्टी के गुण्डो से नहीं बचा सकते तो इतनी पार्टियों कैसे बचायेंगे आपको वोट देने वालों की!  #BengalBurning  #BengalViolence,HOF,HATE,1
hi_hasoc_2021_5355,@_garrywalia भाजपा की द्वारा 20.000 करोड़ लगा कर और चुनाव आयोग को हाई जेक करकर भी यदि भाजपा बंगाल में चुनाव हार रही हे तो ये फ़क़ीर की व्यक्तिगत हार हे #ResignPMmodi #BengalElection2021 #KhelaHobe,HOF,HATE,1
hi_hasoc_2021_5431,ज़बाब देने के वाट्स एप यूनिवर्सिटी के नाजायज औलाद मैदान में उतर जायेगा https://t.co/P3B62yAW82,HOF,OFFN,1
hi_hasoc_2021_5107,@AnOpenLetter001 बंगाल पर कांग्रेस सहित सभी विपक्षी दल गूंगे-बहरे हो गए यही भाजपा शासित होता तो गूंगे भी बोलने लगते !  #BengalBurning #BengalViolence https://t.co/ZLcDSpyjKF,HOF,HATE,1
hi_hasoc_2021_987,RSS is a public health threat.  #कृषि_कानून_रद्द_करने_पड़ेंगे #ResignModi #FarmersProtest https://t.co/hu2IB3zBgo,HOF,HATE,1
hi_hasoc_2021_3102,"""संघी दरींदो"" पर ""बंगाली गुंडो"" की जीत ये दरसाती है, लोगों मे दिमाग तो है, इतनी आसानी से हिंदुस्तान को गुजरात की तरह गुलाम नही होने देंगे !!   #MamataBanerjee #ResignPMmodi #BjpDestroyedIndia #TMCwinsBengal #BJPKorbe200Paar #ModiResign #नंदीग्राम #SuvenduAdhikari #YogiAdityanath",HOF,HATE,1
hi_hasoc_2021_6088,What is more फूहड़?,HOF,PRFN,1
hi_hasoc_2021_3747,@Gyan1590 @Manisha1519 दुष्ट 😂😂😂😂😂,HOF,OFFN,1
hi_hasoc_2021_5710,To #FixTheCountry Modi needs to resign. #Retweet if you agree.  #ResignPMmodi #didi_o_didi #ModiKaVaccineJumla #COVIDisAirborne #IndiaNeedsOxygen #ExitModi #किसानों_का_मोदी_को_धोबीपटका #KindAttnPMNarendraModi #SOSDelhi https://t.co/bpFyiwPneW,HOF,HATE,1
hi_hasoc_2021_5868,बंगाल के जादवपुर की BJP उम्मीदवार का घर देखिए...बंगाल में जो हार गया वो बिलख रहा है ।  #BengalBurning #BengalViolence https://t.co/fIGoXf5VvW,HOF,HATE,1
hi_hasoc_2021_5796,"@RajkamalWriter @vinodkapri @ghaziabadpolice @NarsinghUvach @Uppolice @dgpup धर्म मजहब और रिलिजन में अंतर है पांडे, कार्ल मार्क्स ने धर्म को नही रिलीजन को अफीम बोला, दुख की बात ये है कि हिन्दू  नाम के वामी और दोगलो को धर्म मजहब और रिलीजन का अर्थ नही पता, और सामने वाला कुछ भी कांड करे 1400 साल से तो  चुप रहो, जब कोई उत्तर दे तो फिर फटने क्यों लग जाती है।",HOF,HATE,1
hi_hasoc_2021_2913,@cg_raipurwale @imashutosshukla गधा गधों का लीडर ।,HOF,OFFN,1
hi_hasoc_2021_6106,"कनाडा में एक मुस्लिम परिवार के 4 फ़र्द को रौंदकर क़त्ल करने वाला आतंकवादी यहूदी है। यक़ीन जानिये अगर ये क़त्ल करने वाला मुस्लिम होता और मक़तूल फ़ैमिली ग़ैर-मुस्लिम होती तो दुनिया की इस्लामोफोबिक मीडिया अबतक ""इस्लामिक आतंकवाद"" का रंडी-रोना रो रही होती। #IslamophobiaIsTerrorism",HOF,HATE,1
hi_hasoc_2021_5518,"@ibhumihar_queen @Baklol801 😆😆😆😆,, बड़े हरामी हो, बेटा",HOF,OFFN,1
hi_hasoc_2021_4751,@IMinakshiJoshi दलाल मुक्त मीडिया भी चाहिए।,HOF,HATE,1
hi_hasoc_2021_4667,जगह - जगह दरी बिछा के धरना देते भाजपा के नेताओं को चाहिए कि वो एक तेल की शीशी भी रख लें #BengalBurning #BengalViolence,HOF,HATE,1
hi_hasoc_2021_3321,@DChaurasia2312 एक कुत्ता भी मोदी जी कि तरफ मुंह करके भोके तो ये उसे अपना बाप बना लेते हैं,HOF,OFFN,1
hi_hasoc_2021_4982,इस लॉक डाउन में कहीं मिठाई की दुकान खुली है तो बताना यार ! नल्ली ओ नल्ली !! Kicked from #Twitter and rightly so 🙏  #KanganaRanaut_Suspended #नल्ली_ओ_नल्ली #ModiHataoDeshBachao  #ModiResign  #ResignModi  #MamataBanarjee  #MamtaBanerjee https://t.co/NC2dKVXJBL,HOF,OFFN,1
hi_hasoc_2021_5818,कौवा सावन में नाच जाए तो मोर नही होता हर दाढ़ी बढ़ाने वाला रविंद्र नाथ टैगोर नही होता!#ResignModi,HOF,HATE,1
hi_hasoc_2021_2434,@MimrotReena पप्पू गधे ने बिना दिमाग वाली कुतिया रखी है उसका मूत पी कर पगला जाती है कुछ भी गधे को बोलो कुतिया का पिछवाड़ा जलन से ज़मीन में जा कर लगता है ।,HOF,PRFN,1
hi_hasoc_2021_4326,@KrisNair1 @gupta_pooj हरामी तो नही कहते अच्छा नही लगता,HOF,PRFN,1
hi_hasoc_2021_5722,#IndiaNeedsOxygen #IndiaCovidCrisis #ModiResign #ModiKaVaccineJumla #ModiResignOrRepeal देश का nas कर दिया,HOF,OFFN,1
hi_hasoc_2021_5716,दीदी बंगाल में कह रही थी*खेला होबे-खेला होबे और दीदी के कहने का मतलब शायद अब समझ में आ गया है खेला होबे मतलब आगजनी होबे मार-काट होबे बलात्कार होबे #BengalBurning,HOF,HATE,1
hi_hasoc_2021_4505,"ये बंगाल की CM ममता बनर्जी नही है,ये Terror की आका डायन है👹जो बंगाल मे TMC पार्टी के आतंकवादी जिहादीयोंसे बलात्कार,खुन,खराबा बंमबारी कराती है  #TMCTerror #TMCGoons #BengalBurning #BengalViolence #MamtaisTerrorist #ArrestMamta #ShameOnDiaonMamta #ShameOnTerroristMamtaBanerjee https://t.co/Dm38cfueQV",HOF,OFFN,1
hi_hasoc_2021_5526,@Madhav61527890 आगे मत बोलना भौसड़ी के माफ़ी वीर सावरकर की नाजायज औलाद अंग्रेजों से 60रु महीने लेकर पिछवाड़े की नालि साफ करवाया करता। चाणक्य नहीं सावरकर जो कह कर गया था अंध भक्त वहीं कर रहे हैं भाजपा कार्यालय में नाली साफ करवा रहे हैं 🤣🤣🤣🤣🤣 मोदी ब्लैक फंगस के शिकार अंध भक्त https://t.co/YUDCOu3Jnl,HOF,PRFN,1
hi_hasoc_2021_5118,"चमचों बेशक कोविड से मर जाना, लेकिन अगर एक बाप कि सन्तान हो तो मोदी की वैक्सीन मत लगवाना। जो 2 महीने पहले कह रहे थे, कोरोना है ही नहीं, मोदी की चाल है। आज उन धूर्तों को वैक्सीन चाहिए।  #ModiKaVaccineJumla",HOF,HATE,1
hi_hasoc_2021_4831,#ModiKaVaccineJumla #ModiKaVaccineJumla जुमला ले लो अंधा भक्तो। https://t.co/CmJg2AX9ek,HOF,HATE,1
hi_hasoc_2021_1036,"@ShilpiSinghINC @RahulGandhi सरकारी स्कूल से पढ़कर कलाम और मोदी देश के राष्ट्रपति और प्रधानमंत्री बने। विदेशी यूनिवर्सिटी में पढ़कर भी बार डांसर का बेटा पप्पू ही रह गया। बात स्पेलिंग की नही ""नस्सल"" की हैं। गधे को चमकाकर ऊपर जॉकी को बैठाने से गधा घोड़ा नही बनता।  अपनी अक्कल लगाओ और गधे को बाप बनाना छोडो।🙏🏻",HOF,OFFN,1
hi_hasoc_2021_4419,@AcharyaPramodk @yadavakhilesh पर तु भी ढोंगी और दोगला ही निकला क्योंकि शायद तेरी इटालियन अम्मी और तीब्र नथुनी ने तेरे पर उम्मीद लगाई थी पर अफसोस तू तो और भी बड़े गंदे गटर का ही उत्पाद ही साबित हुआ है। अब तू अपनी फिक्र कर टोंटी वालों की चिंता छोड़।,HOF,OFFN,1
hi_hasoc_2021_2043,"ये बंगाल की CM ममता बनर्जी नही है,ये Terror की आका डायन है👹जो बंगाल मे TMC पार्टी के आतंकवादी जिहादीयोंसे बलात्कार,खुन,खराबा बंमबारी कराती है  #TMCTerror #TMCGoons #BengalBurning #BengalViolence #MamtaisTerrorist #ArrestMamta #ShameOnDiaonMamta #ShameOnTerroristMamtaBanerjee https://t.co/OyZ9xCVZ3L",HOF,OFFN,1
hi_hasoc_2021_4701,वह तो छोड़ कर चले गए पर हमें रुलाने के लिए कुछ नाजायज़ औलाद लाठी के साथ छोड़ गए!🤔😜🤣👻🤣🤣✌️✌️✌️,HOF,HATE,1
hi_hasoc_2021_5075,"अपना @Baklol801 रोड़ पर चल रहा था,   अचानक नीचे झुककर रोड़ से              कुछ उठाया और जोर से चिल्लाया कमीने लोग..                ""हगते"" भी ऐसे हैं जैसे समोसा पड़ा हो!! 😝😝😝😂😂😂",HOF,PRFN,1
hi_hasoc_2021_5737,"@ashu_nauty @zoo_bear @Pooja_Chaudhuri आतंकी लिखो, सूअर लिखो,  ये अपने पे ले लेते हैं,  क्या करे भाई कौम ने यही इज्जत कमाई है..",HOF,OFFN,1
hi_hasoc_2021_4547,"@JPNadda ये भाजपा को हमने  व्होट धरणा  या भाषण देणे के लिये  नही दिया है,  पार्टी के  कार्यकर्ता को आप नही बचा सकते तो size  bhej dijiye चूडिया भेज देते है.... #BengalBurning",HOF,HATE,1
hi_hasoc_2021_4932,@komalmeena0403 इन सबके अलावा एक चीज है जो आपके बस की बात नही  चाहे आप झूठ बोले या रोना सीख लिया हो पर आप फेकू चौकीदार चोर जीतना ह #रामी नही बन सकती ये हिटलर की नाजायज औलाद है 😀😃😄😃,HOF,HATE,1
hi_hasoc_2021_1607,@shivgurjar444 @GurjarBoysPage चुटिया ठीक रहेगा,HOF,PRFN,1
hi_hasoc_2021_3275,"@keshu_777 @aman0391 @RajeshParihar1P @official_anujku @AnilSha21934758 @979Avanish @KamalKesari1 @RaviJanghela इसके खिलाफ एफआईआर दर्ज कराया जाये।  आरेस्ट किया जाये। इस सुवर की इसकी औकात बताया जाये। देश के पीएम के मान- सम्मान को ठेस पहुँचाने,  देश की गरिमा का अपमान करने के लिये इसके खिलाफ मुकदमा किया जाये। इस दुष्ट को इसके अपराध की सजा दी जाये।।  जय हिन्द जय मोदी  😡",HOF,OFFN,1
hi_hasoc_2021_3106,@__neupanee_ दुष्ट,HOF,OFFN,1
hi_hasoc_2021_5667,अगर उनकी नज़र मे ग़रीब सिर्फ़ एक वोट 🗳 और मौत एक आँकड़ा है 🤷🏻‍♂️ तो हम मूतते हैं ऐसे सिस्टम के मुँह पर 😠😠😠 #DM_शैलेश_यादव_सस्पेंड #25सांसद_लापता_है #AndhBhakt #GodiMedia #ModiResign #ModiKaVaccineJumla,HOF,HATE,1
hi_hasoc_2021_4377,"विश्व के दो बड़े मुल्क बर्बाद हुए, पहला चीन - गलत खान पान से, दूसरा भारत - #गलत_मतदान से  #Resign_PM_Modi #ModiResign  @INCIndia @srinivasiyc @RahulGandhi https://t.co/IwHhRYZ1Tz",HOF,HATE,1
hi_hasoc_2021_5215,@AcharyaPramodk @OfficeOfKNath ढोंगीचार्य चच्चा चिंता मत करो दुष्ट इतनी जल्दी नही मरते,HOF,OFFN,1
hi_hasoc_2021_1797,@SatyamSayba @dabi_tina हाहाहा...हाहाहा.....अब ये मुल्ला कहाँ से आ गया क्या आप के जन्म से 9 माह पहले आपकी मम्मी जी के साथ कोई मुल्ला जी खेलते थे क्या ??.....मुझे लग ही  रहा था कि आप नाजायज औलाद होंगे क्योंकि आप मे दम ही नही की अपनी रियल फ़ोटो व नाम लिख सको.......बड़ी गंदी नस्ल के निकले तुम तो यार । 😂🤣,HOF,OFFN,1
hi_hasoc_2021_6097,@mr_mmp @anuragspparty सुन योगी की नाजायज औलाद पटक कर यही चोद देंगे चल निकल मधरचोद,HOF,PRFN,1
hi_hasoc_2021_4641,@NewsNationTV @DChaurasia2312 @yogrishiramdev @manoj_gairola बाबा रामदेव ने बिल्कुल सही कहा है जो आपके पेनल पर बैठे हैं इन्हीं से पुछ लिजीए किसी मुल्ला मौलवी को गलत कहेंगे जो आए दिन झाड़ फूंक के नाम पर लोगों को मुर्ख बना रहे हैं,HOF,HATE,1
hi_hasoc_2021_4213,@akshaykumar कियो रे जानवर दलाल मुँह में किसका ले रखा है मोदी का या योगी का पेट्रोल 103,HOF,OFFN,1
hi_hasoc_2021_4732,@aajtak @sambitswaraj @chitraaum जादवपुर के बीजेपी उम्मीदवार रिंकू नस्कर के घर पर टीएमसी के गुंडों ने किया हमला   नोट:  @chitraaum देख लें @aajtak @IndiaToday के किसी दलाल पत्रकार का घर तो नहीं है #TMCTerror #BengalBurning https://t.co/LBpLaqMVjK,HOF,HATE,1
hi_hasoc_2021_5549,"Le Landais ठीक है, चुप रहो https://t.co/OG0qMsqwq5",HOF,PRFN,1
hi_hasoc_2021_6110,@yadavakhilesh तू भी तो दोगला पप्पू है । राहुल खान की तरह। शर्म कर ।थूक कर खुद ही चाट रहा है।🤐🤐🤐,HOF,OFFN,1
hi_hasoc_2021_5803,@RekhaVerma0821 @SauravG89464504 @Anjana73446972 @Satshreeakaal @KiranTanwar10 @bajaj2107 @MereMalik1 @GoplanRavi @Garimas56317723 @taneja_devander @DharamvirMumrej न्यायालय क्यों दोगला व्यवहार करता है सन्तों के साथ❓ आंतकियों को क्यों मिल रही है बेल❓ #Bapuji की उम्र 85 वर्ष है फिर भी उन्हें Ayurveda इलाज के लिए भी बेल नही दी जा रही है क्यों❓ जन जन की न्यायालय से यही पुकार है की  #बापूजी_को_आयुर्वेदिक_चिकित्सा_मिले क्योकि ये उनका अधिकार है https://t.co/pQR7GaqmuU,HOF,OFFN,1
hi_hasoc_2021_3330,@The_ManishSood @SpiritOfCongres Besharami ki had par kardi  Desh ki janta thoo thoo kar rahi hai @narendramodi_in ji #ResignModi  #देश_ऑक्सीजन_मांगता_है https://t.co/wm9eVLCCf4,HOF,OFFN,1
hi_hasoc_2021_2752,@PMOIndia @narendramodi #Modi  साला बोकाचोदा बना रहा है सब कुछ तो तूने बेच दिया और कहता है। आत्मनिर्भर भारत बनाना है साला मदरचोद चाय बेचने से आत्मनिर्भर भारत बनाओ इस बार मैं कांग्रेस को वोट दूंगा।,HOF,PRFN,1
hi_hasoc_2021_4257,#मोदी सरकार की नौटंकी का दंश झेल रहा भारत! #ModiKaVaccineJumla https://t.co/PfsqPMzn0S,HOF,HATE,1
hi_hasoc_2021_4037,"अब काहे चुप है , तेरी माँ मरगयी का या बहन किसी मूलमान के साथ भाग गयी नोटि #BengalBurning https://t.co/ItlgaaONxl",HOF,OFFN,1
hi_hasoc_2021_5307,बंगाल में ममता दीदी का खूनी खेला.... बंगाल में हत्या ही @MamataOfficial का हथियार - बंगाल जीता होकर हिंसा पर सवार !! #BengalBurning #BengalViolance https://t.co/vSW4szsiEN,HOF,OFFN,1
hi_hasoc_2021_5807,"@narendramodi जी आप बातें बहुत अच्छी करते हैं,  धनकड़ जी से भी आपने मैं की ही baat की होगी, आपको और @AmitShah @AmitShahOffice जी को शर्म आनी चाहिए , अगर देश के प्रधानमंत्री और रक्षामंत्री भी इस तरह बेबस हो जायेंगे तोह आम जनता किस के पास जाएगी.  #BengalViolence #BengalBurning https://t.co/fj00pXSAlD",HOF,OFFN,1
hi_hasoc_2021_5087,हत्या आगजनी लूट और बलात्कारों  के बीच ममता का शपथ ग्रहण ।  और उसके बाद इतिहास में पहली बार  किसी राज्यपाल को शपथ ग्रहण के तुरंत बाद  किसी मुख्यमंत्री को इस कठोर लहजे में शुभकामनाएं देना पड़ी #BengalBurning https://t.co/MYmMIomi96,HOF,HATE,1
hi_hasoc_2021_5332,"@OsamaaShahab शहाबुद्दीन की जगह लालू यादव के साथ ये घटना"" हुई होती तो ससम्मान अंतिम संस्कार के लिए मुसलमान हॉस्पिटल में छलांग लगा दिए होते एक बच्चा (ओसामा) अपने पिता का ससम्मान अंतिम संस्कार के लिए कोर्ट से हॉस्पिटल तक दर दर भटक रहा… और लालू परिवार तमाशा देख रहा 🤐 #JusticeForShahabuddin",HOF,HATE,1
hi_hasoc_2021_5881,"@News18India @AMISHDEVGAN @sambitswaraj @SupriyaShrinate न्यूज 18 इंडिया, अपने कार्यक्रम में, सुप्रिया श्रीनेत जैसी असभ्य, फूहड़, और बद्तमीज़ लोगों को, आखिर क्यों शामिल करता है ?",HOF,OFFN,1
hi_hasoc_2021_5758,"@aajtak @iindrojit @Anupammishra777 @AmitShah @narendramodi @KailashOnline @amitmalviya @sambitswaraj @BJPLive @BJP4Bengal @DilipGhoshBJP @jay_majumdar तेरी औकात क्या है रे प्रधानमंत्री जी को दुश्मन कह रहा है, अब बंगाल की लुंगी बाहिनी नजर में ए हरामी बाहरी नही है क्या @RahulSinhaBJP @tathagata2 @me_locket @paulagnimitra1 @SuvenduWB",HOF,OFFN,1
hi_hasoc_2021_5275,@ndtv इन तबलीगी जमात वालो को देश को बरबाद करना है। इन मुसलमानों को जेल भेज दिया जाना चाहिए #Islamophobia #Islamophobia  #Islamophobia_in_india #CoronaBomb,HOF,HATE,1
hi_hasoc_2021_4568,बंगाल में निर्ममता बैनर्जी के आतंकवादियों के द्वारा की गई हत्याएं देखने के बाद इतने दिनों जिसे हम टोंटी चोर कहते आये हैं आज उसके लिए भी दिल मे इज्जत बढ़ गयी। इलेक्शन हारने के बाद भी बेचारे ने किसी की हत्या ना करते हुए सिर्फ टोटियां ही तो चोरी की थी #BengalBurning #BengalViolence,HOF,OFFN,1
hi_hasoc_2021_4400,@Avnish__Jain @myogiadityanath @Uppolice @UPPViralCheck कौन जानवर है ये.. ये गधे है इनकी बसकी कुछ ना है बोलते बोलते है... जिसको भी नाम कमाना होता है बस वही मुस्लिमो के खिलाफ बोलने लग जाता है.. मौजूदा सरकार कुछ नहीं करती बढ़ावा देती है एसो को.. मोदी को टैग करते ये,HOF,HATE,1
hi_hasoc_2021_4523,"कनाडा में एक मुस्लिम परिवार के 4 फ़र्द को रौंदकर क़त्ल करने वाला आतंकवादी यहूदी है। यक़ीन जानिये अगर ये क़त्ल करने वाला मुस्लिम होता और मक़तूल फ़ैमिली ग़ैर-मुस्लिम होती तो दुनिया की इस्लामोफोबिक मीडिया अबतक ""इस्लामिक आतंकवाद"" का रंडी-रोना रो रही होती। #IslamophobiaIsTerrorism",HOF,PRFN,1
hi_hasoc_2021_5584,@Ankit4_BJP हम सब मूर्ख नही बस कुच्छ चंद लोग है जिनको गुलामी ही पसन्द ह क्यों कि ओ जयचंद वाली श्रेणी में ह । उन्हें सत्ता पैसा का लोभ देश राज धर्म से कोई वास्ता नही ।।,HOF,HATE,1
hi_hasoc_2021_5308,"@rohanrgupta #इटालियन_बारबाला  और   #CCP के  साथ  साथ   मिलकर भारत के ऊपर #ChineseVirus  से अदृश  युद्ध  शुरू किया है ।  वैसे चमचे  महादोगले है , बस   उसे  अपने को सबसे बड़ा चमचा बनने  का कंपटीशन  की चिंता  है  । चाहे देश के साथ गद्दारी ही क्यों ना करना पड़े । https://t.co/Tvi9Xrbtrl",HOF,OFFN,1
hi_hasoc_2021_5389,@ajitanjum एक बात समझ नही आती की मंहगी नस्ल के कुत्ते ज्यादा भौंकते है या उसको पालने वाला ?,HOF,PRFN,1
hi_hasoc_2021_5948,नुसरत जहां ने अपनी शादी को अवैध बताया क्योंकि शादी तुर्की में हुई थी इंडिया में मान्य नहीं है इस हिसाब से तो अल्लाह भी सऊदी में पैदा हुआ था इंडिया में नहीं तो वह भी मान्य नहीं है 😜😂😂,HOF,HATE,1
hi_hasoc_2021_6013,"@khanumarfa @_serajali_ तुम्हारे यहाँ बेटियों का सिन्सेप्ट नही है , होता तो तुम लोग हलाला  ब रेपिस्ट मोलवियों के विरोध मे खड़े होते। खुद प्रोड्यूस vedio को दिखाकर तुम केवल उनको मूर्ख बना सकती हो जिनके कपड़े टखनों से ऊपर रहते है नाकि बुद्धिमानों को। वास्तविकता नीच देख.... https://t.co/8DymsG5D2k",HOF,OFFN,1
hi_hasoc_2021_4931,आज़म खान साहब का इलाज AIIMS में कराया जाए… शहाबुद्दीन साहब की तरह उन्हें सिस्टम भरोसे नही छोड़ सकते😢🙏 #JusticeForShahabuddin,HOF,HATE,1
hi_hasoc_2021_2090,ये है ndtv का दोगला पत्रकार https://t.co/NitNJADGDz https://t.co/Ln49QlecXV,HOF,OFFN,1
hi_hasoc_2021_4940,और जिन्होने देश बेच दिया और बेच रहे है जिन्होने देश और देशवासियो का सत्यानास कर दिया जिन्होने एक करोड देशवासियो की कैरोना से हत्या की और कर रहे है जिन्होने पुलवामा मे सैनिक मरवाए जिन्होने जनता को मुर्ख बनाया उन नरपिशाचो को सरेआम फासी होनी चाहिये कि नही  बोल री राण्ड,HOF,PRFN,1
hi_hasoc_2021_3903,"गैंग ऑफ वासेपुर की याद आ रही है| ""मरहूम शहाबुद्दीन साहब का बेटा उसामा साहब"" अगर फैजल बनकर सिवान में उभरा तो रामाधीर यादव की सियासत ज्यादा नहीं चलेगी| #Islamophobia_in_india   #JusticeForShahabuddin",HOF,HATE,1
hi_hasoc_2021_5635,ऐ बीजेपी वाले सुअर की निशानी है। #बिजेपीसुअर https://t.co/3JXo0BeA3T,HOF,OFFN,1
hi_hasoc_2021_513,@anuragspparty आज से इस पर रंडी रोना शुरु अब यही बचा ही है,HOF,OFFN,1
hi_hasoc_2021_5033,"बस एक जानवर को एग्जिट होना ज़रूरी है, और अगर वो एक एग्जिट हो जाता है दुनिया से, तो बाकि लोगों का एग्जिट होना कम हो जायेगा|  #ModiResign #ModiMustResign #ResignModi #ResignPMmodi #COVID19 #ModiKaVaccineJumla https://t.co/kbr0zfwDMp",HOF,OFFN,1
hi_hasoc_2021_4163,"सड़क पर बैठी गाय किसी का क्या बिगाड़ रही थी, जो इस सुअर के पिल्ले ने कुचल कर उसको मार डाला इन सूअरों को नीचता के स्तर को समझ पा रहे हो हिंदुओ ??? https://t.co/ToWnke0o9k",HOF,OFFN,1
hi_hasoc_2021_1917,@Ravishk356 अवारा कुत्ता भौकने से बाज नहीं आता है।,HOF,OFFN,1
hi_hasoc_2021_1366,टैगोर का शौक पूरा हो गया हो तो थोड़ा हिटलर का रूप भी दिखा दो  वैसे भी 35%आपको हिटलर कहते ही हैं। #BengalBurning,HOF,OFFN,1
hi_hasoc_2021_4278,"PM right now : अबे सालों जब मैंने कुछ खरीदा ही नहीं तो बन्द कैसे हुआ । झूठ फैला रहे हो @Deepakkhatri812 । अभी NSA ,CBI ,ED, IPC , CRPC सब लगाता हूं ।  #YESUNG #win #vaccinated #tiktokdown #stayspacex #ResignModi #quackity #PresidentRuleInBengal #HBDThalaAjith #GoodGirls #EfYam #e https://t.co/Tldn85SszG",HOF,HATE,1
hi_hasoc_2021_5541,"@manavtarun @realSonuNigam0 @ThePushpendra_ @iamsrk @RSSorg @AmitShah @BJP4India @BJPLive अभी भी यही पड़ा है हरामी, देश छोड़ के नही गया",HOF,OFFN,1
hi_hasoc_2021_2810,@LambaAlka तू तेरी सोच गली की कुतिया के जेसे दिन भर ट्विटर पे भोकती रहती हे।कल तक तो आम अदमी पार्टी के गुणगान करती थी।अब कोन्ग्रेस का गुणगान करती हे लाज शर्म हे की नही।तेरे बच्चे भी तेरे बारे मे क्या सोचते होंगे।झुट का पुलिंदा हे तू।चोर कही की,HOF,OFFN,1
hi_hasoc_2021_5018,वसीम राफज़ी मरदूद जो कि मुसलसल मुस्लिमों के खिलाफ ज़हर उगल कर देश का माहौल ख़राब कर रहा है फिर भी यूपी सरकार उसपर #NSA के तहत मुकदमा दर्ज क्यों नहीं कर रही है ?  वसीम राफज़ी मरदूद बीजेपी का पालतू कुत्ता है इसलिए ?  #वसीम_राफज़ी_मरदूद_मुर्दाबाद,HOF,HATE,1
hi_hasoc_2021_4891,"बंगाल में राष्टपति शासन लागु किया जाए  और मेजर जनरल G D बक्शी जी को बंगाल का गवर्नर बना दीजिए.. TMC के गुंडे, रोहंगिया, बांग्लादेशी अपने जान की भीख मांगते नजर न आएं तो कहना..!! #BengalViolence  #BengalBurning",HOF,HATE,1
hi_hasoc_2021_5026,"@PankajPuniaINC केकड़े को आंकड़ा समझ में भी नहीं आयेगा, समझे कि नहीं समझे जड़बुद्धि मंदमति !",HOF,OFFN,1
hi_hasoc_2021_4553,तोह आप वैक्सीन न लगाएं । पैसे बचा ये और नया parliament  बनाने में govt. की हेल्प करे ।  सारा ध्यान बस पैसो पर है ।  साहब आमिर खानदान से है  18000 cr के आगे only लगा रखा है । #ModiKaVaccineJumla #ModiResign https://t.co/LAEVVMQEqb,HOF,HATE,1
hi_hasoc_2021_4630,चुप रहो बोलना नही है इस पर नही तो मुस्लिम विरोधी ओर bjp के आदमी ओर भक्त कहलायोगे ...🙏🏻🙏🏻 https://t.co/hG2caDMJlu,HOF,HATE,1
hi_hasoc_2021_5198,@jadeja_dhairya @Deepakd27349197 @nitinchauhan_07 @panditain_avika @adityabajpynews @viveknmishr @ARVINDKRTIWARI @AzadSenaChief @deepakkomal7 तुम खुद जामुनार के नाजायज औलाद हो।  मलेक्ष की संतान,HOF,PRFN,1
hi_hasoc_2021_3166,"@zoo_bear @Uppolice @ghaziabadpolice ठाकुर चेतन चौहान लगता है बनाने वाले तुझे कुत्ता बनाना था, मगर गलती से बना आदमी दिया, मगर काम तूं कुत्तों वाले ही कर रहा है ?",HOF,OFFN,1
hi_hasoc_2021_5167,तुम्हारे अंत का  समय अब आ चुका है हिटलर बाबू  शर्म से ही मर जाना चाहिए तुझे @PMOIndia @narendramodi #ShamelessModi  #ResignModi #ModiResign #ModiMadeDisaster #ModiFailsIndia #ModiKaVaccineJumla #ModiMustResign #BjpDestroyedIndia #BjpResponsibleForCoronaInIndia https://t.co/IdDAPI6Sz5,HOF,OFFN,1
hi_hasoc_2021_4131,"#TMC_MP_NusratJahan के पति #निखिल_जैन ने बताया कि नुसरत किसी और से मुँह काला करवाकर गर्भवती हुई है। अरे, #NikhilJain जी आप इस वैश्या के साथ फंस कैसे गये, इन  मुल्लियों को हलाला ही पसंद है, ये तो घर से ही शुरू हो जाती हैं। @nusratchirps @MamataOfficial @AITCofficial https://t.co/o7gvaYH6xd",HOF,OFFN,1
hi_hasoc_2021_5321,और कोई गद्दार धोखे बाज दोगला बचा हो तो वो भी निकल जाए आलाकमान से गुज़ारिश है जितने भी लोग पार्टी छोड़ कर बीजेपी में शामिल हुए हैं इनको पार्टी में कभी वापस ना लिया जाए @INCIndia @INCDelhi @RahulGandhi @priyankagandhi @Ch_AnilKumarINC @AmritaDhawan1 @mudit_aggarwal @MukeshSharmaMLA,HOF,HATE,1
hi_hasoc_2021_5450,@JOONIECHERI thank you for teaching me kind words like कुतीया and हरामी,HOF,OFFN,1
hi_hasoc_2021_5015,भारतीय जनता पार्टी के कार्यक्रताओं की खुलेआम हत्या/बलात्कार हो रहे हैं लेकिन ममता बनर्जी ऐसे अपराधियों को बचा रही हैं : @PremShuklaBJP   @manakgupta #RashtraKiBaat #BengalBurning #BengalViolence https://t.co/jXxYyLavAx,HOF,HATE,1
hi_hasoc_2021_5103,"@KaranKawatra4 Karan Kawatra hai jo ki Hlala से पैदा हुआ, गंदी नाली मे सड़ कर बड़ा हुआ, देश का खाता हूं, नमक हरामि भी दिखाता हूं, 6 शादियाँ 22 बचे उगाता हूं, पंचर के काम से हूँ बदनाम.",HOF,OFFN,1
hi_hasoc_2021_184,@OpIndia_in इस हरामी को उधर ही दफना दो,HOF,OFFN,1
hi_hasoc_2021_5621,"@zlj517 @China_Amb_India I am shocked they didn't mention a line (Karam, you have been our worst sufferer) (करम हमारे ख़राब ह भुगत आप रहे ह) #wohanvirus  #chinesevirus",HOF,HATE,1
hi_hasoc_2021_5378,"अबे कुत्ता खोर, सूअर खोर, लांड चटोर, कुत्ते की बीज तू पहली प्रजाति है नरभक्षी प्राणी मे, समझा क्या गटर के pig, मनुस्यों Ka Khun पीने वाले नरभक्षी राक्षस तू किसी को नरभक्षी कैसे बोल सकता है https://t.co/3qvDSSbgcf",HOF,PRFN,1
hi_hasoc_2021_1770,"कनाडा में एक मुस्लिम परिवार के 4 फ़र्द को रौंदकर क़त्ल करने वाला आतंकवादी यहूदी है। यक़ीन जानिये अगर ये क़त्ल करने वाला मुस्लिम होता और मक़तूल फ़ैमिली ग़ैर-मुस्लिम होती तो दुनिया की इस्लामोफोबिक मीडिया अबतक ""इस्लामिक आतंकवाद"" का रंडी-रोना रो रही होती। #IslamophobiaIsTerrorism",HOF,HATE,1
hi_hasoc_2021_732,"झूठा, मक्कारी, मतलबी, धोखेबाजी आज ये सारे शब्द Bjp के नेताओं के लिए सटीक बैठता है।। #राष्ट्रपति_जी_बंगाल_संभालो #Bengalburning  #spinelessmodi  #SpinlessBJP  #CruelMamata",HOF,HATE,1
hi_hasoc_2021_3358,"#ModiKaVaccineJumla जुमला वाला प्रधानमंत्री,   जैसी करनी वैसी भरनी।  लोग जात पात पर वोट करते हैं तो उसे भोंखने वाला कुत्ता ही मिलेगा या फिर बददिमाग गधा नाकि कोई अच्छा इंसानियत का हुनर रखने वाला नेता।",HOF,OFFN,1
hi_hasoc_2021_5466,"@shantanug_ @yadavakhilesh फूहड़ प्रजाति के लोग फूहड़ नाच-गाने पे नाच नाचकर सरकार बना कर उत्तर प्रदेश को लूटने की तैयारी में हैं , समझदार और पढ़ी लिखी उत्तर प्रदेश की जनता सपा को कभी वोट नहीं देगी क्योंकि ये पार्टी सिर्फ दबंग , बाहुबली और क्रिमिनल नेताओं से भरी पड़ी है",HOF,HATE,1
hi_hasoc_2021_4621,"अफसोस! गद्दार सरकार से न्याय नहीं मिला  शहीद शहाबुद्दीन #शहीद_शहाबुद्दीन #Shaheed_Shahabuddin  #Islamophobia_in_india #MuslimLivesMatter #Muslimphobia  #जस्टिस_फॉर_शहाबुद्दीन  #JusticeForShahabuddin , https://t.co/zS4A7zsAVB",HOF,HATE,1
hi_hasoc_2021_5478,ऑक्सीजन की कमी हुई मोदी जी ने आपूर्ति की।रेमेडिसिविर की कमी हुई मोदी जी ने आपूर्ति की।अब वैक्सीन भी मोदी जी ही लगवायेंगे पर एको बात समझ नही आवै है की ये जल्लीलुद्दीन मोहम्मद केजरीवाल हर आधे घंटे मे अपने पिछवाड़े तिरंगा लगाये टेलिविजन पर रंडी रोना करता है  इसके बस का कछू ना है। 🤣 https://t.co/dkyz3fINae,HOF,PRFN,1
hi_hasoc_2021_5778,"दो मिनट का मौन ऊन हरामखोरो के लिए भी जिनको बंगाल में चुनावी रैली दिखी, कोरोना दिखा किन्तु अब हिंसा, लूट, अग्निकांड और बलात्कार नहीं दिख रहा!!! #bengal_violence  #BengalBurning #BengalViolence #BengalElections2021 #ममता_बनर्जी_हत्याएं_बंद_करो #Didi",HOF,HATE,1
hi_hasoc_2021_1625,"कनाडा में एक मुस्लिम परिवार के 4 फ़र्द को रौंदकर क़त्ल करने वाला आतंकवादी यहूदी है। यक़ीन जानिये अगर ये क़त्ल करने वाला मुस्लिम होता और मक़तूल फ़ैमिली ग़ैर-मुस्लिम होती तो दुनिया की इस्लामोफोबिक मीडिया अबतक ""इस्लामिक आतंकवाद"" का रंडी-रोना रो रही होती। #IslamophobiaIsTerrorism",HOF,HATE,1
hi_hasoc_2021_5934,@zishanAliRJD @yadavtejashwi @sardanarohit कोरोना पॉजिटिव था उसको अपने गाव कुरूक्षेत्र ले जाया गया और डॉ मोहम्मद शहाबुद्दीन साहब नेगेटिव थे तो उनको दिल्ली का कब्रिस्तान वो भी दिल्ली @ArvindKejriwal Govt और प्रशासन ने अपने मर्ज़ी से दिया? कितना मुश्किल है इस मुल्क में मुसलमान होना😥  #JusticeForShahabuddin,HOF,HATE,1
hi_hasoc_2021_5754,@ChouhanShivraj मामा जी आप अपना प्रदेश ही देख लो तो बहुत है । मार्केटिंग करना बंद करो ओर मुख मंत्री पद से इस्तीफा दे  संभाल नहीं पा रहे हो आप  लोग लाचार हो गए  #Resign_PM_Modi #ExitModi #resign_shivraj #savemp,HOF,OFFN,1
hi_hasoc_2021_4253,"@pradipsinhbjp @BJP4India @JPNadda 2014 में आपने कहा हमारी सरकार बना दीजिए चलो बनादी 2019 में आपने कहा हमारे हाथ और मजबूत कीजिए, चलो वो भी कर दिया मगर आज  जो बंगाल में हो रहा है, वो नहीं देखा जा रहा, भाड़ जाए विकास ,भाड़ में जाए करोना हमें बंगाल ने हिंदू सुरक्षित चाहिए @narendramodi @AmitShah #BengalBurning",HOF,HATE,1
hi_hasoc_2021_1211,@INCChhattisgarh मालिक का वफादार कुत्ता बोलिए।,HOF,OFFN,1
hi_hasoc_2021_6045,"@nitushrma2 @RahulGandhi कौन से किसान ??  ये जो दिल्ली में 6 महीने से मजा कर रहे हैं , वो दलाल, देशद्रोही है । हम भी किसान है और सरकार के साथ हैं । किसान अपने खेतों में है, बार्डर पर नही ।",HOF,HATE,1
hi_hasoc_2021_4895,@kafir_sangi @SatinderSahota8 On world 🤣🤣🤣 u r pure shit of Modi  #किसानो_पर_FIR_मत_करो #कृषि_कानून_रद्द_करने_पड़ेंगे #ResignModi #Resign_PM_Modi #ExitModi,HOF,OFFN,1
hi_hasoc_2021_4980,"@Kalpana19385005 @Asthakaushik05 जो इस देश का न तो मंत्री है ना ही कोई मुख्य व्यक्ति , उसकी पोल के चक्कर मे पूरी रंडी bjp सरकार पीछे पड़ी रहती है, 😀😀😀😀😀",HOF,PRFN,1
hi_hasoc_2021_4884,@PankajBansor @kunalkamra88 कबाड़वीरों की नाजायज औलाद।,HOF,OFFN,1
hi_hasoc_2021_3762,@ShayarParwana @Alpanah51 @NadeemFarrukh_ @ShaanIrfan05 @asadowaisi @007QaQa @HusseinArbaj तेजस्वी यादव ग़द्दार है l लालू यादव ग़द्दार है l राबड़ी देवी ग़द्दार है l #JusticeForShahabuddin,HOF,OFFN,1
hi_hasoc_2021_4460,@usman_hun @ibrahim_awan_ भाड़ में जाओ,HOF,OFFN,1
hi_hasoc_2021_3201,"कनाडा में एक मुस्लिम परिवार के 4 फ़र्द को रौंदकर क़त्ल करने वाला आतंकवादी यहूदी है। यक़ीन जानिये अगर ये क़त्ल करने वाला मुस्लिम होता और मक़तूल फ़ैमिली ग़ैर-मुस्लिम होती तो दुनिया की इस्लामोफोबिक मीडिया अबतक ""इस्लामिक आतंकवाद"" का रंडी-रोना रो रही होती। #IslamophobiaIsTerrorism",HOF,HATE,1
hi_hasoc_2021_2431,"ये बंगाल की CM ममता बनर्जी नही है,ये Terror की आका डायन है👹जो बंगाल मे TMC पार्टी के आतंकवादी जिहादीयोंसे बलात्कार,खुन,खराबा बंमबारी कराती है  #TMCTerror #TMCGoons #BengalBurning #BengalViolence #MamtaisTerrorist #ArrestMamta #ShameOnDiaonMamta #ShameOnTerroristMamtaBanerjee https://t.co/4i29otOfME",HOF,OFFN,1
hi_hasoc_2021_5696,चमचों ने कहा कोरोना की वैक्सीन नहीं लेंगे.   बाद में पता चला चमचे पहले ही पप्पू मूत्र की डोज ले चुके थे.#ModiKaVaccineJumla,HOF,OFFN,1
hi_hasoc_2021_4354,"@MrSunnyGuglani @RKS_NationFirst @INCIndia आपकी अत्यंत नेक़ राय के लिए बहुत धन्यवाद। 💐  ट्विटर बहुत बड़ा है आप आगे से लेफ्ट या राइट लेकर कहीं भी मुड़ जाएँ और अपना ""वैश्या विलाप"" जारी रखेँ। और मुझ अंधभक्त को कृतार्थ करें। 🙏",HOF,HATE,1
hi_hasoc_2021_5409,@Shabazk313 @Murli20915352 @MaheboobGogi @BJP4Karnataka #Hindus DYING #HindusLivesMatter   #KindAttnPMNarendraModi  #coronasecondwaveinindia #ModiMadeDisaster #ResignModi    #BJP #RSS LIARS   I WARNED 2 YRS BACK #RSSTerrorists BANNED BY SARDAR PATEL IGNORED  #शेर_नहीं_भेड़िया_पाल_लिया_भक्तो  #MautKaSaudagar,HOF,HATE,1
hi_hasoc_2021_5693,@Purba_Ray रंडी रोना शुरू,HOF,PRFN,1
hi_hasoc_2021_5848,@realpbhattarai हरि रोक्का बाट पनि ब्ल्क खाने भनेपछि कमिनै रहेछौ कि कसो ?😁😂,HOF,OFFN,1
hi_hasoc_2021_5942,#OPS #BanEVM #पुरानी_पेंशन_बहाल_करो #FarmersProtest #SpeakUpForFarmers #StopPrivatization #ModiMadeDisaster #NPS_भारत_छोड़ो #NPS_QUIT_INDIA #NPSनिजीकरणभारतछोड़ो #OPS_कर्मचारी_का_अधिकार #NPSनिजीकरणकेख़िलाफ़_इंक़लाब #स्वास्थ्य_क्षेत्र_मे_बजट_बढ़ाओ #Resign_PM_Modi #Vaccine_और_MSP_दो https://t.co/SBUmPHllXH,HOF,HATE,1
hi_hasoc_2021_1033,हिन्दू खतरे में है तो अमित शाह का बेटा मैदान में आये और धर्म को बचाये ! गरीब के बच्चों को क्यूं मरवा रहे हो तड़िपारो ?  🤬🤬 #ModiResign #ResignModi #ResignPMmodi #Resign_PM_Modi #ModiMustResign #ModiResignOrRepeal #ModiAbandonedIndia #BjpDestroyedIndia #ModisCrimeAgainstIndia,HOF,OFFN,1
hi_hasoc_2021_6044,@PeekayKalra @NewsNationTV @VidyaNathJha @manoj_gairola ONCE IN A CENTURY  @narendramodi @PMOIndia  #मनहुस_मोदी का साया मेरे देश के ऊपर से हट जाएगा आर्मी सारा काम संभाल रही है दवाई ऑक्सीजन आदि भी तेरे राजनीति से मुक्त हो जायेगी सभी के अपने अकालमृत्यु मर रहे है  #ResignModi मानवता केलिऐ #Resign_PM_Modi देशभक्त हो तो,HOF,OFFN,1
hi_hasoc_2021_5501,कितना मुश्किल है इस मुल्क में मुसलमान होना😥😥😥😥 #JusticeForShahabuddin,HOF,HATE,1
hi_hasoc_2021_4806,@IOkv2VYCY8DsQI7 @iingwen दोषपूर्ण खेल से चीन नहीं बचेगा। #WuhanVirus #ChineseVirus #TaiwanIsNotchina,HOF,HATE,1
hi_hasoc_2021_2633,"बंगाल में मात्र 6 महीना राष्ट्रपति रूल लगवाइए और मेजर जनरल G D बक्शी जी को बंगाल का गवर्नर बना दीजिए.. TMC के गुंडे, रोहंगिया, बांग्लादेशी अपने जान की भीख मांगते नजर न आएं तो कहना.. #BengalBurning https://t.co/2sDFantUGc",HOF,HATE,1
hi_hasoc_2021_498,@simon_robin @yadavakhilesh अरे यह बस सैफई में रंडी ही नचा सकता है,HOF,OFFN,1
hi_hasoc_2021_4504,क्या मज़ा आज्ञा नरेंद्र मोदी जी? लोगो को भी मारने छोड़ दिया और चुनाव भी हार गए.... शर्म तो आ नही रही होगी बिल्कुल। #CoronaPandemic #COVID19Vaccine @narendramodi @AmitShah #Bengal #BengalElection #bengalelectionresult #BengalResult @VishalDadlani #BJP #IndiaCovidCrisis,HOF,OFFN,1
hi_hasoc_2021_5399,"मोदी का PM बनना  मुसलमानों पर बड़ा एहसान है! मोदी को PM नहीं चूना गया होता तो शायद हमें कभी पता भी नही चलता कि ""सड़े हूए समाज"" के दिलों मे... मुसलमानों के प्रति कितना नफरत भरा हुआ है. मेरी ज़बाँ पर शिकवा-ए-अहल-ए-सितम नही, मुझको जगा दिया यही एहसान कम नही ✍️ #JusticeForShahabuddin",HOF,HATE,1
hi_hasoc_2021_2573,@kamaalrkhan घटिया आदमी पहले तो मुझे इसके रिव्यू में मजा आता था  लेकिन यह तो बहुत वाहियात व फूहड़ इंसान निकला   लड़ाई में घर परिवार वालों को घसीटना घटियापन लीचड़पन की निशानी है अपनी लड़ाई अपने तक ही रखो,HOF,OFFN,1
hi_hasoc_2021_5879,@arunpudur @himantabiswa ये समय भी बीत जायेगा   पर धोकेबाज़ @BJP4India @RSSorg  से विश्वास उठ गया 🙏  #Bengal  #BengalBurning,HOF,HATE,1
hi_hasoc_2021_266,मोदी जी सूर्पनखा और तड़का की अवतार ममता को विष करने के बजाय हिंदुओ रक्षा करे। #राष्ट्रपति_जी_बंगाल_संभालो #spinelessmodi #BLOODandGUTS #BengalBurning #Bengal #MamataBanarjee #IsupportModi https://t.co/UyZUsMVIin,HOF,OFFN,1
hi_hasoc_2021_5620,"@DChaurasia2312 इस राक़ेस डकैत ने तो ग़द्दारी की हद पार कर दी,,, हत्यारा है हरामी https://t.co/N46jtsZBDb",HOF,OFFN,1
hi_hasoc_2021_5347,"शुक्रिया @ShayarImran  साहेब शुक्रिया @KhanAmanatullah साहेब ,, इस दुख की घड़ी में ओसामा शहाब का साथ देने के लिए साथ खड़े होने के लिए,,उन लोगों का भी  बहुत शुक्रिया जो दिल्ली में ओसामा के साथ खड़े हुए,,सीवान इस बात को याद रखेगा,, #JusticeForShahabuddin",HOF,HATE,1
hi_hasoc_2021_4545,#TejashwiYadav फर्जी सेकुलरिज्म का पाठ पढ़ाना बंद करो। कोन कोन साथी ट्वीटर पे ट्रेंड करने के लिये तैयार है।@yadavtejashwi @laluprasadrjd  8:00 बजे #JusticeForShahabuddin,HOF,OFFN,1
hi_hasoc_2021_4295,@Vndnason @Anil_aazad बीजेपी पर मुजरा करो कांग्रेस पर चुप रहो इसका जिम्मेदार कौन है चंदू को पैसा मिल गया था क्या,HOF,HATE,1
hi_hasoc_2021_5611,@janardanmis ये कमिने बाज नही आयेंगे,HOF,HATE,1
hi_hasoc_2021_4914,@MamataOfficial   क्या यह जीत की खुशी है या बंगाल में भाजपा की बढ़त के कारण यह डर है?  आपकी राजनीतिक पार्टी के गुंडों ने सारी हदें पार कर दी हैं।  #BengalBurning,HOF,HATE,1
hi_hasoc_2021_4401,"बंगाल में जिन बेटीयों का बालात्कार और हत्या हो रही है,क्या वो बंगाल की बेटियां नही है..😡😡  वो #tmcgoons नरभक्षियों की रोटियां क्यों बन गई ..  अब बोल 😡 #BengalBurning  #BengalViolence https://t.co/f35PdZJiaQ",HOF,HATE,1
hi_hasoc_2021_5277,@Dr_Uditraj तो अमेरिका में कॉंग्रेस के जैसे दलाल नही थे जो 70 साल देश को बर्बाद करके बिना माक्स घूमने के लिए बोल रहे है,HOF,HATE,1
hi_hasoc_2021_5497,"एम डी बोले -""क्लासिकल तबला"" रेडियो पर .. ""जाकिर हुसैन"" का तबला बजने लगा  MD साहब खुश होकर कार लेकर घर की तरफ निकले।  अचानक एक कार ने ओवरटेक करके सामने से क्रास किया...  MD साहब के मुँह से निकला ""हरामी""  रेडियो बजा - ""नमस्कार दोस्तो मैं अरविन्द केजरीवाल बोल रहा हूँ......""  😀😀😀",HOF,OFFN,1
hi_hasoc_2021_1655,"@ShilpiSinghINC @SirKazamJeevi मजाक तो आम हिन्दुस्तानी का बन गया है। मोदी कों क्या फर्क पड़ता है, वो तो अपने नए घर, प्लेन, ऑफिस बनाने में व्यस्त है। Time to amplify #ResignModi #ResignPMmodi #TryModiForCrimesAgainstHumanity #BJPFailsIndia #BjpDestroyedIndia",HOF,OFFN,1
hi_hasoc_2021_5772,"कनाडा में एक मुस्लिम परिवार के 4 फ़र्द को रौंदकर क़त्ल करने वाला आतंकवादी यहूदी है। यक़ीन जानिये अगर ये क़त्ल करने वाला मुस्लिम होता और मक़तूल फ़ैमिली ग़ैर-मुस्लिम होती तो दुनिया की इस्लामोफोबिक मीडिया अबतक ""इस्लामिक आतंकवाद"" का रंडी-रोना रो रही होती। #IslamophobiaIsTerrorism",HOF,HATE,1
hi_hasoc_2021_5500,"हमारी लड़ाई है हुक़ूमत में शिराक़तदार बनने की हमे जूतियां उठाने की सियासत नहीं आती ।  आखरी सांस तक हमारा मकसद एहकाम ए इलाही निजाम ए मुस्तफा का राज कायम करना रहेगा इंशाल्लाह चाहे किसी भी तरह मुमकिन हो.    ओर रही बात तुम्हारी तुम्हे एक बात बता रहा हु     ""भाड़ में जाओ तुम"" https://t.co/GyrawotQuT",HOF,HATE,1
hi_hasoc_2021_2053,@IAmNehaBharti ये टोटिचोर  की नाजायज औलाद है🤣🤣🤣🤣,HOF,OFFN,1
hi_hasoc_2021_1371,सभी जुमले ही होते है जब तक अंध गोबर मूर्ख भक्त और गिध्द गोदी मीडिया तब तक साहब #ModiKaVaccineJumla,HOF,HATE,1
hi_hasoc_2021_5531,"@arunbajpairajan दोस्तों, आओ हम सब सर्वसम्मति से महान अर्थशास्त्री, धुरंधर वैज्ञानिक, अंतर्राष्ट्रीय किसान, भयंकर सवर्ण-दलित मसीहा #चुदित राज जी को खांग्रेस #अध्यक्ष एवं #पलधानमंतली बनाएं !!🙏 ""सभी #समस्याएं समाप्त"" #उदित_राज_को_अध्यक्ष_बनाओ_बे @Dr_Uditraj  #CovidVaccine https://t.co/HrWBrorcLe",HOF,HATE,1
hi_hasoc_2021_5514,@Don47482883 अब कौन से जमाती है अब तो उस समय से ज्यादा फैल रहा है और ये कुम्भ मेला आयोजित करने के बारे में क्या कहना है ये जमाती से ज्यादा गुनाहगार नहीं है होश मे रह कर बात करो #CoronaSecondWave #ResignPMmodi #CoronavirusIndia #CentralVistaProject https://t.co/5dCPH3P47P,HOF,HATE,1
hi_hasoc_2021_4453,@thenitinnotes कितने बड़े हरामी और हिटलर निच टाइप केे अच्छी सोच वाले इंसान हो आप..,HOF,PRFN,1
hi_hasoc_2021_6025,"ओ गीदड़ की फ़ौजों ! कहाँ गयी तुम्हारी चीत्कार, जब बंगाल जल रहा है! बलात्कार और मासूमियत की दुहायी नहीं सुनाई दे रही है! ग़ैर हिंदुओं के लिए तो तुम्हारा हावड़ा तुरंत खुल जाता है, कहाँ है तुम्हारी तथा क़थित इंसानियत! अब मुँह खोलो  #CruelMamata #PresidentRuleInBengal #BengalBurning",HOF,HATE,1
hi_hasoc_2021_313,@AMISHDEVGAN दलाल खरीदा हुआ चाबीवाला खीलोना हैं। 😀😂🤣😂,HOF,OFFN,1
hi_hasoc_2021_4837,छोटा सहाबुद्दीन तो है ही लेकिन ये सहाबुद्दीन साहब की तरह आपकी गुलामी करने वाले नही है आप कितना उनके साथ खरे थे ये तो जमाना जानता है  #JusticeForShahabuddin  #BoycottRJD https://t.co/E36wz4lKAb,HOF,HATE,1
hi_hasoc_2021_4541,देखिए आज मोदी जी संबोधित करेंगे 5 बजे शाम में देश को  मौत के मुँह में धकेलकर और संबोधित करेंगे कि मित्रो अब तुम भाड़ में जाओ फिर भी हम ही  प्रधानमंत्री बनेगे ...जो उखाड़ना हो उखाड़ लो || ◆देश का नेता कैसा हो भोसड़ी वाला जैसा हो ◆ ★★जय हो ★★ @narendramodi  @NitishKumar,HOF,PRFN,1
hi_hasoc_2021_5317,@awasthis @ABPNews मीडिया ने तो 6 सालो से चेहरे पर मास्क पहना है की वो पत्रकार है लेकिन हकीकत में मीडिया और पत्रकार तो चाटुकारी कर रहे है। इतना दोगला देश में कोई नही (इनका बाप भी नही) जितना देश का बिकाऊ मीडिया है। दोगला,HOF,HATE,1
hi_hasoc_2021_6128,"@advosiddhu सत्य मेव जयते, यानी की सत्य की विजय होती है। जिसने भी ये कहा होगा अव्वल दर्ज़े का हरामी होगा। आइये मैं बताता हूँ आपको शास्वत सत्य। ""जो विजयी होता ही वही सत्य होता है"" अल्पसंख्यक (सावर्ण) इस बात को बखूबी जानते हैं मगर बहुसंख्यक को उल्टी पाठ पढ़ते हैं और जाहिल बहुसंख्यक पढ़ते हैं।",HOF,PRFN,1
hi_hasoc_2021_5538,@ippatel जब केंद्र के मंत्री z+ की सुरक्षा लेकर भी बंगाल दौरा सही से भी कर सकते उनपे हमला होता हैं तो उन करोड़ों कार्यकर्ता पे क्या जुर्म ढाया जा रहा होगा अफसोस अभी ये निंदा धरना देंगे 😡 इनके लिए सता ही सबकुछ है और कुछ नही कुछ तो शर्म करो #BengalBurning #bengalvoilence #ममता_की_निर्ममता,HOF,HATE,1
hi_hasoc_2021_6017,शेरू शायद कुतिया के पिल्ले का नाम है 🤔🤔 https://t.co/Epv88Z0Xvg,HOF,OFFN,1
hi_hasoc_2021_5330,@ReallySwara अब तो ये साबित हो गया है कि बंगाल में ममता बनर्जी नही बल्कि ममता बनर्जी का खौफ और आतंक जीता था। #BengalBurning #BengalViolence https://t.co/NknnT4f6EI यह हैवानियत नहीं है कमीनी,HOF,OFFN,1
hi_hasoc_2021_4996,"@Naeem07K @medusaflower @RahulGandhi भाइयों बहनों पैशे खिदमत है, एक और #पप्पूशास्त्र का विद्यार्थी 🤣  Don't listen to @medusaflower Its' a #ChineseAgent working as a #ChineseBot heavily funded by enemy countries to trouble India n spread #ChineseVirus.  Proponent of #Pappuanomics  1 of a #INCorporated #LOLu",HOF,HATE,1
hi_hasoc_2021_4450,प्रतिशोध और प्रेम में स्त्री पुरूष से अधिक असभ्य और नग्न होती है..! @MamataOfficial #BengalViolence #BengalBurning,HOF,OFFN,1
hi_hasoc_2021_5484,मोदी है तो देश में मातम मुमकिन है  शुक्रिया @narendramodi  आजाद देश की हालत बरबाद करने के लिए 🙏🙏 #ResignPMmodi #Resign_PM_Modi #ResignPMmodi #corruptedmodi,HOF,HATE,1
hi_hasoc_2021_3982,@laxmi_sangita लेकिन लक्ष्मी संगीता.... गली की कुतिया बीच में क्यों पड़ रही है,HOF,OFFN,1
hi_hasoc_2021_5318,शर्म आता है हमें! कहाँ से कहाँ पहुँचा दिया देश को। #ModiMadeDisaster  #ResignModi https://t.co/dyoevoeqFA,HOF,HATE,1
hi_hasoc_2021_4723,नस नस को हिला देते है कमीने काफिर,HOF,PRFN,1
hi_hasoc_2021_5261,2 मिनट का मौन उन दोगले के लिए जिन्हें पश्चिम बंगाल में इलेक्शन दिखा रैली दिखी कोरोना संक्रमण दिखाओ मुख्यमंत्री शपथ दिखा अब हिंसा लूट मार काट बलात्कार यह सब नहीं दिख रहा है #ममता_की_निर्ममता  #BengalViolence  #BengalBurning  #media,HOF,HATE,1
hi_hasoc_2021_4254,"इन लोगों से वैशया अच्छी है, जो कम से कम अपनी देह बेचती है। https://t.co/lZDOz9muNe",HOF,OFFN,1
hi_hasoc_2021_5037,सरकार तो विक्की जैसे हर आदमी पर FIR करेगी क्योंकि ये नए UP और नए हिन्दुस्तान कि पोल को खोल रहे है #CoronaPandemic #YogiAdityanath #Corona #Elections2021 #ElectionResults2021 #Resign_PM_Modi #Yogiji_app_se_na_ho_payega #IndiaNeedsOxygen #DM_शैलेश_यादव_सस्पेंड @myogiadityanath https://t.co/ez2VstuipX,HOF,HATE,1
hi_hasoc_2021_4874,बंगाल हिंसा में हुई 4 लोगों की मौत से देशभर में होती प्रतिदिन कोरोना से 3500 लोगों की मौतें  ढाँक दी..वाह मोदी जी वाह खेल अच्छा है!!!ॐशान्ति #BengalBurning,HOF,HATE,1
hi_hasoc_2021_5609,@viswadeep12345 @JitinPrasada @ABPNews @aajtak @News18India @NavbharatTimes @ZeeNews अब तो और नहीं कर पाएगा  दोगला चरित्र की राजनीति कर दिए प्रसाद जी ने । पहले भाजपा ब्राह्मण विरोधी और अब क्या हुआ,HOF,OFFN,1
hi_hasoc_2021_5439,@INCIndia कांग्रेस का दोगला रवैया लाखों लोगों की जान पर भारी पड गया,HOF,HATE,1
hi_hasoc_2021_4422,शहाबुद्दीन गुंडा था अमित शाह और मोदी शरीफ है  शहाबुद्दीन सांसद रहे विधायक रहे भले वह गुंडा था आज राजनीति में 90% गुंडे ही तो भरे हैं कौन साला राजा हरिश्चंद्र की औलाद है #JusticeForShahabuddin  @OsamaShahab_,HOF,OFFN,1
hi_hasoc_2021_4897,@Karamjot_Singh1 @Shubham_jain2 उस चुटिया राहुल खान से किसने सलाह ली थी और वो होता को सलाह देने वाला जिसका दबाव उसकी पार्टी में नही वो दबाव बना रहा है बड़े ही मूर्ख हो ।,HOF,PRFN,1
hi_hasoc_2021_4659,कार्यकर्ता के घर जल गए कार्यकर्ता की हत्या हो गयी कार्यकर्ताओं की बहन बेटियों बीवियों की आबरू लूट ली गयी और बड़े नेता अपने घरों में बैठकर धरना दे रहे। गजबे नॉटंकी चालू है। @BJP4India  #BengalBurning,HOF,HATE,1
hi_hasoc_2021_4993,"#BJP वाले हरदम कहते हैं जब कश्मीरी पंडित मारे जा रहे थे, बलात्कार और आगजनी हो रही थी, हिन्दू पलायन कर रहे थे तब कांग्रेस सरकार क्या कर रही थी ?...  महोदय -- वही कर रही थी जो आज आप #बंगाल के लिए कर रहे हो ..  #BengalBurning",HOF,HATE,1
hi_hasoc_2021_4530,खाबे गफलत मे सोए हुए मोमिनो! #रिजेक्ट राजद #रिजेक्ट tejaswi  #रिजेक्ट अखिलेश  #रिजेक्ट समाजवादी पार्टी  #JusticeForShahabuddin @neha_ziddi1 @Afrozalamrjd @Hamid80152963 @qarisohaibrjd @tshahab05 @nidar_124  @PQuraishi1,HOF,HATE,1
hi_hasoc_2021_3348,"ये सारे दलाल और चाटुकार न्यूज एंकर(@anjanaomkashyap @chitraaum @romanaisarkhan @AMISHDEVGAN @awasthis) बस इतना बता दे के ये @JitinPrasada कब बड़ा और ब्राह्मण नेता बन गया मैं उत्तर प्रदेश से हु 32 साल की उमर है आज तक इसको संघर्ष करते नही देखा, ये बड़ा नही लोभी नेता है।",HOF,OFFN,1
hi_hasoc_2021_4529,"बंगाल की सड़के सुनी है, ममता सरकार खुनी है।  #ArrestMamataBanerjee #ArrestMamata #BengalBurning @ABVPBanga",HOF,HATE,1
hi_hasoc_2021_3815,तुझको हाय लगेगी तेजस्वी यादव  राजनीति क्या करेगा सदा के लिए रडवां हो जायेगा इंशाल्लाह इंशाल्लाह #JusticeForShahabuddin,HOF,OFFN,1
hi_hasoc_2021_573,"@DChaurasia2312 कांग्रेस नेताओं का क्यो ईमान, धर्म, चरित्र नहीं होता है. इनका आचरण कोठे की वैश्या के समान है, जो जितना ज्यादा पैसा दें, उसकी के हो जाते है। देश ने सत्ता लोलूप कांग्रेस नेताओं के इसी चरित्रहीन आचरण के चलते उनको एवं कांग्रेस पार्टी को सत्ता से बाहर का रास्ता दिखाया है। 🙏जय श्रीराम",HOF,HATE,1
hi_hasoc_2021_2764,@Naushad06766370 @Gaganshukla_IND @AjayYad25162344 @yadavakhilesh मतलब किसी ऐरे गैरे राह चलते आदमी की तू नेताजी सुभाष चंद्र बोस जी से तुलना कर देगा मतलब किस टाइप का नशा करते हो वे गांडू कहीं का मूत्रपिपासू मदरसा छाप मौलाना की नाजायज औलाद 🐖🐖🖕😂🤣😂🤣 यही है तेरा समाजवाद 👇👇 https://t.co/1L6j3ady0E,HOF,OFFN,1
hi_hasoc_2021_5162,तरीका नंबर 342 : कैसे लड़कियां चुटिया काटती है लोंडो का 😂 https://t.co/ricXZs9gbW,HOF,OFFN,1
hi_hasoc_2021_5613,@aajtak @JhaGunjesh ये दिखाना और बताना भी उचित है मगर क्या मीडिया को बंगाल में हिंदुओं का नरसंहार नही दिखाई दे रहा?? आप लोग एक अख़लाक़ पर महीना भर डिबेट करते हो मगर हिंदुओं की हत्याओं पर चुप्पी साध लेते हो? #feeling_hopeless #BengalBurning,HOF,HATE,1
hi_hasoc_2021_3214,@ChitraAskhing ना देखा है और ना ही परिवार को देखने दिया है कट्टर हिन्दू है हम बंद गोभी घर में नही लाते सुअर की क्या औकात,HOF,OFFN,1
hi_hasoc_2021_4526,@Dr_Uditraj @INCIndia @INCUttarPradesh अजीब चूटिया आदमी हो खुद अण्डा लिए घूम रहे हो फिर भी खुश हो।,HOF,PRFN,1
hi_hasoc_2021_3720,@rahulroushan भाजपा के दलाल कुत्ता।,HOF,OFFN,1
hi_hasoc_2021_4709,"@rohini_sgh दो मिनट का मौन उनके लिए भी जिनको बंगाल में चुनावी रैली दिखी ,  कोरोना दिखा किन्तु अब हिंसा , लूट अग्निकांड और महिलाओं को लुटती इज़्ज़त नहीं दिख रहीं 😡😡  #PresidentsRuleinBengal  #BengalBurning  #BengalViolence  #KhooniKhela  #WestBengalViolence",HOF,HATE,1
hi_hasoc_2021_6095,@gusfr1ng @Baaz0075 @i_Bharatg वो कोई भी था पर तुम्हारी तरह दोगला नहीं था,HOF,OFFN,1
hi_hasoc_2021_5158,इस 20 वर्षीय अध्ययनरत लड़की का सामुहिक बलात्कार सर्फ इसलिए हुआ कि इसने ममता की तृणमूल को अपना समर्थन मत नहीं दिया। जीत का जश्न इसकी इज्जत से मनाया गया। ये लोकतंत्र व्यवस्था पर सबसे बड़ा धब्बा है। #ममता_की_निर्ममता  #BengalBurning https://t.co/ia2jj1GOa2,HOF,HATE,1
hi_hasoc_2021_5896,तांत्रिक : “बेटा...मच्छर  तुझ पर एक ‘चुड़ैल’ का ‘साया’ है “। . . “बाबा.जी बकचोदी नही  वो मेरी गर्लफ्रेंड है ।  😆😆😆🤬🤬🤬,HOF,PRFN,1
hi_hasoc_2021_5699,"@RakeshSinha01 हम हिंदुओं को धरना नही, बदला चाहिए।  #BengalViolence #BengalBurning   https://t.co/74t3fjPDWb",HOF,HATE,1
hi_hasoc_2021_5769,पहले pm केयर फंड के नाम पर देश मे चंदा उगाही की और अब विदेशों में चंदा उगाही व सहायता चालू है ! आपदा में अवसर कोई मोदी जी से सीखे ! #IndiaCovidCrisis  @INCIndia  @ckbothra  @TarunSainisdr  @GauravPandhi  @ajaymaken,HOF,HATE,1
hi_hasoc_2021_5903,"@thewirehindi #ResignModi #Resign_PM_Modi तुम शुरू से लायक नहीं थे, चीन ने जमीन भी छीनी है भारत की, पाकिस्तान से PoK भी नहीं ले सके इतने सालों में",HOF,OFFN,1
hi_hasoc_2021_4373,भाड़ में सवर्ण एकता भाड़ में जाओ तुम सालों ब्राह्मणत्व को तो गाली दोगे तो तुम्हारी अम्मा खोद देंगे बेटीमखोदो Bc Mc gaandu log,HOF,PRFN,1
hi_hasoc_2021_5334,"@ThePushpendra_ धरना देने , #सबका_साथ_सबका_विकास_सबका_विश्वास के नाम पर देश को #डुबोने और कुछ नहीं कर पाये तो  #गाँधी नाम की ढपली पीटने के लिये दी थी 😡 जब से सत्ता में आये हैं ये भी गाँधी का नाम ले लेकर पका रहें हैं .. #BengalBurning  #spinelessmodi",HOF,OFFN,1
hi_hasoc_2021_2258,"@Rajgupta4india @IdreesiTauseef @Ravish_sir1 @ShilpiSinghINC उसकी कटी की क्या बात करनी , काम तो वो सिर्फ बकरी व कुतिया के आती है।",HOF,OFFN,1
hi_hasoc_2021_2771,"ये बंगाल की CM ममता बनर्जी नही है,ये Terror की आका डायन है👹जो बंगाल मे TMC पार्टी के आतंकवादी जिहादीयोंसे बलात्कार,खुन,खराबा बंमबारी कराती है  #TMCTerror #TMCGoons #BengalBurning #BengalViolence #MamtaisTerrorist #ArrestMamta #ShameOnDiaonMamta #ShameOnTerroristMamtaBanerjee https://t.co/4zV6UOyjlv",HOF,OFFN,1
hi_hasoc_2021_5992,दुनिया भर बेइज्जत हो जाऊंगा  लेकिन इस्तीफा नहीं दूंगा  #ModiKaVaccineJumla,HOF,OFFN,1
hi_hasoc_2021_4271,बात बात पर गाली से जवाब देना शक्ति नहीं फूहड़पन व भांडपन है जो नारी को  शोभा नहीं देता ।भाजपा को प्रत्युत्तर के लिये एैसी फूहड़ नारियाँ ढूँढना कोई बड़ी  बात नहीं । सचमुच देश बदल रहा है।😆😂🤣 @NayakRagini https://t.co/xsRoueKwsF,HOF,HATE,1
hi_hasoc_2021_5002,"जहां रावण नहीं रहा,कंस नहीं रहा,सूर्पनखा नहीं रही,होलिका नही रही,वहां ममता कितने दिन। #PresidentsRuleinBengal  #BengalBurning",HOF,OFFN,1
hi_hasoc_2021_5430,@Yogeshk45927475 @realmeIndia @Aladdin2468 @Bablu79069927 @KartikG36192353 सही कहा ...न्यू अकाउंट है सारे न्यू विनर्स ... चुटिया काट रहे है 😜😜😭,HOF,PRFN,1
hi_hasoc_2021_5657,हम आप का हृदय इतना तड़प रहा है बंगाल की परिस्थिति देकर और ख़ुदसे घृणा हो रही है अपनी बेबसी देखकर पर ये लोग जो थोड़ा बहुत कुछ कर सकते है वे मूक हो जाय तो असहनीय है!  मोदी जी हर चीज़ को सुप्रीम कोर्ट पर छोड़ देना है तो सरकार काहे?  #BengalBurning  @rashtrapatibhvn @narendramodi https://t.co/QPPPT5bH01,HOF,HATE,1
hi_hasoc_2021_5303,तो उस कमीने पर कोई कारवाई शुरू की गई या नहीं ? छोड़ना नहीं चाहिए । https://t.co/zhl9bQ9Z5w,HOF,OFFN,1
hi_hasoc_2021_5081,"12 लोग हिंसा से मारे गए,तो बंगाल में राष्ट्रपति शासन लगा दो..  पूरे भारत मे 3800 रोज़ मर रहे है इस पर भी कुछ कहे BJP वाले..!! 😏😏 #resignmodi #बंगाल_हिंसा #ExitModi #FarmLawsWorstThanCOVID",HOF,HATE,1
hi_hasoc_2021_3814,भाई लोगों ये हिंदुत्व के खिलाफ रहा और हिन्दू इसके प्रति नाराज़गी नही दिखा रहा है। इसको इसकी औकात दिखाने के कम से कम एक ट्वीट देश हित के लिए करे.....इससे इसका मनोबल कमजोर होगा।.........साला कटुआ सुअर .... https://t.co/L4sR9KcPNY,HOF,OFFN,1
hi_hasoc_2021_4752,यहीं वें गुंडें है जों बंगाल में गुंडागर्दी कर रहे हैं..  #ResignModi https://t.co/yt7Uldhg83 https://t.co/nS490OgZcQ,HOF,HATE,1
hi_hasoc_2021_5301,@VishalForRJD @RJDforIndia @NitishKumar @yadavtejashwi पूर्व सांसद को अपने घर की जमीन पर दफन होने भी नहीं दे सकती है सरकार  लानत है ऐसी सरकार पर 😡😏  #JusticeForShahabuddin https://t.co/eoXX3QrQtt,HOF,HATE,1
hi_hasoc_2021_4267,@harbhajan_singh भाई साहब हम चुटिया नही है ??,HOF,PRFN,1
hi_hasoc_2021_5473,वैश्य और वैश्या ? कहीं ये लोग एक ही परिवार से तो नहीं?? क्योंकि दोनों पैसे के लिए कुछ भी कर सकते है😁,HOF,OFFN,1
hi_hasoc_2021_5944,@INeetuDabas @RahulGandhi नाजायज औलाद है इसलिए।,HOF,OFFN,1
hi_hasoc_2021_6023,@DNNSINGH_Gattu @PMOIndia ये हरामी नंबर वन है।,HOF,OFFN,1
hi_hasoc_2021_5670,@ArvindKejriwal और @INCIndia अब फिर से रंडी रोना मत मचाना कि राज्य सरकार को वेक्सिनेशन करने का अधिकार दिया जाए। तुम दोनों से संभाला जाता नहीं देश बातें जितनी मर्जी चु*वालो।  मोदी है तो मुमकिन है।  @DeveshS36422039 @3Rambakthanuman @sumithakur_7 @Drpremshankersi,HOF,PRFN,1
hi_hasoc_2021_4462,270 करोड़ डोज  की व्यवस्था छड़ी घुमाते ही पूरी नही की जा सकती । इसमें 5 / 6 महीने का समय तो लगेगा ही ।  इसलिए वैक्सीन पर आगे भी रंडी रोना चालू रहेगा ।,HOF,PRFN,1
hi_hasoc_2021_5086,वैश्य और वैश्या ? कही ये लोग एक ही परिवार से तो नही?? क्यों की दोनो पैसे के लिए कुछ भी कर सकते है••!  #जयभीम,HOF,HATE,1
hi_hasoc_2021_4794,ये मोहतरमा जिस गाली गलौज और अभद्रता को नारीशक्ति कह रही हैं वह नारी शक्ति का अपमान हैं यह अशोभनीय कृत्य का महिमा मंडन करना कांग्रेस जैसी पार्टी के संस्कार हैं   सनातन संस्कृति में उसे फूहड़ संस्कारहीनता घटियापन और औरत का नँगापन कहा जाता है जो बहुत ही शर्मनाक व अपमानजनक हैं .... https://t.co/dk05updkib,HOF,HATE,1
hi_hasoc_2021_5502,Andhbhakto agar BJP IT cell ke trend karne se sab ho jata to #ResignModi 4 /5 din tak top trend par chala kuch huwa kiya😁😁😁 #राष्ट्रपति_जी_बंगाल_संभालो,HOF,HATE,1
hi_hasoc_2021_3182,@thenitinnotes कितने बड़े हरामी और हिटलर निच टाइप केे अच्छी सोच वाले इंसान हो आप...,HOF,OFFN,1
hi_hasoc_2021_445,@NewsNationTV @DChaurasia2312 @manoj_gairola डॉ. राय अगर बाबा रामदेव लाला हैं तो तुम कमीशन दलाल हो जो दवा कंपनियों की दलाली का कमीशन खाते हो,HOF,OFFN,1
hi_hasoc_2021_5046,@Ravishk356 तुंहरी मम्मी के साथ भी जुमला किया है क्या मोदी जुमला साहब है तो तुम दोगला हरामी कमीना और भी बहुत कुछ हो,HOF,PRFN,1
hi_hasoc_2021_3633,सच में यही चाहते थे आप लोग खाली चुटिया का तो फट गई होगी https://t.co/Foca6gv6YW,HOF,PRFN,1
hi_hasoc_2021_6103,@sakshijoshii बड़े monster ने अपने जैसा ही एक छोटा monster ढूंढा।अब छोटे monster ने अपना कद बडे़ monster से भी बड़ा मान लिया है और वो बडे़ monster को जीते-जी निगल जाना चाहता है। बस सारा रंडी रोना इतनी सी बात का है। चंदे के दम पर राज करने वाला राजा नंगा है बाकी सब चंगा है।,HOF,PRFN,1
hi_hasoc_2021_2504,@shivgurjar444 @GurjarBoysPage चुटिया,HOF,OFFN,1
hi_hasoc_2021_4626,@janardanspeaks इस दुष्ट की मस्जिद बोलने से क्यो फटती है ?,HOF,OFFN,1
hi_hasoc_2021_5798,@KashmiriPandit7 योग दिवस आते ही कई भाजपा नेता और योग गुरु ग्रीन फंगस लोगो से मनुहार करने लग जाते हैं कि प्लीज आप भी योग कीजिये न योग का हिन्दू धर्म से कोई लेना देना नही जबकि बोलना तो ये चाहिए कि हां योग का सम्बंध है हिन्दू धर्म से  करना है तो करो वरना भाड़ में जाओ मेरी बला से,HOF,OFFN,1
hi_hasoc_2021_4598,@the_hindu ONCE IN A CENTURY  @narendramodi @PMOIndia  #मनहुस_मोदी का साया मेरे देश के ऊपर से हट जाएगा आर्मी सारा काम संभाल रही है दवाई ऑक्सीजन आदि भी तेरे राजनीति से मुक्त हो जायेगी सभी के अपने अकालमृत्यु मर रहे है  #ResignModi मानवता केलिऐ #Resign_PM_Modi देशभक्त हो तो,HOF,OFFN,1
hi_hasoc_2021_6129,"बाला साहब ठाकरे ने सही कहा था   हिजडे वह नहीं जो सड़क पर साड़ी पहन के घूमते हैं, हिजडे तो वो हैं जो हिन्दू होकर भी हिंदुत्व का विरोध करते हैं ।  #BengalBurning",HOF,HATE,1
hi_hasoc_2021_5686,जो मीडिया 24 घण्टे लाशो का मंजर दिखाता था। कोरोना से आज बंगाल की मौतों पर कैमरे काम नही कर रहे।।😡  बंगाल अब कश्मीर बनने की राह पर... बंगाल में #राष्ट्रपति_शाशन लगाओ।#BengalBurning #bengalvoilence #tmcgoons #Bengal #SOSWB #JusticeForBengalBJPKarykarta #PresidentRuleInBengal,HOF,HATE,1
hi_hasoc_2021_4619,@ShayarImran दिल्ली सरकार हाफ चड्डी की गुलाम थी और रहेगी नफरत सिर्फ इसको उर्दू नाम वालों से ही है.. #ShahabuddinSaheb का मर्डर हुआ है। शाहबुद्दीन साहब के साथ इंसाफ होना चाहिए.. #JusticeForShahabuddin,HOF,HATE,1
hi_hasoc_2021_4276,#नरेंद्र_मोदी_ग्लोबल_पप्पू ये क्या हो रहा है भाई🙄 राष्ट्र ऋषि से सीधा 🤣  #बंगाल_चुनाव #बंगाल #दीदी_ओ_दीदी #खेलाहोबे #IndiaCovidCrisis,HOF,OFFN,1
hi_hasoc_2021_5866,@Dr_Uditraj @INCUttarPradesh बिल्कुल सही जिसको पार्टी ने सम्मान दिया केंद्रीय मंत्री बनाता उसके बाद 1लाख 60 हजार वोट पाकर चौथे स्थान पर रहा फिर भी बंगाल चुनाव का प्रभारी बनाया कांग्रेस का एक विधायक भी नही जीता पाया भाजपा में चले गए वहाँ हालत गुलामो की तरह होगी चुप रहो बैठे रहो हाफपैंट पहनो,HOF,HATE,1
hi_hasoc_2021_5829,@LambaAlka बीजेपी और दलाल पत्रकार इस तरह बयान बाज़ी कर रहे जैसे यूपी के 11% ब्राह्मणों का आका जितिन प्रसाद ही था😜 खुद के मोहल्ले में वोट नही मिलता था जाने दो कचड़ा गया बे,HOF,HATE,1
hi_hasoc_2021_3894,JP प्रचंड चुटिया है - @TripathiiPankaj जी  @AadeshRawal @umashankarsingh @TanyaSinhSengar @vivekanandupcc @AjayLalluINC,HOF,PRFN,1
hi_hasoc_2021_5350,@ChitraAskhing नहीं कुछ दुष्ट ऐसे भी हैं जो हमारी ही हिंदू पूजा पद्धति के हैं,HOF,OFFN,1
hi_hasoc_2021_5877,रोहित सरदाना का शव कोविड पॉज़िटिव होने के बावजूद  पैतृक गांव कुरुक्षेत्र भेज दिया जाता है। शहाबुद्दीन साहब की रिपोर्ट नेगेटिव होने के बावजूद भी आखरी दीदार का हक़ परिवार से छीनकर जनाज़ा सिवान नही भेजा जाता। ये है असली इस्लामोफोबिया #Islamophobia_in_india #JusticeForShahabuddin,HOF,HATE,1
hi_hasoc_2021_6030,@sunitayadav007 बस फूहड़ कॉपी पेस्ट मार दी,HOF,OFFN,1
hi_hasoc_2021_859,@TajinderBagga @singhsahab10511 थर्रू तेरी क्यों फटने लगी ? - - - - मैट्रीमोनियल ऐड्स हैं तेरी कोई नाजायज  औलाद तो नहीं इनमें ? 😂😂,HOF,OFFN,1
hi_hasoc_2021_5655,"रुझान तो ये कह रहे हैं कि न दाढ़ी बढ़ाकर टैगोर बनने का नाटक काम आया, न करोड़ों  लोगों को मौत के मुंह में झोंकने की क्रूरता काम आई। बाकी लाशों के ढेर पर मतगणना जारी है। #IndiaCovidCrisis #IndiaNeedsOxygen #ElectionResults2021 #WestBengalElections2021 https://t.co/vvSw8yfYuZ",HOF,HATE,1
hi_hasoc_2021_365,"जिहादिदी, बगदीदी, हिटलरदीदी!!! #CruelMamata #BengalBurning https://t.co/ouKmvttRG2",HOF,OFFN,1
hi_hasoc_2021_6093,मारने वाले और मरने वाले  दोनों के दो ही हाथ  1 बात समझ नहीं आती - ये #हिन्दू भीरु की तरह मरना और भागना ही क्यों जानता है   हिन्दू पलट के मारता क्यों नहीं है ???  #बंगाल #BengalBurning #BengalViolence,HOF,HATE,1
hi_hasoc_2021_5273,काश नसबंदी के समय कांग्रेस ने सबकी ईमानदारी से नसबंदी कराई होती तो आज सुबह सुबह नाजायज़ औलाद फालतू ना बोलती😂😂 https://t.co/aclO6ISKN6,HOF,HATE,1
hi_hasoc_2021_1689,"@DushyantkiB दुष्ट, चोर।",HOF,OFFN,1
hi_hasoc_2021_4862,@JTejashwi @yadavakhilesh @PMOIndia चुप रहो मुल्लों के 😀😀,HOF,OFFN,1
hi_hasoc_2021_1658,"#पड़ोसियों_पर_सितम_ढाया_जा_रहा_है #कुछ_इस_तरह_अच्छे_दिन_लाया_जा_रहा_है   गोरखपुर के गली मोहल्लों में अवैध असलहों की भरमार है। वहां, 4132 अवैध असलहे मिले हैं, पर कोई कार्रवाई नहीं हुई है। जो मुख्यमंत्री अपना जिला नहीं संभाल सकते हैं, वह प्रदेश क्या संभालेंगे। https://t.co/JKb9H8bf5s",HOF,OFFN,1
hi_hasoc_2021_4474,"@RaghavA88857013 @KailashOnline @JPNadda बिखर गये सब रंग वफ़ा के,  ख्वाब सुहाना टूट गया  कार्यकर्ताओं ने जिसको टूट के चाहा  चुनाव के बाद वो मोदी शाह रूठ गया   चुनाव के  बाद रंग बदलनेवाले लम्हे धोखा  देते हैं  मोदी शाह धोखा  देते हैं   ममता,वाम से क्या शिकवा करने जब मोदी शाह धोखा देते हैं  #BengalBurning #PMModi",HOF,HATE,1
hi_hasoc_2021_5563,चुप रहो मेरे मूर्ख बाप अब आपका समय नही है अब मेरा समय है मैं जो कहूँगा वो ध्यान से सुनना @yadavakhilesh @AkhileshPSingh https://t.co/VVhAMrkL8d,HOF,HATE,1
hi_hasoc_2021_4844,"@RahulGandhi बस करो राहुल जी, चुप ही रहो आप तो",HOF,OFFN,1
hi_hasoc_2021_4279,दुष्ट आत्माएं https://t.co/2othjatKZE,HOF,PRFN,1
hi_hasoc_2021_5875,एक बार फिर चुनाव में मुर्ख हिन्दुओ को महामूर्ख बनाया गया। https://t.co/RXX80Cktdz,HOF,HATE,1
hi_hasoc_2021_3250,@Real_Hemlata रिप्लाय नाही करत तो.त्याने रिप्लाय करावा म्हणूनच त्याची आयमाय एक करत असतो.त्याच्या डिएमग्रुपमधील वेश्या पण सध्या गप्प आहेत.खास करुन ती युपीतील  वेश्या.,HOF,OFFN,1
hi_hasoc_2021_5396,#मोदी_है_तो_मुमकिन_है  #Modi #ModiKaVaccineJumla #मोदी_भगाओ_देश_बचाओ तुम्हारा अब्बा हैं,HOF,OFFN,1
hi_hasoc_2021_4403,@SanjayAzadSln ONCE IN A CENTURY  @narendramodi @PMOIndia  #मनहुस_मोदी का साया मेरे देश के ऊपर से हट जाएगा आर्मी सारा काम संभाल रही है दवाई ऑक्सीजन आदि भी तेरे राजनीति से मुक्त हो जायेगी सभी के अपने अकालमृत्यु मर रहे है  #ResignModi मानवता केलिऐ #Resign_PM_Modi देशभक्त हो तो,HOF,OFFN,1
hi_hasoc_2021_4613,न्यायालय क्यों दोगला व्यवहार करता है सन्तों के साथ आंतकियों को बेल क्यों मिल रही है❓जबकि Sant Shri Asharamji Bapu की उम्र भी 85 वर्ष है फिर भी उन्हें Ayurveda इलाज के लिए भी बेल नही दी जा रही है क्यों❓ #बापूजी_को_आयुर्वेदिक_चिकित्सा_मिले क्योकि ये उनका मौलिक अधिकार है। https://t.co/75AwyQq8ay,HOF,HATE,1
hi_hasoc_2021_5498,"@DhanBhalave @SNGupta82265724 @janardanspeaks बड़ी जल्दी ये बात समझ में आ गई? !! जब वो टोंटीचोर कह रहा था कि वैक्सीन नही लगवाएंगे चाहे मर जाये तब राजनीति समझ नही आ रही थी क्या ? देश के वैज्ञानिकों पर सवाल उठा दिए तब। तब नही सूझा की वैक्सीन मोदी जी नही बनाते।तुम अब के समाजवादी कमीने तो हो ही दोगले भी हो,जब चाहे बदल जाते हो।",HOF,OFFN,1
hi_hasoc_2021_2574,@indiafirst_19 मी काही पण करील मदरचोद तू कोण सांगणार मला,HOF,PRFN,1
hi_hasoc_2021_4812,"पश्चिम बंगाल में TMC कार्यकर्ताओं द्वारा BJP कार्यकर्ताओं की हत्या, लूटपाट व मारपीट की घटनाएं लोकतंत्र को शर्मसार कर देने वाली है। क्रूरता की सारी हदें पार करके सरेआम लाठियां बरसाई जा रही है। हैरानी की बात यह है कि स्थानीय प्रशासन मूकदर्शक बनें हुए हैं।  #BengalBurning",HOF,HATE,1
hi_hasoc_2021_4542,"बड़ी अजीब कौम है सिख, जिस चीज़ की कमी होने पर लोग कालाबाजारी करते हैं, ये लोग उसका ही फ्री लंगर लगा देते हैं🙏 कुछ फर्जी रास्ट्रवादी इनको आतंकवादी भी कहते है 😡 #MaskUpIndia #JusticeForShahabuddin #जस्टिस_फॉर_शहाबुद्दीन   @Hindustan073",HOF,HATE,1
hi_hasoc_2021_5349,भारत के लीए आंतर्राषट्रीय स्तर पर चंदा हो रहा है। पर अंध भक्तो को कुछ फर्क नही पडता। क्युं की यह अंध भक्त है देश भक्त नही। #PMCaresFund_का_हिसाब_दो #AndhBhakt #ResignPMmodi #AatmanirbharBharat https://t.co/0TqK7LJckx,HOF,HATE,1
hi_hasoc_2021_4479,@yadavakhilesh जड़बुद्धि जी । अमर अंकल की स्पांसरशिप में आस्ट्रेलिया में पढ़ाई की थी या गिल्ली-डंडा खेला था। #बेशर्म,HOF,OFFN,1
hi_hasoc_2021_4038,रंडी तो हस्तमैथुन की मलिका बनी फिर रही है  हस्तमैथुन क्यों करती है तेरी खुजली तो हम मिटा देंगे!,HOF,PRFN,1
hi_hasoc_2021_5239,"जब आदमी बेशर्म हो जाता है, तब उस पर कोई राष्ट्रीयता की वैक्सीन काम नही करेगी। वेशया की दलाली खाने वाला किसी भी स्तर तक गिर सकता है, वो अपनी मां को भी बेच दे इसकी कोई गारंटी नही होती। वैसे ही गद्दारो की प्रवृति होती है। इनकी फितरत को किसी वैक्सीन से नही बदला जा सकता है। सिवाय..... https://t.co/w5Z16I5m7w",HOF,PRFN,1
hi_hasoc_2021_5468,कल कोई कह रहा था कि देश ४००साल पीछे चला गया... मैने कहा बस २ साल और रुको सीधे त्रेता युग में होंगे आप!  ---गजब चुटिया हैं!,HOF,OFFN,1
hi_hasoc_2021_4330,"@ItsRabeia @vinodkapri @ghaziabadpolice @NarsinghUvach @Uppolice @dgpup धर्म मजहब और रिलिजन में अंतर है पांडे, कार्ल मार्क्स ने धर्म को नही रिलीजन को अफीम बोला, दुख की बात ये है कि हिन्दू  नाम के वामी और दोगलो को धर्म मजहब और रिलीजन का अर्थ नही पता, और सामने वाला कुछ भी कांड करे 1400 साल से तो  चुप रहो, जब कोई उत्तर दे तो फिर फटने क्यों लग जाती है।",HOF,HATE,1
hi_hasoc_2021_5916,कैसे भूल जाऊं??? 😡 वर्ष 1193 मे जब भारत मे क्रूर दुष्ट आक्रन्ता बख्तियार खिलजी द्वारा #नालंदा_विश्वविद्यालय को तबाह कर दिया था। उस समय पुस्तकालय मे करीब 9 लाख पुस्तके थी। लगातार 3 महीनो तक आग जलती रही।   सदियो मे अर्जित किया ज्ञान राख मे तब्दील हो गया। और हम चुप रहें 😡 😡😭😭 https://t.co/FRgatXwzhr,HOF,HATE,1
hi_hasoc_2021_4965,@myogiadityanath अपने कोरोना मुक्त होने पर खुशियां मत मनाओ #योगी जी कुछ अपने राज्य के बारे में सोच लो रोज हज़ारों लोग कोरोना से संक्रमित हो रहे हैं और सेकड़ो लोग मर रहे हैं कुछ तो शर्म करो। #ModiKaVaccineJumla #ModiGovtSeNaHoPayega #ModiAgainstDelhi #ModiHataoDeshBachao #YogiMustResign @ndtv,HOF,OFFN,1
hi_hasoc_2021_1830,@SunilAstay @Uppolice फाँसी हो इस हरामी को,HOF,OFFN,1
hi_hasoc_2021_5851,@yogrishiramdev IMA वालो तुम्हारा लूटना जल्द ही बंद होंगा.... और कलियुगके मुताबिक तुम्हे यही इसी जगह कमीने पन की सजा भुगतना पड़ेगा.....,HOF,HATE,1
hi_hasoc_2021_1615,@RahulGandhi राहुल गांधी जी अगर तुम चुप रहो तो देश की सभी समस्याओं का समाधान हो जाएगा,HOF,OFFN,1
hi_hasoc_2021_6004,@RubikaLiyaquat @narendramodi बहुत खुशी हुई यह सुनकर कि प्रधानमंत्री जी ने आपके और आपके परिवार का हालचाल जाना हमें और भी खुशी होती अगर प्रधानमंत्री  दोगला व्यवहार न करके समस्त स्वास्थ्य कर्मचारियों और अन्य सभी का हाल-चाल भी जानते देश में ऐसे बहुत से लोग हैं जिन्होंने ना सिर्फ परिवार के सदस्य बल्कि परिवार खोया,HOF,OFFN,1
hi_hasoc_2021_502,@MohanLal2021 @ZeeNews तुमको गांड में लठ करके तुम्हारे माँ के नाजायज औलाद के गोदभराई में खड़ा कर देंगे ताकि सब देख सके कि नाजायज बच्चे का क्या हाल होता है,HOF,PRFN,1
hi_hasoc_2021_5459,देश  को कोरोना नही  मरवा रहा है। हत्यारा मोदी #Resignmodi🥺 #Covid https://t.co/IuV6KAWGA2,HOF,HATE,1
hi_hasoc_2021_4512,@pH15RywAneD72Hf @Ravishk356 @sunitayadav007 रन्डी के,HOF,PRFN,1
hi_hasoc_2021_5626,अपने ही सांसद को बचा न सका पूरी बिहार संभालने की बात करता है 9 वी फेल साला  @yadavtejashwi  #JusticeForShahabuddin https://t.co/OjbrZgrMj8,HOF,OFFN,1
hi_hasoc_2021_5836,@TheAbhishek_IND योग दिवस आते ही कई भाजपा नेता और योग गुरु ग्रीन फंगस लोगो से मनुहार करने लग जाते हैं कि प्लीज आप भी योग कीजिये न योग का हिन्दू धर्म से कोई लेना देना नही जबकि बोलना तो ये चाहिए कि हां योग का सम्बंध है हिन्दू धर्म से  करना है तो करो वरना भाड़ में जाओ मेरी बला से,HOF,OFFN,1
hi_hasoc_2021_4050,@Sunita99181341 @aajtak मोदी ने तो इतना काम किया की गंगा भर गयी.... मदरचोद लंडभक्त पता नहीं किस कुत्ते की पैदाइश हैँ साले भड़वे.. कोई काम कर रहा इन्होने अपनी माँ चुदवानी ही होती है हर जगह जा के...... समाचार समाप्त हुए,HOF,PRFN,1
hi_hasoc_2021_4717,@RakeshK93932119 @BoltaHindustan @navinjournalist ONCE IN A CENTURY  @narendramodi @PMOIndia  #मनहुस_मोदी का साया मेरे देश के ऊपर से हट जाएगा आर्मी सारा काम संभाल रही है दवाई ऑक्सीजन आदि भी तेरे राजनीति से मुक्त हो जायेगी सभी के अपने अकालमृत्यु मर रहे है  #ResignModi मानवता केलिऐ #Resign_PM_Modi देशभक्त हो तो,HOF,OFFN,1
hi_hasoc_2021_1805,"@AnupamPKher दीदी को  ,ओ दीदी,ओ दीदी, कहने वाला फेंकू ओ फेंकू ,डरपोक ओ डरपोक तू तो अब  है #ResignPMmodi फेंकू तो गयो भाया I",HOF,OFFN,1
hi_hasoc_2021_4404,बंगाल में #BJP के लोगों ने कार्यकर्ताओं की हत्या के बदले धरना-प्रदर्शन किया। यह @ArvindKejriwal जी के 'सिग्नेचर मूव' को हथियाने की सोची-समझी साजिश है। #दिल्ली के मुख्यमंत्री को फौरन इसे संज्ञान में लेना चाहिए और अखबारों में इस साजिश के ख़िलाफ़ विज्ञापन देना चाहिए। #BengalBurning,HOF,HATE,1
hi_hasoc_2021_4877,अगर शहाबुद्दीन अपराधी थे.. तो अनंत सिंह और आनंद मोहन कौन से दूध से धुले हैं।  तेजस्वी के खिलाफ मुसलमानों का गुस्सा जायज है। #JusticeForShahabuddin @yadavtejashwi @RJDforIndia,HOF,HATE,1
hi_hasoc_2021_5152,"#ModiVirus  तुम कितनी भी लाशें गिनवा दो, उसे कोई फर्क पड़ने वाला नहीं।  तुम बस अंबानी का एक टॉवर गिरा दो, वो रो-रो कर आंखे लाल कर देगा !!  #ModiMustResign #ResignModi #ModiHataoDeshBachao #ModiKaVaccineJumla #ModiSarkarHiSystemHai #BjpDestroyedIndia https://t.co/YIYuUq6GHB",HOF,OFFN,1
hi_hasoc_2021_3502,#nusratjahan एक बहुत बढ़िया वैश्या है जो किसी ना किसी मरवाती है जिसने मजे लिय तो सही है,HOF,OFFN,1
hi_hasoc_2021_2687,साला दलाल PM  #VRSforMODI https://t.co/YIrjfxtNOY,HOF,OFFN,1
hi_hasoc_2021_4815,@ABPNews हमारे ग्राम पंचायत सिधांव जिला फतेहपुर उ. प्र.में तलाबो के ये हाल है कि एक बुद पानी नहीं है जानवर और जनता दोनों परेशान है राधा कृष्ण मन्दिर के पास बाबा कुटी है बगल में तलाब है ये न. है 00103 खाता न. 129क है अभी तक कोई सुनवाई नहीं सरकार मौन जनता परेशान https://t.co/1Pm0YFUHm2,HOF,HATE,1
hi_hasoc_2021_4900,"आज का सच  जिंदा रहना ही ""विकास"" है. बाकी सब बकवास ! #ModiKaVaccineJumla",HOF,HATE,1
hi_hasoc_2021_1877,"बंगाल में जो TMC के कार्यकर्ता रूपी गुंडे कर रहे हैं.. वो अत्यंत ही दुःखद है... दीदी रूपी राक्षसी तुम्हारी पार्टी और कार्यकर्ता लोकतंत्र के इतिहास में एक काला पन्ना दर्ज कर रहे हैं.,😡😡😡 #BengalBurning",HOF,OFFN,1
hi_hasoc_2021_5880,@NitishkumarCm1 @narendramodi जाके un घरों में झांक जहां के लोग बिना बेड बिना दवाई बिना ऑक्सीजन के तड़प तड़प के मर गए काश तुम मंत्री और संतरी का अपना कोई मरा होता तब पता लगता की वाकई कोई बीमारी है और तुम सब लोग बीमार हो जो सत्ता के नशे में हो।।बाकी भाड़ में जाओ।।कुत्ते थे कुत्ते हो कुत्ते रहोगे।।।,HOF,HATE,1
hi_hasoc_2021_5805,@AHindinews भाड़ में जाओ,HOF,OFFN,1
hi_hasoc_2021_5711,Pappu to usko bol diye the upne lekin final race mein Pappu to ap hi ban gaye lagta hain. #नरेंद्र_मोदी_ग्लोबल_पप्पू_है #नरेंद्र_मोदी_ग्लोबल_पप्पू  #नरेंद्र_कि_bakchमodi  #भाषणबाज_मोदी  #IndiaCovidCrisis,HOF,OFFN,1
hi_hasoc_2021_5079,@KamalSinghnamo बंगाल पर कांग्रेस सहित सभी विपक्षी दल गूंगे-बहरे हो गए यही भाजपा शासित होता तो गूंगे भी बोलने लगते !  #BengalBurning #BengalViolence https://t.co/ZLcDSpyjKF,HOF,HATE,1
hi_hasoc_2021_5357,#नरेंद्र_मोदी_ग्लोबल_पप्पू_है Yes #ResignPMmodi  #ModiGovtSeNaHoPayega  #ModiAgainstDelhi,HOF,HATE,1
hi_hasoc_2021_4511,"#ModiKaVaccineJumla इन #हरामियों में से अगर कोई #सेवा करता दिख रहा हो तो #बताना, उसे #पुरस्कार देना है https://t.co/nswsPovJZn",HOF,HATE,1
hi_hasoc_2021_4759,325 सांसद 125 राज्य सभा सांसद 1600 से ज्यादा विधायक एक भेने बेटी के बलात्कार पर सिर्फ धरना देंगे😞 बंगाल राष्ट्रपति शासन लागू किया जाना चाहिए #PresidentRuleInBengal  #BengalBurning #BengalViolence #ArrestMamata #JusticeForShahabuddin #MamataBanerjee #Article356 #Bengalisburning https://t.co/TqgLg2bWjP,HOF,HATE,1
hi_hasoc_2021_5605,"जो लोग मुसलमानों के मसीहा बने बैठे थे,  एक एक करके सारे दोगले चेहरे बेनकाब हो रहे है,   फिर चाहे वो दिल्ली के केजरीवाल, उत्तर प्रदेश के अखिलेश या फिर बिहार के तेजस्वी यादव हो!!  #JusticeForShahabuddin",HOF,OFFN,1
hi_hasoc_2021_5509,"दलाल मीडिया जीतन प्रसाद को ऐसे पेश कर रही है जैसे ये अकेले कांग्रेस के लिए 300 सीट लाने वाले थे, अब भाजपा के लिए लाएंगे...!!😥",HOF,HATE,1
hi_hasoc_2021_4954,ममता बनर्जी के द्वारा  बंगाल मे  #रक्त_चरित्र 😡चालू  कर दिया गया है  बंगाल मे भाजपा कार्यकर्ताओं के नरसंहार एवं राजनीतिक हिंसा के विरूद्ध में @abhayvermabjp जी के नेतृत्व में लक्ष्मी नगर के कार्यकर्ताओं ने विरोध प्रदर्शन किया #BengalBurning #BengalViolence  #SaveBJPKaryakartas https://t.co/rwytOSJJiW,HOF,HATE,1
hi_hasoc_2021_5692,बीजेपी ने ममता क बस इस लिए नही हराया क्यों की ई वी एम पर सवाल उठ जाता । मगर जगह तो बना ली ।  #ॐशांतिॐ #Resign_PM_Modi  #मोदी_इस्तीफा_दो  #मोदी_भाषण_रोको_आक्सीजन_नहीं #BjpDestroyedIndia  #ModiGovtSeNaHoPayega #evm #election https://t.co/Tn63QlLNsA,HOF,HATE,1
hi_hasoc_2021_5495,"@zoo_bear @ADeshbakth गधे कही के, स्टेट को देकर देख लिया, उसपर भी केजरीवाल जैसे गंदी राजनिती कर्ने लगे तो मोदी ने कहा है रह्ने दो बेटा तुम्हारे बस का नही है। हम खुद ही देख लेंगे",HOF,OFFN,1
hi_hasoc_2021_5756,"ये बंगाल की CM ममता बनर्जी नही है,ये Terror की आका डायन है👹जो बंगाल मे TMC पार्टी के आतंकवादी जिहादीयोंसे बलात्कार,खुन,खराबा बंमबारी कराती है  #TMCTerror #TMCGoons #BengalBurning #BengalViolence #MamtaisTerrorist #ArrestMamta #ShameOnDiaonMamta #ShameOnTerroristMamtaBanerjee https://t.co/43eb7lakoU",HOF,HATE,1
hi_hasoc_2021_564,बंगाल के उन सभी हिन्दुओं को बधाई जिन्होंने ममता डायन को वोट दिया। आप जैसे लोगों की वजह से यह देश एक दिन इस्लामिक स्टेट बनेगा।  🙏 #BengalBurning #MamtaMautKiSaudhagar https://t.co/AeNLcMM2vc,HOF,OFFN,1
hi_hasoc_2021_4387,@iam_JAK_real @TheSamirAbbas भले ही नेता चुटिया क्यों ना हो 😂 गजब फॉलोअर,HOF,PRFN,1
hi_hasoc_2021_71,@Atharva_00 पैदाइशी कमीने लोग हैं ये.....बिना मतलब तो कुछ नहीं बोलेंगे ये...,HOF,OFFN,1
hi_hasoc_2021_4919,"@PankajPuniaINC दोस्तों, आओ हम सब सर्वसम्मति से महान अर्थशास्त्री, धुरंधर वैज्ञानिक, अंतर्राष्ट्रीय किसान, भयंकर सवर्ण-दलित मसीहा #चुदित राज जी को खांग्रेस #अध्यक्ष एवं #पलधानमंतली बनाएं !!🙏 ""सभी #समस्याएं समाप्त"" #उदित_राज_को_अध्यक्ष_बनाओ_बे @Dr_Uditraj  #CovidVaccine https://t.co/HrWBrorcLe",HOF,OFFN,1
hi_hasoc_2021_4500,"#canada में एक #मुस्लिम परिवार के 4 फ़र्द को रौंदकर क़त्ल करने वाला आतंकवादी यहुदी है। यक़ीन जानिये अगर ये क़त्ल करने वाला मुस्लिम होता और मक़तूल फ़ैमिली ग़ैर-मुस्लिम होती तो दुनिया की इस्लामोफोबिक मीडिया अबतक ""इस्लामिक आतंकवाद"" का रंडी-रोना रो रही होती। #Islamophobia #terrorism",HOF,PRFN,1
hi_hasoc_2021_4520,@Kashi_Ka_Pandit क्या हुतियापंती करती रही कांग्रेस और हममें से किसी को कुछ फर्क भी नही पड़ा।कैसे लोग थे हमसे पहले वाली पीढ़ी के😡😡😡😡😡😡जानकारी का अभाव और सज्जनता ये दो ही कारण दिखाई पड़ते हैं जो कांग्रेस लोगों को मूर्ख बना सकी?,HOF,HATE,1
hi_hasoc_2021_3487,"ये बंगाल की CM ममता बनर्जी नही है,ये Terror की आका डायन है👹जो बंगाल मे TMC पार्टी के आतंकवादी जिहादीयोंसे बलात्कार,खुन,खराबा बंमबारी कराती है  #TMCTerror #TMCGoons #BengalBurning #BengalViolence #MamtaisTerrorist #ArrestMamta #ShameOnDiaonMamta #ShameOnTerroristMamtaBanerjee https://t.co/lZEZEEhhQV",HOF,OFFN,1
hi_hasoc_2021_2612,@NayakRagini जिस तरह तेरी अम्मी इटालियन वाली ठुमके लगाती थी क्या उस तरह वो रंडी़ ठुमके लगा कर भारतीयों का भी दिल बहला सकती है क्या,HOF,OFFN,1
hi_hasoc_2021_301,"Apropos of nothing, साले हरामखोर सुअर के बच्चों. कीड़े पड़ें तुमको.",HOF,PRFN,1
hi_hasoc_2021_6033,"@airtelindia तुम्हारी घटिया सर्विस और घटिया व्यवहार से तंग आकर मैं एयरटेल को लात मार रहा, जो देश का नही वो मेरा नही💪  #एयरटेल_भाड़_में_जाओ",HOF,HATE,1
hi_hasoc_2021_5290,@Rayaan41 पहली बार देखी एक मुर्दा शेर से भी डरता हुआ राजनेता को  याद रखना @ArvindKejriwal मौत तो तुम्हें भी आनी है वो भी बद से बदतर 😡 #JusticeForShahabuddin,HOF,OFFN,1
hi_hasoc_2021_5056,अरे पहले बताते हम खुदि पेल देते इनको अपने एरिया में ही छुपा बैठा था हरामी 😅 https://t.co/W2RwRcG2ak,HOF,PRFN,1
hi_hasoc_2021_5467,चमचों और ल्ललनटाॅप लंडूरों का भी अपना ही स्वैग है  बाबा रामदेव लुटेरा और अन्तराष्टीय वेश्या मियाँ ख़लीफ़ा बुद्धिजीवी नज़र आती हैं🤣🤣,HOF,PRFN,1
hi_hasoc_2021_5763,"अर्जुन का गांडीव किधर है, कहाँ भीम की गदा खो गयी किस कोने में पांचजन्य है, कहाँ भीष्म की शक्ति सो गयी?  अगणित सीतायें अपहृत हैं, महावीर निज को पहचानो अपमानित द्रुपदायें कितनी, समरधीर शर को सन्धानो । #ArrestMamata #PresidentsRuleinBengal #SpinlessBJP #BengalBurning",HOF,HATE,1
hi_hasoc_2021_5311,"60 का दशक, फ़िल्म ‘मेहरबान‘ का गाना था, “मेरा गधा गधों का लीडर“ (आप हर बात अध्यक्षपद से ना जोड़े, प्लीज़)  पप्पू खान मायनो दा पुत्तर 🤣🤣🤣",HOF,OFFN,1
hi_hasoc_2021_4670,"बॉलीवुड से सिर्फ कंगना ही हिंसा के विरुद्ध मुखरता से बोल रही हैं।  बाकियों के लिए मुद्दा तब बनता है जब मसला  तबरेज, पहलू या अखलाक"" का हो।   बंद करो इन संवेदनहीन भांडों की फिल्में देखना 😡 #BengalBurning ☹️☹️",HOF,HATE,1
hi_hasoc_2021_6098,"जो मुसलमानों के मसीहा बने बैठे थे, एक एक करके सारे दोगले चेहरे उजागर हो रहे है, फिर चाहे वो केजरीवाल, अखिलेश या तेजस्वी यादव हो!!!💁‍♂️ #JusticeForShahabuddin https://t.co/6K5s9JbZFh",HOF,HATE,1
hi_hasoc_2021_5954,"ये बंगाल की CM ममता बनर्जी नही है,ये Terror की आका डायन है👹जो बंगाल मे TMC पार्टी के आतंकवादी जिहादीयोंसे बलात्कार,खुन,खराबा बंमबारी कराती है  #TMCTerror #TMCGoons #BengalBurning #BengalViolence #MamtaisTerrorist #ArrestMamta #ShameOnDiaonMamta #ShameOnTerroristMamtaBanerjee https://t.co/pTQ6UmkzOh",HOF,OFFN,1
hi_hasoc_2021_6076,"कबीर, हरि के नाम बिना, नारि कुतिया होय। गली-गली भौकत फिरै, टूक ना डालै कोय।। परमात्मा के नाम जाप बिना स्त्री अगले जन्म में कुतिया का जीवन प्राप्त करती है। फिर निःवस्त्र गलियों में भटकती रहती है, भूख से बेहाल होती है। देखिये संत रामपाल जी महाराज का सतसंग  https://t.co/X217pSbXFh",HOF,HATE,1
hi_hasoc_2021_6051,@A_4_AD सच मे कुतिया जैसी लग रही 😐,HOF,OFFN,1
hi_hasoc_2021_1420,पप्पू से बड़ा गधा कोई नहीं https://t.co/oHGPXLnwIc,HOF,OFFN,1
hi_hasoc_2021_5959,"@iSengarAjayy @MDHAKA0 गधा भी परेसान हे बब्बर सेर से , ये किस ग.. ग.. ग.. गधा ने बैठ गया हे पीठ पर मेरे . https://t.co/URGqjq8Mzf",HOF,PRFN,1
hi_hasoc_2021_5415,@Rofl_Lalu तमाम रिप्लाइ करने वालो का में धन्यवाद करता हूं। #JusticeForShahabuddin,HOF,HATE,1
hi_hasoc_2021_4642,ये वो कुतिया है जो अपने हगे पर मूत देती है.. 😄 https://t.co/k15Y8p0wgc https://t.co/YStHYhKOUh,HOF,OFFN,1
hi_hasoc_2021_5348,@Musleuddin17 CBI कौनसी दुध की धुली है???? #JusticeForShahabuddin,HOF,HATE,1
hi_hasoc_2021_5679,संभोग दुनिया की सबसे ज़्यादा ओवर्रेटेड और साथ ही साथ सबसे ज़्यादा पवित्र चीज है  अगर आप इसकी पवित्रता जानना चाहते हैं तो किसी माँ से पूछे जिसने अपने बच्चे को जन्म दिया है।   अगर आप इसकी व्यर्थता जानना चाहतें है तो किसी वैश्या से पूछे जो ना चाहते हुए भी एक पेशेवर हैं....!!!!,HOF,PRFN,1
hi_hasoc_2021_4281,यूपी: कानपुर  #योगी_झूठा_है  बोल रहा है सब चंगा सी फिर ये क्या है  #देखिए_वीडियो   #UPCongressHelpDesk #UPGovt   #ModiKaVaccineJumla https://t.co/HOeWnSHHLO,HOF,HATE,1
hi_hasoc_2021_4475,"हथियार चलाना और मारना सीख लो हिन्दुओं,  हर मोड पर दुशमन वैठा है, कहां तक भागोगे।  #BengalBurning  #HinduGenocideBengal  #HindusLivesMatter",HOF,HATE,1
hi_hasoc_2021_5535,ये मुल्ला मुलायम द्वारा सृजित और अब टोन्टी चोर द्वारा संचालित समाजवादी पार्टी के बड़े कंटीले नचनिया हैं। इनका समाजवाद बार बालाओं का अर्ध नग्न नृत्य करवाना और उनके साथ फूहड़ चूहड़ बाजी करना ही है।यही है असली समाजवाद @BJP4UP https://t.co/PnIaWZQcai,HOF,PRFN,1
hi_hasoc_2021_6082,"@Satyalivelko @vinodkapri ये दुष्ट आत्मा है ,समाज के लिए खतरा है ,इसको कड़ी से कड़ी सजा मिले।",HOF,OFFN,1
hi_hasoc_2021_5736,"@bainjal अरे ओ चाची, ठाकुरों ने बचा रखी है तुम ब्राह्मणों की इज्जत वरना कुत्ता भी नहीं पूछता तुमलोगो को।",HOF,OFFN,1
hi_hasoc_2021_4890,@TheLallantop एक ओर कांग्रेसी भाजपा में शामिल ! ओर इसे भी आईटी सेल के रात दिन के उठाये मुद्दे ओर हिन्दुओ पर हुए अत्याचार की कोई सजा नही दी गयी ! जबकि अँधेभक्त रात दिन यही सब बोल बोल के नफरत से भरे रहते है रोते रहते है ! अब तो लगता है अँधेभक्तो को मजा आता है मूर्ख बनने नेताओ का कोई दोष नही है !,HOF,HATE,1
hi_hasoc_2021_4333,#सड़ा_हुआ_समाज मूले मदरचोद वे और रहेंगे https://t.co/oLr5Oox0Kg,HOF,PRFN,1
hi_hasoc_2021_5120,जो भाजपाई धरने पर बैठा मिले उसके पिछवाड़े पर तब तक लट्ठ पेले जाएं जब तक उसका पिछवाड़ा बंगाल की तरह न दिखने लगे  तब इन्हें समझ आएगा कि बंगाल में हिंदुओं पर क्या गुजरी है #BengalBurning @RubikaLiyaquat @TheDeepak2020In @BJP4India @AmitShahOffice,HOF,HATE,1
hi_hasoc_2021_4442,लालू यादव मुर्दाबाद तेजस्वी मोर्दाबाद अब सपना छोड़ दो सिवान मै सरकार बनाने का अब सिर्फ ओसामा शाहब का राज होगा #JusticeForShahabuddin @OsamaShahab_ @yadavtejashwi @laluprasadrjd @asadowaisi @abplivenews,HOF,OFFN,1
hi_hasoc_2021_4892,"पूर्व सांसद डॉ.मोहम्मद शहाबुद्दीन ""सुपुर्द ए खाक"" हो गए!  कयादत वाले नेता ट्वीट कर के ""फारिग"" हो गए! RJD सुप्रीमो जश्न मनाने के ""मस्त"" हो गए!  सियासतदान एक बार फिर ""नंगे"" हो गए.!! #JusticeForShahabuddin https://t.co/mlDBsa8Noy",HOF,PRFN,1
hi_hasoc_2021_2400,@Shivran17340024 @Rajput_history @ArchanaKanwar26 @AparnaSingh21 @rajput_of_india @Rajputsunity तेरी मां की च** बहन चोद तेरे अंदर तुम लोगों का खून दौड़ रहा है माधर्चोद साले मुल्लों की नाजायज औलाद हो तुम इतनी गांड मरा कि हम लोगों ने तुम्हारी,HOF,PRFN,1
hi_hasoc_2021_5631,@RahulGandhi चुटिया बनाया जिसने किसान को 70 साल  वही दे रहा भर भर के ज्ञान किसान को। जिसने लूटा और खाया पैसा किसान का  वही बन के साधु भड़का रहा किसान को।,HOF,OFFN,1
hi_hasoc_2021_6041,@SuvenduWB @BJP4Bengal @BJP4India @JPNadda @DilipGhoshBJP बेहतर यही होगा की आप सभी अपने घरों मे रहिये सुरक्षित रहिये जो मर रहे हें उन्हे मरने दीजिये - आप का अपना पी.एम. कायर (गोदी) 🤬 #spinelessmodi #SpinelessBJP #spinelessshah  #BjpDestroyedIndia #BJPFailsIndia  #ModiHataoDeshBachao #BengalBurning,HOF,OFFN,1
hi_hasoc_2021_5634,हाथरस में फैक्ट चेक के लिए डेरा डालने वाला @aajtak  और हाथरस वाली भाभी का घूंघट ठीक करके साक्षात्कार करनेवाली चित्रा त्रिपाठी @chitraaum अभी तक बंगाल पहुंचे है या नही..? #BengalViolence  #BengalBurning   @ShefVaidya,HOF,HATE,1
hi_hasoc_2021_4798,"Only Modi Ji can save India, By resigning . #ModiResign #ResignModi  #fakenews #UPlockdown #DiaperSuryaExposed #CruelMamata #SpinelessBJP #ममता_की_निर्ममता #tejasvisurya https://t.co/roGmpJiNtK",HOF,OFFN,1
hi_hasoc_2021_5126,"""भारतीय मरना जानते है, लड़ना नहीं."" #BengalBurning",HOF,HATE,1
hi_hasoc_2021_4241,"अब तक जिसका खून न खौला, वो खून नहीं है, पानी है। जो कार्यकर्ताओं के काम न आए, वो बेकार प्रधानी है।। 😠😣😡  #BengalBurning #BengalViolence",HOF,OFFN,1
hi_hasoc_2021_5918,"अगर आपको पाकिस्तान या बांग्लादेश के हिंदुओं की चिंता होती है की उनके साथ वहा गलत हो रहा है और आप उनको भारत बुलाना चाहते हो, भारत बुला के भी करोगे क्या? भारत के हिंदुओ का घर लूटा जा रहा है, हिंदू महिलाओं की इज्जत लूटी जा रही है। पहले यह सब ठीक करो। @AmitShah #BengalBurning #Bengal",HOF,HATE,1
hi_hasoc_2021_5650,Hi BIRJIT GIRI (हरामी कान्छो)🇳🇵 thanks for following us,HOF,OFFN,1
hi_hasoc_2021_2337,@Shamshadkhan_ @rohini_sgh इतने टाइम में तो १-२ बकरी और २-३ कुतिया चोद ही लोगे। फिर क्या वक़्त बर्बाद करना भाषण सुनने में।,HOF,PRFN,1
hi_hasoc_2021_4905,मैडम आप लोगो के पास सटीक प्रश्नों के उत्तर नही होते तो आप गालीगलौज पर उतर आते है। इसे शक्ति नही फूहड़ता कहते हैं।  वैसे भी फूहड़ लोगों से कोई मुँह नही लगना चाहता। https://t.co/bzCrMtBnYm,HOF,HATE,1
hi_hasoc_2021_5949,"ये बंगाल की CM ममता बनर्जी नही है,ये Terror की आका डायन है👹जो बंगाल मे TMC पार्टी के आतंकवादी जिहादीयोंसे बलात्कार,खुन,खराबा बंमबारी कराती है  #TMCTerror #TMCGoons #BengalBurning #BengalViolence #MamtaisTerrorist #ArrestMamta #ShameOnDiaonMamta #ShameOnTerroristMamtaBanerjee https://t.co/tQfftAVRM3",HOF,OFFN,1
hi_hasoc_2021_5267,@anitaraj76 @gauravbh @BJP4India किसान आंदोलन के बारे मे बोलने से मु मैं दही जम जाती है क्या किसीको कुंभ देखता है किसीको को रैली ईमानदार हो तो जिसकी भी गलती हो सबके बारे मे बोलो ये दोगला पन अब नही चलेगा जनता मूर्ख नही है #दोगले इंसान,HOF,HATE,1
hi_hasoc_2021_5216,"लालू चारा चोर जैसा नेता शेर तब बनता है, जब उसके पीछे शहाबुद्दीन जैसा सवा शेर होता था! #JusticeForShahabuddin",HOF,HATE,1
hi_hasoc_2021_4825,@Alpanah51 @Naseeruddin_sah पूर्व सांसद को अपने घर की जमीन पर दफन होने भी नहीं दे सकती है सरकार  लानत है ऐसी सरकार पर 😡😏  #JusticeForShahabuddin https://t.co/aTTmCZ8qVw,HOF,HATE,1
hi_hasoc_2021_4166,"""MODI MEANS TERROR""  #नरेंद्र_मोदी_ग्लोबल_पप्पू #ResignPMmodi #ResignModi #evilmodi https://t.co/BFiO0hnsky",HOF,OFFN,1
hi_hasoc_2021_4823,सबका विश्वास.. अपनों से विश्वासघात.. एटा नोई चोलबे दादा.. 😠 #BengalBurning #BengalViolence   @BJP4India,HOF,HATE,1
hi_hasoc_2021_4645,Election  हार गये तो दंगे कारावाने लगे  तडीपार गुंडे #ResignAmitShah #tadipargunda #ResignModi #Resign_PM_Modi #BengalViolence #BengalElections2021 @narendramodi @MamataOfficial,HOF,HATE,1
hi_hasoc_2021_2705,@IndiaToday @Himanshu_Aajtak ONCE IN A CENTURY  @narendramodi जैसा मनहुस पैदा होता है @PMOIndia  #मनहुस_मोदी का साया देश से हट जाएगा आर्मी सारा काम संभाल रही है दवाई ऑक्सीजन आदि भी तेरे राजनीति से मुक्त हो जायेगी सभी के अपने अकालमृत्यु मर रहे है  #ResignModi मानवता केलिऐ #Resign_PM_Modi देशभक्त हो तो,HOF,OFFN,1
hi_hasoc_2021_6077,@chitraaum @JitinPrasada आप सीधे सीधे BJP ज्वाइन कर लो.... कब तक यू ही बाहर से समर्थन देती रहोगी...!! चित्रा त्रिपाठी आप पत्रकार नही.. मोदी&amp;योगी की चाटुकार हो...!! देश में पत्रकारीता तो 2014 के बाद से मर चुकी.!! अब तो पत्रकारिता के नाम पर दलाल बचे हुए हैं जो हर समय मोदी की दलाली करने में लगे रहते हैं..!!,HOF,OFFN,1
hi_hasoc_2021_5792,@narendramodi कितनी भी कोशिश कर लो सर नोबेल तो दूर की बात है यह आपको  विमल इलाइची पान मसाला अवार्ड भी नही देंगे  #BengalBurning  #bengalvoilence,HOF,OFFN,1
hi_hasoc_2021_6121,अगर क्रोना बीजेपी के गद्दार एमएलए को हो जाए और उन्हें ऊपर ले जाए तो इससे बड़ी बात हो ही नहीं सकती तो  #FarmersProtest #ModiKaVaccineJumla,HOF,HATE,1
hi_hasoc_2021_6091,कल से चमचे सिर्फ़ पेट्रोल और महंगाई पर रंडी रोना रोएँगे 😛😛😛                                  वैक्सीन पर मोदी जी ने चुप करा दिया😝😝,HOF,OFFN,1
hi_hasoc_2021_5746,@kalpeshravals @MdSamir21477702 भाजपा मे शामिल होने के लिए ब्राह्मण  होना ही नहीं काफ़ी है एक अच्छा दलाल भी होना चाहिए,HOF,OFFN,1
hi_hasoc_2021_5226,@manishjagan सुवर की औलाद तू एक कलंक है तेरे जैसे हरामखोरों ने ही जयचंदों के पछवाड़े को अपनी जबान से गुदगुदाया है। सारे नामजवादियों की ऐसी जबान है या सबका 1 ही नाजायज़ बाप आज़म खान है इसका खुलासा होना चाहिए,HOF,OFFN,1
hi_hasoc_2021_4483,@Sanjeev34597478 @HinaAltaf78 अबे कुत्ते की औलाद गधे की नस्ल  बेवकुफ़ की जात महंगाई मोदी के वक़्त मे ज्याद बड़ गई है पेट्रोल का भी रेट पता कर लो,HOF,OFFN,1
hi_hasoc_2021_5386,@PTI_News ONCE IN A CENTURY  @narendramodi @PMOIndia  #मनहुस_मोदी का साया मेरे देश के ऊपर से हट जाएगा आर्मी सारा काम संभाल रही है दवाई ऑक्सीजन आदि भी तेरे राजनीति से मुक्त हो जायेगी सभी के अपने अकालमृत्यु मर रहे है  #ResignModi मानवता केलिऐ #Resign_PM_Modi देशभक्त हो तो,HOF,OFFN,1
hi_hasoc_2021_6130,@ajitanjum नल्ला महंगे कुत्ते की सुनेगा पर किसी और की नही  एक मंहगी नस्ल का कुत्ता तेरे जैसे नल्लो को काम करने नही देगा  पर कुत्तों के डर से पीएम का काम नहीं रुकेगा,HOF,OFFN,1
hi_hasoc_2021_5630,@iiiushiii @otherwarya कौन है ये मूर्ख😜🤣,HOF,OFFN,1
hi_hasoc_2021_4797,"@BRAHMINS_VOICE इस चुटिया लड़ाई में मत पड़ो, ब्राह्मणों के पास बहुत महापुरुष है क्रांतिकारी है रोज के 2 मिल जाएंगे उन्होंने मुगलो फिर अंग्रेजो के चाटे उनको करने दो ट्विटर की वीरता",HOF,PRFN,1
hi_hasoc_2021_5479,"#BengalBurning #बंगाल_हिंसा - बंगाल से असम पलायन करके आई दूसरी बीजेपी की महिला कार्यकर्ता ने बताया कि किस प्रकार तंग कर रहे हैं टीएमसी के गुंडे, कितने भयावह हैं bengal के मंजर।  #Bengalisburning @KailashOnline @RanjeetkrDass https://t.co/3ifAPqY7at",HOF,HATE,1
hi_hasoc_2021_5458,@VinodSharmaView @rajneeshagraw13 केवल कूछ हद  तक सहयोगी जनता मेहरबान तो गधा पहलवान,HOF,OFFN,1
hi_hasoc_2021_5677,"कौन अपना घर मर्ज़ी से छोड़ता है साहब ? #BengalBurning असहाय,बेसहारा और मज़बूरों के आशियाने को उजाड़ने वालों, काल का पहिया घूम रहा है,ईश्वर सबका हिसाब इधर ही करेगा  ऊपर वाले की लाठी हमेशा कुर्सी पर बैठे नफ़रत में डूबे लोगों की लाठी से बहुत भारी होती है। @PMOIndia @AmitShah @JPNadd https://t.co/FrR7SJUFq8",HOF,HATE,1
hi_hasoc_2021_4275,सारे सेक्युलर नेता चुप।सारे सेक्युलर पत्रकार चुप।सारे मीडिया चैनल चुप।सारे इंटरनेशनल न्यूज चुप।सारे ह्यूमन राइट्स एक्टिविस्ट चुप।  कहीं कोई रो नही रहा।कहीं कोई छाती नही पिट रहा।न तो अब लोकतंत्र खतरे में है और न ही लोकतंत्र की हत्या हो रही है!  #ममता_खूनी_है #BengalBurning,HOF,HATE,1
hi_hasoc_2021_1688,"@ANI इस भो Sri वाले बाबा ने इंसानियत को शर्मसार कर दिया था । जिस गौरव वासन ने इसे मदद किया, जिसके कारण इसे 30 लाख से अधिक आया  पूरे देश मे नाम हुआ मकान खरीदा पर उस गौरव वासन पर ही इसने उल्टा केस कर दिया था  आज के जमाने मे किसी को मदद करना ही गुनाह बना दिया इस कमीने बुड्ढे ने 😡",HOF,OFFN,1
hi_hasoc_2021_5506,"#सत_भक्ति_संदेश  मनुष्य जीवन में हम कितने अच्छे अर्थात् 56 प्रकार के भोजन खाते हैं। भक्ति न करने से या शास्त्राविरूद्ध साधना करने से गधा बनेगा, फिर ये छप्पन प्रकार के भोजन कहाँ प्राप्त होंगे, कहीं कुरड़ियों (रूड़ी) पर पेट भरने के लिए घास खाने जाएगा।",HOF,HATE,1
hi_hasoc_2021_5234,@NoratramLoroli चुटिया दरिजन,HOF,PRFN,1
hi_hasoc_2021_5346,एक PM  17 CM  50 केंद्रीय मंत्री 300 से ज्यादा राज्य मंत्री सैंकड़ो दलाल मीडिया एक कोबरा भी था.. दीदी सब पर भारी! #BengalElections2021 #Bengal #MamtaBannerjee #BJPFailsIndia #ModiKaVaccineJumla,HOF,OFFN,1
hi_hasoc_2021_5440,"@sajjadali_10 ये रिंकिया के पापा, निरहुआ जैसे फूहड़ लोग भी तो वहीं से निकले हैं ना।",HOF,OFFN,1
hi_hasoc_2021_4286,माँ तुझे सलाम... TMC के गुंडों ने बुजुर्ग महिला तक को नहीं छोड़ा ममता को किसी के ऊपर ममता नही है।  #BengalBurning https://t.co/Yj84u3gPCK,HOF,OFFN,1
hi_hasoc_2021_5297,"ममता और छोटे ओवैसी में क्या फर्क है? वो कहता था:-15 मिनट पुलिस हटा लो, ममता कहती crpf हटालो!कबतक रहेगी,शरण तो मेरी लेनी पड़ेगी!  #BengalBurning  #ArrestMamata  #PresidentRuleInBengal",HOF,HATE,1
hi_hasoc_2021_4514,"@khanumarfa यही सोच बॉम्ब फोड़ते समय कोई नहीं सोचते , मंदिर तोड़ कर मस्जिद बनाते समय सोचते, काफ़िरों को मारते समय सोचते आज कितना अच्छा होता l सब इंसान को परिवार चलाना अच्छा लगता है तो कुछ को बकरी और कुतिया पेलने में और इंसान को कुत्ते की तरह मारने में दिलचस्पी है तो क्या किया जाए l",HOF,HATE,1
hi_hasoc_2021_5719,@romanaisarkhan वाह क्या लहज़ा है । काश इसमें कोई मुल्ला वाला होता कड़ी निन्दा करके पूछा जाता है न ? खैर शर्म होती तो पक्षपात नही होता । वैसे #System से क्यों नही पूछती आप ।  ओह सॉरी नौकरी का खतरा चलिए कोई नही  देखिए कोई #Muslim एंगल मिले तो टीआरपी का कुछ बने । #Islamophobia  #COVIDEmergency2021,HOF,HATE,1
hi_hasoc_2021_1714,@love4babita भाड़ में जाओ,HOF,PRFN,1
hi_hasoc_2021_5545,@DineshK57617119 @iAakankshahere नहीं भाई साहब ये सब कुतिया को सोचने समझने कि समझ कहाँ है इसको तो लगता है भाजपा ही सब कर रही है ये उन लोगों में से है जो कि मोदी की मूत्र भी खुशी खुशी पी ले,HOF,OFFN,1
hi_hasoc_2021_5853,@Shruti_0020 जातियों के कमरे में मत छिप                मूर्ख!! बाहर आकर देख हिन्दुत्व का ब्रांड बनकर जीने का मजा ही            कुछ और है!!       🚩जय श्री राम🚩         #शुभरात्रि 🙏🙏 https://t.co/MQpv1cn0AA,HOF,HATE,1
hi_hasoc_2021_3112,Sex को बारेमा कुरा गर्दा लजाउने मुख छोप्ने अनि लुकी कुकी sex video हेर्ने अनि लुकी कुकी असुरक्षित sex गराउने अनि भुरी बुकाउने अनि ekon खाने नै हामी महिला होइन त्यसैले सेक्स अति आवश्यक कुरा हो तर मन जितेर  गर्ने हो सेक्स को बारेमा बोल्दा रन्डी भालुरे अनि लुकी कुकी हेर्ने है।।।,HOF,PRFN,1
hi_hasoc_2021_5622,भक्त :- ऐसा #PM दोबारा नहीं मिलेगा   देश :- न ही मिले तो अच्छा है बे।  #Resign_PM_Modi  #ModiKaVaccineJumla  #ModiGovtSeNaHoPayega  #System  #ModiMadeDisaster  #BjpDestroyedIndia  #BJPFailsIndia,HOF,HATE,1
hi_hasoc_2021_5628,#Vaccine_और_MSP_दो #Resign_PM_Modi #मोदी_इस्तीफ़ा_दो #ShameOn_ModiGovt #ModiResignOrRepeal #NoVoteTo_LiarModi #ModiHataoDeshBachao #ਭਾਰਤ_ਦੇ_ਲਾਲ_ਕਿਸਾਨਾਂ_ਦੇ_ਨਾਲ #KisanMazdoorEktaZindabaad   #FarmLaws_NextPandemic #5MonthsOfFarmersProtest #आज_आक्सीजन_कल_रोटी_जायेगी  #FarmersProtest https://t.co/Ngu3oGpMM8,HOF,HATE,1
hi_hasoc_2021_5285,बीजेपी ने दीदी को बस इस लिए नही हराया क्यों की ई वी एम पर सवाल उठ जाता । वर्ना मोदी जी चाहे तो ममता को उनका वोट भी न मिले ।  #ॐशांतिॐ #Resign_PM_Modi  #मोदी_इस्तीफा_दो  #मोदी_है_तो_मुनकिन_है  #BjpDestroyedIndia  #ModiGovtSeNaHoPayega #evm #election https://t.co/sinRAPKhnR,HOF,HATE,1
hi_hasoc_2021_5970,"ऐसी सत्ता का अचार डालेंगे साहब,  जब कार्यकर्ता ही जीवित ना रहे!   यह विश्वनेता बनने की बीमारी  है लाशो पर मौन रहने की लाचारी!  धिक्कार है! #BengalBurning @narendramodi @AmitShah  @SuPriyoBabul @ArjunsinghWB https://t.co/ZQzJX5cYBd",HOF,OFFN,1
hi_hasoc_2021_5522,@pbhushan1 कमीने कुत्ते भी कोरोना से बच गये,HOF,PRFN,1
hi_hasoc_2021_5304,#BlackDayForChhattisgarh एक तरफ कहते है #CovidVaccine  नही लगवा रहे दूसरी तरफ खुद कांग्रेस के  मुख्यमंत्री भूपेश बघेल टीकाकरण निरस्त कर रहे इनको देश से कोई मतलब नहीं है  इतिहास का यह भी काला दिन है। सब याद रखा जायेगा https://t.co/gVVwjcODMs,HOF,OFFN,1
hi_hasoc_2021_1804,@AnumaVidisha मोदी तुम इस्तीफा दो हम तुम्हारे साथ है #ResignModi  #Resign_PM_Modi  #ModiHataoDeshBachao https://t.co/spsvPTov8W,HOF,PRFN,1
hi_hasoc_2021_5070,@aajtak अगर वेश्या धर्म की बात करे तो.......... गले नही उतरेगी....,HOF,HATE,1
hi_hasoc_2021_4358,"ये बंगाल की CM ममता बनर्जी नही है,ये Terror की आका डायन है👹जो बंगाल मे TMC पार्टी के आतंकवादी जिहादीयोंसे बलात्कार,खुन,खराबा बंमबारी कराती है  #TMCTerror #TMCGoons #BengalBurning #BengalViolence #MamtaisTerrorist #ArrestMamta #ShameOnDiaonMamta #ShameOnTerroristMamtaBanerjee https://t.co/qXQfusN1Cf",HOF,OFFN,1
hi_hasoc_2021_4718,सही कहे हो मियां महागठबंधन वालों के लिए... दोमुंहे सांप शब्दों का प्रयोग एकदम सही किए हो। जीतना यह लोग एक दूसरे को कोस ले पर है तो एक ही दुष्ट धुरी के घटक। https://t.co/bLPjDFT3O9,HOF,HATE,1
hi_hasoc_2021_4408,D 4 Medicine dose:2 Xi Jinping तुम्हारी मां (CCP) का भोस**   Xi Jinping तुम बहुत ही भयानक मौत मरोगे!   #chinesevirus #chinesevirus  #chinesevirus #chinesevirus #chinesevirus #ChineseVirus #ChinaLiedPeopleDied #RohitSardanaPassesAway #OmShantiRohitSardana #aaj_tak Jai Hind🇮🇳,HOF,PRFN,1
hi_hasoc_2021_5781,"दोस्तों, आओ हम सब सर्वसम्मति से महान अर्थशास्त्री, धुरंधर वैज्ञानिक, अंतर्राष्ट्रीय किसान, भयंकर सवर्ण-दलित मसीहा #चुदित राज जी को खांग्रेस #अध्यक्ष एवं #पलधानमंतली बनाएं !!🙏 ""सभी #समस्याएं समाप्त"" #उदित_राज_को_अध्यक्ष_बनाओ_बे @Dr_Uditraj  #CovidVaccine https://t.co/HrWBrorcLe https://t.co/onTPqosQMK",HOF,PRFN,1
hi_hasoc_2021_5333,और ये ही भावुकता आपके प्रचार मंत्री जी दिखाते तो एक मिनट में आप उनको भगवान का अवतार घोषित कर देते। वैसे आपदा को अवसर के रूप में बखूबी इस्तेमाल कर रहे है माननीय प्रचार मंत्री जी। #25सांसद_लापता_है #ModiKaVaccineJumla #बिना_वैक्सीन_कैसा_टीकाउत्सव  @samachar_bharat https://t.co/XVhOGp90fM,HOF,OFFN,1
hi_hasoc_2021_5789,@doctorrichabjp क्यो  जनसंख्या काम तो कर रहे है मोदी जी जो 2014 से ही भड़ गई है गोबर भक्तो को दिख नहीं रहे लगता है 100 स्मार्ट सिटी में हो शायद #ResignModi #कंगना_तुम_कहाँ_हो  #भाजपा_गिध्द_सोच_पार्टी,HOF,OFFN,1
hi_hasoc_2021_4768,इतने बड़े दर्द कष्ट पीड़ा प्रमाद दुख से कैसे बाहर आए यह तो नहीं पता। परंतु political agenda ने हमारी जान ली है। #मोदी_है_तो_मातम_है  #sardanarohit #शूटर_दादी_चंद्रो_तोमर  #FridayThoughts #ModiKaVaccineJumla,HOF,HATE,1
hi_hasoc_2021_5859,@_garrywalia भाजपा के द्वारा 20.000 करोड़ लगा कर और चुनाव आयोग को हाई जेक करकर भी यदि भाजपा बंगाल में चुनाव हार रही हे तो ये फ़क़ीर की व्यक्तिगत हार हे #ResignPMmodi #BengalElection2021 #KhelaHobe,HOF,HATE,1
hi_hasoc_2021_574,"@sanjbhj @AjaySadanand @_YogendraYadav @narendramodi @nstomar मतिभ्रमित भाई,तू जाँच एजेंसी हैं? केजरीवाल की जाँच करे बिना ट्विटर पर बकबक शुरू?गधे,ईमानदार राजनीती के चमकते सितारे हैं केजरीवाल,मोदी की तरह दुष्ट,भ्रष्ट,नकारा,गद्दार नहीं!😏",HOF,OFFN,1
hi_hasoc_2021_5461,@INCChhattisgarh गधा को घोड़ा बनाने के चक्कर में,HOF,OFFN,1
hi_hasoc_2021_5222,@thakur_maanvi बीजेपी में इस कमीने को लेगा कौन????,HOF,OFFN,1
hi_hasoc_2021_5435,@PMOIndia @AmitShah @EduMinOfIndia @India_NHRC @anilvijminister @cmohry इस देश में सब चल रहा है। बस बन्द है सिर्फ शिक्षा और शिक्षण संस्थानों में काम करने वालों के चूले। करोना शिक्षण संस्थानों में है बाकी तो एंटीडॉप है शिक्षक और शिक्षा जाओ भाड़ में  रस्सी लेके फांसी ला लो,HOF,OFFN,1
hi_hasoc_2021_3360,"@GitaKum52950779 हेय भगवान छी राम राम ,कितना गिरा ह ये सूअर लोग छी आ थू😠",HOF,OFFN,1
hi_hasoc_2021_4378,@aryavartbrahman @HinduTitle कोई मूर्ख ही ब्राह्मण को कम समझेगा विप्र🙏🏻 प्रणाम!,HOF,OFFN,1
hi_hasoc_2021_4698,"@randm_indianguy दो मिनट का मौन उनके लिए भी जिनको बंगाल में चुनावी रैली दिखी ,  कोरोना दिखा किन्तु अब हिंसा , लूट अग्निकांड और महिलाओं को लुटती इज़्ज़त नहीं दिख रहीं 😡😡  #PresidentsRuleinBengal  #BengalBurning  #BengalViolence  #KhooniKhela  #WestBengalViolence",HOF,HATE,1
hi_hasoc_2021_4893,दोगला पन ये गद्दार नहीं चाहते देश को https://t.co/t1LleQnZOJ,HOF,HATE,1
hi_hasoc_2021_4313,"@MahiJain_S @opshukla0 अच्छी बात है,कम अच्छे हैं कमीने नही।",HOF,PRFN,1
hi_hasoc_2021_5452,@aajtak अखंड चुटिया पान।।,HOF,PRFN,1
hi_hasoc_2021_769,@SurajTh23627931 @Rautparody61 वो गधा या तो आशाराम की देन है या फिर नेहरू की क्योंकि असली गधे ने इसको पैदा नही किया,HOF,OFFN,1
hi_hasoc_2021_5406,@news24tvchannel @sandeep_news24 @IGuruPrakash @Aloksharmaaicc अभी अभिमन्यु फ़ूहड़ ने यह कहा है कि कानून तो लागू हो रहे हैं धीरे-धीरे मंडिया बंद हो रही हैं इस गधे से पूछो अगर कानून लागू हो रहे हैं तो लोगों को विरोध करना चाहिए कहां हैं किसान विरोध है इन सब को मुंह की खानी पड़ रही है,HOF,OFFN,1
hi_hasoc_2021_5588,"@YParashari @BBCHindi अब होत का,जब कुतिया बिलबिलाए",HOF,OFFN,1
hi_hasoc_2021_4648,ये तकलीफ बर्दाश्त नही हो रही ये लोग हमेशा फायदा उठाये है साहब का और आज जरूरत है तो कहा है ये लोग Tejashwi Yadav याद रखना हम भक्त नही है   Lalu Prasad Yadav  Tej Pratap Yadav  R.J.D - राष्ट्रीय जनता दल  #Shahabuddin  #JusticeForShahabuddin #boycottrjd,HOF,HATE,1
hi_hasoc_2021_4327,"कुर्सी है, यह तुम्हारा जनाजा तो नहीं है। कुछ कर नहीं सकते तो उतर क्यों नहीं जाते। #ResignPMmodi  #ScrapCentralVista https://t.co/nc7JGq870u",HOF,OFFN,1
hi_hasoc_2021_5825,"जो लोग मुसलमानों के मसीहा बने बैठे थे,  एक एक करके सारे दोगले चेहरे बेनकाब हो रहे है,   फिर चाहे वो दिल्ली के केजरीवाल, उत्तर प्रदेश के अखिलेश या फिर बिहार के तेजस्वी यादव हो!!  #JusticeForShahabuddin",HOF,HATE,1
hi_hasoc_2021_4550,इन तबलीगी जमात वालो ने देश का बेड़ा गर्क कर दिया हैं #CoronaBomb #islamophobia #CoronaJihad #Islamophobia_in_india #islamophobie #SadanandTemple,HOF,HATE,1
hi_hasoc_2021_4395,कुरान में लिखा है की बीजेपी 72 हुर और जन्नत पाने के राह में रोड़ा है इसलिए मुसलमान भाजपा को कभी वोट न करें? मुसलमान इतने मुर्ख है की बार बार कांग्रेस के बहकावे मे आ जाते है।?? https://t.co/qD6picbSrN,HOF,HATE,1
hi_hasoc_2021_5776,"@janardanmis पता नहीं हिन्दुओ को कभी अकल आएगी भी के नहीं; घर में कोई हथियार भी नहीं रखते। अधिकतर की तो ये हालत हैं के घर में एक डंडा तक नहीं हैं लेकिन iphone जरूर मिलेगा। और आजकल नए #FakeNarrative में फंसे हैं - मोदी हटाओ, योगी हटाओ। बस भाजपा अकेले #jihad से लड़ ले। #BengalBurning",HOF,HATE,1
hi_hasoc_2021_1699,"राजीव बनर्जी का आरोप केंद्र बंगाल सरकार को धमका रही है।                         कमिने को पता         है कि   बंगाल सरकार हिंदूओं की हत्या, बलात्कार कर वा रही है। बंगाल  को कश्मीर बनने जा रही है। आरोप केंद्र सरकार पर।",HOF,OFFN,1
hi_hasoc_2021_1775,"कनाडा में एक मुस्लिम परिवार के 4 फ़र्द को रौंदकर क़त्ल करने वाला आतंकवादी यहूदी है। यक़ीन जानिये अगर ये क़त्ल करने वाला मुस्लिम होता और मक़तूल फ़ैमिली ग़ैर-मुस्लिम होती तो दुनिया की इस्लामोफोबिक मीडिया अबतक ""इस्लामिक आतंकवाद"" का रंडी-रोना रो रही होती। #IslamophobiaIsTerrorism",HOF,HATE,1
hi_hasoc_2021_5603,"@sahityasrijan कई दिनों तक चूल्हा रोया, चक्की रही उदास कई दिनों तक कानी कुतिया सोई उनके पास कई दिनों तक लगी भीत पर छिपकलियों की गश्त कई दिनों तक चूहों की भी हालत रही शिकस्त। -नागार्जुन",HOF,OFFN,1
hi_hasoc_2021_1095,@khesariLY एक गाना हम भी सोचे है सुनो lखेसारिया के बेटी सपनवा मे आती है कैसा लगा 2 टके का गायक l.. तुम जो चाची के bachiऔर ना कितने फूहड़ गीत  गाये lइसका मतलब समझते हो l शब्द का मर्यादा रखने सीखो l किसी को चैलेंज मत करो बिहार है l नही तो दौड़ाकर कुटेगा l याद तो होगा ही l,HOF,OFFN,1
hi_hasoc_2021_5961,"@AcharyaPramodk बाबा कब सुधरोगे, ज्यादा लिखने से अपने आप को एक्सपोज़ कर रहे हो, बाबा कुछ धार्मिक कुछ ग्रंथि की बाते भी कर लो। हर चीज़ पर कमेंट बचकानी और फूहड़ लगती है । फिर आप में और नरसिंघा नंद सरस्वती में क्या अंतर, वो भी गली देता और आप भी। फिर आचार्य को ढोंग क्यों, दिग्विजय के राह पर हो।",HOF,OFFN,1
hi_hasoc_2021_5363,@satyamy08169868 @pankajanshri @MainVivekSharma @narendramodi पूरी दुनिया के साक्ष्य प्रमाणित कर चुके हैं कि बौद्ध प्राचीनतम सभ्यता है और तेरा हिन्दू ब्राह्मण रांडपूत वैश्या ईरानी हिन्दू मानसिक अपंग स्थिति में सड़ातन असर में रहने लगे हैं,HOF,PRFN,1
hi_hasoc_2021_5010,जल्द ही सुहागरात भी चौराहे पर मनाना आधुनिकता कहलाएगा। जब यही सब आधुनिकता है तो कुत्ते-कुतिया हमसे अधिक आधुनिक हैं। ये फोकटी आधुनिकता ले डूबेगी। क्योंकि फटी जीन्स में आपको वही लोग नहीं देखना चाहते जो आपके शुभचिंतक है। बाकी दुनिया तो आपकी बहन बेटियों को नंगा देखना चाहती ही है। https://t.co/N97mpdiUA7,HOF,PRFN,1
hi_hasoc_2021_6057,@MrsGandhi अगर घर वाले कुत्ते को अकेला छोड़ के जाते हैं तो कुत्ता अवश्य भोंकता है।,HOF,OFFN,1
hi_hasoc_2021_6003,@TimesNow @rajeev_mp @BagaiDr @ARanganathan72 @JhaSanjay @TVMohandasPai @sumanthraman ONCE IN A CENTURY  @narendramodi @PMOIndia  #मनहुस_मोदी का साया मेरे देश के ऊपर से हट जाएगा आर्मी सारा काम संभाल रही है दवाई ऑक्सीजन आदि भी तेरे राजनीति से मुक्त हो जायेगी सभी के अपने अकालमृत्यु मर रहे है  #ResignModi मानवता केलिऐ #Resign_PM_Modi देशभक्त हो तो,HOF,OFFN,1
hi_hasoc_2021_4176,@DJ_purohit4 @sakshijoshii @rohini_sgh इनका अलग ही रंडी रोना ह,HOF,OFFN,1
hi_hasoc_2021_5339,@ippatel उसे भी 'समझौता' करने के लिए बोलेगा वो हरामी घुंघरू सेठ.......,HOF,OFFN,1
hi_hasoc_2021_3727,"कनाडा में एक मुस्लिम परिवार के 4 फ़र्द को रौंदकर क़त्ल करने वाला आतंकवादी यहूदी है। यक़ीन जानिये अगर ये क़त्ल करने वाला मुस्लिम होता और मक़तूल फ़ैमिली ग़ैर-मुस्लिम होती तो दुनिया की इस्लामोफोबिक मीडिया अबतक ""इस्लामिक आतंकवाद"" का रंडी-रोना रो रही होती। #IslamophobiaIsTerrorism",HOF,HATE,1
hi_hasoc_2021_5767,आज ही की दिन हिटलर ने आत्महत्या की थी वो हिटलर बेरहम था लेकिन हमारे वाले की तरह बेशरम नहीं   #ModiKaVaccineJumla #ModiResign,HOF,HATE,1
hi_hasoc_2021_4438,@sanzu_is_back गधा कभी घोड़ा नहीं बन सकता चमचे ओर गुलाम राहुल  से जोड़कर देख सकते,HOF,OFFN,1
hi_hasoc_2021_4075,"@MLA_Chandana हे ब्राह्मण नाम, कुल और गोत्र को लज्जित एवं कलंकित करने वाली राक्षशी प्रवर्ति की निर्लज्ज और बेशर्म दीदी @MamataOfficial कुछ तो शर्म कर। ये तु पश्चिम बंगाल को जो नर्क बना रही है वह पाप कहाँ धोयेंगी।  #ShameOnTMC #ShameOnMamata  #BengalViolance #BengalBurning",HOF,OFFN,1
hi_hasoc_2021_2983,@ajitanjum @scribe_prashant जी बिलकुल नल्ला पत्रकार नल्ले कुत्ते से खेल रहा है  पर नस्ल दोनो की एक है,HOF,OFFN,1
hi_hasoc_2021_5008,"NRC IS THE NEED OF THIS HOUR   #राष्ट्रपति_जी_बंगाल_संभालो  इस समय बंगाल में NRC की सख्त जरूरत है,, क्योंकी बंगाल में हिंसा करने वाले ज्यादातर घुसपैठिये है।।। Retweet for NRC   #NRC #BengalBurning #CruelMamata #ArrestMamata #BengalViolence https://t.co/JNr46zLJmp",HOF,HATE,1
hi_hasoc_2021_5744,"आज के 90% मुसलमानों के पूर्वज हिन्दू थे। पर ये अपने को मुग़लों, तुर्कों और उज़्बेकों की संतान बताते हैं जिन्होंने उनके पूर्वजों पर अत्याचार करके उन्हें मुसलमान बनाया  #Muslims #BengalBurning #जागो_हिन्दुओ_एकजुट_हो_जाओ #सनातन_धर्म_सर्वश्रेष्ठ_है https://t.co/IZoBghrYFM",HOF,HATE,1
hi_hasoc_2021_4928,@Tanveer07 @PJkanojia देख अपनी दोगला चरित्र https://t.co/n2jaPvZ6vP,HOF,OFFN,1
hi_hasoc_2021_5174,हे चुसात   आज #सुसु_Aunty ने तेरी खूब लिया तेरा बंगाल का पुराना विडियो निकाल कर दिखाया  चुसात तु कसम भगवान की #ANI_है  जय हो #सुस_Aunty_की   #PrashantKishore #Nandigram #ModiKaVaccineJumla #DCvKKR #ExitPoll #Shaw #IStandWithSiddharth #BBMAs #gill #TXT_FREEZE #Dhawan #mavi https://t.co/OuU1sNLxzi https://t.co/0rB3tol5Te,HOF,OFFN,1
hi_hasoc_2021_5385,@ReallySwara देश के साथ गद्दारी करने वालों का साथ देने वाली चुड़ैल कंही की 😜😜😜 #BengalTrustsModi #Bengal #BengalBurning #Bengalisburning,HOF,OFFN,1
hi_hasoc_2021_1762,"अब तक का सबसे नाकामयाब प्रधान है ये😠 पहले पूरे देश को कोरोना की खाई मे इसने ढकेला, खुद की नाकामयाबी को बडी चालाकी से औरो पर धकेला फिर टिकाकरण के लिए कहा,अब नौबत ऐसी है की देश के 18 से 44 तक की आयु के लोगों को टिका लगाने के लिए टिका नहीं है(1/2) #ModiKaVaccineJumla #ModiResign",HOF,OFFN,1
hi_hasoc_2021_5645,"#NDTV ,ndtv का गधा पत्रकार संकेत उपध्याय ने आज चाटूकारिता की सारी हदें पार कर दी जितिन प्रसाद के गुणगान में. गधा संकेत उपाध्यक्ष को कुछ भी आंकड़े उत्तर प्रदेश के मालूम नहीं है. पत्रकारिता को गिरवी रख दिया है मूर्ख संकेत उपाध्यक्ष (ndtv)ने . शर्म करो संकेत. पढ़ाई कर ले आंकड़े. https://t.co/zTiP9bmuQ7",HOF,OFFN,1
hi_hasoc_2021_4676,"@ChapraZila @khesariLY @khesariLY तुमलोग तो बंगलीनिया शब्द प्रयोग कर पूरा बंगाल को बदनाम कर दिया।पूजा,नेहा,काजल और ना जाने कितने लड़कियों के नाम को शर्मसार किया।जब तुम लोग का फूहड़ गाना बजता है तो ये सारे नाम वाली लड़कियां उस रास्ते से गुजरना नही चाहती है।क्यों ना तुम सब पर फीमेल एब्यूज का केस किया जाए",HOF,HATE,1
hi_hasoc_2021_5773,@sajcom2004 @Rocking_Nainaa तुम्हारे अल्लाह दल्लाह के भी गांड मे इतना ताकत नही जो हमे डरा सके फिर तू तो मेरा ही नाजायज औलाद है,HOF,PRFN,1
hi_hasoc_2021_5336,@EuphoRlAAAA कैसे चुटिया लोग है।,HOF,PRFN,1
hi_hasoc_2021_5320,@DainikBhaskar जानवर जानवर का शिकार करता है! इंसान जानवर का शिकार करता है! राजनीति का नशा इंसान का शिकार करता है!,HOF,HATE,1
hi_hasoc_2021_6028,गौ माता पर ट्रैक्टर चढ़ाने वाला सुअर गिरफ्तार हो गया https://t.co/R5534E406h,HOF,OFFN,1
hi_hasoc_2021_1131,"@ajitanjum मैडम तो आप राजमाता को बोलते है ,क्या संदेश देना चाह रहे है ?? कुतिया को मैडम संबोधित करके ??",HOF,PRFN,1
hi_hasoc_2021_5858,"वैक्सीन लगाने के‌ लक्ष्य से मोदी सरकार कोसों दूर है,इस समय ऑक्सीजन आयात करो को मुद्दा बनाया है,कोरोना की अगली आंधी में नर्स-डाक्टर आयात करो मुद्दा रहेगा। #ModiKaVaccineJumla",HOF,HATE,1
hi_hasoc_2021_5619,@narendramodi @MamataOfficial संवेदनशील सरकार!   अपनों के प्रति आपकी संवेदना मर चुकी हैं!  कभी सोचा नहीं था की अपने ही परिवार के ख़िलाफ़ बोलना पड़ेगा 😣🥺😢😠😡  #SpinelessBJP  #HeartlessBJP #BengalBurning #InsensitivePM,HOF,HATE,1
hi_hasoc_2021_1791,और तुम्हे भड़वा और दलाल ही कहा जा रहा है अभी तक https://t.co/nKlMtE5De3,HOF,PRFN,1
hi_hasoc_2021_5460,@Dr_Uditraj @INCIndia अब कहां गए वो कांग्रेसी चमचा   समाज का दलाल @Dr_Uditraj @INCSCDept अब कहां गायब हो गए अब नहीं मांगोगे जातिवादी @ashokgehlot51 से इस्तीफा अगर और किसी राज्य में ये कांड हुआ होता तो अभी तक रंडी रोना शुरू कर देते दलितो के लिए कांग्रेस मीठा जहर है और भाजपा कड़वा 😡😡 #JusticeForVinod,HOF,PRFN,1
hi_hasoc_2021_4957,"@narendramodi जी एक बार माफी मांग लो और बात खत्म करो। कह दो की मैं गलत था, मुझमे शिक्षा की कमी रह गयी। हम कुछ नही बोलेंगे, माफ कर देंगे।  #ModiMadeDisaster  #ResignModi  #ModiMadness  #OxygenEmergency",HOF,OFFN,1
hi_hasoc_2021_1253,@DILEEPB80039897 @Rautparody61 या तो मां गधे के पास गईं थी या गधा मां के पास आया था तभी ये गधा पैदा हुआ कुल मिलाकर पैदाइश जानवर की है,HOF,OFFN,1
hi_hasoc_2021_5372,"सातवीं सालगिरह पर 7 आंकड़े  इधर सरकार अपनी 7वीं सालगिरह मनाने की फूहड़ कोशिश कर रही थी, उधर बीते साल में अर्थव्यवस्था के सात आंकड़े उसका मुंह चिढ़ा रहे थे।  देखिए @_YogendraYadav का यह वीडियो और समझिए देश की अर्थव्यवस्था की गाड़ी कहां खड़ी है।  ▶️ https://t.co/AM7o67nOdd https://t.co/CgU7hR95Uw",HOF,HATE,1
hi_hasoc_2021_4516,@ABPNews कमीने बात करना हि क्या है? काले कानुन को हटाओ। खल्लास ।।,HOF,PRFN,1
hi_hasoc_2021_4534,@thenehatiwarii @Bharti64422486 @Chaganlalpuroh1 @Narsing05815640 @vaasujack3 @Corona__Warrior @Rajpoot_Veerani @kalyan_dubey @SheetalPronamo @KajuTripaathi ये तो बहुत बङा हरामी आदमी निकला 😕😕😕,HOF,PRFN,1
hi_hasoc_2021_6052,"@Abhinav_Pan एक नंबर के गधे हो तुम, साथ साथ चाटुकार सबसे बड़े, बेटा हम सबको फ्री मे लग रही है Vaccine, तो विपक्ष का चाटने से कुछ नही मिलेगा",HOF,PRFN,1
hi_hasoc_2021_5424,@ACH_ANKURARYA @Suryans87203939 @TwitterIndia भाड़ में जाओ @TwitterIndia,HOF,PRFN,1
hi_hasoc_2021_5505,कौआ सावन में नाच ले तो मोर नहीं होता हर गंजा चाणक्य और  दाढ़ी वाला टैगोर नहीं होता 👍 #Bengal  #KhelaHobe  #नरेंद्र_मोदी_ग्लोबल_पप्पू  #नरेंद्र_मोदी_ग्लोबल_पप्पू_है  #ModiKaVaccineJumla,HOF,OFFN,1
hi_hasoc_2021_4299,"क्या वास्तव में यह एक कश्मीरी पंडित है ? इसके दिमाग में गोबर भरा है, ऐसा दिमाग किसी कश्मीरी का नहीं हो सकता । जज साहब पढ़ लिख कर भी मूर्ख ही गये, और हाँ, जज साहब ! जनता मूर्ख ही है, जो आप जैसे मूर्खों को जज के रुप में देखती थी और भगवान जैसा सम्मान देती थी । https://t.co/L069ZaFWiE",HOF,OFFN,1
hi_hasoc_2021_4268,@ArmaanS13738198 Day dreaming of Modi's puppets #PrayForFarmersVictory  #देश_ऑक्सीजन_मांगता_है #ResignModi #FarmersProtest,HOF,OFFN,1
hi_hasoc_2021_4350,"उनका स्टैंड उनका मैसेज एकदम क्लियर है, Anti BJP वोटिंग.....कंफ्यूज तो BJP है जो सबका साथ सबका विकास बाला जुमला इस्तेमाल करती है. #BengalBurning  #BengalViolence  #Bengalisburning  #BengalRiots",HOF,HATE,1
hi_hasoc_2021_5902,@musaafirdev अब तीसरा कुत्ता आया शोभा देने😷😷,HOF,OFFN,1
hi_hasoc_2021_5557,गाय हिन्दू है और  सूअर कटुवे😡 https://t.co/t96vIN1Zyn,HOF,PRFN,1
hi_hasoc_2021_6111,अच्छा किया मेरे बाप दादाऔ ने 70 साल तक कांग्रेस को वोट देकर मै ही गधा था जो कुछ अलग करने निकला😌😔आज देश भुगत रहा है #AndhBhakt #ModiResign #ResignModi #ResignPMmodi #Resign_PM_Modi #ModiMustResign #ModiResignOrRepeal #ModiKaVaccineJumla #ModiHataoDeshBachao #BJP_MP_MLA_Missing https://t.co/lx4rvBM6nS,HOF,HATE,1
hi_hasoc_2021_4638,"बंगाल में ममता की पार्टी के गुंडों ने जीत का जश्न इस तरह से मनाया। बंगाल में यह कैसा लोकतंत्र है। की जीत की खुशी में दूसरों के घरों में आग लगाओ ,औरतों की इज्जत लूटो, सरेआम गुंडागर्दी करो,। #BengalBurning  #PresidentRuleInBengal  #ArrestMamata https://t.co/CvYh5jXJ5d",HOF,HATE,1
hi_hasoc_2021_948,@News18India @AcharyaPramodk @AMISHDEVGAN अरे इस मूर्ख ढोंगी की कोई सुनता भी है?,HOF,OFFN,1
hi_hasoc_2021_5017,"To @BJP4India , “Didi O Didi” बोलनेवाला दादा कहाँ गया? #Resign_PM_Modi #दादागिरि नहीं चलेगा यार । यै বাংলা है “ बगाँल” नहीं ।জয় বাংলা!!! @MamataOfficial  @abhishekaitc @derekobrienmp  Get the hell out you two fascist Clown!  #Didi #BengalElection #MamtaBanerjee 🙌🏻🔥 https://t.co/q0tK8C4MNl",HOF,HATE,1
hi_hasoc_2021_386,"TMC,MP Nusrat Jahan के पति निखिल जैन बोला कि नुसरत किसी और से मुँह काला कर गाभिन हुई। अरे इन मुल्लियों को हलाला ही पसंद है और हिन्दू अकसर तभी इन मुल्लियों से शादी नहीं करते। अरे निखिल तुम कहाँ फंस गये थे इस वैश्या के साथ,इससे तो कोठे... #NikhilJain @nusratchirps @MamataOfficial https://t.co/m4KRo4cLya",HOF,OFFN,1
hi_hasoc_2021_4792,ट्वीटर की औकात मेरे लिए सिर्फ 4 चवन्नी घोडे पे.... जितनी है। भाड में जाओ @TwitterIndia,HOF,HATE,1
hi_hasoc_2021_4938,@AwanishSharan मेरे तो JK से भी बड़े बागड़बिल्ले है कमीने दोस्त है।,HOF,PRFN,1
hi_hasoc_2021_4828,@news24tvchannel गद्दार दोगला है ??? बिक गया है साला,HOF,PRFN,1
hi_hasoc_2021_5011,"@zoo_bear @Pooja_Chaudhuri उसने अंदर सुअर लिखा हुआ है भाई, Muसl_मान किसने और कैसे डिकोड कर दिया इसको? 😑 😭😭 https://t.co/FQJ3AnbslP",HOF,PRFN,1
hi_hasoc_2021_1984,"@shailesh_Arvind @OGaurav28 पाखंडी ब्राह्मणो का पखंड तो देखो खुद इंसान को ऊंची जाती और नीची जाती में बाटा, छुआ-छूत किया, इंसान को इंसान नहीं समझते पर कुतिया और गए जैसे पशु इनके भगवन हैं https://t.co/7uwTVWOQKe",HOF,HATE,1
hi_hasoc_2021_5173,हद है यार कौवे @DChaurasia2312 के बेशर्मी की.. ये कौवा उस कौम को गद्दार कह रहा जिसने इस देश के लिए अपना सब कुछ हमेशा से कुर्बान किया है ये कौवा जिस समुदाय से आता है उस समुदाय ने हमेशा की तरह इस बार भी #Islamophobia से ग्रस्त हो कर देश बर्बाद करने में कोई कसर नहीं छोड़ी है।,HOF,OFFN,1
hi_hasoc_2021_4660,"बंगाल जाकर चुनावी रैलियों की लाइव कवरेज करने वाली मिडिया, अब हिन्दुओं की हत्या,लूटपाट, बलात्कार के समय ,किस बिल में है? 😕 #BengalViolence #BengalBurning #tmcgoons #BengalElection2021 @aajtak @ZeeNews @BJP4India @BJP4Bengal",HOF,HATE,1
hi_hasoc_2021_5310,@umashankarsingh राजपूत सिर्फ चौकीदारी और शहीद होने के लिए हैं।सत्ताभोग के लिए चुटिया और तराजू हैं।जयहिंद।,HOF,PRFN,1
hi_hasoc_2021_5706,@RahulGandhi भाजपा के द्वारा 20.000 करोड़ लगा कर और चुनाव आयोग को हाई जेक करकर भी यदि भाजपा बंगाल में चुनाव हार रही हे तो ये फ़क़ीर की व्यक्तिगत हार हे #ResignPMmodi #BengalElection2021 #KhelaHobe,HOF,HATE,1
hi_hasoc_2021_4290,#AntiHinduMamata नहीं बल्कि मोदी  है जिसकी कोरोना रैली से  हजारों हिंदू कोरोना से मर रहे हैं! #ResignModi,HOF,OFFN,1
hi_hasoc_2021_1903,नरेंद्र_मोदी_ग्लोबल_पप्पू #ResignPMmodi  #ResignModi   Everybody to bhakts : https://t.co/SnX9sTs75O,HOF,OFFN,1
hi_hasoc_2021_1112,@minnatrahmani @RahulGandhi दोगले कभी ना कभी अपना दोगला पन दिखा ही जाता है,HOF,OFFN,1
hi_hasoc_2021_5827,So then according to your tweet I think people with Hindutva ideology are #हरामी @Himanshu212659 @awasthiShubhamP https://t.co/GxyZlafNCb,HOF,HATE,1
hi_hasoc_2021_4357,राहुल गांधी 52 के हो गए हैं फिर भी अभी युवा है! और मुसलमान 33 करोड़ हो गए हैं फिर भी अल्पसंख्यक है !!  और हम सब मूर्ख हैं 😠 🤔,HOF,HATE,1
hi_hasoc_2021_4552,@RiteshK13402216 @PNRai1 भूरी काकी के झोपड़े की उपज के दिमाग मे तो सुअर की T@Ti भरी रहती है।,HOF,PRFN,1
hi_hasoc_2021_4452,ऐसा है ना की तुम सब भाड़ में जाओ 👉👎,HOF,HATE,1
hi_hasoc_2021_1290,"ये बंगाल की CM ममता बनर्जी नही है,ये Terror की आका डायन है👹जो बंगाल मे TMC पार्टी के आतंकवादी जिहादीयोंसे बलात्कार,खुन,खराबा बंमबारी कराती है  #TMCTerror #TMCGoons #BengalBurning #BengalViolence #MamtaisTerrorist #ArrestMamta #ShameOnDiaonMamta #ShameOnTerroristMamtaBanerjee https://t.co/EMHqj9SbzO",HOF,OFFN,1
hi_hasoc_2021_5063,"इस लाॅकडाउन में ई०एम०आई कैसे भरे, अपनी जिम्मेदारी से कब तक भागोगी। या तो इस्तीफा दो या ई०एम०आई से छुटकारा। या बोलदो की आत्महत्या करलो। @PMOIndia @nsitharamanoffc @RBI @ravishndtv @RahulGandhi @narendramodi @SuPriyoBabul  #ResignPMmodi #AmitShah #BengalElection2021",HOF,HATE,1
hi_hasoc_2021_4628,"@PANKAJPARASHAR_ ओह, बहुत ही दुखद है। मानवता शर्मशार हो गयी। हे प्रभु इस इंसान को नर्क मे भी जगह मत देना जो बेजुबान जानवर को इस तरह से रौंद दिया। 😠😠😠",HOF,HATE,1
hi_hasoc_2021_5403,@nehal_raval @drkafeelkhan @INCIndia He is चुटिया.,HOF,PRFN,1
hi_hasoc_2021_4977,"@Kanchansinghch2 सैफ अली को सूपनखा का  नाजायज औलाद का रोल मिलना चाहिए। वैसे भी इन हLAला की पैदाईश दोगलों का कोई असली बाप तो होता नहीं, इसलिए उसे नाजायज औलाद का ही रोल मिलना चाहिए। 😂😂😂😂",HOF,OFFN,1
hi_hasoc_2021_5335,#ModiKaVaccineJumla  कौन से टीकाकरण की बात हो रही है  अगर #CoronaVaccination ?? तो #CoronaVaccine हैं कहाँ ?? वैक्सीन उपलब्ध होगी तभी तो गति बढ़ेगी  अभी 45+ को ही दूसरी डोज़ की किल्लत है और ढिंढोरा 18+ का भी पीट दिया  #ModiMustResign #ModiGovtSeNaHoPayega #ModisCrimeAgainstIndia https://t.co/yEaysE1Zkg,HOF,OFFN,1
hi_hasoc_2021_4349,@helpless_indian @SaketGokhale कुछ नाज़ायज़ ओलाद चाहती है कि उनकी मुफ्तखोरी के लिए देश मोदीजी और योगीजी को नकारकर भ्रस्ट नेताओं को सत्ता सौपे  अब इन नालायको को कौन समझाए कि हमें उत्तर प्रदेश में बेरोजगारी भत्ता नहीं बल्कि अपराध मुक्त सुशाशन वाली सरकार चाहिए  जो योगी सरकार में मुमकिन है  #योगी_का_सतत_विकास 🚩,HOF,HATE,1
hi_hasoc_2021_5835,@DosaWithMomos @navneetmishra99 अबे चुटिया तेरे को क्या बताऊं मैं भगत सिंह भगत सिंह कैसे मिल सकता है तेरे सावरकर को सावरकर तो उनके जेल के अंदर बंद था मतलब उससे उस घर के अंदर बंद था जिसके अंदर उन्होंने अंग्रेजों ने दिया था पेंशन लेने वाला भगत सिंह की बराबरी करेगा,HOF,OFFN,1
hi_hasoc_2021_5665,ग्लोबल लीडर बनने के चक्कर में लोकल भी नहीं रहे #ModiKaVaccineJumla #ModiResign,HOF,HATE,1
hi_hasoc_2021_4494,"कनाडा में एक मुस्लिम परिवार के 4 फ़र्द को रौंदकर क़त्ल करने वाला आतंकवादी यहूदी है। यक़ीन जानिये अगर ये क़त्ल करने वाला मुस्लिम होता और मक़तूल फ़ैमिली ग़ैर-मुस्लिम होती तो दुनिया की इस्लामोफोबिक मीडिया अबतक ""इस्लामिक आतंकवाद"" का रंडी-रोना रो रही होती। #IslamophobiaIsTerrorism 👇",HOF,PRFN,1
hi_hasoc_2021_6034,@vijaysh07620704 अंडभक्त ने आज Block करदीया एसा मामला दुसरा हे इसे पहले #Islamophobia से ग्रसित @LambaAlka भी Block करके रखा हुआ है । 💪💪💪💪💪💪💪 https://t.co/cyPuz05hbl,HOF,OFFN,1
hi_hasoc_2021_5774,"@AdvAshutoshDube @kadamboorneeraj @sharmarekha कभी सामना हुआ इससे, जो कि हो जाएगा अभी इसे संभाल कर रखूंगा ,इसको भूत बना दूँगा। हरामी को। 😡",HOF,OFFN,1
hi_hasoc_2021_5397,"@ashokgehlot51 लाशों के ढेर लग रहे है.. ""मोदी शाह"" सरकार को ""5G"" लाना है कहीं ""मौतों"" के पीछे कोरोना के नाम पर  ""5G""रेडिएशन तो नहीं है ""वजह""...?? ""केंद्र सरकार"" कह रही है ""कोरोना"" की तीसरी लहर तय..!! लाशों पर ""5G"" नहीं चाहिए  ""Stop 5G""  #ResignModi #Stop5GNetwork",HOF,HATE,1
hi_hasoc_2021_4857,बेइज्जती होगी रे भूण्डी बेइज्जती 🤣😂😁😛🤭☺️ #ResignPMmodi  #BjpDestroyedIndia  #ModiSarkarHiSystemHai,HOF,PRFN,1
hi_hasoc_2021_5005,@NitinTyagiAAP ये मोदी का बनाया अंधेरा है हमको हिम्मत नही हारनी है। #मोदी_हटाओ_देश_बचाओ  #ModiKaVaccineJumla  #ModiAgainstDelhi  #ModiMadeDisaster  #ModiResignDo  #ModiResign,HOF,OFFN,1
hi_hasoc_2021_3729,"दो दोस्त नशे में गाड़ी चला रहे थे एक चिल्लाया- अबे कमीने दीवार है आगे दीवार है तभी गाड़ी दीवार में घुस गई अगले दिन दोनों अस्पताल में पहला दोस्त - कमीने मैं चिल्ला के कह रहा था आगे दीवार है, तूने सुना क्यों नहीं?  दूसरा दोस्त - अबे बेवड़े, गाड़ी तू ही चला रहा था मैं नहीं",HOF,PRFN,1
hi_hasoc_2021_5252,"@Minniie_Mehra हमारे उत्ता पदेश का बदनाम समोसा, कल्लू की चाय और रम्पत हरामी की नाच इन सब पे भारी है।",HOF,OFFN,1
hi_hasoc_2021_5314,"@sambitswaraj @JPNadda भारतवर्ष के प्रबुद्ध-जनता ने लोकसभा चुनाव में 300 सीटें (55.97%) मूक दर्शक बनकर रहने या धरना देने के लिए नही वरन भारत माँ एवम भारतवासियों की प्राण तथा हितो की रक्षा के लिए  प्रदान किया है । जनता ऊंचा उठाना और गिरना जानती है,  शीघ्र यथोचित निर्णय लिया जाना चाहिए  #BengalBurning",HOF,HATE,1
hi_hasoc_2021_3658,"@ashokgehlot51 अबे मदर्चोद हरामि के बच्चे भोसडिके vaccine ke 2500 dose कचरे मे फेक दी तुने, मुस्लिमों का कुत्ता है तु ,तेरी आने वाली पुस्तो को मुस्लिम गांड मारेंगे ओर मार कर फेक देंगे ,मिल मत जाना मुजे कही पे।",HOF,PRFN,1
hi_hasoc_2021_5528,बीजेपी के 5 कार्यकर्तों की मौत पर राष्ट्पति शासन की माग करने वालो! ऑक्सीजन की कमी से होने वाली लाखों मौतों पर तो मोदी-शाह को इस्तीफा दे देना चाहिए। #ResignModi #FailedPMModi,HOF,HATE,1
hi_hasoc_2021_4420,"@amitmalviya अरे भाई @SachinPilot जी ये @INCIndia है, जहाँ सिर्फ परिवार के नाजायज औलाद को ही आगे बढ़ने का मौका मिलता है, आप क्या परिवार के सदस्य है",HOF,HATE,1
hi_hasoc_2021_5249,गोबर भक्तो तुम्हारी जिन्दगी तो जानवरो से भी बत्तर है वाह योगी जी वाह #भाजपा_का_झूठ  #भाजपा_गिद्द_पार्टी  #योगी_जी_के_4साल_बेमिसाल  #ResignModi  #मोदी_ही_तीसरी_लहर_है https://t.co/1AqHiTjbJm,HOF,OFFN,1
hi_hasoc_2021_4640,"अरे @TajinderBagga उर्फ लक्कड़बग्गे ये इन्शान बीजेपी जॉइन कर रहा है जो मोदी जी और योगी जी का विरोधी रहा है, जैसे MP CM के OSD को उसके ट्वीट को लेकर तुमने मुद्दा बनाया था हिम्मत है तो अब इनका मुद्दा बनाकर दिखा।। नही तो दोगला तो तूँ है ही, https://t.co/eJs9ox2TWU",HOF,PRFN,1
hi_hasoc_2021_5168,@carlos_filho3 elas falando: fo ekcekankoefnfsseseesromfln   я сукаमैं एक कुतिया हूँ,HOF,PRFN,1
hi_hasoc_2021_4912,हिजड़ों की पैदाइश रंडी की औलाद ऐसे ऐसे सूअर हमारी संसद में रहते हैं शर्म आती है मुझे संसद की तरफ देखते हुए https://t.co/6mKAVlkauM,HOF,PRFN,1
hi_hasoc_2021_4692,"ऐसा घमंड, ऐसा आक्रोश!! आखिर किस बात का? उम्मीद से दोगुना मिल गया इस बात का? पिछले 4 दिनों से बंगाल में आग सुलगी हुई है क्या वहां की जनता भी इसका समर्थन करती है? #BengalViolence #BengalBurning @PMOIndia @MamataOfficial @RahulGandhi @AmitShah @yadavakhilesh @ArvindKejriwal",HOF,HATE,1
hi_hasoc_2021_5387,This is Why people are dying. Utter Incompetence.. but no one Accountable 🤦🏼‍♀️#FarmersProtest #कृषि_कानून_रद्द_करने_पड़ेंगे #किसानो_पर_FIR_मत_करो #ModiMustResign #ResignPMmodi #COVID19India #COVIDEmergency2021 #OxygenCrisis #Oxygen #KisanMazdoorEktaZindabaad #Kisanektamorcha https://t.co/Gv8djzjGvr,HOF,HATE,1
hi_hasoc_2021_4926,@Saddu__1234 @iLyas_sk_29 @ProfNoor_ @Rahmanshama___ @iluvsarahii   सुअर कहा है  तू आ अब शेर से पाला पड़ा है लड़कियों को ट्रोल सुअर,HOF,OFFN,1
hi_hasoc_2021_5583,@Ankit4_BJP @pareek_purohit ऐसे कैसे कोई मूर्ख।😂🤣😂🤣😂🤣😂🍀☘️🌱🌱🌵🌴🌹 https://t.co/AfCSy5kp5z,HOF,OFFN,1
hi_hasoc_2021_5680,हा आपने सही बोला हमारे देश मे कमीने लोग की कम नहीं है कुछ कमीने थे जो कि एक आईबी अधिकारी को मार दिये थे दिल्ली मे https://t.co/ZdCv4UsbOu,HOF,HATE,1
hi_hasoc_2021_890,"जितिन प्रसाद का हाल वो होगा धोबी का कुत्ता घरका ना घाट का, जाने से पहले ज्योतिराज सिंधिया का हाल देख लेते, उनके पास तो 25 विधायक थे जब उनको मुँह पर टेप मारकर कोने मे बिठा दिया शिवराज ने, ओर आप तो अकेले हैं भगवान आपको सद्बुद्धि दे",HOF,OFFN,1
hi_hasoc_2021_4352,"किसका विरोध किया? और क्या मांग रखी प्रदर्शन में? किस से चाहिए मंज़ूरी?  पप्पू को पप्पू बोलते बोलते, खुद पप्पू हो गए हो क्या?  #SpinelessBJP #BengalBurning #BengalViolence https://t.co/rmlPkfGFVu",HOF,HATE,1
hi_hasoc_2021_5421,तुम! बदतरीन  क़ौम हो! तुम दूसरों की दरियाँ बिछाने के लिए पैदा किये गए हो। #JusticeForShahabuddin,HOF,HATE,1
hi_hasoc_2021_3771,मतलब वहां नमक हरामी। यहां नमक हलाली।। दोगलापन का और कोई सबूत चाहिए? https://t.co/9msz0EMFC3,HOF,PRFN,1
hi_hasoc_2021_455,@Dr_Uditraj मतलब अभी से रंडी रोना ??,HOF,OFFN,1
hi_hasoc_2021_1279,"राऊल विंची,जी हाँ ! ! ! ! यही असली नाम हैं इस एंटोनियो मायनों और अन्तानिया क्वात्रोची की नाजायज औलाद का अब इस विशुद्ध यूरोपियन दोगले से हम भारतीयों कों हमारें देश की हित चिंता की उम्मीद करना निरा मूर्खता कें सिवाय और कुछ नहीं 😎 https://t.co/5IW5JNtqXW",HOF,OFFN,1
hi_hasoc_2021_411,@NewsNationTV दीपक जी! आज के विपक्षी दल जनता को परेशान करके सत्ता में आना चाहते हैं। विवेक श्रीवास्तव और SP का बंदा ये दोनों बकचोद हैं। चुनाव पब्लिक इन दुष्ट नेताओं को मारेगी भी गुमराह करने के कारण।,HOF,OFFN,1
hi_hasoc_2021_5532,इन @RJDforIndia घटिया लोगों से अच्छा है कि हम अपना वोट @asadowaisi को दे और @pappuyadavjapl को दे #boycottRJD #Shahabuddin  #Saheb_Siwan #RJDSpeak4Shahabuddin #JusticeForShahabuddin,HOF,OFFN,1
hi_hasoc_2021_4562,@pathan_sumaya @warispathan @aimim_national #KindAttnPMNarendraModi  #coronasecondwaveinindia #ModiMadeDisaster HENCE  #ResignModi    #BJP #RSS LIARS   I WAS SHOUTIN SINCE  CHILDREN'S DEATH IN UP #RSSTerrorists BANNED BY SARDAR PATEL DIDN'T LISTEN   #शेर_नहीं_भेड़िया_पाल_लिया_भक्तो  https://t.co/SikA6IhLkD #MautKaSaudagar,HOF,HATE,1
hi_hasoc_2021_5048,"""रोहित सरदाना"" अव्वल दर्जे का दलाल था... और शहाबुद्दीन उर्दू नाम वाले थे... #Islamophobia https://t.co/O19K7K0fTe",HOF,HATE,1
hi_hasoc_2021_1912,"ये बंगाल की CM ममता बनर्जी नही है,ये Terror की आका डायन है👹जो बंगाल मे TMC पार्टी के आतंकवादी जिहादीयोंसे बलात्कार,खुन,खराबा बंमबारी कराती है  #TMCTerror #TMCGoons #BengalBurning #BengalViolence #MamtaisTerrorist #ArrestMamta #ShameOnDiaonMamta #ShameOnTerroristMamtaBanerjee https://t.co/hvcEP4WulT",HOF,OFFN,1
hi_hasoc_2021_4964,#spinelessmodi #SpinlessBJP #SpinelessBJP #BengalBurning  Congress और BJP दोनो हिंदुओं कीं भावना के साथ खेलते है। Hence Proved https://t.co/u5DAWKPD87,HOF,HATE,1
hi_hasoc_2021_974,"जब जन्मना जायते गदहा और कर्मणा जायते खच्चर की विचारधारा बीजेपी, आरएसएस व आर्यनमाज की फलीभूत होने लगे तो कोई भी व्यक्ति किसी भी जानवर में परिवर्तित हो सकता है😃😃 https://t.co/hSvqt7zk29",HOF,HATE,1
hi_hasoc_2021_591,@coolboy0986 अब पता चला दुनिया मदरचोद थी हे और रहेगी😏,HOF,PRFN,1
hi_hasoc_2021_5380,"लाशों के ढेर लग रहे है.. ""मोदी शाह"" सरकार को ""5G"" लाना है कहीं ""मौतों"" के पीछे कोरोना के नाम पर  ""5G""रेडिएशन तो नहीं है ""वजह""...?? ""केंद्र सरकार"" कह रही है ""कोरोना"" की तीसरी लहर तय..!! लाशों पर ""5G"" नहीं चाहिए  ""Stop 5G""  #ResignModi #Stop5GNetwork  @RahulGandhi @priyankagandhi https://t.co/bIQhPAZlBt",HOF,HATE,1
hi_hasoc_2021_2211,दाढ़ी और बाल बढ़ा कोई सच्चा साधु नही बन जाता है   साधु के रुप मे राम रहिम और आसाराम जैसे भेड़िये भी छुपे होते हैं। और ढो़ंगाचार्य आप तो चुप ही रहो। https://t.co/z3M0UWN2B6,HOF,OFFN,1
hi_hasoc_2021_4557,"@RajatSharmaLive बंगाल हिंसा पर आपने कुछ बोला है? TMC goons attacked my convoy in West Midnapore, broken windows, attacked personal staff. Cutting short my trip. #BengalBurning @BJP4Bengal @BJP4India @narendramodi @JPNadda @AmitShah @DilipGhoshBJP @RahulSinhaBJP https://t.co/rdZ2JTffKt",HOF,HATE,1
hi_hasoc_2021_5995,@news_nishad दलाल बाप डेट ऑफ बी शर्मा ने पूरे समाज को धोखा दिया है और न जाने समाज की महिलाएं और पुरुष क्यों इन बेवकूफ ओं के पीछे लगे पड़े हैं बाप बेटा तीनों मिलकर मलाई खा रहे हैं और कार्यकर्ता पुलिस की लाठियां और गालियां खा रहे हैं,HOF,OFFN,1
hi_hasoc_2021_5924,@pooja98304831 होगी कोई नाजायज औलाद,HOF,OFFN,1
hi_hasoc_2021_5895,#JusticeForShahabuddin जब रोहित सरदाना को अंतिम संस्कार के लिए उसके पैतृक घर ले जाया जा सकता है तो मो० शहाबुद्दीन को क्यों नही? यह सरासर सौतेला और अमानवीय व्यवहार है।,HOF,HATE,1
hi_hasoc_2021_5141,"यह देखिए गुफा पुत्र की भाषा 🙄🙄🙄। कृष्ण जी की फोटो लगा कर ऐसी भाषा का उपयोग। क्यों अपने धर्म को बदनाम कर रहे हो, चिन्मयानंद की नाजायज औलाद @SakshamHinduBJP #मोदी_इस्तीफा_दो #मोदी_हटाओ_देश_बचाओ #ModiResign #ModiKaVaccineJumla https://t.co/O6m1u43jVE",HOF,OFFN,1
hi_hasoc_2021_4740,Bhartiy Jumla party MP aur MLA ab election ke time per hi milenge #BJP_MP_MLA_Missing #25सांसद_लापता_है  #ModiKaVaccineJumla  #ModiResign  #ModiMustResign  #GodiMedia  #IstandwithSiddarth,HOF,HATE,1
hi_hasoc_2021_5205,@Anonymo89798058 @ppbajpai @MimrotReena वो गौ मूत्र का सेवन कर रहे हैं ना कि कुतीया और बकरी का हलाला,HOF,OFFN,1
hi_hasoc_2021_1383,"कनाडा में एक मुस्लिम परिवार के 4 फ़र्द को रौंदकर क़त्ल करने वाला आतंकवादी यहूदी है। यक़ीन जानिये अगर ये क़त्ल करने वाला मुस्लिम होता और मक़तूल फ़ैमिली ग़ैर-मुस्लिम होती तो दुनिया की इस्लामोफोबिक मीडिया अबतक ""इस्लामिक आतंकवाद"" का रंडी-रोना रो रही होती। #IslamophobiaIsTerrorism",HOF,HATE,1
hi_hasoc_2021_4711,जो चुटिया दो तीन बार चुनाव हार गया उसकी वैसे भी कोई औकात नही है।वैसे ये बंगाल की पुनरावृति हो रही है ये बहुत अच्छा शगुन है https://t.co/DWB4uAYtWY,HOF,PRFN,1
hi_hasoc_2021_1175,"दलित बहुज़नो का सबसे बरा दुश्मन बनिया { वैश्या } है , जो बहुज़नो को हर कदम पर नुक़सान ही करता है! दूसरा #ब्राह्मण",HOF,HATE,1
hi_hasoc_2021_5180,अबे चुटिया 7 साल हो गए तेरा बाप राज कर रहा है कितने को वापस भेजा? https://t.co/5fXuIdIl4Z,HOF,OFFN,1
hi_hasoc_2021_5544,"कनाडा में एक मुस्लिम परिवार के 4 फ़र्द को रौंदकर क़त्ल करने वाला आतंकवादी यहूदी है। यक़ीन जानिये अगर ये क़त्ल करने वाला मुस्लिम होता और मक़तूल फ़ैमिली ग़ैर-मुस्लिम होती तो दुनिया की इस्लामोफोबिक मीडिया अबतक ""इस्लामिक आतंकवाद"" का रंडी-रोना रो रही होती।",HOF,HATE,1
hi_hasoc_2021_4733,@narendramodi लोगो को मूर्ख समझना बन्द कीजिए😂😂,HOF,OFFN,1
hi_hasoc_2021_4470,"@arjunyadav022 ये सब मूर्ख अन्ध भक्तो को नही पूछना है, आपको, आपकी पार्टी, आपके संगठन को पूछने से तो किसी ने नही रोका है ये भी किसी ने पूछने से नही रोका है कि obc sc st बहुजनो के रोजगार नौकरी रिजर्वेशन सत्ता द्वारा लगातार हड़पा जा राहा है , रात दिन पूछा जाऐ",HOF,HATE,1
hi_hasoc_2021_4318,"@FaisalSaifi124 @AliAami60798161 @yadavakhilesh लगता है तू अपने परिवार की महिलाओं को यही सब दिखाता होगा, इसी जिहादी सोच के कारण तुम लोगो को दंगाई, आतंकी, सुअर जैसे नामो से बुलाया जाता है",HOF,PRFN,1
hi_hasoc_2021_4865,"@BhimArmyChief कल कठोर कदम उठाया होता तो आज ये भयाभय दिन न देखने पड़ते  भाड़ में जाओ आप और भाड़ में जाए आपका रामराज्य ,😡🤦",HOF,HATE,1
hi_hasoc_2021_6094,जब थाम आपणा दुख अपणे ढब्बी ने बताण जाओ  और वो अपना रंडी रोणा लाग ज्या https://t.co/sWrd65rdpy,HOF,OFFN,1
hi_hasoc_2021_5556,@srinivasiyc एक नंबर का हरामी है रामदेव,HOF,OFFN,1
hi_hasoc_2021_4833,"@KailashOnline आप केंद्र में है, राष्ट्रपति शासन क्यों नही लगाते? लोग मर रहे, बालाधकार हो रहे और आप धरना दे रहे, धिक्कार है आप पे, इसीलिए ३०३ सीट मिली थी?? हिन्दू समाज के खत्म होने का इंतजार कर रहे आप? कश्मीर के तरह, उनको उन्ही के भाषा में कब समझाएंगे? #BengalBurning",HOF,HATE,1
hi_hasoc_2021_4426,"ये जिहादी कहि मि मौका नही छोड़ते ,सड़क पर बैठी गाय किसी का क्या बिगाड़ रही थी, जो इस सुअर के पिल्ले ने कुचल कर उसको मार डाला इन सूअरों को नीचता के स्तर को समझ पा रहे हो हिंदुओ ??? रात को उठा कर ले जाएंगे https://t.co/p3BH8rEAv8",HOF,HATE,1
hi_hasoc_2021_3173,जिस प्लेट में राहुल गांधी का कुत्ता बिस्किट खाता है उसी प्लेट से सारे कांग्रेसी बिस्किट उठाकर खाते है असम के CM हेमंत बिस्वा सरमा..!! 🚩🚩 🤣🤣😂😂  फॉलो 👉 @Brigadier_In,HOF,HATE,1
hi_hasoc_2021_5839,मेरी कांग्रेस से दुश्मनी तब से है ... जब मैं शक्तिमान देखा करता था  और *तब.... ये कमीने लाइट काट देते थे* ￼ 😂😂😂😂😂,HOF,HATE,1
hi_hasoc_2021_4936,"@ChamriaSandeep @Dr_Uditraj दोस्तों, आओ हम सब सर्वसम्मति से महान अर्थशास्त्री, धुरंधर वैज्ञानिक, अंतर्राष्ट्रीय किसान, भयंकर सवर्ण-दलित मसीहा #चुदित राज जी को खांग्रेस #अध्यक्ष एवं #पलधानमंतली बनाएं !!🙏 ""सभी #समस्याएं समाप्त"" #उदित_राज_को_अध्यक्ष_बनाओ_बे @Dr_Uditraj  #CovidVaccine https://t.co/HrWBrorcLe",HOF,OFFN,1
hi_hasoc_2021_998,@rssurjewala #Hindus DYING #HindusLivesMatter   #KindAttnPMNarendraModi  #coronasecondwaveinindia #ModiMadeDisaster #ResignModi    #BJP #RSS LIARS   I WARNED 2 YRS BACK #RSSTerrorists BANNED BY SARDAR PATEL IGNORED  #शेर_नहीं_भेड़िया_पाल_लिया_भक्तो  #MautKaSaudagar,NOT,NONE,0
hi_hasoc_2021_4049,"सब लोग इतने पैसे डोनेट ही कर रहे हैं फिर भी आम आदमी को सिलेंडर और कन्सेंट्रेटर ख़ुद से ही ख़रीदना पड़ रहा है , तो पैसे कहाँ जा रहे हैं?   बीयर्ड ऑयल में ?   #IndiaFightsCorona  #indianeedoxygen  #IndiaCovidCrisis",NOT,NONE,0
hi_hasoc_2021_1757,शेर-ए- सिवान शहाबुद्दीन साहब से रिश्ता क्या  لا إله إلا الله محمد رسول الله  #JusticeForShahabuddin,NOT,NONE,0
hi_hasoc_2021_1825,"@Shikha0222 इसे कहते हैं दोगला पंती जिस सपा की दम पर 0 से 10 का सफर किया और माया अपनी इज्ज़त बचा पाई,, आज उसी सपा को मिटाने की बात कर रही हैं,,,",NOT,NONE,0
hi_hasoc_2021_3664,"#MuddaGaramHai चुनाव नतीजों के बाद बंगाल में जारी हिंसा अप्रत्याशित, बीजेपी कार्यकर्ताओं के ख़िलाफ़ जारी हिंसा राज्य प्रायोजित, दोषियों के ख़िलाफ़ कड़ी कार्रवाई की जाए: प्रकाश जावडेकर    #BJP  #TMC #WestBengalViolence #BengalBurning @ARPITAARYA https://t.co/tHJh1WCHs2",NOT,NONE,0
hi_hasoc_2021_4023,जो शहाबुद्दीन के साथ हैं वो इस ट्वीट को रीट्वीट करें और इस हैसटैग पर ट्वीट करें #JusticeForShahabuddin,NOT,NONE,0
hi_hasoc_2021_1212,"यदि बाबरी ढ़ांचा गिरने पर तत्कालीन भाजपा द्वासित 4 राज्य सरकारों को बर्खास्त कर उन राज्यों में राष्ट्रपति शासन लगाया जा सकता है तो आज बिहार में लोकतंत्र के ढ़ांचे को तहस-नहस कर के जिस प्रकार से नरसंहार चल रहा है, वहां की राज्य सरकार को तुरंत बर्खास्त करना चाहिए। #BengalBurning",NOT,NONE,0
hi_hasoc_2021_1857,#कृषि_कानून_रद्द_करने_पड़ेंगे #GodiMedia #Ban_Evm #25सांसद_लापता_है #ResignModi #zeenews #AajTak,NOT,NONE,0
hi_hasoc_2021_1794,कोई यहाँ भी नज़र डाले 😢 #ModiKaVaccineJumla https://t.co/HzX0PvohPQ,NOT,NONE,0
hi_hasoc_2021_62,#AajTak_दलाल_मोदी_का https://t.co/ZKKV8pvIu9,NOT,NONE,0
hi_hasoc_2021_4599,जानवर भी हमें बहुत कुछ सिखाती है ।   किस तरह पानी को बचाना चाहिए ये हम सभी को इस हाथी से सीखने की जरूरत।  खूबसूरत दृश्य  @ParveenKaswan @nisha_singhmarr  @CentralIfs  @PraveenIFShere  @ipskabra  @ipsvijrk  @Sanjay97odisha  @MVRaoIPS  @mvraoforindia  @polrajiv  @AwanishSharan https://t.co/V1DFa8Lv0p,NOT,NONE,0
hi_hasoc_2021_4260,तिहाड़ जेल के स्पेशल सेल में कोरोना पहुंचा कैसे मुझे लगता हे ये सिस्टम का कोरोना है    #JusticeForShahabuddin,NOT,NONE,0
hi_hasoc_2021_2915,इसी टाइम पे वन नेशन वन इलेक्शन होना चाहिए था ! #JusticeForShahabuddin #ExitModi #PresidentRuleInBengal #नरेंद्र_मोदी_ग्लोबल_पप्पू #BengalBurning #दीदी_ओ_दीदी #BengalElection2021 #ElectionResult,NOT,NONE,0
hi_hasoc_2021_893,कोविड टीकाकरण: राजस्थान में गांवों में कैंप लगाए जाने से टीकाकरण मुहिम पर क्या असर पड़ा है? रिपोर्ट: @divendrasingh  #Rajastan @ashokgehlot51 @RajCMO #COVIDSecondWave #CovidVaccine  https://t.co/Q1uzQig8h4,NOT,NONE,0
hi_hasoc_2021_318,@yadavtejashwi ये तस्वीर अपनी ज़ेहन में बिठा लेना ये तस्वीर @RJDforIndia को बर्बादी पर ले जाएगा। #JusticeForShahabuddin https://t.co/TiBPAeIzSx,NOT,NONE,0
hi_hasoc_2021_4727,@mdanis_2 @Mkkhan9090 @Anjana_Modi_ @nagrik25 @DXLucifer_Devil @Khushbu_shaikh1 @speedytohike @ProfNoor_ @iPraveenK_ @Insaafparody111 मोदी तुम इस्तीफा दो हम तुम्हारे साथ है #ResignModi  #Resign_PM_Modi  #ModiHataoDeshBachao https://t.co/spsvPTov8W,NOT,NONE,0
hi_hasoc_2021_3650,@BramhRakshas मोदी तुम इस्तीफा दो हम तुम्हारे साथ है #ResignModi  #Resign_PM_Modi  #ModiHataoDeshBachao https://t.co/spsvPTov8W,NOT,NONE,0
hi_hasoc_2021_3693,"अगर धरना देने से सब सही हो जाता तो..  कुरुक्षेत्र में  ""श्री कृष्ण"" भी ""अर्जुन"" को यही सलाह देते.. पश्चिम बंगाल  @BJP4India @BJP4Bengal  #BengalBurning",NOT,NONE,0
hi_hasoc_2021_1378,मुनाफ़िक़ दोस्तों से लाख अच्छे हैं खुले दुश्मन। #BycottRJD  #JusticeForShahabuddin @osama_shahab_  @yadavtejashwi  @TejYadav14  @laluprasadrjd https://t.co/oop4KGM4X8,NOT,NONE,0
hi_hasoc_2021_2241,"मरहूम सहाबुद्दीन की लाश जैसे दिल्ली गेट ITO कब्रिस्तान मे सुपुर्द ए खाक हुई,❣️   Inshallah ऐसे ही बिहार में  लालू तेरी पार्टी को सुपुर्दे खाक करेगी बिहार की जनता #JusticeForShahabuddin",NOT,NONE,0
hi_hasoc_2021_3022,"@Jagratichandra1 मैं तुम्हारी यादों को कैसे  ""Block"" करूँ ""कमीने""   दिल में तो ये ""Option"" ही      नही है..✍",NOT,NONE,0
hi_hasoc_2021_4949,@yadavtejashwi सब याद रखा जायेगा.. #JusticeForShahabuddin,NOT,NONE,0
hi_hasoc_2021_2174,#राजदपार्टी बेवफ़ा औरतों जैसा है जितना जल्द हो सके सभी मुस्लिम विधायक और सांसद इस्तीफा दे दे #JusticeForShahabuddin,NOT,NONE,0
hi_hasoc_2021_3189,"आज शर्म से आंखें झुक गई  @narendramodi को क्यों चुना रक्षा करने के लिए या महंगाई के लिए या रोजगार के लिए आपने क्या दिया,,, मौत #BengalBurning",NOT,NONE,0
hi_hasoc_2021_2788,#ModiKaVaccineJumla #ModiResign #IndiaFightsCorona #PMCaresFund_का_हिसाब_दो #PMDoesNotCare https://t.co/TH0wgGFB3n,NOT,NONE,0
hi_hasoc_2021_3452,"किसी भी तरह का इस नंबर से reply नही हुआ..क्या मैं(कल की तारीख़ में अगर कोई जान या जानवर करंट आने पर मरता है,जो अभी नही आया ""करंट"" कल को आ जाये तो कौन जिम्मेदार)एक बड़े हादसे को रोकने के लिए आप से निवेदन.ऊपर बच्चे रहते हैं(जैसा कि आप वीडियो में देख सकते हैं)  @CMOfficeUP @KESCoHQ https://t.co/ixSVqEoRUU",NOT,NONE,0
hi_hasoc_2021_809,यह ख़ौफ़ की आहट हैं या मौत का सन्नाटा है   @varungandhi80  @msisodia @sahitya_tak @Javedakhtarjadu @SwetaSinghAT @Drnawazdeobandi @anupamaraag1 @juniorbachchan  #IndiaCovidCrisis #OxygenCrisis https://t.co/GoYKYdXc69,NOT,NONE,0
hi_hasoc_2021_2830,"जल गई लासे, हो गई राख  घर आके सोई गये फिर से  #गुलाम  #FightForRight #ResignModi https://t.co/SFCJwqTfh7",NOT,NONE,0
hi_hasoc_2021_282,#Shamemamatabannerjee #राष्ट्रपति_जी_बंगाल_संभालो  #MamataBanarjee  #BengalBurning https://t.co/CepcxY961N,NOT,NONE,0
hi_hasoc_2021_2682,"@yogrishiramdev लाला जी,  इतने फूहड़ हथकंडे अपना कर अपना नकली उत्पाद बेचने की इतनी बेशर्म प्रदर्शन के बदलें कोई और काम नही मिलता क्या ?",NOT,NONE,0
hi_hasoc_2021_3715,@mridz_twt भाड़ में जाओ तुम प्यारी,NOT,NONE,0
hi_hasoc_2021_321,जो शहाबुद्दीन के साथ हुआ वो आज़म खान के साथ नहीं होना चाहिए इसलिए आइए हम सब आवाज उठाते हैं #JusticeForShahabuddin,NOT,NONE,0
hi_hasoc_2021_2707,#OPS #BanEVM #पुरानी_पेंशन_बहाल_करो #FarmersProtest #SpeakUpForFarmers #StopPrivatization #ModiMadeDisaster #NPS_भारत_छोड़ो #NPS_QUIT_INDIA #NPSनिजीकरणभारतछोड़ो #OPS_कर्मचारी_का_अधिकार #NPSनिजीकरणकेख़िलाफ़_इंक़लाब #स्वास्थ्य_क्षेत्र_मे_बजट_बढ़ाओ #Resign_PM_Modi #Vaccine_और_MSP_दो https://t.co/hYv7yPSRiX,NOT,NONE,0
hi_hasoc_2021_3602,"@jviplav मोदी विरोधियों को बंगाल की हिंसा में भी लोकतंत्र नज़र आ रहा है... इसलिए सब के सब मुँह में दही जमाये बैठे हैं!  ""असहिष्णुता...संविधान की हत्या"" जैसे शब्द अब डिक्सनरी से गायब हैं!! #BengalBurning",NOT,NONE,0
hi_hasoc_2021_2459,#JMDNewsFLASH भारत की मदद को बढ़े हाथ जर्मनी से आए 4 क्रायोजेनिक ऑक्सीजन कंटेनर #Oxygen  #OxygenCrisis  #Germany  #India  #IndiaCovidCrisis  #IndiaNeedsOxygen https://t.co/28nT8kcXyi,NOT,NONE,0
hi_hasoc_2021_3419,"लालु जैसे बाल्टी में दूध बेचने वाले नेता,  ""तब"" बनते हैं   ""जब"" उनके पीछे ""शहाबुद्दीन"" जैसा  शेर होता है!🔥 @007QaQa @yadavtejashwi @laluprasadrjd @BagwanMaheboob1 #JusticeForShahabuddin",NOT,NONE,0
hi_hasoc_2021_817,शहाबुद्दीन साहब की मौत की गई है ना की उसको COVID-19🦠😷 था #JusticeForShahabuddin,NOT,NONE,0
hi_hasoc_2021_3172,@uhbvnpkl बस आपकी अति कृपया होगी मुझे ये बताइए line man 9812063026 और जैई 9812063027 क्या ये मौज करने के लिए है नम्बर बंद करो और आराम से सो जाओ पब्लिक भाड़ में जाए,NOT,NONE,0
hi_hasoc_2021_1961,रायगड और मेवाड़ भी धरना देते यो क्या होता हमारा @BJP4India @narendramodi @AmitShah ?????  #BengalBurning,NOT,NONE,0
hi_hasoc_2021_3246,मैं किसके हाँथ में अपना लहू तलाश करूँ    की तमाम शहर ने पहने हुए हैं दस्ताने    #JusticeForShahabuddin             @SadabRaza10               @AyubRizvi1              @FaizAlam114             @masood2alam,NOT,NONE,0
hi_hasoc_2021_2249,आज़म खान साहब का इलाज AIIMS में कराया जाए… शहाबुद्दीन साहब की तरह उन्हें सिस्टम भरोसे नही छोड़ सकते😢🙏 #JusticeForShahabuddin,NOT,NONE,0
hi_hasoc_2021_3833,@Pratyangira1 @Tithi_Mishra @narendramodi @JPNadda @AmitShah @DilipGhoshBJP @SuvenduWB @me_locket @ABVPVoice @BJP4India @p_sahibsingh @Tejasvi_Surya @ArjunsinghWB @me_sourish_ @RSSorg @VHPDigital @devyanidilli @Dibakar65112523 @tathagata2 @Bunibroto @rashtrapatibhvn @jdhankhar1 @MukulR_Official @mithunda_off @ippatel Common RSS cadre from North India on #BengalBurning :  धरना के बाद चरखा भी ट्राई करो कहते है अंग्रेज डर कर भाग गये थे 😥😥  #PresidentsRuleinBengal  @PrinceArihan @myogiadityanath,NOT,NONE,0
hi_hasoc_2021_1252,"महारानी कहकर पुकारो तो कहेगी, और कितनी रानियाँ रखे हो।  रानी कहकर पुकारो तो कहेगी, मै रानी तो महारानी कोई बाहरवाली होगी।  चुप रहो तो कहेगी जैसे मुंह सिला हो,आप ही बताओ क्या कहूं ?😃😃",NOT,NONE,0
hi_hasoc_2021_4223,@AmarSinghKahar5 @beingarun28 चुनावी हिंसा पर धरना देने वालों ऑक्सिजन की कमी और कोरोना से हो रही मौतों पर भी धरना दे दो। हिन्दू तो इसमें भी खतरे में है। हिंदू तो यहाँ भी मर रहा है। बस politics ही करनी है ऐसा बोलो ना।  लेकिन शर्म इनको आती नहीं। #BengalBurning  #PresidentsRuleinBengal #PresidentRuleInBengal,NOT,NONE,0
hi_hasoc_2021_3483,क्या कोरोना की तीसरी लहर का असर बच्चों पर होगा?  #Coronavirus #COVID19 #CovidVaccine https://t.co/MovYeAl53b,NOT,NONE,0
hi_hasoc_2021_1638,टीकाकरण अवश्य करायें  #vaccination  #covidvaccine #18plusvaccination #cgfightscorona https://t.co/DHpwTTTMiP,NOT,NONE,0
hi_hasoc_2021_2962,@ArmaanS13738198 Why you are giving us so much attention if we r fake farmers? #PrayForFarmersVictory  #देश_ऑक्सीजन_मांगता_है #ResignModi #FarmersProtest,NOT,NONE,0
hi_hasoc_2021_1583,हक की आवाज को मजबूत कीजिए एक बार फिर से लिखिए #JusticeForShahabuddin,NOT,NONE,0
hi_hasoc_2021_1623,@New_India9 कुत्ता वफ़ादार होता हैं मैडम।,NOT,NONE,0
hi_hasoc_2021_199,#OPS #BanEVM #पुरानी_पेंशन_बहाल_करो #FarmersProtest #SpeakUpForFarmers #StopPrivatization #ModiMadeDisaster #NPS_भारत_छोड़ो #NPS_QUIT_INDIA #NPSनिजीकरणभारतछोड़ो #OPS_कर्मचारी_का_अधिकार #NPSनिजीकरणकेख़िलाफ़_इंक़लाब #स्वास्थ्य_क्षेत्र_मे_बजट_बढ़ाओ #Resign_PM_Modi #Vaccine_और_MSP_दो https://t.co/peNJfYdTY3,NOT,NONE,0
hi_hasoc_2021_2330,शहाबुद्दीन साहब इकलौता सांसद जिन्होंने कारगिल युद्ध में पाकिस्तान के खिलाफ लड़ने की अनुमति मांगा थी।  तुम उस वक्त बकरी चोरी और साइकिल चोरी में व्यस्त थे देश और देश की आन बान शान के लिए कई किस्ते दे चुके हैं हम अपने खून की 😥😥  #JusticeForShahabuddin  #kargil,NOT,NONE,0
hi_hasoc_2021_551,@MinakshiKandwal @KumarVikrantS 5. डेड बॉडी देने में किसी भी तरह की कोई दलाली नहीं होनी चाहिए  ये #फैक्ट लॉजिक वाला फैक्ट है जैसे   #सरदाना की बॉडी को उसके गांव भेज दिया गया तो #शहाबुद्दीन की बॉडी को #दिल्ली में क्यों दफनाया गया उनके गांव क्यों नहीं भेजा गया...???  #SupportOsamaShahab  #JusticeForShahabuddin,NOT,NONE,0
hi_hasoc_2021_4986,@Thanos_pandith मोदी तुम इस्तीफा दो हम तुम्हारे साथ है #ResignModi  #Resign_PM_Modi  #ModiHataoDeshBachao https://t.co/spsvPTov8W,NOT,NONE,0
hi_hasoc_2021_3741,"सीताराम येचुरी ने पीएम मोदी से पूछा- लोग मर रहे हैं, लेकिन नई संसद का निर्माण क्यों जारी है #Modi #ModiMadeDisaster #Resign_PM_Modi #ResignModi #coronavirus #Corona #CovidVaccine #COVIDSecondWave #BJP https://t.co/LlKltxhqKD",NOT,NONE,0
hi_hasoc_2021_2285,"दिल्ली कर्मचारियों का मजाक बनाया जा रहा है जबकि बिजली कर्मी दिन-रात अपनी सेवाएं दे रहे हैं गलत रूप से अवैध रूप से पुलिस के द्वारा नेताओं के दबाव से गलत एफ आई आर की गई, इसे तत्काल वापस लिया जाए एवं दोषियों पर कार्रवाई की जाए https://t.co/HTz7bx26NZ",NOT,NONE,0
hi_hasoc_2021_3195,"जीतने पे ये हाल है, जरा सोचो अगर हारी होती तो क्या होता??  #BengalBurning  #PresidentsRuleinBengal  #SaveBJPKaryakartas  #SaveBengalFromTMC",NOT,NONE,0
hi_hasoc_2021_3091,"ज़िंदगी के रथ में लगाम बहुत हैं,अपनों के अपनों पर इल्ज़ाम बहुत हैं,ये शिकायतों का दौर देखते हैं तो थम से जाते हैं,लगता है उम्र कम है और इम्तिहान बहुत हैं! #ModisCrimeAgainstIndia #ResignPMmodi  #SpinelessBJP #coronavirus #wednesdaythought #Oxygen4All #BeHuman #OxygenMan #fakenews",NOT,NONE,0
hi_hasoc_2021_2279,ना तुम कल हारे थे ना आज हारे हो   #JusticeForShahabuddin https://t.co/f2N3KeGHtm,NOT,NONE,0
hi_hasoc_2021_1284,रंगा बिल्ला के खिलाफ लिखने पर ट्विटर भी नाराज चल रहा है आजकलl रोज 5-10 फॉलोअर्स कम कर रहा हैl #ModiKaVaccineJumla #ModiDisasterForIndia #ModiMustResign,NOT,NONE,0
hi_hasoc_2021_4041,"कहते है मरते है तु मरने दो , मुर्दा लोग शोर करने से कहाँ जिंदा होया करते है। साहब शोर जिंदा लोगों को बचाने के लिये है।पर आप क्या जाने जो जिंदा लोगों को भी मुर्दा समझ के छोड़ दिया करते।साहब को तू जुमला कहने की आदत है।मुर्दा घर में भी इन लाशों के लिए जगह कहाँ है।🙏#IndiaCovidCrisis",NOT,NONE,0
hi_hasoc_2021_919,#25सांसद_लापता_है #ModiMadeDisaster #ModiKaVaccineJumla #ModiMustResign #BjpDestroyedIndia #bjp_mp_mlamissing @MahuaMoitra @PMOIndia https://t.co/W7eDXQivkq,NOT,NONE,0
hi_hasoc_2021_903,@taapsee मोदी तुम इस्तीफा दो हम तुम्हारे साथ है #ResignModi  #Resign_PM_Modi  #ModiHataoDeshBachao https://t.co/spsvPTov8W,NOT,NONE,0
hi_hasoc_2021_3221,सुना है ये मादरनीय D K bose @news24tvchannel के एंकर हैं। ट्विटर पर हैं क्या? #ChineseVirus #COVID19India https://t.co/4HlvfxyAaO,NOT,NONE,0
hi_hasoc_2021_2990,थोड़ा और कोशिश करे  #JusticeForShahabuddin,NOT,NONE,0
hi_hasoc_2021_2267,"इस राजनीति को देख कर मुझे इन लोगों पर गुस्सा भी आता है और दया भी आती है। अपना क्या हाल कर लिया है इन लोगों ने, अंधी राजनीति, अंधी नफरत, और अंधी कुर्सी दौड़ में  ये कभी के क्रान्तिकारी अब हास्यास्पद विदूषक हो गए हैं ।   #BengalBurning",NOT,NONE,0
hi_hasoc_2021_1588,बंगाल की विधवा!  @narendramodi @AmitShah @PMOIndia @RSSorg @BJP4India #RSS #RSSTerrorists #Rss_terrorists #RSS_चीन_से_लड़ो  #rss_देश_के_दुश्मन_की_दुश्मन  #Islamophobiainindia #Islamophobia #BJP #bjp4india #NarendraModi https://t.co/ufnGacCTOM,NOT,NONE,0
hi_hasoc_2021_3300,"रोहित सरदाना कोरोना पॉजिटिव क्रियाकर्म कुरुक्षेत्र (हरियाणा) शाहबुद्दीन साहब कोरोना  नेगेटिव दफन हुए ITO दिल्ली , आखिर क्यों ??  #JusticeForShahabuddin  #OsamaShahab  @ShayarImran @yadavtejashwi @RJDforIndia @patna_RJD @PMOIndia @MoHFW_INDIA  #StandWithOsamaShahab  #Osama_Shahab https://t.co/fmTd1hyDqV",NOT,NONE,0
hi_hasoc_2021_2971,अब भी अगर कोई मुस्लिम नेता बिहार में MY का रागा अलापता है तो वह मुसलमानों का नेता नहीं दलाल है #JusticeForShahabuddin  #JusticeForShahabuddin,NOT,NONE,0
hi_hasoc_2021_1617,शहाबुद्दीन को इन्साफ दो  @सुप्रीम_कोर्ट  https://t.co/UXWw6LaK8H  @PunyaPBajpai @Ravishk356 @AshrafFem @PMOIndia @CMOfficeUP @ANI @BBCHindi @AltNews @nytimes @shanu_sab @Rofl_Swara @SChoudharyNews @ModiLeDubega  #JusticeForShahabuddin #JusticeForShahabuddin #JusticeForShahabuddin,NOT,NONE,0
hi_hasoc_2021_407,@BJP4Bihar 303 सांसद इसीलिए आपको दिया गया है कि आप घर मे बैठे रहें और आपके कार्यकर्ता अपना जान दें।  #BJP  #BengalBurning  #BengalViolence,NOT,NONE,0
hi_hasoc_2021_2753,"2024 में कोई कार्यकर्ता जब पूछ बैठेगा ख़ामोशी का कारण तुमसे, बहुत समझाना चाहोगे मगर समझा ना पाओगे !!#SpinelessBJP #BengalViolence  #BengalBurning https://t.co/xTibMQGuxQ",NOT,NONE,0
hi_hasoc_2021_5794,@Awesomely_Pari मोदी तुम इस्तीफा दो हम तुम्हारे साथ है #ResignModi  #Resign_PM_Modi  #ModiHataoDeshBachao https://t.co/spsvPTov8W,NOT,NONE,0
hi_hasoc_2021_970,जातियों के कमरे में मत छिप                मूर्ख!! बाहर आकर देख हिन्दुत्व का ब्रांड बनकर जीने का मजा ही            कुछ और है!!       🚩जय श्री राम🚩 https://t.co/4KGQbygG7u,NOT,NONE,0
hi_hasoc_2021_523,@TimesNow @ravi4354 ONCE IN A CENTURY  @narendramodi @PMOIndia  #मनहुस_मोदी का साया मेरे देश के ऊपर से हट जाएगा आर्मी सारा काम संभाल रही है दवाई ऑक्सीजन आदि भी तेरे राजनीति से मुक्त हो जायेगी सभी के अपने अकालमृत्यु मर रहे है  #ResignModi मानवता केलिऐ #Resign_PM_Modi देशभक्त हो तो,NOT,NONE,0
hi_hasoc_2021_2097,"आज हमारे साथ RJD का एक भी नेता खड़ा नहीं दिख रहा, पहले हमारी लड़ाई RSS/BJP से थी अब RJD से भी हैं! #JusticeForShahabuddin @osama_shahab_",NOT,NONE,0
hi_hasoc_2021_3579,"🥀 हरि ॐ🥀 !! सनातनी भाई-बहनों को!!     🥀 शुभ रात्रि🥀 !! दुष्ट अपकार से नहीं, उपकार से    ही शांत रहता है!! 🚩 जय श्री राम🙏🚩",NOT,NONE,0
hi_hasoc_2021_867,@varungrover मोदी तुम इस्तीफा दो हम तुम्हारे साथ है #ResignModi  #Resign_PM_Modi  #ModiHataoDeshBachao https://t.co/spsvPTov8W,NOT,NONE,0
hi_hasoc_2021_1186,"@sambitswaraj @JPNadda बताना नही है देश को , कुछ कर के दिखाओ, धरने से, tv पर चीखने से कुछ न होगा, सीधे बंगाल जाओ, जो महिलाओं पर अत्याचार का vdo पोस्ट किए थे उनके साथ खड़े हो। नही तो वोट भी इस बार ट्विटर,tv पर ही डाल देंगे। शर्म करो वहां कार्यकर्ता मर रहे हैं, यहाँ tv पर डिबेट कर रहे हो। #BengalBurning",NOT,NONE,0
hi_hasoc_2021_2606,"ज़ालिम को जो ना रोक, वो शामिल है ज़ुल्म में, क़ातिल को जो ना टोके, वो क़ातिल के साथ है। ~साहिर लुधियानवी  #बंगाल #Bengalisburning #BengalViolence #BengalRiots #BengalBurning  @rohini_sgh @meevkt @brajeshlive @ranvijaylive @vinodkapri @sakshijoshii @MamataOfficial @ndtv @PMOIndia",NOT,NONE,0
hi_hasoc_2021_6060,@PragyaLive @bmahabharat2 सरकार नरसंहार कर रही है .... #ResignModi,NOT,NONE,0
hi_hasoc_2021_2238,सवाल यह है जब शहाबुद्दीन साहब के साथ उस तरह की घटना हुई और ओसामा शहाब अकेले हर जगह अपने पिता की लड़ाई लड़ रहा था उस समय लालू परिवार का कोई व्यक्ति उनके साथ खड़ा क्यों नहीं हुआ? #justiceforshahabuddin,NOT,NONE,0
hi_hasoc_2021_5910,तुम तो चुप ही रहो सिम्वाव जी 🤣😀 https://t.co/qeygqiE7TF,NOT,NONE,0
hi_hasoc_2021_2033,"शुक्रिया इमरान प्रताप गढ़ी साहेब शुक्रिया अमनातुल्लह साहेब ,, इस दुख की घड़ी में ओसामा शहाब का साथ देने के लिए साथ खड़े होने के लिए,,उन लोगों का भी  बहुत शुक्रिया जो दिल्ली में ओसामा भाई के साथ खड़े हुए, बिहार इस बात को याद रखेगा,, #JusticeForShahabuddin",NOT,NONE,0
hi_hasoc_2021_3850,@BJP4UK पहले लगता था @BJP4UK ही #SpinelessBJP है।  अब पता लगा ये तो सारे के सारे BJP वाले #SpinlessBJP हैं।  #BengalElection2021 #BengalViolence #BengalBurning #tejasvisurya,NOT,NONE,0
hi_hasoc_2021_5991,हार जीत तो ठीक है मज़े की बात ये है साहब का बांग्लादेश के लिए आंदोलन कर जेल जाना बेकार हो गया 😜🙈 @queen_priya1 @Supriya2540 #JusticeForShahabuddin,NOT,NONE,0
hi_hasoc_2021_668,तुम जैसे स्वमं भू प्रदेश अध्यक्ष के रहते ये सब सम्भव है अपनी नौकरी बचाये जैसे 4 साल से मुँह में दही जमाये चुप थे वैसे ही रहो शिक्षको के चंदे पर पलने बाले तुम्हारे जैसे नेता घिन आती है तुम जैसे को नेता कहते भी शर्म है नही तुम्हे एमएलसी के टिकट तो तुम पता नही क्या 2 बेंच दो 😂😂 https://t.co/y4KpKBUGca,NOT,NONE,0
hi_hasoc_2021_3064,"एक्टर शूटिंग करें, नेताजी रैलियां करें, खिलाड़ी IPL खेलें, और आम आदमी  भूखे घर बैठकर कोरोना को भगाए। #ResignModi  #FarmersProtest #FarmLawsWorstThanCOVID",NOT,NONE,0
hi_hasoc_2021_2528,सवाल यह नही कि वो मुझे वेश्या कहता है सवाल तो यह है कि मुझे वेश्या बनाया किसने ?   ◆नवनीत🌻 @navneetpdnews,NOT,NONE,0
hi_hasoc_2021_83,@narendramodi अजीत सिंह के लिए आप का शोक व्यक्त करना बिल्कुल सही है लेकिन बंगाल में जो मासूम भाजपा कार्यकर्ता मारे जा रहे हैं बेटियों का बलात्कार हो रहा है क्या उस पर आपको कुछ नहीं बोलना चाहिए कृपया करके उन मासूमों के आंसू को पूछने का प्रयास कीजिए #BengalBurning,NOT,NONE,0
hi_hasoc_2021_3955,""" साहेब जनसंख्या नियंत्रण कानून ही लगा देते आपका मिशन भी पूरा हो जाता ऐसे लोगो को तड़पा तड़पा कर मार कर क्यों लोगो का घर उजाड़ रहे हो ""...  #spinelessmodi #SpinelessBJP #ModiHataoDeshBachao #ResignModi #BengalElection2021 #CovidIndia",NOT,NONE,0
hi_hasoc_2021_438,मैने भी इसी तरह कल अपने 50 साल उम्र की दादी को को दिया कितने अस्पतालों में कोई सुविधा नहीं है सरकार ने सबको अपने भरोसे छोड़ दिया।।  #ResignPMmodi https://t.co/iJICNXdxtX,NOT,NONE,0
hi_hasoc_2021_3565,"शेर ने जंगल मे सभी जानवरों को मुफ्त दावत देने की घोषणा की, सभी जानवरों ने जमकर दावत का लुफ्त उठाया और घर जाकर सो गये अगले दिन सभी जानवरों की गिनती की गयी गिनती में आधे जानवर गायब निकले बाद में पता चला जंगल के आधे जानवरों को शेर दावत में पकाकर मुफ्त खिला चुका है। #मुफ्त_वैक्सीन।",NOT,NONE,0
hi_hasoc_2021_1565,#ResignModi  #बीजेपी go back  In cllab जिंदाबाद,NOT,NONE,0
hi_hasoc_2021_3812,शुक्रिया @ShayarImran साहब  #JusticeForShahabuddin https://t.co/IDKGKVVpaq,NOT,NONE,0
hi_hasoc_2021_723,"@DrPreetiverma @AnujKant1302 दो मिनट का मौन उनके लिए भी जिनको बंगाल में चुनावी रैली दिखी ,  कोरोना दिखा किन्तु अब हिंसा , लूट अग्निकांड और महिलाओं को लुटती इज़्ज़त नहीं दिख रहीं 😡😡  #PresidentsRuleinBengal  #BengalBurning  #BengalViolence  #KhooniKhela  #WestBengalViolence",NOT,NONE,0
hi_hasoc_2021_4089,"पलायन नही प्रतिगात करो ""सुनो द्रोपदी शस्त्र उठा लो, अब गोविंद ना आएंगे"" @MLAchandana_ @BJP4India #BengalBurning",NOT,NONE,0
hi_hasoc_2021_1259,"बंगाल के हालात देख कर आमिर ख़ान, जावेद अख़्तर, नसीर उद्दीन शाह इत्यादि को अब भारत में डर नहीं लग रहा क्योंकि मरने वाला सुअर नहीं इंसान है । @Javedakhtarjadu @AzmiShabana @RanaAyyub @_sabanaqvi #AamirKhan #naseeruddinshah @ndtv @the_hindu @AITCofficial #BengalBurning @ABPNews",NOT,NONE,0
hi_hasoc_2021_3415,सेना के हवाले बंगाल करो या हिंदूओं की सुरक्षा की गारंटी। #शर्मनाक_हिंसा #राष्ट्रपति_जी_बंगाल_संभालो #ममता_की_निर्ममता #BengalBurning,NOT,NONE,0
hi_hasoc_2021_124,"@nkrai17 @sk_traza98 बेटा थाली बजा यंहा भक्तों नग्नता पर पर्दा डालने की कोशिश मत कर  #ModiResign  #ModiKaVaccineJumla अनगिनत हत्याओं के जुर्म में #आजीवनजेल_जाएगा_तो_मोदी_ही  #आजीवनजेल_जाएगा_तो_मोदी_ही   #आजीवनजेल_जाएगा_तो_मोदी_ही  #आजीवनजेल_जाएगा_तो_मोदी_ही  यकीनन यदि परिजनों में बुजदिली, कायरता न हो",NOT,NONE,0
hi_hasoc_2021_3071,"कोई भ्रम में ना रहे! हम अगर @BJP4India @narendramodi @AmitShah @sambitswaraj  या सरकार से तीखे सवाल शिकायतें कर रहे तो , विपक्ष को खुश होने की जरूरत नहीं bcz फेवरिट की लिस्ट में 1 से 10 तक #मोदी और  फिर लिस्ट ख़त्म.. #TMCTerror #BengalBurning",NOT,NONE,0
hi_hasoc_2021_5984,@thewirehindi मोदी तुम इस्तीफा दो हम तुम्हारे साथ है #ResignModi  #Resign_PM_Modi  #ModiHataoDeshBachao https://t.co/spsvPTov8W,NOT,NONE,0
hi_hasoc_2021_450,ईश मेहफ़िल मे कोविड-१९ तो यूही बदनाम है. यहाँ तो इंसान ही इंसान को मार रहा है...  #Remedisivir #NarendraModi #CoronaVaccine #CoronaSecondWave #RemdesivirBlackMarketing #REMDESIVIR #remdesivirinjection #ModiKaVaccineJumla #AIIMS #who #Corrupcion #Politics #BlackMarketing #COVID19,NOT,NONE,0
hi_hasoc_2021_1123,@shivam1b @RoflRangeela गधा सबसे मेहनती जानवर होता उसके जितना संघर्ष कोई नही करता फिर भी उसकी कदर कोई नही करता है भाई🤗,NOT,NONE,0
hi_hasoc_2021_1239,वाह क्या सिस्टम है हत्या भी हुई सबूत भी मिट गया और कातिल भी कोई नही। #JusticeForShahabuddin https://t.co/2gxz0miPty,NOT,NONE,0
hi_hasoc_2021_3599,Punishments for Andhbhakts in  GarudPuraan  (गरुडपुराण)  https://t.co/H57S1BPjRX   #ModiKaVaccineJumla,NOT,NONE,0
hi_hasoc_2021_5384,@kapsology मोदी तुम इस्तीफा दो हम तुम्हारे साथ है #ResignModi  #Resign_PM_Modi  #ModiHataoDeshBachao https://t.co/spsvPTov8W,NOT,NONE,0
hi_hasoc_2021_3829,एक बार इस बात पर भी सोचना ये भी सच हे #कोरोना_को_चुनाव_मे_बढ़त #5G_टावर_टेस्टिंग_बंद_करो #ModiSarkarHiSystemHai #ModiKaVaccineJumla #RojgarResult #PetrolDieselPriceHike #berojgar_bharat #Corona #BJP_MP_MLA_Missing #BJPFailsIndia @vinitgurjar744 @GurjarBoysPage @atulpradhansp https://t.co/HGJvBtx78E,NOT,NONE,0
hi_hasoc_2021_2846,जो शहाबुद्दीन के साथ हुआ वो आज़म खान के साथ नहीं होना चाहिए इसलिए आइए हम सब आवाज उठाते हैं..  #JusticeForShahabuddin,NOT,NONE,0
hi_hasoc_2021_456,Any bjp leaders in West bengal who can arrange the crowd funding for victims family? @SuvenduWB @KapilMishra_IND arranged it in Delhi.... #राष्ट्रपति_जी_बंगाल_संभालो #BengalBurning #WestBengal,NOT,NONE,0
hi_hasoc_2021_298,मा. महोदय सर मौजा.हनवतखेडा पो. स्टे. खंडाळा अंतर्गत अवैध गावठी दारू व मटका जुगार सरास चालु असून त्यावर अंकुश आणणे अत्यंत गरजेचं आहे कृपया लक्ष घालावे,NOT,NONE,0
hi_hasoc_2021_774,@Rajpootfact मस्त रहो दुष्ट चुहिया जी ।🙈 दबाकर खाना खाओ और बिंदास सो जाओ । 😊😍,NOT,NONE,0
hi_hasoc_2021_4753,"@satyagodara @narendramodi भाई मीठी छुरी बनके आज मोदीजी ने विपक्ष को छलनी कर दिया। आज ऐसा प्रतीत हुआ उनके शब्दो से कि जैसे अब सब जाए भाड़ में, गाड़ी का स्टेरिंग अब मैं संभालूँगा, बैठो सारे पीछे..पप्पू चप्पू आ जाओ सब इब देखेंगे इस कोरोना ने।☺️",NOT,NONE,0
hi_hasoc_2021_1928,"जब बंगाल में रैली करनी थी तब लाखो कार्यकर्ताओं को बुलाकर रैलियां करते थे, अब जब हम जैसे  कार्यकर्ता को पीटा जा रहा है तो बोल रहे है कि कोरोना प्रोटोकॉल को ध्यान में रखते हुए धरना देंगे! ये सिर्फ हम हिन्दुओ को बेवकूफ बना रहे है!"" #BengalBurning",NOT,NONE,0
hi_hasoc_2021_4120,हक की आवाज को मजबूत कीजिए एक बार फिर से लिखिए #JusticeForShahabuddin,NOT,NONE,0
hi_hasoc_2021_2144,जो शहाबुद्दीन के साथ हैं वो इस ट्वीट को रीट्वीट करें और इस हैसटैग पर ट्वीट करें #JusticeForShahabuddin,NOT,NONE,0
hi_hasoc_2021_473,@fatehaliya @D_Tribal_ बिल्कुल बहरूप ज्यादा दिन नहीं चलता #JusticeForShahabuddin,NOT,NONE,0
hi_hasoc_2021_209,Bengal: पश्चिमी मिदनापुर में Union Minister V Muraleedharan पर TMC गुंडों का हमला.. #BengalBurning​ #mamatabanerjee​  #westbengal  https://t.co/IFx8UUllwD,NOT,NONE,0
hi_hasoc_2021_1072,लगता हैं आज लोकतंत्र खतरे में नहीं हैं.!  #BengalBurning  #BengalViolence  #PresidentsRuleinBengal #BengalRiots  @Dev_Fadnavis @niranjandtweets @narendramodi @AmitShah @jitengajaria  https://t.co/ljxaEtxCTX,NOT,NONE,0
hi_hasoc_2021_29,@mla_sudhakar @BJP4Karnataka @narendramodi @CMofKarnataka #Hindus DYING #HindusLivesMatter   #KindAttnPMNarendraModi  #coronasecondwaveinindia #ModiMadeDisaster #ResignModi    #BJP #RSS LIARS   I WARNED 2 YRS BACK #RSSTerrorists BANNED BY SARDAR PATEL IGNORED  #शेर_नहीं_भेड़िया_पाल_लिया_भक्तो  #MautKaSaudagar,NOT,NONE,0
hi_hasoc_2021_3404,#BengalBurning #राष्ट्रपति_जी_बंगाल_संभालो https://t.co/0n9yMDOWOk,NOT,NONE,0
hi_hasoc_2021_3477,"@NijiSachiv अजित जी अब बस कीजिए अकाउंट तो हमारा भी सस्पेंड हुआ है @sanjeev292000 केवल जिहादी लिखने के जूर्म में। बहुत हुआ @narendramodi और @BJP4India का विरोध हम हिंदुओं द्वारा जो हमारा हक है पऱतु BJP को छोड़कर कोई बामी,कामी और सेकुलर पार्टियों ने आज तक आवाज नहीं उठाई #BengalBurning पर",NOT,NONE,0
hi_hasoc_2021_3273,#SuperSpreaderModi #ModiDisasterForIndia  #ResignModi #Resign_PM_Modi  #VaccineRegistration  #cowinregistration #KindAttnPMNarendraModi #किसानों_का_मोदी_को_धोबीपटका  😡 https://t.co/m20AaqSEu1,NOT,NONE,0
hi_hasoc_2021_3654,"@Shubhrastha @JPNadda अहिंसा वीरों का आभूषण होती है, अकर्मण्यो एवं कायरों का नहीं। शायद @narendramodi जी नहीं जानते कि बहुत कुछ सोचने वाला किंतु करनी में विलंब करने वाला सदैव विनाश को प्राप्त होता है। #BengalBurning #BengalViolence",NOT,NONE,0
hi_hasoc_2021_1022,@CMMadhyaPradesh  @ChouhanShivraj @collectorshivp1   Vaccine पूर्णत: सुरक्षित है. मैने अपना 1st वैक्सीन शाॅट आज आदरणीय @CMHO सर शिवपुरी व समाजसेवी भैया हेमंत ओझा की मौजुदगी में लिया 🤘  #CovidVaccine  #LargestVaccinationDrive https://t.co/v962wkvTpq,NOT,NONE,0
hi_hasoc_2021_2365,@narendramodi @JPNadda @AmitShah 🙏🙏🙏कुछ करिए सर प्लीज😢😢😢 #BengalBurning #CruelMamata,NOT,NONE,0
hi_hasoc_2021_3954,देश में #COVID19 वैक्सीन पर्याप्त मात्रा में उपलब्ध है। देखिए 6 मई 2021 तक देशभर में #COVIDVaccine की उपलब्धता और खपत के आंकड़े।  #IndiaFightsCorona #TogetherWeCan #LargestVaccineDrive #Unite2FightCorona https://t.co/cpvAQLPVir,NOT,NONE,0
hi_hasoc_2021_1731,वफादारी इसे कहते हैं #BoycottRJD |  ना कोई पद की चिंता | ना कोई पार्टी के चिंता |  बस चिंता है तो अपनों का  शुक्रिया विधायक जी ( रघुनाथपुर विधानसभा )   ❣❣❣ #JusticeForShahabuddin https://t.co/XFF3JyqAvk,NOT,NONE,0
hi_hasoc_2021_2232,जब पूर्व सांसद मोहम्मद शाहबुद्दीन की करोना रिपोर्ट नेगेटिव थे तो फिर उनकी इलाज में इतनी लापरवाही क्यों? #JusticeForShahabuddin,NOT,NONE,0
hi_hasoc_2021_1468,"हमने तुमको दिल ये दे दिया, ये भी ना पूछा कौन हो तुम.... ! ! उपरोक्त पंक्ति में कवि अंधेरे में तीर मार रहा है। 🙊😜😆😆 #ModiKaVaccineJumla # @Anuyadav88 @Thanos_pandith @RachnaSinghSP @Aak__Thu @MrRohitYadav_SP",NOT,NONE,0
hi_hasoc_2021_1946,अगर शहाबुद्दीन साहब के इन्साफ नहीं मिला तो Tejashwi Yadav जी मुख्यमंत्री का सपना देखना छोड़ दिजिए  #JusticeForShahabuddin  👍,NOT,NONE,0
hi_hasoc_2021_501,जल्द ही सुहागरात भी चौराहे पर मनाना आधुनिकता कहलाएगा  जब यही सब आधुनिकता है तो कुत्ते-कुतिया हमसे अधिक आधुनिक हैं।  एक समय था जब कपड़े उतारने पर महाभारत हुई थी और आज किसी ने कपड़े पहनने के लिए बोल दो तो महाभारत हो रही है।   आओ जड़ो की ओर लौट चले। आधुनिकता से कहीं दूर❤️❤️ https://t.co/5bmAhYPQDX,NOT,NONE,0
hi_hasoc_2021_707,"कर्नाटक में दूसरी लहर का कहर, 24 घंटों में कोरोना के 44 हजार से ज्यादा मामले  #IndiaCovidCrisis https://t.co/hatDQC4kDu",NOT,NONE,0
hi_hasoc_2021_5419,"He was my Real Hero बिछड़ा कुछ इस अदा से कि रुत ही बदल गई, इक शख़्स सारे शहर को वीरान कर गया।।  शाम ढले हर पंछी को घर जाना पड़ता है, कौन ख़ुशी se मरता है मर ही जाना पड़ता है। अल्लाह डॉ मोहम्मद शहाबुद्दीन साहब को जन्नत अता करें।  #justiceforShahabuddin #Sher_r_Bihar #Legendofbihar",NOT,NONE,0
hi_hasoc_2021_759,"मोदीजी आपके बाप होंगे , इस देश के बाप नही  #ModiResign #ModiGovtSeNaHoPayega  #ModiMadeDisaster  #ModiHataoDeshBachao  #ModiFailedIndia  #ModiKaVaccineJumla  #ModiAgainstDelhi #ModiStopElectionRallies https://t.co/yNiJbrOLwR",NOT,NONE,0
hi_hasoc_2021_2161,@DChaurasia2312 यह बात उनको प्रधानमंत्री @narendramodi जी को बताना चाहिए था  ये नहीं कि ट्विटर को और जनता को  जनता क्या करेगी इसमें #BengalBurning,NOT,NONE,0
hi_hasoc_2021_1478,मक़तल में आ गया हूं तेरा साथ चाहता हूं तदफी़न  हो  रहा  हू  तेरा  साथ चाहता हूं ~@ShayarShahnawaz   अल्लाह घर वालों को सब्र दें! #JusticeForShahabuddin https://t.co/6KTZS9SUz0,NOT,NONE,0
hi_hasoc_2021_552,शेर-ए-बिहार मोहम्मद शहाबुद्दीन #JusticeForShahabuddin https://t.co/dBSg7XLbfd,NOT,NONE,0
hi_hasoc_2021_2816,मै ये कहकर जाऊंगा कि #सांसों ने मुझे हरा दिया किसी #जम्हूरियत ने मुझे नही #हराया मोहम्मद #शहाबुद्दीन साहेब !   #JusticeForShahabuddin #StandwithOsamaSahab #Politics   @MSAalamOfficial #MSAalam https://t.co/2MiOKV4Ud2,NOT,NONE,0
hi_hasoc_2021_2866,राजद के नेता को खासकर के तेजस्वी यादव को ये भी देखकर शर्म आनी चाहिए की जीतन राम ने आवाज उठाने का काम कर रहे है और जिस पार्टि के लिए साहेब जिदगी खत्म कर दिये आज वो आवाज नही उठा रहा है तो इसका खमियाजा भुगतना पडेगा। #JusticeForShahabuddin @yadavtejashwi  @laluprasadrjd  @TejYadav14 https://t.co/V46zZnNWL7,NOT,NONE,0
hi_hasoc_2021_92,@yadavtejashwi ज़िंदगी और मौत दोनों से डर रहे है। बंदे में कुछ तो ख़ास बात थी। इसलिए ही लाश देने से डर रहे है। #JusticeForShahabuddin,NOT,NONE,0
hi_hasoc_2021_2273,तिहाड़ जेल के स्पेशल सेल में कोरोना पहुंचा कैसे मुझे लगता हे ये सिस्टम का कोरोना है    #JusticeForShahabuddin,NOT,NONE,0
hi_hasoc_2021_1644,"@laluprasadrjd जैसे बाल्टी में दूध बेचने वाले नेता,  ""तब"" बनते हैं   ""जब"" उनके पीछे ""#शहाबुद्दीन"" जैसा  शेर होता है!🔥 #JusticeForShahabuddin",NOT,NONE,0
hi_hasoc_2021_2952,हत्यारा के लिए why this trend #JusticeForShahabuddin,NOT,NONE,0
hi_hasoc_2021_289,"कई #बादशाहों ने भी छोड़ दी थी तख्त इतनी लाशें देख कर।  लेकिन #हैवान कातिल खा रहा हैं अब भी रोटियां, चिताओं पे सेक कर।।😢😢 #Resign_PM_Modi  #ResignModi  #BanEVM #banevm_savedemocracy https://t.co/on6zjcMwBU",NOT,NONE,0
hi_hasoc_2021_2837,कब खून खौलेगा आपका @AmitShah ?? कि @narendramodi को नोबेल दिला कर ही मानेंगे? #BengalBurning #BengalViolence  #BengalElection2021 https://t.co/FhBoDKqkKe,NOT,NONE,0
hi_hasoc_2021_3474,बचपन से देखते आया हू की   चाय में बिस्किट डूब जाता है पर आज तो चाय ने पूरा देश डूबो दिया...☕ #ModiKaVaccineJumla,NOT,NONE,0
hi_hasoc_2021_3453,ममता बनर्जी ने तो सीबीआई तक कोई नहीं छोड़ा था।  ये 4 लोग पता नहीं क्या उखाड़ लेंगे।   साहेब के दिमाग को भी कोरोना हो गया है।  #BengalBurning । #BengalViolence,NOT,NONE,0
hi_hasoc_2021_1718,बता दे कि पालघर में जिस तरह पुलिस की मौजूदगी में बर्बरतापूर्ण संतों की हत्या हुई और सोशल मीडिया पर उसका वीडियो वायरल हुआ तब पता चला कि दुष्ट लोगों को हिन्दू साधु-संतों से कितनी नफरत है। नफरत की इंतहा ये थी कि पुलिस की मौजूदगी से भी इन लोगों को कुछ फर्क नहीं पड़ा।,NOT,NONE,0
hi_hasoc_2021_5148,@yogitabhayana @LambaAlka @DelhiPolice @DCPWestDelhi तिहाड़ जेल के स्पेशल सेल में कोरोना पहुंचा कैसे मुझे लगता हे ये सिस्टम का कोरोना है    #JusticeForShahabuddin,NOT,NONE,0
hi_hasoc_2021_3969,आखरी सलाम 😥 #justiceForShahabuddin https://t.co/SI31p08Krc,NOT,NONE,0
hi_hasoc_2021_2013,बाबा एक बार फिर से कहो ना 🤪 एक बार फिर मोदी सरकार 🤗🤗 @sakshijoshii  @ravishndtv  @abhisar_sharma  @Abhinav_Pan  #RohitSardana  #AkshayKumar  #ModiKaVaccineJumla  #रोहित_सरदाना  #ModiResign  #AatmanirbharBharat  #CoronavirusPandemic  #indianeedoxygen  #YogiJhootaHai,NOT,NONE,0
hi_hasoc_2021_795,@qarisohaibrjd @Habiib011 अल्लाह मरहूम को जन्नत में आला मक़ाम आता करे और घर के लोगों को सब्र करने की हिम्मत दे  #JusticeForShahabuddin #MuslimLivesMatter,NOT,NONE,0
hi_hasoc_2021_5597,@BoltaHindustan @laluprasadrjd @RJDforIndia @yadavtejashwi मोदी तुम इस्तीफा दो हम तुम्हारे साथ है #ResignModi  #Resign_PM_Modi  #ModiHataoDeshBachao https://t.co/spsvPTov8W,NOT,NONE,0
hi_hasoc_2021_1743,कहा मार गए मुस्लिमों के मसीहा #AsaduddinOwaisi  शाहबुद्दीन के बेटे को आपकी जरूरत है अल्लाह के लिए उनकी मदद करे #JusticeForShahabuddin,NOT,NONE,0
hi_hasoc_2021_2470,#OPS #BanEVM #पुरानी_पेंशन_बहाल_करो #FarmersProtest #SpeakUpForFarmers #StopPrivatization #ModiMadeDisaster #NPS_भारत_छोड़ो #NPS_QUIT_INDIA #NPSनिजीकरणभारतछोड़ो #OPS_कर्मचारी_का_अधिकार #NPSनिजीकरणकेख़िलाफ़_इंक़लाब #Resign_PM_Modi  #किसान_कार्मिक_संग_संग  #देश_ऑक्सीजन_मांगता_है,NOT,NONE,0
hi_hasoc_2021_5102,"पण्डित: ""पूजाको  थाल ल्यानुस् 🎵।"" (भाई कुदेर पूजाको थाल लिएर आयो।) पूजा पछि पछि कुद्दै आइन, ""खाना त खान दे ,चोर गधा !😠😠"" (😂😂🤣🤣)",NOT,NONE,0
hi_hasoc_2021_3529,@Jhon_The_Don जितने बड़ा दोगला उतने बड़ा अन्धभक्तों का पूज्य भगवान होगा 😁,NOT,NONE,0
hi_hasoc_2021_1462,"""हार जीत तो ठीक है मज़े की बात ये है साहब का बांग्लादेश के लिए आंदोलन कर जेल जाना बेकार हो गया...!!😜🙈  #JusticeForShahabuddin",NOT,NONE,0
hi_hasoc_2021_3564,शहाबुद्दीन की बिहार में तदफीन नहीं हुई अब बिहार में भी राजद की तदफीन होगी । इंशा अल्लाह  #GaddarRJD #JusticeForShahabuddin,NOT,NONE,0
hi_hasoc_2021_874,"शहाबुद्दीन साहब को कोरोना नहीं था,तो मौत कैसे हुई ? जब कोरोना रिपोर्ट नेगेटिव है तो बॉडी क्यों नही ले जाने दे रहे ? आखिर छुपाया क्या जा रहा है किस बात का डर है ? #JusticeForShahabuddin",NOT,NONE,0
hi_hasoc_2021_2688,रोहित सरदाना की डेड बाडी उनके सहर को दी जा सकती है लेकिन बिहार के र्पुव सांसद सहाबुद्दीन की बाडी उनके परिवार को कयो नही| @narendramodi @ArvindKejriwal @yadavtejashwi #JusticeForShahabuddin,NOT,NONE,0
hi_hasoc_2021_1165,@mohd_ali_sahil @AlamAnsari930 बहुत खूब सर जी  #JusticeForShahabuddin,NOT,NONE,0
hi_hasoc_2021_1080,"अलविदा शेर-ए-बिहार…  अल्लाह आपकी मग़फ़िरत फरमाए, आपको जन्नतुल फिरदौस में आला मकाम अता फरमाए और अहले खाना को सब्र जमील अता फरमाए. 🤲 #JusticeForShahabuddin https://t.co/bqvsoBlKkz",NOT,NONE,0
hi_hasoc_2021_1568,"आग लगाने वालों को कहा खबर, रुख हवाओं ने बदला तो खाक वो भी होगे‌..  #JusticeForShahabuddin",NOT,NONE,0
hi_hasoc_2021_3236,चुनाव के नतीजे आते ही भाजपा सरकार ने पेट्रोल और डीज़ल महंगा करना शुरू कर दिया है। आज से दाम बढ़े।  #ResignModi   #PetrolDieselPriceHike @RahulGandhi @Neerajkundan,NOT,NONE,0
hi_hasoc_2021_844,"साहब ने कहा था मैं आते ही हर गांव उजाला कर दूंगा, लोगों को थोड़ी मालूम था कि यह उजाला शमशान की होगी। #ModiKaVaccineJumla #ModiAgainstDelhi https://t.co/YiZxfFODiV",NOT,NONE,0
hi_hasoc_2021_2689,वाह रे भारत का संविधान जनता द्वारा नकारा गया व्यक्ति मुख्यमंत्री की शपथ ले रहा है। #BengalBurning #राष्ट्रपति_जी_बंगाल_संभालो,NOT,NONE,0
hi_hasoc_2021_3292,@PuspendraTweet सेकुलर और पुरस्कार वापसी गैंग कहा है ... #BengalBurning #Bengalisburning #HinduGenocideBengal #HindusLivesMatter https://t.co/FC9eZPOgq0,NOT,NONE,0
hi_hasoc_2021_1367,अलविदा शेर-ए-बिहार…  अल्लाह ताला साहेब को जन्नतुल फिरदौस में आला से आला मकाम अता करे आमीन। 🤲 #JusticeForShahabuddin  @tshahab05 @yadavtejashwi @Siwan_Rjd @RJDforIndia @laluprasadrjd @manojkjhadu @sanjuydv @JitendraRaiMLA @iAwadhBihariRJD @chitraaum @KrDivashankar @TejYadav14 https://t.co/2uihsuXku0,NOT,NONE,0
hi_hasoc_2021_2996,@DKSinghSom कभी उसको बताया गया कभी उसको बताएगा अबे चुटिया कभी अपना इतिहास उठा कर देखा है यह सामान्य पिछड़ा वर्ग sc-st क्षत्रियों में या ब्राह्मणों में कोई लफड़ा नहीं होता है यह तो कुछ क्षत्रियों की आर्थिक स्थिति कमजोर होने की वजह से क्षत्रिय और ब्राह्मण सामान्य को छोड़कर ओबीसी में डाल दिए गए,NOT,NONE,0
hi_hasoc_2021_3787,@upadhyayabhii ये लड़ाई सेक्युलरिज्म की और यही असली सेक्युलरिज़्म है भाई। #BengalBurning,NOT,NONE,0
hi_hasoc_2021_3594,अगर मोदी नही मानता किसानों की बात  तो गाँव-गाँव जाएँगे उत्तर प्रदेश  में भी चुनाव हराएँगे किसान एकता ज़िन्दाबाद...!! #ResignModi,NOT,NONE,0
hi_hasoc_2021_3285,जो शहाबुद्दीन के साथ हैं वो इस ट्वीट को रीट्वीट करें और इस हैसटैग पर ट्वीट करें #JusticeForShahabuddin,NOT,NONE,0
hi_hasoc_2021_3179,प्राचीन भारत में रथ उड़ते थे जानवर बोलते थे। फिर देश मे आरक्षण लागू हुआ औऱ इनकी यह काबिलियत खत्म हो गई। Haina bro😂😆,NOT,NONE,0
hi_hasoc_2021_2011,तिहाड़ जेल के स्पेशल सेल में कोरोना पहुंचा कैसे मुझे लगता हे ये सिस्टम का कोरोना है    #JusticeForShahabuddin,NOT,NONE,0
hi_hasoc_2021_3786,आज @BJP4INDIA के ￼आह्वाहन पर @BJP4DELHI के ￼प्रदेश अध्यक्ष @adeshguptabjp के नेतृत्व में दिल्ली के भाजपा कार्यकर्ताओं ने Mamata Banerje सरकार के विरोध में प्रदर्शन किया T.M.C उन पर हमला कर रही है जिन्होंने चुनाव प्रक्रिया में भाग लेते हुए भाजपा का समर्थन किया ! #BengalBurning https://t.co/GZDp2ATOa3,NOT,NONE,0
hi_hasoc_2021_2414,"मैं मानता हूं यूपी के CM होने के नाते योगी जिम्मेदार है कोरोना मैनेजमेंट के लिये  पर जनता जिम्मेदार नही है जो 1 साल में ये भी नही सिख पाई मास्क कैसे लगाया जाता , लोकडौन का मतलब घर मे रहना होता  आप कब जिम्मेदारी समझेंगे ?  #EconomistSanghi #BengalBurning https://t.co/0LZb4OHuWw",NOT,NONE,0
hi_hasoc_2021_565,"भैया, मै इस व्यक्ति को पहले से जनता था।अन्य अन्य प्रदेशों में रहने वाले मेरे मित्र इसके जहरीले व्यवहार से भली भांति परिचित थे। फिलहाल उन सभी सपों 🐉 को जाने दीजिए। स्वर्ग जैसी पार्टी को जनता पुनः सत्ता में लाएगी। @priyankagandhi  #दोगला_जितिन_प्रसाद https://t.co/516fInBvt9",NOT,NONE,0
hi_hasoc_2021_3811,(TARGET) भगवा-ए-हिंद .. 💪🏻🇮🇳🚩 #HinduRashtra #isupportmodi #Modi #BJP #Shamemamatabannerjee #tmcgoons #ShameOnMamata #ArrestMamata #BengalBurning #BengalViolence #TMCTerror  #HindusLivesMatter #राष्ट्रपति_जी_बंगाल_संभालो #BengalTrustsModi #ममता_खूनी_है #AntiHinduMamata https://t.co/Jidnh9cY1b,NOT,NONE,0
hi_hasoc_2021_1874,रक्षकों के भक्षक! कोन हो सकते हैं ये लोग? #BengalBurning #BSF https://t.co/hzqfo2YdEe,NOT,NONE,0
hi_hasoc_2021_2417,"@BJP4Rajasthan अगर धरना देने से सब सही हो जाता तो..  कुरुक्षेत्र में भी ""श्री कृष्ण"" जी ""अर्जुन"" को यही सलाह देते..। 😡😡😡  #BengalBurning  #BengalViolence  #KhooniKhela  #WestBengalViolence #SaveBengalBJPsupporters  #SaveHindusInBengal",NOT,NONE,0
hi_hasoc_2021_1934,चुप रहो,NOT,NONE,0
hi_hasoc_2021_783,#PresidentRuleInBengal #presidentkovind #BengalBurning #SupremeCourtofIndia #PMOIndia #PMModi #BJP  #MamtaisTerrorist #बंगाल_हिंसा #खेलाहोबे #खूनी #खेला_होबे #KhelaHobe #tmcgoons #राष्ट्रपति_शासन #बंगाल_में_राष्ट्रपति_शासन_हो #बंगाल_कश्मीर_बन_गया #हिन्दू_शस्त्र_उठाओ_आत्मरक्षा_में https://t.co/9kDn2FmED4 https://t.co/4Yz83K6lb0,NOT,NONE,0
hi_hasoc_2021_5926,@_garrywalia @SPatel_Indian मोदी तुम इस्तीफा दो हम तुम्हारे साथ है #ResignModi  #Resign_PM_Modi  #ModiHataoDeshBachao https://t.co/spsvPTov8W,NOT,NONE,0
hi_hasoc_2021_2213,"बहुत ही घमंड था की पलॉट मिलेंगे कश्मीर की वादि में 😜 अब बेड भी नहीं मिल रहा सहर की आवादी में 🤔  ਗਜ਼ਬ ਦਾ ਘੁਮੰਡ ਸੀ ਕਿ ਪਲਾਟ ਮਿਲਣਗੇ ਕਸ਼ਮੀਰ ਦੀ ਵਾਦੀ 'ਚ,  ਹੁਣ ਬੈੱਡ ਵੀ ਨਹੀਂ ਮਿਲ ਰਹੇ ਆਪਣੇ ਸ਼ਹਿਰ ਦੀ ਆਬਾਦੀ 'ਚ ! #ModiKaVaccineJumla #ResignModi",NOT,NONE,0
hi_hasoc_2021_915,अलविदा शेर_ए बिहार...  अल्लाह आपकी मग़फिरत फरमाए आपको जन्नतुल फिरदोस में आला मुकाम अता फरमाए और अहले खाना सब्र जमील अता फरमाए. 🤲आमीन #JusticeForShahabuddin @tahsin_faizi @AshrafFem https://t.co/PxGPBMUgUs,NOT,NONE,0
hi_hasoc_2021_2732,ज़िंदगी और मौत दोनों से डर रहे है। बंदे में कुछ तो ख़ास बात थी। इसलिए ही लाश देने से डर रहे है। #JusticeForShahabuddin,NOT,NONE,0
hi_hasoc_2021_2199,वक़्त की फ़ितरत ही ऐसि हें ये पलत जात हैं... @narendramodi @AmitShah @smritiirani @PiyushGoyal  Kudos to @PrashantKishor @MamataOfficial @ShekharGupta @ThePrintIndia  #KhelaHobe #Didi #MamataBanerjee #India  #ModiKaVaccineJumla #ModiResign #ModiFailsIndia  https://t.co/66xh8Z6eAy,NOT,NONE,0
hi_hasoc_2021_42,"हार गया ओसामा, जीत गयी राजद, जीत गया तेजस्वी, आज़ादी मुबारक हो लालू..!! 😢😢 #JusticeForShahabuddin @OsamaShahab11 @RJDforIndia @yadavtejashwi https://t.co/1ISPnkHMjx",NOT,NONE,0
hi_hasoc_2021_1558,#bangalviolence #राष्ट्रपति_जी_बंगाल_संभालो #CruelMamata  #BengalBurning  #SpinelessBJP,NOT,NONE,0
hi_hasoc_2021_1476,"लड़ना तो अर्जुन को ही होगा कान्हा इस बार भी हथियार नहीं उठाएगा हाँ तूं अगर लड़ने के लिए तैयार होगा आ के तेरा रथ जरूर चलाएगा 100 करोड़ हो, एक एक पत्थर मारोगे तो हिमालय बन जायेगा सड़क पे मिल के निकलोगे सता छोड़ डायन भाग जायेगी मुशकिल घड़ी में ही विराथू पैदा होते हैं #BengalBurning",NOT,NONE,0
hi_hasoc_2021_3810,‼Lets Face It 𝗖𝗼𝘃𝗶𝗱-𝟭𝟵 Day 𝟰𝟮𝟳‼  𝟯𝟵𝟮𝟰𝟴𝟴 Fresh #IndiaCovidCrisis  Cases &amp; 𝟯𝟲𝟴𝟵 Deaths in The Last 24 Hours‼  #कोरोना_को_चुनाव_मे_बढ़त  #नरेंद्र_मोदी_ग्लोबल_पप्पू   𝗠𝗲𝗮𝗻𝘄𝗵𝗶𝗹𝗲 A Day Without Laughter is a Day Wasted #WorldLaughterDay  #WestBengalPolls https://t.co/MHSQI12mFU,NOT,NONE,0
hi_hasoc_2021_123,#इतिहास_दोहरा_रहा_है #BengalBurning https://t.co/lD3cCiEGG3,NOT,NONE,0
hi_hasoc_2021_1393,कल जब.... #वॉशिंगटन_पोस्ट  #न्यूयॉर्क_टाइम्स सहित ग्लोबल मीडिया ने बताया कि भारत की स्वास्थ्य व्यवस्था बिल्कुल ध्वस्त हो चुकी है तो यकीन नहीं हुआ लेकिन अब करना पड़ रहा है!!  😢😢  #ResignModi  #BJP_Hatao_Desh_Bachao https://t.co/ya8PdSpn8R,NOT,NONE,0
hi_hasoc_2021_4212,#राष्ट्रपति_जी_बंगाल_संभालो  #BengalBurning #BengalViolence @MamataOfficial https://t.co/duxovxZUVY,NOT,NONE,0
hi_hasoc_2021_5224,बंगाल की गलियां सुनी है ! ममता बनर्जी खूनी है !! Aur sath mein humare apne neta bhi !! #spinelessmodi #SpinlessBJP #BengalViolence #BengalBurning #Bengalisburning  @BJP4India @narendramodi @AmitShah @AmitShahOffice @myogioffice @myogiadityanath @rajnathsingh,NOT,NONE,0
hi_hasoc_2021_2099,"@MajorPoonia ममता और छोटे ओवैसी में क्या फर्क है? वो कहता था:-15 मिनट पुलिस हटा लो,ममता कहती crpf हटालो!कबतक रहेगी,शरण तो मेरी लेनी पड़ेगी!  #BengalBurning  #ArrestMamata  #PresidentRuleInBengal",NOT,NONE,0
hi_hasoc_2021_4574,रोजगार छीना अब तो जान भी ले रहे है   #ModiKaVaccineJumla,NOT,NONE,0
hi_hasoc_2021_189,कुफ्फार ला ऐतबार !!  #शाहबुद्दीन_साहब का मर्डर हुआ है.!! #JusticeForShahabuddin,NOT,NONE,0
hi_hasoc_2021_3345,No farmers No food #500DaysOfAmaravatiProtests #FarmLaws_NextPandemic #ModiKaVaccineJumla #ModiResign https://t.co/qG5JIHmCEH #25सांसद_लापता_है,NOT,NONE,0
hi_hasoc_2021_1598,@Siwan_Rjd कब तक असलियत को छिपा पाओगे। सीवान माफ नही करेगा लालू चाचा #JusticeForShahabuddin,NOT,NONE,0
hi_hasoc_2021_4202,जो शहाबुद्दीन के साथ हैं वो इस ट्वीट को रीट्वीट करें और इस हैसटैग पर ट्वीट करें #JusticeForShahabuddin,NOT,NONE,0
hi_hasoc_2021_2125,गलती तो नेहरु की ही होती है। मोदी तो भगवान है।  Incompetence at its worst!  #ResignModi  #COVIDSecondWave https://t.co/cHFIDFJmXp,NOT,NONE,0
hi_hasoc_2021_868,"पूरा एक साल लगा था टैगोर जैसा दिखने में, पर बंगाल वालों ने सब पर पानी फेर दिया! 😂😂 #ModisCrimeAgainstIndia #ResignPMmodi  #SpinelessBJP #fakenews #COVID19 #DisinvestmentSCAM #AjitSingh #thursdayvibes #COVID19 #spinelessmodi #COVIDー19 #coronavirus #COVID19 #ArrestBJPMLASatish",NOT,NONE,0
hi_hasoc_2021_3320,मैं अपने Twitter id से #RJD से जुड़ी तमाम पोस्ट डिलीट कर रहा हूं।मुझे राजद के लोगो से कोई सम्बन्ध नही। #TejashwiYadav को दिल्ली पहुँचना चाहिये था! #osamasahab के साथ खड़ा होना चाहिये था!!  #StandwithOsamaSahab  #boycottrjd #ShahabuddinSaheb  #JusticeForShahabuddin,NOT,NONE,0
hi_hasoc_2021_1853,#hindugenocidebengal  कोई दीदी नही है ये  दीदी बोलने लायक नहीं है ये  हिन्दू एकता दिखाओ  अपने हिन्दू भाई बहन को बचाओ  #hindulivesmatter #राष्ट्रपति_जी_बंगाल_संभालो #ArrestMamata  #BengalBurning  #BengalViolence https://t.co/dMTGV6zQdo,NOT,NONE,0
hi_hasoc_2021_3765,@TheAbhishek_IND नाम का है बस हिंदी सिनेमा थिरकती मदिरा में हीरो टुन... फूहड़ गाने विदेशी धुन.  https://t.co/egQ2EW6AOA    इज्ज़त के साथ बेज़्ज़ती के लिए एक सब्सक्राइब तो बनता है  सनातनी का सब्सक्राइब मिले तो और कहना हौसला बढेगा  🙏🙏,NOT,NONE,0
hi_hasoc_2021_352,"@Patelji_1993 @Dr_Uditraj दोस्तों, आओ हम सब सर्वसम्मति से महान अर्थशास्त्री, धुरंधर वैज्ञानिक, अंतर्राष्ट्रीय किसान, भयंकर सवर्ण-दलित मसीहा #चुदित राज जी को खांग्रेस #अध्यक्ष एवं #पलधानमंतली बनाएं !!🙏 ""सभी #समस्याएं समाप्त"" #उदित_राज_को_अध्यक्ष_बनाओ_बे @Dr_Uditraj  #CovidVaccine https://t.co/HrWBrorcLe",NOT,NONE,0
hi_hasoc_2021_4030,"ना कर फ़िक्र ए ओसामा, की तू एक नन्हा सा चिराग है  तेरे हौसले मे छिपे है ना जाने कितने आफताब है  #JusticeForShahabuddin 🤲 https://t.co/a2eFk5VJ6E",NOT,NONE,0
hi_hasoc_2021_4694,@ashoswai मोदी तुम इस्तीफा दो हम तुम्हारे साथ है #ResignModi  #Resign_PM_Modi  #ModiHataoDeshBachao https://t.co/spsvPTov8W,NOT,NONE,0
hi_hasoc_2021_1640,यह सभ तो बिकाऊ है यह क्या बोलेंगे  #BengalBurning https://t.co/dBiHDTg3uy,NOT,NONE,0
hi_hasoc_2021_716,"@vaibhavUP65 इतनी मासूम लाचारियां हैं सियासत की जहां बोलना चाहिए वहां भी बोलते नहीं जो खूरेंजी पर उतारू हैं, उनकी आगवानी में बिछे हैं जो पलकों पर बिठाए बैठा, उन्हें पूछते नहीं  #BengalBurning",NOT,NONE,0
hi_hasoc_2021_2316,कोविड हो जाने के कितने दिन बाद वेक्सिन लेनी चाहिए? किस प्रकार की सावधानी बरतनी चाहिए? कोविड क्वोरनटिन के तुरंत बाद वेक्सिन लेनी चाहिए? इसका जवाब आपके पास हो तो आप बता सकते है। #COVID19 #IndiaCovidCrisis  @ICMRDELHI @TwitterIndia @TwitterRetweets @Twitter,NOT,NONE,0
hi_hasoc_2021_4832,@ndtvfeed @ndtv मोदी तुम इस्तीफा दो हम तुम्हारे साथ है #ResignModi  #Resign_PM_Modi  #ModiHataoDeshBachao https://t.co/spsvPTov8W,NOT,NONE,0
hi_hasoc_2021_543,Who are you to ask ?? Why central government will reply you ?? What is your initiative to improve the situation ??  Don't play with public sentiments.   #BengalBurning #बंगाल_में_राष्ट्रपति_शासन_लगाया_जाए #बंगाल_कश्मीर_बन_गया  #BengalViolence https://t.co/7UzkJj8XtO,NOT,NONE,0
hi_hasoc_2021_3143,"बंगाल में हत्याएं हो रही,  और उधर हमारी भाजपा ए.सी. कमरे में धरना दे रही।  तो बोलो चप्पा चप्पा भाजपा।।। 😊 #spinelessmodi #spinelessbjp #JPNadda #AmitShah #BengalBurning https://t.co/6Gjb1ufrDV",NOT,NONE,0
hi_hasoc_2021_2646,मोदी नहीं तो कौन?? 🤔🤔  #ModiGovtSeNaHoPayega #ModiKaVaccineJumla  #ModiAbandonedIndia https://t.co/76Uzs1hJhn,NOT,NONE,0
hi_hasoc_2021_3977,गर्मी का मौसम है कृपया अपने वाहन चलाने से पहले ये जरूर देख ले कि कही कोई जानवर आपकी गाड़ी के नीचे सो तो नही रहा। 🐕🐶🐈 https://t.co/ztcLgQcb5Z,NOT,NONE,0
hi_hasoc_2021_118,@surajsh08483653 I always said that कि जे सब ममता जी की चुनाव के पहले बंगाल के हिंदुओं को चुटिया बनाने की चाल थी। एक इस मात्र केस को आधार बना कर कितनी हिंदू लड़कियों को मुस्लिम बनाया गया होगा...,NOT,NONE,0
hi_hasoc_2021_296,"Covid-19 की शुरुआत से पहले वुहान के मार्केट में बेचे गए थे हजारों जिंदा जानवर, रिपोर्ट में खुलासा https://t.co/LdRfCn8m35",NOT,NONE,0
hi_hasoc_2021_3713,रोहित सरदाना का शव कोविड पॉज़िटिव होने के बावजूद उसके गांव कुरुक्षेत्र भेज दिया जाता है। शहाबुद्दीन साहब की रिपोर्ट नेगेटिव होने के बावजूद भी आखरी दीदार का हक़ परिवार से छीनकर जनाज़ा सिवान नही भेजा जाता। ये है असली इस्लामोफोबिया 😡 #Islamophobia_in_india  #JusticeForShahabuddin,NOT,NONE,0
hi_hasoc_2021_700,5 ट्रिलियन की #Economy का सपना दिखाने वाले आपको #वैक्सीन नहीं दिलवा पा रहा है। #ModiKaVaccineJumla https://t.co/mVwn8aRsj2,NOT,NONE,0
hi_hasoc_2021_3521,@PypAyurved कया आप मोदी जी के लिए ये वाला टोनिक बना सकते हैं। आप की कृपा होगी।  #नरेंद्र_मोदी_ग्लोबल_पप्पू_है #Resign_PM_Modi  #ModisCrimeAgainstIndia https://t.co/obNwW4T5qU,NOT,NONE,0
hi_hasoc_2021_3185,रोहित सरदाना कोविड पॉजिटिव थे उनकी डेड बॉडी उनके शहर जाने की परमिशन दी जा सकती है...  मगर बिहार के पूर्व सांसद मोहम्मद शहाबुद्दीन जिनकी रिपोर्ट नेगेटिव थी... उनकी डेड बॉडी ना सिवान जाने दी गई ना परिवार को दी गई!!  क्यों??? #JusticeForShahabuddin #JusticeForShahabuddin,NOT,NONE,0
hi_hasoc_2021_240,#NoVoteForBJP  #NoVoteToBJP  #BoycottBJP #GoBackModi #PoMoneModi  #मोदी_परत_जा #नहीं_चाहिए_भाजपा  #BJPHataoDeshBachao  #BJP_भगाओ_देश_बचाओ #SuperSpreaderModi #ModiDisasterForIndia  #ResignModi #Resign_PM_Modi  #VaccineRegistration  #cowinregistration #Vaccine_और_MSP_दो https://t.co/Nu8BpMmlNA,NOT,NONE,0
hi_hasoc_2021_3103,कोरोना के आपातकाल पर रिपोर्टर परिमल कुमार की चंद पंक्तियां  #IndiaCovidCrisis https://t.co/r8TYDA0061,NOT,NONE,0
hi_hasoc_2021_1771,"@qarisohaibrjd ""शेर का एक दिन, गीदड़ के हज़ार सालों से बेहतर है"" - हज़रत टीपू सुल्तान (अलैरहमा) #JusticeForShahabuddin",NOT,NONE,0
hi_hasoc_2021_1601,Cummins_O_Cummins...  #ResignHarshvardhan #Resign_PM_Modi #कृषि_कानून_रद्द_करने_पड़ेंगे #रोजगार_नही_तो_सरकार_नही https://t.co/c3TT4bkIKY,NOT,NONE,0
hi_hasoc_2021_3577,"आक से 18+ के लोगो को कोरोना का टीका लगना शुरू ""सिर्फ TV पर""  #CoronaVaccine #ModiKaVaccineJumla",NOT,NONE,0
hi_hasoc_2021_6084,@nehrujee_ @RoflEpicDon @StandwithShruti @IncNobody @PapitaFokat @Jhon__The__Don_ @babamastram @Bjp4Parody @Anjana_Modi_ @Amrk93 मोदी तुम इस्तीफा दो हम तुम्हारे साथ है #ResignModi  #Resign_PM_Modi  #ModiHataoDeshBachao https://t.co/spsvPTov8W,NOT,NONE,0
hi_hasoc_2021_3696,देश को corona से मरने के लिए छोड़ देने के बाद भी पार्टी नहीं जीत पायी है । घमंड और अहंकार की बली तो होनी ही थी पर बेचारी जनता और डाक्टर बिना oxygen के मरने मजबूर। #Resign_PM_Modi #ElectionResults2021 भक्तों का तर्क देख हँसी आती है । यही होता है जब पार्टी से बड़ा इंसान बना देते हो,NOT,NONE,0
hi_hasoc_2021_3298,"@brand_maratha TMC कि जीत पर वही लोग हंस रहे हैं जो पृथ्वीराज चौहान, राणा प्रताप, शिवाजी,भगत,सुखदेव, चंद्रशेखर आजाद, राजगुरू की #मौत पर हंसे थे ! सिर्फ पिढी बदली है ! #ShameOnMamata  #BengalBurning",NOT,NONE,0
hi_hasoc_2021_2640,Prayers for India 🙏🏽  भारत के लिए प्रार्थना bhaarat ke lie praarthan #IndiaCovidCrisis,NOT,NONE,0
hi_hasoc_2021_1626,"आप हमारे MP थे , MP रहेंगे  बहुत दुःख है कि आपको  सिवान नहीं आने दिया गया!😢  कोई बात नहीं हम सबर् कर लेंगे!  MP का जगह तो दिल्ली में ही होता है! और हम-सब का MP दिल्ली में ही सो रहा है 😭😢😰  #MISSYOUSHAHEB #JusticeForShahabuddin  #westandwithosamashahab",NOT,NONE,0
hi_hasoc_2021_3053,यूपी: कानपुर  #योगी_झूठा_है  बोल रहा है सब चंगा सी फिर ये क्या है  #देखिए_वीडियो   #UPCongressHelpDesk #UPGovt   #ModiKaVaccineJumla https://t.co/0EAHh9LWhm #25सांसद_लापता_है,NOT,NONE,0
hi_hasoc_2021_721,#ममता_खूनी_है   #IsupportModi   #राष्ट्रपति_जी_बंगाल_संभालो #CruelMamata #BengalBurning #ModiGovtSeNaHoPayega  Before Election         After Election          Hindu &amp; Muslim              Hindus https://t.co/lueZc4AVUg,NOT,NONE,0
hi_hasoc_2021_3349,किसपे विश्वास करे अब। #ModiKaVaccineJumla https://t.co/D9Vo9jEPog,NOT,NONE,0
hi_hasoc_2021_3493,"देश आज महिला शशक्ति पे जोर दे रहा है, लेकिन हमारे up बिहार में भोजपुरी संगीत के नाम पर फूहड़ गाने लड़कियों के नाम पर गया जाता है।कितना दुख होता है किसी परिवार को जब उसकी बहन बेटी के नाम से फूहड़ गाने बजते हैं। कृपया इसपे सोचकर उचित निर्णय ले🙏🙏 @officecmbihar  @myogiadityanath",NOT,NONE,0
hi_hasoc_2021_4226,आज के समय मे पशु का इलाज करवाना मतलब स्वयभगवान को बुलाना जो नामी सरकारीडॉक्टर हजारो की तनखा उसके बाद हजारो रुपये  लेते इलाज के उसके बाद भी कोई गरीबआदमी उनको बुला नही पता है कोई फोन लगाए तो वो बोलते एक जानवर के लिए मे नही आ सकता @JagdishDevdaBJP  @ChouhanShivraj  @OfficeofSSC,NOT,NONE,0
hi_hasoc_2021_3171,#ModiKaVaccineJumla जुमले वाले चले थे दुनिया को कोरोना से बचाने.. 1500000 जुमला था.. रामराज्य जुमला था... बेटी बचाओ.. trillion की economy.. रोजगार शिक्षा बस जुमले थे..  हुतिया बनाना असल mudda tha..,NOT,NONE,0
hi_hasoc_2021_667,"@UPPCLLKO @ptshrikant कॉलोनी अवैध है तो नगर निगम वहां से हाउस टैक्स कैसे वसूल कर रहा है ?  और हाउस टैक्स वसूल करने के लिए उसे LDA का प्रमाणित मानचित्र क्यों नहीं चाहिए? इस समस्या को विभाग नहीं सुलझा सकते ,इस समस्या को सरकार ही सुलझा   सकती है।",NOT,NONE,0
hi_hasoc_2021_1382,और #बंगाल में #कमिने बनना चाहते #नगिने!   #ममता के पार्टी मे जाकर https://t.co/LEHPPYKEQq,NOT,NONE,0
hi_hasoc_2021_37,@narendramodi                  मंदिर नहीं #इस्तीफा चाहिए !!!!                     #CentralVistaProject नहीं  #इस्तीफा चाहिए !!!! #मोदी_इस्तीफा_दो #Resign_PM_Modi #ModiMustResign,NOT,NONE,0
hi_hasoc_2021_2542,"If you behaved nicely, the communists wouldn't exist.  #कृषि_कानून_रद्द_करने_पड़ेंगे #ResignModi #FarmersProtest https://t.co/8oRBbJMMbh",NOT,NONE,0
hi_hasoc_2021_1009,सावधानी: इन सभी फर्जी खबरों को कौन किस मकसद से फैला रहा है और किस स्थिति में हिंसा भड़का रहा है। देश के दिग्गज क्या कर रहे हैं। वे विपक्ष को कसने में लगे हैं। #BengalViolence #BengalBurning #बंगाल_हिंसा #COVIDSecondWave #CruelMamata #fakenews #SpinelessBJP  #Bengalisburning https://t.co/gesflaJh1B,NOT,NONE,0
hi_hasoc_2021_1127,संसार में किसी भी देश को समझने के बहुत सरल उपाय होते है १ जमीन २ पानी ३ भोजन ४ फसल  ५ रहन सहन ६ पुष्प ७ जगल ८ पक्षी ९ भाषा १० नदी सागर ११ वृक्ष १२ जीव_जंतु १३ जानवर १३ शासक १४ प्रजा १५ स्पर्धा १६ गुरु १७ इतिहास १८ सीमा १९ सैनिक २० हथियार २१ शिक्षा आदि यह अच्छे देश की निशानी है https://t.co/Gk7RHJgTqm,NOT,NONE,0
hi_hasoc_2021_686,एक चोर गुंडा के मर जाने पर लोग जस्टिस मांग रहे हैं।  😂 होता है भाई आतंकवाद का भी धर्म होता है।  वो भी केवल एक ही धर्म से।  वो धर्म तो आपलोग जानते हीं हैं #JusticeForShahabuddin,NOT,NONE,0
hi_hasoc_2021_1026,Criticizing PM @narendramodi doesn't mean I don't support him.  We are just waiting for his action in Bengal.  #isupportmodi #IsupportModi #BengalBurning #बंगाल_हिंसा #बंगाल_में_राष्ट्रपति_शासन_नहीं_तो_वोट_नही #राष्ट्रपति_जी_बंगाल_संभालो https://t.co/ouQVkTcXRl,NOT,NONE,0
hi_hasoc_2021_2425,AAP JDU+BJP+RJD ने मिलकर रास्ते से हटवाया है|  #JusticeForShahabuddin https://t.co/UzAqKuSGhE,NOT,NONE,0
hi_hasoc_2021_2472,कानपुर में शवों का हाल देखिए #ModiKaVaccineJumla #YogiAdityanath #ModiResign #COVID19 #COVID19India https://t.co/2aldZlkRV6,NOT,NONE,0
hi_hasoc_2021_319,@kumapratyush @KrisNair1 कुत्ता भी जिस घर मैं खाता हैं  उसका वफादार होता हैं  ज़ितिन प्रसाद,NOT,NONE,0
hi_hasoc_2021_728,@KMSHARMA2018 @AapGiridih @HemantSorenJMM @BannaGupta76 ये वही बनना गुप्ता है कभी टैम्पू चलाने का काम टैम्पू यूनियन चलाने वाले है कया जमशेदपुर टाटानगर के है अवैध कब्जा में बहुत चर्चा में थे जब हम टाटा स्टील में थे बहुत सुना है,NOT,NONE,0
hi_hasoc_2021_1578,रोहित सरदाना का शव कोविड पॉज़िटिव होने के बावजूद उसके गांव कुरुक्षेत्र भेज दिया जाता है। शहाबुद्दीन साहब की रिपोर्ट नेगेटिव होने के बावजूद भी आखरी दीदार का हक़ परिवार से छीनकर जनाज़ा सिवान नही भेजा जाता। ये है असली इस्लामोफोबिया 😡 #Islamophobia_in_india  #JusticeForShahabuddin,NOT,NONE,0
hi_hasoc_2021_2017,कुछ नेकियों का क्रेडिट नही लेना चाहिए #JusticeForShahabuddin https://t.co/76e6tSW0rf,NOT,NONE,0
hi_hasoc_2021_1353,"@MamataOfficial @yadavtejashwi हम हिंदुओं को धरना नही, बदला चाहिए।  #BengalViolence #BengalBurning   https://t.co/74t3fjPDWb",NOT,NONE,0
hi_hasoc_2021_4767,आप सब लिखते रहिए जब तक ये हैशटैग नम्बर 1 ना पहुंच जाए.. #JusticeForShahabuddin,NOT,NONE,0
hi_hasoc_2021_1433,@nadera_anjum मोदी तुम इस्तीफा दो हम तुम्हारे साथ है #ResignModi  #Resign_PM_Modi  #ModiHataoDeshBachao https://t.co/spsvPTov8W,NOT,NONE,0
hi_hasoc_2021_1935,वैक्सीन लगवाने के बाद खुद को सुरक्षित कैसे रखें? बाबा रामदेव ने बताया   #CovidVaccine #Vaccination #ATVideo #Yoga https://t.co/AJA0lTp6Tm,NOT,NONE,0
hi_hasoc_2021_1125,Process of Making India “विश्वगुरु”।  #AatmanirbharBharat #AarogyaSetu #PMOIndia #RohitSardana #ModiResign #ModiKaVaccineJumla #25सांसद_लापता_है #COVIDEmergency #COVID19 https://t.co/WylxAgHv3d,NOT,NONE,0
hi_hasoc_2021_1459,Double mutant of #ChineseVirus 😲 Once modi said जिसको जो भाषा मे समझ आता है हम उसी भाषा मे जवाब देंगे।  Is this tit for tat ?? https://t.co/rmj2RBWryy,NOT,NONE,0
hi_hasoc_2021_3793,क्या साबुद्दीन का RJD ने लालू जी के बदले  सौदा किया  आपकी क्या राय है #JusticeForShahabuddin,NOT,NONE,0
hi_hasoc_2021_2849,@TimesNow @rajeev_mp @BagaiDr @ARanganathan72 @JhaSanjay ONCE IN A CENTURY  @narendramodi @PMOIndia  #मनहुस_मोदी का साया मेरे देश के ऊपर से हट जाएगा आर्मी सारा काम संभाल रही है दवाई ऑक्सीजन आदि भी तेरे राजनीति से मुक्त हो जायेगी सभी के अपने अकालमृत्यु मर रहे है  #ResignModi मानवता केलिऐ #Resign_PM_Modi देशभक्त हो तो,NOT,NONE,0
hi_hasoc_2021_3979,#बेटा अपने #बाप का #अक्स { Shadow } होता है   घबराओ नही #बाप अपने #बेटे को ख़ुद से #मज़बूत बना कर ही मरता है   #JusticeForShahabuddin @OsamaaShahab  @Aadakha21471997  @CSNadwi  @AbbasAnsari_786 https://t.co/BomSWAmb3Q,NOT,NONE,0
hi_hasoc_2021_2171,"ये तो सिर्फ झांकी है, बीजेपी की असली बर्बादी अभी बाकी है| #BJPMuktBharat #ResignModi",NOT,NONE,0
hi_hasoc_2021_1376,अल्लाह मरहूम शहाबुद्दीन साहब को जन्नतुल फिरदौस मे आला से आला मक़ाम अता फरमाऐ #JusticeForShahabuddin https://t.co/X6pO39lz0o,NOT,NONE,0
hi_hasoc_2021_3316,"#GodMorningWednesday  इसी प्रकार किसी वैश्या बेटी-बहन को प्रेरणा बनी है भक्ति करने की, सत्संग में आने की तो उसको परमात्मा पर विश्वास हुआ है। वह सत्संग विचार सुनेगी तो बुराई भी छूट जाएगी।",NOT,NONE,0
hi_hasoc_2021_2828,"तथाकथित महिलावादी डफली गैंग गलत का विरोध तो छोड़ो गलत ही करती हैं, और ऐसी निर्ममता और क्रूरता जेएनयू में साफ दिखाई देता है। जेएनयू में महिलावाद और लोकतंत्र का ढोलन पीटने वाली आज बंगाल में जाकर मौन है😡😡 #BengalBurning  #ShameOnMamata https://t.co/KnaMyGEctt",NOT,NONE,0
hi_hasoc_2021_4093,"@DtvBharat की मांग,फूहड़ भोजपुरी पर लगे लगाम, बिहार में लागू हो #भोजपुरी_पर_सेंसरशिप। @NitishKumar @yadavtejashwi @tarkishorepd @AshokChoudhaary @dralokranjanbjp @sanjayjaiswalMP https://t.co/GVvPn7GKlX",NOT,NONE,0
hi_hasoc_2021_562,७० साल जतन के ७ साल पतन के  #IndiaCovidCrisis,NOT,NONE,0
hi_hasoc_2021_1807,मावली विधायक @DharmNarayanUdr ने #CovidVaccine के लिए दिए 1 करोड़ #Udaipur #Corona https://t.co/WKy6x7m4y1,NOT,NONE,0
hi_hasoc_2021_312,Ye bhi thik h!!!! पक्का दोगला है साला😆😆 #JitinPrasada #जितिन_प्रसाद https://t.co/6PSFF3QN6B,NOT,NONE,0
hi_hasoc_2021_379,Osama Shahab ए भाई  तुम अकेले नही हो अल्लाह तुम्हारे साथ है-  हम सब आप के  साथ है #StandwithOsamaSahab #JusticeForShahabuddin,NOT,NONE,0
hi_hasoc_2021_2180,नी शब्द #ModiKaVaccineJumla,NOT,NONE,0
hi_hasoc_2021_2920,"इस देश में बहुसंख्यक हिंदू समाज ,मुख्यरूप से गरीब, उपेक्षित, दलित ,हमेशा से हाशिए पर रखे गए।इन्हें बदले में हमेशा से उत्पीड़न मिला। यह देश सिर्फ अपर क्लास वालों के लिए रहा। #BengalBurning",NOT,NONE,0
hi_hasoc_2021_677,"न खाऊंगा और न खाने दूंगा! अब ब्लैक मार्केट पर, Oxygen 70 हजार है और Remdesivir का इंजेक्शन केवल 1 लाख 80 हजार रुपये है! #COVID19 #LabourDay #CovidIndia #मजदूर_दिवस #india #Oxygen #COVID19India #ModiKaVaccineJumla  #ResignPMmodi #ResignModi  #MayDay #IndiaCovidCrisis #GodiMedia",NOT,NONE,0
hi_hasoc_2021_845,हिंदुओं अब कब जागोगे। आज नही तो कल यह आग तुम्हारे घरों तक जाएगी। यह आग यहीं नही रुकने वाली। #HinduGenocideBengal #HindusLivesMatter #SaveHinduFamiliesinBengal #BengalBurning #BengalViolence https://t.co/7Y4kTlY3lb,NOT,NONE,0
hi_hasoc_2021_5089,"क्यूँ न अब बेफिक्र होकर सोया जाए,  अब बचा ही क्या है जिसे खोया जाए 😭😭 निःशब्द हूँ ! 🙏🙏😭😭😭😭 #ResignModi https://t.co/M62OsabaUH",NOT,NONE,0
hi_hasoc_2021_3724,#नरेंद्र_मोदी_ग्लोबल_पप्पू #ResignPMmodi  #ExitModi,NOT,NONE,0
hi_hasoc_2021_1739,ज़िंदगी और मौत दोनों से डर रहे है। बंदे में कुछ तो ख़ास बात थी। इसलिए ही लाश देने से डर रहे है। #JusticeForShahabuddin,NOT,NONE,0
hi_hasoc_2021_672,@aflatoon391 मोदी तुम इस्तीफा दो हम तुम्हारे साथ है #ResignModi  #Resign_PM_Modi  #ModiHataoDeshBachao https://t.co/spsvPTov8W,NOT,NONE,0
hi_hasoc_2021_234,@abhishek_india1 @SHIFUJIJAIHIND @Rahul_IND1 @OmvaaniBjp @Gajjusay @TheDeepak2020In @ippatel @anil_baluni @UmeshRai_BJP Centre needs to deploy Army &amp; impose President's Rule to save West Bengal from Mamata's Khooni 'Khela Hobe' Direct Action Day Call. Jsr  #राष्ट्रपति_जी_बंगाल_संभालो #BengalBurning,NOT,NONE,0
hi_hasoc_2021_2115,हक की आवाज को मजबूत कीजिए एक बार फिर से लिखिए #JusticeForShahabuddin,NOT,NONE,0
hi_hasoc_2021_3799,"डरा रहे हैं जो भटकती आत्माओं से,  ख़ुदा बचाए हमें ऐसे रहनुमाओं से।  #ShahabuddinSaheb #JusticeForShahabuddin",NOT,NONE,0
hi_hasoc_2021_3251,@Sachin88617922 #ਕਿਸਾਨਮਜ਼ਦੂਰਏਕਤਾਜਿੰਦਾਬਾਦ #KisanMazdoorEktaZindabaad #Resign_PM_Modi #FarmLaws_NextPandemic  #5MonthsOfFarmersProtest  #KisanBole_NoVoteToModi  #5MonthsOfFarmersProtest  #आज_आक्सीजन_कल_रोटी_जायेगी #NoVoteTo_EvilModi #ModiHataoDeshBachao #FarmersProtest,NOT,NONE,0
hi_hasoc_2021_2901,ये बंदा ऑक्सिसन के  लिए ताड़पेगा तब उसको पता चलेगा  #ModiKaVaccineJumla,NOT,NONE,0
hi_hasoc_2021_2044,#TejashwiYadav फर्जी सेकुलरिज्म का पाठ पढ़ाना बंद करो। कोन कोन साथी ट्वीटर पे ट्रेंड करने के लिये तैयार है। 8:00 बजे @yadavtejashwi @OsamaShahab_  #JusticeForShahabuddin,NOT,NONE,0
hi_hasoc_2021_3740,"ऐ हिज्र वक़्त टल नहीं सकता है मौत का, लेकिन ये देखना है कि मिट्टी कहाँ की है।  #JusticeForShahabuddin",NOT,NONE,0
hi_hasoc_2021_1385,#बंगाल_हिंसा #SaveBJPKaryakartas  #BengalBurning  #TMCTerror  #BJP  #बंगाल_कश्मीर_बन_गया  #Bengal https://t.co/6seRBbUGRP,NOT,NONE,0
hi_hasoc_2021_3920,Coronavirus India Update: कोरोना से Narendra Modi के Varanasi में हालात ... https://t.co/yuDaFbci1E via @YouTube #ResignModi #ResignYogi #BjpDestroyedIndia #bjphataodeshbachao,NOT,NONE,0
hi_hasoc_2021_3687,@Amrk93 @sarcasticbro89 मोदी तुम इस्तीफा दो हम तुम्हारे साथ है #ResignModi  #Resign_PM_Modi  #ModiHataoDeshBachao https://t.co/spsvPTov8W,NOT,NONE,0
hi_hasoc_2021_741,सिर्फ 21 दिन के लिए मोदी घर पर बैठे और मनमोहन सिंह जी को वापस प्रधानमंत्री बना दे तो कोरोना से जंग जीत सकतें है ज और बैंक भी बिकने से बच जायेगी #resignModi  #DisinvestmentSCAM  #Stopprivatisation,NOT,NONE,0
hi_hasoc_2021_5154,@yadavtejashwi @RabriDeviRJD Mohammad Shahabuddin Allah apko jannat ata farmaye    #Shahabuddin  #JusticeForShahabuddin  #ओसामा_शाहबुद्दीन_उर्फ़_छोटा_शाहबुद्दीन  Former member of parliament sab yaad rakha jayega #boycottrjd  #boycottaap https://t.co/oMyegecUih https://t.co/zjQVeTDb0e,NOT,NONE,0
hi_hasoc_2021_1735,"ये धरना, चरखा चलाने से कुछ नहीं होगा। चरखा चलाने वाले ने चरखे से खूब टोपियां बनाई।। @narendramodi @AmitShah #BengalBurning #PresidentsRuleinBengal",NOT,NONE,0
hi_hasoc_2021_801,जो शहाबुद्दीन के साथ हैं वो इस ट्वीट को रीट्वीट करें और इस हैसटैग पर ट्वीट करें #JusticeForShahabuddin,NOT,NONE,0
hi_hasoc_2021_480,"@narendramodi @MamataOfficial ये सब क्या हो रहा है प्रधानमंत्री साहब? आपको बंगाल में राजनीतिक हिंसा के बारे में कुछ जानकारी है या नहीं,चुप क्यों बैठे हो? कांग्रेस सरकार समय में कश्मीर में हिंदुओं की जैसे नर संहार हुआ था,यही बात बंगाल में भी हो रही है।इसीलिए हिंदुओं ने आपको 303 सीट दिए थे क्या ? #BengalBurning https://t.co/DaEuy7ARqD",NOT,NONE,0
hi_hasoc_2021_4035,गजब के लोग हैं सत्ता और विपक्ष दोनों में धरना देते हैं  #BengalBurning,NOT,NONE,0
hi_hasoc_2021_68,"अरे चुप रहो तुम सब~मोदीजी से इतनी जलन क्यों है भाई..?  जीवित लोगों का तो बात ही छोड़ो, मरे हुए लोगों को भी आजकल बिल्कुल मुफ्त में टीका लग रहा है, मोदीजी के गुजरात में।  बड़े आए मोदीजी के विरोध करने वालों......... हुमममममममम #मुर्दा_मोदीजी_के_साथ_हैं 😎",NOT,NONE,0
hi_hasoc_2021_3131,"ये हुई ना बात ""जिन्हे अस्पताल ओ मे बेड नही मिल रहा है वो MP और MLA के घर मे जाकर डेरा डाले""    -किसान नेता #रोहित_सरदाना #ResignModi #BJP_MP_MLA_Missing #25सांसद_लापता_है #YogiJhootaHai https://t.co/CYr8mFJKq2",NOT,NONE,0
hi_hasoc_2021_3248,"@KhanAmanatullah मरहूम सहाबुद्दीन की लाश जैसे दिल्ली गेट ITO कब्रिस्तान मे सुपुर्द ए खाक हुई,❣️   Inshallah ऐसे ही बिहार में  लालू तेरी पार्टी को सुपुर्दे खाक करेगी बिहार की जनता #JusticeForShahabuddin",NOT,NONE,0
hi_hasoc_2021_2046,"#OxygenEmergency  दिल्ली हाईकोर्ट की केंद्र सरकार को खरी-खरी, कहा कि ""पूरा देश ऑक्सीजन के लिये रो रहा; लोगों की जानें जा रहीं, आप IIT और IIM को मैनेजमेंट दे दीजिये, वो आपसे बेहतर कर लेंगे।  #OxygenCrisis #ResignPMmodi #ModiMustResign https://t.co/ZRxygu6uPy",NOT,NONE,0
hi_hasoc_2021_451,जगह-जगह सोशल डिस्टैन्सिंग की धज्जियाँ उड़ाती भीड़!  #SocialDistancing #CovidVaccine #COVID19 https://t.co/shvpxVTYV4,NOT,NONE,0
hi_hasoc_2021_3281,"अलविदा शेर-ए-बिहार…  अल्लाह आपकी मग़फ़िरत फरमाए, आपको जन्नतुल फिरदौस में आला मकाम अता फरमाए और अहले खाना को सब्र जमील अता फरमाए. 🤲 #JusticeForShahabuddin https://t.co/RbIRpFYciK",NOT,NONE,0
hi_hasoc_2021_554,एक्शन का समय है और धरना दिया जा रहा है।  #CruelMamata  #SaveBJPKaryakartas  #BengalBurning   @JPNadda  @OfficeofJPNadda  @AmitShah  @HMOIndia  @sambitswaraj  @KailashOnline  @SuvenduWB  @DilipGhoshBJP,NOT,NONE,0
hi_hasoc_2021_753,हार जीत तो ठीक है मज़े की बात ये है साहब का बांग्लादेश के लिए आंदोलन कर जेल जाना बेकार हो गया 😜🙈  #JusticeForShahabuddin @narendramodi,NOT,NONE,0
hi_hasoc_2021_1092,"रोजी, रोटी, भूख का डर हर किसी को होता हैं परन्तु सबसे ज़्यादा डरती हैं वो वैश्या औरत, जिसे कच्ची उम्र में ज़्यादा तनख्वाह मिलने के बावजूद, सताता हैं उसे डर की एक दिन उसकी उम्र ढल जाएगी।  ~ दीपक कुमार सोनकर",NOT,NONE,0
hi_hasoc_2021_2178,हिंदुत्व की आड़ में जैसे अखिलेश ने आजम खान की मदद नहीं की। वैसे ही तेजस्वी ने शहाबुद्दीन की मदद नहीं की!  #JusticeForShahabuddin,NOT,NONE,0
hi_hasoc_2021_633,मैं भी। #JusticeForShahabuddin https://t.co/YRC80iHc1C,NOT,NONE,0
hi_hasoc_2021_258,"जुल्म के इस साये में जुवां खोलेगा कौन, अगर हम भी चुप रहे तो फिर बोलेगा कौन.😡 पश्चिम बंगाल का हिन्दू न्याय मांग रहा @narendramodi जी 🙏 #BengalBurning  #CruelMamata  @Kanchansinghch2 @santoshupbjp @KapilMishra_IND @KailashOnline @YogiDevnath2",NOT,NONE,0
hi_hasoc_2021_4148,गैंग्स ऑफ वसेपुर की याद आ रही है मरहूम शहाबुद्दीन सर का बेटा अगर सीवान में अफजल बन कर उभरा तो रामाधीर यादव की सियासत ज्यादा नहीं चलेगी #JusticeForShahabuddin  #JusticeForShahabuddin,NOT,NONE,0
hi_hasoc_2021_1975,याद रखना तेजस्वी हम भक्त नही है जब तुम पैजामा पहनना सीखे भी नही थे न तब साहब ने तुमहारी माँ को ताज पहनाया था भुल गए । हो ।  #Yadavtejeshvi #LaluPrasadYadav #rohniacharya #JusticeForShahabuddin,NOT,NONE,0
hi_hasoc_2021_861,हमे न्याय चाहिए हम रुकेंगे थमेंगे नही हम लड़ेंगे  #JusticeForShahabuddin,NOT,NONE,0
hi_hasoc_2021_3721,"कहाँ गए अभी अवार्ड वापसी गैंग।बंगाल में तुमलोगों को डर नहीं लग रहा है अब, ये सब देख कर।अब तो मुँह खोलो हाँ ये भारत में ही हो रहा है। @PMOIndia @narendramodi @AmitShah @JPNadda @BJP4India @BJYM @ZeeNews #BengalBurning   #BengalViolance https://t.co/Tc9nTIa7jd",NOT,NONE,0
hi_hasoc_2021_2,"Tough Questions Make Me Uncomfortable, Even If They Are Important For Country!!  #AndhBhakt #ResignPMmodi #ModiKaVaccineJumla #स्वास्थ्य_मंत्री_नदारद_है #Vaccine_enga_da_dei https://t.co/KLSBdPVL57",NOT,NONE,0
hi_hasoc_2021_1294,"@Dpwr30 @mkrtiwari_bjp “दर्द कहाँ तक पाला जाए, युद्ध कहाँ तक टाला जाए, तू भी है राणा का वंशज, फेंक जहाँ तक भाला जाए”  #BengalBurning",NOT,NONE,0
hi_hasoc_2021_2212,#bengalviolence Be careful everyone. Some unscrupulous people are posting these pictures on social media to spread tension in the state and the country.  #CovidIndia #COVIDEmergencyIndia #ममता_की_निर्ममता #SpinelessBJP #SpinlessBJP #बंगाल_हिंसा #COVIDEmergency   #BengalBurning https://t.co/s1A7UpaBju,NOT,NONE,0
hi_hasoc_2021_3827,पश्चिम बंगाल में भाजपा कार्यकर्ताओं और लोकतंत्र की हत्या के विरोध में आज पहाड़ी ज़िला में धरना प्रदर्शन किया गया।भाजपा कार्यकर्ताओं पर जो प्रहार हो रहा है हम सभी इस विपत्ति काल में बंगाल के कार्यकर्ताओं के साथ  है । #BengalBurning  #TMC_के_गुंडे https://t.co/cw9yVieYFF,NOT,NONE,0
hi_hasoc_2021_4266,मोदी तुम इस्तीफा दो हम तुम्हारे साथ है #ResignModi  #Resign_PM_Modi  #ModiHataoDeshBachao https://t.co/ogVecNq8bJ,NOT,NONE,0
hi_hasoc_2021_3983,"#CovidVaccine WHO ने चीन की पहली कोविड-19 वैक्सीन #Sinopharm को इमरेजेंसी में इस्तेमाल की मंजूरी दे दी है, यह गैर-पश्चिमी देशों की पहली और दुनिया की छठी #Vaccine है जिसे विश्व स्वास्थ्य संगठन से मंजूरी मिली है… #CoronaVaccine  @WHO @ChinaSinopharm  https://t.co/RFOXURPNbv https://t.co/f2BqCLJYv0",NOT,NONE,0
hi_hasoc_2021_1554,"कबीर परमेश्वर का रोगी व नारी के प्रति सम्मान कबीर साहेब ने बताया कि :- ""कुष्टी होवे संत बंदगी कीजिए।  हो वैश्या के विश्वास चरण चित्त दीजिए।।""",NOT,NONE,0
hi_hasoc_2021_1951,"अलविदा शेर-ए-बिहार…  अल्लाह आपकी मग़फ़िरत फरमाए, आपको जन्नतुल फिरदौस में आला मकाम अता फरमाए और अहले खाना को सब्र जमील अता फरमाए. 🤲 #JusticeForShahabuddin https://t.co/ZrPIu01ByM https://t.co/QMs43G9967",NOT,NONE,0
hi_hasoc_2021_6006,@news24tvchannel मोदी तुम इस्तीफा दो हम तुम्हारे साथ है #ResignModi  #Resign_PM_Modi  #ModiHataoDeshBachao https://t.co/spsvPTov8W,NOT,NONE,0
hi_hasoc_2021_3001,तबाही है मची हर ओर ... जीत जाने का काफी शोर दर्द फैला रहे घनघोर किनके हाथों में है ये डोर...? #BengalBurning https://t.co/OaCuykIZQp,NOT,NONE,0
hi_hasoc_2021_1498,#OPS #BanEVM #पुरानी_पेंशन_बहाल_करो #FarmersProtest #SpeakUpForFarmers #StopPrivatization #ModiMadeDisaster #NPS_भारत_छोड़ो #NPS_QUIT_INDIA #NPSनिजीकरणभारतछोड़ो #OPS_कर्मचारी_का_अधिकार #NPSनिजीकरणकेख़िलाफ़_इंक़लाब #स्वास्थ्य_क्षेत्र_मे_बजट_बढ़ाओ #Resign_PM_Modi #Vaccine_और_MSP_दो https://t.co/ItlYmhvlPU,NOT,NONE,0
hi_hasoc_2021_2398,बिलकुल सही कहदिया यार 🙏🤭👍 #ResignPMmodi आख़री बार मोदीजी लोगोंकी मनकी बात सुनलीजिये प्लीज 🙄 @PMOIndia https://t.co/HDo5ty59ap,NOT,NONE,0
hi_hasoc_2021_3860,निकालना तो  बंगलादेशी घुसपैठियों को था  पर पलायन मेरे हिंदू परिवार कर रहें है !!! #BengalBurning #BengalViolence,NOT,NONE,0
hi_hasoc_2021_2551,अखिलेश कौन सा दूध के धुले है 👍 जितना योगी भाजपा गुनाहगार है 👌  उससे ज्यादा अखिलेश यादव ...😢 भूल गए या भाजपा सपा IT सेल ...👌👍 इसने शिक्षा मूत्र प्रेम में क्या दोगला व्यवहार किया  क्या इसने अपने मुहह से बीएड UPTET 2011 का नाम तक लिया? #BEdTET2011_से_किया_वादा_निभाइए https://t.co/Uw3YKEN3AI,NOT,NONE,0
hi_hasoc_2021_3583,"वाह व्यवस्था!  अब कुछ बोलेंगे तो कहेंगे कि बोलता है... अरे चुप कैसे रहें भइया ये सब देखकर... लगे रहो @Journoaatmiya @real_hemendra  कम से कम तुम लोग तो चरण वंदना में नहीं जुटे हो, नहीं तो बाकियों का क्या ही कहना.... @SanjayAzadSln @manish_sisodiya https://t.co/IFrOY0DoXW",NOT,NONE,0
hi_hasoc_2021_3347,#OPS #BanEVM #पुरानी_पेंशन_बहाल_करो #FarmersProtest #SpeakUpForFarmers #StopPrivatization #ModiMadeDisaster #NPS_भारत_छोड़ो #NPS_QUIT_INDIA #NPSनिजीकरणभारतछोड़ो #OPS_कर्मचारी_का_अधिकार #NPSनिजीकरणकेख़िलाफ़_इंक़लाब #स्वास्थ्य_क्षेत्र_मे_बजट_बढ़ाओ #Resign_PM_Modi #Vaccine_और_MSP_दो https://t.co/mOBtJEyaLR,NOT,NONE,0
hi_hasoc_2021_833,"पहले बर्मा से रोहिंग्या और  बांग्लादेश से घुसपैठिये आए ,,,, फिर चीन से कोरोना आया  पाकिस्तान से टिड्डियाँ,, हे भगवान ऐसे हरामी पड़ोसी देश तो क्या ,,  किसी को ना दे ।।",NOT,NONE,0
hi_hasoc_2021_1176,मेरे कार्यकर्ता मैं जवाबदार।। @BJP4Bengal @BJP4India @narendramodi @AmitShah @rajnathsingh @nitin_gadkari  #BangalBurning #TMCViolence #BengalBurning #BengalInFlames,NOT,NONE,0
hi_hasoc_2021_272,#SuperSpreaderModi #ModiDisasterForIndia  #ResignModi #Resign_PM_Modi  #VaccineRegistration  #cowinregistration #KindAttnPMNarendraModi #किसानों_का_मोदी_को_धोबीपटका   A series of decisions 🤨 https://t.co/tFzpKKXips https://t.co/SsJQEAW6eM,NOT,NONE,0
hi_hasoc_2021_2269,जिस #WuhanVirus ने समूचे विश्व को नरक बना डाला आज वहीं जश्न हो रहा है। ये जश्न क्यूँ दुनिया को नरक बनाने के लिए ? #ChineseVirus https://t.co/b0uV4Kq3Ks,NOT,NONE,0
hi_hasoc_2021_4142,@Jain_Anuj81 @Runjhunsharmas जैसे सरकार ने कहा है शादी में 50 लोगों से ज्यादा शामिल नही हो सकते तो क्या वोट डालने वालों के लिए भी ये नियम लागू है या फिर चुनावी जुमला ?  #CovidResources #BengalElections2021 #ModiKaVaccineJumla #Agartala #ArvindKejriwal #AFC @Jain_Anuj81 #IndiaFightsCorona #OxygenCrisis,NOT,NONE,0
hi_hasoc_2021_2608,#SuperSpreaderModi #ModiDisasterForIndia  #ResignModi #Resign_PM_Modi  #VaccineRegistration  #cowinregistration #KindAttnPMNarendraModi #किसानों_का_मोदी_को_धोबीपटका https://t.co/KqcO6MLv2q,NOT,NONE,0
hi_hasoc_2021_2784,"कृप्या अंधभक्तो से बहस न करे🙏🏻 वो अगर कहता है कि  ""हाथी उड़ता है"" तो आप भी कहे कि हां आज हमारे घर के तार  पर बैठा था..!😆 #ModiHataoDeshBachao #ModiGovtSeNaHoPayega #modioxygendo #ModiKaVaccineJumla #ModiResign #modi_rojgar_do #BJPFailsIndia #KisanMazdoorEktaZindabaad",NOT,NONE,0
hi_hasoc_2021_992,"कौआ अगर नाच दे तो मोर नहीं होता, और हर दाढ़ी बढ़ानेवाला रविन्द्रनाथ टैगोर नहीं होता! #WestBengalElections2021    #MamataBanerjee #ResignPMmodi #WestBengalElections2021 #WestBengalPolls #ModiMustResign #KhelaHobe #didi_o_didi #mondaythoughts #KindAttnPMNarendraModi #COVID19",NOT,NONE,0
hi_hasoc_2021_639,@sakshijoshii @IYC @srinivasiyc मोदी तुम इस्तीफा दो हम तुम्हारे साथ है #ResignModi  #Resign_PM_Modi  #ModiHataoDeshBachao https://t.co/spsvPTov8W,NOT,NONE,0
hi_hasoc_2021_2462,"सरदाना की मौ""त का बदला, कहीं शहाबुद्दीन से तो नहीं लिया गया है..? मर'ने से पहले मौ'त की खबर वायरल..? क्या साजिश के तहत इनकी ह""त्या की गई..? #JusticeForShahabuddin  @007ShoaibAnsari https://t.co/HadM3yLm5d",NOT,NONE,0
hi_hasoc_2021_1065,@ATULKUM76136165 @Bhagwa_Sherni22 मेरा दिखावे के हिंदू भाइयों से विनम्र विनती है कि अपनी छोटी मानसिकता और फूहड़ शब्दों से दूसरे धर्म के लोगों की नजर में सनातन धर्म को बदनाम करना बंद करें  प्लीज,NOT,NONE,0
hi_hasoc_2021_544,"@ZeeNews @AmanChopra_ @SuPriyoBabul अगर धरना देने से सब सही हो जाता तो..  कुरुक्षेत्र में भी ""श्री कृष्ण"" जी ""अर्जुन"" को यही सलाह देते..। 😡😡😡  #BengalBurning  #BengalViolence  #KhooniKhela  #WestBengalViolence",NOT,NONE,0
hi_hasoc_2021_2809,आज पूरे इंडिया को समझ में आ गया है कि सिस्टम कप प्लेट धोने लायक ही था। 😉😀  #ModiKaVaccineJumla https://t.co/bS50ju59GU,NOT,NONE,0
hi_hasoc_2021_3449,"हम आतिशे सोज़ां में भी हक़ बात कहेंगे, कुंदन  की  तरह  दहर  में  ताबिंदा रहेंगे ! तारीख़ बताती है कि हर दौर-ए-सितम में, हम ज़िन्दा थे,हम ज़िन्दा हैं,हम ज़िन्दा रहेंगे ! ~अज्ञात  #JusticeForShahabuddin https://t.co/6la7QLbNve",NOT,NONE,0
hi_hasoc_2021_643,"""Lighting a fire in China VS lighting a fire in India."" But i think this should have been their caption-"" एक ओर इंसानियत जल रही है, वहीं एक ओर शव...।  #IndiaCovidCrisis #shameonchina #weibo https://t.co/Eu5YTcxdXi",NOT,NONE,0
hi_hasoc_2021_3872,ममता की मुस्लिम सांसद Nusrat Jahan का बड़ा खुलासा शादी अवैध तो क्या Mamat... https://t.co/BtLHSPQkze via @narendramodi @PMOIndia @narendramodi177 @BJP4Bengal @BJP4Delhi @AmitShah @rajnathsingh,NOT,NONE,0
hi_hasoc_2021_4273,#नरेंद्र_मोदी_ग्लोबल_पप्पू #Resign_PM_Modi  plz tweet .... make it in trending,NOT,NONE,0
hi_hasoc_2021_2534,"मैने ना सुना , मैंनें ना देखा, मुझे क्या पता आग कौनसी बस्ती में लगी हैं। #मोदी_इस्तीफा_दो #मोदी_भाषण_रोको_आक्सीजन_नहीं  #ModiResign #ModiResignOrRepeal #ModiKaVaccineJumla #ModiMadeDisaster #OxygenCrisis #OxygenCylinders https://t.co/mVxrLXsGI8",NOT,NONE,0
hi_hasoc_2021_1753,"अवैध कब्जा कर नमाज पढ़ने का प्रयास किया, गांव के निवासी आदिवासियों ने उन्हें जमीन पर कब्जा करने से मना किया परंतु शांतिदूत नहीं माने और समझाने बुझाने आए आदिवासियों से ही हाथापाई पर उतारू हो गए,",NOT,NONE,0
hi_hasoc_2021_1083,मशहूर शायर इमरान प्रतापगढ़ी @ShayarImran भाई दीन दयाल उपाध्याय अस्पताल दिल्ली ओसामा साहब का साथ देने उनके पास पहुंच गये हैं हिना सहाब और ओसामा साहब से दिल्ली पुलिस बात कर रही है इमरान भाई आपकी यही मोहब्बत आपको लोगों के दिलों में बिठाती हैं । #JusticeForShahabuddin,NOT,NONE,0
hi_hasoc_2021_2070,"@ShilpaBhartiy लालु जैसे नेता शेर तब बनते हैं  ""जब"" उनके पीछे ""शहाबुद्दीन"" जैसा सवा शेर होता है!🔥#justiceforshahabuddin",NOT,NONE,0
hi_hasoc_2021_3668,ट्विटर पर नही बल्कि खुल कर @yadavtejashwi सहित @RJDforIndia का कोई भी नेता ‘राजकीय सम्मान के साथ अन्तिम संस्कार’ के लिए माँग क्यूँ नहीं किया ? 👉#JusticeForShahabuddin https://t.co/9XvIFgSprV,NOT,NONE,0
hi_hasoc_2021_1950,कोविड-19 के संक्रमण से बचने का नया पासवर्ड आप भी याद रखें और दूसरों को भी बताए। @JharkhandCMO  @BannaGupta76  @MoHFW_INDIA  @prdjharkhand @DrJatashankarC1  @prdpalamu  @IprdPalamu #COVID19India #CovidVaccine #COVIDEmergencyIndia https://t.co/9K26392EcP,NOT,NONE,0
hi_hasoc_2021_1168,जो ताउम्र सबको उनका हक दिलाता रहा आज वो अपने हक की दो गज जमीं ना पा सका 😔              #JusticeForShahabuddin,NOT,NONE,0
hi_hasoc_2021_3554,@yadavtejashwi वाह तेजस्वी भाई वाह क्या खूब इलाज करवाया है ddu मे एम्स  मे क्यो नही ले जाया गया आपके पार्टी के लिए क्या नही किया था उनहोंने  ! बहुत गन्दी पॉलिटिक्स करते हो जनता कभी भी माफ नहीं करेगी आपको  #JusticeForShahabuddin  #ShahabuddinSaheb  #systemjaanlewa,NOT,NONE,0
hi_hasoc_2021_2826,रोहित सरदाना की दिल्ली में कोरोना से मृत्यु के उपरांत शव का उनके पैतृक गांव कुरुक्षेत्र में ससम्मान अंतिम संस्कार हो सकता है तो शहाबुद्दीन साहब के अंतिम संस्कार के लिए उनके शव को गांव ले जाने की अनुमति नही देना कहाँ का इंसाफ है....? #JusticeForShahabuddin,NOT,NONE,0
hi_hasoc_2021_1328,#ResignModi #YogiJhootaHai  #CovidIndia #Bengal  #PrayForFarmersVictory #justice_for_rupa_tirkey  #देश_ऑक्सीजन_मांगता_है https://t.co/yZCbK3FCjU,NOT,NONE,0
hi_hasoc_2021_1090,हक की आवाज को मजबूत कीजिए एक बार फिर से लिखिए #JusticeForShahabuddin,NOT,NONE,0
hi_hasoc_2021_4072,रूस की स्पुतनिक लाइट सिंगल डोज वाली वैक्सीन होगी जिसका उत्पादन भारत में किया जाएगा. इस वैक्सीन को 79.4 फीसदी कारगर बताया जा रहा है. #SputnikLight #CovidVaccine #COVID19 https://t.co/ZRW2EQi6H2,NOT,NONE,0
hi_hasoc_2021_2614,उत्तर प्रदेश और महाराष्ट्र में कोरोना का कहर जारी    @ShivendraAajTak @saurabhv99  #UttarPradesh #Maharasthra #Coronavirus #CovidVaccine https://t.co/HPkUOYW1x4,NOT,NONE,0
hi_hasoc_2021_387,आयेगा तो मोदी ही। @AnupamPKher 😂😂😂 #ResignPMmodi https://t.co/UGXAIjBBzm,NOT,NONE,0
hi_hasoc_2021_3937,"अब ना दीदी बाहर निकलेंगी ना ही दाढ़ी वाले बाबा। अब चारों तरफ सिर्फ अर्थियां निकल रही हैं। 2 मई भी बीती.. 3 मई बीत रही है। ""दोनों"" नतीजे सबके सामने है। क्या किसी के लिए ये जश्न की बात है?? #BengalElection2021  #AatmanirbharBharat  #नेता_लापता  #IndiaCovidCrisis https://t.co/L6U6rfgdX7",NOT,NONE,0
hi_hasoc_2021_3475,"आपलोग ने कुछ नहीं चाहा ,चाहते तो बहुत कुछ हो जाता विधायक जी! सब याद रखा जायगा! #गद्दार_RJD #JusticeForShahabuddin https://t.co/wcZDpbxnoy",NOT,NONE,0
hi_hasoc_2021_41,कमाल है हरे भरे पेड़ काटकर सिलेंडर में सांस ढूंढ़ता है ?? इंच-इंच जगह हथियाने के बाद अस्पताल में  खाट ढूंढता है?? #CovidVaccine #COVID19 #V_Positive✌️ #lockdown2021 #savetreesavelife 🪵 #SaveCommunityOfHuminity 🙏 https://t.co/nediFTXOaH,NOT,NONE,0
hi_hasoc_2021_3523,"""सामाजिक दूरी बना के रखनी होगी. बच्चों को सुरक्षित रखने के लिए उनको घर में ही रखना है"": डॉ विवेक गोस्वामी, बाल रोग विशेषज्ञ, फोर्टिस  #Coronavirus #COVID19 #CovidVaccine https://t.co/yyyKfDmMEs",NOT,NONE,0
hi_hasoc_2021_2657,@yadavtejashwi आज साहब का परिवार अकेला है राजद ने उनके हाल पर छोड दिया है इसका अंजाम भुगताना पडेगा राजद पार्टी को #JusticeForShahabuddin #BycottRJD,NOT,NONE,0
hi_hasoc_2021_3290,"वैक्सीनेशन से आप भी सुरक्षित, आपका परिवार भी सुरक्षित…!  वैक्सीन ज़रूर लगवायें!!  #CovidVaccine  #COVID19  #COVIDSecondWave",NOT,NONE,0
hi_hasoc_2021_1594,"#KabirSahib_Ke_Dohe  💫कुष्टी हो संत बंदगी कीजिए। जे हो वैश्या को प्रभु विश्वास, चरण चित दीजिए।। यदि किसी भक्त को कुष्ट रोग है और वह भक्ति करने लगा है तो उससे घृणा न करे। उसको प्रणाम करे। उसका हौंसला बढ़ाना चाहिए। भक्ति करने से उसका जीवन सफल होगा, र #KabirPrakatDiwas 24 June 2021 https://t.co/mGuchPcPyP",NOT,NONE,0
hi_hasoc_2021_1422,क्या साबुद्दीन का RJD ने लालू जी के बदले  सौदा किया  आपकी क्या राय है #JusticeForShahabuddin,NOT,NONE,0
hi_hasoc_2021_2150,@chitraaum #BengalBurning में सो रही हो क्या। लेकिन ये याद रखना तुम्हारा भी नम्बर आएगा एक दिन। अगर तुम हिंदू हो तो। https://t.co/mYWolHHqBy,NOT,NONE,0
hi_hasoc_2021_536,इंसान इतना महान हो चुका था कि आज खुद को बचाने के लिए कुदरत से मुंह छुपाना पड़ रहा है! #COVIDSecondWaveInIndia  #covid #pandemic  #CovidVaccine https://t.co/0kLUKdsE8P,NOT,NONE,0
hi_hasoc_2021_3135,#ModiKaVaccineJumla #ModiResign #IndiaFightsCorona #PMCaresFund_का_हिसाब_दो #PMDoesNotCare https://t.co/KFMSCaLRir,NOT,NONE,0
hi_hasoc_2021_3504,Avesh khan success story- सडक किनारे गुमटी लगाकर पान बेचने वाले का बेटा आईपीएल में कमाल कर रहा है - #IPL #IPL2021live #aveshkhan #IPLSchedule #TeamIndiaVsCovid #DelhiCapitals #DelhiCovid #aveshkhan #ipl2021cdp #IndiaCovidCrisis #cricket     https://t.co/EsAkPLl53d,NOT,NONE,0
hi_hasoc_2021_4351,This Bengal election is just the starting and Modi will lose in all states.  FARMERS are winning. #ResignModi #Resign_PM_Modi #ExitModi #CoronaSecondWave #KindAttnPMNarendraModi #BanEVM_SaveDemocracy #किसानों_का_मोदी_को_धोबीपटका https://t.co/i7L7kUCFNm,NOT,NONE,0
hi_hasoc_2021_1899,"अलविदा शेर-ए-बिहार…  अल्लाह आपकी मग़फ़िरत फरमाए, आपको जन्नतुल फिरदौस में आला मकाम अता फरमाए और अहले खाना को सब्र जमील अता फरमाए. 🤲 #JusticeForShahabuddin https://t.co/MdFNGCUPhu",NOT,NONE,0
hi_hasoc_2021_1501,"@RamanDhaka आज इस नए दौर की महाभारत में जनतंत्र का अभिमन्यु बचेगा क्या? बुरी तरह घिरा है वह साम्प्रदायिकता के चक्रव्यूह   ताक़त समेटे बड़े-बड़े महारथी तत्पर हैं अभिमन्यु का वध करने को,  #IndiaFightsCOVID19 #IndiaCovidCrisis",NOT,NONE,0
hi_hasoc_2021_4903,"उपरोक्त सभी आर्टिकल बस एक कल्पना है सच्चाई से इसका कोई लेना देना नही है,  कृपया इसे सोचे समझें और नजरअंदाज़ कर दें।  #JusticeForShahabuddin",NOT,NONE,0
hi_hasoc_2021_400,"@SonuSood @CryptoRelief_ @roundtableindia @HothurGivesBack @SoodFoundation मध्यप्रदेश के छतरपुर जिले के बक्सवाहा में 2.15 लाख पेड़  और अनगिनत जानवर कुछ हीरों के लिए काटे जाने वाले है, बचाने के लिए जुड़े। #SaveBuxwahaForest #SavePannaForest #बकस्वाहा_जंगल_बचाओ_अभियान https://t.co/OnCqwlnbLI",NOT,NONE,0
hi_hasoc_2021_3375,"@janardanmis नुसरत जहां ने अपनी शादी को अवैध बताया, क्योंकि शादी तुर्की में हुई थी, इंडिया में मान्य नहीं है। इस हिसाब से तो अल्लाह भी सऊदी में पैदा हुआ था इंडिया में नहीं, तो वह भी मान्य नहीं है...!!!! 😜😂😂",NOT,NONE,0
hi_hasoc_2021_936,@p_sahibsingh @MamataOfficial मेरी भगवान से यही प्रार्थना है कि एक एक दर्द का हिसाब हो @MamataOfficial से। #BengalBurning #Bengalisburning #BengalViolance #BengalViolenceWarrantsSternAction #bengalgenocid #ArrestMamataBanerjee #MamtaisTerrorist,NOT,NONE,0
hi_hasoc_2021_5082,@_garrywalia @SPatel_Indian मोदी तुम इस्तीफा दो हम तुम्हारे साथ है #ResignModi  #Resign_PM_Modi  #ModiHataoDeshBachao https://t.co/spsvPTov8W,NOT,NONE,0
hi_hasoc_2021_1527,#OPS #BanEVM #पुरानी_पेंशन_बहाल_करो #FarmersProtest #SpeakUpForFarmers #StopPrivatization #ModiMadeDisaster #NPS_भारत_छोड़ो #NPS_QUIT_INDIA #NPSनिजीकरणभारतछोड़ो #OPS_कर्मचारी_का_अधिकार #NPSनिजीकरणकेख़िलाफ़_इंक़लाब #स्वास्थ्य_क्षेत्र_मे_बजट_बढ़ाओ #Resign_PM_Modi #Vaccine_और_MSP_दो https://t.co/BwI7J7zLAs,NOT,NONE,0
hi_hasoc_2021_2935,"@kishanganj_RJD @RJDforIndia @TwitterGov @bihar_police @cyberabadpolice @Uppolice @Siwan_Rjd @katihar_RJD @ArariaRjd @AlokMehtaMP @manojkjhadu @NehaBishwas @jainendrakumar @TwitterSafety *ओसामा साहब ने सिर्फ उस ट्वीट और ट्विटर अकाउंट को फर्जी बताया है ना कि राजद का पक्ष लिए और ना की राजद का गुणगान किये है, संयम रखिए जल्द ही सब कुछ सामने आएगा।* #JusticeForShahabuddin",NOT,NONE,0
hi_hasoc_2021_2989,@AliAlmoosavi @NarovaKunjarova @BJP4India @COVIDNewsByMIB Absolutely correct Malik #ResignPMmodi  #PMCaresFund_का_हिसाब_दो  #PMResign  #IndiaNeedsOxygen  #IndiaCovidCrisis #BjpDestroyedIndia  #BJPFailsIndia,NOT,NONE,0
hi_hasoc_2021_883,हीरो हो गया अब तो तू।।गुंडागर्दी करता है खुद भोजपुरी समाज को गन्दा बनाया गाना गा के तब नही सोचा महोदय ने।काजल प्रिया कल्लू क्या क्या नाम लेके गाना गाते वक़्त नही सोच अब तो हम बॉयकॉट ओर ब्लॉक करेंगे तुम जैसे फूहड़ गायक को।कर न केस मेरे पे कितनो पे केस करेगा अहिरा।@khesariLY,NOT,NONE,0
hi_hasoc_2021_1969,फेकू का एक जुमला #ModiResign  #ModiKaVaccineJumla https://t.co/e1oFeG9Huk,NOT,NONE,0
hi_hasoc_2021_290,"देश में सक्रिय मामलों की कुल संख्या 36,45,164 है और डिस्चार्ज हुए मामलों की कुल संख्या 1,76,12,351 है।  देश में पिछले 24 घंटे में कोरोना वायरस की 23,70,298 वैक्सीन लगाई गईं, जिसके बाद कुल वैक्सीनेशन का आंकड़ा 16,49,73,058 हुआ। #CovidVaccine  #COVID19India",NOT,NONE,0
hi_hasoc_2021_692,@jtnladakh @BJP4India जो पार्टी अपने ही कार्यकर्ताओं की सुरक्षा सुनिश्चित नहीं कर सकती वो आम जनता की सुरक्षा क्या खाक करेगी। तो आओ लोगों के पास दो ही रास्ते बचे है या तो चुड़िया पहन के घर में हिजड़ों की तरह पड़े रहो या फिर बंगाल में जो हो रहा है उसके खिलाफ कोई सख्त कदम उठाओ। #BengalBurning,NOT,NONE,0
hi_hasoc_2021_3909,"देख को बंगाल की लोगों, खुले आम धमकी मिल रही है तुम्हें अपने ही देश में। बात अब हाथ से निकल चुकी है। #BengalBurning #BengalViolence https://t.co/BhfXIuhOXB",NOT,NONE,0
hi_hasoc_2021_1781,#OPS #BanEVM #पुरानी_पेंशन_बहाल_करो #FarmersProtest #SpeakUpForFarmers #StopPrivatization #ModiMadeDisaster #NPS_भारत_छोड़ो #NPS_QUIT_INDIA #NPSनिजीकरणभारतछोड़ो #OPS_कर्मचारी_का_अधिकार #NPSनिजीकरणकेख़िलाफ़_इंक़लाब #स्वास्थ्य_क्षेत्र_मे_बजट_बढ़ाओ #Resign_PM_Modi #Vaccine_और_MSP_दो https://t.co/o1Cp0HoCJo,NOT,NONE,0
hi_hasoc_2021_3879,ईजी न्यूज पर खबरें तो आसानी से मिलती रहेंगी लेकिन क्या पूरा देश  लॉकडाउन लगाए बिना आसानी से कोरोना की इस जंग को जीत पाएगा?  #COVIDEmergencyIndia #IndiaCovidCrisis #IndiaFightsCorona,NOT,NONE,0
hi_hasoc_2021_2699,@rajesh_inc @RahulGandhi @priyankagandhi @INCIndia @INCUttarPradesh @ashokgehlot51 @MukulWasnik @BhupinderSHooda उत्तर प्रदेश में एक संयुक्त ब्राह्मण संघ की जरूरत है 12 ब्राह्मणों का एनकाउंटर कर दिया गया 50लाख  युवा ब्राह्मण बेरोजगार हैं कई बेगुनाह जेल में है ब्राह्मणों के मंदिर मठों पर रसूख जाटों का अवैध कब्जा खेती की जमीन पर अवैध कब्जा हो रहा है कोई सुनवाई नहीं संगठन जरूरी है,NOT,NONE,0
hi_hasoc_2021_6019,At least didi doing what she is known for...clear stand for ideology of TMC.. What happened to Modi ji...stop thinking for noble prize sir... अगर धरना देने से समस्या का समाधान होता तो श्री कृष्ण महाभारत की जगह धरना देते. #BengalBurning #TMCViolence #MamtaBanerjee #BengalBurning,NOT,NONE,0
hi_hasoc_2021_364,"बुलबुल को बागबां से न सैयाद से गिला, किस्मत में कैद लिखी थी फसल-ए-बहार में… दिन ज़िन्दगी खत्म हुए शाम हो गई, फैला के पांव सोएंगे कुंज-ए-मज़ार में… कितना है बदनसीब 'ज़फर' दफ्न के लिए, दो गज़ ज़मीन भी न मिली कू-ए-यार में… #ShahabuddinSaheb #JusticeForShahabuddin https://t.co/62iVAETOkI",NOT,NONE,0
hi_hasoc_2021_2653,सीवान के जो नेता शहाबुद्दीन के नाम पर अब तक वोट बटोर रहे हैं वो कहाँ हैं क्या उनका ज़मीर बिल्कुल मर गया Osama Shahab के साथ उनको मज़बूती से खड़ा होना चाहिये #RJDSpeak4Shahabuddin #JusticeForShahabuddin #JusticeForShahabuddin,NOT,NONE,0
hi_hasoc_2021_497,@Chee_Newz मोदी तुम इस्तीफा दो हम तुम्हारे साथ है #ResignModi  #Resign_PM_Modi  #ModiHataoDeshBachao https://t.co/spsvPTov8W,NOT,NONE,0
hi_hasoc_2021_2406,वेक्सीन सम्बधित पूरी जानकारी  #COVIDVaccination #CovidVaccine  #MaskUp  #safetyfirst https://t.co/rXmfxSSyaP,NOT,NONE,0
hi_hasoc_2021_4179,@free_thinker #Hindus DYING #HindusLivesMatter   #KindAttnPMNarendraModi  #coronasecondwaveinindia #ModiMadeDisaster #ResignModi    #BJP #RSS LIARS   I WARNED 2 YRS BACK #RSSTerrorists BANNED BY SARDAR PATEL IGNORED  #शेर_नहीं_भेड़िया_पाल_लिया_भक्तो  #MautKaSaudagar,NOT,NONE,0
hi_hasoc_2021_4129,अगली बार नेताजी आयें तो पूछना कि अच्छे अस्पताल कब बनवाओगे?या फिर हमें बाँट के जीत जाओगे?#ModiKaVaccineJumla #ArrestPChidambaram #RishiKapoor #RohithSharma #Hitman #500DaysOfAmaravatiProtests #FarmLaws_NextPandemic #HappyBirthdayRohit #RIPKVAnand #IndiaCovidCrisis #ModiMustResign https://t.co/nwfWuMlo1X,NOT,NONE,0
hi_hasoc_2021_2430,Loud Abhay Dubey : कोंग्रेस कैसे बनी देश की सबसे बड़ी विपक्षी दल और कहाँ... https://t.co/VCHExkoNw8 via  @YouTube #AndhBhakt #ModiKaVaccineJumla #ResignPMmodi #SaavdhanVishram #MaharashtraDay #KisanMazdoorEktaZindabaad  @ArvindKejriwal @AmitShah @MamataOfficial @IYC @PMOIndia,NOT,NONE,0
hi_hasoc_2021_2111,@mumbaikkar @common000786 @ChottuBnD @Jalebi_Bai_ @RoflGandhi0 @Bol_Do2 @Gully_Boy19 @DombivaliMe @jatin2909 @babamastram @ParodyPTI मोदी तुम इस्तीफा दो हम तुम्हारे साथ है #ResignModi  #Resign_PM_Modi  #ModiHataoDeshBachao https://t.co/spsvPTov8W,NOT,NONE,0
hi_hasoc_2021_3052,जो शहाबुद्दीन के साथ हैं वो इस ट्वीट को रीट्वीट करें और इस हैसटैग पर ट्वीट करें #JusticeForShahabuddin,NOT,NONE,0
hi_hasoc_2021_3847,"@narendramodi प्रिय मोदी जी,  दिए तले अंधेरा सुन ने में ही अच्छा लगता है, आप इसे साक्षात सिद्ध मत कीजिए  बंगाल में जो हो रहा है वो W-DC वाले भी देख ही रहे होंगे  आपको शायद पहले अपने घर, अपने देश को सही रास्ता, सही दिशा देने की कोशिश करने की ओर ध्यान देना चाइए #BengalBurning  #BengalViolence",NOT,NONE,0
hi_hasoc_2021_4096,"अलविदा शेर-ए-बिहार…  अल्लाह आपकी मग़फ़िरत फरमाए, आपको जन्नतुल फिरदौस में आला मकाम अता फरमाए और अहले खाना को सब्र जमील अता फरमाए. 🤲 #JusticeForShahabuddin https://t.co/NuQpodjt2Y",NOT,NONE,0
hi_hasoc_2021_4187,#ModiKaVaccineJumla #ModiResign #IndiaFightsCorona #PMCaresFund_का_हिसाब_दो #PMDoesNotCare https://t.co/brIC9stAIG,NOT,NONE,0
hi_hasoc_2021_1087,ऐसे वक्त में ओसामा भाई अकेले खड़े हैं लेकिन जिन्होंने सारी उम्र शहाबुद्दीन साहब का खाया वह कहा है??   #JusticeForShahabuddin,NOT,NONE,0
hi_hasoc_2021_2724,"@Yi_Sun_Shin @AmbLindnerIndia भाइयों बहनों पैशे खिदमत है, एक और #पप्पूशास्त्र का विद्यार्थी 🤣  Don't listen to @  Its' a #ChineseAgent working as a #ChineseBot heavily funded by enemy countries to trouble India n spread #ChineseVirus. Proponent of #Pappuanomics 1 of a #INCorporated #LOLu",NOT,NONE,0
hi_hasoc_2021_207,#CovidVaccine  #कोरोना_बाजार https://t.co/3ofbB6HNje,NOT,NONE,0
hi_hasoc_2021_1122,"ममता को चोट लगी ब्रेकिंग न्यूज बन गई थी  BJP के बहुत सारे कार्यकर्ता मर गए , किसी चैनल को खबर तक नहीं 😠 #BengalBurning",NOT,NONE,0
hi_hasoc_2021_3036,"@abuasimazmi @OsamaShahab_ लालू की रिहाई की कीमत शहाबुद्दीन साहब की जान से चुकाई गयी है, RJD की खामोशी इस बात की गवाह है। Tejashwi Yadav दिल्ली में होने के बावजूद हॉस्पिटल नही पहुँच सकें।  ये वक़्त भुला नही जाएगा।।   इमरान भाई अमानतुल्लाह खान आपको सलाम #StandwithOsamaSahab  #JusticeForShahabuddin",NOT,NONE,0
hi_hasoc_2021_330,"@MajorPoonia कौन अपना घर मर्ज़ी से छोड़ता है साहब ? #BengalBurning असहाय,बेसहारा और मज़बूरों के आशियाने को उजाड़ने वालों, काल का पहिया घूम रहा है,ईश्वर सबका हिसाब इधर ही करेगा  ऊपर वाले की लाठी हमेशा कुर्सी पर बैठे नफ़रत में डूबे लोगों की लाठी से बहुत भारी",NOT,NONE,0
hi_hasoc_2021_2110,साहब उनका विश्वास जितने की जिद आपको अपनो से दूर कर रही है #CruelMamata #AmitShah #NarendraModi #BengalBurning,NOT,NONE,0
hi_hasoc_2021_1321,"ये कैसा उन्माद?'  सदियों में न हुआ होगा यह ऐसा कृत्य घृणित है, टैगौर विवेकानंद सुभाष की भूमि आज हुई लज्जित है |  #BengalBurning #BengalViolence  @BJYM @BJP4UP @JPNadda @sunilbansalbjp https://t.co/M9IO7LQxHZ",NOT,NONE,0
hi_hasoc_2021_1404,@Pathani_ @ArvindKejriwal #JusticeForShahabuddin  #जस्टिस_फॉर_शहाबुद्दीन,NOT,NONE,0
hi_hasoc_2021_3692,@khadus7656 @Rudra_Awasthi1 @Pragatipandey28 @its_bpsingh @sushilRamRam @royalyajuvendra @Puspa_ba स्नेहा जी उस जानवर को भी दर्द होता हैं जिसे ये सिर्फ अपने स्वाद के लिए मार देते है।,NOT,NONE,0
hi_hasoc_2021_3048,हैदरनगर प्रखण्ड में बना 2 कंटेन्मेंट जोन।  अधिक जानकारी के लिए दिए गए लिंक को क्लिक करे: https://t.co/OtgcTKuHrR @JharkhandCMO  @BannaGupta76  @MoHFW_INDIA  @prdjharkhand @DrJatashankarC1  @prdpalamu @IprdPalamu #COVID19India #CovidVaccine,NOT,NONE,0
hi_hasoc_2021_3197,#बंगाल बना आतंकिस्तान!! #बंगाल_हिंसा #बंगाल_पर_मीडिया_मौन_क्यो #बंगाल_में_राष्ट्रपति_शासन_लागू_हो #बंगाल_बचाओ_मोदीजी #बंगाल_कश्मीर_बन_गया #BengalBurning #BengalViolence #Bengalisburning #BengalInFlames,NOT,NONE,0
hi_hasoc_2021_4177,आप याद बहुत आएंगे 😭  #शहाबुद्दीन_साहब  #JusticeForShahabuddin https://t.co/a0EKuBprZY,NOT,NONE,0
hi_hasoc_2021_2155,@ranvijaylive ये राजनीति के लिए किसी भी हद तक जा सकते हैं।😔😔 बंगाल को 30% दीदी और 70% बीजेपी जला रही है। 😔😔  #BengalBurning #ModiHataoDeshBachao,NOT,NONE,0
hi_hasoc_2021_2424,"बंगाल में भाजपा कार्यकर्ताओं पर तृणमूल कांग्रेस (TMC) के लोगों द्वारा किये गए जानलेवा हमलों के खिलाफ आज भारतीय जनता युवा मोर्चा की तरफ से  विरोध प्रदर्शन किया। ममता बनर्जी शर्म करो,  *बंगाल को जलाना बंद* करो...🙏🏻 #BengalBurning @JPNadda @tarunchughbjp  @ImRavinderRaina @IArundev https://t.co/N5ApTW6jCK",NOT,NONE,0
hi_hasoc_2021_5265,@sakshijoshii @srinivasiyc मोदी तुम इस्तीफा दो हम तुम्हारे साथ है #ResignModi  #Resign_PM_Modi  #ModiHataoDeshBachao https://t.co/spsvPTov8W,NOT,NONE,0
hi_hasoc_2021_3689,#OPS #BanEVM #पुरानी_पेंशन_बहाल_करो #FarmersProtest #SpeakUpForFarmers #StopPrivatization #ModiMadeDisaster #NPS_भारत_छोड़ो #NPS_QUIT_INDIA #NPSनिजीकरणभारतछोड़ो #OPS_कर्मचारी_का_अधिकार #NPSनिजीकरणकेख़िलाफ़_इंक़लाब #Resign_PM_Modi #किसान_कार्मिक_संग_संग  #देश_ऑक्सीजन_मांगता_है https://t.co/9RxPmsDF1L,NOT,NONE,0
hi_hasoc_2021_1921,"""अधिक दिनो तक मौन रहे तो गूंगे कहलाओगे ज़िंदा नज़र नही आओगे तो सच में मर जाओगे"" #जस्टिस_फॉर_शहाबुद्दीन  #JusticeForShahabuddin #JusticeForShahabuddin",NOT,NONE,0
hi_hasoc_2021_762,झांसों की रानी कंगना रनौत का ट्विटर अकाउंट सस्पेंड कर दिया गया है। अब उनके भक्त उनसे बात कर सकते हैं केवल Koo app पर.. 😊 🐓🐓🐓🐓🐓🐓 #ResignModi #KanganaRanaut,NOT,NONE,0
hi_hasoc_2021_5305,बंगाल में दुसरा योगी चाहिए। दीदी से ना हो पाएगा। #BengalViolence #BengalBurning   @kundan_rajput09 @sudhirchaudhary @PMOIndia @MamataOfficial @myogiadityanath @aajtak @ExSecular,NOT,NONE,0
hi_hasoc_2021_3485,"हिन्दू :- लूट सकता है, भाग सकता है, पलायन कर सकता है,अपने मां बहन की आबरू लुटते देख सकता है... लेकिन संगठित नहीं हो सकता..   आखिर हम कब जागेंगे ?? #MamtaisTerrorist #BengalBurning #राष्ट्रपति_जी_बंगाल_संभालो",NOT,NONE,0
hi_hasoc_2021_3042,जब हमारा लीडर @narendramodi ही हमारे लिए नहीं बोलता तो लोगो को कहा से पता चलेगा कि ऐसा कुछ हो रहा है। लोगो को तो ये ही पता चलेगा कि ममता ने बोला है फेक विडियोज है। 😓😓 #BengalElection2021 #बंगाल_हिंसा #BengalViolence #BengalBurning,NOT,NONE,0
hi_hasoc_2021_4750,@Sarcasm_Villa एक कुतिया का निर्माण-बेला पोर्च,NOT,NONE,0
hi_hasoc_2021_4221,18+ को वैक्सीनः क्या मोदी सरकार देश भर में अशांति फैलाना चाह रही है! via @lagatarIn https://t.co/al69vbbWM3  #VaccineFor18Plus  #VaccineRegistration  #ModiKaVaccineJumla,NOT,NONE,0
hi_hasoc_2021_3904,#राष्ट्रपति_जी_बंगाल_संभालो  #बंगाल  #BengalBurning  #BengalElection2021 https://t.co/rq4YdL1G51,NOT,NONE,0
hi_hasoc_2021_4992,नेहरू जी को 60 साल बाद भी जिम्मेवार ठहराने वाला मोदी जी वर्तमान के लिए जिम्मेवार नहीं ?? #मोदी_भगाओ_देश_बचाओ #कंगना_तुम_कहाँ_हो  #ResignModi #feku #ModiHataoDeshBachao,NOT,NONE,0
hi_hasoc_2021_1029,"@yadavtejashwi लालु जैसे नेता शेर तब बनते हैं  ""जब"" उनके पीछे ""शहाबुद्दीन"" जैसा सवा शेर होता है!🔥#justiceforshahabuddin @asadowaisi @KhanAmanatullah @TSP4India",NOT,NONE,0
hi_hasoc_2021_1319,"बंगाल में लगातार चल रही हिंसा, आगजनी, लूटपाट, धमकियों तथा राजनैतिक विद्वेष पूर्ण हमलों ने सम्पूर्ण देश को ना सिर्फ शर्मसार किया है अपितु लोकतांत्रिक मर्यादाओं को भी तार-तार किया है। #ममता_बनर्जी_हत्याएं_बंद_करो  #नींद_से_जागो_अमित_शाह_जी  #BengalBurning",NOT,NONE,0
hi_hasoc_2021_4210,"@KajolrajputZ @No_Sarcasmm Secular हिंदू और अल्ट्रा मॉडर्न सरकस्म वाले पढ़े लिखे लोग ये भूल जाते हैं की इनके बाप दादाओं ने मेहनत की थी जो ये दिन देख पा रहे हैं ।  हां इनकी सोच जो कीचड़ से लबालब है, वो इनको कहीं का नही छोड़ेगी ।  फूहड़ भद्दे मजाक और सरकास्म में अंतर होता है !  अंधकार बहुत नजदीक है ।",NOT,NONE,0
hi_hasoc_2021_509,जो ममता से सहमत नही उसे जीने का अधिकार नही यह मानने वाली  @MamataOfficial  ने साबित कर दिया है कि वो किस किताब को पढ़कर आई है।   लेकिन याद रखना पूतना और रक्त पिपासु असुरों का अत्याचार अधिक दिन नही चलता।  #CruelMamata #HindusLivesMatter  #BengalBurning  #savebangal,NOT,NONE,0
hi_hasoc_2021_965,@anubhavsinha श्रीमान वैसे भी बॉलीवुड फूहड़ और दूसरे का नकल ही तो करता है घटिया बॉलीवुड कार्तिक को साउथ इंडियन का रुख करना चाहिए पूरी जनता वहां उनका साथ देगी  वैसे भी कुछ समय ही टिक पायेगा बॉलीवुड साउथ इंडियन मूवी बहुत अच्छी है और लोगों का ध्यान भी वही लगा है #बॉलीवुड  👎,NOT,NONE,0
hi_hasoc_2021_2064,"जो हैरान है मेरे सब्र पर, उनसे कह दो जो आंसू जमीं पर नहीं गिरते, दिल चीर जाते है  #JusticeForShahabuddin",NOT,NONE,0
hi_hasoc_2021_4062,@mithun_da_ @MamataOfficial बंगाल पर कांग्रेस सहित सभी विपक्षी दल गूंगे-बहरे हो गए यही भाजपा शासित होता तो गूंगे भी बोलने लगते !  #BengalBurning #BengalViolence https://t.co/ZLcDSpyjKF,NOT,NONE,0
hi_hasoc_2021_2255,"@SmokingSkills_ वो एक कहावत है न शेर का इतना लाड भी मत करो कि वो शिकार करना ही भूल जाये। जंगल में लगी आग पिचकारी से नहीं बुझती, इसके लिए सुनामी लानी पड़ती है! #BengalBurning #BJPSaveYourBengaliSupporters",NOT,NONE,0
hi_hasoc_2021_4054,@Republic_Bharat जानवर जानवर का शिकार करता है! इंसान जानवर का शिकार करता है! राजनीति का नशा इंसान का शिकार करता है!,NOT,NONE,0
hi_hasoc_2021_1952,ज़िंदगी और मौत दोनों से डर रहे है। बंदे में कुछ तो ख़ास बात थी। इसलिए ही लाश देने से डर रहे है। #JusticeForShahabuddin,NOT,NONE,0
hi_hasoc_2021_4741,गधा धोएर गाई हुँदैन भन्दै शुभरात्री टक्र्याउन चाहान्छु ।,NOT,NONE,0
hi_hasoc_2021_4369,"@AshokShrivasta6 @OpIndia_in दो मिनट का मौन उनके लिए भी जिनको बंगाल में चुनावी रैली दिखी ,  कोरोना दिखा किन्तु अब हिंसा , लूट अग्निकांड और महिलाओं को लुटती इज़्ज़त नहीं दिख रहीं 😡😡  #PresidentsRuleinBengal  #BengalBurning  #BengalViolence  #KhooniKhela  #WestBengalViolence",NOT,NONE,0
hi_hasoc_2021_1363,"मत गणना और मौत गणना दोनों जारी है जीत चाहे जिसकी हो,हार देश ही रहा हैं 🙏 @BhavikaKapoor5 @ShatruganSinha @INCMP @BJP4India @AnumaVidish #IndiaCovidCrisis #IndiaNeedsOxygen #ElectionResult  #NarendraModi #AIADMK #BengalElection2021 #AssamAssemblyPolls",NOT,NONE,0
hi_hasoc_2021_4807,"बंगाल में भाजपा कार्यकर्ताओं के साथ हुई हिंसा के खिलाफ प्रदेश कार्यालय के बाहर प्रदेश अध्यक्ष श्री आदेश गुप्ता, प्रदेश संगठन महामंत्री श्री सिद्धार्थन ने कार्यकर्ताओं के साथ प्रदर्शन किया। #BengalBurning https://t.co/3ZYIEybX96",NOT,NONE,0
hi_hasoc_2021_4573,#किसानों_का_मोदी_को_धोबीपटका #ResignPMmodi https://t.co/A2JrN86ZHY,NOT,NONE,0
hi_hasoc_2021_291,"कुछ पत्रकार पहले वैक्सीन का विरोध करके जनता को भड़का रहे थे, आज पहले खुद के लिए वैक्सीन लगाने की मांग कर रहे हैं, उन्हें जनता से यह कहकर माफी मांगनी चाहिए कि हमने जनता से झूठ बोला था- माफ कर दो।  #CovidVaccination #Unite2FightCorona #IndiaFightsCorona #ChineseVirus  @narendramodi https://t.co/e7eIZrawT3",NOT,NONE,0
hi_hasoc_2021_1891,@LambaAlka  @sardesairajdeep @deepikapadukone @priyankachopra @sonamakapoor @ndtvindia @RahulGandhi @priyankagandhi #BengalBurning #HindusLivesMatter Swara Bhaskar कहा हो सब  अब क्या तुम सबको साँप सुंग गया 😡,NOT,NONE,0
hi_hasoc_2021_2841,"कोरोना के बढ़ते संकट के बीच उत्तर प्रदेश में लॉकडाउन को बढ़ा दिया गया है. यूपी में दो दिन के लिए लॉकडाउन बढ़ गया है. यानी अब मंगलवार, बुधवार भी लॉकडाउन रहेगा जो गुरुवार सुबह 7 बजे तक जारी रहेगा.  #IndiaCovidCrisis  #IndiaFightsCorona  #IndiaNeedsOxygen  #UPCOVID  #uplockdown",NOT,NONE,0
hi_hasoc_2021_2798,बहुत खुशी हुई यह सुनकर कि प्रधानमंत्री जी ने आपके और आपके परिवार का हालचाल जाना हमें और भी खुशी होती अगर प्रधानमंत्री  दोगला व्यवहार न करके समस्त स्वास्थ्य कर्मचारियों और अन्य सभी का हाल-चाल भी जानते देश में ऐसे बहुत से लोग हैं जिन्होंने ना सिर्फ परिवार के सदस्य बल्कि परिवार खोया https://t.co/31mlHkLqC2,NOT,NONE,0
hi_hasoc_2021_371,"👉😂 ऑक्सिजन , व्हेंटिलेटर , सबकुछ तो विदेश से आयात कर रहे है,  तो "" मेक इन इंडिया "" में क्या सिर्फ #AndhBhakt  ही तैयार किये थे क्या ??  #ModiKaVaccineJumla https://t.co/2AEFHe3Rwk",NOT,NONE,0
hi_hasoc_2021_6058,TMC की गुंडागर्दी के जश्न में बर्फ़ी बनाने के लिए खोवा निकालती एक tmc समर्थक।  #BengalBurning https://t.co/eK0sm273bU,NOT,NONE,0
hi_hasoc_2021_2008,@ekantipur_com दलाल धार ५/ मा २ किन लेखेको चोर सिकाउछ्स,NOT,NONE,0
hi_hasoc_2021_3624,@Chahal_Shekhar बंगाल पर कांग्रेस सहित सभी विपक्षी दल गूंगे-बहरे हो गए यही भाजपा शासित होता तो गूंगे भी बोलने लगते !  #BengalBurning #BengalViolence https://t.co/ZLcDSpyjKF,NOT,NONE,0
hi_hasoc_2021_2224,@Sujata1978 यानिकि बंगाल में हिंसा बीजेपी ने करवाई ?  Nice Observations. 👏👏👏  #BengalBurning,NOT,NONE,0
hi_hasoc_2021_3725,जब आफताब ही डूब गया । फिर लालटेन को कौन पूछता । #boycottrjd  @yadavtejashwi @laluprasadrjd   #JusticeForShahabuddin https://t.co/aEYT7SembV,NOT,NONE,0
hi_hasoc_2021_2188,अगर इसी तरह से चलता रहा तो बंगाल में भाजपा की एक भी सीट नहीं आएँगी । क्या दोष है उन कार्यकर्ताओं का जिन्होंने अपनी जान पर खेल कर आपका साथ दिया ।  @narendramodi @AmitShah @JPNadda @DilipGhoshBJP @rajnathsingh @KailashOnline @sambitswaraj #BengalBurning,NOT,NONE,0
hi_hasoc_2021_317,मुझे लगता है मरहूम शहाबुद्दीन को जेल वापस जाने और शहादत की वजह एक ही जुमला है- हमारे नेता तो लालू यादव है नीतीश कुमार तो परिस्थितियों के मुख्यमंत्री है! #JusticeForShahabuddin,NOT,NONE,0
hi_hasoc_2021_2360,@Raghuveerdutt62 @Arunesh24797107 रघुवीर जी यही सत्य है कि वानर कोई बड़े-बड़े बाल वाले पूंछ वाले जानवर नहीं बल्कि समृद्ध और सभ्य वनवासी प्रकृति पूजक मनुष्य थे,NOT,NONE,0
hi_hasoc_2021_242,@Siwan_Rjd इतनी सफ़ाई देने की ज़रूरत क्यू पड़ राही भई #JusticeForShahabuddin,NOT,NONE,0
hi_hasoc_2021_558,आज इन टीकाकरण केंद्रों में किया जाएगा कॉविड वैक्सीनेशन #JansamparkMP  #CovidVaccine https://t.co/tA5BgviIZs,NOT,NONE,0
hi_hasoc_2021_3775,"""राजा यदि प्रजा का विश्वास खो दे, तो उसका पतन निश्चित है।"" श्री @narendramodi जी,, हमें सिर्फ आपसे उम्मीद है, इस भरोसे को तोड़िए मत! बंगाल के उन मासूम लोगों को बचा लीजिए,जो भाजपा का समर्थन करने की कीमत चुका रहे हैं। #BengalBurning #spinelessmodi",NOT,NONE,0
hi_hasoc_2021_1460,ये धरना-वरना कुछ नही है!दरअसल ये चुनावी मोर्चे पर डटे हुए भाजपाई नेताओं  द्वारा अपने थके हुए तन एवम मन को योगिक क्रियाओं के माध्यम से चुस्त दुरुस्त रखने की कवायद भर है। #BengalBurning https://t.co/8lwggZ3RB3,NOT,NONE,0
hi_hasoc_2021_2203,भीक नहीं लिया दोस्त से एहसान लिया  Seems entire government has lost its plot. They are clueless and running around like a headless chicken. Shambles. #ResignPMmodi #ResignModi #IndiaCovidCrisis https://t.co/V1kDa4ko5D,NOT,NONE,0
hi_hasoc_2021_1539,"कोई फ़र्क़ नहीं पड़ता, इस देश में राजा कौरव हो या पांडव। जनता तो बेचारी द्रौपदी है। कौरव राजा हुए तो चीर हरण के काम आएगी और पांडव राजा हुए तो जुए में हार दी जाएगी। #IndiaCovidCrisis #IndiaNeedsOxygen #ElectionResults2021",NOT,NONE,0
hi_hasoc_2021_1106,भारत चाहता है कि कोरोना की वैक्सीन बनाने के लिए दुनिया के दूसरी फॉर्मा कंपनियां आगे आएं.. #CovidVaccine   https://t.co/EYgSEh2aAC,NOT,NONE,0
hi_hasoc_2021_1536,"अब ना रोटी की फिक्र है ना रोजगार की तलाश है,  देश उस दौर में है जहां जिंदा रहना ही विकास है!!!  #ResignModi",NOT,NONE,0
hi_hasoc_2021_909,@IMinakshiJoshi दीदी आपसे उम्मिद हे आप इस विषय पर आपके बुलेटिन मे दिखाये   #Bengal #BengalBurning https://t.co/4E1jZav1Q0,NOT,NONE,0
hi_hasoc_2021_714,नींद से जागो केंद्र सरकार।  #nindsejago  #BengalBurning https://t.co/rcncZHp8BA,NOT,NONE,0
hi_hasoc_2021_2184,#bycottBJP  #ResignModi  #देश_बचाओ_भाजपा_भगाओ  #BoycottGodiMedia,NOT,NONE,0
hi_hasoc_2021_5983,@AnumaVidisha मोदी तुम इस्तीफा दो हम तुम्हारे साथ है #ResignModi  #Resign_PM_Modi  #ModiHataoDeshBachao https://t.co/spsvPTov8W,NOT,NONE,0
hi_hasoc_2021_3024,Infection (corona)  Or Injection ( vaccine )  चुनाव आपको करना है । 🙏🙏 #CovidVaccine #CovidIndia  #CovidCrisisIndia  #vaccinated  #COVIDEmergency2021,NOT,NONE,0
hi_hasoc_2021_182,शहाबुद्दीन जी को न्याय मिलना चाहिए  #JusticeForShahabuddin,NOT,NONE,0
hi_hasoc_2021_2298,मोदी योगी का बस एक ही नारा ना घर बसा हमारा ना बसने देंगे तुम्हारा जब भी आएगा शादी का सीज़न लगा देंगे लॉकडाउन दोबारा नहीं दूंगा बेड और ऑक्सीजन हम क़ातिल हैं यही काम है हमारा #wednesdaythought #COVID19 #lockdown #OxygenChorIndia #KanganaVsTwitter #BengalBurning #LittleStar,NOT,NONE,0
hi_hasoc_2021_4252,"केंद्र में होते हुए भी, यदि आप कुछ नहीं कर पा रहे हैं , तो याद रखना आने वाला समय आपसे पूछेगा जब हिंदू बंगाल छोड़ कर जा रहे थे तब आप क्या कर रहे थे। #पूछता_है_हिंदू☝️#BengalViolence #BengalBurning @AmitShah @narendramodi @JPNadda https://t.co/UIQNHpUuc8",NOT,NONE,0
hi_hasoc_2021_486,#OPS #BanEVM #पुरानी_पेंशन_बहाल_करो #FarmersProtest #SpeakUpForFarmers #StopPrivatization #ModiMadeDisaster #NPS_भारत_छोड़ो #NPS_QUIT_INDIA #NPSनिजीकरणभारतछोड़ो #OPS_कर्मचारी_का_अधिकार #NPSनिजीकरणकेख़िलाफ़_इंक़लाब #स्वास्थ्य_क्षेत्र_मे_बजट_बढ़ाओ #Resign_PM_Modi #COVID19India https://t.co/xCxE9AW0e2,NOT,NONE,0
hi_hasoc_2021_4384,@boltaup @BoltaHindustan मोदी तुम इस्तीफा दो हम तुम्हारे साथ है #ResignModi  #Resign_PM_Modi  #ModiHataoDeshBachao https://t.co/spsvPTov8W,NOT,NONE,0
hi_hasoc_2021_2631,@Raza_AKhan @zoo_bear @khanumarfa @pbhushan1 @suhasinih @SamiullahKhan__ @ShashiTharoor @MahuaMoitra @satishacharya @t_d_h_nair @ravishndtv सवाल ये है कि उसके ऊपर पेट्रोल डालकर आग किसने बढ़ायी  #Ambani #GodiMedia  #ExitModi #ModiResign #ModiMadeDisaster #ModiFailsIndia #ModiHataoDeshBachao #ModiKaVaccineJumla #ModiDisasterForIndia #OxygenCrisis #OxygenEmergency #COVIDEmergency #BjpResponsibleForCoronaInIndia,NOT,NONE,0
hi_hasoc_2021_11,#शाहबुद्दीन_साहब हम शर्मिन्दा हैं फर्जी सेक्यूलरिज़्म अभी जिंदा है  #JusticeForShahabuddin,NOT,NONE,0
hi_hasoc_2021_2149,"कोरोना का सरकारी इलाज हाथ धोते रहो  नौकरी से , बिज़नेस से ,जिंदगी से ,दूकान से  परिवार से ,कमाने से , पेंशन से ,स्कूल से  बस हाथ धोते रहो  सरकार  हमारे साथ है  जब तक दवाई नहीं तब तक ढिलाई नहीं #69000_अगली_सूची_दो_सरकार #YouthofMay #BJP #IndiaCovidCrisis",NOT,NONE,0
hi_hasoc_2021_495,ये  #नेताजी_सुभाषचंद्र #खुदीराम  #अरविंदो_घोष  का #बंगाल है......  #उठो_बंगाल_वासियों...  #शस्त्र_उठाओ......  #अहिंसा_परमो_धर्मः_धर्म_हिंसा_तथैव_चः।”  #BengalBurning  #Bengal  #SpinlessBJP  #ArrestMamata,NOT,NONE,0
hi_hasoc_2021_2660,"@narendramodi વડા પ્રધાન સાહેબ બંગાળ , जो हिंदु भाईयो की हत्या हुई है उसका भी तो कुछ करो #BengalBurning  #TMCTerror  #AmitShah  #ModiHaiTohMumkinHai",NOT,NONE,0
hi_hasoc_2021_602,"सिर्फ अमेरिका के समर्थन देने से पेटेंट अधिकार का मसला हल नहीं हो जाएगा, जर्मनी इसके सख्त खिलाफ है और ये बड़ी बात क्यों है, जानिए  #patentwaiver #CovidVaccine   https://t.co/dz4HZhA4ho",NOT,NONE,0
hi_hasoc_2021_3025,"दूरदर्शिता से चलते तो , भारत में कोरोना इतना ज्यादा भयानक रूप ना लेता।  #ModiKaVaccineJumla",NOT,NONE,0
hi_hasoc_2021_421,@ndtv मोदी तुम इस्तीफा दो हम तुम्हारे साथ है #ResignModi  #Resign_PM_Modi  #ModiHataoDeshBachao https://t.co/spsvPTov8W,NOT,NONE,0
hi_hasoc_2021_1734,"Tough Questions Make Me Uncomfortable, Even If They Are Important For Country!!  #AndhBhakt #ResignPMmodi #ModiKaVaccineJumla #स्वास्थ्य_मंत्री_नदारद_है #Vaccine_enga_da_dei https://t.co/LEzbkYWyLe",NOT,NONE,0
hi_hasoc_2021_886,अरे नंदू बेटा जब तेरे पास वैक्सीन थी ही नहीं तो गाँव में ढिंढोरा क्यों पिटवाया कि 1 मई से सबको वैक्सीन लगेगी? #BjpDestroyedIndia #ModiKaVaccineJumla #ModiDisasterForIndia #BjpDestroyedIndia #BjpResponsibleForCoronaInIndia #IndiaCovidCrisis https://t.co/YtJAhELxKc,NOT,NONE,0
hi_hasoc_2021_1000,#OPS #BanEVM #पुरानी_पेंशन_बहाल_करो #FarmersProtest #SpeakUpForFarmers #StopPrivatization #ModiMadeDisaster #NPS_भारत_छोड़ो #NPS_QUIT_INDIA #NPSनिजीकरणभारतछोड़ो #OPS_कर्मचारी_का_अधिकार #NPSनिजीकरणकेख़िलाफ़_इंक़लाब #स्वास्थ्य_क्षेत्र_मे_बजट_बढ़ाओ #Resign_PM_Modi #Vaccine_और_MSP_दो https://t.co/Dpkc6h2cG5,NOT,NONE,0
hi_hasoc_2021_5080,@baburao__aapte @Aak__Thu @PONEDO_AANKH @PunnyBhaiya @Anjana_Modi_ @TMaryada @iArpitSpeaks @sarcasticbro89 @IncNobody @Bilal_Murshid मोदी तुम इस्तीफा दो हम तुम्हारे साथ है #ResignModi  #Resign_PM_Modi  #ModiHataoDeshBachao https://t.co/spsvPTov8W,NOT,NONE,0
hi_hasoc_2021_3237,#OPS #BanEVM #पुरानी_पेंशन_बहाल_करो #FarmersProtest #SpeakUpForFarmers #StopPrivatization #ModiMadeDisaster #NPS_भारत_छोड़ो #NPS_QUIT_INDIA #NPSनिजीकरणभारतछोड़ो #OPS_कर्मचारी_का_अधिकार #NPSनिजीकरणकेख़िलाफ़_इंक़लाब #Resign_PM_Modi #किसान_कार्मिक_संग_संग  #FarmLawsWorstThanCOVID https://t.co/UPeB2pPWNI,NOT,NONE,0
hi_hasoc_2021_3492,नहीं मिली नहीं मिली  अब तक वैक्सीन नहीं मिली  #ModiKaVaccineJumla,NOT,NONE,0
hi_hasoc_2021_996,"बंगाल में BSF जवानों के घरों पर हो रहे हैं हमले, BSF अधिकारियों ने की कड़ी कार्रवाई की मांग !   #BengalBurning @narendramodi",NOT,NONE,0
hi_hasoc_2021_4107,"@TheLallantop दो मिनट का मौन उनके लिए भी जिनको बंगाल में चुनावी रैली दिखी ,  कोरोना दिखा किन्तु अब हिंसा , लूट अग्निकांड और महिलाओं को लुटती इज़्ज़त नहीं दिख रहीं 😡😡  #PresidentsRuleinBengal  #BengalBurning  #BengalViolence  #KhooniKhela  #WestBengalViolence",NOT,NONE,0
hi_hasoc_2021_2299,आज जो बंगाल में हो रहा है अगर यही किसी भाजपा प्रदेश में होता तो तमाम बुद्धिजीवी सेकुलरवादी हल्ला मचा रहे होते। #BengalBurning #BengalViolence https://t.co/uPNGOsskj3,NOT,NONE,0
hi_hasoc_2021_3177,"@ShashikantIndu1 दो मिनट का मौन उनके लिए भी जिनको बंगाल में चुनावी रैली दिखी ,  कोरोना दिखा किन्तु अब हिंसा , लूट अग्निकांड और महिलाओं को लुटती इज़्ज़त नहीं दिख रहीं 😡😡  #PresidentsRuleinBengal  #BengalBurning  #BengalViolence  #KhooniKhela  #WestBengalViolence",NOT,NONE,0
hi_hasoc_2021_3055,BJP IT Cell  #ममता_खूनी_है   #IsupportModi   #राष्ट्रपति_जी_बंगाल_संभालो #CruelMamata #BengalBurning #ModiGovtSeNaHoPayega   Now Public Hastag This.... #BengalTrustsModi   Before Election         After Election          Hindu &amp; Muslim              Hindus https://t.co/XLSVxnROuM,NOT,NONE,0
hi_hasoc_2021_2510,देश में कोविड वैक्सीन पर्याप्त मात्रा में उपलब्ध है। देखिए 7 मई 2021 तक देश भर में #COVIDVaccine की खपत और उपलब्धता के आकंड़े। कोरोना वैक्सीन से जुड़ी नवीनतम जानकारी के लिए विजिट करें: https://t.co/EJsnMVEpwR #IndiaFightsCorona #TogetherWeCan https://t.co/XMkRfvoMuT https://t.co/bvdNYEkglH,NOT,NONE,0
hi_hasoc_2021_216,"@itsvs98 अंधभक्तों, अपने परिजनों की जलती चिताएं देखकर घबराना नहीं है, तुम तो बखूबी जानते हो  “शेर पालना थोड़ा महंगा तो पड़ता है!” #ModiMustResign  #ModiKaVaccineJumla",NOT,NONE,0
hi_hasoc_2021_1451,देखो इनके आंखों में ना डर ना किसी बात का खौफ आखिर शेर का बेटा शेर ही होता। #JusticeForShahabuddin https://t.co/kX8AqdaEPD,NOT,NONE,0
hi_hasoc_2021_3355,@Pagalnum2 चुप रहो तुम,NOT,NONE,0
hi_hasoc_2021_3395,#SuperSpreaderModi #ModiDisasterForIndia  #ResignModi #Resign_PM_Modi  #VaccineRegistration  #cowinregistration #KindAttnPMNarendraModi #किसानों_का_मोदी_को_धोबीपटका https://t.co/zNTgbvMs9N,NOT,NONE,0
hi_hasoc_2021_994,"अरे चुप रहो तुम सब~मोदीजी से इतनी जलन क्यों है भाई..?  जीवित लोगों का तो बात ही छोड़ो, मरे हुए लोगों को भी आजकल बिल्कुल मुफ्त में टीका लग रहा है, मोदीजी के गुजरात में।  बड़े आए मोदीजी के विरोध करने वालों......... हुमममममममम #मुर्दा_मोदीजी_के_साथ_हैं 😎 https://t.co/F7l9tQwfDM",NOT,NONE,0
hi_hasoc_2021_616,"शहाबुद्दीन साहब को कोरोना नहीं था,तो अचानक मौत कैसे हुई ? उन्हें AIIMS की जगह DDU में क्यों एडमिट किया गया? जब कोरोना रिपोर्ट नेगेटिव है तो शरीर सीवान क्यों नही ले जाने दे रहे? हम तदफीन के साथ न्यायिक जांच की मांग करते हैं,  आखिर क्या छुपा रहें है? #JusticeForShahabuddin",NOT,NONE,0
hi_hasoc_2021_2421,बंगाल की स्थिति ठीक नहीं है तत्काल वहां पर सेना को भेज देना चाहिए #BengalBurning #bengalhinsa #BengalViolence #BengalRiots #Bengalisburning,NOT,NONE,0
hi_hasoc_2021_1081,"@zishanAliRJD @iAnantSingh_ *ओसामा साहब ने सिर्फ उस ट्वीट और ट्विटर अकाउंट को फर्जी बताया है ना कि राजद का पक्ष लिए और ना की राजद का गुणगान किये है, संयम रखिए जल्द ही सब कुछ सामने आएगा।* #JusticeForShahabuddin",NOT,NONE,0
hi_hasoc_2021_3512,जो भी बीजेपी के खिलाफ है वो मेरा भाई मेरा परिवार है  कृपया रिटीवीट कर के फॉलो करें सब को फॉलो बैक करूँगा...🙏🏻  #ModiKaVaccineJumla,NOT,NONE,0
hi_hasoc_2021_3935,@JPNadda **तुम मुझे खून दो मैं तुम्हें आजादी दूंगा - नेताजी सुभाष चन्द्र बोस।  **तुम मुझे वोट दो हम तुम्हें मौत देंगे - भाजपा  #BengalBurning,NOT,NONE,0
hi_hasoc_2021_48,@narendramodi भैया पैसा कमा कर अगर पेट भर गया हो तो अब समाज सेवा कर दो क्या गलती हो गई भारतीय जनता से जो यह दिन देखने पढ़े #lackofoxygen #oxygenlangar #ResignModi #Resign_PM_Modi #ResignAmitShah   Time मिल गया हो तो बता दो वरना यह दिन भी सह लेंगे #sehlengay  #25सांसद_लापता_है,NOT,NONE,0
hi_hasoc_2021_1755,"एहसान जाफ़री,सोहराब,जज लोया,,कौसर बी,इशरत जहान या CAA पोलिटिकल क़ैदयो के लिए,सेक्युलर वकील प्रशांत भूषण ने कभी आवाज़ नही उठाई जितनी उन्होंने #Shahabuddin को जेल मे रखने के लिए उठाई थी।   #ShahabuddinSaheb #JusticeForShahabuddin @alim_faraz",NOT,NONE,0
hi_hasoc_2021_346,"ममता की उल्टी गिनती चालू, Petion filed in SC for a CBI investigation https://t.co/Eo69sXaxeD via @YouTube   #Bengal #BengalViolence #Bengalisburning #BengalBurning",NOT,NONE,0
hi_hasoc_2021_2791,तांत्रिक : “बेटा...मच्छर  तुझ पर एक ‘चुड़ैल’ का ‘साया’ है “। . . “बाबा.जी बकचोदी नही  वो मेरी गर्लफ्रेंड है ।  😛🤪😂🤣🤣®® @mosquitoastic,NOT,NONE,0
hi_hasoc_2021_826,"@ImAnkur_tyagi @myogioffice @narendramodi @myogiadityanath Modi key kutsit irradey key aagey yogiji pust hain  “हीरे को परखना है तो अंधेरे का इंतज़ार करो, धूप में तो काँच के टुकड़े भी चमकने लगते हैं” Heera hain yogiji or kaanch ka tukda hai modiji #Resign_PM_Modi",NOT,NONE,0
hi_hasoc_2021_5147,"@LateharDistrict @JharkhandCMO @HemantSorenJMM @BannaGupta76 @MithileshJMM @ChampaiSoren @DrRameshwarOra1 बालूमाथ बीपीओ श्री केतन गुप्ता के द्वारा गाय शेड , सिंचाई कूप ,में अवैध वसूली करने के सम्बंध में हम सब भगेया तथा मुरपा के समस्त ग्रामीण लाभुक उपायुक्त महोदय से आशा करते हैं कि बालूमाथ बीपीओ श्री केतन गुप्ता के द्वारा किया गया धांधली को जांच कर त्वरित कार्रवाई करने की कृपा करें https://t.co/8M30PfuSFg",NOT,NONE,0
hi_hasoc_2021_3511,"@zlj517 @China_Amb_India I am shocked they didn't mention a line (Karam, you have been our worst sufferer) (करम हमारे ख़राब ह भुगत आप रहे ह) #wohanvirus  #chinesevirus",NOT,NONE,0
hi_hasoc_2021_3549,"पूछना था राहत इंदौरी, राजीव त्यागी के मौत पर जश्न मनाने वाले कौन थे, कौन से समुदाय?? कौन से वर्ग के थे तब कहाँ थे #ModiKaVaccineJumla #YogiJhootaHai #AndhBhakt #ModiSarkarHiSystemHai",NOT,NONE,0
hi_hasoc_2021_3212,"@MimrotReena देश बचेगा तब ना, पूरी नर सहार कर रखा है ll  #COVID19  #ModiKaVaccineJumla",NOT,NONE,0
hi_hasoc_2021_1799,#JusticeForShahabuddin @yadavtejashwi @RJDforIndia  @MQN  75 सीट से कहां जाओगे पता लगेगा अगले चुनाव में । अपने बाप को रिहा करवा साहेब के मौत पे । सब याद रखा जाएगा। मुस्लिमानो का वोट ले कर दिखा लो अब ।,NOT,NONE,0
hi_hasoc_2021_3611,जे पी नड्डा जी आपने जिस तरह से बंगाल हिंसा पर धरना दिया उससे बिलकुल गांधी जी की याद आ गयी है . 1947 में जब देश का विभाजन हुआ था और हिंदुओं का नरसंहार हुआ तब वो भी धरना दे रहे थे .  #SpinelessBJP #JPNadda #BengalBurning #Modiji #AntiHinduMamata #ममता_खूनी_है,NOT,NONE,0
hi_hasoc_2021_4145,पहले लगता था @BJP4UK ही #SpinelessBJP है।  अब पता लगा ये तो सारे के सारे BJP वाले #SpinlessBJP हैं।  #BengalElection2021 #BengalViolence #BengalBurning #tejasvisurya #SpinlessBJP,NOT,NONE,0
hi_hasoc_2021_884,नायक फ़िल्म मे जब अमरीश पुरी चुनाव-हार जाता है तो दंगे करवाना शुरू कर देता है ! #पश्चिम_बंगाल #BengalBurning #BengalElection2021 #BengalViolence #bengalelectionresult #बंगाल_हिंसा #MamataBanarjee @MamataOfficial @PrashantKishor @PJkanojia @Anjali5151,NOT,NONE,0
hi_hasoc_2021_676,@RakeshTikaitBKU @Kisanektamorcha @OfficialBKU @DigamberBku @PTI_News @meelrajaram @NareshTikait @FarmersMovement जानवर जानवर का शिकार करता है! इंसान जानवर का शिकार करता है! राजनीति का नशा इंसान का शिकार करता है!,NOT,NONE,0
hi_hasoc_2021_160,"शेर ए बिहार सिवान के पूर्व सांसद मरहूम शहाबुद्दीन साहब को दिल्ली गेट कब्रिस्तान में सुपर्द ए खाक किया गया,  अल्लाह शहाबुद्दीन साहब को जन्नत उल फिरदोस में आला से आला मक़ाम अता फरमाएं, #JusticeForShahabuddin  #Shahabuddin  #JusticeForShahabuddin  #Siwan  #WeStandwithOsama",NOT,NONE,0
hi_hasoc_2021_485,"कुछ इसी तरह 12 साल तक गुजरात को मूर्ख बनाया, अब 7 साल से पूरे देश को बना रहे हैं!   #LieKingModi https://t.co/fhk2P6vGDu",NOT,NONE,0
hi_hasoc_2021_665,"सिर्फ खंजर ही नहीं आँखों में पानी चाहिए, ऐ खुदा दुश्मन भी मुझको खानदानी चाहिए  मैंने अपनी खुश्क आँखों से लहू छलका दिआ, एक समन्दर कह रहा था मुझको पानी चाहिए।  सिर्फ खबरों की ज़मीने देके मत बहलाइये राजधानी दी थी हमने, राजधानी चाहिए  #JusticeForShahabuddin https://t.co/EOcCgZu72g",NOT,NONE,0
hi_hasoc_2021_1569,"ना जानें कितने ""चिरागों"" को मिल गई शोहरत एक ""आफताब"" के बे वक्त डूब जाने से ।  #JusticeForShahabuddin https://t.co/M4DRJ0upzn",NOT,NONE,0
hi_hasoc_2021_3303,आरंभ है प्रचंड🤔 #BengalBurning https://t.co/5Mfab8TM4N,NOT,NONE,0
hi_hasoc_2021_4492,बस अब बहोत हो गया हां पप्पू अब कुछ नही करने का  ok #ResignPMmodi https://t.co/6iEGOfweBg,NOT,NONE,0
hi_hasoc_2021_3468,"Adv Badshah Sadakat भाई का RJD से इस्तीफा!!! हमारे मुंह से जो निकले वही सदाक़त है,  हमारे मुंह में तुम्हारी ज़बान थोड़ी हैं!!! #JusticeForShahabuddin https://t.co/IEoJc7nud4",NOT,NONE,0
hi_hasoc_2021_2418,"आता सर्व पत्ते मोदींच्या हातात आले. विरोधक पूर्ण नागडे पडल्यावर त्यांनी 18+ मोफत घोषणा  केली. आता लसीचा बाजार मांडून बसलेली खाजगी रुग्णालय व त्यांना ती पुरवणारे दलाल, लस माफिया कात्रीत सापडले आहेत.   एकरकमी पैसे देवून लस घेतो अशा राणा  भीमदेवी गर्जना करणारे आता अजून काही दिवस",NOT,NONE,0
hi_hasoc_2021_1040,#JusticeForShahabuddin शेरे सिवान मरहूम Mohammad Shahabuddin साहब की दिल्ली गेट कब्रिस्तान में तदफीन हो चुकी है. #अल्लाह तबारको तआला मरहूम की मगफिरत फरमाए और जन्नतुल फिरदौस में आला से आला मुकाम अता फरमाए और लवाहिकीन को सब्रे जमील अता फरमाए                   आमीन या रब्बल आलमीन 🤲 https://t.co/elctk2yRwh,NOT,NONE,0
hi_hasoc_2021_2692,@JPNadda @AmitShahOffice @narendramodi @ippatel  300 से ज्यादा सीटें ‘धरना’ करने के लिए दी थी? #bangalviolence #AmitShah  #BengalBurning,NOT,NONE,0
hi_hasoc_2021_1815,"विधायक और सांसद होते तो रातों रात ख़रीद लिए जाते, वेंटिलेटर ऑक्सीजन रेमेडीसीवीर ख़रीदने में वक़्त लगता है जनाब! #ModiKaVaccineJumla #ModiResign",NOT,NONE,0
hi_hasoc_2021_518,@indian_armada मोदी तुम इस्तीफा दो हम तुम्हारे साथ है #ResignModi  #Resign_PM_Modi  #ModiHataoDeshBachao https://t.co/spsvPTov8W,NOT,NONE,0
hi_hasoc_2021_1019,1989 की वी पी सिंह सरकार और 2021 क नरेंद्र मोदी सरकार में कोई फर्क नहीं है।पहली कश्मीर में हिंदुओं के कत्लेआम और पलायन पर चुप रही।दूसरी बंगाल में हिंदुओं के कत्लेआम और पलायन पर मूकदर्शक है। #BengalBurning #BengalViolence,NOT,NONE,0
hi_hasoc_2021_423,"The bengal violence is created by BJPee to divert the oxygen crisis issue. Don't get into the trap.  वो तुम्हे बंगाल की हिंसा की ओर मोरेंगे, तुम ऑक्सीजन पर अड़े रहना।  #Modi_is_Monster #ResignModi  #You_r_not_my_PM",NOT,NONE,0
hi_hasoc_2021_3773,کتنا ہے بدنصیب ظفر دفن کے لیے دوگز زمیں بھی مل نہ سکی کوئے یار میں !  😰   अल्लाह भाई ओसामा शहाब की शकल में मिल्लत को मर्हूम शहाबुद्दीन का ने'मल बदल नसीब फरमाए ॥  #StandwithOsamaSahab  #JusticeForShahabuddin https://t.co/vSOpBGw8Q6,NOT,NONE,0
hi_hasoc_2021_218,"क्या मेरी तरह ख़ानमाँ-बर्बाद हो तुम भी, क्या बात है तुम घर का पता क्यूँ नहीं देते।  ~मक़बूल नक़्श  #ChineseVirus #Wuhan #COVIDSecondWaveInIndia #COVIDEmergencyIndia https://t.co/0oJ1as8GEI",NOT,NONE,0
hi_hasoc_2021_3661,जिस महल की नीव लाखों चिताएँ हो तो उसके सीनघासन को जलने मैं भी ज़्यादा समय नहीं लगता   #CentralVistaProject #Resign_PM_Modi #CovidCrisis #IndianLivesMatterMore  @VeeryaSorry @sunnywakker @SupriyaShrinate @JagoBhaktoJago @abhisar_sharma @Actor_Siddharth @ArchanaDalmia,NOT,NONE,0
hi_hasoc_2021_4406,@SaifSiddiqui101 @LambaAlka @sujitsingh__ @KrishnaMohanSha @ShilpaBhartiy @WasiuddinSiddi1 @tazsiddique @SamajwadiManzar @dranjalidalal @ShabnaM48177627 @Sakina_Quresi @Mohamma94019375 @allahki_bandi_ @Alpanah51 @PMLUCKNOW अब क्या बचा है इस दुष्ट आत्मा के लिए,NOT,NONE,0
hi_hasoc_2021_4015,हम जरूर इस #ChineseVirus को हरायेंगे। महादेव की दया जरूर होगी। बोलो हर हर महादेव🙏 https://t.co/dxIKrrDKKy,NOT,NONE,0
hi_hasoc_2021_1182,अलविदा शेर ए बिहार शहाबुद्दीन सहाब. #JusticeForShahabuddin https://t.co/Hka5ekNV2s,NOT,NONE,0
hi_hasoc_2021_2540,सावित्रीमाई फुलेंची कर्म भुमी असलेलं पुणे शहर!आज  जागातिल सर्वांत मोठी वेश्या वस्ती असलेलं शहर म्हणून प्रसिद्ध आहे!  #बुधवार_पेठ #छगन_भुजबळ_साहेब @supriya_sule @ChitraKWagh @Dev_Fadnavis @Dwalsepatil @mipravindarekar @ChhaganCBhujbal @PradipGavade @CMOMaharashtra @ChDadaPatil,NOT,NONE,0
hi_hasoc_2021_1818,कहाँ मर गए हैं जो मुसलमानों के हितैसी बन रहे थे ? सहाबुद्दीन साहब की आवाज क्यों नही उठा रहे हैं.!!   #JusticeForShahabuddin,NOT,NONE,0
hi_hasoc_2021_2067,“Didi O Didi” बोलनेवाला दादा कहाँ गया? #Resign_PM_Modi #दादागिरि नहीं चलेगा यार । यै বাংলা है “ बगाँल” नहीं ।জয় বাংলা!!!@MamataOfficial  @abhishekaitc @derekobrienmp,NOT,NONE,0
hi_hasoc_2021_394,#SuperSpreaderModi #ModiDisasterForIndia  #ResignModi #Resign_PM_Modi  #VaccineRegistration  #cowinregistration #KindAttnPMNarendraModi #कृषि_कानून_रद्द_करने_पड़ेंगे https://t.co/UdGCjewWkA,NOT,NONE,0
hi_hasoc_2021_623,और आज अंग्रेजों की औलाद ने भी एक बहादुरी #साहेब के जनाजे के साथ भी वही किया और अपनी मानसिकता का परिचय दिया हम हश्र के मैदान में फिर मिलेंगे अल्लाह के सामने #JusticeForShahabuddin,NOT,NONE,0
hi_hasoc_2021_592,"गत 7 वर्षों में, विपक्ष के लिए बस एक ही पौज़िटिव बात हुई है, वो है ""कोरोना पौज़िटिव"".. वैश्विक संकट के समय भी राजनीति से बाज नहीं आ रहे ये दुष्ट",NOT,NONE,0
hi_hasoc_2021_575,"फासिस्ट गैंग और‌ उसके फालोवर विश्व इतिहास की सबसे जानलेवा‌ महामारी में भी अपनी धर्मांधता से बाज नहीं आ रहे, और साथ में ये भी चाहते हैं कि गैंग के किसी धर्मान्ध के असमय निकल लेने पर इनके साथ मिलकर रोया जाए? गजब की सुविधाभक्ति है @umashankarsingh @pankajjha_  #JusticeForShahabuddin",NOT,NONE,0
hi_hasoc_2021_2627,"संगठित रहना होगा , गिद्ध तैयार बैठे हैं । #BengalBurning #bengalvoilence #Bengalisburning #MamataBanarjee #बंगाल_हिंसा #राष्ट्रपति_जी_बंगाल_संभालो #HinduRashtra",NOT,NONE,0
hi_hasoc_2021_2092,@SomuSaumya__ जो कोन्ग्रेस मे चोर  थे अब बीजेपी मे आकर ईमानदार हो गये अच्छा मूर्ख बनाते है  नेता जनता को,NOT,NONE,0
hi_hasoc_2021_2879,ऊपर वाली पिक्चर कश्मीर और नीचे वाली बंगाल की है सोचिए आगे कही हम वापस उसी स्थिति में तो नही जा रहे #BengalBurning https://t.co/Hn68WsmEVM,NOT,NONE,0
hi_hasoc_2021_2475,#Resign_PM_Modi #BJP_MP_MLA_Missing #ModiResign #COVIDEmergency #ModiKaVaccineJumla #COVID19India #saharanpur #MohdHamza #Deoband #Behat #Rampur #ModiAgainstDelhi #BJP_भगाओ_देश_बचाओ #BJPFailsIndia #BJPExposedAgain #BjpResponsibleForCoronaInIndia https://t.co/6znMz1eQHU,NOT,NONE,0
hi_hasoc_2021_941,@narendramodi ONCE IN A CENTURY  @narendramodi @PMOIndia  #मनहुस_मोदी का साया मेरे देश के ऊपर से हट जाएगा आर्मी सारा काम संभाल रही है दवाई ऑक्सीजन आदि भी तेरे राजनीति से मुक्त हो जायेगी सभी के अपने अकालमृत्यु मर रहे है  #ResignModi मानवता केलिऐ #Resign_PM_Modi देशभक्त हो तो,NOT,NONE,0
hi_hasoc_2021_1509,@mkrtiwari_bjp भाजपा को ऐसे अंधभक्त ही बर्बाद कर रहे हैं. कायरता की निंदा जरूरी है. #zeenews #BengalBurning,NOT,NONE,0
hi_hasoc_2021_1258,इतिहास दोहरा रहा है !  #BengalBurning https://t.co/I0D56rinqP,NOT,NONE,0
hi_hasoc_2021_3377,@ExamsFighters कुछ ना कहो चुप ही रहो  नौकरी तो लेना है ना 🤣🤣🤣 गाना का स्त्रोत,NOT,NONE,0
hi_hasoc_2021_682,कुछ तो गलत हुआ है । Corona के नाम पर  अगर Report positive नही है तो अब तक शरीर Body को उसके परिवार वाले को क्यों नही दे रहा है ।। Something happened wrong in the name of Covid . #JusticeForShahabuddin #ArvindKejriwal,NOT,NONE,0
hi_hasoc_2021_3178,@SagarMandiya @PremKalirana_ @BrgBaytu @Mukesh_rlp2 #कमीने 👊👊👊😝,NOT,NONE,0
hi_hasoc_2021_263,नहीं मिली नहीं मिली  अब तक वैक्सीन नहीं मिली  #ModiKaVaccineJumla,NOT,NONE,0
hi_hasoc_2021_1845,#bycottBJP  #ResignModi  #देश_बचाओ_भाजपा_भगाओ  #BoycottGodiMedia,NOT,NONE,0
hi_hasoc_2021_469,#Meerut: शहर में चल रहे अवैध निर्माणों पर MDA ने आंखें मूंद रखी हैं। MDA में ऐसे कई अवैध निर्माण की सूची है जिनकी फाइलें भी नहीं मिल पाती हैं। ताजा मामला थाना देहली गेट के पूर्वा महावीर का है जहां अवैध निर्माण ज़ोरो से चल रहा है। @DmMeerut @UPGovt @myogioffice @mdameerut https://t.co/iMVTfGjtj0,NOT,NONE,0
hi_hasoc_2021_1372,"सत्य वचन , इतिहास गवाह है. ना समझोगे तो मीट जाओगे ऐ #बंगला वालो  तुम्हारी दास्तान तक भी ना होगी दस्तानों में . #UnitedHinduBengal #BengalBurning #BengalViolence  #HindusLivesMatter https://t.co/6FUoJcgocv",NOT,NONE,0
hi_hasoc_2021_2554,"@NayakRagini @News18India अब एक ही रास्ता है #ResignModi  हाई लेवल मीटिंग कोरोना को लेकर थी,बाहर आकर पता चला #IDBIBank बैंक को बेच दिया। इन हालातों में लोग मरते रहेंगे और सरकार तमाशा देखती रहेगी।",NOT,NONE,0
hi_hasoc_2021_210,@msisodia ONCE IN A CENTURY  @narendramodi @PMOIndia  #मनहुस_मोदी का साया मेरे देश के ऊपर से हट जाएगा आर्मी सारा काम संभाल रही है दवाई ऑक्सीजन आदि भी तेरे राजनीति से मुक्त हो जायेगी सभी के अपने अकालमृत्यु मर रहे है  #ResignModi मानवता केलिऐ #Resign_PM_Modi देशभक्त हो तो,NOT,NONE,0
hi_hasoc_2021_1629,सीवान की पहचान राजद से नहीं है बल्कि सीवान की पहचान मरहूम शहाबुदीन साहब से है। और रही बात ओसामा की तो ओसामा सिवान से निर्दलीय भी चुनाव लडेंगे तो सीवान की जनता उनको अपने सर आंखों पर बिठाएगी। #गद्दार_RJD #JusticeForShahabuddin,NOT,NONE,0
hi_hasoc_2021_2416,"बंगाल में पलायन शुरू हो गया है, अब इनके घरों में घुसपैठियों और रोहिंगियाओं का कब्ज़ा होने से पहले  @narendramodi @AmitShah  जी इनकी मदद कीजिए  #CruelMamata #BengalBurning  @beingarun28 @AchAnkurArya https://t.co/paqwKdw7Tp",NOT,NONE,0
hi_hasoc_2021_3835,"70 साल में ऐसे पहले मुख्या मंत्री, जो मुख्या मंत्री रहते हुए चुनाव हारे और फिर मुख्य मंत्री बने. #BengalBurning https://t.co/tpHAIuC8Ke",NOT,NONE,0
hi_hasoc_2021_2169,@RakeshTikaitBKU जानवर जानवर का शिकार करता है! इंसान जानवर का शिकार करता है! राजनीति का नशा इंसान का शिकार करता है!,NOT,NONE,0
hi_hasoc_2021_228,आज़म खान साहब का इलाज AIIMS में कराया जाए… शहाबुद्दीन साहब की तरह उन्हें सिस्टम भरोसे नही छोड़ सकते😢🙏 #JusticeForShahabuddin,NOT,NONE,0
hi_hasoc_2021_3429,"अब्बू मैं हार गया:-#ओसामा  अलविदा #शहाबुद्दीन_साहब।😥😥 अहले इस्लाम कब्रिस्तान में सुपुर्दे ख़ाक किए गए #शहाबुद्दीन साहब,मैं अल्लाह रब्बुल इज़्ज़त से दुआ करता हूँ कि आपके क़ब्र-ए-मुबारक को नूर से भर दे औऱ ज़न्नत में आला मुक़ाम दे आपको।।आमीन। #JusticeForShahabuddin  #BycottRJD https://t.co/rD5LBcoYjM",NOT,NONE,0
hi_hasoc_2021_2818,"@Jitesehra1998 @ShanuCox #कोरोना और #भाजपा दोनों घातक है , एक तन के लिए दूसरा वतन के लिए  #COVID19  #ModiKaVaccineJumla https://t.co/uw3Aia3Qbe",NOT,NONE,0
hi_hasoc_2021_2793,#ModiKaVaccineJumla #ModiDisasterForIndia  #मोदी_का_सिस्टम_ले_डूबा #ModiFailsIndia https://t.co/ISQa5q0Lk5,NOT,NONE,0
hi_hasoc_2021_3863,"कुर्सी है, तुम्हारा ये जनाजा तो नही कुर्सी है, तुम्हारा ये जनाजा तो नही     कुछ कर नहीं सकते,     तो उतर क्यो नही जाते।।।  #ModiHataoDeshBachao  #ResignPMmodi  #Ban_Evm  #NewYorkTimes  #रोजगार_नही_तो_सरकार_नही",NOT,NONE,0
hi_hasoc_2021_1313,लिखना तो बहुत कुछ है  पर देश के हालात देख कर  #Resign_PM_Modi  लिख कहे है,NOT,NONE,0
hi_hasoc_2021_4024,इस बदनसीब लड़की को जानते हैं आप @narendramodi जी?? @PMOIndia??  #BengalBurning #BengalViolence https://t.co/6XSrRbJS4D,NOT,NONE,0
hi_hasoc_2021_4119,जो शहाबुद्दीन के साथ हैं वो इस ट्वीट को रीट्वीट करें और इस हैसटैग पर ट्वीट करें #JusticeForShahabuddin,NOT,NONE,0
hi_hasoc_2021_1443,@beingarun28 @aajtak @ABPNews @ndtvindia @BBCHindi @indiatvnews  ये मीडिया वाले कहां है जो हाथरस में लोट लोट कर पत्तलकारिता कर रहे थे। यूपी में बाबा है जो झेल लेते है हिम्मत है तो जाय बंगाल तब न औकात पता लगेगी की कितने निष्पक्ष और निर्भिक हैं ये। #BengalBurning #PresidentRuleInBengal,NOT,NONE,0
hi_hasoc_2021_4042,@ArmaanS13738198 Does it make any sense buddy?  #किसानो_पर_FIR_मत_करो #कृषि_कानून_रद्द_करने_पड़ेंगे #ResignModi #Resign_PM_Modi #ExitModi,NOT,NONE,0
hi_hasoc_2021_1172,बंगाल से पलायन कर असम जा रहे हैं बीजेपी कार्यकर्ता #BengalBurning  #bengalvoilence  https://t.co/pGBSZi2JDI https://t.co/fyPuTIku4q,NOT,NONE,0
hi_hasoc_2021_1675,@Naseeruddin_sah @Alpanah51 आज़ रुकना नहीं है  #JusticeForShahabuddin,NOT,NONE,0
hi_hasoc_2021_338,जो साहब का नहीं हुआ वह आपका होगा   #JusticeForShahabuddin  #bycootrjd,NOT,NONE,0
hi_hasoc_2021_28,जो ताउम्र सबको उनका हक दिलाता रहा आज वो अपने हक की दो गज जमीं ना पा सका 😔            शेर-ए- सिवान शहाबुद्दीन साहब से रिश्ता क्या  لا إله إلا الله محمد رسول الله  #JusticeForShahabuddin,NOT,NONE,0
hi_hasoc_2021_4108,"अलविदा शेर-ए-बिहार… अल्लाह आपकी मग़फ़िरत फरमाए, आपको जन्नतुल फिरदौस में आला मकाम अता फरमाए और अहले खाना को सब्र जमील अता फरमाए. 🤲 #JusticeForShahabuddin",NOT,NONE,0
hi_hasoc_2021_3846,@Naseeruddin_sah RJD मुस्लिम बिधायको में थोडी सी भी अगर गैरत बाकी है तो दे मारो इस्तेफा उसके मुँह पर..  #boycottRJD #JusticeForShahabuddin https://t.co/u86JOkZGeO,NOT,NONE,0
hi_hasoc_2021_326,बगांल मे भाजपा कार्यकर्ताओ पर हो रही हिंसा पर बुद्धिजीवी पत्रकार और अवार्ड वापसी गैंग कहा है ? #BengalBurning #WestBengalViolence,NOT,NONE,0
hi_hasoc_2021_204,आएगा तो मोदी ही से 👉 मोदी कब आएगा?  #ResignModi  #COVIDEmergency2021,NOT,NONE,0
hi_hasoc_2021_1471,"नम आंखों से विदाई, अल्लाह सब्र अता फरमा l ढूंढोगे कहाँ मुझको, मेरा पता लेते जाओ, एक कब्र नई होगी एक जलता दिया होगा।#JusticeForShahabuddin https://t.co/z7oTmnQjy1",NOT,NONE,0
hi_hasoc_2021_2386,"""राजा यदि प्रजा का विश्वास खो दे, तो उसका पतन निश्चित है।"" श्री @narendramodi जी,, हमें सिर्फ आपसे उम्मीद है, इस भरोसे को तोड़िए मत! बंगाल के उन मासूम लोगों को बचा लीजिए,जो भाजपा का समर्थन करने की कीमत चुका रहे हैं। #BengalBurning #spinelessBJP https://t.co/XzSeXiVbsq",NOT,NONE,0
hi_hasoc_2021_4245,"हम आतिशे सोज़ां में भी हक़ बात कहेंगे, कुंदन  की  तरह  दहर  में  ताबिंदा रहेंगे ! तारीख़ बताती है कि हर दौर-ए-सितम में, हम ज़िन्दा थे,हम ज़िन्दा हैं,हम ज़िन्दा रहेंगे ! #JusticeForShahabuddin https://t.co/plMMi0pJVW",NOT,NONE,0
hi_hasoc_2021_1745,"@Tiwari_Sintu999 @Vinay_Dwivedii अगर धरना देने से सब सही हो जाता तो..  कुरुक्षेत्र में भी ""श्री कृष्ण"" जी ""अर्जुन"" को यही सलाह देते..। 😡😡😡  #BengalBurning  #BengalViolence  #KhooniKhela  #WestBengalViolence",NOT,NONE,0
hi_hasoc_2021_3867,मोहम्मद शहाबुद्दीन एक नेक दिल और ईमानदार इंसान था। सलाम है आपको।  #JusticeForShahabuddin https://t.co/fdpXgo3pvr,NOT,NONE,0
hi_hasoc_2021_1362,"बंगाल से पलायन शुरू हो चुका, TMC के गुंडों की हिंसा के कारण सैंकड़ों कार्यकर्ता असम पहुंचे जहां पर माननीय श्री @himantabiswa जी ने उन्हें शरण दी, शिविर बनाए और हर तरह की सुविधा दी।   ये हैवानियत की पराकाष्ठा है!  #CruelMamata  #BengalBurning   https://t.co/4gZJKlKgwL",NOT,NONE,0
hi_hasoc_2021_1103,"आतंकवादी बनने के लिए आपको हथियार उठाने की ज़रूरत नही है आप 600 का ऑक्सीजन सिलेंडर 15,000 और 1600 का इंजेक्शन 1 लाख में बेचकर भी देश से गद्दारी कर सकते हैं   #Tag for better reach  #YogiJhootaHai #RohitSardana #रोहित_सरदाना #PBKSvRCB   #COVIDEmergency #ModiKaVaccineJumla",NOT,NONE,0
hi_hasoc_2021_1792,"अलविदा शेरे सिवान,😭 अल्लाह मरहूम की  मगफिरत फमाये और अहले खाना को सब्र जमील  अता फरमाए #JusticeForShahabuddin",NOT,NONE,0
hi_hasoc_2021_4112,"दोस्तों, आओ हम सब सर्वसम्मति से महान अर्थशास्त्री, धुरंधर वैज्ञानिक, अंतर्राष्ट्रीय किसान, भयंकर सवर्ण-दलित मसीहा #चुदित राज जी को खांग्रेस #अध्यक्ष एवं #पलधानमंतली बनाएं !!🙏 ""सभी #समस्याएं समाप्त"" #उदित_राज_को_अध्यक्ष_बनाओ_बे @Dr_Uditraj  #CovidVaccine https://t.co/HrWBrorcLe https://t.co/Y5xvZBXN1p",NOT,NONE,0
hi_hasoc_2021_2087,"बंगाल के BJP नेता ""भास्कर मंडल"" ने अपनी जान की भीख मांगी है आदरणीय प्रधानमंत्री श्री @NarendraModi जी एवं गृह मंत्री श्री @AmitShah जी इनकी जान आपके हाथों में है 🙏🏻 #BengalBurning  #PresidentRuleInBengal https://t.co/fwzsVQyVQa",NOT,NONE,0
hi_hasoc_2021_1147,"अरी काठ की उल्लू जरा यें बता  केरल जों कि देश का सबसे अधिक शिक्षित राज्य है, मोदी जी सहित तमाम भाजपा के बड़े नेताओं ने चुनावी रैल‍ियां की, पानी की तरह पैसा बहाया वहां भाजपा को कितनी सीट मिली? 🔔 और तमिलनाडु में क्या हुआ ? भाजपा AIADMK को भी ले डूबी  #ModiMadeDisaster #ResignModi https://t.co/Ss3JRyLjqf https://t.co/we9SSkpBFD",NOT,NONE,0
hi_hasoc_2021_3665,"मरहूम सहाबुद्दीन की लाश जैसे दिल्ली गेट ITO कब्रिस्तान मे सुपुर्द ए खाक हुई,❣️   Inshallah ऐसे ही बिहार में  लालू तेरी पार्टी को सुपुर्दे खाक करेगी बिहार की जनता #JusticeForShahabuddin https://t.co/7RTARSaYfl",NOT,NONE,0
hi_hasoc_2021_1467,"दर्द के काफ़िले बढ़ चले हैं , मौत के दरबार में रौनक ही रौनक लगी है...🌱  क्यों तेरी रज़ा दम भर रही है, परवरदिगार रेहमतें तेरी क्यों कम हो रही हैैं..🌱  #Corona  #lockdown  #CovidVaccine",NOT,NONE,0
hi_hasoc_2021_4633,क्या एक भी बंगाली शेर नहीं बचा पश्चिम बंगाल में? शर्म करो! #CruelMamata #BengalBurning,NOT,NONE,0
hi_hasoc_2021_913,"दीप नहीं अब  लाशें जल रही हैं। लोग थाली नहीं, अब छाती पीट रहे हैं। लेकिन भक्त इस खोज में व्याकुल हैं कि अब  कौन सा मुद्दा उठाया जाए। #BengalBurning  #BengalViolence #SpinlessBJP  #",NOT,NONE,0
hi_hasoc_2021_670,@GURUJI_123 मोदी तुम इस्तीफा दो हम तुम्हारे साथ है #ResignModi  #Resign_PM_Modi  #ModiHataoDeshBachao https://t.co/spsvPTov8W,NOT,NONE,0
hi_hasoc_2021_3567,"मोदी सरकार का दावा- पिछले साल से ज्यादा हो रहा ऑक्सिजन का उत्पादन, कर्नाटक ने सप्लाई बढ़ाने को कहा तो पहुंच गई SC #Modi #ModiMadeDisaster #BJP #coronavirus #Corona #CovidVaccine #OxygenCylinders #OxygenCrisis #OxygenShortage #Karnataka #SupremeCourt https://t.co/0wOkeWg49o",NOT,NONE,0
hi_hasoc_2021_2549,"गलत का विरोध खुलकर करे, चाहे राजनीति हो या समाज,  इतिहास आवाज उठानें वालों का लिखा जाता हैं,  तलवें चाटनें वालो का नहीं..   #COVIDUpdates #OxygenCrisis #Covid19IndiaHelp #ModiDisasterForIndia #ModiKaVaccineJumla #कोरोना_को_चुनाव_मे_बढ़त https://t.co/84YdpucOFR",NOT,NONE,0
hi_hasoc_2021_44,@narendramodi नए भारत के गांधी जी बंगाल में मरने वाले कार्यकर्ता के लिए भी एक श्रधाँजली वाली ट्वीट कर दीजिए … अगर समय मिले तो! #BengalBurning #SpinelessBJP #HinduGenocideBengal,NOT,NONE,0
hi_hasoc_2021_969,आम जनता मर रही है और संवेदनहीन सरकार  बेशर्मी से हाथ पर हाथ धरे बैठी है । केवल न्यायालय ही संकट मोचन हैं । लोग आस लगाए बैठे हैं कि कब न्यायसंगत व्यवस्था होगी । #ResignModi #sosindia @RakeshTikaitBKU #AndhBhakt #aajtak #BjpDestroyedIndia #BJP_MP_MLA_Missing,NOT,NONE,0
hi_hasoc_2021_1720,गधा अगर घोड़ा बन सकता तो अकबर भी हिंदू होता।,NOT,NONE,0
hi_hasoc_2021_1906,इतिहास दोहरा रहा है !  #BengalBurning https://t.co/MZtqJB09Yd,NOT,NONE,0
hi_hasoc_2021_1181,#SuperSpreaderModi #ModiDisasterForIndia  #ResignModi #Resign_PM_Modi  #VaccineRegistration  #cowinregistration #KindAttnPMNarendraModi #किसानों_का_मोदी_को_धोबीपटका https://t.co/ptwjZmGoMy,NOT,NONE,0
hi_hasoc_2021_1534,@DChaurasia2312 भाड़ में जाओ,NOT,NONE,0
hi_hasoc_2021_2848,#पीएम_केयर_फंड_का_पैसा_कहां_गया  #नरेंद्र_मोदी_ग्लोबल_पप्पू_है  #मोदी_भगाओ_देश_बचाओ  #मोदी_इस्तीफा_दो #ResignModi  #ModiMustResign,NOT,NONE,0
hi_hasoc_2021_2221,भरोसा नहीं हो रहा था लेकिन जब सेक्युलर मीडिया और विपक्ष की चुप्पी को देखा तो यकीन हो गया कि हां हिन्दू ही मारे गये हैं  #BengalBurning  #Bengalisburning  #BengalViolence,NOT,NONE,0
hi_hasoc_2021_532,"@TheMukeshK_ दो मिनट का मौन उनके लिए भी जिनको बंगाल में चुनावी रैली दिखी ,  कोरोना दिखा किन्तु अब हिंसा , लूट अग्निकांड और महिलाओं को लुटती इज़्ज़त नहीं दिख रहीं 😡😡  #PresidentsRuleinBengal  #BengalBurning  #BengalViolence  #KhooniKhela  #WestBengalViolence",NOT,NONE,0
hi_hasoc_2021_3754,"""Positive"" होना बुरा नहीं होता, ""Nigative"" सोचना बुरा होता है। #COVID19 Urf #ChineseVirus https://t.co/xWHw2J2B80",NOT,NONE,0
hi_hasoc_2021_1681,@bainjal आज मैं ऊपर आसमाँ नीचे आज मैं आगे ज़माना है पीछे (quite literally #ResignModi)  Tell me ओ ख़ुदा अब मैं क्या करूँ चलूँ सीधी कि उल्टी चलूँ,NOT,NONE,0
hi_hasoc_2021_264,ये आज़माइश के दिन भी गुज़र ही जाएंगे लेकिन @yadavtejashwi तुम्हारी इस खामोशी को याद रखा जाएगा!!  #JusticeForShahabuddin,NOT,NONE,0
hi_hasoc_2021_2824,Countdown has started for the end of Modi days as PM.  #FarmersProtest #ModiMustResign #किसानों_का_मोदी_को_धोबीपटका #ModiGovtSeNaHoPayega  #ModiMadeDisaster #BjpDestroyedIndia #ModiResign #ModiKaVaccineJumla #KisanBole_NoVoteToModi #KindAttnPMNarendraModi https://t.co/jUhpcBvyte,NOT,NONE,0
hi_hasoc_2021_3778,"@aiparisangh भाई चारा और मुहब्बत दिखाने का मतलब ये हरगिज़ नहीं कि तुम ""कुफ्र"" करने लग जाओ.  ए सेक्यूलरिज़म के ठेकेदारों!  कोरोना के बाद यही रामराज्य के दावेदार तुम्हें देशद्रोही और आतंकवादी कहते नहीं थकेंगे!  (मतलब के यार हैं सब)  #Islamophobia https://t.co/4N3ZHBYaQA",NOT,NONE,0
hi_hasoc_2021_1361,"Covid-19 की शुरुआत से पहले वुहान के मार्केट में बेचे गए थे हजारों जिंदा जानवर, रिपोर्ट में खुलासा https://t.co/rX83zrEBzK",NOT,NONE,0
hi_hasoc_2021_3473,@BJP4India @JPNadda सुनाई तो आपको भी नही दे रही है आम आदमी की चीख-पुकार।  चुनाव परिणाम आने के बाद क्या सोच समझकर अपने कार्यकर्ता को छोड़कर गए थे दीदी उनका सत्कार करेगी!  #बंगाल_हिंसा में सक्त से सक्त कार्यवाही हो यही एक सामान्य भारतीय की पुकार हैं।  #BengalBurning,NOT,NONE,0
hi_hasoc_2021_1034,वक्त आने पर तुझे बता देंगे ए आसमां अभी से क्या बताऊं कि मेरे दिल में क्या-क्या है!@asadowaisi @Akhtaruliman5  @PMOIndia  #JusticeForShahabuddin,NOT,NONE,0
hi_hasoc_2021_1806,कोई जान समझ कर मूर्ख बनता हो तो क्या किया जा सकता है। https://t.co/QIZ40Ha9NF,NOT,NONE,0
hi_hasoc_2021_3354,"रुक जाना नहीं, तू कहीं हार के। काँटों पे चलके मिलेंगे साये बहार के।। #IndiaCovidCrisis #IndiaFightsCorona https://t.co/Xc2tiTsSQN",NOT,NONE,0
hi_hasoc_2021_730,ज़िंदगी और मौत दोनों से डर रहे थे। बंदे में कुछ तो ख़ास बात थी। इसलिए ही लाश देने से डर रहे थे। 💪 #JusticeForShahabuddin,NOT,NONE,0
hi_hasoc_2021_955,शेर-ए-बिहार शहाबुद्दीन साहब की मौत नहीं बल्कि हत्या हुई है। #JusticeForShahabuddin,NOT,NONE,0
hi_hasoc_2021_4329,@Soumyadipta कांग्रेस ने गैंगस्टर सोहराबुदीन की पुलिस मुठभेड़ में मृत्यु के बाद गुजरात के गृह मंत्री अमित शाह एक DIG व आधा दर्जन IPS अधिकारियों को जेल में डाल दिया था पिछले 7 वर्ष से अपने लगभग 500कार्यकर्ताओ की हत्या व बलात्कार के बाद भाजपा  धरना देगी #BengalBurning https://t.co/twnvE7PpNb,NOT,NONE,0
hi_hasoc_2021_1561,"करोड़ों सर झुक जाएंगे मोदी जी आपके सम्मान में, गोधरा वाला किस्सा दोहरा दें एक बार पश्चिम बंगाल में। #BengalBurning #bengalvoilence  @narendramodi @AmitShah @BJP4India @NijiSachiv @indianrightwing @ThePlacardGuy @cartoonistkid_ @vikasopikaso @IndiaWakesUp_ @randm_indianguy",NOT,NONE,0
hi_hasoc_2021_2722,"सरकार अपनी 7वीं सालगिरह मनाने की फूहड़ कोशिश कर रही थी, उधर बीते साल में अर्थव्यवस्था के 7 आंकड़े उसका मुंह चिढ़ा रहे थे।  पिछले कुछ दिनों में सार्वजनिक हुए यह सात आंकड़े देश की बदहाली की तस्वीर पेश करते हैं। देखिए @_YogendraYadav का यह वीडियो और समझिए:  ▶️https://t.co/AM7o67nOdd https://t.co/2bs4yqPXP7",NOT,NONE,0
hi_hasoc_2021_1676,"बस निंदा ही करेंगे सर जी, या हमारे कार्यकर्ताओ की जान की रक्षा के लिए कुछ करेंगे भी या नही??  #SaveBJPKaryakartas  #HindusLivesMatter  #JusticeForSaswatiJana #JusticeForBengalBJPKarykarta  #BengalViolence  #BengalBurning  #PresidentRuleInBengal  #CruelMamata  #Article356 https://t.co/1t9eYDZAOo",NOT,NONE,0
hi_hasoc_2021_4502,दुई जनै आंफु लाई महान ठान्छन ! पढेर बाबुराम जस्तो गधा अनि नपढेर ओलि जस्तो पत्तुर हुन कसैलाई नपरोस! देशद्रोही मोरा,NOT,NONE,0
hi_hasoc_2021_329,शाहबुद्दीन की दहाड़ से पूरा सांसद भवन हिल जाता था जब वो खड़े होते थे तो सब पीछे हट जाते थे ये बात असदुद्दीन ओवैसी से बेहतर कोई नही जानता...               #JusticeForShahabuddin,NOT,NONE,0
hi_hasoc_2021_1264,उत्तर प्रदेश में लागू आंशिक कोरोना कर्फ्यू दो दिन बढ़ाया गया  #IndiaCovidCrisis https://t.co/259NhFtNzp,NOT,NONE,0
hi_hasoc_2021_4985,@Humanist_IND मोदी तुम इस्तीफा दो हम तुम्हारे साथ है #ResignModi  #Resign_PM_Modi  #ModiHataoDeshBachao https://t.co/spsvPTov8W,NOT,NONE,0
hi_hasoc_2021_1547,हार जीत तो ठीक है मज़े की बात ये है साहब का बांग्लादेश के लिए आंदोलन कर जेल जाना बेकार हो गया 😜🙈  #JusticeForShahabuddin,NOT,NONE,0
hi_hasoc_2021_1341,"""राजा यदि प्रजा का विश्वास खो दे, तो उसका पतन निश्चित है।"" श्री  @narendramodi  जी,, हमें सिर्फ आपसे उम्मीद है, इस भरोसे को तोड़िए मत! बंगाल के उन मासूम लोगों को बचा लीजिए,जो भाजपा का समर्थन करने की कीमत चुका रहे हैं। #BengalBurning #spinelessBJP#SpinelessBJP https://t.co/3VuMJH6VZd",NOT,NONE,0
hi_hasoc_2021_3807,@DChaurasia2312 शीशे के सामने खड़े हो जाए पता चल जाएगा दंगा कौन करा रहा है। #BengalBurning  #BengalElection2021  #दलाल_मीडिया  #PaidMedia,NOT,NONE,0
hi_hasoc_2021_1502,"@ThePushpendra_ @narendramodi @AmitShah इतनी मासूम लाचारियां हैं सियासत की जहां बोलना चाहिए, वहां भी बोलते नहीं जो पूछता नहीं और खूरेंजी पर उतारू है, उनकी खुशामद के  लिए  राह में  बिछे हैं जिसने जानपर खेलकर सरमाथे  बिठाया,  उनके कत्लेआम पर एक ट्वीट भी नहीं है  #BengalBurning",NOT,NONE,0
hi_hasoc_2021_2355,बहुत अत्याचार हो रहा है इन लोगों के ऊपर  हे प्रभु रक्षा करना इन लोगों की हालत देखकर मैं भी आज बहुत रो रही हूं पूरा देश रो रहा है😥😥😥😥 क्या यही था हिंदुओं की रक्षा करने का संकल्प @BJP4India  #BengalViolence  #BengalBurning  #CruelMamata https://t.co/E86iTLf98y,NOT,NONE,0
hi_hasoc_2021_446,"कोरोना संकट में भारत के साथ दोस्ती निभा रहा रूस, महामारी से लड़ने के लिए भेज रहा Sputnik-V की दूसरी खेप #COVID19 #Russia #SputnikV #CovidVaccine #Indianewslive @KremlinRussia_E @PMOIndia @MoHFW_INDIA @RanaYashwant1 @Inkhabar @IndiaNews_itv https://t.co/smiVOykHDd",NOT,NONE,0
hi_hasoc_2021_3958,जीते जी तो डरते ही थे मरने के बाद भी डर साफ साफ दिख रहा है। #बेटा_ओसामा  #JusticeForShahabuddin https://t.co/S2aBCcDgmS,NOT,NONE,0
hi_hasoc_2021_2619,"अब तुम तो हुए परदेसी, के तेरा यहां कोई नहीं!   *एक नारी सब पे भारी*  #BangalElection2021 #TMC200Paar #MamataBanerjee #ElectionResult #Election2021 #AssemblyElections2021 #Assam #DMKwinsTN #COVID19 #Assam #ResignPMmodi #नरेंद्र_मोदी_ग्लोबल_पप्पू_है #KhelaHobe #OxygenEmergency",NOT,NONE,0
hi_hasoc_2021_5937,"देश के अमीर, कोरोना से बचने के लिए, प्राइवेट जेट से देश छोड़ कर भाग रहे हैं #AdarPoonawalla #COVID19 #ResignModi #ModiKaVaccineJumla",NOT,NONE,0
hi_hasoc_2021_2117,🤣🤣 अनार्ष बाबा ने अनार्ष ज्ञान पुनः बखेड़ दिया।  जड़बुद्धि वाले लोग बुद्धि की बात आखिर कहां से करे? जड़ पूजते-पूजते बुद्धि जड़ जो हो चली है। https://t.co/fdOa7DNfCP,NOT,NONE,0
hi_hasoc_2021_2571,@Pandey_Aaditi बिलकुल सही कहा है । #नींद_से_जागो_अमित_शाह_जी  #PresidentsRuleinBengal  #BengalBurning  #BengalViolence,NOT,NONE,0
hi_hasoc_2021_3435,"अलविदा शेर-ए-बिहार…  अल्लाह आपकी मग़फ़िरत फरमाए, आपको जन्नतुल फिरदौस में आला मकाम अता फरमाए और घर वालो को सब्र जमील अता फरमाए. 🤲 #JusticeForShahabuddin https://t.co/C3ud3HYBbJ",NOT,NONE,0
hi_hasoc_2021_5574,@BBCChindhi मोदी तुम इस्तीफा दो हम तुम्हारे साथ है #ResignModi  #Resign_PM_Modi  #ModiHataoDeshBachao https://t.co/spsvPTov8W,NOT,NONE,0
hi_hasoc_2021_2970,"हम जिन लोगो से उम्मीद कर रहे है बंगाल में कुछ करेंगे वो ,बंगाल के Violence video ""Shame"" लिखकर डाल रहे है...😡  बंगाल के स्थानीय नेता,जनता अपनी जान की भीख मांग रहे है,कुछ करिये साहब..  सिर्फ आप से उम्मीद है साहेब .@narendramodi   #BengalViolence  #BengalBurning https://t.co/K9QFt48Zve",NOT,NONE,0
hi_hasoc_2021_4110,जब तुम पैजामा पहनना सीखे भी नही थे न तब साहब ने तुम्हारी माँ को ताज पहनाया था भूल गए @yadavtejashwi  #JusticeForShahabuddin  #BycottRJD,NOT,NONE,0
hi_hasoc_2021_1142,जिन्दगी में जब कोई झुका न सका तो धोखे से साँसे ही छीन ली !! #JusticeForShahabuddin,NOT,NONE,0
hi_hasoc_2021_3803,@ShayarImran @yadavakhilesh आज़म खान साहब का इलाज AIIMS में कराया जाए… शहाबुद्दीन साहब की तरह उन्हें सिस्टम भरोसे नही छोड़ सकते😢🙏 #JusticeForShahabuddin,NOT,NONE,0
hi_hasoc_2021_2270,@Naseeruddin_sah #JusticeForShahabuddin  #JusticeForShahabuddin #JusticeForShahabuddin #JusticeForShahabuddin  जो इस साजिश था उसे कभी माफ नही किया  जाएगा चाहे कोई भी हो,NOT,NONE,0
hi_hasoc_2021_1135,कोरोना संकट को लेकर IPL के सभी मैच सस्पेंड  @SGanguly99 @IPL @BCCI   #IndiaCovidCrisis #IPL2021 https://t.co/2VB12YgVUX,NOT,NONE,0
hi_hasoc_2021_6118,"अपने तड़पकर मर रहे हैं, न अस्पताल है न ऑक्सीजन, क्योंकि सरकार घमंड में है : रवीश कुमार #ResignModi  #spinelessmodi https://t.co/fVF7Yibj1x",NOT,NONE,0
hi_hasoc_2021_115,आज़म खान साहब का इलाज AIIMS में कराया जाए… शहाबुद्दीन साहब की तरह उन्हें सिस्टम भरोसे नही छोड़ सकते😢🙏 #JusticeForShahabuddin,NOT,NONE,0
hi_hasoc_2021_2168,ट्वीटर पे फर्जी ओसामा साहब की लाईन लगी हुई है कुछ भी हो ये कमज़र्फ लोग आपदा को अवसर में बदलने से नही चूकते घिन्न आती है ऐसे लोगों पर जो किसी के जज्बातों से इसलिये खिलवाड़ करते है कि उन्हें उस नाम से ज्यादा फॉलोवर मिल जायेंगे शर्म से डूब मरिये। #JusticeForShahabuddin,NOT,NONE,0
hi_hasoc_2021_46,"लोगों ने कहा ""यहाँ उधार नहीं चलता"", तो ये उधार कैसे नहीं पूरा होता भला? Nature retaliating with its best!😷 . Next time, DO NOT UNDERESTIMATE ANYONE; not even nature. #IndiaCovidCrisis #IndiaFightsCorona #IndiaNeedsOxygen https://t.co/Rb4eZe6pBs",NOT,NONE,0
hi_hasoc_2021_3582,आज यह बात साफ साफ साबित हो गया की RJD ने मुसलमानों को Vote Bank लेने के लिए इस्तेमाल किया  #Bycutt RJD #justiceforShahabuddin,NOT,NONE,0
hi_hasoc_2021_3911,#OPS #BanEVM #पुरानी_पेंशन_बहाल_करो #FarmersProtest #SpeakUpForFarmers #StopPrivatization #ModiMadeDisaster #NPS_भारत_छोड़ो #NPS_QUIT_INDIA #NPSनिजीकरणभारतछोड़ो #OPS_कर्मचारी_का_अधिकार #NPSनिजीकरणकेख़िलाफ़_इंक़लाब #स्वास्थ्य_क्षेत्र_मे_बजट_बढ़ाओ #Resign_PM_Modi #COVID19India https://t.co/zsiNaCUqQi,NOT,NONE,0
hi_hasoc_2021_2019,मोदी देश छोड़ो  #ResignPMmodi #ModiKaVaccineJumla #ModiResign,NOT,NONE,0
hi_hasoc_2021_79,"शुक्रिया इमरान प्रताप गढ़ी साहेब शुक्रिया अमनातुल्लह साहेब ,, इस दुख की घड़ी में ओसामा शहाब का साथ देने के लिए साथ खड़े होने के लिए,,उन लोगों का भी  बहुत शुक्रिया जो दिल्ली में बाबू के साथ खड़े हुए,,सीवान इस बात को याद रखेगा,, आज हिना साहब ने चुप्पी तोड़ी #JusticeForShahabuddin",NOT,NONE,0
hi_hasoc_2021_1686,Boycott 5G data network  #किसानों_का_मोदी_को_धोबीपटका #KindAttnPMNarendraModi #SiaCoinToDollar  #FarmersProtest #KisanMazdoorEktaZindabaad #NoFarmersNoFood  #Resign_PM_Modi  #ResignModi  #ਕਿਸ਼ਾਨ_ਮਜਦੂਰ_ਏਕਤਾ_ਜਿੰਦਾਬਾਦ   @BBCAsia https://t.co/aXqTcj4QHS,NOT,NONE,0
hi_hasoc_2021_8,जो शहाबुद्दीन के साथ हैं वो इस ट्वीट को रीट्वीट करें और इस हैसटैग पर ट्वीट करें #JusticeForShahabuddin,NOT,NONE,0
hi_hasoc_2021_3797,इस बार साहब का विकास सिर्फ अपने देश ने ही नही विदेशियों ने भी देख लिया.. #ModiKaVaccineJumla #ResignModi https://t.co/cHJkWF6BzM,NOT,NONE,0
hi_hasoc_2021_2271,"यदि बंगाल में महिला कार्यकर्ताओं के गैंग रेप पर हम चुप हैं तो ऑक्सीजन लेवल चेक करने की कोई आवश्यकता नहीं है , हम मर ही चुके हैं ।   #PresidentRuleInBengal #BengalBurning",NOT,NONE,0
hi_hasoc_2021_4617,"अबकी बार किसानो की सरकार क्या कहते हो सब?  अब जरूरत हैं जागरूक होने की एक ऐसा नेता जो सिर्फ देश के लिए सोचे गरीबी, लाचारी, बेबसी, बीमारी के लिए सोचे। पूर्व पी एम चौधरी चरण सिंह जी जैसा नेता जो किसानो का हितेषी हो। #Resign_PM_Modi #किसानो_पर_FIR_मत_करो #कृषि_कानून_रद्द_करने_पड़ेंग https://t.co/wpssjpwW1K",NOT,NONE,0
hi_hasoc_2021_3734,@SitaSorenMLA Trending now. #नरेंद्र_मोदी_ग्लोबल_पप्पू_है  #मोदी_भगाओ_देश_बचाओ  #मोदी_इस्तीफा_दो  #ResignModi  #ModiMustResign,NOT,NONE,0
hi_hasoc_2021_351,"अलविदा शेर-ए-बिहार… अल्लाह आपकी मग़फ़िरत फरमाए, आपको जन्नतुल फिरदौस में आला मकाम अता फरमाए और अहले खाना को सब्र जमील अता फरमाए. ..  #JusticeForShahabuddin https://t.co/qOUFXpUJqP",NOT,NONE,0
hi_hasoc_2021_3651,#देश_ऑक्सीजन_मांगता_है Don’t be afraid to give up the good to go for the great.......  #देश_ऑक्सीजन_मांगता_है #ResignModi https://t.co/iZPzIWGkcm,NOT,NONE,0
hi_hasoc_2021_3845,"@TheAbhishek_IND इतनी मासूम लाचारियां हैं सियासत की जहां बोलना चाहिए वहां भी बोलते नहीं जो खूरेंजी पर उतारू हैं, उनकी आगवानी में बिछे हैं जो पलकों पर बिठाए बैठा, उन्हें पूछते नहीं  #BengalBurning",NOT,NONE,0
hi_hasoc_2021_4414,@Robert_NSUI @sarcasticbro89 मोदी तुम इस्तीफा दो हम तुम्हारे साथ है #ResignModi  #Resign_PM_Modi  #ModiHataoDeshBachao https://t.co/spsvPTov8W,NOT,NONE,0
hi_hasoc_2021_6112,@bishnurijal1 अनि दोषि को को हुन त कामरेड:  दुई तिहाइ भोट हाल्ने जनता ब्यवस्था  कार्यकर्ता नेता लाई लगानी गर्ने ब्यापारि दलाल कर्मचारि पत्रकार मझौला नेता ठुला नेता शिर्स नेता बिदेशि,NOT,NONE,0
hi_hasoc_2021_781,"शुक्रिया…""यादव परिवार""… एक बार और साबित करने के लिए कि ""कुफ़्फ़ार-ला-ऐतबार"" #shahabuddinsaheb  #JusticeForShahabuddin",NOT,NONE,0
hi_hasoc_2021_2422,बताओ यह भी दिन आ गए...... #JusticeForShahabuddin,NOT,NONE,0
hi_hasoc_2021_452,"कोरोना से बचना है तो दो गज की दूरी मास्क है जरूरी, घर से अनावश्यक बाहर ना निकले। #COVID19 #CovidVaccine #NationalTV https://t.co/E1kSUNwCpX",NOT,NONE,0
hi_hasoc_2021_943,@RahulGandhi @srivatsayb #MautKaSaudagar #Bjplooted  #ModiHataoDeshBachao #SuitBootKiCorruptSarkar #ModiMustResign #ModiKaVaccineJumla Modi hai Toh Barbadi hai  बोहोती भयावह डरावनी स्तिथि होता जा रहा है बिदेश जो आक्सीजन राहत सामग्री आया उसका क्या हुआ @POTUS @VP @hrw... https://t.co/u4l8Qwwaxp,NOT,NONE,0
hi_hasoc_2021_2006,वर्तमान दौर में अगर आप ज़िंदा है तो यही आपकी सबसे बड़ी उपलब्धि है।  #IndiaCovidCrisis #IndianLivesMatter,NOT,NONE,0
hi_hasoc_2021_2931,जीना है तो शहाबुद्दीन की तरह जिओ: जिसका भी साथ दो  खुलेआम दो: बिरोधी कहलाओगे गद्दार नही!! #JusticeForShahabuddin,NOT,NONE,0
hi_hasoc_2021_569,हमारा क्या है झोला उठा कर चल पड़ेंगे। लगता है इन्हें और भाजपा वालों को छोढ़ कर बाक़ी पूरे देश का झोला उठाने का समय आ ही गया है #ModiMadeDisaster #ModiResign #ModiKaVaccineJumla #COVID19India  https://t.co/PvaITJpPZN,NOT,NONE,0
hi_hasoc_2021_4441,"@AmitShah @BJP4UP मोदी और शाह:- चाहे सेना बुलाओ, चाहे राष्ट्रपति शाशन लगाओ लेकिन खड़ा लट्ठ बजाओ, गोली चलानी है गोली चलाओ.. लेकिन बंगाल के लोगों को जेहादी गुंडो से बचाओ ..  #BengalViolence #BengalBurning",NOT,NONE,0
hi_hasoc_2021_4068,लालू यादव तेजस्वी यादव और आरजेडी के खिलाफ मरहूम सांसद शहाबुद्दीन साहब के परिवार से किसी ने कोई ब्यान दिया है फर्जी आईडी को छोड़कर प्लीज मुझें भी बताये । #JusticeForShahabuddin,NOT,NONE,0
hi_hasoc_2021_2131,"@narendramodi_in @narendramodi @AmitShah @AmitShahOffice @BJP4India हमने गुजरात वाले लीडर चुने थे,  विकास करना अच्छी बात है, पर इस विकास को देखेने के लिये जिंदा रहना होगा?  #BengalBurning  @KapilMishra_IND  @RSSorg @VHPDigital @vinod_bansal @hindurakshasena @prabodhanandji https://t.co/LRBIlCj2Vu",NOT,NONE,0
hi_hasoc_2021_2960,"@RaviRanjanIn भाइयों बहनों पैशे खिदमत है, एक और #पप्पूशास्त्र का विद्यार्थी 🤣  On one hand we Indians have to fight against the spread of #ChineseVirus on another Id and curtail spread of #INCorporated #LOLuz:- Creature thrived on freebies / subsides of #Pappuanomics https://t.co/wtdODu0qsy",NOT,NONE,0
hi_hasoc_2021_3350,अलविदा शेर-ए-बिहार 😭  अल्लाह आपको जन्नतुल फिरदौस में आला मकाम अता फरमाए और अहले खाना को सब्र जमील अता फरमाए. 🤲  #JusticeForShahabuddin,NOT,NONE,0
hi_hasoc_2021_5306,@kunalkamra88 मोदी तुम इस्तीफा दो हम तुम्हारे साथ है #ResignModi  #Resign_PM_Modi  #ModiHataoDeshBachao https://t.co/spsvPTov8W,NOT,NONE,0
hi_hasoc_2021_1996,"बंगाल में हो रही हत्या,बलात्कार और लूट की जिम्मेदारी किसकी हैं ?? #CruelMamata #BengalBurning",NOT,NONE,0
hi_hasoc_2021_2308,ज़्यादातर अस्पताल में मरीज़ की हत्या हो रही है। लोग मर नहीं रहे मारे जा रहे हैं। ये अकाल मृत्यु नहीं हत्या है #COVID19India #ModiKaVaccineJumla,NOT,NONE,0
hi_hasoc_2021_3561,"#शिशुपाल जब #सौ गलती कर हद से आगे बढ़ जाता है, तब छोड़ #अहिंसा  #माधव भी #चक्र उठाते है। बस इतनी सी बात समझ लो साथियों🙏 @narendramodi @AmitShah  #बंगाल_हिंसा #BengalBurning https://t.co/MLS2phl2Tj",NOT,NONE,0
hi_hasoc_2021_3757,"ऑटोरिक्शा चालक जावेद खान कहते हैं, ""कोविड-19 का गंभीर मरीज बिना ऑक्सीजन सपोर्ट के अस्पताल नहीं लाया जा सकता है. इसलिए मैंने सोचा ऑटोरिक्शा को एंबुलेंस में क्यों ना बदल डालूं."" #IndiaCovidCrisis #OxygenCrisis   https://t.co/F1snlleyMP",NOT,NONE,0
hi_hasoc_2021_4124,"बंगाल में दिन-दहाड़े लुटती दुकान, बाज़ार देखिए....बंगाल की आधी जनता क्या यही चाहती थी ?   #BengalBurning #BengalViolence https://t.co/47hEBIbzbu",NOT,NONE,0
hi_hasoc_2021_138,क्या साबुद्दीन का RJD ने लालू जी के बदले  सौदा किया  आपकी क्या राय है #JusticeForShahabuddin,NOT,NONE,0
hi_hasoc_2021_2160,@mumbaikkar @Bjp4Parody @Anjana_Modi_ @RoflEpicDon @PapitaFokat @Bol_Do2 @sarcasticbro89 @PurshottamDave @IncNobody @Jalebi_Bai_ @ParodyPTI मोदी तुम इस्तीफा दो हम तुम्हारे साथ है #ResignModi  #Resign_PM_Modi  #ModiHataoDeshBachao https://t.co/spsvPTov8W,NOT,NONE,0
hi_hasoc_2021_828,#IndiaCovidCrisis | पति और बेटा गहने बेचकर मिले रुपयों से जरूरतमंदो को मुफ्त में दे रहे हैं #OxygenCylinder https://t.co/jAUjkHhhx2,NOT,NONE,0
hi_hasoc_2021_2905,युवा तो जगा ही रही है भाजपा सरकार को पर  आने वाले समय में अगर आप मुख्य मंत्री बनते हैं तो  वादा करिये शिक्षा स्वास्थ्य सेवा को बदल कर रहेंगे #FarmersProtest #रोहित_सरदाना #RohitSardana #YogiJhootaHai #aajtak #ModiKaVaccineJumla https://t.co/QKPCm5mQwV,NOT,NONE,0
hi_hasoc_2021_2080,@TejYadav14 कहाँ थे तेज़ू भैया जब ओसामा शाहब को RJD वालो कि जरूरत था ट्विटर से ट्वीट कर देना बहुत सरल हैं  #JusticeForShahabuddin,NOT,NONE,0
hi_hasoc_2021_431,@AZHARIM95913691 @ShayarImran और दरी बिछावो #JusticeForShahabuddin,NOT,NONE,0
hi_hasoc_2021_2052,ज़िंदगी और #मौत दोनों से डर रहे है। बंदे में कुछ तो ख़ास बात थी। इसलिए ही लाश देने से डर रहे है।  #JusticeForShahabuddin,NOT,NONE,0
hi_hasoc_2021_1872,अगली बार नेताजी आयें तो पूछना कि अच्छे अस्पताल कब बनवाओगे?या फिर हमें बाँट के जीत जाओगे?#ModiKaVaccineJumla #ArrestPChidambaram #RishiKapoor #RohithSharma #Hitman #500DaysOfAmaravatiProtests #FarmLaws_NextPandemic #HappyBirthdayRohit #RIPKVAnand #IndiaCovidCrisis #ModiMustResign https://t.co/9XInE3jO53,NOT,NONE,0
hi_hasoc_2021_376,"शेर-ए- #बिहार  ""सिवान के साहेब"" #sahabuddin साहब को आखरी सलाम... अल्लाह जन्नत नसीब करें #आमीन  #JusticeForShahabuddin @Nargis_Ansari74 @munshi_lukman  @nnahid19 https://t.co/15GV2R2p8l",NOT,NONE,0
hi_hasoc_2021_977,#BengalBurning #BengalViolence #bengal #CruelMamta #HindusLivesMatter #राष्ट्रपति_जी_बंगाल_संभालो #CruelMamata #Bengalisburning https://t.co/Ify0EEm5eQ,NOT,NONE,0
hi_hasoc_2021_1283,"कितना है बदनसीब ज़फर दफ्न के लिए, दो ग़ज ज़मीन भी न मिली कू ए यार में!  #JusticeForShahabuddin",NOT,NONE,0
hi_hasoc_2021_2378,"हे सगळे.. फक्त आणि फक्त आपल्या इस्टेटी, मालमत्ता, आणि अवैध मार्गाने कमावलेल्या संपत्तीचं संरक्षण करण्यासाठी पक्ष बदलतात.‌ उद्या सतेची चक्र फिरली की पुन्हा नव्या पक्षात जाणार..हे बीन पेंदीचे लौटे आहेत.. @sanjaykumthek10 @KhadseVasant @aSantoshTweets @Pradeep67231171 https://t.co/Oy3FuFjC1e",NOT,NONE,0
hi_hasoc_2021_2023,#बंगाल_हिंसा #बंगाल_हिंसा #CruelMamata #BengalBurning #mamtaisterrorist,NOT,NONE,0
hi_hasoc_2021_3859,सोशल मीडिया पर विधवा विलाप करने से कुछ नहीं होगा..मैदान में जाओ   #BengalBurning,NOT,NONE,0
hi_hasoc_2021_2219,@JPNadda @BJP4India ना ही आपने सबका साथ  दिया । ना ही आपने किसी का विकाश किया । और ना ही देश की जनता को आपलोगो पर विश्वास है । #Fake_BJP #FarmersProtest  #ModiKaVaccineJumla  #ExitModi  #ModiResign  #ModiGovtSeNaHoPayega  #ModiFailsIndia  #KisanBole_NoVoteToModi,NOT,NONE,0
hi_hasoc_2021_763,Lockdown से काम नहीं चल रहा है अब तो STEPDOWN करे सरकार! #ResignModi,NOT,NONE,0
hi_hasoc_2021_619,#DriveThroughVaccination: यह सुविधा भुज के आरडी वरसाणी स्कूल के मैदान में शुरू हुई है. अभियान सुबह 11 बजे तक और शाम 4 से 6 बजे तक जारी रहेगा #CovidVaccine #Covid19India #CovidNews https://t.co/q23hxeTUy3,NOT,NONE,0
hi_hasoc_2021_3967,जो शहाबुद्दीन के साथ हैं वो इस ट्वीट को रीट्वीट करें और इस हैसटैग पर ट्वीट करें #JusticeForShahabuddin @uk_989  @Faisalimam_1  @Mohd__Fareed  @Haseena79360293  @Salman_BaBa_1_1  @TanveerAhmad__  @TabishRaza77  @MBA313_MBA  @D1Zakh  @NasirRampur  @_S_P_Khan  @Shamshe02630539,NOT,NONE,0
hi_hasoc_2021_1156,"""Prime Minister Narendra Modi"" Ji 𝗣𝗿𝗼𝗺𝗶𝘀𝗲𝗱 ""Ache Din"" 𝗕𝘂𝘁 𝗗𝗲𝗹𝗶𝘃𝗲𝗿𝗲𝗱 ‼  ▪️ #COVIDEmergency  ▪️ #lockdown2021  ▪️ #IndiaCovidCrisis   𝗠𝗲𝗮𝗻𝘄𝗵𝗶𝗹𝗲 It's Time 𝗧𝗼 #ExitModi  𝗡𝗼𝘄 We 𝗖𝗮𝗻'𝘁 Say  #IStandWithModi  ‼  #मजदूरों_के_मसीहा_बाबासाहेब https://t.co/rEfA4Milan",NOT,NONE,0
hi_hasoc_2021_2287,"मृत्यु के लिए सारे रास्ते हैं,पर जन्म के लिए केवल माँ। बंगाल में माताओं बहनों का अपमान क्यों? #नारी_तू_नारायणी_हैं #Justice_for_Saswati_Jana  #BengalBurning  #BengalViolence  #CruelMamata https://t.co/Swx3Nbtrah",NOT,NONE,0
hi_hasoc_2021_1844,"'ये कैसा उन्माद ??  सदियों में न हुआ होगा यह ऐसा कृत्य घृणित है, टैगौर विवेकानंद सुभाष की भूमि आज हुई लज्जित है!  #BengalBurning #BengalViolence  @tarunchughbjp @M_Lekhi @KailashOnline https://t.co/VtgaSogGSf",NOT,NONE,0
hi_hasoc_2021_2058,#FarmLawsWorstThanCOVID  #Resign_PM_Modi  #PMCaresFund_का_हिसाब_दो https://t.co/w3aLEmOA4r,NOT,NONE,0
hi_hasoc_2021_3325,"Enough is enough   Thanks for your ""ACCHE DIN"":-[  Now #ResignPMmodi  No more #IStandWithModi Just #ExitModi   #Vaccine_और_MSP_दो #कोरोना_को_चुनाव_मे_बढ़त https://t.co/Qcw9Ifp4Lw",NOT,NONE,0
hi_hasoc_2021_1589,अब खतरे की कोई बात नही है अब सभी को सभी से खतरा है। #ModiGovtSeNaHoPayega  #BengalBurning #BengalViolence,NOT,NONE,0
hi_hasoc_2021_2358,"कैसे होगा ये सब ठीक  कुछ सूझता ही नहीं साले सबके सब जानवर से भी बदतर ऐसे लोगों को जन्म कौन दे रहा है पाल कौन रहा है,शिक्षा कौन दे रहा है,संस्कार कौन दे रहा है,इनके मां बाप नहीं हैं क्या,इनके दोस्त,रिश्तेदार,बहिन,भाई सब ऐसे ही रेपिस्ट हैं।पुलिस,कानून,समाज किसी का भी डर नहीं इनको😡 https://t.co/HX753spMrh",NOT,NONE,0
hi_hasoc_2021_1817,नोके खंजर की एबारत आप पढ़िए तो सही खून के धब्बे बताएंगे के कातील कौन है #JusticeForShahabuddin,NOT,NONE,0
hi_hasoc_2021_1358,@PTI_News अब पछतावे का होत है जब चिड़िया चुग गई खेत की कहावत कुछ चरितार्थ नहीं होने देने का यथासंभव प्रयास किया जाना चाहिए  #COVID19India #COVIDEmergency2021 #CovidVaccine #COVIDSecondWave #COVID19 #CovidIndia #CovidHelp #CovidHelpOnline #CovidCrisis #CoronaPandemic #Corona #CoronaCurfew,NOT,NONE,0
hi_hasoc_2021_5608,"बंगाल मिदनापुर में केंद्रीय विदेश राज्य मंत्री मुरलीधरन की कार पर भी TMC के गुंडों ने हमला किया, आज सुबह ग्रह मंत्रालय ने भी बंगाल में अपनी टीम भेजी ! #bangalviolence #BengalBurning https://t.co/GTxZ4as6GY",NOT,NONE,0
hi_hasoc_2021_1780,"'ये कैसा उन्माद?'  सदियों में न हुआ होगा यह ऐसा कृत्य घृणित है, टैगौर विवेकानंद सुभाष की भूमि आज हुई लज्जित है |  #BengalBurning #BengalViolence https://t.co/OXpxAISjlR",NOT,NONE,0
hi_hasoc_2021_2014,क्या सहाबुद्दीन साहब को इंसाफ मिलेगा उनकी मौत की जांच होनी चाहिए  #JusticeForShahabuddin,NOT,NONE,0
hi_hasoc_2021_362,@manishjagan 😭टोपी-बाज😭  #COVIDEmergency  #ModiHataoDeshBachao  #ModiKaVaccineJumla  #ModiGovtSeNaHoPayega  #ModiMadeDisaster  #PaidMedia,NOT,NONE,0
hi_hasoc_2021_4277,@the_hindu मोदी तुम इस्तीफा दो हम तुम्हारे साथ है #ResignModi  #Resign_PM_Modi  #ModiHataoDeshBachao https://t.co/spsvPTov8W,NOT,NONE,0
hi_hasoc_2021_563,@Bhagwa_Sherni22 मेरा दिखावे के हिंदू भाइयों से विनम्र विनती है कि अपनी छोटी मानसिकता और फूहड़ शब्दों से दूसरे धर्म के लोगों की नजर में सनातन धर्म को बदनाम करना बंद करें  प्लीज,NOT,NONE,0
hi_hasoc_2021_3821,बैंक से शुरू हुई लाईन...  शमशान तक पहुंच गई...  और न जाने कहां तक जाएगी...😢😢  अब और कितना विकास चाहिए देशवासियो को?? #ModiResign #ModiKaVaccineJumla #ModiGovtSeNaHoPayega #मोदी_हटाओ_देश_बचाओ #मोदी_इस्तीफा_दो  #25सांसद_लापता_है  #Bharat_Jalao_Party https://t.co/NEyecDi8Io,NOT,NONE,0
hi_hasoc_2021_2140,"#IndiaFightsCOVID19 #IndiaNeedsOxygen #India #IndiaCovidCrisis ये कहाँ आ.. गये ह..म.., यूँही आपस में लड़ते-लड़ते... https://t.co/0XchZvIlcK",NOT,NONE,0
hi_hasoc_2021_1977,प्रदेश अध्यक्ष श्री @adeshguptabjp के नेतृत्व में पश्चिम बंगाल में तृणमूल कांग्रेस के गुंडों द्वारा भाजपा कार्यकर्ताओं की निर्मम हत्याओं के विरोध में दिल्ली भाजपा का प्रदर्शन। #BengalBurning https://t.co/9Tgyos5X7P,NOT,NONE,0
hi_hasoc_2021_1510,#राष्ट्रपति_जी_बंगाल_संभालो #hindulivesmatter #spinelessmodi  #BengalBurning https://t.co/tETwWOUUNC,NOT,NONE,0
hi_hasoc_2021_2190,@BhootSantosh मोदी तुम इस्तीफा दो हम तुम्हारे साथ है #ResignModi  #Resign_PM_Modi  #ModiHataoDeshBachao https://t.co/spsvPTov8W,NOT,NONE,0
hi_hasoc_2021_1576,"जिस देश में डॉ कफील खान जैसे लोगों को जेल जाना पड़ता है, और आम लोग चुटकुले देखते हैं! उस देश के लोगों का बिना इलाज के मर जाना आम बात है! #COVID19 #COVID19India #ModiResign #ResignModi #COVIDEmergency #FridayThoughts #India #ModiKaVaccineJumla #CoronavirusPandemic #ModiMustResign",NOT,NONE,0
hi_hasoc_2021_1120,लोग टूट जाते हैं एक घर बनाने में  तुम तरस नहीं खाते बस्तियाँ जलाने में...  बंगाल का हाल चुनावी नतीजे के बाद 😢  #BengalBurning #BengalViolence https://t.co/1gSwlWbMyG,NOT,NONE,0
hi_hasoc_2021_626,@pbhushan1 @GretaThunberg मोदी तुम इस्तीफा दो हम तुम्हारे साथ है #ResignModi  #Resign_PM_Modi  #ModiHataoDeshBachao https://t.co/spsvPTov8W,NOT,NONE,0
hi_hasoc_2021_3267,@AshrafFem आज़म खान साहब का इलाज AIIMS में कराया जाए… शहाबुद्दीन साहब की तरह उन्हें सिस्टम भरोसे नही छोड़ सकते😢🙏 #JusticeForShahabuddin,NOT,NONE,0
hi_hasoc_2021_3695,आत्मनिर्भर भारत से सब पर निर्भर भारत !! #AatmanirbharBharat #SaturdayThoughts #YogiAdityanath #indiacovid #India #ModiKaVaccineJumla,NOT,NONE,0
hi_hasoc_2021_457,"@idontcarebigots @_mithilesh__ @BasudevOfficial बेटे, हम ही हैं जो मामले की जड़ तक जाते हैं।  आपके जैसा कोई मूर्ख नहीं है जो कुछ भी उठाता और फेंकता है।",NOT,NONE,0
hi_hasoc_2021_1243,ताउम्र इस नाम को सीने से लगा के रखूंगा❤️ साहब #JusticeForShahabuddin,NOT,NONE,0
hi_hasoc_2021_800,"बंगाल में बांग्लादेशी घुसपैठिये, रोहिंग्या और इन दोनों को चाहने वाले सुरक्षित हैं साहब..! लेकिन  BJP कार्यकर्ता राष्ट्रवादी और हिन्दू नहीं। #BengalBurning",NOT,NONE,0
hi_hasoc_2021_2326,#यादव ना बिहार में तुम्हारे है  ना यूपी में तुम्हारे है   ओर जिसे तुम अपना मसीहा मानते हो ना @asadowaisi उसको सिर्फ़ राजनीति से मतलब है तुम्हारे मरने जीने से नही  #JusticeForShahabuddin,NOT,NONE,0
hi_hasoc_2021_2135,जब कोई साथ नहीं आया तो वहा @ShayarImran साथ आया #JusticeForShahabuddin https://t.co/m43SEpMxan,NOT,NONE,0
hi_hasoc_2021_4655,@realSonuNigam0 @ThePushpendra_ नाम का है बस हिंदी सिनेमा थिरकती मदिरा में हीरो टुन... फूहड़ गाने विदेशी धुन.  https://t.co/egQ2EW6AOA    इज्ज़त के साथ बेज़्ज़ती के लिए एक सब्सक्राइब तो बनता है  सनातनी का सब्सक्राइब मिले तो और कहना हौसला बढेगा  🙏🙏,NOT,NONE,0
hi_hasoc_2021_3546,@ajitanjum मोदी तुम इस्तीफा दो हम तुम्हारे साथ है #ResignModi  #Resign_PM_Modi  #ModiHataoDeshBachao https://t.co/spsvPTov8W,NOT,NONE,0
hi_hasoc_2021_2388,"कोरोना महामारी की दूसरी लहर के बीच भारत में वैक्सीनेशन की रफ्तार धीमी पड़ गई है. बीते महीने वैक्सीनेशन रोजाना औसतन 40 लाख के आस-पास थी, जो अब घट कर 20 लाख से भी कम हो गई है  #DIU  #coronavirus #CovidVaccine #RE https://t.co/db0D69v6dd",NOT,NONE,0
hi_hasoc_2021_4114,"Enough is enough   Thanks for your ""ACCHE DIN"":-[  Now #ResignPMmodi  No more #IStandWithModi Just #ExitModi   #Vaccine_और_MSP_दो #कोरोना_को_चुनाव_मे_बढ़त https://t.co/2ntdnUX6gT #कोरोना_से_क्रुर_हत्यारा_मोदी https://t.co/wrLygx7KSY",NOT,NONE,0
hi_hasoc_2021_3998,जिनके बदौलत आधा बंगाल और पूरा असम आया उनके हिस्से में शमशान आया । #BengalBurning  @KailashOnline @AmitShah @amitmalviya @BJP4India @JPNadda,NOT,NONE,0
hi_hasoc_2021_4762,@GreeshmaShukla @UntoldStorY06 मोदी तुम इस्तीफा दो हम तुम्हारे साथ है #ResignModi  #Resign_PM_Modi  #ModiHataoDeshBachao https://t.co/spsvPTov8W,NOT,NONE,0
hi_hasoc_2021_3770,"जब वक़्त अच्छा था तो लाखों थे साथ में, आज वक्त बुरा है तो 20 न है पास में 😭  ये सब्र की घड़ी है अल्लाह रहम फरमा‌ 🤲  #JusticeForShahabuddin @yadavtejashwi @TejYadav14 @laluprasadrjd",NOT,NONE,0
hi_hasoc_2021_5981,"रोहित सरदाना की डेड बॉडी उनके शहर को दी जा सकती है मगर बिहार के पूर्व सांसद #मोहम्मद_शहाबुद्दीन_जी की डेड बॉडी उनके परिवार को नहीं,,  #BoycottRJD #GaddarRJD #JusticeForShahabuddin",NOT,NONE,0
hi_hasoc_2021_724,"@khanruhan786 अजीब बेशर्म कॉम है भाई, एक criminal के लिए आंसू बहा रही है, फिर कहोगे हमारे साथ सौतेला व्यवहार होता है भारत में , जिसने बेगुनाहो का खून बहाया, उसके लिए क्या रोना ??  याद रखना, सहाबुद्दीन जैसे लोग ही मुसलमानो के सवसे बड़े दुश्मन है !  #JusticeForShahabuddin  #Shahabuddin !!!",NOT,NONE,0
hi_hasoc_2021_5437,ये भारतीयों का हत्यारा है #ModiKaVaccineJumla,NOT,NONE,0
hi_hasoc_2021_3750,लिखने मैं कोई टैक्स थोड़ी लगता हैं आप सब लिखते रहिए जब तक ये हैसटैग नम्बर 1 ना पहुंच जाए #JusticeForShahabuddin https://t.co/kFx5zFibf3,NOT,NONE,0
hi_hasoc_2021_1867,#बंगाल_हिंसा #BengalViolence #BengalBurning https://t.co/jhf9TReOi3,NOT,NONE,0
hi_hasoc_2021_2585,@ArvindKejriwal एक नवीन कुमार की रिपोर्ट पर कुछल कुद नहीं करो l असलं मे व्यवस्था खराब होकर पडी है l मोहल्ला क्लीनिक मे #मोहल्ला_कुत्ते कुतिया छडते दिख रहे है मोहल्ले के कुते वहा बैठक जमा करते है इश्क मोहब्बत खुलेआम हो रहा है,NOT,NONE,0
hi_hasoc_2021_453,वो ज़हर देता तो सब की निगह में आ जाता  सो ये किया कि मुझे वक़्त पे दवाएँ न दीं  #JusticeForShahabuddin,NOT,NONE,0
hi_hasoc_2021_3737,"ना जानें कितने ""चिरागों"" को मिल गई शोहरत एक ""आफताब"" के बे वक्त डूब जाने से ।  #JusticeForShahabuddin https://t.co/q6dlA5cZok",NOT,NONE,0
hi_hasoc_2021_2466,अपना ज़माना आप खुद ही बनाते हैं अहल-ए-दिल  हम वह नहीं हैं जिनको ज़माना बना गया।    #Shahabuddin #JusticeForShahabuddin https://t.co/e3pZJR451f,NOT,NONE,0
hi_hasoc_2021_3943,@MamataOfficial @HemantSorenJMM अब तो ये साबित हो गया है कि बंगाल में ममता बनर्जी नही बल्कि ममता बनर्जी का खौफ और आतंक जीता था। #BengalBurning #BengalViolence https://t.co/NknnT4f6EI,NOT,NONE,0
hi_hasoc_2021_3933,@LambaAlka जिसको पार्टी ने सम्मान दिया केंद्रीय मंत्री बनाता उसके बाद 1लाख 60 हजार वोट पाकर चौथे स्थान पर रहा फिर भी बंगाल चुनाव का प्रभारी बनाया कांग्रेस का एक विधायक भी नही जीता पाया भाजपा में चले गए वहाँ हालत गुलामो की तरह होगी चुप रहो बैठे रहो हाफपैंट पहनो और--?,NOT,NONE,0
hi_hasoc_2021_1518,ईश्वर की असीम कृपा है!🙏 #कोरोना_हारेगा_भारत_जीतेगा जयश्रीराम #CovidVaccine जरूरले #FF @2002jyot @KajolRajput19 @JyotiShrivast @jal19jan @PremCha07157034 @Vinay_Dwivedii @Alkasin124  @sapan_25072019 @Kuldeep37631447 @SanjayP87635447 @sanjay_pantoji @OfficiallyAsmit @shalu258 fbRt https://t.co/yAXeaWXHPh,NOT,NONE,0
hi_hasoc_2021_747,तब उनके लिए एक गोड्से पैदा हुआ था और अब अगर आप नहीं संभले तो आपके लिए भी एक गोड्से पैदा हो सकता है .  #SpinelessBJP #JPNadda #BengalBurning #Modiji #AntiHinduMamata #ममता_खूनी_है,NOT,NONE,0
hi_hasoc_2021_1018,"@BrahamSamvad @JitinPrasada इतिहास गवाह है ब्राह्मण दोगला नहीं होता! वह पीठ पर खंजर भी नहीं चलाता। वह दलाली भी नहीं करता, मगर यह क्या किया..!",NOT,NONE,0
hi_hasoc_2021_1432,#ChineseVirus भयंकर है कोरोना https://t.co/jcmqVzKaJC,NOT,NONE,0
hi_hasoc_2021_2957,"@sankulyaa @BrettLee_58 @patcummins30 भाइयों बहनों पैशे खिदमत है, एक और #पप्पूशास्त्र का विद्यार्थी 🤣  Don't listen to @amanshahbazkhan  Its' a #ChineseAgent working as a #ChineseBot heavily funded by enemy countries to trouble India n spread #ChineseVirus. Proponent of #Pappuanomics 1 of a #INCorporated #LOLu",NOT,NONE,0
hi_hasoc_2021_1939,"बिछड़ा कुछ इस अदा से कि रुत ही बदल गई, इक शख़्स सारे शहर को वीरान कर गया !!  #JusticeForShahabuddin   @tshahab05 https://t.co/Iqcosu1cIq",NOT,NONE,0
hi_hasoc_2021_1438,Priorities🤦🏼 #ResignModi https://t.co/yu9OXGfuJP,NOT,NONE,0
hi_hasoc_2021_3365,"@sktripathi14 भाईसाहब whatsapp पर ब्लॉक कर दिया हैं यहां भी करें। सच्चाई से मुंह नहीं फेर सकते हैं, मिलकर समाधान निकाला जा सकता हैं। #BengalBurning",NOT,NONE,0
hi_hasoc_2021_1,"दिल्ली को मिलनी चाहिए उसके हिस्से की ""OXYGEN""  ➡️ जरूरत : 976 टन ➡️आवंटित : 490 टन ➡️मिल रही : 312 टन  #Resign_PM_Modi  people life's matter..  भूतिये है @sambitswaraj https://t.co/3BCVOilkI4",NOT,NONE,0
hi_hasoc_2021_950,@SanataniBOY @NaveenKher2020 @ritika_offl बड़ा हरामी होता है दिल हमारा 😂,NOT,NONE,0
hi_hasoc_2021_807,#ArrestMamata or #ResignModi   TV Serial की           Politics की अनुपमा                     अनुपमा                  😭😭😭  #BengalBurning #BengalViolence https://t.co/0OZl8klcNa,NOT,NONE,0
hi_hasoc_2021_967,@RahulGandhi मोदी तुम इस्तीफा दो हम तुम्हारे साथ है #ResignModi  #Resign_PM_Modi  #ModiHataoDeshBachao https://t.co/spsvPTov8W,NOT,NONE,0
hi_hasoc_2021_1333,#OPS #BanEVM #पुरानी_पेंशन_बहाल_करो #FarmersProtest #SpeakUpForFarmers #StopPrivatization #ModiMadeDisaster #NPS_भारत_छोड़ो #NPS_QUIT_INDIA #NPSनिजीकरणभारतछोड़ो #OPS_कर्मचारी_का_अधिकार #NPSनिजीकरणकेख़िलाफ़_इंक़लाब #स्वास्थ्य_क्षेत्र_मे_बजट_बढ़ाओ #Resign_PM_Modi #Vaccine_और_MSP_दो https://t.co/lPz0q4UuhR,NOT,NONE,0
hi_hasoc_2021_1875,आप सब लिखते रहिए जब तक ये हैशटैग नम्बर 1 ना पहुंच जाए.. #JusticeForShahabuddin,NOT,NONE,0
hi_hasoc_2021_2821,"@dineshbjp09 ममता को चोट लगी.. ब्रेकिंग न्यूज़ बन गई ।   बंगाल में हिन्दुओं पर हो रहा अत्याचार,  मारकाट लूटपाट मची हुई है बलात्कार हो रहे है। पर यह न्यूज़ कब बनेगी ??? क्या हिन्दू होना गुनाह है ??? #CruelMamata #BengalBurning",NOT,NONE,0
hi_hasoc_2021_3970,#GodiMedia doing their master #Modi’s bidding 🐕 #ModiResign #ModiAbandonedIndia #ModiMustResign #ResignPMmodi #ModiKaVaccineJumla #ModiSarkarHiSystemHai #ModiMadeDisaster #25सांसद_लापता_है,NOT,NONE,0
hi_hasoc_2021_3004,भक्तों देश के किसी भी अस्पताल के बाहर मोदी और योगी जिंदाबाद बोल कर दिखा दो। #YogiAdityanath #ModiResign #ModiKaVaccineJumla #Modi,NOT,NONE,0
hi_hasoc_2021_1412,शेर-ए-बिहार शहाबुद्दीन साहब की मौत नहीं बल्कि हत्या हुई है। #JusticeForShahabuddin,NOT,NONE,0
hi_hasoc_2021_3796,"@BJP4Rajasthan अगर धरना देने से सब सही हो जाता तो..  कुरुक्षेत्र में भी ""श्री कृष्ण"" जी ""अर्जुन"" को यही सलाह देते..। 😡😡😡  #BengalBurning  #BengalViolence  #KhooniKhela  #WestBengalViolence #SaveBengalBJPsupporters  #SaveHindusInBengal",NOT,NONE,0
hi_hasoc_2021_4669,@BJP4Delhi राहुल गांधी को बोलो 72000 हज़ार का वायदा आपने 2019 में अपने देश में देने का किया कृपा अब देदो जनता को @BJPNagendraji  #BengalTrustsModi #BengalViolence #BengalBurning #Bengal #bangalviolence #CruelMamata #AntiHinduMamata  #IStandWithModi #KanganaRanaut #lockdown #SuvenduAdhikar https://t.co/TkgPK52BNi,NOT,NONE,0
hi_hasoc_2021_4004,जिन्दगी में जब कोई झुका न सका तो धोखे से साँसे ही छीन ली.!  अलविदा शहाबुद्दीन साहब 😭  #JusticeForShahabuddin,NOT,NONE,0
hi_hasoc_2021_2711,"नसीहत, वह सच्चाई है जिसे हम कभी ग़ौर से नहीं सुनते, और तारीफ़ वह धोखा है जिसे हम पूरे ध्यान से सुनते हैं! #ModisCrimeAgainstIndia #ResignPMmodi  #SpinelessBJP #Oxygen4All #BeHuman #OxygenMan #fakenews #coronavirus #COVID19 #BJP #ModiSarkarHiSystemHai #DisinvestmentSCAM #AjitSingh",NOT,NONE,0
hi_hasoc_2021_4288,@kapsology मोदी तुम इस्तीफा दो हम तुम्हारे साथ है #ResignModi  #Resign_PM_Modi  #ModiHataoDeshBachao https://t.co/spsvPTov8W,NOT,NONE,0
hi_hasoc_2021_1397,#bengalviolence Be careful everyone. Some unscrupulous people are posting these pictures on social media to spread tension in the state and the country.  #CovidIndia #COVIDEmergencyIndia #ममता_की_निर्ममता #SpinelessBJP #SpinlessBJP #बंगाल_हिंसा #COVIDEmergency   #BengalBurning https://t.co/gokGwfMCms,NOT,NONE,0
hi_hasoc_2021_3461,@DeependerSHooda @anubhavsinha मोदी तुम इस्तीफा दो हम तुम्हारे साथ है #ResignModi  #Resign_PM_Modi  #ModiHataoDeshBachao https://t.co/spsvPTov8W,NOT,NONE,0
hi_hasoc_2021_1450,The 3rd wave alert is like Red alert drill before Indepdence n Republic Day.  एलर्ट करके फ़ारिग़।They can’t handle the 2nd wave n we expect them to plan the 3rd? Its naive. राजा बाबू से न हो पाएगा। #ResignModi #FarmLawsWorstThanCOVID https://t.co/Z3NT3WUA1c,NOT,NONE,0
hi_hasoc_2021_2313,ज़ल्द लौटेंगी ख़ुशियाँ  अभी कुछ ग़मों का दौर है  संभल कर रहिए जनाब  ये इम्तिहानों का दौर है  #लडेंगे_और_जीतेंगे #IndiaCovidCrisis #राजस्थान_सतर्क_है,NOT,NONE,0
hi_hasoc_2021_888,जब पूर्व सांसद मोहम्मद शाहबुद्दीन की करोना रिपोर्ट नेगेटिव थे तो फिर उनकी इलाज में इतनी लापरवाही क्यों? #JusticeForShahabuddin,NOT,NONE,0
hi_hasoc_2021_1960,तू सी ग्रेट हो  you are real  corona warrior  #रोहित_सरदाना #RohitSardana #YogiJhootaHai #aajtak #ModiKaVaccineJumla https://t.co/IIH5U2qc6F,NOT,NONE,0
hi_hasoc_2021_6090,मैं शपथलेती हूं कि.. खून का खेला जारी रहेगा #BengalBurning  #MamataBanarjee #WestBengalElections2021 https://t.co/ydPnpvr1F5,NOT,NONE,0
hi_hasoc_2021_3532,एक बार फिर से आप सब इस हैसटैग पर 10 - 10 ट्वीट करों और इसे नम्बर 1 पर पहूंचा दो रीट्वीट #JusticeForShahabuddin https://t.co/RBjErvq7jB,NOT,NONE,0
hi_hasoc_2021_331,धोबी का कुत्ता न घर का न घाट का इस कहावत का लेना-देना जितिन प्रसाद जी से नहीं है @JitinPrasada @KaunSandeep @priyankagandhi @nikiayushi @DrUmaShankar1 @DrVijaiShanker2 @F_Kichaucha_INC @SanjayT50903342 @AnuragT55661512 @rohanrgupta @arjunmodhwadia,NOT,NONE,0
hi_hasoc_2021_5987,जो शहाबुद्दीन के साथ हैं वो इस ट्वीट को रीट्वीट करें और इस हैसटैग पर ट्वीट करें #JusticeForShahabuddin  @OsamaShahab_ https://t.co/SP3dUucEel,NOT,NONE,0
hi_hasoc_2021_343,#कानपुर फजलगंज थाना क्षेत्र मे प्राइवेट बसो मे मानको को ताक पर रखकर अवैध पार्सल का काम धड़ल्ले से जारी है @UPGovt @Uppolice @kanpurnagarpol @dgpup @UPGovt https://t.co/tz8ECYMDbV,NOT,NONE,0
hi_hasoc_2021_3957,मैं ममता बनर्जी शपथ लेती हूं कि बीजेपी के कार्यकर्ता और हिंदुओं को ऐसे ही कत्लेआम कराती रहूंगी @MamataOfficial  #BengalBurning #GovernorsRuleinBengal #SpinlessBJP https://t.co/ETabUamVtJ,NOT,NONE,0
hi_hasoc_2021_4175,राजद के नवादा ज़िला अध्यक्ष कमरुल बारी साहब ने राजद से दिया इस्तीफा… #JusticeForShahabuddin https://t.co/rEmg7gH2j1,NOT,NONE,0
hi_hasoc_2021_1281,बंगाल में बांग्लादेशी घुसपैठिये और रोहिंग्या सुरक्षित हैं लेकिन   BJP कार्यकर्ता और हिन्दू नही !   #कश्मीर_बनता_बंगाल #राष्ट्रपति_जी_बंगाल_संभालो #BengalBurning,NOT,NONE,0
hi_hasoc_2021_2823,चलो अंदाज़ा लगाये @narendramodi  साहब 15 दिन में दाढ़ी कटाएंगे की नही?? #ResignPMmodi #ResignPM_Modi #BengalElection2021,NOT,NONE,0
hi_hasoc_2021_2051,#ModiResign #ModiKaVaccineJumla  #ModiMadeDisaster  #ModiResignMust  #ModiSarkarHiSystemHai  #ModiFailsIndia  #मोदी_इस्तीफा_दो  #मोदी_शैतान_भुगतें_किसान  #मोदी_हटाओ_देश_बचाओ  #मोदी_इस्तीफा_दो  #मोदी_भाषण_रोको_आक्सीजन_नहीं  #BjpDestroyedIndia  #ModiDisasterForIndia  #ModiResign,NOT,NONE,0
hi_hasoc_2021_4128,"हिंसा जस्टिफाई करने के लिए कैसे भी तर्क कुतर्क गढ़े जा सकते हैं, प्रसून जी के शब्दों में - "" ना जाने किन परिस्थितियों में आज देश की मानसिकता है ""😬 #BengalBurning https://t.co/9mbYuZQVg4",NOT,NONE,0
hi_hasoc_2021_4039,यादव परिवार की ग़ैरत कब जागेगी.... #JusticeForShahabuddin,NOT,NONE,0
hi_hasoc_2021_1633,",एक जानवर को भी पेड़ से कितना लगाव हैं और एक मानव हैं जो अपने स्वार्थ वश पेड़ों को दिनोंदिन काटता जा रहा है। 👇🏽👇🏽 https://t.co/Mwu0CcZUXO",NOT,NONE,0
hi_hasoc_2021_1697,@chmpu25 @ashokgehlot51 संविदा = काम करने वाला अल्प वेतनभोगी गधा,NOT,NONE,0
hi_hasoc_2021_1795,आज़म खान साहब का इलाज AIIMS में कराया जाए… शहाबुद्दीन साहब की तरह उन्हें सिस्टम भरोसे नही छोड़ सकते😢🙏 #JusticeForShahabuddin,NOT,NONE,0
hi_hasoc_2021_1387,"@BJP4Rajasthan अगर धरना देने से सब सही हो जाता तो..  कुरुक्षेत्र में भी ""श्री कृष्ण"" जी ""अर्जुन"" को यही सलाह देते..। 😡😡😡  #BengalBurning  #BengalViolence  #KhooniKhela  #WestBengalViolence #SaveBengalBJPsupporters  #SaveHindusInBengal",NOT,NONE,0
hi_hasoc_2021_1426,@kunalkamra88 मोदी तुम इस्तीफा दो हम तुम्हारे साथ है #ResignModi  #Resign_PM_Modi  #ModiHataoDeshBachao https://t.co/spsvPTov8W,NOT,NONE,0
hi_hasoc_2021_3774,@dineshbjp09 ममता को चोट लगी.. ब्रेकिंग न्यूज़ बन गई ।   बंगाल के हिन्दुओ को बचा लीजिए मोदी जी अमित शाह जी ??? 🙏🙏🙏 #CruelMamata  #BengalBurning,NOT,NONE,0
hi_hasoc_2021_571,@chitraaum हाथरस में माइक कैमरा लेकर पुलिस अफसर के सर पर तांडव करने वाली चित्रा जी का बुलेट बंगाल की ओर काहे नही घूम रहा? #HinduGenocideBengal #HindusLivesMatter  #BengalBurning,NOT,NONE,0
hi_hasoc_2021_5882,मोदी तुम इस्तीफा दो हम तुम्हारे साथ है #ResignModi  #Resign_PM_Modi  #ModiHataoDeshBachao https://t.co/cqivcHlZkj,NOT,NONE,0
hi_hasoc_2021_2027,#OPS #BanEVM #पुरानी_पेंशन_बहाल_करो #FarmersProtest #SpeakUpForFarmers #StopPrivatization #ModiMadeDisaster #NPS_भारत_छोड़ो #NPS_QUIT_INDIA #NPSनिजीकरणभारतछोड़ो #OPS_कर्मचारी_का_अधिकार #NPSनिजीकरणकेख़िलाफ़_इंक़लाब #Resign_PM_Modi #किसान_कार्मिक_संग_संग  #FarmLawsWorstThanCOVID https://t.co/tKMrZhzakc,NOT,NONE,0
hi_hasoc_2021_1058,"शहाबुद्दीन साहब को कोरोना नहीं था,तो अचानक मौत कैसे हुई ? उन्हें AIIMS की जगह DDU में क्यों एडमिट किया गया? जब कोरोना रिपोर्ट नेगेटिव है तो शरीर सीवान क्यों नही ले जाने दे रहे? हम तदफीन के साथ न्यायिक जांच की मांग करते हैं,  आखिर क्या छुपा रहें है? #JusticeForShahabuddin",NOT,NONE,0
hi_hasoc_2021_1381,जावेद शमीम को पबंगाल का नया एडीजी बनाया गया है ममता ने ।   #CruelMamata की नीति स्पष्ट हैं।   #BengalBurning https://t.co/ay7jAg4527,NOT,NONE,0
hi_hasoc_2021_537,"मुबारक हो शेरे बिहार तुझे शहादत भी नसीब हुई तो रमज़ान में। (शहाबुदीन साहब) शहादत है मतलूब ओ मक़सूद ए मोमिन, ना माले गनीमत ना किशवर कुशाई। अल्लामा इक़बाल। #JusticeForShahabuddin  #JusticeForShahabuddin",NOT,NONE,0
hi_hasoc_2021_2844,"New post: Rohtas News: अवैध खनन मामलों में 75 प्राथमिकी दर्ज, 50 अभियुक्त गिरफ्तार डेहरी ऑन सोन ।रोहतास जिले में",NOT,NONE,0
hi_hasoc_2021_3417,"""किसी को देश में अब डर नही लगेगा ना ही कोई अवार्ड वापस करेगा।""  राज्य प्रायोजित हिंसा #BengalBurning #BengalViolence",NOT,NONE,0
hi_hasoc_2021_1219,"किसान आंदोलन के समर्थन ने ट्वीट करने वाली ये (रिहाना,ग्रेटा थनबर्ग और मिया खलीफा ) महिलाओं ने कुछ लिखा है क्या ,बंगाल में हुई हिंसा पे ?? 🧐 #BengalBurning #CruelMamata  #BengalRiots  #नींद_से_जागो_अमित_शाह_जी  #NarendraModi https://t.co/DrufogExHH",NOT,NONE,0
hi_hasoc_2021_462,"देश को बेचने वाले क्या जाने मिट्टी से प्यार। मिट्टी किसान की माँ है। तुम कुर्सी के लिए लड़ते हो हम अपनी माँ के लिए, जड़े काट देंगे जिसने माँ की तरफ़ आँख उठाई। #ResignModi #PrayForFarmersVictory #FarmersProtest https://t.co/SuimqRh4Mm",NOT,NONE,0
hi_hasoc_2021_3805,समझदार को इशारा ही काफी है। ममता बनर्जी को जीत की हार्दिक शुभकामनाएं।  #ElectionResult #WestBengalPolls #MamataBanerjee #ModiMustResign #ModiKaVaccineJumla #TMC200Paar #Elections2021 #BengalElection2021 #ModiMadeDisaster https://t.co/SwQI6fvWYr,NOT,NONE,0
hi_hasoc_2021_3917,"जो जितना मीठा होता खुद अपनी नाश कराता है, जैसे गन्ना मीठा होता है कोल्हू में पेरा जाता है। #BengalBurning",NOT,NONE,0
hi_hasoc_2021_5407,सब याद रखा जाएगा।👍 #JusticeForShahabuddin https://t.co/l35fCHqNJ6,NOT,NONE,0
hi_hasoc_2021_3154,"अजीब विडबना हैं खुद की पूर्ण बहुमत की सरकार हैं, तो धरना किस लिए... और तुम लोग धरने ही देने के लायक हो, पता नहीं कौन-सा बुरा समय था जो तुमको सत्ता में बैठा दिया...😊 #BengalBurning @BJP4India @anjanaomkashyap @chitraaum",NOT,NONE,0
hi_hasoc_2021_416,भाजपा के पूर्व विधायक राजन तिवारी को सुनिए क्या कह रहे शहाबुद्दीन साहब के बारे में।  #JusticeForShahabuddin https://t.co/bnjKghVkDT,NOT,NONE,0
hi_hasoc_2021_3090,"In BJP news briefing , by @JPNadda  all clips of #BengalViolence #BengalBurning are being played with good background singing and music, बलिदान व्यर्थ कहां गया? अच्छी वीडियो बनी है। #BengalViolence",NOT,NONE,0
hi_hasoc_2021_3016,#सड़ा_हुआ_समाज वेश्या https://t.co/O00K0rV4RB,NOT,NONE,0
hi_hasoc_2021_2209,आओ!  लाशों के ढेर पे सरकारें बना के लोकतंत्र का उत्सव मनाएं #ElectionResult #BangalElection2021 #COVID19 #IndiaNeedsOxygen #IndiaCovidCrisis,NOT,NONE,0
hi_hasoc_2021_1289,#IsupportModi   #राष्ट्रपति_जी_बंगाल_संभालो #CruelMamata #BengalBurning #ModiGovtSeNaHoPayega  Before Election         After Election          Hindu &amp; Muslim              Hindus https://t.co/GPexPPwEal,NOT,NONE,0
hi_hasoc_2021_1800,"*वो चैन से सो रहे हैं शहर बेचकर, कोई सुहाग बचा रहा जेवर बेचकर बाप ने उम्र गुजार दी जिस घरोंदे को बनाने में,बेटा उसकी सांसे खरीद रहा है वही घरोंदा बेचकर बर्बाद हो गये कई घर दवा खरीदने  में पर कुछ लोगों की तिज़ोरी भर गई जहर बेचकर! #ResignPMmodi #resignCMYogi #aneesRaja",NOT,NONE,0
hi_hasoc_2021_2930,ज़िंदगी और मौत दोनों से डर रहे है। बंदे में कुछ तो ख़ास बात थी। इसलिए ही लाश देने से डर रहे है।@TSP4India  #JusticeForShahabuddin,NOT,NONE,0
hi_hasoc_2021_3942,"भाइयों और बहनों भाड़ में जाओ, मर जाओ, पाकिस्तान चले जाओ । https://t.co/ZJmJdUTBpB",NOT,NONE,0
hi_hasoc_2021_5143,"@China_Amb_India @narendramodi I am shocked they didn't mention a line (Karam, you have been our worst sufferer) (करम हमारे ख़राब ह भुगत आप रहे ह) #wohanvirus  #chinesevirus",NOT,NONE,0
hi_hasoc_2021_2138,जो तेजस्वी यादव ने मो० शहाबुद्दीन के साथ किया वही यूपी में अखिलेश यादव आजम खान साहब के साथ कर रहा है। दोस्तों अभी भी समय है आजम खान साहब की जान जाने से बचा लीजिए। #PMOIndia #आजम_खान_की_जान_बचाओ  #JusticeForShahabuddin  #TejaswiYadav #Bihar  #AkhileshYadav #Azamgarh,NOT,NONE,0
hi_hasoc_2021_1696,सऊदी अरब ने केवल गैस दी हैं टेंकर को वापस करना हैं बेचना नही हैं शेख हैं बहुत मारता हैं चाबूक भिगा के! 😝  @narendramodi @AmitShah @PMOIndia @RSSorg @BJP4India #RSS #RSSTerrorists #Rss_terrorists  #Islamophobiainindia #Islamophobia #BJP #bjp4india #NarendraModi,NOT,NONE,0
hi_hasoc_2021_1747,@JitendraRaiMLA ध्यान से देखो और सुनो इस वीडियो @AshrafFem @Kush_voice  @007QaQa  आप  लोग सिर्फ और सिर्फ नफरत फैला कर के फ्लॉयर बढ़ाने वाले लोग हो और कुछ नही हो। यदि शर्म आये तो पुराना ट्वीट डिलेट कर देना। यदि किसी को जोड़ नही सकते हो तो नफरत फैला कर किसी को बाटो भी मत। #JusticeForShahabuddin🙏,NOT,NONE,0
hi_hasoc_2021_990,"TMC कि जीत पर वही लोग हंस रहे हैं जो पृथ्वीराज चौहान, राणा प्रताप, शिवाजी,भगत,सुखदेव, चंद्रशेखर आजाद, राजगुरू की #मौत पर हंसे थे ! सिर्फ पिढी बदली है ! #ShameOnMamata  #BengalBurning",NOT,NONE,0
hi_hasoc_2021_3286,"@JPNadda @BJP4India @narendramodi इस गति के साथ (प्रति दिन 20 लाख खुराक), 100 करोड़ इंडियंस (200 करोड़ खुराक) का टीकाकरण करने में 3 साल लगेंगे। वैक्सीन 6 से 9 महीने तक प्रभावी रहेगा। मतलब जब तक आप 25 करोड़ लोगों का टीकाकरण नहीं करेंगे, तब तक पहले के लोगों को दिया जाने वाला टीका अप्रभावी होगा। #ModiKaVaccineJumla",NOT,NONE,0
hi_hasoc_2021_5065,@sardesairajdeep @pbhushan1 @patelanandk मोदी तुम इस्तीफा दो हम तुम्हारे साथ है #ResignModi  #Resign_PM_Modi  #ModiHataoDeshBachao https://t.co/spsvPTov8W,NOT,NONE,0
hi_hasoc_2021_3234,"@mpebdea @collectorrajga1 @RajgarhSp @DGP_MP @CMMadhyaPradesh @PradhumanGwl @mpczDiscom बिजली कर्मचारियों का मजाक बनाया जा रहा है जबकि बिजली कर्मी दिन-रात अपनी सेवाएं दे रहे हैं गलत रूप से अवैध रूप से पुलिस के द्वारा नेताओं के दबाव से गलत एफ आई आर की गई, इसे तत्काल वापस लिया जाए एवं दोषियों पर सख्त  कार्रवाई की जाए",NOT,NONE,0
hi_hasoc_2021_3265,"More than 5 months #Farmers are protesting against farm laws, More power to them  Long live the revolution   #PrayForFarmersVictory  #देश_ऑक्सीजन_मांगता_है #ResignModi #FarmersProtest https://t.co/UEGIEY83Gf",NOT,NONE,0
hi_hasoc_2021_3440,"नम आंखों से विदाई, अल्लाह सब्र अता फरमा l ढूंढोगे कहाँ मुझको, मेरा पता लेते जाओ, एक कब्र नई होगी एक जलता दिया होगा।#JusticeForShahabuddin https://t.co/whbVR8eaST",NOT,NONE,0
hi_hasoc_2021_3324,"बहुत बड़ी खबर,  भाजपा के धरना प्रदर्शन से TMC के हजारों कार्यकर्ता मारे गए,सैकड़ो घायल, TMC कार्यकर्ताओं में हडकंप 😕 #BengalBurning  #BengalViolence @narendramodi  @AmitShah",NOT,NONE,0
hi_hasoc_2021_3947,RSS अपनी सेवाएं सिर्फ़ चुनाव के दौरान BJP को जिताने के लिए ही देती हैं ?  कहाँ हैं संघ के सेवक ? #COVID19India  #lockdown2021  #ModiKaVaccineJumla #IndiaCovidCrisis #ModiMustResign #ResignPMmodi #ModiResign #जयभिम https://t.co/OZbBgR0TJd,NOT,NONE,0
hi_hasoc_2021_1854,"जुल्म के इस साये मई मुँह खोलेगा कौन, अगर हम भी चुप रहे तो बोलेगा कौन। #JusticeForShahabuddin",NOT,NONE,0
hi_hasoc_2021_1469,"ग्वालियर में कोरोना से मौत के बाद परिजन अपनो की अस्थियां तक लेने नहीं आए, 100 से ज्यादा लावारिस अस्थियां, नाम-पता गलत लिखाया #Gwalior #News #Article #coronavirus #Deaths #UnclaimedBody #DisturbingScenes #IndiaFightsCorona #IndiaCovidCrisis   https://t.co/2FiYt7LuNF",NOT,NONE,0
hi_hasoc_2021_1883,पश्चिम बंगाल में तृणमूल काँग्रेस के अराजक तत्वों द्वारा भाजपा कार्यकर्ताओं पर की गई बर्बरता के विरोध में भाजपा दिल्ली का विरोध प्रदर्शन। @adeshguptabjp @vinitgoenka @PandaJay @siddharthanbjp  #BengalBurning https://t.co/NdIKXBCln8,NOT,NONE,0
hi_hasoc_2021_5122,"@deepakpatrakar1 धोबी  का  कुत्ता  ,,न  घर  का  न  घाट  का  ,,,,।।।",NOT,NONE,0
hi_hasoc_2021_4115,मरहूम शहाबुद्दीन साहब को दिल्ली गेट कब्रिस्तान में सुपर्द ए खाक किया गया..😥 अल्लाह मरहूम की मगफिरत फरमाये और जन्नत मे आला मुकाम आता फरमाये! आमीन #GaddarRJD #JusticeForShahabuddin https://t.co/W1J8Arexhd,NOT,NONE,0
hi_hasoc_2021_2505,हमारे देश में ज्यादा लोग कारोना से नही बल्कि ईलाज नही मिल पाने से मर रहे है क्योंकि हमारे पास👇  🚫No Bed..! 🚫No Medicines..! 🚫No Oxygen..! 🚫No Hospital..! 🚫No burial sites..! 🚫No Vaccine..!!  Rulling Gov.&amp;Pm “🕺सब चंगा सी”🕺 #ModiKaVaccineJumla  #ModisCrimeAgainstIndia,NOT,NONE,0
hi_hasoc_2021_979,किसान हैं तो हिंदुस्थान हैं किसान साथ खडा होने जरुरत है #PrayForFarmersVictory #GodiMedia  #ResignModi  #Zahareelimedia,NOT,NONE,0
hi_hasoc_2021_3123,"@RubikaLiyaquat @srinivasiyc जैसे मरहूम शहाबुद्दीन साहब की मैय्यत दिल्ली गेट ITO कब्रिस्तान मे सुपुर्द ए खाक हुई,❣️   वैसे ही इंशा अल्लाह बिहार में  लालू की पार्टी को सुपुर्दे खाक करेगा बिहार का मुसलमान 😡  #JusticeForShahabuddin",NOT,NONE,0
hi_hasoc_2021_3174,बिलकूल सही क़दम #JusticeForShahabuddin https://t.co/hI4OJLeqHN,NOT,NONE,0
hi_hasoc_2021_2733,"कहते हैं न की मूर्ख इंसान को 2रुपया देदीजिए,उसे ज्ञान मत दीजिए वही हाल है इस ढावावाले बाबा का लोगों को न तो इज़्ज़त हज़म होती है,न ही पैसोंकी गर्मी बर्दाश्त होती है,थोड़ा सा लोगों का प्यार मिलने पर अहंकार होने लगता है उनको की,ये सारी पद प्रतिष्ठा नाम उन्होंने अपने बलबूते कमायहै https://t.co/b38UQabIGu",NOT,NONE,0
hi_hasoc_2021_2247,#कृषि_कानून_रद्द_करने_पड़ेंगे #किसानों_का_मोदी_को_धोबीपटका #कोरोना_हारेगा_भारत_जीतेगा #didi_o_didi #Resign_PM_Modi #ResignModi https://t.co/nkuWj246Vr,NOT,NONE,0
hi_hasoc_2021_3507,साहब को इंसाफ #JusticeForShahabuddin,NOT,NONE,0
hi_hasoc_2021_3269,#Islamophobia  कानून सबके लिए एक जैसा होना चाहिए लेकिन  कानून भी धर्म देख कर इंसाफ krta है https://t.co/wFncMUwm9v,NOT,NONE,0
hi_hasoc_2021_627,"भारत में कोरोना का आतंक: एक दिन में रिकॉर्ड 4.12 लाख व्यक्ति कोरोना पॉजिटिव, 3980 की मौत   https://t.co/U9Az2wFTJu   #CoronaPandemic #coronavirus #COVIDSecondWave #COVID19 #IndiaFightsCoronaVirus #IndiaCovidCrisis",NOT,NONE,0
hi_hasoc_2021_2547,जम्मू-कश्मीर के पूर्व राज्यपाल जगमोहन का सोमवार को निधन हो गया. राजधानी दिल्ली में अंतिम सांस ली   #Jagmohan  #JammuAndKashmir  #NewsUpdate  #COVID19  #Asdnews #IndiaCovidCrisis  #IndiaFightsCorona https://t.co/29FwO0BL8W,NOT,NONE,0
hi_hasoc_2021_964,"@VIVEKDU71777115 @ashishp18093051 @PMdrmanmohan वैसे भी ये सरकार सभी बड़े मुद्दे खतम कर रही है चाहे वह धारा 376 हो ,राम मंदिर का का हो या अवैध परवासी का हो सब काम हो रहा है फिर भी आप गाली निकलोगे तो क्या कर सकते है",NOT,NONE,0
hi_hasoc_2021_1096,"@aajtak @chitraaum दो मिनट का मौन उनके लिए भी जिनको बंगाल में चुनावी रैली दिखी ,  कोरोना दिखा किन्तु अब हिंसा , लूट अग्निकांड और महिलाओं को लुटती इज़्ज़त नहीं दिख रहीं 😡😡  #PresidentsRuleinBengal  #BengalBurning  #BengalViolence  #KhooniKhela  #WestBengalViolence",NOT,NONE,0
hi_hasoc_2021_3606,राजगढ़- अवैध शराब जब्त करने गए  पुलिसकर्मियों को आरोपियों ने घेरकर पीटा। @RajgarhSp @collectorrajga1 https://t.co/xOTadPTS2c,NOT,NONE,0
hi_hasoc_2021_4170,"@vishal_pratap06 @EAK_india पावर का गलत इस्तेमाल तो गलत हैं ही 🙄लेकिन गलत होता हुआ देख कर भी पावर का इस्तेमाल ""ना"" करना महापाप है साहब🙏 #बंगाल_में_राष्ट्रपति_शासन_नहीं_तो_वोट_नही #PresidentsRuleinBengal #BengalBurning @AmitShah @PMOIndia",NOT,NONE,0
hi_hasoc_2021_3877,#ResignPMmodi पहली कोरोना लहर के बाद डाक्टर नर्सों को आराम मिले इसलिए चिकित्सा से जुडे अन्य कार्यों को दूसरों को बाँटने के लिए क्या हुआ? जिससे वह 100%मरीज पर ध्यान दे सके।रजिस्टर में एंट्री तो कोई कर सकता है।चिकित्सा सामान तो कोई ओर खरीद सकता है आदि।,NOT,NONE,0
hi_hasoc_2021_856,"#ModiKaVaccineJumla भाईयों बहनों आप वैक्सिन के लिए क्यू मे आ गए हो ?                ""धन्यवाद "" आप को मै बस धन्यवाद दे सकता हूं क्योंकि  वैक्सिन तो है ही नही । लाइन में रहिए और मरते रहिए  आप का अपना झांसा राम https://t.co/bc9eiD2Dof",NOT,NONE,0
hi_hasoc_2021_2827,शेर ऎ बिहार #JusticeForShahabuddin #JusticeForShahabuddin,NOT,NONE,0
hi_hasoc_2021_3043,अलविदा शेर-ए-बिहार 😭 अल्लाह आपको जन्नतुल फिरदौस में आला मकाम अता फरमाए और अहले खाना को सब्र जमील अता फरमाए______🤲  #JusticeForShahabuddin https://t.co/7YOu656M6H,NOT,NONE,0
hi_hasoc_2021_21,अलविदा शेर-ए- सिवान!!!!  अलविदा शेर-ए-हिन्दोस्तान!!!  #JusticeForShahabuddin https://t.co/bvkVxT4gCC,NOT,NONE,0
hi_hasoc_2021_2825,#UPPolice #SPCkt @AnkitMittal789 के निर्देशन में अवैध शराब निर्माण एवं बिक्री की रोकथाम हेतु चलाए जा रहे अभियान के क्रम में @chitrakootpol ने एक अभियुक्त को अवैध शराब के साथ गिरफ्तार किया  @dgpup @Uppolice  @ADGZonPrayagraj @igchitrakoot @Sahu24x7 @Satyaprakashckt @ZiaulHaqTv9 https://t.co/z4KiKeaddf,NOT,NONE,0
hi_hasoc_2021_2230,आज़म खान साहब का इलाज AIIMS में कराया जाए… शहाबुद्दीन साहब की तरह उन्हें सिस्टम भरोसे नही छोड़ सकते😢🙏  #JusticeForShahabuddin,NOT,NONE,0
hi_hasoc_2021_3133,राजद के नवादा ज़िला अध्यक्ष कमरुल बारी साहब ने राजद से दिया इस्तीफा… #JusticeForShahabuddin https://t.co/eaFuEGmsmG,NOT,NONE,0
hi_hasoc_2021_1925,ऑक्सीजन की कमी से सिर्फ 6 लोगो के मरने पर जॉर्डन के स्वास्थ्य मंत्री ने इस्तीफा दे दिया !  और भारत मे .........? @PMOIndia  #CoronaVaccine  #ModiKaVaccineJumla  #ModiResign  #Resign_PM_Modi  #ModiMustResign,NOT,NONE,0
hi_hasoc_2021_3985,"@AhadWassuH11 @AshrafFem @007QaQa अल्लाह शहाबुद्दीन साहब को जन्नत उल फिरदोस में आला से आला मक़ाम अता फरमाएं, घर वालों को सब्र दे और शहाबुद्दीन साहब के बेटे ओसामा शहाब को हिम्मत और हौसला दे। आमीन। दुआ की गुजारिश है… #JusticeForShahabuddin",NOT,NONE,0
hi_hasoc_2021_1042,@aflatoon391 मोदी तुम इस्तीफा दो हम तुम्हारे साथ है #ResignModi  #Resign_PM_Modi  #ModiHataoDeshBachao https://t.co/spsvPTov8W,NOT,NONE,0
hi_hasoc_2021_274,"इधर चाइनीज पांडा ने गधे को एक और लात मार दी अबकी बार ये लात नागपुरिया भालू से मरवा दी,गधा पीटा जा रहा है ,गैंडा छुपा है😂",NOT,NONE,0
hi_hasoc_2021_2779,@_sayema अब धर्म बताओ इनका  #Anti_India_Facebook #Hindu Muslim #Islamophobia #Islam https://t.co/BSe2Z6rgnC,NOT,NONE,0
hi_hasoc_2021_1417,#ModiKaVaccineJumla #ModiResign #IndiaFightsCorona #PMCaresFund_का_हिसाब_दो #PMDoesNotCare https://t.co/4DUydqofa6,NOT,NONE,0
hi_hasoc_2021_517,"बहत हो गया उपदेश ,               और नहीं ,  अब सहयोग करना है तो करो नहीँ तो भाड़ में जाओ ।।।।",NOT,NONE,0
hi_hasoc_2021_2916,"दोस्तों, आओ हम सब सर्वसम्मति से महान अर्थशास्त्री, धुरंधर वैज्ञानिक, अंतर्राष्ट्रीय किसान, भयंकर सवर्ण-दलित मसीहा #चुदित राज जी को खांग्रेस #अध्यक्ष एवं #पलधानमंतली बनाएं !!🙏 ""सभी #समस्याएं समाप्त"" #उदित_राज_को_अध्यक्ष_बनाओ_बे @Dr_Uditraj  #CovidVaccine https://t.co/HrWBrorcLe https://t.co/Ndk11FtR24",NOT,NONE,0
hi_hasoc_2021_3627,"@AmanChopra_ दो मिनट का मौन उनके लिए भी जिनको बंगाल में चुनावी रैली दिखी ,  कोरोना दिखा किन्तु अब हिंसा , लूट अग्निकांड और महिलाओं को लुटती इज़्ज़त नहीं दिख रहीं 😡😡  #PresidentsRuleinBengal  #BengalBurning  #BengalViolence  #KhooniKhela  #WestBengalViolence",NOT,NONE,0
hi_hasoc_2021_3338,"Coronavirus India: भारत आएंगे 1,056 वेंटिलेटर और 43 ऑक्सीजन कंसंट्रेटर, ऑस्ट्रेलिया ने बढ़ाया मदद का हाथ #COVID19 #IndiaCovidCrisis #Ventilator #OxygenConcentrator #Australia #Indianewslive @MoHFW_INDIA @ScottMorrisonMP @RanaYashwant1 @Inkhabar @IndiaNews_itv https://t.co/hY3r2dCP9g",NOT,NONE,0
hi_hasoc_2021_1320,"और श्रीकृष्ण ने अर्जुन से कहा,""हे पार्थ! शस्त्र त्याग दो और धरने पर बैठ जाओ!! #BengalBurning",NOT,NONE,0
hi_hasoc_2021_2984,पुरुष जब प्रेम में छले गए तो रोगी बने स्त्रियों को वेश्या का किरदार मिला  पुरुष जब-जब मरे उन्हें लौट आना पड़ा उन्हें किसी स्त्री का गर्भ मिला जो स्त्रियां गर्भ में मारी गयी वो नही लौटी उन्हें विधाता का गोद मिला.. @Pragati_20_03 @Bawra_Mann_ @S_tulika_  @__prijain3 @Iamaarohi,NOT,NONE,0
hi_hasoc_2021_1893,"Enough is enough   Thanks for your ""ACCHE DIN"":-[  Now #ResignPMmodi  No more #IStandWithModi Just #ExitModi   #Vaccine_और_MSP_दो #कोरोना_को_चुनाव_मे_बढ़त https://t.co/G2peAIk3Od",NOT,NONE,0
hi_hasoc_2021_2729,लालू यादव तेजस्वी यादव और आरजेडी के खिलाफ मरहूम सांसद शहाबुद्दीन साहब के परिवार से किसी ने कोई ब्यान दिया है फर्जी आईडी को छोड़कर प्लीज मुझें भी बताये । #JusticeForShahabuddin,NOT,NONE,0
hi_hasoc_2021_1180,उस धर्म के चक्कर मे आप अपना कर्म भूल रहे है मोदी जी @narendramodi  #BengalBurning,NOT,NONE,0
hi_hasoc_2021_2513,@munshi_jee गधा एक बेज़रर जानवर है जिसने समाज की बेमिसाल ख़िदमत की है  शेर एक वहशी दरिन्दा है जिसने इंसान को हमेशा नुक़सान पहुंचाया है  हमारा समाज गधे को ज़िल्लत और शेर को   फ़ख़्र की निगाह से देखता है  क्यों क्योंकि हम ताक़तवर और ज़ालिम की क़द्र करते हैं  ईमानदार और वफ़ादार की नहीं .....,NOT,NONE,0
hi_hasoc_2021_439,ईद को ध्यान में रखते हुए अब्दुल के रहनुमा नीतीश कुमार ने लगाया… बिहार में 15 मई तक लॉकडाउन! @Troll_Ziddi143  #JusticeForShahabuddin,NOT,NONE,0
hi_hasoc_2021_3057,"@vinod_bansal TMC कि जीत पर वही लोग हंस रहे हैं जो पृथ्वीराज चौहान, राणा प्रताप, शिवाजी,भगत,सुखदेव, चंद्रशेखर आजाद, राजगुरू की #मौत पर हंसे थे ! सिर्फ पिढी बदली है ! #ShameOnMamata  #BengalBurning",NOT,NONE,0
hi_hasoc_2021_3486,#OPS #BanEVM #पुरानी_पेंशन_बहाल_करो #FarmersProtest #SpeakUpForFarmers #StopPrivatization #ModiMadeDisaster #NPS_भारत_छोड़ो #NPS_QUIT_INDIA #NPSनिजीकरणभारतछोड़ो #OPS_कर्मचारी_का_अधिकार #NPSनिजीकरणकेख़िलाफ़_इंक़लाब #स्वास्थ्य_क्षेत्र_मे_बजट_बढ़ाओ #Resign_PM_Modi #Vaccine_और_MSP_दो https://t.co/fSwdKqIHCo,NOT,NONE,0
hi_hasoc_2021_597,लालू यादव तेजस्वी यादव और आरजेडी के खिलाफ मरहूम सांसद शहाबुद्दीन साहब के परिवार से किसी ने कोई ब्यान दिया है फर्जी आईडी को छोड़कर प्लीज मुझें भी बताये। #JusticeForShahabuddin,NOT,NONE,0
hi_hasoc_2021_1551,"@asadowaisi साहब  यह कैसी कयादत है गुस्ताखे नबी, शहाबुद्दीन पर खामोशी लानत है #JusticeForShahabuddin",NOT,NONE,0
hi_hasoc_2021_3425,बिहार के मुसलमानों के द्वारा #शहाबुद्दिन_साहब के साथ RJD को भी दफ़न कर देना ही साहब को सच्ची श्रद्धांजली होगी।।।          सिस्टम का सताया हुआ बेटा  और हौसले के साथ वापस आयेगा। #StandwithOsamaSahab #JusticeForShahabuddin  #BoycottRjd  #जस्टिस_फॉर_शहाबुद्दीन,NOT,NONE,0
hi_hasoc_2021_198,"शुक्रिया @ShayarImran  साहेब शुक्रिया @KhanAmanatullah साहेब ,, इस दुख की घड़ी में ओसामा शहाब का साथ देने के लिए साथ खड़े होने के लिए,,उन लोगों का भी  बहुत शुक्रिया जो दिल्ली में ओसामा के साथ खड़े हुए,,सीवान इस बात को याद रखेगा,, #JusticeForShahabuddin",NOT,NONE,0
hi_hasoc_2021_3531,तिहाड़ जेल के स्पेशल सेल में कोरोना पहुंचा कैसे मुझे लगता हे ये सिस्टम का कोरोना है    #JusticeForShahabuddin,NOT,NONE,0
hi_hasoc_2021_3280,"@Nationalisti41 @narendramodi @PMOIndia              @PrakashJavdekar @nstomar फिल्म बनने के बाद सेन्सर तो हो,किंतु फिल्मबनाने के पूर्व भी फिल्म के स्क्रीप्ट को भी सेसर करने का नियम भी बनावे।अति सॅवेदनशील सुहागरात के पलॅग पर पती पत्नी के रोमाॅस,प्यार के फूहड़ सीन पर रोक हो। https://t.co/gYLeurOgyh",NOT,NONE,0
hi_hasoc_2021_1901,शेर-ए-बिहार शहाबुद्दीन साहब की मौत नहीं बल्कि हत्या हुई है। #JusticeForShahabuddin,NOT,NONE,0
hi_hasoc_2021_2917,@salonayyy मोदी तुम इस्तीफा दो हम तुम्हारे साथ है #ResignModi  #Resign_PM_Modi  #ModiHataoDeshBachao https://t.co/spsvPTov8W,NOT,NONE,0
hi_hasoc_2021_3073,दही हांडी की ऊंचाई तय करने में फटाक से बीच में कूद पड़ने वाली सुप्रीम कोर्ट बंगाल में हो रहे खूनी खेल पर मुंह में दही जमा कर बैठी है #BengalBurning  #BengalViolence,NOT,NONE,0
hi_hasoc_2021_1075,इस जानवर 🐕 को देखो जो भागा चला जा रहा है वाहन के पीछे और हतप्रभ सा भी है..... और उस जानवर 🧔 को भी देखो जो वाहन चला रहा है.😠😠 https://t.co/CTluGYBGpZ,NOT,NONE,0
hi_hasoc_2021_3679,"इतिहास गवाह है..  युद्ध में हुई हार के बाद अपने सैनिकों को मरने के लिए छोड़कर जाने वाले राजा का अंत बहुत ही भयावह होता है.. ""धरनाजीवी"" (BJP)  #bengalvoilence  #BengalBurning  #BJP4WestBengal  #BJP4IND",NOT,NONE,0
hi_hasoc_2021_1706,अलविदा शेर-ए-हिंदुस्तान शहाबुद्दीन साहब।  अल्लाह आपको जन्नत-उल-फ़िरदौस आला से आला मुक़ाम अता फ़रमाए और तमाम अहले ख़ाना और चाहने वालों को सब्र जमील अता फ़रमाए। #JusticeForShahabuddin https://t.co/CteE5VihDf,NOT,NONE,0
hi_hasoc_2021_1200,हिंदुत्व की आड़ में जैसे अखिलेश ने आजम खान की मदद नहीं की। वैसे ही तेजस्वी ने शहाबुद्दीन की मदद नहीं की। धन्यवाद।  #JusticeForShahabuddin,NOT,NONE,0
hi_hasoc_2021_2926,"भाजपा वाले कोरोना के लिए कुछ कर पाए या नही, परन्तु मोदी जी गुणगान करने का तरीक़ा निकल ही लेते है   मोदी जी की दूरदर्शिता 🤣🤣🤣 #ModiKaVaccineJumla #ModiMustResign https://t.co/m8M06JMZ9q",NOT,NONE,0
hi_hasoc_2021_814,#IsupportModi हजारों सर झुक जाएंगे मोदी जी आपके सम्मान में एक बार गुजरात वाला दोहरा दे  पं. बंगाल में। #BengalBurning @Hindu @Spirit_Hindutva @VHPDigital @AnujHinduyuvav1 @hinduyuva12 @Hinduyuva261141 @BJP4UP @BJP4Bengal @PankajSingh_in @PankajSinghBJP,NOT,NONE,0
hi_hasoc_2021_1472,बंगाल के रूझान देख लाइव शो से दीपक चौरसिया फ़रार....Toilet की तरफ भागता देखा गया...! #ResignPMmodi,NOT,NONE,0
hi_hasoc_2021_2751,#OPS #BanEVM #पुरानी_पेंशन_बहाल_करो #FarmersProtest #SpeakUpForFarmers #StopPrivatization #ModiMadeDisaster #NPS_भारत_छोड़ो #NPS_QUIT_INDIA #NPSनिजीकरणभारतछोड़ो #OPS_कर्मचारी_का_अधिकार #NPSनिजीकरणकेख़िलाफ़_इंक़लाब #स्वास्थ्य_क्षेत्र_मे_बजट_बढ़ाओ #Resign_PM_Modi #Vaccine_और_MSP_दो https://t.co/7v7stdIQeW,NOT,NONE,0
hi_hasoc_2021_1187,"ममता को चोट लगी.. ब्रेकिंग न्यूज़ बन गई ।   बंगाल में हिन्दुओं पर हो रहा अत्याचार,  मारकाट लूटपाट मची हुई है बलात्कार हो रहे है। पर यह न्यूज़ कब बनेगी ??? क्या हिन्दू होना गुनाह है ??? #CruelMamata #BengalBurning",NOT,NONE,0
hi_hasoc_2021_119,"अब ना रोटी की फिक्र है, ना रोजगार की तलाश है... आपने देश को उस दौर में ले आया,🤔 जहां #जिंदा रहना ही विकास है ।😓😓 @narendramodi @PMOIndia @Naseeruddin_sah @AMISHDEVGAN @AmitShah  #IndianLivesMatter #IndiaCovidCrisis #IndiaAwaitsJustice",NOT,NONE,0
hi_hasoc_2021_3666,अंततः बंगाली हिंदुओं का मूद्दा गौन हो ही गया। #bengalihindu #BengalBurning,NOT,NONE,0
hi_hasoc_2021_4558,@thenitinnotes कितने बड़े हरामी और हिटलर निच टाइप केे अच्छी सोच वाले इंसान हो आप,NOT,NONE,0
hi_hasoc_2021_1098,"जब कुर्बानी देने का टाइम आता है  तो सिपाही की दी जाती है,राजा और राजकुमार जिंदा रहते हैं,गद्दी पर बैठने के लिए ।   #JusticeForShahabuddin",NOT,NONE,0
hi_hasoc_2021_3694,"ना कर फ़िक्र ए ओसामा, की तू एक नन्हा सा चिराग है  तेरे हौसले मे छिपे है ना जाने कितने आफताब है  #StandwithOsamaSahab  #Justice4Shahabuddin #JusticeForShahabuddin @AshrafFem @007QaQa https://t.co/a1JWG8ReIo",NOT,NONE,0
hi_hasoc_2021_1894,"@farhanreporterशुक्रिया @KhanAmanatullah  शुक्रिया @ShayarImran  शुक्रिया @farhanreporter  बाक़ी RJD ने अपनी औक़ात दिखा दी है, और हाँ @asadowaisi साहब आपका शुक्रिया आप सिर्फ़ ट्विटर पर ही रहे।  #JusticeForShahabuddin",NOT,NONE,0
hi_hasoc_2021_2050,"ओरत बहन तेरी बेटी,   भैया भैया चिल्लाएगी,     उनकी यही करुण चीखें,       माँ भारती को भी रुलायेंगी, 😢😢😢  बंटवारे को रे सेक्युलर,   तू याद जरा सा तो करले,     जब देश बंटा था टुकड़े में,      उसे याद जरा अब तू कर ले,  #BengalBurning #ममता_का_शपथग्रहण_रोको",NOT,NONE,0
hi_hasoc_2021_4190,"ढूंढोगे कहाँ मुझको, मेरा पता लेते जाओ। एक कब्र नई होगी एक जलता दिया होगा।। @OsamaShahab_ @Siwan_Rjd  @AdnanAhmedRJD  #JusticeForShahabuddin https://t.co/QffwKEYqSf",NOT,NONE,0
hi_hasoc_2021_1873,"विदेश राज्य मंत्री श्री मुरलीधर जी के काफिले पर टीमसी के गुंडे द्वारा किया गया हमला , क्या यही ममता का समृद्ध और शांत पश्चिमी बंगाल है ? लोकतंत्र की हत्या देश की जनता बर्दाश्त नहीं करेगी, जल्द सबका जवाब मिलेगा आपको ममता जी #BengalViolence #BengalBurning",NOT,NONE,0
hi_hasoc_2021_3085,"शहाबुद्दीन साहब को कोरोना नहीं था,तो अचानक मौत कैसे हुई ?उन्हें AIIMS की जगह DDU में क्यों एडमिट किया गया?जब कोरोना रिपोर्ट नेगेटिव है तो शरीर सीवान क्यों नही ले जाने दे रहे?हम तदफीन के साथ न्यायिक जांच की मांग करते हैं, आखिर क्या छुपा रहें है? #JusticeForShahabuddin",NOT,NONE,0
hi_hasoc_2021_2405,"मोदी शाहा बोले लेके रहेंगे हावडा नंदीग्राम, बंगाल वासी बोले गुजरात जाके करो आराम !!  🤣🤣 #WestBengalElections2021 #MamtaBanerjee #bjpfreebengal #ResignPMmodi #BJPHataoDeshBachao",NOT,NONE,0
hi_hasoc_2021_603,"@madhukishwar @PMOIndia @narendramodi BJP और TMC दोनों को बंगाल के कुर्सी से मतलब है। एक पाने के लिए, दूसरा बचाने के लिए। खुद शपथ ले नहीं पाए, तो अगले को बधाई देना तो बनता है।  #ShameOnBJP #ShameOnTMC  #पुलिस_SC_Judgement_लागू_करो #Bengal #Bengalburning #bengalvoilence",NOT,NONE,0
hi_hasoc_2021_615,शेरे शहाबुद्दीन जिंदाबाद  हमारे शेर जिन्दाबाद। #JusticeForShahabuddin  #istandwithosama #69000_अगली_सूची_दो_सरकार https://t.co/odEL05oX0y,NOT,NONE,0
hi_hasoc_2021_2994,@Shazi786_ पूर्व सांसद को अपने घर की जमीन पर दफन होने भी नहीं दे सकती है सरकार  लानत है ऐसी सरकार पर 😡😏  #JusticeForShahabuddin,NOT,NONE,0
hi_hasoc_2021_1850,"अलविदा शहाबुद्दीन साहब , आप यादों में हमेशा रहेंगे।🙏 @ImMdShahabuddin  🙏🙏🙏  #JusticeForShahabuddin @Siwan_Rjd @laluprasadrjd @darbhanga_rjd @madhubani_rjd https://t.co/WVNsHfDfzB",NOT,NONE,0
hi_hasoc_2021_2575,@Alya_ism मोदी तुम इस्तीफा दो हम तुम्हारे साथ है #ResignModi  #Resign_PM_Modi  #ModiHataoDeshBachao https://t.co/spsvPTov8W,NOT,NONE,0
hi_hasoc_2021_4017,बॉलीवुड से एकमात्र Kangana Ranaut ही बंगाल हिंसा के विरुद्ध मुखरता से बोल पा रही हैं।  बाकियों के लिए मुद्दा तब बनता है जब मसला तबरेज का हो। कंगना का टि्वटर अकाउंट सस्पेंड कर दिया गया है।  #BengalViolence #BengalBurning    #ममता_खूनी_है,NOT,NONE,0
hi_hasoc_2021_2156,@yadav8392 @YadavArunesh @SinghKinngSP @ErPraveenYadav_ @SKYadavS1 @sunitayadav02 @Nidhiyadavsp2 @PankajY79901284 @UttamCh35735268 @ErMadhuryadav @princes_poonam @PinkySi8944 @PwE2yGDCrjFXXsH @MandalArmyChief साथियों अभी कुछ कमी नजर आ रही है भर दो हुंकार अपने हक के लिए ताल ठोक कर मैदान में आ जाओ।  #कोरोना_के_आड़_में_देश_गया_भाड़_में #कोरोना_के_आड़_में_देश_गया_भाड़_में  !  🙏🌷🌺🌹🌷🙏,NOT,NONE,0
hi_hasoc_2021_2073,@SrBachchan ठीक है। अब आप चुप रहो,NOT,NONE,0
hi_hasoc_2021_27,"इस डेसमे अब राजमहल हो रहा है! 2.96 करोड़ लोग बेरोजगार हैं, लोग पेट भर खाना नहीं खा पा रहे हैं, कोई ऑक्सीजन नहीं है, कोई इलाज नहीं है! #SpinelessBJP #COVID19 #BengalViolence #CruelMamata #BengalBurning #MarathaReservation #ममता_की_निर्ममता #बंगाल_हिंसा #wednesdaythought",NOT,NONE,0
hi_hasoc_2021_1900,"Oh! Bengal क्या @BJP4India से जुड़ना या फिर उसके टिकट पर चुनाव लडना, बंगाल में गुनाह है क्या?  और मैं फिर याद दिला दूं, @HMOIndia और @jdhankhar1 जी के मात्र रिपोर्ट मागंने से , बंगाल में हिंसा नहीं रुकने वाली। #BengalViolence  #BengalBurning  @AdityaTrivedi_ @indiantweeter https://t.co/Im4EoZSt2Z",NOT,NONE,0
hi_hasoc_2021_4616,"झूठ बोलो बार बार झूठ बोलो, हर बार झूठ बोलो। तभी तो नौकरी चलेगी। Keep your mouth shut when you have no ability to save lives. @drharshvardhan  #ModiKaVaccineJumla #ResignPMmodi #Resign_PM_Modi #India https://t.co/CAlIBS0W6H",NOT,NONE,0
hi_hasoc_2021_2907,@thatcurlyfoodie एक tik-tok star ने बड़े-बड़े  राजनीतिक धुरंधरों को अपनी हिन्दु दुल्हन वाली फिल्म चलाकर 2 साल तक जमकर न केवल मूर्ख बनाया बल्कि सत्ता पक्ष को सोचने पर मजबूर कर दिया कि #खेला_ऐसे_होबे🤣🤣 @JPNadda @SuvenduWB #nusratjahan https://t.co/KTFHoxj148,NOT,NONE,0
hi_hasoc_2021_4346,@Siwan_Rjd लालू की 5 - 10 साल की जिन्दगी के लिए मरहूम शहाबुददीन साहब  की  जिन्दगी का  जिम्मेदार सिर्फ आरजेडी और लालू  यादव है याद रखना सीवान की जनता आपने अपना  सादर #JusticeForShahabuddin  को  खोया है  @Siwan_Rjd  @RJDforIndia,NOT,NONE,0
hi_hasoc_2021_441,प्रधानमंत्री की हाल में की गई घोषणा व केजरीवाल के पिछले कुछ दिनों के वीडियो को मिलाकर बनाया गया यह वीडियो अवश्य देखें!  #केजरीवाल_दोगला_है https://t.co/7PVWsoRTgl,NOT,NONE,0
hi_hasoc_2021_879,साथियो लिखते रहो और लिखने वालों को सपोर्ट करते रहो लिखो #JusticeForShahabuddin,NOT,NONE,0
hi_hasoc_2021_5555,"बात साफ है, हर साल टोल बढ़ जाएगा। लेकिन ये यूजर्स के लिए कुछ नहीं करेंगे। एक्सिडेंट में किसी की जान जाती है तो जाए। कहीं रोड पर गड्ढे, कहीं बंप, कहीं अवैध कट तो कहीं जाम। ऐसे हैं हाइवे। #Kanpur @NHAI_Official @NBTLucknow",NOT,NONE,0
hi_hasoc_2021_3625,खुद ही हिंदू मुस्लिम की आग लागतें हो और खुद आग में जुलस जाने पर शिकायत करते हो । BJP अब भूगतो । जो जैसा करेगा वो वैसा भरेगा । वाहह मोदी वाहह । #ResignPMmodi  #AmitShah  #AndhBhakt  #bangalviolence  #BangalBurning  #BangalElection2021  #MamataBanerjee  #Didi  #ModiFailsIndia,NOT,NONE,0
hi_hasoc_2021_3640,#OPS #BanEVM #पुरानी_पेंशन_बहाल_करो #FarmersProtest #SpeakUpForFarmers #StopPrivatization #ModiMadeDisaster #NPS_भारत_छोड़ो #NPS_QUIT_INDIA #NPSनिजीकरणभारतछोड़ो #OPS_कर्मचारी_का_अधिकार #NPSनिजीकरणकेख़िलाफ़_इंक़लाब #स्वास्थ्य_क्षेत्र_मे_बजट_बढ़ाओ #Resign_PM_Modi #Vaccine_और_MSP_दो https://t.co/D7yCu5RsAo,NOT,NONE,0
hi_hasoc_2021_1188,"बंगाल चुनाव से ये तो ज़ाहिर हो गया की ये बड़े बड़े २ कोड़ी के नेता अपने आपको तो इस जलती आग से बचा लेंगे पर कार्यकर्ताओं के जलते घर, लूटती आबरू और मरते हुओं पर इनसे बस राजनीति ही होगी और  कुछ नहीं 😢  #BengalBurning  #BengalViolence  @KapilMishra_IND  @AmitShah  @narendramodi",NOT,NONE,0
hi_hasoc_2021_5354,@PunnyBhaiya मोदी तुम इस्तीफा दो हम तुम्हारे साथ है #ResignModi  #Resign_PM_Modi  #ModiHataoDeshBachao https://t.co/spsvPTov8W,NOT,NONE,0
hi_hasoc_2021_4103,गांजा बुरी चीज़ है !   #ModiResign  #ResignModi  #MamtaBanerjee  #FarmersProtest  #YogiJhootaHai  #YogiFailsUP https://t.co/oOaeWgmLNz,NOT,NONE,0
hi_hasoc_2021_1220,@ChetanJ02558573 @prahladspatel @mahendradamoh @Taarantaranp @OfficeofSSC @JansamparkMP @dharmendra_st @CollectorDamoh इस संकट की घड़ी में हमारे बड़े भाई चेतन जैन निस्स्वार्थ भाव से लगातार कोरोना सेंटरों में जाकर स्वयं ही सिलेंडरों का इंतजाम कर रहे है  #IndiaFightsCorona #IndiaCovidCrisis @psamachar1 @PoojaPVardhan @DDNewsMP1 @OfficeOfKNath @prahladspatel @AHindinews @minphemp,NOT,NONE,0
hi_hasoc_2021_2559,संस्कृति है इसके उलट जो बंगाल में हो रहा है ये रावण राज से भी घिनौना कृत्य है। मानो ममता ये बताना चाहती हो के बंगाल मै चुनाव लड़ना भी पाप है ऑर इसका दंड वो तय करेगी बंगाल चुनाव मै किसी व्यक्ति विशेष या पार्टी की हार नहीं हुई मानवता की हार हुई है  #BengalBurning #BengalViolence,NOT,NONE,0
hi_hasoc_2021_183,बहुत समय बाद कल वो मार्केट में मिली मैंने पूछा कि ये बड़ा टेडीबियर किसका है 🤔 वो बोली कमिने पति हैं मेरा 🙄🙄,NOT,NONE,0
hi_hasoc_2021_2339,@SaketGokhale मोदी तुम इस्तीफा दो हम तुम्हारे साथ है #ResignModi  #Resign_PM_Modi  #ModiHataoDeshBachao https://t.co/spsvPTov8W,NOT,NONE,0
hi_hasoc_2021_5418,भक्तों #ModiKaVaccineJumla,NOT,NONE,0
hi_hasoc_2021_2242,"@BJP4Rajasthan अगर धरना देने से सब सही हो जाता तो..  कुरुक्षेत्र में भी ""श्री कृष्ण"" जी ""अर्जुन"" को यही सलाह देते..। 😡😡😡  #BengalBurning  #BengalViolence  #KhooniKhela  #WestBengalViolence #SaveBengalBJPsupporters  #SaveHindusInBengal",NOT,NONE,0
hi_hasoc_2021_1533,@LaxmiSingh02 मोदी तुम इस्तीफा दो हम तुम्हारे साथ है #ResignModi  #Resign_PM_Modi  #ModiHataoDeshBachao https://t.co/spsvPTov8W,NOT,NONE,0
hi_hasoc_2021_2548,@SachinPilotगंधिपरिवार को @ashokgehlot51ने कहा है कि सचिन पायलट एक निकम्मा नकारा काम चोर नेता है। इसीलिए यह सब आप को मुर्ख समझ कर आप को ignore कर रहे। गलती खुद की है पहले आप ने भागवत कर ली फिर किस लिए समझोता कर लिया। अब समझोता किया है चुपचाप गंधिपरिवार ओर अशोक गहलोत के चरण चाटो https://t.co/GNM7jAlG9n,NOT,NONE,0
hi_hasoc_2021_4137,ये आ गए बचाव में प्रवक्ता  #ModiKaVaccineJumla #ModiMadeDisaster https://t.co/Z8cE7Qy0cu https://t.co/Em2THT1cXZ,NOT,NONE,0
hi_hasoc_2021_2744,@chitraaum बहन आपसे उम्मित हे आप इस विषय पर संज्ञान ले और आपके बुलेटिन मे ये जरुर दिखाये आपको पता तो होगा ही की ये बहन कौन हे   #Bengal #BengalBurning #BengalViolence https://t.co/656K4tqARY,NOT,NONE,0
hi_hasoc_2021_121,यह दृश्य हृदयविदारक है! यह दृश्य TMC के आतंक की गवाही दे रहा है। भाजपा कार्यकर्ताओं को अपनी सुरक्षा के लिये असम में शरण लेनी पड़ रही है। असम में पार्टी द्वारा सभी को राहत शिविरों में भोजन व अन्य जरूरी सामग्री उपलब्ध कराई जा रही है। @drnarottammisra  #BengalViolence #BengalBurning https://t.co/IGZIeM1shr,NOT,NONE,0
hi_hasoc_2021_2648,@sureshsharma365 @BramhRakshas @NiranjanTripa16 @BhootSantosh @prakashpandey70 @sudhirswe मोदी तुम इस्तीफा दो हम तुम्हारे साथ है #ResignModi  #Resign_PM_Modi  #ModiHataoDeshBachao https://t.co/spsvPTov8W,NOT,NONE,0
hi_hasoc_2021_5003,"@Republic_Bharat अगर धरना देने से सब सही हो जाता तो..  कुरुक्षेत्र में भी ""श्री कृष्ण"" जी ""अर्जुन"" को यही सलाह देते..। 😡😡😡  #BengalBurning  #BengalViolence  #KhooniKhela  #WestBengalViolence https://t.co/aUy805oEKe",NOT,NONE,0
hi_hasoc_2021_1268,@AdityaTrivedi_ ये कहने से काम नहीं चलेगा अब तक तो वहा राष्ट्रपति शासन लग जाना चाहिए था फ़िर भी दिल्ली में बैठ कर हिंदुओं को मरते देख रहे थे। जिन लोगों ने आपके लिए अपनी जान गवा दी और अब तक आपने कोई ठोस कदम तक नहीं उठाई... #BengalBurning  #BengalViolance  #ममता_की_निर्ममता,NOT,NONE,0
hi_hasoc_2021_3387,कश्मीर याद रखियेगा! कश्मीरी पंडितों ने यदि खुद की रक्षा की होती तो स्थिति आज अलग होती! #BengalBurning #Bengal https://t.co/Y5VkGfNFry,NOT,NONE,0
hi_hasoc_2021_4018,‼Lets Face It 𝗖𝗼𝘃𝗶𝗱-𝟭𝟵 Day 𝟰𝟮𝟳‼  𝟯𝟵𝟮𝟰𝟴𝟴 Fresh #IndiaCovidCrisis  Cases &amp; 𝟯𝟲𝟴𝟵 Deaths in The Last 24 Hours‼  #कोरोना_को_चुनाव_मे_बढ़त  #नरेंद्र_मोदी_ग्लोबल_पप्पू   𝗠𝗲𝗮𝗻𝘄𝗵𝗶𝗹𝗲 A Day Without Laughter is a Day Wasted #WorldLaughterDay  #WestBengalPolls https://t.co/P6j4WFNytG,NOT,NONE,0
hi_hasoc_2021_1639,"@BJP4India आप लोग ""जय श्री राम"" करके भी हार गए और वो ""दुर्गा पूजा"" रुकवाकर भी जीत गई। अब ये ""धरना वरना"" छोड़ो और कोरोना पीड़ितों की मदद में लग जाओ नहीं तो देश मे ""Double Digit"" में आ जाओगे 🙏👍😷 #BengalBurning #CoronaVaccine @PMOIndia @HMOIndia",NOT,NONE,0
hi_hasoc_2021_467,हां सबको पता है अगर आपको नही पता तो भाड़ में जाओ। https://t.co/EycSaH816x,NOT,NONE,0
hi_hasoc_2021_3609,#SpinelessBJP #BengalBurning #BengalViolence  जय जय सुरनायक जनसुखदायक प्रणतपाल भगवंता।  https://t.co/cQ1KThvL3Y  @Sanjay_Dixit @NijiSachiv @majorgauravarya @Pushpendraamu @NarsinghVani @AchAnkurArya @sdeo76 @SanjeevSanskrit @AtriNeeraj https://t.co/P89LmNFO2t,NOT,NONE,0
hi_hasoc_2021_5149,@PMOIndia गरीबों की सेवा शिर पर ताज मुफ्त वैक्सीन मुफ्त अनाज  दुष्ट थेथर पर गिरी गाज,NOT,NONE,0
hi_hasoc_2021_1158,"@TejYadav14 @khan_sarguroh Corona negative थे तो फिर मौत कैसे हुई, इसकी जांच होनी चाहिए  आप लोग जांच की मांग कीजिए और न्याय दिलाए ओसामा और सिवान की जनता को, #JusticeForShahabuddin",NOT,NONE,0
hi_hasoc_2021_1391,#JusticeForShahabuddin #JusticeForShahabuddinRjd  @yadavtejashwi मोन है क्या आपका तेजस्वी हो या @yadavakhilesh सब मोन रखे हुए उनकी पार्टी के मुस्लिम लीडरो का कतल हो रहा है ये चुप तमसा देख रहे हे शाबुद्धीन हों या #समाजवादी_पार्टी_से_आज़म_खां या @Mayawati  से #अतीक सबतमसा देखरहे है,NOT,NONE,0
hi_hasoc_2021_2236,जब शहाबुद्दीन  को दफ़न कर दिया गया तब @yadavtejashwi की नींद टूटी गद्दार साला तू जिवन में कभी cm नहीं बन जाएगा भाजपा की तरह तेरे को भी मुसलिम समाज डिलिट कर देगी  #JusticeForShahabuddin https://t.co/wMIgplVltA,NOT,NONE,0
hi_hasoc_2021_2880,#5MonthsOfFarmersProtest #ModiResign #ModiKaVaccineJumla  #Vaccine_और_MSP_दो,NOT,NONE,0
hi_hasoc_2021_3253,गुरुजी -दु:ख और दर्द क्या है  पदमावती-illusion=भ्रम  #FarmersProtest  #रोहित_सरदाना #RohitSardana #YogiJhootaHai #aajtak #ModiKaVaccineJumla https://t.co/ZnjWv3zEZB,NOT,NONE,0
hi_hasoc_2021_3046,#कृषि_कानून_रद्द_करने_पड़ेंगे #India #Delhi #FarmersProtest #kangna #Crypto #IPL #Modi #Resign_PM_Modi #Sikhs #Haryana #Bengal #मोदी_इस्तीफा_दो #अमित_शाह_नींद_से_जागो #KhalsAid #Maharashtra #lockdown #Kejriwal #BjpDestroyedIndia #SRHvMI #कोरोना_की_आड_मोदी_पर_वार #Bollywood  #UP https://t.co/8y4CZG0L9M,NOT,NONE,0
hi_hasoc_2021_2685,Trending now. #नरेंद्र_मोदी_ग्लोबल_पप्पू_है  #मोदी_भगाओ_देश_बचाओ  #मोदी_इस्तीफा_दो  #ResignModi  #ModiMustResign https://t.co/QG903mQjzE,NOT,NONE,0
hi_hasoc_2021_2953,"भाई आंखे बहुत पहले खुल गई थी, लेकिन अपने शेर को कैसे छोड़ देता। #JusticeForShahabuddin https://t.co/Xy9yHp8vyS",NOT,NONE,0
hi_hasoc_2021_1197,"काफिले चलते रहेंगे मेरे बाद भी यहां, एक सितारा टूट जाने से फलक तन्हा नहीं होता।  #JusticeForShahabuddin  @yadavtejashwi  @ShayarImran  @OsamaaShahab",NOT,NONE,0
hi_hasoc_2021_3096,प्प्रधानमंत्री जी के प्रिन्सिपल साइंटिफिक एडवाइजर विजय राघवन  का बदलता नज़रिया या दिशाहीन #GOI का दबाव ? #ThirdWave #CovidVaccine https://t.co/FKRacnVXYd,NOT,NONE,0
hi_hasoc_2021_2152,"ट्वीटर ने मेरा अकाउंट सिर्फ इजराइल को सपोर्ट करने के कारण सस्पेंड किया था, इसे भी करने की धमकी दे रहा है। ट्वीटर की औकात मेरे लिए सिर्फ 4 चवन्नी घोडे पे.... जितनी है। भाड में जाओ @TwitterIndia https://t.co/iCAHiEsjWK",NOT,NONE,0
hi_hasoc_2021_1448,"देश बचाने में जिरो, अपना महल बनाने में हीरो   #VinashakVista  #ResignModi  #ResignPMmodi @TV9Marathi @BhaiJagtap1 @Charanssapra @nandtara #वैक्सीन कब तक??? https://t.co/xshUjcJXPZ",NOT,NONE,0
hi_hasoc_2021_141,अब तो इंसान बन जाओ हिंदू मुस्लिम बादमेबन जाना. #CoronaUpdate #IndiaCovidCrisis #IndianLivesMatter,NOT,NONE,0
hi_hasoc_2021_113,"ज़िंदगी तू भी कच्ची पेंसिल की तरह है,हर रोज़ छोटी होती जा रही है! #WhereAreVaccines #MamataBanerjee #ResignPMmodi  #WhereAreVaccines #ResignHarshvardhan #WestBengalPolls #ModiMustResign #COVID19 #KindAttnPMNarendraModi #ResignHarshvardhan #COVID19 #tuesdayvibe #tuesdaymotivations",NOT,NONE,0
hi_hasoc_2021_1151,#भाजपा_भगाओ_देश_बचाओ #मोदी_इस्तीफा_दो #ResignPMmodi  #BJPFailsIndia #ModiMadeDisaster https://t.co/1L74JUekMi,NOT,NONE,0
hi_hasoc_2021_1226,"#लालू  का ""घर आना"" और #शाहबुद्दीन का ""मर जाना"" दोनों कि जांच होनी चाहिए  #JusticeForShahabuddin",NOT,NONE,0
hi_hasoc_2021_2985,@doctorrichabjp @ReallySwara एक दम सही लिखा है #BengalBurning  #BengalViolance  #बंगाल_हिंसा  #ममता_की_निर्ममता,NOT,NONE,0
hi_hasoc_2021_927,इंसान की समझ सिर्फ इतनी है की उसे  जानवर कहो तो नाराज हो जाता है और शेर कहो तो खुश हो जाता हैं।  #हिंदी_शब्द  #insane #thoughtoftheday,NOT,NONE,0
hi_hasoc_2021_866,"मेरा प्रधानमंत्री जी, अध्यक्ष जी और ग्रहमंत्री जी से आग्रह की बंगाल की हिंसा को जल्द से जल्द रोकिये !! हम सब आपके साथ है मोदी जी !! @narendramodi @AmitShah @JPNadda #CruelMamata #BengalBurning #bangalviolence  #HindusLivesMatter",NOT,NONE,0
hi_hasoc_2021_1736,"🗣️भगवान का दिया हुवा सब कुछ है 👉 इज्जत है😘रुपिया है खेत बाड़ी ,बंगला, मकान ,नोकरी🤗छोकरी सॉरी सॉरी😬छोकरी नही है🙊बाकी कई सारे कमिने दोस्त भी है बस कमी है तो राष्ट्रवादी बनने की😌उसके लिए मुझे 20k✌️फोलोवर होने की सख्त जरूरत है बस कैसे भी 20k करवा दो मेरे https://t.co/rLweY4kBjR",NOT,NONE,0
hi_hasoc_2021_1667,इनकी बिदाई का प्रबंध किसान करेगा। फ़सलों के फैसले किसान करेगा। #PrayForFarmersVictory #ResignModi #FarmersProtest https://t.co/sCVfN7ALwm,NOT,NONE,0
hi_hasoc_2021_2380,"वैसे अगर धरना देने से काम ना चले तो चरखा भी आजमा लो, आखिर आजादी भी तो चरखे से मिली थी, 😡 #HindusLivesMatter #BengalViolence #MamtaBanerjee #spinelessmodi #BengalBurning",NOT,NONE,0
hi_hasoc_2021_3469,अलविदा शेर-ए-बिहार 😭  अल्लाह आपको जन्नतुल फिरदौस में आला मकाम अता फरमाए और अहले खाना को सब्र जमील अता फरमाए. 🤲 #JusticeForShahabuddin https://t.co/rGVTP8ZsOd,NOT,NONE,0
hi_hasoc_2021_4105,#BengalViolence #BengalBurning  #ममता_खूनी_है https://t.co/j9YGs3ssGQ,NOT,NONE,0
hi_hasoc_2021_405,"जब पूर्व सांसद मोहम्मद शाहबुद्दीन साहब की करोना रिपोर्ट नेगेटिव थे,तो फिर उनकी इलाज में इतनी लापरवाही क्यों.. हम पूरे मज़बूती के साथ उनके परिवार के साथ है और जाँच की माँग करते हैं।।#JusticeForShahabuddin  #JusticeForShahabuddin",NOT,NONE,0
hi_hasoc_2021_406,फ़िलिस्तीनियों को उनके घर से निकाल कर ख़ुद को वहां बसना भी तो बहुत बड़ा आतंकवाद है। #FreePalestine #SaveSheikhJarrah  #Islam  #Islamophobia,NOT,NONE,0
hi_hasoc_2021_3978,"सवाल तो रहेगा, #रोहित_सरदाना की बॉडी हरियाणा जा सकती है पर #शहाबुद्दीन_साहब की बिहार के सीवान नही जा सकती। कहने को कानून सबके लिए बराबर है। #JusticeForShahabuddin #जस्टिस_फॉर_शहाबुद्दीन https://t.co/6I96tI2MRs",NOT,NONE,0
hi_hasoc_2021_2511,इज़राइल COVID-19 सहायता के हिस्से के रूप में ऑक्सीजन जनरेटर और श्वासयंत्र सहित भारत में दवाई और चिकित्सा उपकरण भेजेगा। #IndiaCovidCrisis https://t.co/xTKCaNU19U,NOT,NONE,0
hi_hasoc_2021_3272,अपने तो अपने होते हैं..... #JusticeForShahabuddin https://t.co/Q3ucLBMCY2,NOT,NONE,0
hi_hasoc_2021_5869,"ना जानें कितने ""चिरागों"" को मिल गई शोहरत एक ""आफताब"" के बे वक्त डूब जाने से ।  #JusticeForShahabuddin https://t.co/WsQImsFw1Z",NOT,NONE,0
hi_hasoc_2021_3913,@dkkbsr यह भारत का दुर्भाग्य है कि भारत में ऐसे नेता और ऐसे अधिकारी है जो इन अवैध मजारों को देख कर भी अनदेखा कर देते हैं @narendramodi @AmitShah @LtGovDelhi @AshwiniUpadhyay लेकिन साधारण व्यक्ति प्लॉट लेकर मकान बनाने लगे तो यह हतोड़ा लेकर पहुंच जाते हैं समस्त कानून लागू हो कर देते हैं,NOT,NONE,0
hi_hasoc_2021_2357,@ssrajputINC भाजपा के द्वारा 20.000 करोड़ लगा कर और चुनाव आयोग को हाई जेक करकर भी यदि भाजपा बंगाल में चुनाव हार रही हे तो ये फ़क़ीर की व्यक्तिगत हार हे #ResignPMmodi #BengalElection2021 #KhelaHobe,NOT,NONE,0
hi_hasoc_2021_526,"मन के हारे हार है मन के जीते जीत।  @BJP4India  We are loosing faith on you. We are demanding strong action against anti nationals, goons.  #BengalBurning",NOT,NONE,0
hi_hasoc_2021_4029,#BengalElection2021  #Bengalisburning   वो BLUE TICK वाले जिनपर West Bengal Police का ACTION HOBE #BengalBurning... https://t.co/Aje94OgQcC via @YouTube,NOT,NONE,0
hi_hasoc_2021_1920,साहेब कल थे आज बाबू ओसामा है  कल भी हम खड़े थे आज भी खड़े है अल्लाह बाबूको इस मुश्किल वक़्त में सब्र दे-आमीन #JusticeForShahabuddin https://t.co/sagYGvlage,NOT,NONE,0
hi_hasoc_2021_3620,अभी भी किसी को पूछना है?   मोदी नहीं तो कौन! #ResignModi  @RJDforIndia  @MamataOfficial  @AITCofficial @INCIndia  @yadavtejashwi  @RahulGandhi  @SachinPilot  @jigneshmevani80  @laluprasadrjd  @HemantSorenJMM  @ArvindKejriwal,NOT,NONE,0
hi_hasoc_2021_6073,@aajtak @sambitswaraj @chitraaum 3.'बंगाल जैसी हिंसा अगर किसी बीजेपी-शासित राज्य में हुई होती तो अब तक ये अंतर्राष्ट्रीय मुद्दा बन गया होता #राष्ट्रपति_शासन लगाया जाना चाहिए #BengalBurning,NOT,NONE,0
hi_hasoc_2021_5885,@BBCChindhi @baburao__aapte मोदी तुम इस्तीफा दो हम तुम्हारे साथ है #ResignModi  #Resign_PM_Modi  #ModiHataoDeshBachao https://t.co/spsvPTov8W,NOT,NONE,0
hi_hasoc_2021_2293,बंगाल में बांग्लादेशी घुसपैठिये और रोहिंग्या सुरक्षित हैं लेकिन  BJP कार्यकर्ता और हिन्दू नहीं  #BJYMDoctorHelpline #राष्ट्रपति_जी_बंगाल_संभालो #ममता_की_निर्ममता #ममता_का_शपथग्रहण_रोको #देश_ऑक्सीजन_मांगता_है  #BengalBurning #bangalviolence,NOT,NONE,0
hi_hasoc_2021_3768,#बंगाल_हिंसा #बंगाल_में_राष्ट्रपति_शासन_लागू_हो #बंगाल_में_राष्ट्रपति_शासन_हो #बंगाल #बंगाल_बचाओ_मोदीजी #बंगाल_कश्मीर_बन_गया #Bengalisburning #BengalBurning #BengalViolence #Bengal #BJP #BJPSaveYourBengaliSupporters #BJPinBengal #BJPworkersresign #bjpvsbjp #politicallycorrect https://t.co/lW954kpQIc,NOT,NONE,0
hi_hasoc_2021_2843,"@chitraaum @myogiadityanath @navneetsehgal3 @myogioffice अगर धरना देने से सब सही हो जाता तो..  कुरुक्षेत्र में भी ""श्री कृष्ण"" जी ""अर्जुन"" को यही सलाह देते..। 😡😡😡  #BengalBurning  #BengalViolence  #KhooniKhela  #WestBengalViolence",NOT,NONE,0
hi_hasoc_2021_3447,"सीवान खत्म हो गयी तेरी पहचान,  जिसके नाम से तू जाना जाता रहा,  अब वो नहीं रहे...!! 🙏  #JusticeForShahabuddin #JusticeForShahabuddin https://t.co/ZbMJTIrMms",NOT,NONE,0
hi_hasoc_2021_748,बंगाल में चल रहे खूनी खेल को रोकने के लिए भाजपाई नेताओं ने एक से एक कीर्तिमान स्थापित किया है  -धरना दिया -घर पर धरना दिया -AC कमरे में धरना दिया -सत्याग्रह किया -बापू के गीत गाए  वाह ❤️de वाह !  #SpinlessBJP  #ममता_बनर्जी_हत्याएं_बंद_करो  #BengalViolence  #BengalBurning,NOT,NONE,0
hi_hasoc_2021_897,अगर शहाबुद्दीन अपराधी थे.. तो अनंत सिंह और आनंद मोहन कौन से दूध से धुले हैं।  तेजस्वी के खिलाफ मुसलमानों का गुस्सा जायज है। #JusticeForShahabuddin,NOT,NONE,0
hi_hasoc_2021_52,"देश में कहर बरपाता कोरोना, 24 घंटे में 3.68 लाख से ज्यादा नए केस  #IndiaCovidCrisis https://t.co/XaHq9okil5",NOT,NONE,0
hi_hasoc_2021_2218,साथियो लिखते रहो और लिखने वालों को सपोर्ट करते रहो लिखो #JusticeForShahabuddin,NOT,NONE,0
hi_hasoc_2021_1869,303 सीट आने के बाद भी  टिकैत को नहीं रोक सकते शाहीनबाग नही रोक सकते 26 जनवरी दंगा नही रोक सकते विपक्षी फेक न्यूज नही रोकसकते हिन्दुओं की होती हत्याएं नही रोक सकते बंगाल में अपने लोगो की हत्या नही रोक सकते फिर क्योमरे लोग आपके लिए @AmitShah @narendramodi @BJP4India #BengalBurning,NOT,NONE,0
hi_hasoc_2021_5368,@SPatel_Indian मोदी तुम इस्तीफा दो हम तुम्हारे साथ है #ResignModi  #Resign_PM_Modi  #ModiHataoDeshBachao https://t.co/spsvPTov8W,NOT,NONE,0
hi_hasoc_2021_1649,जानवर को केवल जानवर ही मानना चाहिए https://t.co/KN5AZN6VTw,NOT,NONE,0
hi_hasoc_2021_2035,21 साल की कॉलेज स्टूडेंट का रेप-मर्डर: बंगाल में राजनीतिक हिंसा के बीच मेदिनीपुर में महिला समेत 3 गिरफ्तार  #BengalBurning #WestBengalViolence  https://t.co/0aybyMZ2RB,NOT,NONE,0
hi_hasoc_2021_2535,Save bengali Hindus from massacre by TMC lsIamists.  #राष्ट्रपति_जी_बंगाल_संभालो #ArrestMamata #BengalBurning https://t.co/NUUJAc7oEG,NOT,NONE,0
hi_hasoc_2021_3215,#कंगना_तुम_कहाँ_हो वापस मत आना  #ResignModi जल्दी कर,NOT,NONE,0
hi_hasoc_2021_636,"@narendramodi जी, अब तो देश के हर चौराहे पर लोग आप को ढूंढ रहे हैं। झोला उठाकर चल पड़ने का वक्त आ ही गया। #ResignModi https://t.co/86aYjaUAnq",NOT,NONE,0
hi_hasoc_2021_587,"@PMCBankCrisis @smritiirani @narendramodi @CMOMaharashtra @PMOIndia @AmitShah @nsitharaman वोट देके भूल जाओ,वोट होगा तो अपने पास पाओ तब तक जो लिखते रहो कोइ सुनता नही देखते जाओ इतनी अच्छी अंग्रेजी होती तो कालेज से डिग्री न पाओ ये तो कोई नौकर लिखता समझो ठीक न भाड़ में जाओ",NOT,NONE,0
hi_hasoc_2021_1992,"@007BondOffice @Dr_Uditraj दोस्तों, आओ हम सब सर्वसम्मति से महान अर्थशास्त्री, धुरंधर वैज्ञानिक, अंतर्राष्ट्रीय किसान, भयंकर सवर्ण-दलित मसीहा #चुदित राज जी को खांग्रेस #अध्यक्ष एवं #पलधानमंतली बनाएं !!🙏 ""सभी #समस्याएं समाप्त"" #उदित_राज_को_अध्यक्ष_बनाओ_बे @Dr_Uditraj  #CovidVaccine https://t.co/HrWBrorcLe",NOT,NONE,0
hi_hasoc_2021_1744,दोस्तो भारत मे अपने आप को ज़िंदा रखने को ही अब अपना विकास समझ लो। ये ही मोदी सरकार की विकास नीति है। नोट बंदी से शुरू हुई मौतो का सिलसिला अब मौतो के काफिले मैं बदल चुका है  #india #AatmanirbharBharat  #ModiResign #ModiKaVaccineJumla #ModiSarkarHiSystemHai #ModiAbandonedIndia #ind,NOT,NONE,0
hi_hasoc_2021_3080,"@narendramodi मोटा भाई ने क्या चाल चली हे, असलं में देश मोटा भाई चला रहा हे, पर नाम मोदी का खराब हो रहा हे, अंगला प्रधान मंत्री जो बनना हे  मोटा भाई को ,दोस्ती कूच नही  होती @PMOIndia #ResignModi #ResignPMmodi #ModiHataoDeshBachao",NOT,NONE,0
hi_hasoc_2021_3843,ऊपर वाली पिक्चर कश्मीर और नीचे वाली बंगाल की है सोचिए आगे कही हम वापस उसी स्थिति में तो नही जा रहे #BengalBurning  #AajTak https://t.co/8Fw5y0nUUM,NOT,NONE,0
hi_hasoc_2021_2368,@RahulGandhi चुनाव खत्म होते ही बंगाल में हिन्दुओ की हत्या नहीं दिखा आपको ? कितने घर जलाए गए पता है या सेकुलरिज्म का खेल चल रहा है महोदय #BengalBurning #HinduGenocideBengal,NOT,NONE,0
hi_hasoc_2021_1410,यादव परीवार का तलवा कब तक चाटते रहोगे कुछ तो शर्म करो जनाब @qarisohaibrjd @DrTanweerHassan #JusticeForShahabuddin,NOT,NONE,0
hi_hasoc_2021_4745,@PunnyBhaiya @Anjana_Modi_ मोदी तुम इस्तीफा दो हम तुम्हारे साथ है #ResignModi  #Resign_PM_Modi  #ModiHataoDeshBachao https://t.co/spsvPTov8W,NOT,NONE,0
hi_hasoc_2021_1100,@TSP4India राजद के नवादा ज़िला अध्यक्ष कमरुल बारी साहब ने राजद से दिया इस्तीफा… #JusticeForShahabuddin,NOT,NONE,0
hi_hasoc_2021_125,Bengal Sends PM Modi A Huge Wake Up Call.  Source: https://t.co/MsYZ9rkLES #KhelaHobe #WestBengalPolls #BJPKorbe200Paar #HHDrAthavale #cancelapboardexams2021 #ExitModi #ResignModi #ResignPMmodi  #नरेंद्र_मोदी_ग्लोबल_पप्पू #lockdown2021 #ElectionResult #Bengal #MamtaBanerjee,NOT,NONE,0
hi_hasoc_2021_2914,"Once a Legend Said... मैं ये कह कर जाऊंगा की सांसो ने मुझे हरा दिया, किसी  जम्हूरियत ने  मुझे नहीं हराया!! #JusticeForShahabuddin",NOT,NONE,0
hi_hasoc_2021_3638,"TV पे #TikaUtsav है, पर Vaccine नही है  #ModiKaVaccineJumla",NOT,NONE,0
hi_hasoc_2021_2100,@Tayab_khan @Mohamma88055745 @MPTimrankhan @ashokgehlot51 @GovindDotasra @DrKhanukhaninc @ShayarImran @RafeekKhanInc @aliwajib @danishabrar2016 @RajGovOfficial लेकिन अब चुप मत रहो,NOT,NONE,0
hi_hasoc_2021_1012,डा शहाबुद्दीन साहब का दिल्ली के  ITO कब्रिस्तान में जनाजे की नमाज़ हो गयी… दुआ की गुजारिश है… अल्लाह जन्नत उल फिरदौस में जगह दे #आमीन  #shahabuddin #JusticeForShahabuddin https://t.co/0N9nJUu8hr,NOT,NONE,0
hi_hasoc_2021_1990,"जब लोगों की इंसानियत खत्म हो जाती हैं तो मरे हुए लोगों को भी मार परती हैं, यह मैंने आज देख लिया और जान लिया ।। @ABPNews @ZeeNews @rishibagree @narendramodi @AmitShah @rashtrapatibhvn @Tejasvi_Surya @KapilMishra_IND @TajinderBagga #राष्ट्रपति_जी_बंगाल_संभालो  #BengalBurning https://t.co/4qVh1yKMvr",NOT,NONE,0
hi_hasoc_2021_2240,Thank you Qatar and @qatarairways @MofaQatar_EN  #IndiaCovidCrisis धन्यवाद क़तर https://t.co/UeZ4eP6rzR,NOT,NONE,0
hi_hasoc_2021_2427,#SpinelessBJP #SpinelessModi #BengalBurning  #BengalViolence  #बंगाल_हिंसा  #bangalviolence  #BJPSaveYourBengaliSupporters  #BJP #AmitShahDubMaro 🤬🤬🤬😡 https://t.co/BLDpyH1VAS,NOT,NONE,0
hi_hasoc_2021_982,@RohiniAcharya2 बहुत ही अछि बात है । लेकिन  शहाबुद्दीन साहब के लिए आपके पाप कब आवाज उठा रहे है ?? #JusticeForShahabuddin,NOT,NONE,0
hi_hasoc_2021_3210,Dear Votic-Secular Parties  सब याद रखा जाएगा......  #JusticeForShahabuddin,NOT,NONE,0
hi_hasoc_2021_2101,साडा कुत्ता टॉमी साडा कुत्ता कुत्ता आज की राजनीति  कोई गलत नही समजे,NOT,NONE,0
hi_hasoc_2021_2164,@ABPNews @Kumkum26 ONCE IN A CENTURY  @narendramodi @PMOIndia  #मनहुस_मोदी का साया मेरे देश के ऊपर से हट जाएगा आर्मी सारा काम संभाल रही है दवाई ऑक्सीजन आदि भी तेरे राजनीति से मुक्त हो जायेगी सभी के अपने अकालमृत्यु मर रहे है  #ResignModi मानवता केलिऐ #Resign_PM_Modi देशभक्त हो तो,NOT,NONE,0
hi_hasoc_2021_1441,@ShayarImran मशहूर शायर इमरान प्रतापगढ़ी @ShayarImran भाई दीन दयाल उपाध्याय अस्पताल दिल्ली ओसामा साहब का साथ देने उनके पास पहुंच गये हैं हिना सहाब और ओसामा साहब से दिल्ली पुलिस बात कर रही है इमरान भाई आपकी यही मोहब्बत आपको लोगों के दिलों में बिठाती हैं । #JusticeForShahabuddin,NOT,NONE,0
hi_hasoc_2021_2615,@MoHFW_INDIA @BJP4Karnataka @PMOIndia @drharshvardhan @AshwiniKChoubey @PIB_India @mygovindia @COVIDNewsByMIB @CovidIndiaSeva #Hindus DYING #HindusLivesMatter   #KindAttnPMNarendraModi  #coronasecondwaveinindia #ModiMadeDisaster #ResignModi    #BJP #RSS LIARS   I WARNED 2 YRS BACK #RSSTerrorists BANNED BY SARDAR PATEL IGNORED  #शेर_नहीं_भेड़िया_पाल_लिया_भक्तो  #MautKaSaudagar,NOT,NONE,0
hi_hasoc_2021_1375,"बस यही सोचकर  हर मुश्किल से लड़ता आया हूँ ,  धूप कितनी भी तेज़ हो  समंदर नहीं सूखा करते #kisaanmajdoorektazindabad  #ResignModi https://t.co/paK0adpku7",NOT,NONE,0
hi_hasoc_2021_2702,#बिहार वाले शहाबुद्दीन  की मौत पर मौन है।  #उत्तर प्रदेश वाले आज़म  खान पर #मौन है। अब आपकी बरी है।  #JusticeForShahabuddin #JusticeForShahabuddin  @RahulGandhi @Rofl_Swara @roflvoice @yadavakhilesh @yadavtejashwi,NOT,NONE,0
hi_hasoc_2021_4345,"इतने पागल लोग नही देखें, corona मै इन्हें धरना आंदोलग करना है, Shame on goveronment #Resign_PM_Modi #ResignModi",NOT,NONE,0
hi_hasoc_2021_3352,#ModiKaVaccineJumla प्लीज मत लेना 😜,NOT,NONE,0
hi_hasoc_2021_129,#AIMIM नेता #Salar_E_Millat अकबरुद्दीन ओवैसी साहब ने कॉरोना महामारी पे किया कहा सुनिए ।  @imAkbarOwaisi @aimim_national @imtiaz_jaleel @asadowaisi @warispathan @Akhtaruliman5   #COVIDSecondWaveInIndia #Corona #PrayForIndia #dua #IndiaCovidCrisis https://t.co/TPjESXDEjj,NOT,NONE,0
hi_hasoc_2021_3231,"#IndiaCovidCrisis | भोपाल AIIMS पर आरोप, मरीज को ऑक्सीजन सिलिंडर तो लगाया लेकिन खाली https://t.co/kLHqvn9BzV",NOT,NONE,0
hi_hasoc_2021_2580,(1) बंगाल में इतने हिन्दू रोज मैरे जा रहे है लेकिन हम क्या कर रहे है... हम सिर्फ हाथों पे हाथ धरे बैठे है...जिनकी ये ज़िमेदारी है वी चुप है... आज रोना आता है कि हिन्दू प्रधान देश मे हिन्दुओ की हत्याएं होती जा रही है और हम कुछ नही कर पा रहे है... #CruelMamata #BengalBurning (1) 👇,NOT,NONE,0
hi_hasoc_2021_2054,देश को बचाना होगा @narendramodi को जाना होगा #Resign_PM_Modi  #धर्म_के_खाल_में_दानव #ResignPMmodi  #कम्यूनल_कोरोना_के_मरीज #RESIGN  #कालणेमी,NOT,NONE,0
hi_hasoc_2021_3780,लालू ले लो! शहाबुद्दीन दे दो! डील फाइनल था अब लोगो को पूरा-पूरा समझ में आ गया! #JusticeForShahabuddin  #BycottRJD,NOT,NONE,0
hi_hasoc_2021_2706,@narendramodi @AmitShah  हमे गांधीगिरी वाले मोदी और शाह बिल्कुल नही चाहिए।  हमें गुजरात वाला मोदी और शाह चाहिए। #BengalBurning,NOT,NONE,0
hi_hasoc_2021_4246,"@BJP4Manipur @sambitswaraj @BJP4India @narendramodi @JPNadda @blsanthosh @NBirenSingh अगर धरना देने से सब सही हो जाता तो..  कुरुक्षेत्र में भी ""श्री कृष्ण"" जी ""अर्जुन"" को यही सलाह देते..। 😡😡😡  #BengalBurning  #BengalViolence  #KhooniKhela  #WestBengalViolence #SaveBengalBJPsupporters  #JusticeForBengalBJPKarykarta",NOT,NONE,0
hi_hasoc_2021_5641,@BBCChindhi मोदी तुम इस्तीफा दो हम तुम्हारे साथ है #ResignModi  #Resign_PM_Modi  #ModiHataoDeshBachao https://t.co/spsvPTov8W,NOT,NONE,0
hi_hasoc_2021_6012,अलविदा शेर-ए-बिहार…  अल्लाह ताला साहेब को जन्नतुल फिरदौस में आला से आला मकाम अता करे आमीन। 🤲 #JusticeForShahabuddin  @yadavtejashwi @Siwan_Rjd @RJDforIndia @laluprasadrjd @manojkjhadu @sanjuydv @JitendraRaiMLA @iAwadhBihariRJD @MisaBharti @RabriDeviRJD @TejYadav14,NOT,NONE,0
hi_hasoc_2021_3890,जब मिया बीवी राज़ी तो क्या करेगा बेचारा बंगाली? 👀#ShameOnMamata #spinelessmodi #SpinelessBJP #BengalElection2021 #BengalBurning #BJP #PresidentsRuleinBengal #MamtaisTerrorist #TMCTerror #ModiMadeDisaster #Bengalisburning #BengalViolence #KolkataPolice #SupremeCourtofIndia https://t.co/ZebhdNlRSK,NOT,NONE,0
hi_hasoc_2021_4034,वैश्विक महामारी को राष्ट्रीय महामारी में तब्दील करने की उपलब्धि किसे जाती है ? मास्क पहने  वैक्सीन लगवाए #vaccination #CovidIndia #CovidVaccine  @AmanDubey_,NOT,NONE,0
hi_hasoc_2021_1126,"यह करोड़ों का मास्क है, इसे पहनने के बाद कोरोना  क्या उसका बाप भी कुछ नही बिगाड़ सकता .. सिलेक्टेड मेडिकल स्टोर्स पर उपलब्ध..  #chineseVirus #Corona #COVID19 #COVIDIOTS https://t.co/K8L5qSh0D9",NOT,NONE,0
hi_hasoc_2021_567,"@SaintRampalJiM @SatlokChannel जो मानव चोरी, डकैती, ठगी, वैश्यागमन करते हैं, वे महाअपराधी हैं। जो स्त्रियां वैश्या का धंधा करती हैं, वे भी महाअपराधी हैं। परमात्मा के दरबार में उनको कठिन दण्ड दिया जाएगा। कबीर, चोरी जारी वैश्या वृति, कबहु ना करयो कोए। पुण्य पाई नर देही, ओच्छी ठौर न खोए।।",NOT,NONE,0
hi_hasoc_2021_3079,#AajTak_दलाल_मोदी_का https://t.co/ZKKV8pvIu9,NOT,NONE,0
hi_hasoc_2021_381,"बंगाल में BSF जवानों के घरों पर हो रहे हैं हमले,, BSF अधिकारियों ने की कड़ी कार्रवाई की मांग      👇👇👇👇👇 👉#BengalBurning",NOT,NONE,0
hi_hasoc_2021_2973,@narendramodi अब तो मुझे आपसे कोई बात ही नहीं करनीं हैं🙃😒😣😔😔😔😔😔😔😔🙂💔🙏🏼 (Ex) bade Papaji (Ex dear) NAMO ! जय हिंद 🇮🇳🙏🏼  #KaryakartaLivesMatters #HindusLivesMatter  #BengalBurning  #ArrestMamta,NOT,NONE,0
hi_hasoc_2021_2002,@Reetu_13 आप सब लिखते रहिए जब तक ये हैशटैग नम्बर 1 ना पहुंच जाए.. #JusticeForShahabuddin,NOT,NONE,0
hi_hasoc_2021_2805,"#Payal_Rohatgi ने #PM_Modi को सुनाई खरी-खरी, देखिए वीडियो | #News4Nation  https://t.co/SsYLDtyH3X   #BengalBurning #bengalvoilence #BengalTrustsModi",NOT,NONE,0
hi_hasoc_2021_2878,https://t.co/q5TwqZF64B हमे हिंदू पार्टी चाहिए। @JaipurDialogues @Sanjay_Dixit @sdeo76 #BengalBurning,NOT,NONE,0
hi_hasoc_2021_2684,सत्ता मे जब अनपढ गवार बैठे हे तो यही होगा....  #ResignModi https://t.co/hgJxdpHDf9,NOT,NONE,0
hi_hasoc_2021_991,अल्लाह का इंसाफ एक दम साफ सुथरा है और उससे बचना ना मुमकिन है #JusticeForShahabuddin,NOT,NONE,0
hi_hasoc_2021_347,@VerySorrykar मोदी तुम इस्तीफा दो हम तुम्हारे साथ है #ResignModi  #Resign_PM_Modi  #ModiHataoDeshBachao https://t.co/spsvPTov8W,NOT,NONE,0
hi_hasoc_2021_4219,@ArvindKejriwal ONCE IN A CENTURY  @narendramodi @PMOIndia  #मनहुस_मोदी का साया मेरे देश के ऊपर से हट जाएगा आर्मी सारा काम संभाल रही है दवाई ऑक्सीजन आदि भी तेरे राजनीति से मुक्त हो जायेगी सभी के अपने अकालमृत्यु मर रहे है  #ResignModi मानवता केलिऐ #Resign_PM_Modi देशभक्त हो तो,NOT,NONE,0
hi_hasoc_2021_139,@TheMukeshK_ 'बंगाल जैसी हिंसा अगर किसी बीजेपी-शासित राज्य में हुई होती  तो अब तक ये अंतर्राष्ट्रीय मुद्दा बन गया होता।  #BengalBurning https://t.co/D6Z9cePGCJ,NOT,NONE,0
hi_hasoc_2021_2601,"please save Bengal, President Rule In Bengal is needed  . . #Justice_for_sarswati_jana #SaveBengaliHindus #BengalBurning #BengalViolence #राष्ट्रपति_जी_बंगाल_संभालो https://t.co/7WpzgtBild",NOT,NONE,0
hi_hasoc_2021_415,यादव DM को पूरे मुसलमान ने समर्थन किया। शहाबुद्दीन के लिए कितने यादव खड़ा हैं.? #JusticeForShahabuddin,NOT,NONE,0
hi_hasoc_2021_2384,@kunalkamra88 मोदी तुम इस्तीफा दो हम तुम्हारे साथ है #ResignModi  #Resign_PM_Modi  #ModiHataoDeshBachao https://t.co/spsvPTov8W,NOT,NONE,0
hi_hasoc_2021_1248,केजरीवाल का 2 हफ्तों का दिल्ली बंद करना साबित होता है पूरी तरह से योजनाबद्ध तरीके से आरएसएस बीजेपी आप आरजेडी सब पार्टियों ने मिलकर इस घटना को अंजाम दिया है #JusticeForShahabuddin,NOT,NONE,0
hi_hasoc_2021_1004,@INCBANSAL @LambaAlka @sushant_says @NayakRagini @ashokbasoya मोदी तुम इस्तीफा दो हम तुम्हारे साथ है #ResignModi  #Resign_PM_Modi  #ModiHataoDeshBachao https://t.co/spsvPTov8W,NOT,NONE,0
hi_hasoc_2021_2217,"@BJP4Rajasthan अगर धरना देने से सब सही हो जाता तो..  कुरुक्षेत्र में भी ""श्री कृष्ण"" जी ""अर्जुन"" को यही सलाह देते..। 😡😡😡  #BengalBurning  #BengalViolence  #KhooniKhela  #WestBengalViolence #SaveBengalBJPsupporters  #SaveHindusInBengal",NOT,NONE,0
hi_hasoc_2021_787,"ममता को चोट लगी.. ब्रेकिंग न्यूज़ बन गई ।   बंगाल में हिन्दुओं पर हो रहा अत्याचार, नरसंहार पर न्यूज़ कब बनेगी ? #ममता_बनर्जी_हत्याएं_बंद_करो #BengalBurning 😡😡 @chitraaum @anjanaomkashyap @RajatSharmaLive @IMinakshiJoshi @awasthis @SushantBSinha @RubikaLiyaquat @sudhirchaudhary",NOT,NONE,0
hi_hasoc_2021_2005,पुर्व उपसभापति बिहार विधानसभा पारिषद एवं राजद के कद्दावर नेता सलीम परवेज ने राजद पार्टी छोड़ी #गद्दार_RJD #JusticeForShahabuddin https://t.co/CJqEdI4kWP,NOT,NONE,0
hi_hasoc_2021_1832,""" फकीर की भूख सिर्फ उसकी जान खा लेती है। लेकिन राजा की भूख पूरे देश को खा जाती है? ""  #ResignModi  #YogiJhootaHai  #Youreworththewait",NOT,NONE,0
hi_hasoc_2021_3227,@ashu_nauty @zoo_bear @Pooja_Chaudhuri सूअर का मतलब पता है इनको 😂,NOT,NONE,0
hi_hasoc_2021_3120,"बंगाल"",कश्मीर का आईना है,जो नही देखा है देख लो |दीदी ये ज़रूर याद रखना जो आज एड़ियां तले निर्दोषों को कुचलेंगे,कल खुद एड़ियां से फड़फड़ाते हुए निकलेंगे।समय किसी का सगा नहीं होता @MamataOfficial @AITCofficial #BengalBurning #HindusLivesMatter #hindusinbengal #HalaMadrid #Hindutva https://t.co/kMiGCYT7Sc",NOT,NONE,0
hi_hasoc_2021_2794,"देश का #सिस्टम   ""आत्मनिर्भर"" से ""विश्वनिर्भर"" हो गया..!! #ModiKaVaccineJumla",NOT,NONE,0
hi_hasoc_2021_1418,"जिम्मेवार है , जिम्मेदार नहीं  और कितना वक्त लगेगा आपको ये समझने में बता दीजिए।। #covid #Covid19India #Resign_PM_Modi #india #Bihar  #lnmunotes https://t.co/Eeblxuv2xQ",NOT,NONE,0
hi_hasoc_2021_175,#SuperSpreaderModi #ModiDisasterForIndia  #ResignModi #Resign_PM_Modi  #VaccineRegistration  #cowinregistration #KindAttnPMNarendraModi #किसानों_का_मोदी_को_धोबीपटका https://t.co/3HhtpZ364k,NOT,NONE,0
hi_hasoc_2021_179,शेर-इ-बिहार जनाब शहाबुद्दीन साहब...  मरहूम शहाबुद्दीन साहब को अल्लाह जन्नतुल -फिरदौस में आला से आला मुकाम आता फरमाए| आमीन.  #JusticeForShahabuddin https://t.co/mV0HCStgnT,NOT,NONE,0
hi_hasoc_2021_2586,मोत कैसे हुई राजफाश न हो जाये सरकार का इसलिए शाशहाबुद्दीन को सिवान नहीं जाने दिया गया  #JusticeForShahabuddin  #BycottRJD,NOT,NONE,0
hi_hasoc_2021_1056,"@yadavtejashwi "" हम शाहबुद्दीन साहब के बेटे के साथ कंधे से कंधा मिलाकर खड़े हुए है , हमारी आवाज़ दबाई नही जा सकती ""..RJD boycott  #JusticeForShahabuddin",NOT,NONE,0
hi_hasoc_2021_2712,"चेन्नई में वैक्सीन की सप्लाई में कमी के चलते टीकाकरण अभियान में पिछले चार दिनों से प्रतिदिन 25,000 से गिरकर 9,000 तक की प्रतिदिन टीकाकरण हो रहा है। #CovidVaccine https://t.co/puDkDfgQ2c",NOT,NONE,0
hi_hasoc_2021_1102,"@SushilModi कुछ भी मतलब कुछ भी, बस ट्वीट करते रहना है. कमाल करते हो छोटे मोदी #ModiMustResign #ModiKaVaccineJumla #ModiResign",NOT,NONE,0
hi_hasoc_2021_3795,#BengalTrustsModi  #ममता_खूनी_है     #IsupportModi     #राष्ट्रपति_जी_बंगाल_संभालो #CruelMamata #BengalBurning https://t.co/Ok5wRbQo8p,NOT,NONE,0
hi_hasoc_2021_3121,आज पहले से Registration करा के यहाँ गये थे. वैक्सीन आई ही नहीं ☹️  #ModiKaVaccineJumla https://t.co/WURx4qXN4R,NOT,NONE,0
hi_hasoc_2021_4685,@suryangautam708 @myogiadityanath @UPGovt मा० योगी जी होमगार्ड जवानों को UPP उत्तर प्रदेश पर्सनल पुलिस का दर्जा देकर के ऐतिहासिक कार्य करने की कृपया करें हम दबे कुचले शोषण अत्याचार अवैध वसूली ग्रस्त है हमें इस दलदल से निकालने की कृपा करें हमें भी समाज में सम्मान मिलने लगेगा हीन भावना से देखा जाता है समाज मैं सम्मान मिले,NOT,NONE,0
hi_hasoc_2021_3304,#NoVoteForBJP  #NoVoteToBJP  #BoycottBJP #GoBackModi #PoMoneModi  #मोदी_परत_जा #नहीं_चाहिए_भाजपा  #BJPHataoDeshBachao  #SuperSpreaderModi #ModiDisasterForIndia  #ResignModi #Resign_PM_Modi  #VaccineRegistration  #cowinregistration #KisanMazdoorEktaZindabaad https://t.co/QJ5ct31rCk,NOT,NONE,0
hi_hasoc_2021_2291,"अमानतुल्लाह खान, इमरान प्रतापगढ़ी  DD हॉस्पिटल पहुंच चुके हैं।                              #JusticeForShahabuddin",NOT,NONE,0
hi_hasoc_2021_363,जैसे उत्तर प्रदेश में हिन्दू युवावाहिनी है वैसी ही कोई संस्था की आवश्यकता #Bengal में है!! @myogiadityanath  #BengalBurning,NOT,NONE,0
hi_hasoc_2021_32,"भारत में कहर बरपाता कोरोना, अकेले अप्रैल में कोरोना 66.13 लाख मामले  #IndiaCovidCrisis https://t.co/anptnyAQ7Z",NOT,NONE,0
hi_hasoc_2021_5013,"भाजपा की यही ""मौन रवैया"" एक दिन घातक सिद्ध होगा।.....#BengalBurning #BengalViolence #PresidentsRuleinBengal @narendramodi @JPNadda @AmitShah",NOT,NONE,0
hi_hasoc_2021_2515,कितना है बदनसीब #शाहबुद्दीन दफन के लिए  दो गज जमीं ना मिली अपना कुए ए वतन #सिवान में  #JusticeForShahabuddin https://t.co/ij0yFVbpMt,NOT,NONE,0
hi_hasoc_2021_3509,"TMCके गुंडों एवं ममता बनर्जी द्वारा पश्चिम बंगाल भाजपा कार्यकर्ताओं के घरों पर की जा रही हिंसा, हत्या लूटपाट के विरोध में भाजपा विनोद नगर मंडल द्वारा सांकेतिक प्रदर्शन #TMCTerror  #BengalBurning @siddharthanbjp @PandaJay @adeshguptabjp @GautamGambhir @Virend_Sachdeva @BJP4India https://t.co/1KUTkd9WkK",NOT,NONE,0
hi_hasoc_2021_3726,ओम शांती 🙏  We should never forgive the Chinese for #ChineseVirus https://t.co/AaU2IejP4I,NOT,NONE,0
hi_hasoc_2021_1751,शहाबुद्दीन के साथ हुआ वो आज़म खान के साथ नहीं होना चाहिए इसलिए आइए हम सब आवाज उठाते हैं #JusticeForShahabuddin,NOT,NONE,0
hi_hasoc_2021_4009,छिलने के लिए मटर @BJP4India के टॉप लीडरशिप के लिए | #BengalBurning  #BengalViolence https://t.co/ctt3DZ0tNn,NOT,NONE,0
hi_hasoc_2021_2037,जो शहाबुद्दीन के साथ हैं वो इस ट्वीट को रीट्वीट करें और इस हैसटैग पर ट्वीट करें #JusticeForShahabuddin,NOT,NONE,0
hi_hasoc_2021_1234,#bengalviolence Be careful everyone. Some unscrupulous people are posting these pictures on social media to spread tension in the state and the country.  #CovidIndia #COVIDEmergencyIndia #ममता_की_निर्ममता #SpinelessBJP #SpinlessBJP #बंगाल_हिंसा #COVIDEmergency   #BengalBurning https://t.co/WS4fLt2q6V,NOT,NONE,0
hi_hasoc_2021_2850,#Vaccine_और_MSP_दो #ExitModi  #ResignPMmodi  #FarmersProtest https://t.co/prQa1aY5dZ,NOT,NONE,0
hi_hasoc_2021_2439,"'कोरोना काल में मानवता की एक मिसाल'  बार बार, हर बार  ""सिंह इज किंग""  @officialdsgmc @DSGMCDelhi @ManjitGK  @khalsaaid_india @Khalsa_Aid सिखों से मिल रही है मानव सेवा की सीख।। #Sikh  #banglasahib  #Punjabi  #gurudwara  #खालसाऐड #COVID19 #IndiaCovidCrisis  #IndiaCovidRelief",NOT,NONE,0
hi_hasoc_2021_581,"@ashutosh83B @_YogendraYadav दो मिनट का मौन उनके लिए भी जिनको बंगाल में चुनावी रैली दिखी ,  कोरोना दिखा किन्तु अब हिंसा , लूट अग्निकांड और महिलाओं को लुटती इज़्ज़त नहीं दिख रहीं 😡😡  #PresidentsRuleinBengal  #BengalBurning  #BengalViolence  #KhooniKhela  #WestBengalViolence",NOT,NONE,0
hi_hasoc_2021_5352,"@BachchaPandey2 *ओसामा साहब ने सिर्फ उस ट्वीट और ट्विटर अकाउंट को फर्जी बताया है ना कि राजद का पक्ष लिए और ना की राजद का गुणगान किये है, संयम रखिए जल्द ही सब कुछ सामने आएगा।* #JusticeForShahabuddin",NOT,NONE,0
hi_hasoc_2021_3519,बस यहीं बाकी था @aajtak @IndiaToday आसमानी asteroids दिख गया लेकिन बंगाल में हो रहें अत्याचार नहीं दिख रहा है.  ऑफिस में बैठ कर जासूस बन के fact check खेल रहे हैं.  #BengalViolence  #BengalBurning https://t.co/T3yEsbaEux,NOT,NONE,0
hi_hasoc_2021_3802,"अलविदा शेर-ए-बिहार… अल्लाह आपकी मग़फ़िरत फरमाए, आपको जन्नतुल फिरदौस में आला मकाम अता फरमाए और अहले खाना को सब्र जमील अता फरमाए. ..  #JusticeForShahabuddin https://t.co/ee2BF3OlpL",NOT,NONE,0
hi_hasoc_2021_3412,~  इज्जत तोह थी न आपकी             नफ़रत में इज़ाफ़ा हो गया                     #IndiaCovidCrisis #IndianLivesMatter,NOT,NONE,0
hi_hasoc_2021_1654,@cricketcomau @UNICEFIndia @CricketAus Thank you cricket australia 🇦🇺 for showing big heart for our country🙏 🇮🇳 #IndiaNeedsOxygen #IndiaCovidCrisis #लड़ेंगे_जीतेंगे,NOT,NONE,0
hi_hasoc_2021_2018,@friendsofrss @aqeel261065 क्या गजब की इज़्ज़त है बंगाल में महिलाओं की ऐसे बे आबरू करना एक महिला को उसके बच्चे के आगे ऐसा भारत के किसी और राज्य में नहीं होता।#BengalBurning #BengalViolence,NOT,NONE,0
hi_hasoc_2021_4182,हक की आवाज को मजबूत कीजिए एक बार फिर से लिखिए #JusticeForShahabuddin,NOT,NONE,0
hi_hasoc_2021_247,"आजकल एरे गेरे लोग,मोदीजी को चैलेंज कर रहे है   मोदीजी का भूतकाल नहीं पता इनको   #BengalBurning  #WestBengal",NOT,NONE,0
hi_hasoc_2021_57,"#दिल्ली_सरकार अपने अजेंडे के तहत स्कूलों में #वैक्सीन का टीका लगवा रहा है ताकि उस इलाके के सभी लोग दिल्ली सरकार के बनाये हुए अच्छे स्कूलों को देख सकेऔर दिल्ली की शिक्षा मॉडल को देख सके, ये गलत है #MCD स्कुल में क्यों नहीं बनाया सेंटर? #CovidVaccine @msisodia @ArvindKejriwal https://t.co/znYB2ropYp",NOT,NONE,0
hi_hasoc_2021_154,जब केंद्र के पास पर्याप्त मात्रा में वैक्सीन उपलब्ध नही थी तो 18+ के टीकाकरण करने का झूठा वादा क्यू किया #ModiKaVaccineJumla #ModiTikaDo  @AkashSharmaINC @NSUICG @arpit_parganiha @INCSheetal @ratantiwarinsui @Krishna_NSUI_ @NsuiOmprakash @AarohiS50681691 @ajit_koshale,NOT,NONE,0
hi_hasoc_2021_3506,#IndiaCovidCrisis ये हाल है मेरे भारत महान का । अभी अपने को संभाल लो वरना इसी जगह से न्यू फोटो रिलीज होगी । SMS का तरीका अपनाएं । S= SHOAP UR HAND M= MASK S= सैनेटाइज https://t.co/vwX1aFBRNM,NOT,NONE,0
hi_hasoc_2021_3764,अजीत सिंह के लिए आप का शोक व्यक्त करना बिल्कुल सही है लेकिन बंगाल में जो मासूम भाजपा कार्यकर्ता मारे जा रहे हैं बेटियों का बलात्कार हो रहा है क्या उस पर आपको कुछ नहीं बोलना चाहिए कृपया करके उन मासूमों के आंसू को पूछने का प्रयास कीजिए #BengalBurning @PMOIndia @AmitShah,NOT,NONE,0
hi_hasoc_2021_3003,मकान 45 मंजिल का तभी बनता हैं  जब उसकी नीय मज़बूत होती हैं  लालू मंजिल तुम हो तो।  नीय हम हैं शहाबुद्दीन।   #JusticeForShahabuddin,NOT,NONE,0
hi_hasoc_2021_1700,जो लोग सवाल नहीं उठाते  वे पाखंडी हैं  जो सवाल नहीं कर सकते वे मूर्ख हैं  जिनके ज़हन में  सवाल उभरता ही नहीं  वे गुलाम हैं  –जॉर्ज गार्डन बायरन,NOT,NONE,0
hi_hasoc_2021_3804,"केंद्रीय सत्ता में बैठे हुए नेताओं और उनके चापलूसों से अच्छा तो बंगाल के राज्यपाल @jdhankhar1 जी हैं।  कम से कम उन्होंने मुँह पे सवाल तो किया, यहाँ दिल्ली की गद्दी से आवाज़ भी नही निकली।  #बंगाल_हिंसा  #BengalBurning  #BengalViolence",NOT,NONE,0
hi_hasoc_2021_2452,"@007QaQa अलविदा शेर-ए-बिहार…  अल्लाह आपकी मग़फ़िरत फरमाए, आपको जन्नतुल फिरदौस में आला मकाम अता फरमाए और अहले खाना को सब्र जमील अता फरमाए. 🤲 #JusticeForShahabuddin",NOT,NONE,0
hi_hasoc_2021_3434,#Resign_PM_Modi  #Vaccine_और_MSP_दो,NOT,NONE,0
hi_hasoc_2021_3175,#ModiKaVaccineJumla  यहाँ भी जुमला 😡😡,NOT,NONE,0
hi_hasoc_2021_3305,"मोदीजी ने तो पहले ही कह दिया था कि आत्मनिर्भर बनो।  फिर भी अगर तुम अपनी रक्षा के लिए उन्हीं पर निर्भर हो, तो उनकी क्या गलती? 🤷🏻‍♂️  #WestBengalViolence #नींद_से_जागो_अमित_शाह_जी #BengalBurning",NOT,NONE,0
hi_hasoc_2021_1324,"ना जानें कितने ""चिरागों"" को मिल गई शोहरत एक ""आफताब"" के बे वक्त डूब जाने से 💔  #सय्यद_शहाबुद्दीन_सहाब मर के भी अमर रहेंगे #अल्लाह_आपकी_मगफिरत_फरमाए  #JusticeForShahabuddin",NOT,NONE,0
hi_hasoc_2021_4116,"आज आसमां भी रोया, #साहब के लिए  #JusticeForShahabuddin https://t.co/pU7dH8tiw2",NOT,NONE,0
hi_hasoc_2021_4136,बंगाल में चुनाव के बाद ही हिंसा काफी दुखद है। पार्टियां फिर एक हो जाएंगी लेकिन इस राजनीतिक हिंसा से दिलों में जो दरार पड़ेगी उसे मिटाने में कई दशक लग जाएंगे। जरा सावधान होकर भद्र पुरूषों जैसा व्यवहार करिए ये बंगाली मानुष।     #BengalViolence #BengalBurning,NOT,NONE,0
hi_hasoc_2021_2028,"पश्चिम बंगाल में तृणमूल कांग्रेस के कार्यकर्ताओं द्वारा भाजपा समर्थकों पर किए जा रहे जानलेवा हमले,मारपीट और भाजपा कार्यालय में तोड़फोड़ की घटना की मैं निंदा करता हूँ ।   #BengalBurning #BengalViolence https://t.co/MaA6d0i9Jz",NOT,NONE,0
hi_hasoc_2021_4270,@ShilpaBhartiy @BhootSantosh मोदी तुम इस्तीफा दो हम तुम्हारे साथ है #ResignModi  #Resign_PM_Modi  #ModiHataoDeshBachao https://t.co/spsvPTov8W,NOT,NONE,0
hi_hasoc_2021_2151,#किसानों_का_मोदी_को_धोबीपटका  #UPPanchayatElection2021  #ResignModi  #ResignPMmodi  #KisanBole_NoVoteToModi  #KisanMazdoorEktaZindabaad  #ExitModi   DESH Modi se chutkara pana chahta hai ?  SHARE THE POLL TO MAXIMUM,NOT,NONE,0
hi_hasoc_2021_150,kisan ekta zindabaad #RIPAjitSingh #FarmersProtest #ModiResign #ModiMustResign #ModiKaVaccineJumla #मोदी_इस्तीफा_दो,NOT,NONE,0
hi_hasoc_2021_3161,शेर-ए-बिहार शहाबुद्दीन साहब की मौत नहीं बल्कि राजनीतिक हत्या हुई है😢 #JusticeForShahabuddin,NOT,NONE,0
hi_hasoc_2021_2102,"@FARHANANWAR011 @Akhtaruliman5 मरहूम सहाबुद्दीन की लाश जैसे दिल्ली गेट ITO कब्रिस्तान मे सुपुर्द ए खाक हुई,❣️   Inshallah ऐसे ही बिहार में  लालू तेरी पार्टी को सुपुर्दे खाक करेगी बिहार की जनता #JusticeForShahabuddin",NOT,NONE,0
hi_hasoc_2021_1314,साथियों अभी कुछ कमी नजर आ रही है भर दो हुंकार अपने हक के लिए ताल ठोक कर मैदान में आ जाओ।  #कोरोना_के_आड़_में_देश_गया_भाड़_में #कोरोना_के_आड़_में_देश_गया_भाड़_में  !  🙏🌷🌺🌹🌷🙏 https://t.co/72Nd4CnSCj,NOT,NONE,0
hi_hasoc_2021_3505,#USA ने अपने आधे लोगो को वैक्सीन दे दी  पर हम हमारे 2 % लोगो को भी नहीं दे सके  #ModiKaVaccineJumla #ModiMustResign #ModiResign #Resign_PM_Modi #VaccineForAll,NOT,NONE,0
hi_hasoc_2021_428,@sumanpreetkaurr Humility is Humanity🙏 No matter what our achievements are if you’re not humble it’s all meaningless   #Humility #Humanity #Vaccine_और_MSP_दो #Resign_PM_Modi #KisanMazdoorEktaZindabaad   #FarmLaws_NextPandemic #5MonthsOfFarmersProtest #आज_आक्सीजन_कल_रोटी_जायेगी    #FarmersProtest,NOT,NONE,0
hi_hasoc_2021_490,मध्यप्रदेश में  भी वैक्सीन लगवाने में असमर्थ. है कहाँ है मोदी का वैक्सीन?  #ModiKaVaccineJumla,NOT,NONE,0
hi_hasoc_2021_4063,चितायें जल रही हैं  लेकिन सब मौन हैं  कोई बताएगा ज़रा  इस बर्बादी का जिम्मेदार कौन हैं😔 #BJP #AndhBhakt #ResignModi,NOT,NONE,0
hi_hasoc_2021_2363,साथियो लिखते रहो और लिखने वालों को सपोर्ट करते रहो लिखो #JusticeForShahabuddin,NOT,NONE,0
hi_hasoc_2021_3484,"अपने मन में जानता हूं महाभारत सार को मैं निमंत्रण नही दूँगा कृष्ण के अवतार को, क्यूँकि जानता हूं अंत तह निष्कर्ष यही आयेगा कायर कहेगा विश्व उसको जो युद्ध ना कर पायेगा।  #BengalBurning  #SpinelessBJP",NOT,NONE,0
hi_hasoc_2021_2277,बंगाल जितने कि चाह में आप पूरा भारत हार गये। @narendramodi  #narendramodiresign #ResignPMmodi #ResignModi #systemfailure,NOT,NONE,0
hi_hasoc_2021_6063,💥न्यायालय क्यों दोगला व्यवहार करता है सन्तों के साथ❓ 🔥आंतकियों को क्यों मिल रही है बेल❓ 💥Sant Shri Asharamji Bapu की उम्र भी 85 वर्ष है फिर भी उन्हें Ayurveda इलाज के लिए भी बेल नही दी जा रही है क्यों❓ 🔥जन जन की न्यायालय से यही पुकार है की  #बापूजी_को_आयुर्वेदिक_चिकित्स https://t.co/CmFhjAfSXA,NOT,NONE,0
hi_hasoc_2021_2755,@olahuuberhu भाई मैं भी किसी को नहीं बोलती पर मेरे से दुश्मनी क्यों तुम जो कर रहे हो करते रहो भाड़ में जाओ पर मेरे से पंगा लोगे तो छोडूंगी नहीं मैं,NOT,NONE,0
hi_hasoc_2021_4027,@ndtv मोदी तुम इस्तीफा दो हम तुम्हारे साथ है #ResignModi  #Resign_PM_Modi  #ModiHataoDeshBachao https://t.co/spsvPTov8W,NOT,NONE,0
hi_hasoc_2021_1260,इस विडियो 👇 में राक्षस वृत्ति के ऐसे घिनौने कृत्य से हम सबका मन विचलित हो उठता है।अब देखिए कि दुष्ट आरोपी का कागज़ी नाम भी ईश्वर है।😭दुखद 😭 ऐसे लोगों के खिलाफ सख्त कानूनी कार्यवाही होना आवश्यक है। @RSSorg @boddhikvibhag1 @arungovil12 @teambtfraj @BishnoiPabbaram @Aacharya_29 https://t.co/YcoOOWXosO,NOT,NONE,0
hi_hasoc_2021_2246,@abhisar_sharma #Hindus DYING #HindusLivesMatter   #KindAttnPMNarendraModi  #coronasecondwaveinindia #ModiMadeDisaster #ResignModi    #BJP #RSS LIARS   I WARNED 2 YRS BACK #RSSTerrorists BANNED BY SARDAR PATEL IGNORED  #शेर_नहीं_भेड़िया_पाल_लिया_भक्तो  #MautKaSaudagar,NOT,NONE,0
hi_hasoc_2021_307,शेर-ए-बिहार मोहम्मद शहाबुद्दीन  #JusticeForShahabuddin https://t.co/PXYeGAacCS,NOT,NONE,0
hi_hasoc_2021_3380,#FarmersProtest #KisanBole_NoVoteToModi #KisanMazdoorEktaZindabaad #farmerlivesmatter #BeVoiceofFarmers #ResignModi #FarmersAreIndia #IndianFarmersHumanRights #KisaanMajdoorEktaZindabaad #ModiHataoDeshBachao #कृषि_कानून_रद्द_करने_पड़ेंगे #FarmLaws_NextPandemic #FamersProtest https://t.co/F9LjTvtiaR,NOT,NONE,0
hi_hasoc_2021_681,"शेर-ए-बिहार मोहम्मद शहाबुद्दीन को अलविदा,  अलविदा आरजेडी  #JusticeForShahabuddin",NOT,NONE,0
hi_hasoc_2021_873,सावित्रीमाई फुलेंची कर्म भुमी असलेलं पुणे शहर!आज  जागातिल सर्वांत मोठी वेश्या वस्ती असलेलं शहर म्हणून प्रसिद्ध झालं!  #बुधवार_पेठ #छगन_भुजबळ_साहेब @TV9Marathi @zee24taasnews @News18lokmat @abpmajhatv @waglenikhil @dnyanada24 @PrasannJOSHI @Pee24Taaas @SanghiPablo1,NOT,NONE,0
hi_hasoc_2021_55,#CoronaSecondWave  कोरोना देश में : एक हफ्ते में 15% केस और 41% मौतें बढ़ी।  #ResignModi #ModiKaVaccineJumla #ModiHataoDeshBachao #ModiGovtSeNaHoPayega #ModiSarkarHiSystemHai https://t.co/vE0QLSFRb8,NOT,NONE,0
hi_hasoc_2021_5828,"भारत में तानाशाही की हद पार-भारत की हालत दम तोड़ते इंसान जैसी, फिर भी भाज... https://t.co/I2RS7mqLLT via @YouTube #OxygenChorIndia #Amma #EndiaSaySorryToKashmir #ResignModi #HumanRights #GodiMedia #ModiMustResign @TeamPakDefense",NOT,NONE,0
hi_hasoc_2021_232,यह तस्वीर जालौर जिले की है अत्यंत हृदय को विभोर करने वाली है सरकारी वादा करती है फिर नई सरकार आती है ऐसे वादे वादे में लोग भूख प्यार से मार रहे हैं आखिर कब तक गरीब जनता इस तरह मरती रहेगी। सरकार कोई भी हो हमेशा जनता का शोषण करती है और करती रहेगी जब तक तुम चुप बैठे रहो तब तक! https://t.co/Wq94llV3Wv,NOT,NONE,0
hi_hasoc_2021_3714,2014  देश न झुकने दूंगा  2021 भूटान से भी भीख लूंगा! #ModiResign #25सांसद_लापता_है #ResignPMmodi #YogiAdityanath #ModiKaVaccineJumla,NOT,NONE,0
hi_hasoc_2021_3989,यक़ीन नही हो पा रहा है। 💔  #ShahabuddinSaheb #JusticeForShahabuddin https://t.co/U7RaAFjfFW,NOT,NONE,0
hi_hasoc_2021_410,इसके लिए सरकारें जिम्मेदार  @DainikBhaskar @PMOIndia  #COVID19India  #CovidVaccine https://t.co/nzEoraNIIx,NOT,NONE,0
hi_hasoc_2021_3289,"कॉंग्रेस के समय में फ्री वेक्सीन लगा कर, फ्री मिड डे मील खा कर, RTE के तहत फ्री स्कूल जाने वाले और कांग्रेस के समय दी गयी नौकरी की पेंशन पर पलने वाले अंडभक्त भी ज्ञान दे रहे हैं कि वेक्सीन फ्री नही लगनी चाहिए। #ModiKaVaccineJumla",NOT,NONE,0
hi_hasoc_2021_3371,Exclusive(ऑडियो)शहाबुद्दीन को तो मरना ही था वो जान गया था खेला हो गया है सुनिए उसने क्या कहा... @Siwan_Rjd @ImRanjeetRay #JusticeForShahabuddin https://t.co/jXfnZDUJOu,NOT,NONE,0
hi_hasoc_2021_2873,@TejYadav14 यह जितने भी नेता जमाने से  मुसलमानो के मसीहा(शेर की खाल मे भेड़िये)बन कर बेठे है आहिस्ता आहिस्ता सब के चेहरे से नकाब उतरता जाएगा और मुसलिमो को भी धीरे धीरे दिखाई देने लगेगा आज नही तो कल मेरी बात लिख कर रख लो  #Saloni_Singh🖊 #JusticeForShahabuddin,NOT,NONE,0
hi_hasoc_2021_6002,तुम दाढ़ी संभालो  सत्ता दूसरे संभाल लेंगे 🖕   #alwaysagainstmodi #ResignModi #ResignPMmodi #gowaybsdk #gobackmoditrending https://t.co/BvmirCeCQS,NOT,NONE,0
hi_hasoc_2021_222,अलविदा शेर-ए-बिहार ज़ालिमों अल्लाह तुम्हे बर्बाद कर दे....😢 #JusticeForShahabuddin https://t.co/vCyMf50tJK,NOT,NONE,0
hi_hasoc_2021_3887,"@HardeepSPuri सर आजकल आप बड़े अच्छे से देश के कमीने नेताओं और शहरी नक्सलियों को धोते है, काश बीजेपी के सारे नेता ऐसा करते",NOT,NONE,0
hi_hasoc_2021_5097,@RoflGandhi_ @varungrover @TeamDeepender @cmohry मोदी तुम इस्तीफा दो हम तुम्हारे साथ है #ResignModi  #Resign_PM_Modi  #ModiHataoDeshBachao https://t.co/spsvPTov8W,NOT,NONE,0
hi_hasoc_2021_1732,@SudhirShuklaSh1 बंगाल विजय करने के चक्कर में पूरा देश हारेंगे अब।  #COVID19 #ModiKaVaccineJumla #ModiResign #CovidIndia  @RahulGandhi @INCUttarPradesh,NOT,NONE,0
hi_hasoc_2021_444,#राष्ट्रपति_जी_बंगाल_संभालो     so true case in #bengal right now  #BengalBurning https://t.co/jQYjRR702d,NOT,NONE,0
hi_hasoc_2021_142,कहाँ गया अब चौकीदार बड़े उद्योगपति देश लूट कर विदेश फरार .  #AdarPoonawalla  #VijayMallya  #NIRAVMODI  #Mehulchoksi #ChowkidarChorHai #ModiKaVaccineJumla  #ModiResign,NOT,NONE,0
hi_hasoc_2021_1855,पश्चिम बंगाल में विधानसभा चुनाव के बाद तृणमूल कांग्रेस के गुंडों द्वारा भाजपा कार्यकर्ताओं के खिलाफ हुई हिंसा के विरोध में आयोजित वर्चुअल धरना प्रदर्शन में भाग लिया। मैं इस हिंसा और आगजनी की घटनाओं का विरोध करता हूं। @BJP4India @BJP4UP @BJP4Bengal  #BengalBurning https://t.co/ln3lRV43Bp,NOT,NONE,0
hi_hasoc_2021_2961,@realSonuNigam0 बाल उखाड़ने से मुर्दा हल्का नही होता वैसे बहिष्कार अगर करना है तो सबका कर ना सिर्फ ख़ानों का ही क्यू  गौरी ख़ान का कर करीना कपूर का कर किरन राव का कर ये सब भी तो उन्ही से जुड़े है और ये दोगला सोनू निगम ये खुद मोहम्मद रफ़ी और अताउल्लाह ख़ान के गाने गा गा के कामयाबी हासिल की है,NOT,NONE,0
hi_hasoc_2021_5366,ज़िंदगी और मौत दोनों से डर रहे है। बंदे में कुछ तो ख़ास बात थी। इसलिए ही लाश देने से डर रहे है। #JusticeForShahabuddin  #JusticeForShahabuddin,NOT,NONE,0
hi_hasoc_2021_635,हमारे PM और CM से request है की बढ़ते coronavirus को देखते हुए  संपूर्ण भारत मे lockdown कर देनी चाहिए 🙏 #CoronaPandemic #IndiaCovidCrisis @narendramodi @NitishKumar @AmitShah @rashtrapatibhvn @akshaykumar,NOT,NONE,0
hi_hasoc_2021_3359,जो शहाबुद्दीन के साथ हुआ वो आज़म खान के साथ नहीं होना चाहिए इसलिए आइए हम सब आवाज उठाते हैं #JusticeForShahabuddin,NOT,NONE,0
hi_hasoc_2021_6107,@RajatSharmaLive @AjitSingh_RLD @jayantrld गरीबों और दलितों की mrityu पर मन सुखी है। #BengalBurning,NOT,NONE,0
hi_hasoc_2021_3225,"किसानो का बंगाल जाना, और दबंगो का हार जाना!  ये है """" किसान की ताकत समझे।।        खेला होबे   #Vaccine_और_MSP_दो #किसान_Power  #ExitModi  #ModiKaVaccineJumla  #मोदी_शैतान_भुगतें_किसान https://t.co/JW0G1uI30l",NOT,NONE,0
hi_hasoc_2021_2493,#OPS #BanEVM #पुरानी_पेंशन_बहाल_करो #FarmersProtest #SpeakUpForFarmers #StopPrivatization #ModiMadeDisaster #NPS_भारत_छोड़ो #NPS_QUIT_INDIA #NPSनिजीकरणभारतछोड़ो #OPS_कर्मचारी_का_अधिकार #NPSनिजीकरणकेख़िलाफ़_इंक़लाब #स्वास्थ्य_क्षेत्र_मे_बजट_बढ़ाओ #Resign_PM_Modi #Vaccine_और_MSP_दो https://t.co/9T2rnMa6PP,NOT,NONE,0
hi_hasoc_2021_4978,VIDEO: महाविकास आघाडीत पुन्हा मानापमान नाट्य; काँग्रेस आमदार झिशान सिद्दीकी अनिल परबांवर संतापले #CovidVaccine #ShivSena #Congress #AnilParab #ZeeshanSiddique @advanilparab @zeeshan_iyc  https://t.co/Y4bOpwRAez,NOT,NONE,0
hi_hasoc_2021_715,@Stylish_Sahiba जी  कभी अल्सेशियन कुत्ते के बारे मेे सुना है ? सिर्फ एक मालिक की बात मानता है वो . #YESUNG #win #vaccinated #tiktokdown #stayspacex #ResignModi #quackity #PresidentRuleInBengal #HBDThalaAjith #GoodGirls #EfYam #exrosmello #dogecoin #COVID19 #BengalBurning #ARSD https://t.co/0JhaupZ7uc,NOT,NONE,0
hi_hasoc_2021_5025,@beingarun28 नाम का है बस हिंदी सिनेमा थिरकती मदिरा में हीरो टुन... फूहड़ गाने विदेशी धुन.  https://t.co/egQ2EW6AOA    इज्ज़त के साथ बेज़्ज़ती के लिए एक सब्सक्राइब तो बनता है  सनातनी का सब्सक्राइब मिले तो और कहना हौसला बढेगा  🙏🙏,NOT,NONE,0
hi_hasoc_2021_2675,#OPS #BanEVM #पुरानी_पेंशन_बहाल_करो #FarmersProtest #SpeakUpForFarmers #StopPrivatization #ModiMadeDisaster #NPS_भारत_छोड़ो #NPS_QUIT_INDIA #NPSनिजीकरणभारतछोड़ो #OPS_कर्मचारी_का_अधिकार #NPSनिजीकरणकेख़िलाफ़_इंक़लाब #स्वास्थ्य_क्षेत्र_मे_बजट_बढ़ाओ #Resign_PM_Modi #Vaccine_और_MSP_दो https://t.co/xilbVVjz7B,NOT,NONE,0
hi_hasoc_2021_1183,@RakeshTikaitBKU @news24tvchannel @meelrajaram @ANI @PTI_News @Kisanektamorcha @thetribunechd @PunjabKesariCom @OfficialBKU @ajitanjum @KisanSabha जानवर जानवर का शिकार करता है! इंसान जानवर का शिकार करता है! राजनीति का नशा इंसान का शिकार करता है!,NOT,NONE,0
hi_hasoc_2021_2122,@TMaryada मोदी तुम इस्तीफा दो हम तुम्हारे साथ है #ResignModi  #Resign_PM_Modi  #ModiHataoDeshBachao https://t.co/spsvPTov8W,NOT,NONE,0
hi_hasoc_2021_4032,@imfulara ONCE IN A CENTURY  @narendramodi @PMOIndia  #मनहुस_मोदी का साया मेरे देश के ऊपर से हट जाएगा आर्मी सारा काम संभाल रही है दवाई ऑक्सीजन आदि भी तेरे राजनीति से मुक्त हो जायेगी सभी के अपने अकालमृत्यु मर रहे है  #ResignModi मानवता केलिऐ #Resign_PM_Modi देशभक्त हो तो,NOT,NONE,0
hi_hasoc_2021_3960,@RoflEpicDon मोदी तुम इस्तीफा दो हम तुम्हारे साथ है #ResignModi  #Resign_PM_Modi  #ModiHataoDeshBachao https://t.co/spsvPTov8W,NOT,NONE,0
hi_hasoc_2021_1705,"हॉस्पिटल में एंबुलेंस उपलब्ध नहीं है,ये #डिजिटल इंडिया है,गायों के लिए एम्बुलेंस इंसानो के लिए कुछ नही।😥😥😥 #AIIMS #Chandigarh #Resign_PM_Modi #thoughtoftheday https://t.co/6e2zN62KHi",NOT,NONE,0
hi_hasoc_2021_3317,आज़ाद ख़याल वो नहि वो फूहड़ हो  आज़ाद ख़याल वो जो हक़ीक़त को  #बज्म,NOT,NONE,0
hi_hasoc_2021_912,@KhanAmanatullah RSS का छोटा रीचार्ज खुजलीवाल तो ख़ुश हुआं होगा अब !! #JusticeForShahabuddin,NOT,NONE,0
hi_hasoc_2021_3426,मोदी तुम इस्तीफा दो हम तुम्हारे साथ है #ResignModi  #Resign_PM_Modi  #ModiHataoDeshBachao https://t.co/spsvPTov8W,NOT,NONE,0
hi_hasoc_2021_233,#OPS #BanEVM #पुरानी_पेंशन_बहाल_करो #FarmersProtest #SpeakUpForFarmers #StopPrivatization #ModiMadeDisaster #NPS_भारत_छोड़ो #NPS_QUIT_INDIA #NPSनिजीकरणभारतछोड़ो #OPS_कर्मचारी_का_अधिकार #NPSनिजीकरणकेख़िलाफ़_इंक़लाब #स्वास्थ्य_क्षेत्र_मे_बजट_बढ़ाओ #Resign_PM_Modi #Vaccine_और_MSP_दो https://t.co/3fzT4bZIKn,NOT,NONE,0
hi_hasoc_2021_4850,"कोरोना संकट की घड़ी में कुछ इटालियन नसल के कुत्ते ज्यादा भूक रहे हैं। समझ में नहीं आता कि बिपदा की गहरी में इतना काहे भूक रहा है। किसी ने बताया कि अभी गर्मी कुछ ज्यादा पड़ रही है,गर्मी के सीजन में कुछ कुत्ते पागल हो जाते हैं। लगता है उसने सही बताया है।",NOT,NONE,0
hi_hasoc_2021_2654,ओसामा सहाब हम आपके साथ है #JusticeForShahabuddin,NOT,NONE,0
hi_hasoc_2021_621,"""अधिक दिनो तक मौन रहे तो गूंगे कहलाओगे ज़िंदा नज़र नही आओगे तो सच में मर जाओगे"" @Aminamalik1190 #जस्टिस_फॉर_शहाबुद्दीन  #JusticeForShahabuddin #JusticeForShahabuddin",NOT,NONE,0
hi_hasoc_2021_4045,"@janardanmis @JaiPrakashAga18 शादी थी ही नही ये, ये सिर्फ 2021 के बंगाल चुनाव में हिंदुओ को मूर्ख बनाने के लिए चूड़ा और सिंदूर का एक्सपेरिमेंट था।   चुनाव खत्म शादी खत्म, मुझे तो लगता है मिया बीवी दोनो पहले से मिले थे और बीजेपी को हारने के लिए ये भी टूलकिट का हिस्सा हो सकता है",NOT,NONE,0
hi_hasoc_2021_1405,@Anupojh11051854 @TheLallantop @ktakshish भाई इस प्रकार तो मेरा फ़ेसबुक पेज ससपेंड कर दिया गया है सिर्फ एक पोस्ट में करने ही वाला था #ResignModi लेकिन पोस्ट हुआ नही और मेरा पेज सदैव के लिए बंद कर दिया गया इसमे किसका हाथ था बताइये ।,NOT,NONE,0
hi_hasoc_2021_2294,"2014 में @narendramodi सही कहे थे 2024 तक कोई भी आपको नही हटा सकता मतलब साफ है,,,, हमे भ्रम था बीजेपी,,,, आज तक का सबसे गंदा राजनीति भाजपा कर रही है  #बंगाल_में_राष्ट्रपति_शासन_हो  #BengalBurning  #CruelMamata",NOT,NONE,0
hi_hasoc_2021_3873,"क्या से क्या हो गया ,कहा से कहा आ गये हम ....#ModiKaVaccineJumla https://t.co/DnLYyRs5Ro",NOT,NONE,0
hi_hasoc_2021_5567,@BhimArmyChief @SPatel_Indian मोदी तुम इस्तीफा दो हम तुम्हारे साथ है #ResignModi  #Resign_PM_Modi  #ModiHataoDeshBachao https://t.co/spsvPTov8W,NOT,NONE,0
hi_hasoc_2021_6001,सोशल मीडिया में मची हलचल के बाद बिहार की राजनीति में भी हलचल मचना शुरु हो गई..  RJD से मुस्लिम नेताओं ने इस्तीफा देना  शुरु कर दिया है..  #JusticeForShahabuddin https://t.co/ACrfdNvkwI,NOT,NONE,0
hi_hasoc_2021_2999,"जैसे को तैसा ही एकमात्र उपाय है।  बजरंग दल, हिन्दू युवा वाहिनी जैसी संस्थाओं को वह मजबूत किया जाए और चुन चुन कर हिसाब लिया जाय।   और हाँ, अहिंसा के रोगियों के लिए ख़ास तौर पर - ""बांसुरी बजाने से युद्ध टलता, तो श्रीकृष्ण महाभारत न होने देते""  #BengalBurning #BengalViolence",NOT,NONE,0
hi_hasoc_2021_5090,Judge: who is this DONKEY 😜  एक गधा विकास कार्यों में बाधा डालता रहता है और फिर रोज़ कहता है कि मोदी काम नहीं करते हैं। 😜😜😜   https://t.co/VkrTGJONtA,NOT,NONE,0
hi_hasoc_2021_166,जब पूर्व सांसद मोहम्मद शाहबुद्दीन की करोना रिपोर्ट नेगेटिव थे तो फिर उनकी किस कारण हुई  पूछता है भारत #JusticeForShahabuddin,NOT,NONE,0
hi_hasoc_2021_819,@Krishna29892392 बंगाल पर कांग्रेस सहित सभी विपक्षी दल गूंगे-बहरे हो गए यही भाजपा शासित होता तो गूंगे भी बोलने लगते !  #BengalBurning #BengalViolence https://t.co/ZLcDSpyjKF,NOT,NONE,0
hi_hasoc_2021_1581,@KashishBihar दोगला चेनल,NOT,NONE,0
hi_hasoc_2021_3908,पहले भी यही  हाला था । बस कोरोना  ने हाल बता दिया।। #FarmersProtest #रोहित_सरदाना #RohitSardana #YogiJhootaHai #aajtak #ModiKaVaccineJumla https://t.co/VoqI8bgBgL,NOT,NONE,0
hi_hasoc_2021_917,ये क्या हो रहा है - भारत  कुछ नहीं कुछ नहीं दीदी की जीत का जश्न चल रहा है  @AITCofficial @MamataOfficial 😎 @BJP4India @BJP4Bengal  🚩🚩 #BengalBurning https://t.co/g3OWXitqv3,NOT,NONE,0
hi_hasoc_2021_726,ऐक देश एक कानून ये बस ज़ुबान तक हैं. एक देश दो #कानून रोहित सरदाना की डेड बॉडी उनके शहर को दी जा सकती हैं लेकिन बिहार के पूर्व सांसद मोहम्मद शाहबुद्दीन की डेड बॉडी उनके परिवार को नही.. उनके शहर वालो को नही #JusticeForShahabuddin,NOT,NONE,0
hi_hasoc_2021_1614,"Bengal Violence: गृह मंत्रालय की चेतावनी, हिंसा को लेकर ममता से मांगी रिपोर्ट https://t.co/JURJikikPi #BengalBurning #BengalViolence",NOT,NONE,0
hi_hasoc_2021_127,"हाथरस में पीड़ित परिवार तक पहुंचने नए नए रास्ते जो ढूंढ रहे थे। जान हतेली पे लेके खेतो से, नालों से गांव में घुस रहे थे..IAS-IPS ऑफिसर को दबोच रहे थे, ९ लाख pending केस होते हुए suo moto cognisance ले रहे थे.. वह लोग आज बंगाल की तरफ नींद में भी करवट नही ले रहे। #BengalBurning https://t.co/G7arpIrdlv",NOT,NONE,0
hi_hasoc_2021_954,शेर-ए-बिहार शहाबुद्दीन साहब की मौत नहीं बल्कि हत्या हुई है। #JusticeForShahabuddin,NOT,NONE,0
hi_hasoc_2021_3118,"चुप तुम रहो, चुप हम रहें। https://t.co/9MEMfUYgIK",NOT,NONE,0
hi_hasoc_2021_1230,अल्लाह जन्नतुल फ़िरदौस में आला मुकाम अता फरमाए #आमीन 🤲 #JusticeForShahabuddin https://t.co/I6ExXwYDMh,NOT,NONE,0
hi_hasoc_2021_2524,सूअर की आँखो से देखो कीचड़ भी हसीन लेगेगा।,NOT,NONE,0
hi_hasoc_2021_2987,"#ममता_की_निर्ममता जब जब बीजेपी हारती है तब तब दंगे होते हैं ,सही या गलत #बंगाल_हिंसा #ममता_बनर्जी #MamataBanarjee #mamtaofficial #BjpDestroyedIndia #BJPKorbe200Paar #BJP #BJPFailsIndia #BJP_HELPLESS_IN_BENGAL #BengalBurning #BengalViolence #biharlockdown #BJPKorbe200Paar",NOT,NONE,0
hi_hasoc_2021_3629,#जागो_इंड़िया_जागो #ModiMadeDisaster #ResignModi 👇😔 https://t.co/vPOLzbdcpB,NOT,NONE,0
hi_hasoc_2021_1876,मौत से किसकी यारी है।   आज शहाबुद्दीन तो कल केजरीवाल के बारी है।  #ShameOnKejriwal  #JusticeForShahabuddin https://t.co/0Xm36K4eDU,NOT,NONE,0
hi_hasoc_2021_1985,@PTI_News मोदी तुम इस्तीफा दो हम तुम्हारे साथ है #ResignModi  #Resign_PM_Modi  #ModiHataoDeshBachao https://t.co/spsvPTov8W,NOT,NONE,0
hi_hasoc_2021_1865,जनता ने दुनिया भर के टैक्स भरने के बाद भी जनता मूलभूत सुविधाओं से वंचित है! #ModisCrimeAgainstIndia #WhereAreVaccines #ResignPMmodi  #ResignHarshvardhan #WestBengalPolls #Covid #ResignHarshvardhan #COVID19 #tuesdayvibe #tuesdaymotivations #WelldoneTwitter #KanganaRanaut #COVID19 https://t.co/4i2mNFCuoS,NOT,NONE,0
hi_hasoc_2021_1964,#बंगाल_हिंसा #BengalBurning #BengalElection2021 #CovidIndia #COVIDEmergency2021 https://t.co/DtZv9HV1KL,NOT,NONE,0
hi_hasoc_2021_812,अरे सुन रहे हो ? या सुन्न रहे हो । #BengalViolence #BengalBurning https://t.co/F2ew4hZWOn,NOT,NONE,0
hi_hasoc_2021_3070,"@ReallySwara पहले आराम के लिए बंगला बन जाने दो। फिर कुछ बज जाएगा तो देश के लिए सोचेंगे,!!!  #ResignModi",NOT,NONE,0
hi_hasoc_2021_4208,भाई ओसामा ने साफ साफ बोल दिया मेरे नाम से फर्जी IDबनाकर राजद के बारे मे गलत लिख रहे हैं !!  #JusticeForShahabuddin,NOT,NONE,0
hi_hasoc_2021_1389,#ममता_खूनी_है #ArrestMamata  #BengalViolence #BengalBurning https://t.co/u67vVyva9e,NOT,NONE,0
hi_hasoc_2021_6046,@doctorrichabjp @AmitShah और @narendramodi क्या कर रहे हैं? इस पर भी अगर याचिका डालना पडे तो लानत है। #नींद_से_जागो_अमित_शाह_जी #नरेंद्रमोदी #bangalviolence #PresidentsRuleinBengal #ArrestMamataBanerjee #ArrestMamta #ResignModi #restoreKangnaRanaut #avijitsarkar #JPNadda #SambitPatra,NOT,NONE,0
hi_hasoc_2021_2250,भक्तों....... आत्म-निर्भर विश्व-गुरू ‘हिन्दू-राष्ट्र’ भारत अब विदेशों की सहायता का मोहताज़ है........!!  https://t.co/CprmPEzxYk  #आत्मनिर्भर_भारत #atmanirbhar #ModiKaVaccineJumla #ModiResign,NOT,NONE,0
hi_hasoc_2021_4157,दी ने देश के बजाय अपनी छवि को चुना”  -TheWashingtonPost  Modi’s pandemic choice: Protect his image or protect India. He chose himself.  #COVID19 #ModiResign #ResignModi #ResignPMmodi #Resign_PM_Modi #ModiKaVaccineJumla  https://t.co/Rii5aVYgfu,NOT,NONE,0
hi_hasoc_2021_3061,@IOkv2VYCY8DsQI7 @iingwen चीनी बैकस्टैबिंग व्यवहार अब अच्छी तरह से जाना जाता है  #WuhanVirus #TaiwanIsNotchina #ChineseVirus,NOT,NONE,0
hi_hasoc_2021_158,इंसान को मार सकते हो उसकी शख़्सियत को कभी मौत नहीं आती। शहाबुद्दीन साहब एक जिंदादिल इंसान थे उन्हें भुलाया नहीं जा सकता है...... #JusticeForShahabuddin  @HarishankarRJD @yadavtejashwi @laluprasadrjd @iAwadhBihariRJD @SupremeCourtFan @Siwan_Rjd @RJDforIndia,NOT,NONE,0
hi_hasoc_2021_2085,@TimesNow @AamAadmiParty ONCE IN A CENTURY  @narendramodi @PMOIndia  #मनहुस_मोदी का साया मेरे देश के ऊपर से हट जाएगा आर्मी सारा काम संभाल रही है दवाई ऑक्सीजन आदि भी तेरे राजनीति से मुक्त हो जायेगी सभी के अपने अकालमृत्यु मर रहे है  #ResignModi मानवता केलिऐ #Resign_PM_Modi देशभक्त हो तो,NOT,NONE,0
hi_hasoc_2021_1481,@sakshijoshii @SanjayAzadSln @Radhika_Khera @DeependerSHooda @IYCGujarat @NikhilSavani_ @AnupamkPandey @shalabhmani @KumariRukshmani @GaneshGINC @priyankac19 @srinivasiyc मोदी तुम इस्तीफा दो हम तुम्हारे साथ है #ResignModi  #Resign_PM_Modi  #ModiHataoDeshBachao https://t.co/spsvPTov8W,NOT,NONE,0
hi_hasoc_2021_2412,बंगाल मधील लोकांना कंगाल होण्यापासून  वाचवले याबद्दल ममता दीदी यांचे हार्दिक अभिनंदन 🎉🎉🎉🎉🎉  #MamataBanerjee  #BangalElection2021  #ModiKaVaccineJumla  #ModiResign,NOT,NONE,0
hi_hasoc_2021_5917,@Shehla_Rashid मोदी तुम इस्तीफा दो हम तुम्हारे साथ है #ResignModi  #Resign_PM_Modi  #ModiHataoDeshBachao https://t.co/spsvPTov8W,NOT,NONE,0
hi_hasoc_2021_3370,अलविदा शेर-ए- सिवान!!!!  अलविदा शेर-ए-हिन्दोस्तान!!!  #JusticeForShahabuddin https://t.co/1FzbNE3LfI,NOT,NONE,0
hi_hasoc_2021_2437,#ModiKaVaccineJumla #ModiResign #IndiaFightsCorona #PMCaresFund_का_हिसाब_दो #PMDoesNotCare https://t.co/nFybVPt6Q7,NOT,NONE,0
hi_hasoc_2021_3111,खुले दुश्मन तो सीने पे हमेशा वार करते है लगा है पीठ पे खंज़र कोई अपना रहा होगा  #JusticeForShahabuddin #BycottRJD,NOT,NONE,0
hi_hasoc_2021_1360,"My baby Mayra, love you for such wonderful motivation in this trail times with such simplicity. “ये वक़्त भी गुज़र जायेगा “ जय श्री कृष्ण 🌷🙏🏻 हिम्मत रखिये और आस्था भी, हम सब एक दूसरे का हाथ पकड़कर ये विपदा को भी पार कर लेंगे ।  #tuesdaymotivations #COVID19 #IndiaCovidCrisis https://t.co/yqU5ypEjqp",NOT,NONE,0
hi_hasoc_2021_4744,साथियों अभी कुछ कमी नजर आ रही है भर दो हुंकार अपने हक के लिए ताल ठोक कर मैदान में आ जाओ।  #कोरोना_के_आड़_में_देश_गया_भाड़_में #कोरोना_के_आड़_में_देश_गया_भाड़_में  !  🙏🌷🌺🌹🌷🙏 https://t.co/xktmeDt72L,NOT,NONE,0
hi_hasoc_2021_2074,"@ashutosh83B @JPNadda दो मिनट का मौन उनके लिए भी जिनको बंगाल में चुनावी रैली दिखी ,  कोरोना दिखा किन्तु अब हिंसा , लूट अग्निकांड और महिलाओं को लुटती इज़्ज़त नहीं दिख रहीं 😡😡  #PresidentsRuleinBengal  #BengalBurning  #BengalViolence  #KhooniKhela  #WestBengalViolence",NOT,NONE,0
hi_hasoc_2021_1461,अच्छे दिनों की आस मे  बस्तियां बदल गई लाश में 🤨😔  #JusticeForShahabuddin,NOT,NONE,0
hi_hasoc_2021_3915,"The BJP is in power in the centre, they have all the machinery at their disposal. But they don't have guts to retaliate.  ऐसे कायर बने रहोगे तो और मरेंगे. लेकिन #SpinelessBJP के बड़े नेताओं को इससे क्या मतलब? वो तो बैठेंगे चाय पे चर्चा करते Shame on you @BJP4India #BengalBurning",NOT,NONE,0
hi_hasoc_2021_4002,#BengalViolence #BengalBurning #CruelMamata #PresidentRuleInBengal #AntiHinduMamta  #ममता_खूनी_है https://t.co/lHiWstDAf8,NOT,NONE,0
hi_hasoc_2021_2500,"जिसको जानकारी नहीं है #बंगाल की  #Ground_Report बता देता हूँ  वहाँ से #हिंदुओं ने #आसाम के लिए #पलायन शुरू कर दिया है #कश्मीर देखने का मौक़ा नहीं मिला, #बंगाल देख लो। #BengalBurning #bengalvoilence",NOT,NONE,0
hi_hasoc_2021_3571,"चोरी जारी वैश्या वृति, कबहु ना करियो कोई। पुण्य पाई नर देहि, ओच्छी ठौर ना खोई।। #कबीर https://t.co/NQJmCpKykQ",NOT,NONE,0
hi_hasoc_2021_1189,"अभी तो ऐसी हालत है,   कोई बोल दे बकरी की लेड़ी भूंज के खाने से कोरोना में फायदा होता है तो वो भी मार्केट से गायब हो जाएगी 😀😀😀 #ModiKaVaccineJumla",NOT,NONE,0
hi_hasoc_2021_2244,"#लीडर का मतलब #निडर होना होता है, अगर लीडर निडर न हो तो समझ लेना वो गीदड़ है। और मरहूम शहाबुद्दीन साहब एक निडर लीडर, बेबाक और जिंदादिल इंसान थे  #JusticeForShahabuddin",NOT,NONE,0
hi_hasoc_2021_1826,आज़म खान साहब का इलाज AIIMS में कराया जाए… शहाबुद्दीन साहब की तरह उन्हें सिस्टम भरोसे नही छोड़ सकते😢🙏 #JusticeForShahabuddin,NOT,NONE,0
hi_hasoc_2021_1801,Strange but true ....  See the pic below  -  #PresidentsRuleinBengal #MamtaisTerrorist #TMCTerror #बंगाल_हिंसा #बंगाल_में_राष्ट्रपति_शासन_लागू_हो  #BengalBurning #BengalBurning https://t.co/2Lf5C8rvd5,NOT,NONE,0
hi_hasoc_2021_688,"ममता बनर्जी के राज में लोकतंत्र की हत्या हो रही है अवार्ड वापसी गिरोह कहाँ है उन्हें यह मानव जीवन को सबसे कलंकित करने वाला खेल दिखाई नही दे रहा है इसके खिलाफ जैतपुर मण्डल कार्यकर्ताओं द्वारा विरोध प्रदर्शन करते हुए। के.के.शुक्ला,चेयरमैन SDMC  #BengalBurning https://t.co/FcPgS2nN3J",NOT,NONE,0
hi_hasoc_2021_2556,"""मैं अब हिंदू नहीं हूं, मैं अब हिंदू नहीं हूं ..."" इस राज्य की एक लड़की कह रही है।  @AmitShah जी क्या ये क्रंदन आपके कानो तक नहीं पहुँच रहा ?   ये अपर्णा दास है -आधी रात को उसके साथ बलात्कार किया गया। Place - खजूर, पूर्ब मिदनापुर।  #BengalBurning #BengalViolance #BengalTrustsModi https://t.co/nc9qCeJdYS",NOT,NONE,0
hi_hasoc_2021_481,एक बार फिर से आप सब इस हैसटैग पर 10 - 10 ट्वीट करों और इसे नम्बर 1 पर पहूंचा दो रीट्वीट #JusticeForShahabuddin,NOT,NONE,0
hi_hasoc_2021_2532,@AmitShah @AmitShahOffice कार्यकर्ताओं को कितना विस्वास था   कार्यकर्ता को अकेला छोड़ दिया कमजोर कर दिया   विस्व की सबसे बड़ी पार्टी का कार्यकर्ता में भी हु लेकिन कमजोर महसूस कर रहा हु । #JusticeForBengalBJPKarykarta  #PresidentsRuleinBengal #BengalBurning https://t.co/TObh5UHINL,NOT,NONE,0
hi_hasoc_2021_5054,"अच्छे दिन आ गए, मित्र..... ? #ModiKaVaccineJumla https://t.co/Tfaxy9rSR1",NOT,NONE,0
hi_hasoc_2021_2599,मेरा सरकार को सलाह है कि वह #coronavirus को NSA के तहत जेल मे डाल दे या #AntiNational बताकर देश से बाहर कर दे 🙏 #IndiaCovidCrisis #ModiKaVaccineJumla,NOT,NONE,0
hi_hasoc_2021_3459,"अंदर गए भंडारा खतम, बाहर आए तो जूता ग़ायब। - मिथुन चक्रवर्ती #BengalElection2021 #BengalBurning #BengalViolence",NOT,NONE,0
hi_hasoc_2021_220,"@SpiritOfCongres रजिस्ट्रेशन चालू है, वैक्सीन नहीं है #ModiKaVaccineJumla",NOT,NONE,0
hi_hasoc_2021_3681,#राष्ट्रपति_जी_बंगाल_संभालो #PresidentsRuleinBengal  #BengalBurning  #bengalvoilence https://t.co/f18skHw7L3,NOT,NONE,0
hi_hasoc_2021_963,दीदी ओ दीदी 70 साल से बिगडे़ कश्मीर को सुधार दिया तो बंगाल क्या चिज है थोडा़ ईंतजार तो कर वह फिर लोटकर आएगा ऊसका नाम नरेंद्र मोदी है जिसके दिल मे पुरा हिंदुस्तान बसता है 💪💪 #BengalBurning #BengalViolence,NOT,NONE,0
hi_hasoc_2021_2742,तो अभी तक बंगाल की भयावह हिंसा पर सुप्रीम कोर्ट की नींद स्वत: नहीं टूटी! #SupremeCourt #BengalBurning,NOT,NONE,0
hi_hasoc_2021_583,@viswadeep12345 @JitinPrasada @narendramodi @AmitShah @myogiadityanath @shalabhmani @PiyushGoyal @JPNadda @brajeshlive @kpmaurya1 तो मान लिया जाएं कि   कल की #ब्राह्मण विरोधी पार्टी BJP आज की ब्राह्मण हितैषी हो गई हैं?  अरें इतना मुर्ख #ब्राह्मणों को समझ लियें हैं क्या आप लोंग?  @JitinPrasada ने आज #ब्राह्मणों के साथ विश्वासघात किया हैं।,NOT,NONE,0
hi_hasoc_2021_980,"मै बचाता रहा.. दीमकों से घर अपना,  और चंद कुर्सी के कीड़े ..पूरा मुल्क खा गए"". #ResignPMmodi",NOT,NONE,0
hi_hasoc_2021_1233,“इंसान सब कुछ भूल सकता है सिवाय इन लम्हों के जब उसे अपनों की ज़रूरत थी और वो साथ नहीं थे” @BJP4India @narendramodi  #BengalBurning #SpinelessBJP,NOT,NONE,0
hi_hasoc_2021_248,#OPS #BanEVM #पुरानी_पेंशन_बहाल_करो #FarmersProtest #SpeakUpForFarmers #StopPrivatization #ModiMadeDisaster #NPS_भारत_छोड़ो #NPS_QUIT_INDIA #NPSनिजीकरणभारतछोड़ो #OPS_कर्मचारी_का_अधिकार #NPSनिजीकरणकेख़िलाफ़_इंक़लाब #स्वास्थ्य_क्षेत्र_मे_बजट_बढ़ाओ #Resign_PM_Modi #Vaccine_और_MSP_दो https://t.co/ECT1x0pO1t,NOT,NONE,0
hi_hasoc_2021_734,"@JPNadda ये दोष केवल किसी पार्टी के लोगो का नही है श्रीमान जी  पूरी जनता आपके खिलाप आवाज उठाने में लगी हुईं है, आपके झूठ सामने ला रही है,   कुछ कीजिए कुछ लोगो को जेल भेजो, FIR करो अपने आप चुप हो जायेगी  अनुराग कश्यप को चुप किया वैसे ही करते रहो  तब लगेगा राम राज्य आ गया",NOT,NONE,0
hi_hasoc_2021_49,हमारे पूर्वजों ने कभी कोई धरना नहीं किया !!!  #बंगाल_हिंसा #BengalBurning @BJYMinJH @BJYM https://t.co/n3IbcM6bz2,NOT,NONE,0
hi_hasoc_2021_3136,"'ये कैसा उन्माद?'  सदियों में न हुआ होगा यह ऐसा कृत्य घृणित है, टैगौर विवेकानंद सुभाष की भूमि आज हुई लज्जित है |  #BengalBurning #BengalViolence  @BJP4India @BJP4Rajasthan @narendramodi @AmitShah @HMOIndia @DrSatishPoonia @chshekharbjp https://t.co/6mdCDRiMq6",NOT,NONE,0
hi_hasoc_2021_972,इन आँसुओ की क़ीमत हर किसी से अदा नहीं हो सकती ओसामा शहाब।  आप जहाँ रहेंगे हम सब आपके साथ रहेंगे ता-उम्र  #JusticeForShahabuddin  @007QaQa https://t.co/8Pt2e1m1Cd,NOT,NONE,0
hi_hasoc_2021_4012,@ManMundra #बंगाल_हिंसा #BengalBurning #मौन #silence #MamtaisTerrorist #ममता_बनर्जी_हत्याएं_बंद_करो https://t.co/uVWrtzDDM0,NOT,NONE,0
hi_hasoc_2021_1500,"@DrVijaydholpur @Patelji_1993 @Dr_Uditraj दोस्तों, आओ हम सब सर्वसम्मति से महान अर्थशास्त्री, धुरंधर वैज्ञानिक, अंतर्राष्ट्रीय किसान, भयंकर सवर्ण-दलित मसीहा #चुदित राज जी को खांग्रेस #अध्यक्ष एवं #पलधानमंतली बनाएं !!🙏 ""सभी #समस्याएं समाप्त"" #उदित_राज_को_अध्यक्ष_बनाओ_बे @Dr_Uditraj  #CovidVaccine https://t.co/HrWBrorcLe",NOT,NONE,0
hi_hasoc_2021_2353,#तिजारत #news #COVID19 #IndiaCovidCrisis #tuesdaymotivations #treading #BengalBurning #किसानो_पर_FIR_मत_करो #कोरोना_हारेगा_भारत_जीतेगा #किसान_एकता #Trisha #NarendraModi #YogiAdityanath https://t.co/f1lIYLNcOE,NOT,NONE,0
hi_hasoc_2021_3271,"प्रिय मोदी जी और अमित शाह जी, बंगाल सुभाष चंद्र बोस की धरती है, गांधी की नहीं…  #BengalBurning #bengalvoilence #Bengalisburning #BengalViolenceWarrantsSternAction  https://t.co/2V4TD5ByP9",NOT,NONE,0
hi_hasoc_2021_3515,आप सब रुक गए क्या आज़ रुकना नहीं लिखना है  #JusticeForShahabuddin https://t.co/oXWAU6XJV0,NOT,NONE,0
hi_hasoc_2021_683,#Justice_for_sarswati_jana  #BengalBurning #BengalViolence #राष्ट्रपति_जी_बंगाल_संभालो https://t.co/8SFTFbjK3b,NOT,NONE,0
hi_hasoc_2021_2775,"@TheOfficialSBI भाड़ मे जाओ एसबीआई वालों मैं तुम्हारे यहां से खाता ही बंद करवा दूंगा, तुम लोगों की हर जगह हमेशा अलग ही नौटंकी रहती है।",NOT,NONE,0
hi_hasoc_2021_5411,शेर-ए-बिहार को नम आँखों से आख़िरी विदाई  😭😭😭 #शहाबुद्दीन_साहब #JusticeForShahabuddin @osama_shahab_ @Akhtaruliman5 #StandWithOsamaShahab #Shahabuddin https://t.co/Y8RtxzQjb7,NOT,NONE,0
hi_hasoc_2021_1414,"कसम चरखे की हम उपवास के इस दिव्य शस्त्र से बंगाल में माता,बहनो और बहुओ पर हुवे सामूहिक बलात्कार,अत्याचार सेकड़ो निर्दोष कार्यकरो की क्रूरता और बर्बर तरीके से हुवी हत्या तथा bjp सपोर्टरों की संपत्ति का नुकसान सबका बदला लेंगें। #FiveStarDharana #BengalViolence  #BengalBurning https://t.co/nyZ3zmfTtE",NOT,NONE,0
hi_hasoc_2021_1384,@PunnyBhaiya मोदी तुम इस्तीफा दो हम तुम्हारे साथ है #ResignModi  #Resign_PM_Modi  #ModiHataoDeshBachao https://t.co/spsvPTov8W,NOT,NONE,0
hi_hasoc_2021_5812,"@KanchanGupta #unNessoryFearMongering By @BJP4India Gov.""s🌷#Chosen🍹1 #NotExpertActually👋who""s🇨🇳game🇺🇸playing?@ndtv @aatakमारदो #चोट😉@ShivAroorचीन कहाँ@indiatodayतक@republicघुसा😋?@chitraaum @anjanaomkashyapकम्बल🐸सकलै तै #बदभरोस@timesnowसावंत #chineseVirus👻पे राजी@aniन लाग्गे@sambitswaraj https://t.co/lcagTqByNL",NOT,NONE,0
hi_hasoc_2021_2594,@thewire_in हो या  @scroll_in हो या @ndtv बंगाल में @NTCP_Official की हिंसा पर @MamataOfficial की निंदा की जगह इसे जायज ठहराने में व्यस्त है लिबरल मीडिया । यहाँ तक कि @ravishndtv ने भी अभी 72 बीघे वाला पोस्ट नही किया। #Bengalisburning  #BengalViolence  #BengalBurning,NOT,NONE,0
hi_hasoc_2021_3374,ज़िंदगी और मौत दोनों से डर रहे है। बंदे में कुछ तो ख़ास बात थी। इसलिए ही लाश देने से डर रहे है। #JusticeForShahabuddin,NOT,NONE,0
hi_hasoc_2021_254,#JMDNewsFLASH #MP   रेमडेसिविर इंजेक्शन ले जा रहे विमान की ग्वालियर में क्रैश लैंडिंग  मध्य प्रदेश सरकार के स्टेट प्लेन की ग्वालियर में क्रैश लैंडिंग हुई. हादसे में दोनों पायलट सुरक्षित हैं  क्रैश लैंडिंग के दौरान सभी इंजेक्शन भी सुरक्षित हैं #Remedisivir  #CovidVaccine  @MPGovt https://t.co/iwiiM7UYL0,NOT,NONE,0
hi_hasoc_2021_864,माफ़ी मांगाे 🤨 👇👇👇👇  #ResignModi   @pamodgpd @Sandeep50906412 @_milindmore @SureshSannaik @hemant_mahakal @vinodmh66661 @patilritesh24 @SunilWali3 @NileshM40681504 @Bhau0914 @akash_khadse75 @KhadseVasant @gardi_dr @VishalTej007 https://t.co/mDxf3iFJzU,NOT,NONE,0
hi_hasoc_2021_924,"बंगाल हिंसा के विरोध में रघुवर दास का धरना, कहा- चुभती है विपक्षी पार्टियों की चुप्पी #news #jharkhand #BengalBurning @dasraghubar   https://t.co/DjN9zAVVsd",NOT,NONE,0
hi_hasoc_2021_521,"@yadavtejashwi "" हम शाहबुद्दीन साहब के बेटे के साथ कंधे से कंधा मिलाकर खड़े हुए है , हमारी आवाज़ दबाई नही जा सकती "".. RJD boycott  #JusticeForShahabuddin",NOT,NONE,0
hi_hasoc_2021_3981,@pinkichaubey मोदी तुम इस्तीफा दो हम तुम्हारे साथ है #ResignModi  #Resign_PM_Modi  #ModiHataoDeshBachao https://t.co/spsvPTov8W,NOT,NONE,0
hi_hasoc_2021_1748,#AajTak_दलाल_मोदी_का https://t.co/oOthz2HRXP,NOT,NONE,0
hi_hasoc_2021_2986,मोत ही आएगी  मौत “मुफ़्त” ले लो ऑक्सीजन किसी क़ीमत पे नहीं जान लो 🚩  #COVID19 #ResignModi  #OxygenCrisis #ResignPMmodi #Resign_PM_Modi  #ModiMustResign  #ModiKaVaccineJumla https://t.co/18tpo43N17,NOT,NONE,0
hi_hasoc_2021_1071,जमीन पर बड़ा शोर मचा था हमारी हुकूमत हमारी मर्ज़ी.. कुदरत ने सब को बता दिया मेरी दुनिया मेरी मर्जी..! #andhbhakts #ModiKaVaccineJumla #YogiJhootaHai https://t.co/xhk5X0IMNb,NOT,NONE,0
hi_hasoc_2021_5223,@dsharmadbg क्या हुआ गधा धारी भीम🙄,NOT,NONE,0
hi_hasoc_2021_470,@Republic_Bharat जानवर जानवर का शिकार करता है! इंसान जानवर का शिकार करता है! राजनीति का नशा इंसान का शिकार करता है!,NOT,NONE,0
hi_hasoc_2021_3125,"एक तरफ राज्य सरकारें हैं जो #Oxygen की कमी बता रही हैं,  दूसरी तरफ केंद्र सरकार है जिसमे ख़ास तौर पर स्वास्थ्य मंत्री @drharshvardhan हैं जो कहते हैं सब चंगा सी I  कहीं कोई दिक्कत नहीं है ..  #ResignHarshvardhan #Resign_PM_Modi  #resources #OxygenShortage   #युवा_मुखर_हों",NOT,NONE,0
hi_hasoc_2021_4247,"@AshokShrivasta6 @RanvirShorey  @Tejasvi_Surya उम्र बीत जाती है एक घर बनाने में, क्या इंसान है ये जिन्हें शर्म भी नही आती किसी के घरोंदे को जलाने में🤔🤔🤔 #BengalBurning https://t.co/NEPpXSmLcr",NOT,NONE,0
hi_hasoc_2021_1552,"अलविदा शेर ए,,सिवान ,,,,  अलविदा शेर ,,ए,, हिंदुस्तान    #JusticeForShahabuddin https://t.co/Y7R0Qw7Vue",NOT,NONE,0
hi_hasoc_2021_2993,"शेर ए बिहार मरहूम शहाबुद्दीन साहब को दिल्ली गेट कब्रिस्तान में हुए सुपुर्द ए खाक 😥  अल्लाह शहाबुद्दीन साहब को जन्नत उल फिरदोस में आला से आला मक़ाम अता फरमाएं, घर वालों को सब्र दे दुआ की गुजारिश है #JusticeForShahabuddin  #JusticeForShahabuddin https://t.co/AXJDKlxLbF",NOT,NONE,0
hi_hasoc_2021_3130,आवाज़ दो हम सब एक हैं #JusticeForShahabuddin,NOT,NONE,0
hi_hasoc_2021_4104,हाथरस में माइक कैमरा लेकर पुलिस अफसर के सर पर तांडव करने वाली @chitraaum जी का बुलेट बंगाल की ओर काहे नही घूम रहा?  #BengalBurning https://t.co/6cCQCfl9Yc,NOT,NONE,0
hi_hasoc_2021_5990,"@Siwan_Rjd #RJD की खामोशी तमाम बिहार की जनता देख रही है, मुसलमानों के लीडर #Shahabuddin  साहब हमेशा रहेंगे, और आने वाले Election में RJD   इसका खामयाजा भुगतने के लिए पूरे Bihar में तैयार रहे! #Speakup4Shahabuddin  #JusticeForShahabuddin",NOT,NONE,0
hi_hasoc_2021_3826,"#ModiMadeDisaster मोदी सरकार की ग़लती का ख़ामियाज़ा भारत ही नहीं, पूरी दुनिया भुगतेगी https://t.co/Torkz3iiN2 #ModiHataoDeshBachao #ModiResignOrRepeal #ResignModi #ModiMustResign #COVID19India #CovidIndia",NOT,NONE,0
hi_hasoc_2021_1051,"उम्र भर ग़ालिब वो यही भूल  करता रहा, गोबर था दिमाग मे ओर कान साफ करता रहा😜😂   #ModiResign #ModiKaVaccineJumla #ResignModi https://t.co/iA6YT9E3bu",NOT,NONE,0
hi_hasoc_2021_1261,"आज क़ातिल जीत गया, और इंसाफ की हार हुई, एक हीरा खो दिया हमने, सब याद रखा जाएगा। #JusticeForShahabuddin",NOT,NONE,0
hi_hasoc_2021_1698,"@Sanjay_Dixit @ShekharGupta Bcz😋 it's 👸#MOUMoma🇨🇳#xitLer Tau🚬#pappu🔩खुसहुआ🔧#ISI👮मारका@aajtak @ndtv @thewire_inनोट;#khanchacha🍗वाले🍖#कन्संट्रेटर #xitLer😎#चचा के हियाँ से ही आरे(कहीं उनमें कोई और😷#जबरा👻#strain न हो? ताऊ क #ppe,#mask मे #chineseVirus #सामान्यतः #3rdVave?0😨#epidomology बतारहा@sdeo76 https://t.co/okmBHeuM0x",NOT,NONE,0
hi_hasoc_2021_336,#ModiKaVaccineJumla #ModiResign #IndiaFightsCorona #PMCaresFund_का_हिसाब_दो #PMDoesNotCare https://t.co/mjwzacCSw0,NOT,NONE,0
hi_hasoc_2021_2656,#ModiKaVaccineJumla #ModiResign #IndiaFightsCorona #PMCaresFund_का_हिसाब_दो #PMDoesNotCare https://t.co/QpDLbK1azo,NOT,NONE,0
hi_hasoc_2021_1073,@aarambh_rishabh @Rajinde51519786 @Alya_ism Main so raha hoon भाड़ में जाओ सब,NOT,NONE,0
hi_hasoc_2021_2071,पूर्व सांसद को अपने घर की जमीन पर दफन होने भी नहीं दे सकती है सरकार  लानत है ऐसी सरकार पर 😡😏  #JusticeForShahabuddin,NOT,NONE,0
hi_hasoc_2021_3559,"देश के लोग हर समय समय के लिए, कार्यात्मक मुखिया चाहते हैं। विशेष योग्यता: कम बात करें और अधिक करें! #SpinelessBJP #COVID19 #BengalViolence #CruelMamata #BengalBurning #MarathaReservation #ममता_की_निर्ममता #बंगाल_हिंसा #wednesdaythought #CovidIndia #CoronaSecondWave #Covid19India",NOT,NONE,0
hi_hasoc_2021_641,TMC और ममता के गुंडों द्वारा सरे आम लोक तंत्र एवम् लॉ एंड ऑर्डर की जम कर हत्या की गई है।  बंद करो बंद करो खूनी खेला बंद करो । #CruelMamata  #ArrestMamataBanerjee  #PresidentRuleInBengal  #BengalBurning  @BJP4Rajasthan @BJP4India @BJYMinRaj,NOT,NONE,0
hi_hasoc_2021_1988,"We are only as strong as we are united , as weak as we are divided #HindusLivesMatter  #HinduEcosystem  #HinduRashtra  #नींद_से_जागो_अमित_शाह_जी  #RSS  #BengalBurning",NOT,NONE,0
hi_hasoc_2021_797,बड़ा होना और बड़प्पन होने के बीच शिक्षा   उम्र का कोई पैमाना नहीं! इसी प्रकार योद्धा और धर्मयोद्धा में भी---- युद्धरत कर्ण के रथ का पहिया धंसने के बाद कर्ण धर्म की दुहाई अनसुनी कर कृष्ण काअर्जुन को वध का आदेश! कर्ण की पृष्ठभूमि मानवीय संस्कारों के विपरीत दुष्ट सत्ता पोषक थी।🙏🙏,NOT,NONE,0
hi_hasoc_2021_1532,लगेगी आग तो आएंगे घर कई ज़द में   यहा सिर्फ हमारा मकान थोड़ी है  #ModiMustResign #COVIDEmergency  #ModiKaVaccineJumla #modiresign https://t.co/ijapRdTDoE,NOT,NONE,0
hi_hasoc_2021_4594,इंसान को मार सकते हो उसकी शख़्सियत को कभी मौत नहीं आती। शहाबुद्दीन साहब एक जिंदादिल इंसान थे उन्हें भुलाया नहीं जा सकता है...... #JusticeForShahabuddin  @tshahab05 @HarishankarRJD @yadavtejashwi @laluprasadrjd @iAwadhBihariRJD @SupremeCourtFan @Siwan_Rjd,NOT,NONE,0
hi_hasoc_2021_3591,सरकार तो अपनों के लिये बेबस है तो फिर ईश्वर ही हैं सबके लिये।   ईश्वर सबकी रक्षा करें।  @narendramodi  @AmitShah  #BengalBurning,NOT,NONE,0
hi_hasoc_2021_1913,खबर आ रही है कि कुछ बड़ा होने बाला है  2-3 दिन से तो बस सुन ही रहा  हूं।  हो कुछ नही रहा।  सिवाई धरना और निंदा के। #बंगालहिंसा #bengalburning #bengalviolence #जलता_बंगाल,NOT,NONE,0
hi_hasoc_2021_408,ये दोनों किसी महामारी से कम नहीं #AndhBhakt #स्वास्थ्य_मंत्री_नदारद_है #YogiJhootaHai #FarmersProtest #रोहित_सरदाना #RohitSardana  #aajtak #ModiKaVaccineJumla https://t.co/wKVzX5YA9G,NOT,NONE,0
hi_hasoc_2021_2056,जो सियासत के नफ़ा नुकसान को साइड मे रखके अपने भाई के साथ खड़ा मिले मुसलमानों को किसी राजनेता की जरूरत नही बल्कि रहनुमा और फिकरमंद की जरूरत है एक ऐसे फ़िकरमंद की जो अपने सीने मे उम्मत का दर्द महसूस करता हो ओवैसी ने हमे निराश किया है  @SalmanPolitical #JusticeForShahabuddin,NOT,NONE,0
hi_hasoc_2021_2965,ये आज़माइश के दिन भी गुज़र ही जाएंगे लेकिन @yadavtejashwi तुम्हारी इस खामोशी को याद रखा जाएगा!!  #JusticeForShahabuddin,NOT,NONE,0
hi_hasoc_2021_64,Can anyone imagine what’s she planning for with THEM ?? 🙂😒  #CruelMamata #नरभक्षक_ममता #BengalBurning #BengalElection2021 #AliveHag   रक्तपिपासू बेगम #मोमताबानो 🙂👿 https://t.co/3QxO7aOxKd,NOT,NONE,0
hi_hasoc_2021_2666,जो शहाबुद्दीन के साथ हुआ वो आज़म खान के साथ नहीं होना चाहिए इसलिए आइए हम सब आवाज उठाते हैं #JusticeForShahabuddin,NOT,NONE,0
hi_hasoc_2021_468,"पुणे शहर जिल्हा काँग्रेस कमिटी, सोशल मीडिया सेल. #ResignModi https://t.co/8eFqdYCiLu",NOT,NONE,0
hi_hasoc_2021_1144,अलविदा #Mohammadshahabuddin साहब। #JusticeForShahabuddin  #AimimDemandsJusticeForShahabuddin https://t.co/RXcZ5cat4d,NOT,NONE,0
hi_hasoc_2021_3213,"प्रधानमंत्री जी ""बंगाल के हिंसा"" पर आपकी चुप्पी पर मुहम्मद रफी जी के गाने की एक लाइन याद आ रही है  ""पत्थर के सनम, तुझे हमने, मुहब्बत का ख़ुदा जाना  बड़ी भूल हुई, अरे हमने, ये क्या समझा ये क्या जाना"" #WestBengalViolence #BengalBurning https://t.co/pcrm7zZCQh",NOT,NONE,0
hi_hasoc_2021_187,https://t.co/3wkhi7payC She too a Bengal's daughter. #HindusLivesMatter #राष्ट्रपति_जी_बंगाल_संभालो #Article356 #BengalBurning @rashtrapatibhvn @narendramodi @HMOIndia,NOT,NONE,0
hi_hasoc_2021_2381,#NoVoteForBJP  #NoVoteToBJP  #BoycottBJP #GoBackModi #PoMoneModi  #मोदी_परत_जा #नहीं_चाहिए_भाजपा  #BJPHataoDeshBachao  #BJP_भगाओ_देश_बचाओ #SuperSpreaderModi #ModiDisasterForIndia  #ResignModi #Resign_PM_Modi  #VaccineRegistration  #cowinregistration #Vaccine_और_MSP_दो  😆 https://t.co/5yBxKLVzoi,NOT,NONE,0
hi_hasoc_2021_2890,#OPS #BanEVM #पुरानी_पेंशन_बहाल_करो #FarmersProtest #SpeakUpForFarmers #StopPrivatization #ModiMadeDisaster #NPS_भारत_छोड़ो #NPS_QUIT_INDIA #NPSनिजीकरणभारतछोड़ो #OPS_कर्मचारी_का_अधिकार #NPSनिजीकरणकेख़िलाफ़_इंक़लाब #Resign_PM_Modi #किसान_कार्मिक_संग_संग  #देश_ऑक्सीजन_मांगता_है,NOT,NONE,0
hi_hasoc_2021_1306,#OPS #BanEVM #पुरानी_पेंशन_बहाल_करो #FarmersProtest #SpeakUpForFarmers #StopPrivatization #ModiMadeDisaster #NPS_भारत_छोड़ो #NPS_QUIT_INDIA #NPSनिजीकरणभारतछोड़ो #OPS_कर्मचारी_का_अधिकार #NPSनिजीकरणकेख़िलाफ़_इंक़लाब #स्वास्थ्य_क्षेत्र_मे_बजट_बढ़ाओ #Resign_PM_Modi #Vaccine_और_MSP_दो https://t.co/qFLsBcarNO,NOT,NONE,0
hi_hasoc_2021_3107,"@INCIndia Modi Govt masked policy paralysis with ""Firehosing of Falsehood""!!! #देश_ऑक्सीजन_मांगता_है #Resign_PM_Modi",NOT,NONE,0
hi_hasoc_2021_5553,@Aak__Thu मोदी तुम इस्तीफा दो हम तुम्हारे साथ है #ResignModi  #Resign_PM_Modi  #ModiHataoDeshBachao https://t.co/spsvPTov8W,NOT,NONE,0
hi_hasoc_2021_3534,किसी के हिस्से में बंगाल किसी के हिस्से में आसाम आया  मैं तो आम आदमी हूँ साहब  मेरे हिस्से में शमशान आया..!  #coronavirus #BengalViolence #Bengalisburning #BengalBurning #BengalElection #BJP #AmitShah #COVIDEmergency2021 #Covid  #IndiaFightsCOVID19,NOT,NONE,0
hi_hasoc_2021_3167,"पुणे शहर जिल्हा काँग्रेस कमिटी, सोशल मीडिया सेल. #ResignModi https://t.co/tPNo8Ywuni",NOT,NONE,0
hi_hasoc_2021_2968,@mdMahbo786 बिलकुल  #JusticeForShahabuddin,NOT,NONE,0
hi_hasoc_2021_3589,@cmo_mzn जी @DmMuzaffarnagar जी #CovidVaccine उपलब्ध नहीं है शीघ्र भिजवाने का कष्ट करें।वहाँ पूछने पर बताया गया कि कल/दिनाँक7मई2021 को उपलब्ध होने की संभावना है। #Budhana #Muzaffarnagar #India #breaking #news #facts #BreakingNews #UttarPradesh @CovidIndiaSeva @C19up https://t.co/MV1oEnB42l,NOT,NONE,0
hi_hasoc_2021_1516,#bengalviolence Be careful everyone. Some unscrupulous people are posting these pictures on social media to spread tension in the state and the country.  #CovidIndia #COVIDEmergencyIndia #ममता_की_निर्ममता #SpinelessBJP #SpinlessBJP #बंगाल_हिंसा #COVIDEmergency   #BengalBurning https://t.co/JCPcQR2xMQ,NOT,NONE,0
hi_hasoc_2021_2853,@TheShudra @Sumitchauhaan @TheNewsBeak मोदी तुम इस्तीफा दो हम तुम्हारे साथ है #ResignModi  #Resign_PM_Modi  #ModiHataoDeshBachao https://t.co/spsvPTov8W,NOT,NONE,0
hi_hasoc_2021_1508,"अगर केन्द्र सरकार बंगाल हिंसा के खिलाफ वहां राष्ट्रपति शासन नहीं लगाती है, तो दुनिया समझेगी कि कश्मीर से 370 खुद कश्मीरियों ने हटाया था ! #BengalBurning #BengalViolence #bengal #महालट्ठमार",NOT,NONE,0
hi_hasoc_2021_3705,"@ashutosh83B दो मिनट का मौन उनके लिए भी जिनको बंगाल में चुनावी रैली दिखी ,  कोरोना दिखा किन्तु अब हिंसा , लूट अग्निकांड और महिलाओं को लुटती इज़्ज़त नहीं दिख रहीं 😡😡  #PresidentsRuleinBengal  #BengalBurning  #BengalViolence  #KhooniKhela  #WestBengalViolence",NOT,NONE,0
hi_hasoc_2021_768,Watch Bell Bottom Teaser Review by Harishbhai Youtube Channel DigitalMovies07 OPEN - https://t.co/q0EkGiv1zt  #AyushmanBharatDiwas #500DaysOfAmaravatiProtests #FarmLaws_NextPandemic #SoliSorabjee #25सांसद_लापता_है Rajdeep #ArrestPChidambaram #ModiKaVaccineJumla https://t.co/IeSDHGOERb,NOT,NONE,0
hi_hasoc_2021_81,... होंसला ना छोड़ जीत जाएंगे हम...  #PositiveTweetsKaroNa #PositiveVibes #positivity  #ChineseVirus #WuhanChinaVirus #WuhanVirus #CCPVirus #Pendamic #CKMKB,NOT,NONE,0
hi_hasoc_2021_2544,#SuperSpreaderModi #ModiDisasterForIndia  #ResignModi #Resign_PM_Modi  #VaccineRegistration  #cowinregistration #KindAttnPMNarendraModi #किसानों_का_मोदी_को_धोबीपटका https://t.co/HeQFCXJiHv,NOT,NONE,0
hi_hasoc_2021_1728,एक सवर्ण पञकार दुसरे सवर्ण पञकार को रू. पांच करोड़ compensation देने की  मांग. ऐसा है bramhanism.  #ModiKaVaccineJumla #ModiResign https://t.co/kiD24p7H5y,NOT,NONE,0
hi_hasoc_2021_4787,"""अब की बार २०० पार "" ~ इस बार अपनी ही पार्टी को जुमला थमा दिया !  #ModiMustResign  #ModiResign  #ResignModi  #MamtaBannerjee https://t.co/PhXNUxF0yB",NOT,NONE,0
hi_hasoc_2021_246,जुल्म के साये में लब खोलेगा कौन?  अगर हम ही चुप रहेंगे तो बोलेगा कौन? #StandwithOsamaSahab #JusticeForShahabuddin,NOT,NONE,0
hi_hasoc_2021_3344,"गलीयो गलीयो में मुझे ढूंढोगे तो याद आऊंगा, जब इस शहर को लौटेंगे तो याद आऊंगा,  तुम आंख के तेवर ना भुला पाओगे, अनकही बात समझोगे तो याद आऊंगा 😭  सिवान -ए- आज़म #शहाबुद्दीन_साहब  #अलविदा 😭 #JusticeForShahabuddin https://t.co/KmiPjojlsW",NOT,NONE,0
hi_hasoc_2021_2031,मुस्लिम विरूद्ध नफरत तो सबको है उर्दू नाम सबकी आँखों मे चुभता है!   मगर @ArvindKejriwal गरीबो को राहत देने वाले CM ज़रूर है!  #IndiaCovidCrisis https://t.co/GfHE1hft3P,NOT,NONE,0
hi_hasoc_2021_1335,Doodh maangoge to kheer denge .  यू.पी. में oxygen मांगोगे प्रॉपर्टी सीज़ कर देंगे।  .  .  .  #ResignPMmodi  #ResignModi  #WorstPMEver  #Resign_PM_Modi  #ModiHataoDeshBachao   #ModiFailsIndia,NOT,NONE,0
hi_hasoc_2021_4143,"@hindusanjoy1972 @Dr_Uditraj दोस्तों, आओ हम सब सर्वसम्मति से महान अर्थशास्त्री, धुरंधर वैज्ञानिक, अंतर्राष्ट्रीय किसान, भयंकर सवर्ण-दलित मसीहा #चुदित राज जी को खांग्रेस #अध्यक्ष एवं #पलधानमंतली बनाएं !!🙏 ""सभी #समस्याएं समाप्त"" #उदित_राज_को_अध्यक्ष_बनाओ_बे @Dr_Uditraj  #CovidVaccine https://t.co/HrWBrorcLe",NOT,NONE,0
hi_hasoc_2021_5888,"दो मिनट का मौन उन महानुभावों के लिए भी, जिनको बंगाल में चुनावी रैली दिखी, कोरोना दिखा किन्तु अब हिंसा, लूट, अग्निकांड और बलात्कार नहीं दिख रहा!!!  #BengalBurning  #BengalViolence",NOT,NONE,0
hi_hasoc_2021_3618,"#BengalBurning - बंगाल हिंसा पर केंद्र सख्त, आ रही चार सदस्यीय टीम। #Bengalisburning #BengalViolence @BJP4Bengal @JPNadda https://t.co/Wf6CmQXiLm",NOT,NONE,0
hi_hasoc_2021_3678,"ममता को चोट लगी.. ब्रेकिंग न्यूज़ बन गई ।   बंगाल में हिन्दुओं पर हो रहा अत्याचार,  मारकाट लूटपाट मची हुई है बलात्कार हो रहे है। पर यह न्यूज़ कब बनेगी ??? क्या हिन्दू होना गुनाह है ??? #CruelMamata  #BengalBurning",NOT,NONE,0
hi_hasoc_2021_392,@Bhartim01768706 लकड़ी को कोन उड़ाएगा में तो 2000 ही उड़ाउगा।   पहले 2000 उड़ा के ऐसा भाघूगा ।  लकड़ी हो या लड़की  दोनो भाड़ में जाओ ।🤣🤣🤣🤣🤣🤣🤣,NOT,NONE,0
hi_hasoc_2021_4053,"ना तो अब केन्द्र में कांग्रेस है, ना गृहमंत्री मुसलमान है, जिस हिंदु ने बीजेपी को वोट दिया आज जिस मोदी ने लाल चौक में आतंकियों के बंदूक के सामने झेंडा गाड़ दिया। आज वो हिंदु का संहार होते मूक दर्शक बन बैठा है। #SpinlessBJP #spinelessmodi #BengalBurning #PresidentsRuleinBengal",NOT,NONE,0
hi_hasoc_2021_798,@CMOfficeUP @myogiadityanath @myogiadityanath जी  जमीनी हकीकत को भी ध्यान देना अति आवश्यक है  @CMOfficeUP #COVID19India #COVIDEmergency2021 #CovidVaccine #COVIDSecondWave #COVID19 #CovidIndia #CovidHelp #CovidHelpOnline #CovidCrisis #CoronaPandemic #Corona #CoronaCurfew https://t.co/kdMelYuNeB,NOT,NONE,0
hi_hasoc_2021_4,#bengalriots #बंगाल_हिंसा #बंगाल_पर_मीडिया_मौन_क्यो #बंगाल_में_राष्ट्रपति_शासन_हो #बंगाल_बचाओ_मोदीजी #BengalViolence #BengalBurning #BengalTrustsModi #MamtaisTerrorist #MamtaMautKiSaudhagar #भारत_का_वीर_पुत्र_मोदी #RestoreKangana https://t.co/U1HtBTX5QA,NOT,NONE,0
hi_hasoc_2021_872,देश जल रहा है लोग मर रहे है #ShameOnModi  #ModiKaVaccineJumla,NOT,NONE,0
hi_hasoc_2021_5134,"@Dr_Uditraj @INCIndia तू और तेरी #भूरीकाकी👸#MOU😷#chineseVirus👻#24लाखकरोड़₹#फूँकन🔥बस #अमर हैं #कव्वे🐦#शक्ल #अच्छी न दी #भगवान ने,तो ये कहाँ@aniलिखाहै के बातें भी #मोतियापा वाली कर!गधेडे 😷@AcharyaPramodk @sambitswaraj @news24tvchannelचौदरी🍹क्या हाल #गैस.?#डकैत🇨🇳#मंङीदलाल वाली डिबेटें.?@gauravbh https://t.co/3FltYDzaGX",NOT,NONE,0
hi_hasoc_2021_2617,"BJP का दावा: ‘बंगाल में 14 कार्यकर्ता का कत्ल हुआ है, क़रीब 80 हजार से 1 लाख लोगों ने किया डर से पलायन’  #BengalBurning  https://t.co/98BWfoO39o https://t.co/98BWfoO39o",NOT,NONE,0
hi_hasoc_2021_2057,सुभाष चंद्र बोस - तुम मुझे खुन दो मै तुम्हे आजादी दूंगा| BJP- तुम मेरे लिए जान दो हम तुम्हारे लिए धरना देंगे| #राष्ट्रपति_जी_बंगाल_संभालो #BengalBurning  #BengalVoilence,NOT,NONE,0
hi_hasoc_2021_261,"@narendramodi जी आपने घोषणा की थी, अब राज्यों को पर्याप्त मात्रा में वैक्सीन उपलब्ध कराइए  अगर छत्तीसगढ़ को सिर्फ 1.5 लाख डोज मिलेगी तो पहले गरीब को लगेगी.  #ModiKaVaccineJumla #VaccineShortage #ModiFailsIndia",NOT,NONE,0
hi_hasoc_2021_2663,जन्म के बाद  बहुत सारी टीकें लगती है  हेपाटाइटिस की टीकें भी फ्री लगी थी.... #FarmersProtest #रोहित_सरदाना #RohitSardana #YogiJhootaHai #aajtak #ModiKaVaccineJumla https://t.co/G60dK2L92K,NOT,NONE,0
hi_hasoc_2021_1556,जो ताउम्र सबको उनका हक दिलाता रहा आज वो अपने हक की दो गज जमीं ना पा सका? 😔              #JusticeForShahabuddin https://t.co/7OpkCwwhl9,NOT,NONE,0
hi_hasoc_2021_4191,"🌸🌻 प्रभात्-पुष्पम्  🌼🌺  यदि सर्प और दुष्ट व्यक्ति की तुलना करें, तो दुष्ट व्यक्ति से सर्प अच्छा है|  क्योंकि सर्प तो मौका मिलने पर कभी-कभार ही डँसता है परन्तु दुष्ट व्यक्ति तो पग-पग पर प्रत्येक समय डँसता है।  🙏🙏🙏",NOT,NONE,0
hi_hasoc_2021_986,दरभंगा की सड़कों से लड़ी जायेगी डॉ० मो० शहाबुद्दीन को न्याय दिलाने की जंग: नज़रे आलम  #ShahabuddinSaheb #JusticeForShahabuddin https://t.co/MfjEUY5Eov,NOT,NONE,0
hi_hasoc_2021_3100,"@kalpeshravals @POOJA_BHARDWAJ1 @rajanbhamba @ShilpaBhartiy @ssrajputINC @Harbhajan_cong @MonaSha01533681 @Shobhana111 @Shobha_Oza @NayakRagini   महानगरों से लेकर गांव तक , सर से लेकर पांव तक , भारतीय जनता पार्टी का हर नेता व हर कार्यकर्ता अब्बल दर्जे का झूठा और दोगला है",NOT,NONE,0
hi_hasoc_2021_2191,मुँह पर मास्क ना लगाने की पीड़ा हम भुगत रहे हैं.. याद रखना मुँह पर ताला लगाने की पीड़ा हमारी पीढ़िया भुगतेंगी.. 🙏🙏🙏 #BengalBurning,NOT,NONE,0
hi_hasoc_2021_2497,ये बाप बेटे का ख़ामोशी क्या कहलाता है  #JusticeForShahabuddin #JusticeForShahabuddin,NOT,NONE,0
hi_hasoc_2021_1196,@AnuragR_2712 @zoo_bear @Tejasvi_Surya #Hindus DYING #HindusLivesMatter   #KindAttnPMNarendraModi  #coronasecondwaveinindia #ModiMadeDisaster #ResignModi    #BJP #RSS LIARS   I WARNED 2 YRS BACK #RSSTerrorists BANNED BY SARDAR PATEL IGNORED  #शेर_नहीं_भेड़िया_पाल_लिया_भक्तो  #MautKaSaudagar,NOT,NONE,0
hi_hasoc_2021_2204,"यह भारत है यहां उंट बिसलेरी पहचान लेता है लेकिन अंधभक्त गधा नहीं पहचान पाता है  ""शुभ रात्रि दोस्तों""",NOT,NONE,0
hi_hasoc_2021_1776,सारे नियम कानून का पालन करते तो पांडव कभी युद्ध न जीत पाते। धर्म के लिए जो जिस भाषा मे समझे उसे उसी भाषा मे समझाओ। इसी को कृष्णनीति कहते है। #BengalBurning,NOT,NONE,0
hi_hasoc_2021_934,"It’s Time To Come Together To Save Farmers &amp; Food.  Do Not Let The Oppression Overpower The Freedom. Stand Your Ground, Don’t Let Oppressors Push You Back To Subjugation.  Don’t Sit Back.  Speak up. #Resign_PM_Modi #किसानो_पर_FIR_मत_करो #कृषि_कानून_रद्द_करने_पड़ेंगे https://t.co/NDehFCWF8R",NOT,NONE,0
hi_hasoc_2021_3232,#किसानों_का_मोदी_को_धोबीपटका  #ModiMustResign  #ModiKaVaccineJumla  #ModiResign  #ModiMadeDisaster  #KisanBole_NoVoteToModi  #KisanMazdoorEktaZindabaad  #kisan_da_haq_ethe_rakh  #FarmersProtest,NOT,NONE,0
hi_hasoc_2021_3063,काश कोरोना भी सरकारी फंड जैसा होता.... 🤔 जनता तक पहुचता ही नही सिर्फ नेताओं मे ही बंट जाता...। 😜 😷#ModiKaVaccineJumla,NOT,NONE,0
hi_hasoc_2021_1820,जब पूर्व सांसद मोहम्मद शाहबुद्दीन की करोना रिपोर्ट नेगेटिव थे तो फिर उनकी इलाज में इतनी लापरवाही क्यों? #JusticeForShahabuddin,NOT,NONE,0
hi_hasoc_2021_4230,ज़िंदगी और मौत दोनों से डर रहे है। बंदे में कुछ तो ख़ास बात थी। इसलिए ही लाश देने से डर रहे है। #JusticeForShahabuddin,NOT,NONE,0
hi_hasoc_2021_1339,@ssrajputINC बीजेपी और दलाल पत्रकार इस तरह बयान बाज़ी कर रहे जैसे यूपी के 11% ब्राह्मणों का आका जितिन प्रसाद ही था😜 खुद के मोहल्ले में वोट नही मिलता था जाने दो कचड़ा गया बे,NOT,NONE,0
hi_hasoc_2021_2420,#मोदी_हटाओ_देश_बचाओ  #ModiKaVaccineJumla  #ModiResign  #ModiMadeDisaster  #ArvindKejriwalKoPMBanao https://t.co/ETmAg89a0g,NOT,NONE,0
hi_hasoc_2021_905,#SuperSpreaderModi #ModiDisasterForIndia  #ResignModi #Resign_PM_Modi  #VaccineRegistration  #cowinregistration #KindAttnPMNarendraModi #कृषि_कानून_रद्द_करने_पड़ेंगे https://t.co/PhhHoWfT16,NOT,NONE,0
hi_hasoc_2021_4126,#BengalBurning  #BengalViolance  #बंगाल_में_राष्ट्रपति_शासन_हो  #बंगाल_बचाओ_मोदीजी  #ममता_का_शपथग्रहण_रोको  #ममताकीनिर्ममता https://t.co/H3TogOFARw,NOT,NONE,0
hi_hasoc_2021_1511,बिछड़ा कुछ इस तरह से की रुत ही बदल गई। एक शख़्स पूरे शहर को  वीरान कर गया। 😭😭 👇👇 #JusticeForShahabuddin,NOT,NONE,0
hi_hasoc_2021_310,ॐ शांति 🙏  #ममता_खूनी_है   #IsupportModi   #राष्ट्रपति_जी_बंगाल_संभालो #CruelMamata #BengalBurning #ModiGovtSeNaHoPayega   Now Public Hastag This.... #BengalTrustsModi https://t.co/YtwlwS9Y1m,NOT,NONE,0
hi_hasoc_2021_1256,"बंगाल में होती बर्बरता रूह कंपा देने जैसी है, घरों को तोड़ना महिलाओं को मारना और उस पर सिलेक्टिव मौन संवेदनाओं के मरे होने का प्रमाण नहीं तो क्या है।     #BengalBurning  #PresidentsRuleinBengal #PresidentRuleInBengal #bangalviolence #MamtaisTerrorist https://t.co/42D9Av0bVD",NOT,NONE,0
hi_hasoc_2021_4258,@KailashOnline कुछ कीजिएगा मत बस ट्वीट करते रहिए धरना दीजिए। वहाँ आपके कार्यकर्ता मारे जा ही रहे हैं अगले 5 साल इन्हीं लाशों के आंकड़े इकट्ठा करते रहिएगा। और फिर कूद जाना चुनाव में। #BengalBurning #BengalViolence,NOT,NONE,0
hi_hasoc_2021_3467,@bhatia_movies @aajtak @SupriyaShrinate @Sanju_Verma_ @chitraaum सठे शाठ्यम समाचरेत। जड़बुद्धि गाली वाली मैडम को यही भाषा समझ मे आती है। बोलती बंद हो गयी उनकी। शब्दों की शालीनता रखते हुए संजू वर्मा जी ने बहुत ही अच्छे से अपना पक्ष रखा। संजू जी को साधुवाद 🙏,NOT,NONE,0
hi_hasoc_2021_1496,जो शहाबुद्दीन के साथ हुआ वो आज़म खान के साथ नहीं होना चाहिए इसलिए आइए हम सब आवाज उठाते हैं #JusticeForShahabuddin  @asadowaisi,NOT,NONE,0
hi_hasoc_2021_3855,@absolutesatya @globaltimesnews भारत में COVID-19 से मरने वालों का चीन ने उड़ाया मजाक #Wuhanvirus #chinesevirus https://t.co/xpUe0OD34E,NOT,NONE,0
hi_hasoc_2021_1941,@RahulGandhi चुप रहो साहेब्😂😂😂,NOT,NONE,0
hi_hasoc_2021_3520,@ReallySwara लेफ्टिस्ट का पाखंड नियम :- जब हाथरस में झगड़ा में हत्या हुआ तो वो रेप है योगी इस्तीफा दो  जब बंगाल में रेप और हत्या हो रही तो सडयंत्र है दीदी से इस्तीफा तो दूर सवाल भी मत पूछो   पहले इंसान बनो @ReallySwara  #JusticeForSaswatiJana #BengalBurning #BengalViolence https://t.co/5cZ1WOYWAv,NOT,NONE,0
hi_hasoc_2021_327,जिस मूर्ख को अपने देश में कोई लड़की देने को तैयार नही🙄 कुछ महामूर्ख उसके हाथ में देश सौंपने की बात करते हैं😏 उछलो मत👍मैंने किसी का नाम नहीं लिया😂,NOT,NONE,0
hi_hasoc_2021_2428,#बंगाल_हिंसा पर @ReallySwara जी कुछ बोली क्या? क्या  @anuragkashyap72 आप #जलता_बंगाल फ़िल्म नहीं बनायेंगे? उम्मीद है अभी #bollywood के किसी सदस्य या उनके परिवार के सदस्यों को अब डर नही लग रहा होगा ?  #BollywoodBreaking  #BengalBurning #bangalviolence #TMC200Paar #TMC_के_गुंडे,NOT,NONE,0
hi_hasoc_2021_1204,"@VinodRajotiya82 दोस्तों, आओ हम सब सर्वसम्मति से महान अर्थशास्त्री, धुरंधर वैज्ञानिक, अंतर्राष्ट्रीय किसान, भयंकर सवर्ण-दलित मसीहा #चुदित राज जी को खांग्रेस #अध्यक्ष एवं #पलधानमंतली बनाएं !!🙏 ""सभी #समस्याएं समाप्त"" #उदित_राज_को_अध्यक्ष_बनाओ_बे @Dr_Uditraj  #CovidVaccine https://t.co/HrWBrorcLe",NOT,NONE,0
hi_hasoc_2021_1235,"Covid-19 की शुरुआत से पहले वुहान के मार्केट में बेचे गए थे हजारों जिंदा जानवर, रिपोर्ट में खुलासा https://t.co/XEJnXY3pVg",NOT,NONE,0
hi_hasoc_2021_1915,#OPS #BanEVM #पुरानी_पेंशन_बहाल_करो #FarmersProtest #SpeakUpForFarmers #StopPrivatization #ModiMadeDisaster #NPS_भारत_छोड़ो #NPS_QUIT_INDIA #OPS_कर्मचारी_का_अधिकार #NPSनिजीकरणकेख़िलाफ़_इंक़लाब #Vaccine_और_MSP_दो #KisanMazdoorEktaJindabaad #Resign_PM_Modi #COVID19India https://t.co/rmKj9csrXp,NOT,NONE,0
hi_hasoc_2021_174,India fights India: Parties fighting eachother. Rotten system fighting Governance. Handfull of goodness fighting mountains of greed. Still have hopes #लड़ेंगेभीजीतेंगेभी #IndiaCovidCrisis #COVID19,NOT,NONE,0
hi_hasoc_2021_3058,"ना जानें कितने ""चिरागों"" को मिल गई शोहरत एक ""आफताब"" के बे वक्त डूब जाने से ।  #JusticeForShahabuddin",NOT,NONE,0
hi_hasoc_2021_1528,मुंबई पोलिसांचा वर्सोवा येथील हॉटेलमध्ये सुरू असलेल्या वेश्या व्यवसायावर छापा https://t.co/WAsArZWoiP,NOT,NONE,0
hi_hasoc_2021_3006,"#YogiJhootaHai #ModiKaVaccineJumla लश्कर भी तुम्हारा है, सरदार तुम्हारा है  तुम झुठ को सच लिख दो अखबार तुम्हारा है   इस दौर के फरियादी जायें तो कहा जायें   कानून तुम्हारा है, दरबार तुम्हारा है  सूरज की तपन तुमसे बर्दास्त नही होती   एक मोम के पुतले सा किरदार तुम्हारा है",NOT,NONE,0
hi_hasoc_2021_3882,"हमें गर्व है कि हमारे देश में ऐसे साहसी क्रांतिकारियों का जन्म हुआ, शत-शत नमन श्रद्धांजलि अर्पित है🌾 तीनों अवैध काले■कारपोरेट कानून #बेरोजगारी #महंगाई #कालाबाजारी को बढ़ाने वाले हैं #ग्रामीणभारत की व्यवस्था और देश की #GDP -⬇️ ढह जाएगी #बस्तर_में_जनसंहार_बंद_करो #FarmersProtest https://t.co/vYWBlBLP9A",NOT,NONE,0
hi_hasoc_2021_340,अलविदा शेर-ए-बिहार 😭  अल्लाह आपको जन्नतुल फिरदौस में आला मकाम अता फरमाए और अहले खाना को सब्र जमील अता फरमाए. 🤲  #JusticeForShahabuddin,NOT,NONE,0
hi_hasoc_2021_1559,एक और प्रेमपत्र.. #BengalBurning @AmitShah @AmitShahOffice @narendramodi @PMOIndia @narendramodi_in @NamoApp @BJP4India @JPNadda @OfficeofJPNadda https://t.co/UbIJUlLvJr,NOT,NONE,0
hi_hasoc_2021_594,@Aakar__Patel मोदी तुम इस्तीफा दो हम तुम्हारे साथ है #ResignModi  #Resign_PM_Modi  #ModiHataoDeshBachao https://t.co/spsvPTov8W,NOT,NONE,0
hi_hasoc_2021_938,हमारी जानों की फिकर नहीं करते हो मत करो @narendramodi जी @AmitShah जी हमारी जानें अल्लाह की अमानत हैं।   कम से कम हमारे हिंदू भाइयों का ख्याल करो 🙏  पूरा हिंदुस्तान श्मशान बनता जा रहा है।  #BengalElection2021 #keralaelections2021 #Resign_PM_Modi #OxygenShortage #COVID19India https://t.co/Mt7Zjl4sOg,NOT,NONE,0
hi_hasoc_2021_1659,पक्षी और जानवर को हमलोग मनुष्य से कमतर आंकाते हैं लेकिन ऐसा वीडियो देखकर हमें अपने विचार बदलने चाहिए। https://t.co/yUQydxrKRi,NOT,NONE,0
hi_hasoc_2021_895,#SuperSpreaderModi #ModiDisasterForIndia  #ResignModi #Resign_PM_Modi  #VaccineRegistration  #cowinregistration #KindAttnPMNarendraModi #किसानों_का_मोदी_को_धोबीपटका https://t.co/njJV4CmnNn,NOT,NONE,0
hi_hasoc_2021_703,#SuperSpreaderModi #ModiDisasterForIndia  #ResignModi #Resign_PM_Modi  #VaccineRegistration  #cowinregistration #KindAttnPMNarendraModi #किसानों_का_मोदी_को_धोबीपटका https://t.co/u624fEcK50,NOT,NONE,0
hi_hasoc_2021_4673,केपी ओली एउटा व्यक्तिको प्रतापमा चल्ने पार्टी बनाउन चाहन्थे। दलाल पूँजीपतिहरूलाई पनि के लाग्यो भने धेरै वटा संस्था भए भने कतिलाई किन्ने? कतिलाई प्रभाव पार्न सकिन्छ भन्ने भयो। एउटा व्यक्ति रिझाउँदा पुग्ने पार्टी भए त उनीहरूलाई पनि सहज हुने भयो। थप सामग्री : https://t.co/75PGCwuzEU https://t.co/zx1O8YYevM,NOT,NONE,0
hi_hasoc_2021_2731,टिहरी बोर्डर पर अवैध ट्रैक्टर हिल रहे हैं 😷,NOT,NONE,0
hi_hasoc_2021_1308,"@narendramodi बंगाल शायद वाशिंगटन से दूर है और ना वहाँ ज़िंदा इंसान रहते हैं तभी साहब को बंगाल में मची चीत्कार सुनाई नहीं पड़ी।  कार्यकर्ता सिर्फ़ मरने के लिए नहीं होता साहब, चुनाव फिर आएगा. याद रखना। 😡😡#BengalBurning",NOT,NONE,0
hi_hasoc_2021_76,"अल्लाह ने ग़ज़ब इज़्ज़त और ताक़त बख़्शी थी, ज़िंदा रहे तो भी साज़िश करनी पड़ी उनके ख़िलाफ़, इंतक़ाल कर गए तो भी ख़ौफ़ ख़त्म ना हुआ साज़िश करने वालों का   #JusticeForShahabuddin",NOT,NONE,0
hi_hasoc_2021_6099,"बंगाल में चुनाव के बाद हिंसा जारी, ममता की नाकामी  #bengalvoilence #BengalBurning  @MamataOfficial @AITCofficial",NOT,NONE,0
hi_hasoc_2021_2259,@anubhavsinha मोदी तुम इस्तीफा दो हम तुम्हारे साथ है #ResignModi  #Resign_PM_Modi  #ModiHataoDeshBachao https://t.co/spsvPTov8W,NOT,NONE,0
hi_hasoc_2021_2795,"😂😜😂ऐसे कमीने दोस्त किसीको ना मिले हॉस्पिटल में दोस्त का हालचाल पूछने गए दो दोस्त बहुत देर तक हॉस्पिटल में बैठे रहे  उठ के जा ही नहीं रहे थे.जब काफ़ी देर हो गई तो_पेशेंट की बीवी ने बोल ही दिया ""जिस नर्स के लिये आप लोग यहाँ 2 घंटे से बैठे हैं उसी के लिये ये यहाँ4 दिन से लेटे है",NOT,NONE,0
hi_hasoc_2021_3411,कुछ लोग बंगाल में हो रही घटनाओं को रोकने की कोशिश करने की बजाए उसे साम्प्रदायिक रूप दे रहे हैं। आम जनता इन स्वार्थी लोगों की गंदी राजनीतिक बातों में आकर एक दूसरे से दुश्मनी पाल रहे हैं। कृपया शांति बनाए रखें। #Bengal #BengalViolence #IndiaCovidCrisis  @srinivasiyc @narendramodi,NOT,NONE,0
hi_hasoc_2021_4297,तुम्हें क्या है तुम तो ममता बैनर्जी के साथ पार्टी करो जाकर जीत की बधाई दो जाकर तुम तो खुशियाँ मनाओ जाकर सिर्फ एक ही तो नेता तुम्हारी पार्टी का मरा है उसका कोनसा तुम्हें दुख मनाना है तुम्हें कौनसा उनके परिवार से ताल्लुक रखना है #JusticeForShahabuddin https://t.co/jr73AvYbD1,NOT,NONE,0
hi_hasoc_2021_3870,"बंगाल में भाजपा कार्यकर्ताओं के साथ हुई हिंसा के खिलाफ प्रदेश कार्यालय के बाहर प्रदेश अध्यक्ष श्री आदेश गुप्ता, प्रदेश संगठन महामंत्री श्री सिद्धार्थन ने कार्यकर्ताओं के साथ प्रदर्शन किया। #BengalBurning https://t.co/vB7R4HTB10",NOT,NONE,0
hi_hasoc_2021_880,60/70 seats ke liye pure Bengal mein Corona Faila diya🤭  #AssemblyElections2021  #CoronaPandemic  #नरेंद्र_मोदी_ग्लोबल_पप्पू  #IndiaCovidCrisis  #ModiHataoDeshBachao  #ModiSarkarHiSystemHai https://t.co/GKt0tpvNqp,NOT,NONE,0
hi_hasoc_2021_5360,क्या साबुद्दीन का RJD ने लालू जी के बदले  सौदा किया  आपकी क्या राय है #JusticeForShahabuddin #जस्टिस_फॉर_शहाबुद्दीन  @RJDforIndia @darbhanga_rjd  @TSP4India,NOT,NONE,0
hi_hasoc_2021_2769,@asadowaisi मौत नहीं ये हत्या है। #JusticeForShahabuddin,NOT,NONE,0
hi_hasoc_2021_196,"यह सब अपने आस-पास घटित होता हुआ देखने के बाद गृह मंत्री अमित का बयान कितना संवेदनहीन लगता है। अमित शाह देश की राजनीति के एक संवेदनहीन, क्रूर, फूहड़, नग्न किरदार हैं।   अमित शाह का बयान है कि नरेंद्र मोदी के नेतृत्व की वजह से कोरोना की दूसरी लहर पर बहुत जल्द काबू पा लिया गया। https://t.co/p9y2uMY75L",NOT,NONE,0
hi_hasoc_2021_2847,हम उनको कयामत के बड़े अज़ाब से पहले दुनिया में भी अपने अज़ाब का मज़ा चखाएंगे कुरआन!  @narendramodi @AmitShah @PMOIndia @RSSorg @BJP4India #RSS #RSSTerrorists #Rss_terrorists #RSS_चीन_से_लड़ो  #Islamophobiainindia #Islamophobia #BJP #bjp4india #NarendraModi https://t.co/TkKdrD8IsO,NOT,NONE,0
hi_hasoc_2021_1611,"#WednesdayMotivation  कबीर, सोई म्लेछ सम जानिए,नही जो दान विहीन। यही कारण नित दान करे,जो नर चतुर प्रवीन।। जो गृहस्थी व्यक्ति दान नही करता। वह तो म्लेच्छ यानी दुष्ट व्यक्ति के समान है।और बुद्धिमान वह है जो सदा दान-पुण्य करता है। Kabir Pirkat Divas 24 June देखें 7:30 से साधना चैनल https://t.co/g4JOXsAj89",NOT,NONE,0
hi_hasoc_2021_1974,मेरी हिन्दू शास्त्रों पर कम श्रद्धा नहीं पर इस कालखण्ड में उनके अध्ययन का निलंबन चाहता हूँ बृहस्पति नीति शुक्र नीति चाणक्य नीति चायनीज सन त्जू की आर्ट ऑफ़ वार का घरघर में पढी जाए  अन्यथा गाय का थन सुअर मुँह में ले लेगा सारा दूध चूस लेगा बछड़े भूखे रह जाएँगे क्या ये आपको मंज़ूर है,NOT,NONE,0
hi_hasoc_2021_3657,#Paytm: पेटीएम ने अपने प्लेटफ़ार्म पर ‘COVID-19 वैक्सीन फाइंडर’ लॉन्च किया। लोकेशन या पिन कोड डालने से पता चलेगी वैक्सीन स्लाट्स की जानकारी। #CovidVaccine #CovidResources #CoronaUpdate #VaccineUpdate #StayHomeStaySafe #WearAMask #WashYourHands https://t.co/eNtopBH4vw,NOT,NONE,0
hi_hasoc_2021_323,सुबह से लोग ओसामा साहब की मदद के लिये नेताओं से अपील कर रहे थे इमरान प्रतापगढ़ी @ShayarImran ओसामा साहब के पास पहुंचे यहाँ मैं किसी को अच्छा बुरा नही बना रहा लेकिन आप लोग जब भी इमरान प्रतापगढ़ी के किरदार पे उंगली उठाये तो याद रखियेगा ये बन्दा हाज़िर जवाब है #JusticeForShahabuddin,NOT,NONE,0
hi_hasoc_2021_4873,मोदी ने छुए जिसके पैर आज उसी की दुनिया उजाड़ दी  #Modi #ModiMustResign #ModiResign #ResignModi #COVID19 #coronavirus #CoronaSecondWave #CoronaVaccine #Kanganasuspended #KanganaRanaut #PMModi #KangnaRanaut #Kangana   Watch full video here - https://t.co/bHFPfoh7mg https://t.co/zzoPrPhPWN,NOT,NONE,0
hi_hasoc_2021_3510,"जरा गौर से सोचो  अगर श्मशानघाट crematorium की तस्वीरों से तुम सब का Mental Health खराब हो जा रहा है, तो उनका Mental Health कैसा होता होगा जो अपनों का अंतिम संस्कार आंखों के सामने कर रहे है  आज उनकी आवाज बनो, सरकार की नही #ModiKaVaccineJumla #ModiMustResign https://t.co/g1xyQrfPH5 https://t.co/sMzuPFEcDv",NOT,NONE,0
hi_hasoc_2021_3861,@ReallySwara देश के लिए शर्म की बात है की बंगाल में 20 से ज्यादा हत्याएं हो चुकी हैं और 20 साल की युवती से बलात्कार किया गया है और हमारी केंद्र सरकार कुंभकरण की नींद सो रही है। कार्यकर्ता मर रहे है और नेता आंदोलन का ड्रामा कर रहे है। #bengalvoilence   #BengalBurning,NOT,NONE,0
hi_hasoc_2021_889,"@WAKhan337 @KhanAmanatullah बिल्कुल, लेकिन अमानतुल्लाह ITO से शाहीनबाग भी ले जाने में मज़बूरी दिखा रहा है, केजरीवाल के सामने इतना मजबूर? #JusticeForShahabuddin",NOT,NONE,0
hi_hasoc_2021_3329,"@ZeeNews @AmanChopra_ अगर धरना देने से सब सही हो जाता तो..  कुरुक्षेत्र में भी ""श्री कृष्ण"" जी ""अर्जुन"" को यही सलाह देते..। 😡😡😡  #BengalBurning  #BengalViolence  #KhooniKhela  #WestBengalViolence",NOT,NONE,0
hi_hasoc_2021_4014,मोदी जी अब इनको कौन से जिवी का। खिताब देंगे नौटंकीबाज जिवी #कंगना_तुम_कहाँ_हो  #ResignModi https://t.co/OWTDAruPGO,NOT,NONE,0
hi_hasoc_2021_2166,"जानें टीकाकरण से जुड़ी जानकारी, दिल्ली के किन जिलों में कितने लोगों को लग चुकी है वैक्सीन https://t.co/SfnyXmtNwY   #VaccineFor18Plus #CovidVaccine #DelhiCovid",NOT,NONE,0
hi_hasoc_2021_669,@Saba11556789 ज़ुल्म के खिलाफ आवाज़ उठाओ इसलिए कि जिंदा कौमें ज़ुल्म को देख कर खामोश नहीं रहतीं हैं आवाज़ उठाओ और जिंदा कौम होने का सबूत दो #JusticeForShahabuddin  #JusticeForShahabuddin  #JusticeForShahabuddin,NOT,NONE,0
hi_hasoc_2021_4033,सब चुप क्यू है अब तक ?  #BengalViolence #BengalInFlames #BengalBurning,NOT,NONE,0
hi_hasoc_2021_97,बंगाल पर कांग्रेस सहित सभी विपक्षी दल गूंगे-बहरे हो गए यही भाजपा शासित होता तो गूंगे भी बोलने लगते !  #BengalBurning #BengalViolence https://t.co/iHSQjc4E1b,NOT,NONE,0
hi_hasoc_2021_2507,@ravishndtv   कितना दोगला है रे रवीशआ https://t.co/dDDKZKRmtG,NOT,NONE,0
hi_hasoc_2021_5228,माननीय मंत्री महोदय अब उठ जाइए   आपके ऑनलाइन धरने से डर कर TMC के गुंडे ये ब्रह्मांड छोड़ कर भाग गए हैं🙂😁 #BengalBurning https://t.co/ebwg7f3GiF,NOT,NONE,0
hi_hasoc_2021_933,पत्नी के जेवर बेचकर जरूरतमंदों को मुफ्त में दे रहे हैं ऑक्सीजन सिलेंडर  #IndiaCovidCrisis https://t.co/MklIEo20jn,NOT,NONE,0
hi_hasoc_2021_1888,@yadavtejashwi मुख्यमंत्री बनेंगे? सपना ही रहेगा #JusticeForShahabuddin साहब,NOT,NONE,0
hi_hasoc_2021_3818,@PANKAJPARASHAR_ @Deepak34222156 इस तरह से जानवर भी नहीं करते हैं............ भी बढ़कर है,NOT,NONE,0
hi_hasoc_2021_2438,#किसानों_का_मोदी_को_धोबीपटका #ResignPMmodi https://t.co/7RN25rqTAd,NOT,NONE,0
hi_hasoc_2021_3746,@BBCHindi क्या सच नहीं है ? हिंसा नहीं हो रही है क्या? #BengalBurning #BengalViolence #HinduGenocideBengal #SaveHinduFamiliesinBengal https://t.co/jm9ATheWDs,NOT,NONE,0
hi_hasoc_2021_2490,"मूर्ख हैं वो लोग, जो इन पंचरपुत्र/पंचरपुत्रियों के झांसे में आ जाते हैं... #nusratjahan",NOT,NONE,0
hi_hasoc_2021_96,थोड़ा सा इसको समझयेगा 👇 #ModiKaVaccineJumla https://t.co/B6ZBWBRhd8,NOT,NONE,0
hi_hasoc_2021_3163,#देश_विरोधी_विपक्ष का विष पीकर भी अपने पथ पर अडिग दुष्ट ताकतों से देश को बचाने वाले आदरणीय प्रधानमंत्री श्री @narendramodi जी का राष्ट्र सेवा का एक और अनुकरणीय उदाहरण। देश धन्य है आपको पाकर। 🙏 #देश_PM_मोदी_के_साथ #देश_की_शान_मोदी https://t.co/mW88bFHagx,NOT,NONE,0
hi_hasoc_2021_550,ऋग्वेद के इस वचन के आशय से सिद्ध है कि तुम सदृश्य दुष्ट बुद्धि से युक्त परूष सत्य का सामना नही कर सकते हो उत्तर देना तो दूर की बात है।,NOT,NONE,0
hi_hasoc_2021_685,गजब का vaccine diplomacy है साहब आपका देश  में vaccine कम हो गया!   वडा न तोड़ तू वडा न तोड़ #PMOIndia  #nitishkumar  #CoronaVaccine #LargestVaccinationDrive #ModiKaVaccineJumla #IndiaCovidCrisis #Modi,NOT,NONE,0
hi_hasoc_2021_5725,@DDNewsHindi मोदी तुम इस्तीफा दो हम तुम्हारे साथ है #ResignModi  #Resign_PM_Modi  #ModiHataoDeshBachao https://t.co/spsvPTov8W,NOT,NONE,0
hi_hasoc_2021_555,@ShilpiSinghINC अब तो बेजुबान जानवर भी समझ चुका है बीजेपी का हाल https://t.co/TKDMxCGR6e,NOT,NONE,0
hi_hasoc_2021_3996,@NitishKumar @BiharHealthDept @mangalpandeybjp कोविड -19 का टीका 18-44 उम्र वालों के लिये पटना में कब से उपलब्ध होगा | कृपया बताये |   #NoVaccines #Bihar #PATNA #Patnacovid #CovidVaccine #COVID #No18Vaccines,NOT,NONE,0
hi_hasoc_2021_3636,बंगाल में हुई हिंसा और आमिर खान का इस देश में दर लगना । इसका दूर दूर तक कोई वास्ता नहीं है ।।🧐 #CruelMamata  #BengalBurning  #BengalRiots,NOT,NONE,0
hi_hasoc_2021_2202,चलती चक्की देख कर दिया कबीरा रोये   2 पाठन के बीच में साबित बचा न कोई.|||  #ममता_खूनी_है #shameonbjp  #BengalBurning  #NarendraModi  #MamtaBanerjee,NOT,NONE,0
hi_hasoc_2021_1848,चुनाव के नतीजे आते ही भाजपा सरकार ने पेट्रोल और डीज़ल महंगा करना शुरू कर दिया है। आज से दाम बढ़े।  #ResignModi   #PetrolDieselPriceHike,NOT,NONE,0
hi_hasoc_2021_841,"SC/ST Secretary of BJP Bengal , Bhaskar Mandal is literally begging for help! हर किसी को हर जाती के हिन्दुओं को मारा जा रहा और पूरा देश चुप है क्या ये video झूठ है?  #BengalBurning #BengalViolence #spinelessgovt #hindulivesmatter https://t.co/pn88OIQyc2",NOT,NONE,0
hi_hasoc_2021_357,यह सारे चेहरे गए थे बंगाल पर उसे ना कर पाए कंगाल #JusticeForShahabuddin @007QaQa https://t.co/pChNXFABXS,NOT,NONE,0
hi_hasoc_2021_3373,@Gulzaraalam आज़ रुकना नहीं है  #JusticeForShahabuddin,NOT,NONE,0
hi_hasoc_2021_2860,हादसे इतने होने लगे हैं मेरे वतन मे  अखबारों को निचोड़ो तो खून निकलता है #BengalBurning https://t.co/5GJvHvwYHE,NOT,NONE,0
hi_hasoc_2021_442,गलती तो नेहरु की ही होती है। मोदी तो भगवान है।  Incompetence at it's worst! #ResignModi  #COVIDSecondWave https://t.co/a9AOnqNWp8,NOT,NONE,0
hi_hasoc_2021_2148,सोशल मीडिया में मची हलचल के बाद बिहार की राजनीति में भी हलचल मचना शुरु हो गई..  RJD से मुस्लिम नेताओं ने इस्तीफा देना  शुरु कर दिया है..  #JusticeForShahabuddin https://t.co/zLYsIHHjPQ,NOT,NONE,0
hi_hasoc_2021_1292,बंगाल की जीत मां-माटी-मानुष की जीत है। #ModiKaVaccineJumla,NOT,NONE,0
hi_hasoc_2021_3852,Where is @ReallySwara now ?  Now Silent on Gang Rape in Bengal !  No body has Right to take virtue of any Women !   कौनसे बिल में घुस गए सभी लेफ्टिस्ट?    #BengalBurning  #BengalViolence,NOT,NONE,0
hi_hasoc_2021_3874,यही हुआ बंगाल में।  खेला खतम #किसानों_का_मोदी_को_धोबीपटका  #ModiDisasterForIndia #Modi #ModiKaVaccineJumla #ModiMadeDisaster #modiomodi #BjpDestroyedIndia #BJPHataoDeshBachao https://t.co/iolD1fTA5I,NOT,NONE,0
hi_hasoc_2021_709,"@Surtilala24 @rammadhav_rss @ThePrintIndia भाइयों बहनों पैशे खिदमत है, एक और #पप्पूशास्त्र का विद्यार्थी 🤣  Don't listen to @Surtilala24  Its' a #ChineseAgent working as a #ChineseBot heavily funded by enemy countries to trouble India n spread #ChineseVirus. Proponent of #Pappuanomics 1 of a #INCorporated #LOLu",NOT,NONE,0
hi_hasoc_2021_4988,"@TheGArnab अगर धरना देने से सब सही हो जाता तो..  कुरुक्षेत्र में भी ""श्री कृष्ण"" जी ""अर्जुन"" को यही सलाह देते..। 😡😡😡  #BengalBurning  #BengalViolence  #KhooniKhela  #WestBengalViolence",NOT,NONE,0
hi_hasoc_2021_3744,"“पूरा संसार ही बले हो विरोध, भारत का मस्तक नहीं झुकेगा” - अटल जी   चीन, कब तक भागेगा - ईश्वर पृथ्वी आकाश का नहीं देखता बस धर्मस्ततो की विश्लेषण करता है   #ChineseVirus https://t.co/y2eBMAHMWY",NOT,NONE,0
hi_hasoc_2021_697,@kunalkamra88 मोदी तुम इस्तीफा दो हम तुम्हारे साथ है #ResignModi  #Resign_PM_Modi  #ModiHataoDeshBachao https://t.co/spsvPTov8W,NOT,NONE,0
hi_hasoc_2021_2937,"सीवान खत्म हो गयी तेरी पहचान,  जिसके नाम से तू जाना जाता रहा,  अब वो नहीं रहे...!! 🙏  #JusticeForShahabuddin #JusticeForShahabuddin https://t.co/axsBrondLy",NOT,NONE,0
hi_hasoc_2021_2596,#OPS #BanEVM #पुरानी_पेंशन_बहाल_करो #FarmersProtest #SpeakUpForFarmers #StopPrivatization #ModiMadeDisaster #NPS_भारत_छोड़ो #NPS_QUIT_INDIA #OPS_कर्मचारी_का_अधिकार #NPSनिजीकरणकेख़िलाफ़_इंक़लाब #Vaccine_और_MSP_दो #KisanMazdoorEktaJindabaad #Resign_PM_Modi #COVID19India https://t.co/ucDFTDiQxO,NOT,NONE,0
hi_hasoc_2021_334,"शराबी असली देशभक्त है, जो महंगी शराब खरीद कर देश की कोरोना से लड़ने के लिए आर्थिक रूप से मदद करेंगे 😜 #CoronaPandemic #CovidIndia #COVID19 #Resign_PM_Modi #ResignModi #YogiJhootaHai https://t.co/dLPIhNcJMN",NOT,NONE,0
hi_hasoc_2021_1538,इस देश में कोई प्रधानमंत्री नहीं है ना ही कोई सरकार है तो किसी के भरोसे ना बैठे  #CovidIndia #COVID19India #COVIDSecondWaveInIndia #PMOIndia #AatmanirbharBharat #ModiKaVaccineJumla https://t.co/UxpsrpOKs8,NOT,NONE,0
hi_hasoc_2021_2001,"@007QaQa ढूंढोगे कहाँ मुझको, मेरा पता लेते जाओ... एक कब्र नई होगी एक जलता दिया होगा !!  #JusticeForShahabuddin",NOT,NONE,0
hi_hasoc_2021_2030,सीधा सवाल क्या मोदी जी के बंगाल चुनाव जीतने की सनक ने पूरे देश को मौत के मुंह में धकेल दिया..?  @nishasinghji share kare। #COVIDSecondWaveInIndia #ResignModi  #ModiResign #ModiKaVaccineJumla,NOT,NONE,0
hi_hasoc_2021_2262,चंद्रशेखर जी याद आ गये 52 MP की सरकार करुणानिधि की लिट्टे को मदद की खुफिया सूचना राज्यपाल से रिपोर्ट मांगी डमी PM समझकर रिपोर्ट नहीं भेजी PM ने रात में राष्ट्रपति शासन लगा दिया सुप्रीमकोर्ट ने टिप्पणी की PM ने कहा कोर्ट अपनी मर्यादा में रहे आज लोग धरना दे रहे हैं #BengalBurning,NOT,NONE,0
hi_hasoc_2021_1303,थाईलैंडियों का भारत की सत्ता पर हमेशा पर क़ब्ज़ा करवाने में सबसे शातिर चालें चलने वाला था - मोहनदास कर्मचंद गांधी । उसने अहिंसा के नाम से ऐसी ग़ुलामी की चाशनी चटाई है कि इस देश में जो कमीने क़िस्म के हुक्मरान हैं उनको कभी कोई ख़तरा नहीं हो सकता । https://t.co/18CJ8TmrdL https://t.co/j54jFtObrK,NOT,NONE,0
hi_hasoc_2021_4546,@KajolrajputZ इसमे असली जानवर कोन बना ?,NOT,NONE,0
hi_hasoc_2021_3601,"@Uppolice थाना इमलिया सुल्तानपुर पुलिस का लोगों में कितना खौफ है यह तो पांच युवकों द्वारा देसी अवैध असलहा दिखाते हुए सोशल मीडिया पर ""सीतापुर गैंग"" नाम से डाली गई यह तस्वीर साफ जाहिर कर रही है। इनकी पहचान इमलिया सुल्तानपुर इलाके के ग्राम परेई रायपुर व अंदौली की बताई जा रही है। https://t.co/sV9B3b8qyL",NOT,NONE,0
hi_hasoc_2021_570,क्या ऊर्दू नाम की वजह से सबके मुंह बंद है 😒  #JusticeForShahabuddin https://t.co/kaIe5rKgOk,NOT,NONE,0
hi_hasoc_2021_4100,"अलविदा शेर-ए-बिहार…  अल्लाह आपकी मग़फ़िरत फरमाए, आपको जन्नतुल फिरदौस में आला मकाम अता फरमाए और अहले खाना को सब्र जमील अता फरमाए. 🤲 #JusticeForShahabuddin https://t.co/ZUOF6tzAgq",NOT,NONE,0
hi_hasoc_2021_2039,जो आज @osama_shahab_ के साथ खड़े हैं वो सोशल मिडिया पर इस हैसटैग पर ट्वीट करें...  आवाज़ दो हम सब एक हैं। #istandwithosamasahab #JusticeForShahabuddin,NOT,NONE,0
hi_hasoc_2021_3363,राजद के नवादा ज़िला अध्यक्ष कमरुल बारी साहब ने राजद से दिया इस्तीफा… #JusticeForShahabuddin https://t.co/lEX1DPAeM4,NOT,NONE,0
hi_hasoc_2021_2761,@narendramodi का घमंड और बड़बोलापन भारत को ले डूबा 👇 @SChopraINC  @ShivaniChopra_  @Ch_AnilKumarINC  @shaktisinhgohil  @DelhiPMC  @AmritaDhawan1  @LambaAlka  @shaminaaaa  #ModiResign  #ModiKaVaccineJumla https://t.co/gLjgCSWgF4,NOT,NONE,0
hi_hasoc_2021_2730,#ModiKaVaccineJumla #ModiResign #IndiaFightsCorona #PMCaresFund_का_हिसाब_दो #PMDoesNotCare https://t.co/z8HsgXA2gq,NOT,NONE,0
hi_hasoc_2021_2467,आज हमारे समाज के बड़े बड़े दलाल चुप हैं #JusticeForKameshValmiki https://t.co/7r3v2Ssvyv,NOT,NONE,0
hi_hasoc_2021_2674,@ndtv मोदी तुम इस्तीफा दो हम तुम्हारे साथ है #ResignModi  #Resign_PM_Modi  #ModiHataoDeshBachao https://t.co/spsvPTov8W,NOT,NONE,0
hi_hasoc_2021_2094,#नरेंद्र_मोदी_ग्लोबल_पप्पू #ModiMustResign  #ModiKaVaccineJumla  #Vaccine_और_MSP_दो,NOT,NONE,0
hi_hasoc_2021_4477,हज़ारों साल नर्गिस अपनी बे-नूरी पे रोती है.. बड़ी मुश्किल से होता है चमन में दीदा-वर पैदा..  #JusticeForShahabuddin,NOT,NONE,0
hi_hasoc_2021_3433,#Resign_PM_Modi #ResignModi #FarmersProtest #BanEVM_SaveDemocracy #Ban_Evm #कृषि_कानून_रद्द_करने_पड़ेंगे https://t.co/HdiYu5cmIU,NOT,NONE,0
hi_hasoc_2021_1847,अगर मोदी नही मानता किसानों की बात  तो गाँव-गाँव जाएँगे उत्तर प्रदेश  में भी चुनाव हराएँगे किसान एकता ज़िन्दाबाद...!! #ResignModi,NOT,NONE,0
hi_hasoc_2021_3809,#bengalviolence Be careful everyone. Some unscrupulous people are posting these pictures on social media to spread tension in the state and the country.  #CovidIndia #COVIDEmergencyIndia #ममता_की_निर्ममता #SpinelessBJP #SpinlessBJP #बंगाल_हिंसा #COVIDEmergency   #BengalBurning https://t.co/lCTNPIUEvM,NOT,NONE,0
hi_hasoc_2021_1595,उत्तर प्रदेश की ATS ने दो रोहिंग्याओं को गिरफ्तार किया है. ये दोनों अवैध रूप से यूपी में रह रहे थे. ये दोनों फर्जी कागजात के आधार पर रोहिंग्याओं को अवैध रूप से भारत में दाखिल कराते थे. https://t.co/UoyZ0uYAKy,NOT,NONE,0
hi_hasoc_2021_2658,दमोह काउंटिंग का दृश्य #damoh #byelection #Elections2021 #news #polls #IndiaCovidCrisis #indianelections https://t.co/pW1JxifENz,NOT,NONE,0
hi_hasoc_2021_1377,निष्पक्ष जाँच होनी चाहिए #JusticeForShahabuddin,NOT,NONE,0
hi_hasoc_2021_2119,"कब तक बोझ संभाला जाए, द्वंद्व कहां तक पाला जाए । दूध छीन बच्चों के मुख से, क्यों नागों को पाला जाए ।। दोनों ओर लिखा हो भारत, सिक्का वही उछाला जाए । तू भी है राणा का वंशज, फेंक जहां तक भाला जाए ।। @narendramodi @JPNadda @AmitShah @BJP4India #BengalBurning  #BengalViolence",NOT,NONE,0
hi_hasoc_2021_3162,आज़म खान साहब का इलाज AIIMS में कराया जाए… शहाबुद्दीन साहब की तरह उन्हें सिस्टम भरोसे नही छोड़ सकते😢🙏 #JusticeForShahabuddin,NOT,NONE,0
hi_hasoc_2021_3243,"मैं ये कहकर जाऊंगा कि सांसों ने मुझे हरा दिया, किसी जम्हूरियत ने मुझे नहीं हराया😭  #JusticeForShahabuddin https://t.co/o0TAHzNojn",NOT,NONE,0
hi_hasoc_2021_4243,कोरोना पर बेहतर नियंत्रण हेतु एमएमसीएच में कई कोषांग गठित।  अधिक जानकारी के लिए दिए गए लिंक को क्लिक करे: https://t.co/MZQzDQ4mfl @JharkhandCMO  @BannaGupta76  @MoHFW_INDIA  @prdjharkhand @DrJatashankarC1  @prdpalamu @IprdPalamu #COVID19India #CovidVaccine,NOT,NONE,0
hi_hasoc_2021_1037,"जींदगी मैं तो मुसाफिर हुं तेरी कश्ती का,  तु जहां भी कहेगी मैं उतर जाउगा,   अब अगर ओर दुआ दोगे तो मरजाउंगा !  #JusticeForShahabuddin https://t.co/ePiIe0bkih",NOT,NONE,0
hi_hasoc_2021_2305,"माल कैसा ही बनाता हो, Virus बेजोड़ बनाया है   ""Unforgivable Act Against Humanity""  #ChineseVirus",NOT,NONE,0
hi_hasoc_2021_1880,@KhanAmanatullah आमीन 🤲🏼  सर जो किया आप ने काफ़ी नहीं था आप से उम्मीद ज़्यादा थी !!  #JusticeForShahabuddin  #JusticeForShahabuddin  #JusticeForShahabuddin,NOT,NONE,0
hi_hasoc_2021_3930,"@LoYaaro @BhootSantosh यह बात भी सही है,  कोई कैसे खुद को मूर्ख मान ले 😇",NOT,NONE,0
hi_hasoc_2021_1918,सिवान के शेर डॉक्टर शहाबुद्दीन साहब की मौत/कत्ल की जांच के लिए ट्विटर पर  #JusticeForShahabuddin ट्रेंड कर रहा है आप भी हिस्सा लें,NOT,NONE,0
hi_hasoc_2021_1247,मतलब out source को ये service दी गयी है और कोई जरूरी भी नहीं है sanitized करवाना।  वाक्य में ही @RailMinIndia आपदा को अवसर मे क्यू बदल रही है  @PiyushGoyal ji??  @ajitanjum @sakshijoshii @abhisar_sharma @ndtvindia  @narendramodi चौकीदार ji please #ResignModi https://t.co/ADwMWFXaWi,NOT,NONE,0
hi_hasoc_2021_4902,@GauravPandhi मोदी तुम इस्तीफा दो हम तुम्हारे साथ है #ResignModi  #Resign_PM_Modi  #ModiHataoDeshBachao https://t.co/spsvPTov8W,NOT,NONE,0
hi_hasoc_2021_1473,@TeamsKanganaR इनका खाने का दांत और दिखाने का दांत अलग है ये सिर्फ और सिर्फ हिन्दुओ के मूर्ख बनाने के एक तरीका है,NOT,NONE,0
hi_hasoc_2021_2482,नरेंद्र मोदी #FarmLaws_NextPandemic #ModiKaVaccineJumla https://t.co/fpXClCb650,NOT,NONE,0
hi_hasoc_2021_1750,#WuhanVirus से इस का पेट नही भर अब यह एक नई आफत। https://t.co/0bPCjWYEqz,NOT,NONE,0
hi_hasoc_2021_4764,@ArmaanS13738198 Ohh if whole country already know then what u r trying to prove? 😂 #PrayForFarmersVictory  #देश_ऑक्सीजन_मांगता_है #ResignModi #FarmersProtest,NOT,NONE,0
hi_hasoc_2021_3164,"👉🏼.  साँस तो लेनी पड़ती है,                चाहे हवाओं में ज़हर घुला हो ।।  #COVID19 #IndiaNeedsOxygen #IndiaCovidCrisis https://t.co/mG09hWsdl3",NOT,NONE,0
hi_hasoc_2021_5705,छत्तीसगढिया युवाओं से धोखा है.. भूपेश सरकार ने वेसीक्सीनेशन रोका है.. BJYM Chhattisgarh   #BlackDayForChhattisgarh #chattishgarh #VaccineDiscrimination  #CovidVaccine #Covishield #covaxine #BJYMCares @vivszz https://t.co/nbhHdobyq9,NOT,NONE,0
hi_hasoc_2021_2876,"मनुवादी की षड्यंत्र इससे ज्यादा क्या होगा । कुत्ता ,बिल्ली,गाय,भैंस की जनगणना करेंगे लेकिन obc की जाति अधारित जनगणना से परहेज है। #जातिगत_जनगणना_करो  #जनगणना_में_OBC_कालम_लागू_करो  #जनगणना_में_OBC_कालम_लागू_करो",NOT,NONE,0
hi_hasoc_2021_2851,"खामोशीयो की मोत गवारा नही मुझे,  शिशा हु टूट कर भी खनक छोड जाऊंगा...!!  #JusticeForShahabuddin  अल्लाह अपने हबीबे पाक सल्लल्लाहो अंलयही वसाल्लम के सदके, अपने मेहबूब बन्दो के सदके, इस माहे मुबारका के सदके शेर ए बिहार मरहुम जनाब शहाबुद्दीन साहब की मगफिरत फ़रमाये!!!💁‍♂️ #आमीन 🤲😭 https://t.co/NrbuKkHRv8",NOT,NONE,0
hi_hasoc_2021_988,"Oxygen की कमी से मरते हुए लोग दिखाई दे रहे हैं, न्याय और कानून व्यवस्था की कमी से मरते हुए बंगाली नहीं दिखाई देते क्या मीलोर्ड?? #Court #HC #SC #BengalBurning",NOT,NONE,0
hi_hasoc_2021_4109,"@China_Amb_India I am shocked they didn't mention a line (Karam, you have been our worst sufferer) (करम हमारे ख़राब ह भुगत आप रहे ह) #wohanvirus  #chinesevirus",NOT,NONE,0
hi_hasoc_2021_1936,"जिसने कभी 1990 का कश्मीर नही देखा है,  उनके लिए 2021 का बंगाल इंतज़ार कर रहा है!  #BengalBurning #BengalBurning #Bengalisburning #BengalViolence #MamtaisTerrorist",NOT,NONE,0
hi_hasoc_2021_1671,खबर ये है के #शाबोद्दीन साहब के इंतेखाल के बाद राबड़ी देवी तेजप्रताप यादव लालू यादव दिल्ली में ही थे मगर वो DD हॉस्पिटल नही गए @asadowaisi @imtiaz_jaleel  @TSP4India @imAkbarOwaisi @RJDforIndia #JusticeForShahabuddin,NOT,NONE,0
hi_hasoc_2021_70,आज़ अगर हम कुछ लिखेंगे तो यही लिखेंge #JusticeForShahabuddin,NOT,NONE,0
hi_hasoc_2021_5092,@Gyan1590 @Manisha1519 😂😂😂😂 तुम महा दुष्ट हो,NOT,NONE,0
hi_hasoc_2021_1546,दो दिन से उस राजस्थान की बेटी जो प्यास से मर गयी उसका फ़ोटो दिमाग़ से नहीं उतर रहा है यह नेता चैन से कैसे सो जाते हैं क्या इंसान एक जानवर के बराबर है इनके लिए। मुझे लगता है यह देश कभी अमेरिका नहीं बन पाएगा ।,NOT,NONE,0
hi_hasoc_2021_928,#IndiansDyingModiEnjoying   @Pkgreturns @KreatelyOSINT #जैसे_को_तैसा #abhibaakihebete  #ModiResignOrRepeal #ModiKaVaccineJumla  #ModiHataoDeshBachao  #ModiMadeDisaster  #ModiFailsIndia https://t.co/IllrAti5rh,NOT,NONE,0
hi_hasoc_2021_3457,You are the talk of every country @PMOIndia  #कृषि_कानून_रद्द_करने_पड़ेंगे #ResignModi #FarmersProtest https://t.co/RjdMZwvCgG,NOT,NONE,0
hi_hasoc_2021_342,चुनावी हिंसा पर धरना देने वालों ऑक्सिजन की कमी और कोरोना से हो रही मौतों पर भी धरना दे दो। हिन्दू तो इसमें भी खतरे में है। हिंदू तो यहाँ भी मर रहा है। बस politics ही करनी है ऐसा बोलो ना।  लेकिन शर्म इनको आती नहीं। #BengalBurning  #PresidentsRuleinBengal #PresidentRuleInBengal,NOT,NONE,0
hi_hasoc_2021_629,"@BharatR74239432 @Dr_Uditraj दोस्तों, आओ हम सब सर्वसम्मति से महान अर्थशास्त्री, धुरंधर वैज्ञानिक, अंतर्राष्ट्रीय किसान, भयंकर सवर्ण-दलित मसीहा #चुदित राज जी को खांग्रेस #अध्यक्ष एवं #पलधानमंतली बनाएं !!🙏 ""सभी #समस्याएं समाप्त"" #उदित_राज_को_अध्यक्ष_बनाओ_बे @Dr_Uditraj  #CovidVaccine https://t.co/HrWBrorcLe",NOT,NONE,0
hi_hasoc_2021_2154,खैर चलो इस बार मुझे @sambitswaraj सर की बात सही लगी अच्छा किया बिकी हुई पत्रकार सीखा मुखर्जी को लताडा अच्छे से बकवाश कर रही है फालतू इसको बीजेपी वालो को मौत दिख ही नहीं रही @ZeeNews @aditi_tyagi #BombBandookBengal #PresidentsRuleinBengal #BengalBurning https://t.co/IJm6FyQVPZ,NOT,NONE,0
hi_hasoc_2021_1989,"जिनको अपने बाप दादा पर भी यकीन नही की यही है वो फ़ोटो किसका बनाये गली कूचे में थूक थूक कर अपना प्रमाण दिए पड़े है शांति का कबूतर उड़ाकर ,शांति का सामान गया बकरी,कुतिया, मुर्गी भी शांति खोज रहे है https://t.co/SlNQouCOVn",NOT,NONE,0
hi_hasoc_2021_3209,अगर आप सही हो तो लोग क्या सोचेंगे इसकी परवाह मत करो #JusticeForShahabuddin,NOT,NONE,0
hi_hasoc_2021_3612,सुनो जुम्मनो बादाम कसरत से खाया करो  याद्दाश्त अच्छी बनी रहेगी! फिर कातिल को पहचानने मे आसानी होगी!  क्योंकि तुम भूल बहुत जल्दी जाते हो  #JusticeForShahabuddin,NOT,NONE,0
hi_hasoc_2021_322,Well said #BengalBurning #राष्ट्रपति_जी_बंगाल_संभालो https://t.co/wsQKHxDAK9,NOT,NONE,0
hi_hasoc_2021_4016,"#Resign_PM_Modi - प्रधानमंत्री जी को अब साल छह महीने की छुट्टी ले लेनी चाहिए। महामारी के वक्त देश की कमान कुछ समय के लिए श्री नितिन गडकरी जी या श्री राजनाथ सिंह जी को दे देनी चाहिए। दूसरों को देंगे मौका, तभी तो बढ़ेगा इंडिया।",NOT,NONE,0
hi_hasoc_2021_5353,साहब ने जितनी मेहनत बंगाल को मनाने में की अगर उतनी ही मेहनत अपनी लुगाई को मनाने में करते तो वो आज उनके साथ होती😂🤣🤣 #BengalElections2021  #ModiKaVaccineJumla  #ModiMustResign,NOT,NONE,0
hi_hasoc_2021_1564,यक़ीन नही हो रहा है। 💔💔💔💔  #ShahabuddinSaheb  #JusticeForShahabuddin https://t.co/2vVcLehTNP,NOT,NONE,0
hi_hasoc_2021_3570,पाण्डु प्रखण्ड में बना 4 कंटेन्मेंट जोन।  अधिक जानकारी के लिए दिए गए लिंक को क्लिक करे: https://t.co/dDqSqHEyw1 @JharkhandCMO  @BannaGupta76  @MoHFW_INDIA  @prdjharkhand @DrJatashankarC1  @prdpalamu @IprdPalamu #COVID19India #CovidVaccine,NOT,NONE,0
hi_hasoc_2021_1522,एक दुष्ट अतिसय दुखरूपा। जा बस जीव परा भव कूपा।।  एक रचई जग गुन बस जाके। प्रभु प्रेरित नाहिं निज बल जाके।।         ।।सुप्रभात।।  #जय_श्रीराम 🙏🚩 https://t.co/hfqFw5Bz2m,NOT,NONE,0
hi_hasoc_2021_1833,"@Saurabh15134460 अगर धरना देने से सब सही हो जाता तो..  कुरुक्षेत्र में भी ""श्री कृष्ण"" जी ""अर्जुन"" को यही सलाह देते..। 😡😡😡  #BengalBurning  #BengalViolence  #KhooniKhela  #WestBengalViolence",NOT,NONE,0
hi_hasoc_2021_106,"अपने अपनो से दूर जा रहे है ,हर कोई इसी क़ोशिश मे है बस कोई अपना ना चला जाए ।।  #CoronaSecondWave #COVIDSecondWaveInIndia #pandemic #IndiaCovidCrisis https://t.co/1M3mKEGZ0H",NOT,NONE,0
hi_hasoc_2021_2315,"#मन_की_बात✍️ ग़ैर मुस्लिम क़ुरआन नहीं पढ़ते हदीस नहीं पढ़ते  वह आपको पढ़ते हैं लिहाज़ा इस्लाम का अच्छा नुमाइंदा बनिए,और नफ़रत को मोहब्बत  से मिटा दीजिए आप अपने किरदार को सवारिए जिससे के आपके मजहब की पहचान आपके अखलाक से हो✍️ #FridayThoughts #Islam #Islamophobia @SrBachchan @SonuS",NOT,NONE,0
hi_hasoc_2021_3905,अबकी बार 300 पार इसलिए नहीं किया था कि ऐसी बीभत्स हिंसा देखनी पडे। भारत माता की भी आंख भर गयी होगी यह दृश्य देखकर। मन की बात छोड़कर मन का काम कीजिए भगवन🙏.   जिन्हे नाज है हिन्द पर अब वो कहां है।  #BengalBurning #BengalViolence #BengaliHindus #,NOT,NONE,0
hi_hasoc_2021_1902,जिंदगी का जिंदगी से वास्ता जिंदा रहे हम रहें जब तक हमारा हौसला जिंदा रहे #JusticeForShahabuddin,NOT,NONE,0
hi_hasoc_2021_786,#JusticeForShahabuddin अच्छा हुआ जो मर गया किसी के बेटे तो बज गए होंगे ऐसिड में मरने से,NOT,NONE,0
hi_hasoc_2021_505,#BengalViolence  : @JPNadda  बोले- #MamtaBannerjee  के तीसरे कार्यकाल की शुरुआत हाथ में लगे हुए खून के साथ हुई  @narendramodi @PMOIndia @AmitShah #BengalBurning    https://t.co/qwRNRr2dLk,NOT,NONE,0
hi_hasoc_2021_1021,"@INCIndia Modi Govt masked policy paralysis with ""Firehosing of Falsehood""!!! #देश_ऑक्सीजन_मांगता_है #Resign_PM_Modi",NOT,NONE,0
hi_hasoc_2021_3992,मै कल से उन लोगों को ढूंढ रही हूँ जिन्हें मोदी की रैलियों से बंगाल मे कोरोना फैलता दिख रहा था लेकिन ममता की जीत के बाद बंगाल की हिंसा नही दिख रही।  आप भी खोजिए...  #BengalBurning,NOT,NONE,0
hi_hasoc_2021_359,इस विडियो 👇 में राक्षस वृत्ति के ऐसे घिनौने कृत्य से हम सबका मन विचलित हो उठता है।अब देखिए कि दुष्ट आरोपी का कागज़ी नाम भी ईश्वर है।😭दुखद 😭 ऐसे लोगों के खिलाफ सख्त कानूनी कार्यवाही होना आवश्यक है। @RSSorg @boddhikvibhag1 @arungovil12 @teambtfraj @BishnoiPabbaram @Aacharya_29 https://t.co/1JCv8x4SIv,NOT,NONE,0
hi_hasoc_2021_5040,राजनीति र वेश्या केटीको चाक उस्तै हो जस्ले धेरै मुल्य तिरेर खरिद गर्छ उसैले पड्काउछ।                           साभार: dr एलिया अर्याल,NOT,NONE,0
hi_hasoc_2021_1002,@mangeshkarlata कम से कम #CovidVaccine पर Gst लेना तो बंद कर दीजिये #ठग_महाराज @PMOIndia @narendramodi @nsitharaman @drharshvardhan 👎#शर्मनाक #प्रधानमंत्री_मोदी_डरो_मत_इस्तीफा_दो,NOT,NONE,0
hi_hasoc_2021_2628,जिसके हारने पर आधे से ज्यादा मुल्क अपनी जीत महसूस करे। वो बादशाह तो नहीं हो सकता।#ResignModi  #ShameOnModi,NOT,NONE,0
hi_hasoc_2021_2302,"चुनाव के बाद भी जारी है बंगाल में TMC की खूनी हिंसा; मारपीट, आगजनी, लूटपाट एवं हत्याओं का सिलसिला जारी   #BengalBurning #MamtaBanarji #BengalViolence  @KundanKanskar @HimanshuMessage  @VipulView  @satendragujjar  @Darsh_vats  @DupendraRana https://t.co/Go1yOsk5hG",NOT,NONE,0
hi_hasoc_2021_1998,@ChouhanShivraj इलाज के लिये antiviral drugs भी मिलनी चाहिए मामा।लोगों को मामू मत बनाओ। #COVID19 #LargestVaccinationDrive #ModiKaVaccineJumla #AdarPoonawalla,NOT,NONE,0
hi_hasoc_2021_3376,#OPS #BanEVM #पुरानी_पेंशन_बहाल_करो #FarmersProtest #SpeakUpForFarmers #StopPrivatization #ModiMadeDisaster #NPS_भारत_छोड़ो #NPS_QUIT_INDIA #NPSनिजीकरणभारतछोड़ो #OPS_कर्मचारी_का_अधिकार #NPSनिजीकरणकेख़िलाफ़_इंक़लाब #स्वास्थ्य_क्षेत्र_मे_बजट_बढ़ाओ #Resign_PM_Modi #Vaccine_और_MSP_दो https://t.co/V71OMBEe7T,NOT,NONE,0
hi_hasoc_2021_1970,धन्य है वो लोग जो इस समय भी कालाबाजारी कर रहे है।  शायद उन्हें ये नहीं पता कि  इस समय जो बद्दुआए इन्हें मिलेगी । वो सीधे इन्हें नर्क की ओर ले जाएगी। । @ABPNews @narendramodi @RajatSharmaLive @aajtak @NitishKumar #chineseVirus @ndtv https://t.co/SQyelyB149,NOT,NONE,0
hi_hasoc_2021_2098,"कुछ लोग बाते कर रहे थे .... #भारत में #कोरोना के रोज के 3,00,000 से ज्यादा केस आ रहे है। तभी कोरोना प्रगट हुआ और बोला.""#मोदी है तो मुमकिन है ""🤐🤐🤫🤫 #ModiResignOrRepeal #ModiKaVaccineJumla #AatmanirbharBharat #69000_तृतीय_चयन_सूची #BharatBiotech #CoronaSecondWave #COVID19India",NOT,NONE,0
hi_hasoc_2021_2966,शहाबुद्दीन के बेटे ओसामा की आँखों से निकला हुआ हर आंसू का क़तरा बिहार से राजद  के भविष्य को बहा ले गया। #JusticeForShahabuddin https://t.co/uRmsGnshqN,NOT,NONE,0
hi_hasoc_2021_2445,#NoVoteForBJP  #NoVoteToBJP  #BoycottBJP #GoBackModi #PoMoneModi  #मोदी_परत_जा #नहीं_चाहिए_भाजपा  #BJPHataoDeshBachao  #BJP_भगाओ_देश_बचाओ #SuperSpreaderModi #ModiDisasterForIndia  #ResignModi #Resign_PM_Modi  #VaccineRegistration  #cowinregistration #Vaccine_और_MSP_दो https://t.co/GtH8cNfbhW,NOT,NONE,0
hi_hasoc_2021_2740,हार जीत तो ठीक है मज़े की बात ये है साहब का बांग्लादेश के लिए आंदोलन कर जेल जाना बेकार हो गया 😜🙈  #JusticeForShahabuddin,NOT,NONE,0
hi_hasoc_2021_1435,"@vinita4india ममता को चोट लगी.. ब्रेकिंग न्यूज़ बन गई ।   बंगाल में हिन्दुओं पर हो रहा अत्याचार,  मारकाट लूटपाट मची हुई है बलात्कार हो रहे है। पर यह न्यूज़ कब बनेगी ??? क्या हिन्दू होना गुनाह है ??? #CruelMamata #BengalBurning",NOT,NONE,0
hi_hasoc_2021_2591,"@KailashOnline @JPNadda समाज कभी खुद से खड़ा नही होता, नेता समाज को खड़ा करते है। वीरता आपका स्वभाव है तो आप सहज ही वीरता करेंगे ही। पर नही है तो भी कीजिये परिणाम समान मिलेगा। वीरता ओर कायरता अभ्यास से बढ़ती है। जितना अभ्यास करेंगे उतनी बढ़ेगी।  #SpinelessBJP #BengalBurning #BengalViolence",NOT,NONE,0
hi_hasoc_2021_2925,#COVID19 #CovidHelp #coronavirus #COMING_SOON #BjpResponsibleForCoronaInIndia #news #Twitter #कोरोना_हारेगा_भारत_जीतेगा #कोरोनावायरस #jays #ABVP #BJP #Congress #retweet @RSSorg @ChouhanShivraj @narendramodi #ResignModi #ModiKaVaccineJumla retweet jarur kare #1000laik https://t.co/ZDl88iZZKj,NOT,NONE,0
hi_hasoc_2021_2163,साहब को तो हम आप नहीं बचा पाए! मीरान के लिए आवाज़ उठाएं!  इन जाहिलो के भरोसे न रहें।।#MeeranHaider #ReleasePoliticalPrisoners @RJDforIndia #JusticeForShahabuddin,NOT,NONE,0
hi_hasoc_2021_3445,"आज कोई भी ओसामा साहब से मिल के कोई बड़ा पहाड़ नहीं तोर दिए है, क्यूंकि उससे कुछ हुआ भी नहीं, कास अगर यही लोग दो दिन पहले से पहल कर देते तो शायद शहाबुद्दीन साहब बिहार की मिट्टी मे होते #JusticeForShahabuddin",NOT,NONE,0
hi_hasoc_2021_1991,अलविदा शेर-ए-बिहार 😭 #JusticeForShahabuddin,NOT,NONE,0
hi_hasoc_2021_2647,"#पड़ोसियों_पर_सितम_ढाया_जा_रहा_है #कुछ_इस_तरह_अच्छे_दिन_लाया_जा_रहा_है   गोरखपुर के गली मोहल्लों में अवैध असलहों की भरमार है। वहां, 4132 अवैध असलहे मिले हैं, पर कोई कार्रवाई नहीं हुई है। जो मुख्यमंत्री अपना जिला नहीं संभाल सकते हैं, वह प्रदेश क्या संभालेंगे। https://t.co/te34s2WFVx",NOT,NONE,0
hi_hasoc_2021_3430,बिहार के लोगों इन झूठे मक्कार राजनेताओं का चहरा हमेशा याद रखना जब तुम्हारे सामने ये मक्कार वोटों की भीख मांगने आएं तो इन मक्कारों से पूछना कि जिस समय #OsamaShahab अपने बाप के जनाजे के लिए दर-दर की ठोकरें खा रहा था उस समय तुम्हारी ये क़ौम से हमदर्दी कहां थी? #JusticeForShahabuddin https://t.co/DPM3j3rwG2,NOT,NONE,0
hi_hasoc_2021_831,@RahulGandhi वही ले रहे है जहा तुम्हारी सरकार है तुम और तुम्हारी पंजाब राजस्थान सरकार चोर है और चुप रहो तुम तुमको बोलने का कोई हक नही,NOT,NONE,0
hi_hasoc_2021_297,2014 _देश नहीं झुकने_देंगें 2021_भूटान से भी राहत_सामग्री ले लेंगें....मोदी है तो मुमकिन है🤔 #Resignmodi,NOT,NONE,0
hi_hasoc_2021_647,बीजेपी ने दीदी को बस इस लिए नही हराया क्यों की ई वी एम पर सवाल उठ जाता । वर्ना मोदी जी चाहे तो ममता को उनका वोट भी न मिले ।  #ॐशांतिॐ #Resign_PM_Modi #चुनाव_आयोग https://t.co/4M4uye0YdH,NOT,NONE,0
hi_hasoc_2021_3283,@_garrywalia भाजपा की द्वारा 20.000 करोड़ लगा कर और चुनाव आयोग को हाई जेक करकर भी यदि भाजपा बंगाल में चुनाव हार रही हे तो ये फ़क़ीर की व्यक्तिगत हार हे #ResignPMmodi #BengalElection2021 #KhelaHobe,NOT,NONE,0
hi_hasoc_2021_3881,"पूर्व सांसद डॉ.मोहम्मद शहाबुद्दीन ""सुपुर्द ए खाक"" हो गए!  कयादत वाले नेता ट्वीट कर के ""फारिग"" हो गए! RJD सुप्रीमो जश्न मनाने के ""मस्त"" हो गए!  सियासतदान एक बार फिर ""नंगे"" हो गए.!! #JusticeForShahabuddin https://t.co/aZ980kCFHD",NOT,NONE,0
hi_hasoc_2021_5698,"पश्चिम बंगाल में टीएमसी के गुंडों द्वारा हो रही हिंसा को रोकने के लिए राष्ट्रीय अध्यक्ष माननीय श्री @JPNadda जी के दिशा निर्देश प्राप्त हुआ।  बंगाल के प्रत्येक कार्यकर्ताओं की शहादत जाया नहीं जाएगा, हम इस लड़ाई निर्णायक मोड़ तक पहुंचाएंगे।  #BengalBurning #BengalViolence https://t.co/7ljpFSjKFL",NOT,NONE,0
hi_hasoc_2021_632,अलविदा शेर ए सिवान  #JusticeForShahabuddin https://t.co/w0govDYZJx,NOT,NONE,0
hi_hasoc_2021_1965,"@aajtak @chitraaum दो मिनट का मौन उनके लिए भी जिनको बंगाल में चुनावी रैली दिखी ,  कोरोना दिखा किन्तु अब हिंसा , लूट अग्निकांड और महिलाओं को लुटती इज़्ज़त नहीं दिख रहीं 😡😡  #PresidentsRuleinBengal  #BengalBurning  #BengalViolence  #KhooniKhela  #WestBengalViolence",NOT,NONE,0
hi_hasoc_2021_2206,@BJP4India वालों धरना देने से कार्यकर्ताओं की हत्या न रुके तो एक बार चरखा भी चला लेना  #BengalBurning,NOT,NONE,0
hi_hasoc_2021_3038,@kapsology मोदी तुम इस्तीफा दो हम तुम्हारे साथ है #ResignModi  #Resign_PM_Modi  #ModiHataoDeshBachao https://t.co/spsvPTov8W,NOT,NONE,0
hi_hasoc_2021_2609,टाटाने देश  के जनता को कोरोणा से बचाने के लिये विदेशसे ऑक्सिजन के क्रायोजेनीक टॅंकर मंगवाये और चौकीदार का चोर अंबानी फॅमीली के साथ बचने के लिये विदेश भाग गया #CoronaPandemic #CoronaSecondWave #CoronaVaccine #oxigen #Ambani #ModiKaVaccineJumla,NOT,NONE,0
hi_hasoc_2021_449,"आज कल के हालात ऐसे है ।  लाशें ज़्यादा और ज़िंदा कम हैं, दुख ज़्यादा और साँसें कम हैं। भय ज़्यादा और ख़ुशियाँ कम हैं, मन चिन्तित और आँखें नम हैं।  #COVIDSecondWaveInIndia #IndiaCovidCrisis #IndianLivesMatter #CovidInIndia",NOT,NONE,0
hi_hasoc_2021_2921,"लोग #Covid से नहीं Covid के इलाज के अभाव से मर रहें हैं, सर।  देश कब बदलेगा ? 💔 #IndiaCovidCrisis #bedcrisis #OxygenCrisis #medicineCrisis #survivalCrisis https://t.co/3WOefWjuCI",NOT,NONE,0
hi_hasoc_2021_2292,@sanket मोदी तुम इस्तीफा दो हम तुम्हारे साथ है #ResignModi  #Resign_PM_Modi  #ModiHataoDeshBachao https://t.co/spsvPTov8W,NOT,NONE,0
hi_hasoc_2021_3610,समुन्दर तूफानी है लहरें ऊंची हैं  मौसम खतरनाक और मुसाफिर ख़ौफ़ज़दा हैं  जीने की उम्मीद में चल तो रहे हैं  बस एक माझी की दरकार है !  #IndiaCovidCrisis,NOT,NONE,0
hi_hasoc_2021_1088,@ShayarImran वैसे तो लोग ट्वीटर पे आवाज़ बुलंद कर रहे हैं मगर ek शख्स जिसे लोग Imran Pratapgarhi kahti हैं ये शख्स ज़मीन पर भी ओसामा शहाब के साथ खड़े मिले...! इस नाज़ुक हालात में ओसामा शहाब के कंधे से कंधे मिलाना उनके साथ खड़ा होना  सलाम है आप को  🙏🏾 #JusticeForShahabuddin https://t.co/86lJPtSIr9,NOT,NONE,0
hi_hasoc_2021_1948,बंगाल वही भीषण कश्मीरी पंडितों को लगाई गई आग की याद दिलाता है जो अभी तक बुझ नहीं पायी! कुछ तो करना होगा  @KapilMishra_IND  #BengalBurning #Bengalisburning https://t.co/sBJiMi7KUi,NOT,NONE,0
hi_hasoc_2021_4691,@ndtv @SonuSood मोदी तुम इस्तीफा दो हम तुम्हारे साथ है #ResignModi  #Resign_PM_Modi  #ModiHataoDeshBachao https://t.co/spsvPTov8W,NOT,NONE,0
hi_hasoc_2021_5806,अगर अधर्मी बातों और समझाइश से मान जाते तो बांसुरी वाला कभी महाभारत नहीं होने देता । Take a strong action  .. #BengalBurning #BengalViolence #SpinlessBJP @PMOIndia @JPNadda @BJP4India @narendramodi,NOT,NONE,0
hi_hasoc_2021_5752,आज़म खान को जब कुछ हो जाएगा तब क़ौम मिटाने पर प्रवचन देना शुरू कर देगी अभी ज़िंदा है तो आवाज़ उठा दो कम से कम #JusticeForShahabuddin,NOT,NONE,0
hi_hasoc_2021_1616,"“दर्द कहाँ तक पाला जाए, युद्ध कहाँ तक टाला जाए, तू भी है राणा का वंशज, फेंक जहाँ तक भाला जाए”  #BengalBurning",NOT,NONE,0
hi_hasoc_2021_1603,गुजरे हुए वक़्त में हुई गुस्ताखियों को माफ़ करना....   मौजूदा वक़्त में कौन सा ट्वीट आखिरी हो इसका पता नही..!! 😥😥 #ExitModi #COVID19  #IndiaCovidCrisis #ElectionResult,NOT,NONE,0
hi_hasoc_2021_5001,"किसी के मरने के बाद  अगर उसकी सारी गलतियों को भुला दिया जाता, तो हम आज भी हर साल रावण का पुतला नहीं जलाते! 🙏 #AndhBhakt #ModiKaVaccineJumla  #YogiJhootaHai",NOT,NONE,0
hi_hasoc_2021_1763,#राष्ट्रपति_जी_बंगाल_संभालो #PresidentRuleInBengal  #BengalBurning #bengalvoilence https://t.co/vHi8GiNwn5,NOT,NONE,0
hi_hasoc_2021_1523,"आरक्षण खत्म करने के लिए सब बोलेंगे SC ST एक्ट खत्म करने के लिए सब आवाज उठायेंगे , लेकिन ""जाति व्यवस्था "" को खत्म करने के नाम पर सब गूंगे हो जाते हैं इसे कहते हैं दोगला पन,सच बोलने की हिम्मत नहीं हैं , सपना देखते हैं विश्व गुरु बनने का।  @PJkanojia @JoinAmardeep @GYBSONUBHADOHI",NOT,NONE,0
hi_hasoc_2021_1774,@narendramodi Sad yaat rakha jayega modi ji . #Resign_PM_Modi  हम लोगो को vaccine 250 रु में लेंनी पड रही हें और आप अपको नया 1300 करोड का घर चाहीये । वाहह मोदी वाहह #मोदी_इस्तीफा_दो  #Resign_PM_Modi  #CentralVistaProject  @BBCWorld @nytimes  @australian @aajtak https://t.co/JroSOeQeCo,NOT,NONE,0
hi_hasoc_2021_1737,"अलविदा शेर-ए-बिहार…सहाबुद्दीन साहब  अल्लाह आपकी मग़फ़िरत फरमाए, आपको जन्नतुल फिरदौस में आला मकाम अता फरमाए और अहले खाना को सब्र जमील अता फरमाए. 🤲 #JusticeForShahabuddin https://t.co/EgmCEFM4jZ",NOT,NONE,0
hi_hasoc_2021_4031,जय जवान जय किसान कृषि क्षेत्र और स्वास्थ्य क्षेत्र ही तो देश के बचाये हुए है #FarmersProtest #रोहित_सरदाना #RohitSardana #YogiJhootaHai #aajtak #ModiKaVaccineJumla https://t.co/E2MtgDLfQ1,NOT,NONE,0
hi_hasoc_2021_2103,#ModiKaVaccineJumla  फिर से जुमला??,NOT,NONE,0
hi_hasoc_2021_3777,"हमारे मुंह से जो निकले वही #सदाक़त है, हमारे  मुंह  में  तुम्हारी  ज़बान  थोड़ी  है…  #JusticeForShahabuddin https://t.co/pm61op7j7x",NOT,NONE,0
hi_hasoc_2021_3817,@narendramodi @AmitShah  बंगाल को आपकी इस समय बहुत ज़रूरत है। कही देर ना हो जाए। 🙏🙏🙏 #BengalBurning,NOT,NONE,0
hi_hasoc_2021_3581,"अलविदा शेर-ए-बिहार…  अल्लाह आपकी मग़फ़िरत फरमाए, आपको जन्नतुल फिरदौस में आला मकाम अता फरमाए और अहले खाना को सब्र जमील अता फरमाए. 🤲 #JusticeForShahabuddin https://t.co/jKYBQ4SKbA",NOT,NONE,0
hi_hasoc_2021_1225,#BengalBurning #BengalViolence #बंगाल_हिंसा #ArrestMamata,NOT,NONE,0
hi_hasoc_2021_2832,@CMOfficeUP @myogiadityanath माननीय मुख्यमंत्री जी मेरी ग्राम पंचायत गोविंदपुर विकासखंड बल्दीराय जनपद सुल्तानपुर के अंतर्गत गौशाला के लिए आवंटन हुआ है आधा पैसा निकाल लिया गया जानवर छुट्टा घूम रहे हैं,NOT,NONE,0
hi_hasoc_2021_1024,तो फिर दिल्ली क्यू नहीं पहुँचे तुम या तुम्हारी पार्टी का कोई भी बड़ा नेता ओसामा शहाब की मदद करने के लिए  वो बेचारा अकेला दो दिन तक सिस्टम से लढ़ता रहा ओर अंत में हार गया!  #JusticeForShahabuddin https://t.co/YbyWXrG7Le,NOT,NONE,0
hi_hasoc_2021_5972,सोशल मीडिया में मची हलचल के बाद बिहार की राजनीति में भी हलचल मचना शुरु हो गई..  RJD से मुस्लिम नेताओं ने इस्तीफा देना  शुरु कर दिया है..  #JusticeForShahabuddin https://t.co/KvgXtuKLDP,NOT,NONE,0
hi_hasoc_2021_5351,आज अंधेरा है तो कल उजाला भी होगा #JusticeForShahabuddin,NOT,NONE,0
hi_hasoc_2021_3116,टीकाकरण केंद्रों पर खतरा बढ़ाती भीड़   #SocialDistancing #CovidVaccine #COVID19 https://t.co/vnUevL9kBy,NOT,NONE,0
hi_hasoc_2021_744,#किसानों_का_मोदी_को_धोबीपटका #ResignPMmodi https://t.co/PVcvX2u9Yd,NOT,NONE,0
hi_hasoc_2021_1524,"लोकसभा उपचुनावकी चारों सीट पर बीजेपी की हार तमिलनाडु-1,आंध्र प्रदेश-1, कर्नाटक-1,केरल-1 पर उपचुनाव में भाजपा को -0,कांग्रेस-2, अन्य-2 पर विजयी हुए हैं। #ExitModi #MamataBanerjee #ResignPMmodi #sundayvibes #WestBengal #नरेंद्र_मोदी_ग्लोबल_पप्पू #COVID19 #ModiMustResign #KhelaHobe",NOT,NONE,0
hi_hasoc_2021_3141,आवाज़ दो हम सब एक हैं। #JusticeForShahabuddin,NOT,NONE,0
hi_hasoc_2021_1938,अपनी आत्म कथा सुना रहे हैं जुमला महाराज जी !  #ModiKaVaccineJumla #ModiResign #ModiMadeDisaster #ModiMadeDisaster #ModiFailsIndia #ModiResignOrRepeal #ModiGovtSeNaHoPayega #ModiResignOrRepeal #BjpDestroyedIndia #BJPFailsIndia #BjpResponsibleForCoronaInIndia #HitlerModi https://t.co/AWTEVeL4oi,NOT,NONE,0
hi_hasoc_2021_1808,#ElectionResult #SpiritualSunday #BarkhaDutt #ExitModi #JusticeForShahabuddin Nandigram London #IStandWithModi #ResignPMmodi #Vaccine_और_MSP_दो #TNElections2021  #इनको_मिले_परमेश्वर  SSRIANS COVID VOLUNTEERS  Polly Imam Ali कबीर साहेब Satlok  Lord Kabir #VoteCounting  Love Me https://t.co/5eAlg2dgS9,NOT,NONE,0
hi_hasoc_2021_3956,@sambitswaraj @JPNadda हमे नई संसद नही अब हमे नए सांसद चाहिए 🙏🙏🙏 #घोरकलजुग #vista #ResignModi,NOT,NONE,0
hi_hasoc_2021_778,क्या हमारा लोकतंत्र इतना कमजोर है की एक पार्टी के गुंडे दूसरे पार्टी के लोगो को मारते रहे प्रताड़ना करते रहे फिर भी हम कुछ नहीं कर सकते? #BengalBurning #bengalvoilence https://t.co/491B059tB1,NOT,NONE,0
hi_hasoc_2021_2721,#कोरोना_हारेगा_भारत_जीतेगा #ModiJiHaarGaye  #ModiHataoDeshBachao  #ModiResign  #ModiKaVaccineJumla  #BjpDestroyedIndia  #BJPFailsIndia  #BjpResponsibleForCoronaInIndia https://t.co/t2nF1i6DE9,NOT,NONE,0
hi_hasoc_2021_1966,आर्थिक बहिष्कार करो हिंदुओं 👍 #आर्थिक_बहिष्कार #BengalBurning #BengalViolence #MamtaisTerrorist https://t.co/e8wgcu4CzI,NOT,NONE,0
hi_hasoc_2021_402,"@manni_1986 @yaduvanshi322 @ani_digital @ANI Leading 🤓🤓🤓  झारखंड, छत्तीशगढ़, पंजाब, MP+राजस्थान (luck worked) सब हाथ से निकल गए.  Delhi, Bengal मे बड़ी- बड़ी बातें, आंकड़े गिनवाते थे, मिला 🔔  उनकी कमियों को ऐसे ही चुप रह कर छुपाते रहो.... आगे आगे और leading देखने को मिलेगा, अगर यही मौन रवैया रहा तो.",NOT,NONE,0
hi_hasoc_2021_1811,"""वैक्सीन, सामाजिक दूरी बहुत अच्छे से फॉलो करनी होगी. जैसे ही बच्चों की वैक्सीन मंजूर हो, हमको लगवानी चाहिए "": डॉ नीलम मोहन , बाल रोग विशेषज्ञ, मेदांता  #Coronavirus #COVID19 #CovidVaccine https://t.co/warr43rraW",NOT,NONE,0
hi_hasoc_2021_2981,#OPS #BanEVM #पुरानी_पेंशन_बहाल_करो #FarmersProtest #SpeakUpForFarmers #StopPrivatization #ModiMadeDisaster #NPS_भारत_छोड़ो #NPS_QUIT_INDIA #OPS_कर्मचारी_का_अधिकार #NPSनिजीकरणकेख़िलाफ़_इंक़लाब #Vaccine_और_MSP_दो #KisanMazdoorEktaJindabaad #Resign_PM_Modi #COVID19India https://t.co/jC4ni48OcA,NOT,NONE,0
hi_hasoc_2021_810,#OPS #BanEVM #पुरानी_पेंशन_बहाल_करो #FarmersProtest #SpeakUpForFarmers #StopPrivatization #ModiMadeDisaster #NPS_भारत_छोड़ो #NPS_QUIT_INDIA #NPSनिजीकरणभारतछोड़ो #OPS_कर्मचारी_का_अधिकार #NPSनिजीकरणकेख़िलाफ़_इंक़लाब #स्वास्थ्य_क्षेत्र_मे_बजट_बढ़ाओ #Resign_PM_Modi #Vaccine_और_MSP_दो https://t.co/fIAhewDPXQ,NOT,NONE,0
hi_hasoc_2021_1167,पलामू में बना 23 कंटेन्मेंट जोन।  अधिक जानकारी के लिए दिए गए लिंक को क्लिक करे: https://t.co/lkz8168ijP @JharkhandCMO  @BannaGupta76  @MoHFW_INDIA  @prdjharkhand @DrJatashankarC1  @prdpalamu @IprdPalamu #COVID19India #CovidVaccine,NOT,NONE,0
hi_hasoc_2021_284,@ArvindKejriwal आपजी की विस्वस्तरिये स्वस्थ सुविधा का लाभ जानवर भी लेते दिख रहे हैं।।।।आपका काम अत्यंत प्रशंशनीय है सड़क के आवर जानवर आम जनता से भी अधिक खुश हैं By default https://t.co/SdRwRhDOir,NOT,NONE,0
hi_hasoc_2021_3587,"अबू बक्र द्वारा प्रमाणित परंपराएं। अबू बक्र द्वारा प्रमाणित कुछ परंपराएं इस प्रकार हैं: यदि पानी बह रहा है, तो उसमें मृत पाया जाने वाला कोई भी जलीय जानवर हलाल होगा। जो दांत साफ करता है वह अल्लाह को प्रसन्न करता है। अगर कोई शख़्स वुज़ू के साथ हो और फिर खाना खा ले तो",NOT,NONE,0
hi_hasoc_2021_5375,@Rezhasan @deepakpatel_91 मोदी तुम इस्तीफा दो हम तुम्हारे साथ है #ResignModi  #Resign_PM_Modi  #ModiHataoDeshBachao https://t.co/spsvPTov8W,NOT,NONE,0
hi_hasoc_2021_2142,@Rautparody61 मोदी तुम इस्तीफा दो हम तुम्हारे साथ है #ResignModi  #Resign_PM_Modi  #ModiHataoDeshBachao https://t.co/spsvPTov8W,NOT,NONE,0
hi_hasoc_2021_226,डर के मत भागो हथियार उठाओ ये सब कन्वर्टेड लोग जिनके बाप दादा ने डर से धर्म बदल लिया था एक बार बस himaat दिखाओ #BengalBurning #बंगाल_में_राष्ट्रपति_शासन_नहीं_तो_वोट_नही #BengalViolence,NOT,NONE,0
hi_hasoc_2021_1790,@b8MfnArADydGFN9 @Bhagwa_Sherni22 मेरा दिखावे के हिंदू भाइयों से विनम्र विनती है कि अपनी छोटी मानसिकता और फूहड़ शब्दों से दूसरे पंथ या मजहब के लोगों की नजर में सनातन धर्म को बदनाम करना बंद करें  प्लीज अब ठीक है ?,NOT,NONE,0
hi_hasoc_2021_2175,"अलविदा शेर-ए-बिहार…  अल्लाह आपकी मग़फ़िरत फरमाए, आपको जन्नतुल फिरदौस में आला मकाम अता फरमाए और अहले खाना को सब्र जमील अता फरमाए. 🤲 #JusticeForShahabuddin https://t.co/oq7Yh5kCkw",NOT,NONE,0
hi_hasoc_2021_2153,"“दर्द कहाँ तक पाला जाए, युद्ध कहाँ तक टाला जाए, तू भी है राणा का वंशज, फेंक जहाँ तक भाला जाए”  #BengalBurning",NOT,NONE,0
hi_hasoc_2021_4240,मेरे केरल ने कचरे को मिटा दिया है  #India #ResignPMmodi @narendramodi https://t.co/RnhVIHm64c,NOT,NONE,0
hi_hasoc_2021_1027,"देश संकट में हो, तब देश से प्रेम करने वालों और देश पर धोखे से वार करने वालों के चेहरे साफ दिखने लगते हैं। ये वक़्त ऐसा ही है। देश सब देख रहा है।  #ChineseVirus #SaveLife",NOT,NONE,0
hi_hasoc_2021_1824,मनहूस जब भी आता है  कुछ न कुछ बेचने के लिए ही इस महामारी में खरीदने के बजाए बेचने में लगे है दुग्गल साहब #ResignModi #IDBIBank #IndiaNeedsOxygen,NOT,NONE,0
hi_hasoc_2021_904,#BengalBurning  #ममता_की_निर्ममता  @BJP4CGState  @BJYMCGState  @MamataOfficial  @1974pawansai  @AmitSahuBjp https://t.co/qdr8n2CSvr,NOT,NONE,0
hi_hasoc_2021_1727,अब और  नहीं l #राष्ट्रपति_जी_बंगाल_संभालो #BengalBurning  #bengalvoilence,NOT,NONE,0
hi_hasoc_2021_3216,Thank you @patcummins30 ❤❤❤❤🙏🙏🙏 #IndiaCovidCrisis  PM CaReS FuND be like👇 https://t.co/ecXvENaQ18 https://t.co/AebSaYZz0z,NOT,NONE,0
hi_hasoc_2021_3129,@TejYadav14 पहले कहा थे अब बोली निकल रहा है  #JusticeForShahabuddin,NOT,NONE,0
hi_hasoc_2021_2758,केजरीवाल भी #Islamophobia संघी है  ये हर मुसलमान को तस्लीम कर लेना चाइये  पहले मौलाना शाद और अब सहाबुद्दीन साहब #ShameOnKejriwal,NOT,NONE,0
hi_hasoc_2021_257,#किसानों_की_आवाज_राहुल_गांधी एक ओर भी ट्रेंड चला दो के अवैध खनन माफि यो के साथ #अशोक_सरकार  #अवैधखननबंद करने के लिए @CP_Jodhpur @dcpwestjodhpur से गुहार लगाई लेकिन कोई उन पर कार्यवाही नहीं  मुझे लगता है अब #Islamophobia_in_india  में जोधपुर पुलिस  प्रशासन भी साथ दे रही है,NOT,NONE,0
hi_hasoc_2021_2253,करोना की आड़ में कही ये सारी मौतें 5G टेस्टिंग और इसकी रेडिएशन से तो नहीं न हो रही! 🤔  @narendramodi @AmitShah @PMOIndia @RSSorg @BJP4India #RSS #RSSTerrorists #Rss_terrorists #RSS_चीन_से_लड़ो  #Islamophobiainindia #Islamophobia #BJP #bjp4india #NarendraModi,NOT,NONE,0
hi_hasoc_2021_4001,#ModiResign #मोदी_इस्तीफा_दो #indiawantmodiresign #ModiKaVaccineJumla https://t.co/IYW9UZCT3B,NOT,NONE,0
hi_hasoc_2021_3084,राजस्थान में पाबंदियों के बीच बिगड़े कोरोना के हालात  #IndiaCovidCrisis https://t.co/f3JQsJrVte,NOT,NONE,0
hi_hasoc_2021_916,जो शहाबुद्दीन के साथ हैं वो इस ट्वीट को रीट्वीट करें और इस हैसटैग पर ट्वीट करें #JusticeForShahabuddin,NOT,NONE,0
hi_hasoc_2021_3465,शेर _ऐ_बिहार शहाबुद्दीन के दफन के साथ साथ  @@yadavtejashwi अपनी पार्टी का जनाज़ा तय्यार कर लो #JusticeForShahabuddin,NOT,NONE,0
hi_hasoc_2021_5388,आज़म खान साहब का इलाज AIIMS में कराया जाए… शहाबुद्दीन साहब की तरह उन्हें सिस्टम भरोसे नही छोड़ सकते😢🙏 #JusticeForShahabuddin,NOT,NONE,0
hi_hasoc_2021_3238,बंगाल पर अब चिंतन करने की आवश्यकता है क्योंकि चिंता करने से तो चिताएं ही जल रही हैं...😡 #Bengalisburning #BengalBurning #BBMPBedScam https://t.co/gxj5qQhNpD,NOT,NONE,0
hi_hasoc_2021_2780,@ajitanjum @neeleshmisra शायद बंगाल में हार के बाद ग्रह दशा बदल रही है भाजपा की और शायद अब देश के हालत भी बदलें। #ExitModi #ResignModi #ModiHataoDeshBachao https://t.co/YoUUvlfIZI,NOT,NONE,0
hi_hasoc_2021_4471,"कबीर परमेश्वर जी ने अध्यात्म का विधान बताया है। कहा है कि जो स्त्रा भक्ति नहीं करती, वह अगले जन्म में कुतिया का जीवन प्राप्त करके गली-गली भौंकती फिरती है। कोई उसको भोजन का ग्रास भी नहीं डालता।  मानव जीवन में सब भोजन समय पर मिल रहा था। भक्ति न करने से यह दशा होगी। 🙏🙏🙇 https://t.co/9PfZK3EYl8",NOT,NONE,0
hi_hasoc_2021_86,#BengalBurning #BengalViolence #NRC_जल्द_लागू_हो #wesupportkangana https://t.co/DihKW3pANs,NOT,NONE,0
hi_hasoc_2021_5616,जब अज्ञानी ज्ञान समजने को सज्ज ना हो और दृष्टि डालने पर भी तैयार ना हो तो दंड ही दया है।  #BengalViolence #BengalBurning,NOT,NONE,0
hi_hasoc_2021_4237,"इलाज और “ऑक्सीजन” के बिना रोज़ “हज़ारों” लोग मर रहे हैं, इनके लिये भी एक दिन धरने पर बैठ जाओ Nadda जी प्लीज़.🙏 @BJP4India #DelhiRains @JPNadda #BengalBurning #SpinelessBJP #ModiResign",NOT,NONE,0
hi_hasoc_2021_2372,"@BJP4India @JPNadda हाँ हाँ,कड़ी निंदा करके। चुड़िया पेहेन चुके हो या भिजवाए !! #BengalBurning #PresidentRuleInBengal",NOT,NONE,0
hi_hasoc_2021_5627,@OmarAbdullah मोदी तुम इस्तीफा दो हम तुम्हारे साथ है #ResignModi  #Resign_PM_Modi  #ModiHataoDeshBachao https://t.co/spsvPTov8W,NOT,NONE,0
hi_hasoc_2021_2946,@Sandeep_News_24 @shanaullahp @TejYadav14 shram करो तुम लोग कैसी कैसी बाते हो रहीं हैं जाके डूब मरो बिहारी तुम हो नहीं सकते  #JusticeForShahabuddin,NOT,NONE,0
hi_hasoc_2021_2634,जल्द ही सुहागरात भी चौराहे पर मनाना आधुनिकता कहलाएगा जब यही सब आधुनिकता है तो कुत्ते-कुतिया हमसे अधिक आधुनिक हैं । ये फोकटी आधुनिकता ले डूबेगी।क्योंकि फटी जीन्स  में आपको वही लोग नही देखना चाहते जो आपके शुभचिंतक है। बाकी दुनिया तो आपको आपकी बहन बेटियो को नंगा देखना चाहती ही है।,NOT,NONE,0
hi_hasoc_2021_1573,ज्ञान नही वैक्सीन चाहिए....  #ModiKaVaccineJumla   @INCUttarPradesh @abhaypandey04 @pankhuripathak @pradeepjain52 @ShaliniSinghINC https://t.co/q2wsHx0NJ6,NOT,NONE,0
hi_hasoc_2021_36,#justice_for_rupa_tirkey #Justice_for_sarswati_jana #बंगाल_बचाओ_मोदीजी #CruelMamata #BengalBurning #Bengalisburning #BengalViolence #tejasvisurya #TMCTerror #tmcgoons #wednesdaythought #justice_for_rupa_tirkey #Justice_for_sarswati_jana #बंगाल_बचाओ_मोदीजी #CruelMamata #Bengal,NOT,NONE,0
hi_hasoc_2021_1622,तुम्हें तुम्हारी औकात का उस दिन पता चलेगा.. जब लोग तुम पर मिट्टी डाल कर..तुम पर ही झाड़ देंगें.. #JusticeForShahabuddin https://t.co/uX6X0VJ7Cp,NOT,NONE,0
hi_hasoc_2021_3002,@ashoswai @Aakar__Patel मोदी तुम इस्तीफा दो हम तुम्हारे साथ है #ResignModi  #Resign_PM_Modi  #ModiHataoDeshBachao https://t.co/spsvPTov8W,NOT,NONE,0
hi_hasoc_2021_2728,"@shivanshusunny0 @myogioffice @narendramodi @myogiadityanath Modi key kutsit irradey key aagey yogiji pust hain  “हीरे को परखना है तो अंधेरे का इंतज़ार करो, धूप में तो काँच के टुकड़े भी चमकने लगते हैं” Heera hain yogiji or kaanch ka tukda hai modiji #Resign_PM_Modi",NOT,NONE,0
hi_hasoc_2021_1758,"#मऊ -  मुख्तार अंसारी की अवैध करोड़ों की अचल संपत्ति पर प्रशासन की बड़ी कार्रवाई  कई एकड़ भूमि जिला प्रशासन कर रहा है कुर्क, मौके पर कई थानों की फोर्स मौजूद, #दक्षिण_टोला थाना क्षेत्र के #दसईपोखरा के पास जमीन पर हो रही है कार्रवाई",NOT,NONE,0
hi_hasoc_2021_5749,"कभी कभी तो लगता है कि, मोदी चाचा से ज्यादा तो, सोनु सूद और ट्विटर काम कर रहे हैं देश के लिए।  #ResignModi #BjpDestroyedIndia #BJPFailsIndia",NOT,NONE,0
hi_hasoc_2021_540,कोई है जो भाजपा के धरना प्रदर्शन का फायदा बताएगा ❓  #BengalBurning,NOT,NONE,0
hi_hasoc_2021_1456,"हर पाप का अंत निश्चित है।  बंगाल में हिंसा के नंगे नाच और TMC द्वारा भाजपा कार्यकर्ताओं की हत्याओं के खिलाफ सब्जी मार्किट नेहरू नगर में प्रदर्शन किया।  ममता बैनर्जी, भगवान के घर देर है पर अंधेर नही।  #BengalBurning #BengalElection2021 https://t.co/Pn1ivfTIH9",NOT,NONE,0
hi_hasoc_2021_3463,केंद्रीय मंत्री माननीय @VMBJP जी पर बंगाल में टीएमसी के गुंडों ने हमला किया। जब केंद्रीय मंत्री तक पर हमले हो रहे हैं तो आम बंगाली का क्या हाल होगा। शर्म करो @MamataOfficial जी शर्म करो #BengalInFlames #BengalViolence #BengalBurning https://t.co/j5fCnBWSSu,NOT,NONE,0
hi_hasoc_2021_4802,@Ssaniya_ मोदी तुम इस्तीफा दो हम तुम्हारे साथ है #ResignModi  #Resign_PM_Modi  #ModiHataoDeshBachao https://t.co/spsvPTov8W,NOT,NONE,0
hi_hasoc_2021_103,"साम,दाम,दंड,भेद,सारे हथकंडों के बाद भी जब सत्ता ना पाओ तो दंगा कराओ और फिर राष्ट्रपति शासन चिल्लाओ!खिसियानी बिल्ली खंबा नोचे! #ModisCrimeAgainstIndia #ResignPMmodi  #SpinelessBJP #fakenews #COVID19 #BJP #ModiSarkarHiSystemHai #DisinvestmentSCAM #AjitSingh #thursdayvibes #COVID19",NOT,NONE,0
hi_hasoc_2021_171,आखिरकार बंगाल वालों ने हावड़ा ब्रिज बिकने से बचा ही लिया💪 #bangalelection #2May_विश्व_सेवा_दिवस #MamataBanerjee #ModiKaVaccineJumla #BengalElections2021 #Elections2021,NOT,NONE,0
hi_hasoc_2021_1526,घमण्ड था की प्लॉट लेंगे कश्मीर की वादी में.. आज बेड भी नही मिल रहा देश की आबादी में... #ResignModi,NOT,NONE,0
hi_hasoc_2021_3808,गाँधीगिरी सिंड्रोम    #BengalBurning https://t.co/DZv5Ysr01N,NOT,NONE,0
hi_hasoc_2021_2600,उनका काम हो गया. अब भाईचारा गैंग एक्टीवेट हो जयेगी.  #BengalBurning,NOT,NONE,0
hi_hasoc_2021_1803,Everyone to BJP right now! #शुभेंदुअधिकारी #नरेंद्र_मोदी_ग्लोबल_पप्पू #ResignPMmodi https://t.co/0Uf9lValiu,NOT,NONE,0
hi_hasoc_2021_1642,"There is absolutely no greater high than challenging the power structure as a nobody, giving it your all, and winning!  #कृषि_कानून_रद्द_करने_पड़ेंगे #ResignModi #FarmersProtest https://t.co/8OO0hVDd4W",NOT,NONE,0
hi_hasoc_2021_3590,#दोगले_भाजपाई  नाकारा मोदी सरकार की नौटंकी का दंश झेल रहे हैं देशवासी।  #Resign_PM_Modi #ModiMustResign https://t.co/3iSPICpEig,NOT,NONE,0
hi_hasoc_2021_3148,मुर्ख तो जनता को ही बनना है😂 कोई भी banaye! 🤣 https://t.co/gk04r1cmqo,NOT,NONE,0
hi_hasoc_2021_1191,@iSurendraYadav न्यायिक जांच होनी चाहिए  #JusticeForShahabuddin,NOT,NONE,0
hi_hasoc_2021_3675,"आज नम आँखो से शेरे-बिहार रुख़सत, अल्लाह पाक ईनके परिवार को सब्र आता करे                  إِنَّا لِلَّهِ وَإِنَّ إِلَيْهِ رَاجِعُونَ.     #Shahabuddin #JusticeForShahabuddin https://t.co/gnoTHaA3uq",NOT,NONE,0
hi_hasoc_2021_3792,@IzharHussainPa9 #JusticeForShahabuddin  #आजम_खान_की_जान_बचाओ #ResumeflightsIND_KSA,NOT,NONE,0
hi_hasoc_2021_1519,"जो तौर है दुनिया का उसी तौर से बोलो, बहरों का इलाक़ा है ज़रा ज़ोर से बोलो।  #RJDSpeak4Shahabuddin #JusticeForShahabuddin @OsamaShahab_ https://t.co/nOOl6ZTCBo",NOT,NONE,0
hi_hasoc_2021_2477,"मोहम्मद शहाबुद्दीन मामले की सुनवाई दिल्ली हाई कोर्ट में शुरू,  क्या ओसामा शहाब को न्याय मिल पायेगा??  #JusticeForShahabuddin",NOT,NONE,0
hi_hasoc_2021_4572,"@MithileshJMM @HemantSorenJMM @JharkhandCMO जानवर तो शिखा गए, लेकिन",NOT,NONE,0
hi_hasoc_2021_804,Modis strategy is there is no strategy other than to look good. Don't worry his regime re-writes history books  #कृषि_कानून_रद्द_करने_पड़ेंगे #ResignModi #FarmersProtest https://t.co/p4Jik01OZo,NOT,NONE,0
hi_hasoc_2021_435,"आज साफ सफाई के दौरान गलती से TV के सेट टॉप बॉक्स पे सैनिटाइजर स्प्रे कर दिया, तब से TV पे @aajtak ,@republic ,@ZeeNews  @ABPNews @indiatvnews , आदि नहीं आ रहा... क्या करूँ दोस्तों? 🤔🤔🤔 #FakeNews #ThirdWave  #GodiMedia  #BengalBurning  #ModiResignOrRepeal",NOT,NONE,0
hi_hasoc_2021_3423,@HeyILost @ABPNews @BJP4India @PMOIndia @HMOIndia @JPNadda मूर्ख-अंधभक्त को पता नहीं..एक दिन के महाराष्ट्र के मुख्यमंत्री @Dev_Fadnavis ji को बधाइयाँ और शुभकामनाएं..देने बालों को जनता समक्ष रही है..O² की कमी से मरने वालो के परिवार की संवेदनाए एवं तडप दिखाई नहीं देती है..शर्म करो-शर्म करो  मा.श्री@myogiadityanath jiमा.PM के समकक्ष खडे है!,NOT,NONE,0
hi_hasoc_2021_1701,इंदौर पुलिस ने पकड़ी रेमडेसिविर इंजेक्शन की कालाबाजरी करने वाली गैंग #Indore #News #MadhyaPradesh #Covid #Vaccine #NewsUpdate #Remedisivir #CoronaSecondWave #IndiaCovidCrisis   #Gwaliorkhabar   https://t.co/QAHVNy9mFl,NOT,NONE,0
hi_hasoc_2021_2265,"राज्य सरकार के उदासीन रवैए को गंभीरता से लेते हुए अब केंद्र सरकार भी यथोचित कार्यवाही करे। जहां सुरक्षा-बल तक सुरक्षित ना हों वहाँ सामान्य नागरिकों का क्या हाल होगा, यह आसानी से समझा जा सकता है : @MParandeVHP #CruelMamata #BengalBurning  #HindusLivesMatter  #ShameOnMamata",NOT,NONE,0
hi_hasoc_2021_1983,"@Nallabalu1 #ModiResign  #ModiKaVaccineJumla अनगिनत हत्याओं के जुर्म में #आजीवनजेल_जाएगा_तो_मोदी_ही  #आजीवनजेल_जाएगा_तो_मोदी_ही  #आजीवनजेल_जाएगा_तो_मोदी_ही  #आजीवनजेल_जाएगा_तो_मोदी_ही #आजीवनजेल_जाएगा_तो_मोदी_ही  #आजीवनजेल_जाएगा_तो_मोदी_ही  यकीनन यदि परिजनों में बुजदिली, कायरता न हो",NOT,NONE,0
hi_hasoc_2021_2371,यही इलाज है आक्सिजन की कमी दूर करने का । सवाल दबा दो तो जवाब देने की जरूरत नही ।  #ॐशांतिॐ #Resign_PM_Modi  #मोदी_इस्तीफा_दो  #मोदी_है_तो_मुनकिन_है  #BjpDestroyedIndia  #ModiGovtSeNaHoPayega #evm #election #चुनाव_आयोग https://t.co/1WYEYyD807,NOT,NONE,0
hi_hasoc_2021_3745,@Musu_1 @ShahlaTweets @o07SohrabAli @lMohammad_ @Alpanah51 @Drmahera552 @hussain_hrw @TweetsOfIram @ShabinaBano_ @hijaabiqueenn @Nargis_Ansari74 आज ओसामा नहीं हारा ब्लकि हम  हार गयें हैं हमारी वह उम्मीद हार गयी जो हमनें अपनों से की थी... 😢 #JusticeForShahabuddin,NOT,NONE,0
hi_hasoc_2021_5135,"दिल्ली के दरबार में, कौरव का है ज़ोर; लोक्तंत्र की द्रौपदी, रोती नयन निचोर; रोती नयन निचोर नहीं कोई रखवाला; नए भीष्म, द्रोणों ने मुख पर ताला डाला; कह कैदी कविराय, बजेगी रण की भेरी; कोटि-कोटि जनता  न रहेगी बनकर चेरी। #BengalBurning #SpinelessBJP",NOT,NONE,0
hi_hasoc_2021_186,#कोविड़_सेवक_दल  के सदस्य पुरे देश में karona पीड़ित की लिए दिन रात काम कर रही हैं।  आपसे निवेदन है कि जरूरत जरूरतमंदों को तुरंत सहयता के लिए इस #TWEET को RETWEET  🔃 करे जिससे उनको हमारे लोग #HELP कर सके।  🙏  #ModiKaVaccineJumla,NOT,NONE,0
hi_hasoc_2021_5085,@mohdsuleman78 @SPatel_Indian मोदी तुम इस्तीफा दो हम तुम्हारे साथ है #ResignModi  #Resign_PM_Modi  #ModiHataoDeshBachao https://t.co/spsvPTov8W,NOT,NONE,0
hi_hasoc_2021_3479,राजद के नवादा ज़िला अध्यक्ष कमरुल बारी साहब ने राजद से दिया इस्तीफा… #JusticeForShahabuddin https://t.co/MeDGROfDnn @RJDforIndia #JusticeForShahabuddin,NOT,NONE,0
hi_hasoc_2021_3902,#AntiHinduMamata   #Justice_For_Chhabra  BJP IT Cell  #ममता_खूनी_है   #IsupportModi   #राष्ट्रपति_जी_बंगाल_संभालो #CruelMamata #BengalBurning #ModiGovtSeNaHoPayega  #BengalTrustsModi   Agar Aap Ye               To Log Aapko  Nahi Banoge             Ye Bana Denge https://t.co/assGDUAHHl,NOT,NONE,0
hi_hasoc_2021_3605,@TribalArmy @drharshvardhan @narendramodi आपसे ना डाक्टरी जमेगी ना मिनिस्ट्री आप #Ludo खेलिए #ResignHarshvardhan  मोदीजी इस्तीफ़ा दे तो सबको माँगने की ज़रूरत भी नही #Resign_PM_Modi @RSSorg ने कहा कहा से मेरिट वाले लोग लाये है,NOT,NONE,0
hi_hasoc_2021_3495,#CruelMamata #BengalBurning #बंगाल_हिंसा #तुष्टीकरण https://t.co/YAZswfmtng,NOT,NONE,0
hi_hasoc_2021_2480,'जागों हिंदू' या तो 'भागों हिंदू' Choice is yours wake up .. 🙏🏻🇮🇳🚩 #isupportmodi #BJP #Shamemamatabannerjee #tmcgoons #ShameOnMamata #ArrestMamata #BengalBurning #BengalViolence #HindusLivesMatter #राष्ट्रपति_जी_बंगाल_संभालो #BengalTrustsModi #ममता_खूनी_है #AntiHinduMamata https://t.co/JrBXEwS2bh,NOT,NONE,0
hi_hasoc_2021_599,सम्पूर्ण बिहार में 15 मई तक लॉकडाउन लगा! #IndiaCovidCrisis,NOT,NONE,0
hi_hasoc_2021_5044,सरकार के व्यस्त होने का ही नतीजा है ये 👇🏻👇🏻 #IndiaCovidCrisis #IndiansDyingModiEnjoying #Resign_PM_Modi #Corona2ndWave https://t.co/Mc7JKLf0Q3 https://t.co/crHPBNSFSQ,NOT,NONE,0
hi_hasoc_2021_713,"मैं सुप्रीम कोर्ट से प्रश्न करना चाहता हूं कि ,क्या उन्हें बंगाल की हिंसा की खबर नहीं, या इनसे इनका कोई वास्ता नही,save humanity @humanrights1st #SupremeCourt #BengalBurning",NOT,NONE,0
hi_hasoc_2021_2760,कुफ्फार_ओ_मुशरिक ला ऐतबार हैं जब तक मोमिन क़ुरआन के बातो को नही मानेगा धोखा खाएगा! #JusticeForShahabuddin,NOT,NONE,0
hi_hasoc_2021_1789,"@narendramodi @iiscbangalore @iitbombay @iitdelhi हम तीन बहने है प्रेमा ,पूष्पा ,कुसुम देवी.हमारा कोई भाई नहि है. माँ और पिता जी 10 साल पहले मृत्यु हो चुकी है. मेरे पिता की संपति पर शुरेश दूबे (लालगंज जिला मीर्जापुर,उ.प्र.)दबंग है और भावी प्रधान(वसकोप) ने अवैध कब्जा और कागजात है. इंसाफ दो योगी जी हम बहोत प्रताणित किये जा रहे है.",NOT,NONE,0
hi_hasoc_2021_1380,#BengalBurning #बंगाल_हिंसा #justice_for_rupa_tirkey https://t.co/HvhQf8ztX2,NOT,NONE,0
hi_hasoc_2021_335,"@doctorrichabjp @Bhism151 दो मिनट का मौन उनके लिए भी जिनको बंगाल में चुनावी रैली दिखी ,  कोरोना दिखा किन्तु अब हिंसा , लूट अग्निकांड और महिलाओं को लुटती इज़्ज़त नहीं दिख रहीं 😡😡  #PresidentsRuleinBengal  #BengalBurning  #BengalViolence  #KhooniKhela  #WestBengalViolence",NOT,NONE,0
hi_hasoc_2021_4099,"@YogiDevnath2 दो मिनट का मौन उनके लिए भी जिनको बंगाल में चुनावी रैली दिखी ,  कोरोना दिखा किन्तु अब हिंसा , लूट अग्निकांड और महिलाओं को लुटती इज़्ज़त नहीं दिख रहीं 😡😡  #PresidentsRuleinBengal  #BengalBurning  #BengalViolence  #KhooniKhela  #WestBengalViolence",NOT,NONE,0
hi_hasoc_2021_1322,इनमें से सुभाष पार्क के सामने वाला कौन सा sadar hospital है? @dmnalanda @mukul_pankaj #CovidVaccine https://t.co/NaPNG7JNS4,NOT,NONE,0
hi_hasoc_2021_193,बंगाल में बीजेपी आगे  #ResignPMmodi,NOT,NONE,0
hi_hasoc_2021_607,ऐ मेरे वतन आबाद रहे तू....🇳🇪 Unsung heroes on Duty   #लड़ेंगे_जीतेंगे #COVIDSecondWave #CovidIndia #COVID19 #Covid #CovidVaccine #OxygenExpress   @RailMinIndia @PiyushGoyal  @DrKumarVishwas @RubikaLiyaquat @RailwaySeva @anuragvikram009 @mshrikantmishra https://t.co/WMl9ExAXzb,NOT,NONE,0
hi_hasoc_2021_1425,"#GodMorningWednesday  कुष्टी हो संत बंदगी कीजिए। जे हो वैश्या को प्रभु विश्वास, चरण चित दीजिए।। यदि किसी भक्त को कुष्ट रोग है और वह भक्ति करने लगा है तो उससे घृणा न करे। उसको प्रणाम करे। उसका हौंसला बढ़ाना चाहिए। भक्ति करने से उसका जीवन सफल होगा, रोग भी ठीक हो जाएगा।",NOT,NONE,0
hi_hasoc_2021_1331,कितने बेशर्म है मिमटे इसे हँसी आ रही  #JusticeForShahabuddin https://t.co/sryTogzzCO,NOT,NONE,0
hi_hasoc_2021_4147,"कुत्ता-बिल्ली सबकी गिनती, पिछड़ों की क्यों नहीं?- लालू यादव #Bihar #Biharbrekingnews #Biharlatestnews #Biharnews #BiharTodayNews #biharupdate #breakingnews #HAM #LaluYadav #LatestnewsinBihar #latestnewsinhindi #PatnaNews #Todaynews #क #कततबलल #कय #गनत #नह #पछड #यदव #लल #सबक",NOT,NONE,0
hi_hasoc_2021_4883,"तुम ख़ुद तो एक दिन खप जाओगे   झटके में जो काट दिये, वे पेड़ कहाँ से लाओगे !  #VinashakVista #Resignmodi",NOT,NONE,0
hi_hasoc_2021_799,दिल्ली में बैठे साहेब शायद इस बात से भी निश्चिन्त है कि जब @SonuSood जी और @srinivasiyc  ही बीमारी से लड़ ले रहे है तो मैं कम से कम बैंक बेचने पर फोकस कर ही सकता हूँ।   #IDBIBank #ChineseVirus,NOT,NONE,0
hi_hasoc_2021_2374,निर्दोष लोगों की हत्या करना बंद करो @MamataOfficial ! आज त्रिलोकपुरी ईस्ट मंडल में @BJP4India के राष्ट्रीय मंत्री श्री @Sunil_Deodhar जी के मार्गदर्शन में बंगाल में हो रही भाजपा कार्यकर्ताओं की हत्या के विरोध में शांतिपूर्ण प्रदर्शन किया  #BengalBurning  @blsanthosh https://t.co/O6D6fSpEak,NOT,NONE,0
hi_hasoc_2021_170,#JusticeForShahabuddin  Shahabuddin Shahab को #Corona  के मरीजों के साथ इलाज़ के लिए रखा गया। जबकि उनका #Corona report Negative था।  उनकी इलाज़ के लिए #AIIMS में ले जाना चाहिए था। लेकिन DD Hospital में ले जाया गया।  #WeStandWithOsamaShahab  @OsamaShahab_ @yadavtejashwi,NOT,NONE,0
hi_hasoc_2021_1030,रूस ने कोरोना की सिंगल डोज वैक्सीन बनाने में कामयाबी हासिल कर ली है। इस वैक्सीन का नाम है स्पुतनिक लाइट और यह 79.4% असरदार है।  #CovidVaccine  #FightAgainstCOVID19  @MoHFW_INDIA,NOT,NONE,0
hi_hasoc_2021_2662,"@Ketangtweet052 @myogioffice @narendramodi @myogiadityanath Modi key kutsit irradey key aagey yogiji pust hain  “हीरे को परखना है तो अंधेरे का इंतज़ार करो, धूप में तो काँच के टुकड़े भी चमकने लगते हैं” Heera hain yogiji or kaanch ka tukda hai modiji #Resign_PM_Modi",NOT,NONE,0
hi_hasoc_2021_3191,#Resign_PM_Modi  क्यों अपने गुनाहों में मासूम जनता को लपेट रहे हो कबूल करो पश्चाताप करो #RESIGN करो https://t.co/3MaeQ8muFS,NOT,NONE,0
hi_hasoc_2021_625,"जब वैक्सीन ही नहीं है तो वैक्सीनेशन क्यों किया जा रहा है, केंद्र सरकार की लापरवाही का नतीजा है। अभी तक 45 वर्ष से ऊपर वालों को दूसरी वैक्सीन का डोज नहीं मिला है, तो 18 + वालों को वैक्सीन कहां से मिलेगी। #CoronaVaccine  #ModiKaVaccineJumla  @yadavakhilesh @YadavPramod171",NOT,NONE,0
hi_hasoc_2021_2943,"""पूरी दुनिया में मोदीजी का डंका"" (Modi means Business) 👉  #ModiResign #ModiKaVaccineJumla #25सांसद_लापता_है #ModiHataoDeshBachao #IndiaCovidCrisis #ModiMustResign  Smart cities https://t.co/hqJT4l3u9G https://t.co/vUUGUC26JX",NOT,NONE,0
hi_hasoc_2021_1006,#नरेंद्र_मोदी_ग्लोबल_पप्पू #ExitModi  #ModiResign  #ModiKaVaccineJumla  #ModiMustResign  #ModiMadeDisaster  #ModiGovtSeNaHoPayega  #ModiSarkarHiSystemHai  #ModiDisasterForIndia  #नरेंद्र_मोदी_ग्लोबल_पप्पू  #BjpDestroyedIndia  #BjpResponsibleForCoronaInIndia  #ModiFailsIndia,NOT,NONE,0
hi_hasoc_2021_3319,"@hvgoenka काश इन 12 महीनों में मोदी सरकार ने महामारीविदों की बातें सुनकर, तैयारियां की होती, संकट और आपदा प्रबंधन टीम बनाई होती, चिकित्सा अनिवार्य आपूर्ति श्रृंखला और रसद को ठीक किया होता, सही समय पर टीकाकरण की आपूर्ति का आदेश दिया होता, तो आज ये दिन देखने को नहीं मिलता #ModiKaVaccineJumla",NOT,NONE,0
hi_hasoc_2021_2286,हार जीत तो ठीक है मज़े की बात ये है साहब का बांग्लादेश के लिए आंदोलन कर जेल जाना बेकार हो गया 😜🙈  #JusticeForShahabuddin @fatehaliya,NOT,NONE,0
hi_hasoc_2021_693,@ranvijaylive मोदी तुम इस्तीफा दो हम तुम्हारे साथ है #ResignModi  #Resign_PM_Modi  #ModiHataoDeshBachao https://t.co/spsvPTov8W,NOT,NONE,0
hi_hasoc_2021_2322,"@VivekSi35403901 @dmsid1 @CMOfficeUP @UPGovt @InfoDeptUP सभी वर्गों के कम-सिक्षित लोग भ्रमित हैं, अथवा सभी वर्गों के सिक्षित लोग अपने स्तर पर भ्रम दूर करने का प्रयास भी कर रहे हैं, मगर कोरोना काल में कुछ दुष्ट #हिंदू_मुस्लिम_कार्ड खेल रहे हैं, ऐसे तत्त्वों के ख़िलाफ़ सख़्त कार्रवाही कीजिए #Islamophobia_in_india  https://t.co/cR3fjOR9Zm",NOT,NONE,0
hi_hasoc_2021_3929,#30SexyBaekhyunDay लिबासो का शौक़ रखते थे जो कभी  आख़री वक़्त कह न पाए ये कफ़न ठीक नही' #कविता  #हिंदी_शब्द  #देश_ऑक्सीजन_मांगता_है #ममता_का_शपथग्रहण_रोको #BengalBurning,NOT,NONE,0
hi_hasoc_2021_478,#ममता_बनर्जी_हत्याएं_बंद_करो #ममता_की_निमर्मता #ShameOnMamata #राष्ट्रपति_जी_बंगाल_संभालो #राष्ट्रपति_शासन_लागू_हो_बंगाल_में #PresidentsRuleinBengal #BengalBurning #PresidentRuleInBengal #JusticeForBengalBJPKarykarta #BengalBurning #SpinlessBJP https://t.co/mFwRnQLUEl,NOT,NONE,0
hi_hasoc_2021_1531,@sambitswaraj @JPNadda हमे गांधीगिरी वाले मोदी और शाह नही चाहिए  हमे गुजरात वाले मोदी और शाह चाहिए #BengalBurning,NOT,NONE,0
hi_hasoc_2021_2723,"कहीं सत्य और कहीं मिथ्या, कहीं कटुभाषिणी और कहीं प्रियभाषिणी, कहीं हिंसा और कहीं दयालुता, कहीं लोभ और कहीं दान, कहीं अपव्यय करने वाली और कहीं धन सञ्चय करने वाली राजनीति भी वेश्या की भाँति अनेक प्रकार के रूप धारण कर लेती है ।",NOT,NONE,0
hi_hasoc_2021_168,चुनाव खत्म होते ही 18 दिन बाद फिर से डीजल पेट्रोल के दाम बढे #ResignModi #shameongovernment @narendramodi @ArvindKejriwal @ndtv  @dhruv_rathee @ravishkumar1035,NOT,NONE,0
hi_hasoc_2021_4184,जो शहाबुद्दीन के साथ हैं वो इस ट्वीट को रीट्वीट करें और इस हैसटैग पर ट्वीट करें #JusticeForShahabuddin,NOT,NONE,0
hi_hasoc_2021_701,जो शहाबुद्दीन के साथ हैं वो इस ट्वीट को रीट्वीट करें और इस हैसटैग पर ट्वीट करें #JusticeForShahabuddin,NOT,NONE,0
hi_hasoc_2021_3293,@VijayVst0502 इसपे #SupremeCourt  स्वतः संज्ञान क्यों नही लेती है ? @PMOIndia @HMOIndia @rsprasad एक प्रयास सरकार द्वारा शुरू हो ! भारत वर्ष में सनातन धर्म को दान में मिले जमीन की जानकारी जुटाई जाए यदि किसी प्रकार से कोई अवैध कब्जा है तो उसे सरकार की निगरानी में वापस लिया जाए,NOT,NONE,0
hi_hasoc_2021_3820,जैसे कश्मीरी पंडितो को कश्मीर से निकला गया था वैसे ही आज बंगाल से हिंदुओ को निकला जा रहा है आज हिंदुओ को शिव सेना की जरूरत है शिव सेना क्यू चुप है 😞 हम शिव सेना पे भरोसा है❤️ @AUThackeray @ShivSena #BengalBurning #IsupportModi,NOT,NONE,0
hi_hasoc_2021_6043,अब यह तो साफ है कि जब हिंदू बंगाल मैं मर रहे है तब एक भी अपोजिशन पार्टी का न तो आधारिक रूप से कुछ कहा गया न कुछ निंदा की और वही एक दिन पहले एक्टिव थे और लोगो को जीत की बधाई दे रहे थे।  तो फरक साफ है बस नजरिए की जरूरत है। #PresidentsRuleinBengal  #BengalViolence  #BengalBurning,NOT,NONE,0
hi_hasoc_2021_135,"भाड़ में जाओ अपना आसिफ लेकर, यहां क्यों अपना RR कर रहे हो 🙂  #JusticeForAsif",NOT,NONE,0
hi_hasoc_2021_4282,@SanjayBragta @AshishSinghLIVE मोदी तुम इस्तीफा दो हम तुम्हारे साथ है #ResignModi  #Resign_PM_Modi  #ModiHataoDeshBachao https://t.co/spsvPTov8W,NOT,NONE,0
hi_hasoc_2021_223,जो शहाबुद्दीन के साथ हैं वो इस ट्वीट को रीट्वीट करें और इस हैसटैग पर ट्वीट करें #JusticeForShahabuddin,NOT,NONE,0
hi_hasoc_2021_2460,@srinivasiyc #मोदी_से_न_हो_पाएगा  #ModiGovtSeNaHoPayega #ModiKaVaccineJumla #ModiMustResign #ModiHataoDeshBachao #ModiMadeDisaster #ModiAbandonedIndia #modiagainstdelhi #ModiSarkarHiSystemHai,NOT,NONE,0
hi_hasoc_2021_3736,मुझे ऐसा लगता है लालू प्रसाद की रिहाई के पीछे किसी की ज़िंदगी का सौदा हुआ है।  #JusticeForShahabuddin https://t.co/FGNRKOM5gE,NOT,NONE,0
hi_hasoc_2021_420,नाइट्रोजन का नाम ऑक्सिजन रख देते हैं सारी समस्या का समाधान हो जाएगा - यू पी वाला ढोंगी बाबा कहीन 🤔😃  #COVID19India #ResignModi,NOT,NONE,0
hi_hasoc_2021_60,"आज बंगाल, पुडुचेरी, तमिलनाडु, असम और केरला में कोई भी सत्ता जीते उससे कुछ फर्क नहीं पड़ता, क्योंकि देश की जनता की हार हुई है। #BengalResult #ElectionResult #COVIDSecondWaveInIndia #COVIDEmergency #nooxygen #IndiaCovidCrisis #IndiaNeedsOxygen #SaveIndia",NOT,NONE,0
hi_hasoc_2021_1315,"#IndiaCovidCrisis | बच्चों के अस्पताल ने मेडिकल ऑक्सीजन खत्म होने को लेकर लगाई गुहार, AAP राघव चड्ढा ने की मदद https://t.co/4XWZvDTb5l",NOT,NONE,0
hi_hasoc_2021_243,#ModiResign #ModiMustResign #ModiOxygenDo #मोदी_भारत_छोड़ो #ModiKaVaccineJumla #ModiHataoDeshBachao #ModiFailsIndia #BJPFailsIndia #BjpDestroyedIndia https://t.co/BP1GJAjZXG,NOT,NONE,0
hi_hasoc_2021_75,In the period of crisis save your brothers and sisters by donating plasma. #देश_ऑक्सीजन_मांगता_है  #DonatePlasmaSaveLives #FightAgainstCOVID19 #PrayForFarmersVictory #ResignModi https://t.co/cMnVXuyWVL,NOT,NONE,0
hi_hasoc_2021_1086,@ABPNews @romanaisarkhan @manogyaloiwal खेला खत्म होने में और कितनी बंगाली का जान जायेगा  @MamataOfficial #BengalBurning   Muke spectator CM,NOT,NONE,0
hi_hasoc_2021_644,तृणमूल का विजय जश्न क्या लाशों का भंडार है सरेआम हो रही है हिंसा यह लोकतंत्र की हार है  #BengalBurning,NOT,NONE,0
hi_hasoc_2021_1923,चार लोगों की टीम आज बंगाल गयी है ये देखने की क्या माहौल है वहां का अगर उन्हें थोड़ा भी लगा कि हालात बेकाबू हैं तो article 356 पर विचार किया जा सकता है। #BengalViolence #BengalBurning #BengalTrustsModi,NOT,NONE,0
hi_hasoc_2021_1959,"#यथार्थ_कबीर_पंथ  भक्ति करने से उसका जीवन सफल होगा,रोग भी ठीक हो जाएगा।इसी प्रकार किसी वैश्या बेटी-बहन को प्रेरणा बनी है भक्ति करने की, सत्संग में आने की तो उसको परमात्मा पर विश्वास हुआ है।वह सत्संग विचार सुनेगी तो बुराई भी छूट जाएगी KabirprakatDiwas24June https://t.co/IOyro1lk3G",NOT,NONE,0
hi_hasoc_2021_3454,@ZakirAliTyagi   बहुत ही परफेक्ट जबाब... #JusticeForShahabuddin https://t.co/7rTmPMsLU1,NOT,NONE,0
hi_hasoc_2021_2643,@ZeeNews 'बंगाल जैसी हिंसा अगर किसी बीजेपी-शासित राज्य में हुई होती  तो अब तक ये अंतर्राष्ट्रीय मुद्दा बन गया होता।  #BengalBurning,NOT,NONE,0
hi_hasoc_2021_1161,Lockdown से काम नहीं चल रहा है अब तो STEPDOWN करे सरकार! #ResignModi,NOT,NONE,0
hi_hasoc_2021_811,@ArmaanS13738198 @narendramodi #PrayForFarmersVictory  #देश_ऑक्सीजन_मांगता_है #ResignModi #FarmersProtest https://t.co/QiLKtrZOPn,NOT,NONE,0
hi_hasoc_2021_3247,"माननीय मुख्यमंत्री @NitishKumar  जी से अनुरोध है कि इस फूहड़ इंडस्ट्री को कुछ समय के लिए अत्यंत कठोर क्लियरेंस के दायरे में लाएं। वरना ये कलाकार, अपनी कला हग कर हमारी भाषा को इतना दूषित कर देंगे कि आने वाली पीढियां अपने भाषाई अस्मिता के लिए शंर्मिन्दा होगी। https://t.co/WncS3EU4y1",NOT,NONE,0
hi_hasoc_2021_2159,वा बेटा #jack मोज कर दि😂😂 #KanganaRanaut  #ResignModi #KanganaRanaut https://t.co/lIPzBKmdSW,NOT,NONE,0
hi_hasoc_2021_267,सिवान में लालटेन बुझ गया @yadavtejashwi ji #GaddarRJD  #bocottRJD #JusticeForShahabuddin,NOT,NONE,0
hi_hasoc_2021_3753,"बंगाल में राष्ट्रपति शासन के लिए सारा खेल हो रहा है, दिल्ली में भी ऑक्सीजन रोककर यही मंशा है दोनों ही जगह लोग मर रहे है लेकिन मोदी जी और अमित शाह जी इस घिनौने खेल में लगे हुए है। उन्हें जनता की जान की फिक्र नही, सत्ता की फिक्र है। #ModiHataoDeshBachao  #ResignPMmodi  #कंगना_तुम",NOT,NONE,0
hi_hasoc_2021_736,ऐसे वक्त में देश सिर्फ प्रधानमंत्री मोदी ही बचा सकते है   अपना इस्तीफा दे कर #ResignPMmodi #KindAttnPMNarendraModi #बंगाल_चुनाव  #ModiHataoDeshBachao,NOT,NONE,0
hi_hasoc_2021_3027,क्या ये है बीजेपी की सोने की चिड़िया ?#ॐशांतिॐ #Resign_PM_Modi  #मोदी_इस्तीफा_दो  #मोदी_भाषण_रोको_आक्सीजन_नहीं #BjpDestroyedIndia  #ModiGovtSeNaHoPayega  #NoVoteTo_EvilModi https://t.co/Ohk2cNkmxj,NOT,NONE,0
hi_hasoc_2021_4280,@ranvijaylive @puneetsinghlive मोदी तुम इस्तीफा दो हम तुम्हारे साथ है #ResignModi  #Resign_PM_Modi  #ModiHataoDeshBachao https://t.co/spsvPTov8W,NOT,NONE,0
hi_hasoc_2021_2629,लोग ऑक्सीजन की कमी से मर रहे लेकिन PM का लग्जरी बंगला बनना ही चाहिये- #ResignModi,NOT,NONE,0
hi_hasoc_2021_4269,@PunnyBhaiya @common000786 मोदी तुम इस्तीफा दो हम तुम्हारे साथ है #ResignModi  #Resign_PM_Modi  #ModiHataoDeshBachao https://t.co/spsvPTov8W,NOT,NONE,0
hi_hasoc_2021_3311,अलविदा क़ौम के बहादुर शेर #शहाबुद्दीन भाई  अल्लाह आपकी मग़फिरत फरमाये और जन्नतुल फिरदौस में आला से आला मक़ाम अता करे। आमीन सुम्मा आमीन  #JusticeForShahabuddin https://t.co/txfPfdIJpV,NOT,NONE,0
hi_hasoc_2021_5088,"अरे चुप रहो तुम सब~मोदीजी से इतनी जलन क्यों है भाई..?  जीवित लोगों का तो बात ही छोड़ो, मरे हुए लोगों को भी आजकल बिल्कुल मुफ्त में टीका लग रहा है, मोदीजी के गुजरात में।  बड़े आए मोदीजी के विरोध करने वालों......... हुमममममममम #मुर्दा_मोदीजी_के_साथ_हैं 😎",NOT,NONE,0
hi_hasoc_2021_1910,राजद के नवादा ज़िला अध्यक्ष कमरुल बारी साहब ने राजद से दिया इस्तीफा…  और यह भी आरजेडी के हैं जिन्होंने दे दिया इस्तीफा!  #Good_decision  #JusticeForShahabuddin https://t.co/lNA9KLf04H,NOT,NONE,0
hi_hasoc_2021_1299,"ये हिन्दु हरदम बेवजह सजा पाते है महादेव हमारी रक्षा कर , हम अपने परिवार से बहोत प्यार करते है 🙏 #हर__हर_महादेव 🙏🌺 #BengalBurning",NOT,NONE,0
hi_hasoc_2021_1216,"@KatochPushpa आज ‘साहेब’ का TV चैनलों को नया फ़रमान!  • #COVID19 पर चर्चा बंद करो। • #OxygenShortage पर चर्चा बंद करो। • #REMDESIVIR नही हैं, चर्चा बंद करो। • #Tocilizumab नही है, चर्चा बंद करो। • #HospitalBed पर चर्चा बंद करो।  केवल चुनाव पर चर्चा करो। #ModiKaVaccineJumla  #ModiResign",NOT,NONE,0
hi_hasoc_2021_2411,@KhusterK @shanu_sab सुबह से लोग ओसामा साहब की मदद के लिये नेताओं से अपील कर रहे थे इमरान प्रतापगढ़ी @ShayarImran ओसामा साहब के पास पहुंचे यहाँ मैं किसी को अच्छा बुरा नही बना रहा लेकिन आप लोग जब भी इमरान प्रतापगढ़ी के किरदार पे उंगली उठाये तो याद रखियेगा ये बन्दा हाज़िर जवाब है #JusticeForShahabuddin,NOT,NONE,0
hi_hasoc_2021_2582,साहेब कल थे आज बाबू ओसामा है  कल भी हम खड़े थे आज भी खड़े है अल्लाह बाबूको इस मुश्किल वक़्त में सब्र दे-आमीन #JusticeForShahabuddin https://t.co/FJbrTIT8N3,NOT,NONE,0
hi_hasoc_2021_3315,"@RationalPrabal @noranbeatz @rkrai1279 @ArvindKejriwal चलो प्रबल भाई मान ली आपकी बात, एक कमीने और उसकी पार्टी के चक्कर में  किसी भले मानस से क्या बहस करनी!! आपका दिन शुभ हो!!",NOT,NONE,0
hi_hasoc_2021_2895,"#KabirPrakatDiwas24June2021  अगर किसी वेश्या बेटी या बहन ने भक्ति करने की, सत्संग में आने की सोची है, तो उसमें ईश्वर के प्रति आस्था पैदा हो गई है, तो उसे भी विशेष सम्मान से नमस्कार करें ताकि सत्संग में आने में संकोच न हो। अधिक जानकारी के लिए  Satlok Aashram YouTube channel पर vst",NOT,NONE,0
hi_hasoc_2021_5101,मेरा गधा 🤣😂😹 https://t.co/ghn3EdVROq,NOT,NONE,0
hi_hasoc_2021_4983,@AMISHDEVGAN तुमको क्या बोला दलाल?,NOT,NONE,0
hi_hasoc_2021_3198,"ना जानें कितने ""चिरागों"" को मिल गई शोहरत एक ""आफताब"" के बे वक़्त डूब जाने से ।  #JusticeForShahabuddin",NOT,NONE,0
hi_hasoc_2021_2158,"मुँह मै राम बगल मैं छुरी, दिल की बात ज़ुबा पर आ ही जाती है। #COVIDEmergency  #CovidIndia  #IndianLivesMatter  #ModiResign  #vote #ElectionIndia #ModiKaVaccineJumla  #ModiMadeDisaster  #ModiAgainstDelhi  #ModiFailsIndia  #ModiMadness  #AndhBhakt  #OxygenEmergency https://t.co/7oLbBcYnHH",NOT,NONE,0
hi_hasoc_2021_273,"#TMC​ की #ममता_बनर्जी के  #बंगाल​ में लोकतंत्र लहूलूहान ,देखिए कैसे #BJP_कार्यकर्ता अपनी जान की भीख माँग रहे है। ऑडियो हुवा वायरल भाजपा नेता राहुल मिश्रा के पास आया #बंगाल से फोन #BengalBurning #CruelMamata #ममता_की_निर्ममता #hatyari_mamta https://t.co/aIEfvMtPPY",NOT,NONE,0
hi_hasoc_2021_2496,"@IOkv2VYCY8DsQI7 @iingwen वास्तव में, न्याय एक दिन काम करेगा और चीन को उस दिन का भुगतान करना होगा  #WuhanVirus #ChineseVirus #TaiwanIsNotchina",NOT,NONE,0
hi_hasoc_2021_1066,@Dankapati मोदी तुम इस्तीफा दो हम तुम्हारे साथ है #ResignModi  #Resign_PM_Modi  #ModiHataoDeshBachao https://t.co/spsvPTov8W,NOT,NONE,0
hi_hasoc_2021_6020,"@sambitswaraj @MamataOfficial बंगाल में हो रही हत्या, बलात्कार और आगजनी पर नज़र रखता हुआ एक निष्पक्ष पत्रकार..#रवीश_कुमार #BengalBurning @ndtv @ndtvindia @ndtvfeed https://t.co/fhTWKXmBan",NOT,NONE,0
hi_hasoc_2021_3229,कोई कितना भी भक्त बन जायो  आत्म रक्षा तो तुम्हें अपनी खुद ही करनी पड़ेगी  Delhi दंगो में ही देख लिया था bjp को तो  #bangalihindus #SpinelessBJP  #BengalBurning  #bengalhindu,NOT,NONE,0
hi_hasoc_2021_4508,जब टैगोर बनकर कुछ नहीं कर पा रहे हैं तो हिटलर ही बन जाइए वैसे भी सेकुलर लोगों की नजरों में आप हिटलर तो हो ही.  #BengalBurning #अमित_शाह_नींद_से_जागो #BJPSaveYourBengaliSupporters #PresidentsRuleinBengal,NOT,NONE,0
hi_hasoc_2021_1575,"#IndiaCovidCrisis | दिल्ली HC ने केंद्र से कहा, 3 बजे तक बताएं, कितने ऑक्सीजन कॉन्सन्ट्रेटर कस्टम विभाग में अटके हैं https://t.co/z6aSf37W9v",NOT,NONE,0
hi_hasoc_2021_73,"कौन अपना घर मर्ज़ी से छोड़ता है साहब ? #BengalBurning असहाय,बेसहारा और मज़बूरों के आशियाने को उजाड़ने वालों, काल का पहिया घूम रहा है,ईश्वर सबका हिसाब इधर ही करेगा  ऊपर वाले की लाठी हमेशा कुर्सी पर बैठे नफ़रत में डूबे लोगों की लाठी से बहुत भारी होती है। https://t.co/vdQlYM58WG",NOT,NONE,0
hi_hasoc_2021_503,@aflatoon391 मोदी तुम इस्तीफा दो हम तुम्हारे साथ है #ResignModi  #Resign_PM_Modi  #ModiHataoDeshBachao https://t.co/spsvPTov8W,NOT,NONE,0
hi_hasoc_2021_2429,पश्चिम बंगाल में हुई हिंसा को लेकर जयपुर में बीजेपी का विरोध प्रदर्शन #BengalBurning #Rajasthan @Rajendra4BJP @BJP4Rajasthan @DrSatishPoonia @gssjodhpur @VasundharaBJP  https://t.co/AuCZLE9hMq,NOT,NONE,0
hi_hasoc_2021_3669,चितायें जल रही हैं  लेकिन सब मौन हैं कोई बताएगा ज़रा  इस बर्बादी का जिम्मेदार कौन हैं?😔  #ResignModi,NOT,NONE,0
hi_hasoc_2021_3170,"मैं कभी भी मोदी विरोधी हो नहीं सकता,  बस हिंदु भाई बहनों पर अत्याचार देखकर क्षुब्ध था,  मन व्यथित था,  स्वयं पर ग्लानि का अनुभव कर रहा था,  जब मन को शांत किया तब समझ आया कि हमें मोदी जी को कमजोर नहीं पड़ने देना है @narendramodi,  @AmitShah #IsupportModi,  #BengalBurning ,  #Hindu",NOT,NONE,0
hi_hasoc_2021_1128,"जब पेट भरा हो और घर में नोटों का जुगाड़ हो तो कहना बहुत आसान होता है  ""घर में रहो सुरक्षित रहो"" #JusticeForShahabuddin",NOT,NONE,0
hi_hasoc_2021_1296,हमें कुछ नहीं इंसाफ चाहिए #JusticeForShahabuddin,NOT,NONE,0
hi_hasoc_2021_3366,विज्ञापन में 'वैक्सीन' लगवाने की अपील लेकिन वैक्सीन सेंटर में पसरा सन्नाटा! कारण वैक्सीन का टोटा इसलिए एक दिन में सिर्फ 100 को लगी वैक्सीन #Corona #COVIDSecondWave #VaccineForAll #CovidVaccine #MadhyaPradesh https://t.co/0UWUCv9Eun,NOT,NONE,0
hi_hasoc_2021_1464,"लड़ना तो अर्जुन को ही होगा कान्हा इस बार भी हथियार नहीं उठाएगा  हाँ तूं अगर लड़ने के लिए तैयार होगा आके तेरा रथ जरूर चलाएगा  १०० करोड़ हो, १-१पत्थर मारोगे तो हिमालय बन जायेगा  सड़क पे मिलके निकलोगे तो सता छोड़ डायन भाग जायेगी @VHPDigital #BengalBurning #राष्ट्रपति_जी_बंगाल_संभालो",NOT,NONE,0
hi_hasoc_2021_375,कल एहसान जाफरी के साथ कोई नहीं था आज शहाबुद्दीन के साथ कोई नहीं है कल आपके साथ कोई नहीं होगा यह है सेकुलरिज्म #JusticeForShahabuddin,NOT,NONE,0
hi_hasoc_2021_4090,@aajtak @sambitswaraj हमे गांधीगिरी वाले मोदी और शाह नही चाहिए  हमे गुजरात वाले मोदी और शाह चाहिए #BengalBurning,NOT,NONE,0
hi_hasoc_2021_2280,सुन रहा हूँ तेजस्वी यादव दिल्ली में ही है लेकिन फिर भी मरहूम शहाबुद्दीन साहब के अंतिम दर्शन/जनाज़े के लिए नहीं आये। 🤔 दाल में कुछ काला है या पूरी दाल ही काली है #JusticeForShahabuddin  #Speakup4Shahabuddin,NOT,NONE,0
hi_hasoc_2021_3416,अलविदा शेर-ए-बिहार…शहाबुद्दीन साहब  अल्लाह  साहेब को जन्नतुल फिरदौस में आला से आला मकाम अता करे आमीन। 🤲 #JusticeForShahabuddin https://t.co/EkMAAttyaM https://t.co/2BPfYmvfAg,NOT,NONE,0
hi_hasoc_2021_827,"इस्लाम को गाली देने वाले को प्रोटेक्शन और गाली देने वाले को कुछ कहो तो सीधी जेल क्युकी ये भारत देश है, #Islamophobia_In_India  #JusticeForShahabuddin",NOT,NONE,0
hi_hasoc_2021_1267,#KindAttnPMNarendraModi  #coronasecondwaveinindia #ModiMadeDisaster HENCE  #ResignModi    #BJP #RSS LIARS   I WAS SHOUTIN SINCE  CHILDREN'S DEATH IN UP #RSSTerrorists BANNED BY SARDAR PATEL DIDN'T LISTEN   #शेर_नहीं_भेड़िया_पाल_लिया_भक्तो  https://t.co/SikA6IhLkD #MautKaSaudagar https://t.co/Inn0ScHf6W,NOT,NONE,0
hi_hasoc_2021_2373,मोदी की उलटी गिनती शुरू #ModiKaVaccineJumla #चोरपार्टीभाजपा @PMOIndia @narendramodi @mlkhattar,NOT,NONE,0
hi_hasoc_2021_3513,"अलविदा शेर-ए-बिहार…सहाबुद्दीन साहब  अल्लाह आपकी मग़फ़िरत फरमाए, आपको जन्नतुल फिरदौस में आला मकाम अता फरमाए और अहले खाना को सब्र जमील अता फरमाए. 🤲 आमीन #JusticeForShahabuddin https://t.co/LSWAMtrrfw",NOT,NONE,0
hi_hasoc_2021_4193,@JM_Scindia एक कारण बताओ कि टीएमसी दंगा क्यों करेगी??  प्रचंड बहुमत किसको मिला है?   कोई लाजिक ही नहीं है मतलब साफ है कि बीजेपी हार नहीं बर्दाश्त कर पा रही है।पुश्तैनी दंगाई पार्टी है बीजेपी।   #BengalBurning  #BjpDestroyedIndia  #ModiResignOrRepeal https://t.co/n5szTUaTy4,NOT,NONE,0
hi_hasoc_2021_4300,@moneycontrolcom @FT मोदी तुम इस्तीफा दो हम तुम्हारे साथ है #ResignModi  #Resign_PM_Modi  #ModiHataoDeshBachao https://t.co/spsvPTov8W,NOT,NONE,0
hi_hasoc_2021_5639,@WasiuddinSiddi1 @SPatel_Indian मोदी तुम इस्तीफा दो हम तुम्हारे साथ है #ResignModi  #Resign_PM_Modi  #ModiHataoDeshBachao https://t.co/spsvPTov8W,NOT,NONE,0
hi_hasoc_2021_2569,"#सत_भक्ति_संदेश  सतगुरू (तत्वदर्शी सन्त) की शरण में जाकर दीक्षा लेने से सर्व पाप कर्मों के कष्ट दूर हो जाते हैं। फिर न प्रेत बनते, न गधा, न बैल बनते हैं। सत्यलोक की प्राप्ति होती है जहां केवल सुख है, दुःख नहीं है। https://t.co/AnqMhcxA7b",NOT,NONE,0
hi_hasoc_2021_417,#नरेंद्र_मोदी_ग्लोबल_पप्पू #ExitModi #AndhBhakt #ResignPMmodi #FarmersProtest #GodiMedia https://t.co/k65jwvWeWx,NOT,NONE,0
hi_hasoc_2021_1945,"देवी देवताओं को निशाना बनाया जाता है।  इनमें भद्दी पंक्तियों औऱ हास्य से भरे फूहड़ डॉयलॉग्स की भरमार है लेकिन फिर भी ये फिल्में, ये वेबसीरीज़ हिट होती हैं। आप जितना विरोध करेंगे, उतना ही इनको फायदा होगा। आप विरोध नहीं करेंगे तो तो आपके बच्चे अपनी जड़ों से दूर होते चले जाएंगे। 👇",NOT,NONE,0
hi_hasoc_2021_576,@Naseeruddin_sah #कही साहब की मौत में अंडरवर्ल्ड डॉन छोटा राजन का तो हाथ नहीं #JusticeForShahabuddin,NOT,NONE,0
hi_hasoc_2021_666,भगवान के घर देर है अंधेर नही उनकी लाठी का आवाज़ भी नहीं आता है @MamataOfficial  #CruelMamata  #BengalBurning https://t.co/4zczt9tFIU,NOT,NONE,0
hi_hasoc_2021_3422,बंगाल में भाजपा कार्यकर्ताओं पर तृणमूल कांग्रेस (TMC) के लोगों द्वारा किये गए जानलेवा हमलों के खिलाफ आज भारतीय जनता युवा मोर्चा की तरफ से  विरोध प्रदर्शन किया।  #BengalBurning  @IArundev @Vikass_BJP @BJYM4JK https://t.co/rH4ixzk5GT,NOT,NONE,0
hi_hasoc_2021_6081,"बहुजनों  सता,प्रशासन,न्यायपालिका से लेकर ब्यवस्था के हर अंग में अपनी हिस्सेदारी बढ़ाओ.वरना हजार कत्ल करके बरमेश्वर मुखिया जेल से बाहर रहेगा और वीर शहाबुद्दीन जैसे लोग सिर्फ आरोंपों में जेल में सड़ाए जाते रहेंगे.. #JusticeForShahabuddin #JusticeForShahabuddin",NOT,NONE,0
hi_hasoc_2021_1723,मोदी ओ मोदी..  #BengalBurning #BengalViolence,NOT,NONE,0
hi_hasoc_2021_2243,"4. फ़िरोज़ खान मोतीलाल नेहरु के घर पर महंगी विदेशी शराब की आपूर्ति किया करता था! फ़िरोज़ और इंदिरा के बीच प्रेम सम्बन्ध स्थापित हो गए!  महाराष्ट्र के तत्कालीन राज्यपाल डा० श्री प्रकाश ने नेहरू को चेतावनी दी, कि फिरोज खान इंदिरा के साथ अवैध संबंध बना रहा था! फिरोज खान इंग्लैंड",NOT,NONE,0
hi_hasoc_2021_5442,तानाशाह केवल शाहबुद्दीन साहब के शरीर को मार सकते है लेकिन शाहबुद्दीन हमारे दिलो मे अमर है? अलविदा सहाबुद्दीन साहब हमेशा आप  हमारे दिलों में रहेगो #बहुत याद आओगे😭😭😭  #JusticeForShahabuddin https://t.co/eu6ms17gDr,NOT,NONE,0
hi_hasoc_2021_663,हालात बिगड़े नहीं थे हालात तो System ने बिगाड़ दिए!  @narendramodi @AmitShah @PMOIndia @RSSorg @BJP4India #RSS #RSSTerrorists #Rss_terrorists #RSS_चीन_से_लड़ो  #rss_देश_के_दुश्मन_की_दुश्मन  #Islamophobiainindia #Islamophobia #BJP #bjp4india #NarendraModi,NOT,NONE,0
hi_hasoc_2021_1287,वनोजा येथे 50 लाखांचा अवैध रेतीसाठा जप्त https://t.co/vIvqlxfIUf,NOT,NONE,0
hi_hasoc_2021_2899,#ModiKaVaccineJumla #ModiResign #IndiaFightsCorona #PMCaresFund_का_हिसाब_दो #PMDoesNotCare https://t.co/aaYg78xX60,NOT,NONE,0
hi_hasoc_2021_3588,हमने गरीबी से गरीबो की चिताएं जलते देखा सरकार कहती ख़तम हुई घूसखोरी बंद हुआ भ्रस्टाचार बंद हुआ कुछ नहीं बस तरीका बदलते देखा #OxygenShortage #COVID19India #BengalBurning @DrKumarVishwas,NOT,NONE,0
hi_hasoc_2021_3961,@Iamkavitak मोदी तुम इस्तीफा दो हम तुम्हारे साथ है #ResignModi  #Resign_PM_Modi  #ModiHataoDeshBachao https://t.co/spsvPTov8W,NOT,NONE,0
hi_hasoc_2021_4079,एशिया के दो बड़े मुल्क बर्बाद हुए  पहला - चीन गलत खान पान से  दूसरा  - भारत गलत मतदान से   #25सांसद_लापता_है #BengalElections2021 #AatmanirbharBharat #ArvindKejariwal #BrettLee #आजीवनजेल_जाएगा_तो_मोदी_ही #ModiResign #ModiKaVaccineJumla #ModiSarkarHiSystemHai,NOT,NONE,0
hi_hasoc_2021_3999,"अलविदा शेर-ए-बिहार…  अल्लाह आपकी मग़फ़िरत फरमाए, आपको जन्नतुल फिरदौस में आला मकाम अता फरमाए और अहले खाना को सब्र जमील अता फरमाए. 🤲😭😭 सब याद रखा जायेगा सब कुछ याद जायेगा  #JusticeForShahabuddin  @yadavtejashwi @laluprasadrjd https://t.co/DoWaAvHSES",NOT,NONE,0
hi_hasoc_2021_528,बंगाल में हत्याओं का असली सच सुनिए | बीजेपी समर्थकों मौत से भागे-भागे फिर रहे हैं |  Are you listening @narendramodi  @AmitShah  @JPNadda  @myogiadityanath  @BJP4India  @amitmalviya  #BengalBurning #BengalBurning #BurningBengal #Bengal  @UN @UNHumanRights  https://t.co/9vw0Oc1FC0,NOT,NONE,0
hi_hasoc_2021_649,@ndtvindia @MamataOfficial मोदी तुम इस्तीफा दो हम तुम्हारे साथ है #ResignModi  #Resign_PM_Modi  #ModiHataoDeshBachao https://t.co/spsvPTov8W,NOT,NONE,0
hi_hasoc_2021_389,"Coronavirus COVID-19 daily update: भारत में संक्रमित मरीजों का आंकड़ा बढ़कर 2,02,82,833 24 घंटे में 3,57,229 नए केस #COVID19 #CoronaVaccine #CoronaPandemic #IndiaCovidCrisis #IndiaFightsCorona   https://t.co/VTEATV03JK",NOT,NONE,0
hi_hasoc_2021_1512,इन्हे सिर्फ मुसलमानो के वोट चाहिए। इन्हे फर्क भी नही पड़ता उनके साथ क्या हुआ सिर्फ इस्तेमाल करो बस #JusticeForShahabuddin https://t.co/HxsIczXuEg,NOT,NONE,0
hi_hasoc_2021_1606,कौन था शहाबुद्दीन शाहाब ....... @OSahaab  #StandWithOsamaShahab  #JusticeForShahabuddin  #BoycottRJD https://t.co/S7P2DKa5iy,NOT,NONE,0
hi_hasoc_2021_2446,वक्त ने मजबुर कर दिया हमे वरना दिल्ली क्या चीज़ थी #JusticeForShahabuddin https://t.co/kc8nHa8Wz3,NOT,NONE,0
hi_hasoc_2021_1636,"जो व्यक्ति अपनों के साथ नहीं है और उनका नुकसान देखकर खुशी महसूस करते है, वह अपनी व्यक्तिगत इच्छाओं को पूरा करने के अलावा किसी और के लिए मददगार नहीं हो सकते है  और जो लोग इस प्रकार के व्यक्तियों पर विश्वास करते हैं, वे या तो उसी श्रेणी के हैं या मूर्ख।  🌹जय श्री राम🌹  शुभ रात्रि https://t.co/UG77eBsc4F",NOT,NONE,0
hi_hasoc_2021_2487,इस धर्म युद्ध में न भगवान कृष्ण आएँगे और न ही मोदी जी।  तू अर्जुन बन रणभूमि में जा और जिहादियों का खात्मा कर। #BengalBurning https://t.co/gSMxbsSdR8,NOT,NONE,0
hi_hasoc_2021_1793,जब पाकिस्तान के अंदर घुसके आतंकवादियों के सर काट दिए तो अपने ही देश से आतंकवादियों के सर काटने में इतनी देरी क्यों  @narendramodi जी @AmitShah जी #राष्ट्रपति_जी_बंगाल_संभालो #BengalBurning #Bengalisburning #bengalvoilence #ArrestMamata #MamtaisTerrorist,NOT,NONE,0
hi_hasoc_2021_1107,"*पहाड़ का भोटिया कुत्ता* ये नाम जुबां पर आते ही शायद दुनिया की बाकी नस्लों के कुत्ते फीके नजर आने लगी जाते हैं। इनकी गिनती सबसे बुद्धिमान और ताकतवर नस्ल में होती है, जिनकी विशुद्ध प्रजाति उत्तराखंड के उच्च हिमालयी क्षेत्रों में पायी जाती है पर इनकी मिलीजुली प्रजाति निचले https://t.co/EjPu3kxIkb",NOT,NONE,0
hi_hasoc_2021_3126,#ममता_खूनी_है #ArrestMamata  #BengalViolence #BengalBurning https://t.co/sTYymIg5sB,NOT,NONE,0
hi_hasoc_2021_4201,"18-18 घंटे काम का परिणाम सामने है भाई  ना ऑक्सीजन, ना बेड, ना दवाई,  सीधे विदाई।। 😭😭 #ModiKaVaccineJumla",NOT,NONE,0
hi_hasoc_2021_14,@GeneralBakshi हिन्दुओ और भारत को अमीर नहीं बनाना चाहते इसीलिए 👇  पानी की तरह पैसा बहाया जा रहा हे फॉरेन देशो से. पैसे लो और कैसे भी करके हिन्दू धर्म को पागल धर्म बताओ और दंगे विरोध करते रहो. भारत में समस्या खड़ी करो ताकि वो विकास न करे. गरीब ही रखो. #BengalBurning #spinelessBJP #SpinelessBJP,NOT,NONE,0
hi_hasoc_2021_776,#ModiMadeDisaster #ResignModi  #justice_for_rupa_tirkey  #PrayForFarmersVictory  #BengalElection2021 #COVID19  #देश_ऑक्सीजन_मांगता_है https://t.co/irXiah1trE,NOT,NONE,0
hi_hasoc_2021_3652,समय का पहिया हमेशा घूमता है जो आज ये नरसंहार कर रहे हैं शायद कल उन्हें भी झेलना पड़े।।#CruelMamata #BengalBurning  #SpinlessBJP,NOT,NONE,0
hi_hasoc_2021_2498,चुनाव के नतीजे आते ही भाजपा सरकार ने पेट्रोल और डीज़ल महंगा करना शुरू कर दिया है। आज से दाम बढ़े।  #ResignModi   #PetrolDieselPriceHike,NOT,NONE,0
hi_hasoc_2021_2997,"तूफानमें जलती हुई शम्मा हूँ मैं,  हर वक्त से लढ जाए जो वह लम्हा हूँ मैं!  Proud of you our all Corona Warriors who are serving for society!  #COVID19 #CoronaWarriors #IndiaCovidCrisis https://t.co/scuNleyrCf",NOT,NONE,0
hi_hasoc_2021_813,यह कैसी सियासत से मेरे मुल्क पर हावी जिंदो को मैं मुर्दों से जुदा देख रहा हु।।।  #JusticeForShahabuddin,NOT,NONE,0
hi_hasoc_2021_377,@BajpaiDeepak देश को बचाना होगा @narendramodi को जाना होगा #Resign_PM_Modi  #धर्म_के_खाल_में_दानव #ResignPMmodi  #कम्यूनल_कोरोना_के_मरीज #RESIGN  #कालणेमी,NOT,NONE,0
hi_hasoc_2021_628,"हिंसा पर राज्यपाल #जगदीप #धनखड़ मंच पर दी नसीहत,  तो CM #ममता बनर्जी ने दिया जवाब । #BengalBurning  https://t.co/qsHaDDdipN",NOT,NONE,0
hi_hasoc_2021_167,मुरादाबाद कटघर में तीन अवैध निर्माण किए सील बुधवार को मुरादाबाद विकास प्राधिकरण की टीम ने कटघर इलाके में अवैध निर्माण को निशाने पर लेते हुए कार्रवाई की। https://t.co/1bxtJpJ3q9,NOT,NONE,0
hi_hasoc_2021_1255,यह दफ्न का मन्ज़र कहॉं का है  #JusticeForShahabuddin https://t.co/Gid1Cxdfla,NOT,NONE,0
hi_hasoc_2021_851,"देश में कोरोना के अब तक 2 करोड़ से ज्यादा मामले, 24 घंटे में 3.57 लाख नए केस  #IndiaCovidCrisis https://t.co/IRRo6TTLGb",NOT,NONE,0
hi_hasoc_2021_1810,ज़मीर जिंदा है तो लिखो   #JusticeForShahabuddin,NOT,NONE,0
hi_hasoc_2021_3332,@osama_shahab__ अलविदा शेर-ए-बिहार 😭  अल्लाह आपको जन्नतुल फिरदौस में आला मकाम अता फरमाए और अहले खाना को सब्र जमील अता फरमाए. 🤲  #JusticeForShahabuddin,NOT,NONE,0
hi_hasoc_2021_1839,#SuperSpreaderModi #ModiDisasterForIndia  #ResignModi #Resign_PM_Modi  #VaccineRegistration  #cowinregistration #KindAttnPMNarendraModi #किसानों_का_मोदी_को_धोबीपटका   A series of decisions 🤨 https://t.co/tFzpKKXips https://t.co/qASl2NQ3xa,NOT,NONE,0
hi_hasoc_2021_1164,वोट हिंदुओ के चाहिए और विश्वास जीतना है आतंकवादियों का इस दोहरी नीति के कारण हिंदुओ में काफ़ी नाराजगी है #BengalBurning,NOT,NONE,0
hi_hasoc_2021_2465,"साफ-सफाई जिम्मेदारी हमारी, मिलकर हराएंगे कोरोना महामारी।। 2 गज की दूरी, मास्क है जरूरी !  #mask #covidvaccine #BreakTheChain #covidvaccine https://t.co/sO6ycCFZKY",NOT,NONE,0
hi_hasoc_2021_2887,पूछना यह था कि सेकूलर के ठेकेदार लोग इफ्तार पार्टी पार्टी कब दे रहे हैं? #JusticeForShahabuddin,NOT,NONE,0
hi_hasoc_2021_2645,#किसानों_का_मोदी_को_धोबीपटका #FarmersProtest #AndhBhakt #ModiHataoDeshBachao #5MonthsOfFarmersProtest #ModiKaVaccineJumla #KisanBole_NoVoteToModi #ExitModi,NOT,NONE,0
hi_hasoc_2021_2129,अलविदा #Mohammadshahabuddin साहब। #JusticeForShahabuddin  #AimimDemandsJusticeForShahab https://t.co/fKgbUSYhBa,NOT,NONE,0
hi_hasoc_2021_2942,क्या शर्मीला virus है #चीन में #वुहान से बाहर जाता ही नहीं है #WuhanVirus #COVID19India  https://t.co/9yPveY39JC,NOT,NONE,0
hi_hasoc_2021_2026,पश्चिम बंगाल और असम विधानसभा चुनाव परिणामों के बाद बंगाल में जारी हिंसा का तांडव रचने वालों ने साबित कर दिया कि वास्तव में तानाशाह और लोकतांत्रिक नेता कौन है..!! #bengalvoilence  #लोकतंत्र_की_हत्यारी_ममता #BengalBurning https://t.co/Z7EfRDcRZi,NOT,NONE,0
hi_hasoc_2021_3427,"#बंगाल_हिंसा  #बंगाल_कश्मीर_बन_गया  #बंगाल_में_राष्ट्रपति_शासन_हो  #बंगाल_पर_मीडिया_मौन_क्यो  #BengalBurning  #Bengalisburning  #BengalElection2021  #Bengal   The ongoing saga of secularism in India,some lives are less precious.  #HinduGenocideBengal https://t.co/QkA9Idcf5G",NOT,NONE,0
hi_hasoc_2021_3717,#कृषि_कानून_रद्द_करने_पड़ेंगे #कृषि_कानून_रद्द_करने_पड़ेंगे #Resign_PM_Modi #ResignModi #FarmersProtest #BanEVM_SaveDemocracy #Ban_Evm #कृषि_कानून_रद्द_करने_पड़ेंगे https://t.co/f3Ia3QEOUM,NOT,NONE,0
hi_hasoc_2021_735,हम आह भी करते हैं तो हो जाते हैं बदनाम वो कत्लेआम भी करते हैं तो चर्चा नहीं होता 😭😭  #JusticeForShahabuddin https://t.co/mE0QFR5KCu,NOT,NONE,0
hi_hasoc_2021_925,"अरे चुप रहो तुम सब~मोदीजी से इतनी जलन क्यों है भाई..?  जीवित लोगों का तो बात ही छोड़ो, मरे हुए लोगों को भी आजकल बिल्कुल मुफ्त में टीका लग रहा है, मोदीजी के गुजरात में।  बड़े आए मोदीजी के विरोध करने वालों......... हुमममममममम #मुर्दा_मोदीजी_के_साथ_हैं 😎",NOT,NONE,0
hi_hasoc_2021_3866,शहाबुद्दीन के लिए अचानक बड़े डॉक्टरों की टीम कहाँ से और क्यू आई थी?? #JusticeForShahabuddin,NOT,NONE,0
hi_hasoc_2021_2939,ये ख़ामोशी बहुत कुछ कह रहा है #JusticeForShahabuddin https://t.co/uKYgv7C5l2,NOT,NONE,0
hi_hasoc_2021_488,@Someshsingh194 #नींद_से_जागो_अमित_शाह_जी #नारी_तू_नारायणी_है #Justice_for_Saswati_Jana  #BengalBurning  #BengalViolence  #CruelMamata https://t.co/BxutOPoUOw,NOT,NONE,0
hi_hasoc_2021_5915,@MamataOfficial ईस्वर आपको देख रहा है और इसका हिसाब भी जल्द होगा भगवान के घर देर है अंधेर नहीं।।  #बंगाल_हिंसा #BengalBurning https://t.co/3ixpM0rLgw,NOT,NONE,0
hi_hasoc_2021_1020,#OPS #BanEVM #पुरानी_पेंशन_बहाल_करो #FarmersProtest #SpeakUpForFarmers #StopPrivatization #ModiMadeDisaster #NPS_भारत_छोड़ो #NPS_QUIT_INDIA #NPSनिजीकरणभारतछोड़ो #OPS_कर्मचारी_का_अधिकार #NPSनिजीकरणकेख़िलाफ़_इंक़लाब #स्वास्थ्य_क्षेत्र_मे_बजट_बढ़ाओ #Resign_PM_Modi #Vaccine_और_MSP_दो https://t.co/NKfTIqNjO9,NOT,NONE,0
hi_hasoc_2021_557,"@zlj517 @China_Amb_India I am shocked they didn't mention a line (Karam, you have been our worst sufferer) (करम हमारे ख़राब ह भुगत आप रहे ह) #wohanvirus  #chinesevirus",NOT,NONE,0
hi_hasoc_2021_836,#कृषि_कानून_रद्द_करने_पड़ेंगे #FarmersProtest #BjpDestroyedIndia #Resign_PM_Modi #ModiGovtSeNaHoPayega #किसानो_पर_FIR_मत_करो #KissanEktaJindabad https://t.co/UAWDRuPU4B,NOT,NONE,0
hi_hasoc_2021_960,"जितिन द्वारा बीजेपी का प्रसाद खाने के बाद अगर आम जनता अब भी अपने अपने चहेते नेताओं पर आँख बंद करके विश्वाश कर रही है तो यकीन मानिये, हम भारतीय अब भी पाषाण युग में जी रहे हैं.   अब भी सुधर जाओ, नेता किसी का नहीं होता.   अपना काम बनता, भाड़ में जाए जनता.",NOT,NONE,0
hi_hasoc_2021_3781,@Akhtaruliman5 सुबह से लोग ओसामा साहब की मदद के लिये नेताओं से अपील कर रहे थे इमरान प्रतापगढ़ी @ShayarImran ओसामा साहब के पास पहुंचे यहाँ मैं किसी को अच्छा बुरा नही बना रहा लेकिन आप लोग जब भी इमरान प्रतापगढ़ी के किरदार पे उंगली उठाये तो याद रखियेगा ये बन्दा हाज़िर जवाब है #JusticeForShahabuddin,NOT,NONE,0
hi_hasoc_2021_3779,"“लगा के आग शहर को,बादशाह ने कहा उठा है दिल में तमाशे का शौक़ बहुत झुका के सर,सभी शाह-परस्त बोल उठे हुज़ूर का शौक़ सलामत रहे,शहर और बहुत।”  #NarendraModi #Didi #BengalBurning #COVIDSecondWaveInIndia",NOT,NONE,0
hi_hasoc_2021_2623,#ModiKaVaccineJumla #YogiJhootaHai #BJP_MP_MLA_Missing #BjpDestroyedIndia #ModiSarkarHiSystemHai #DM_शैलेश_यादव_सस्पेंड #CovidIndia #रोहित_सरदाना #OxygenShortage #Bangladesh https://t.co/wRQ8GIPlL1,NOT,NONE,0
hi_hasoc_2021_2896,"@hasan_ehtasham2 आज बंगाल, पुडुचेरी, तमिलनाडु, असम और केरला में कोई भी सत्ता जीते उससे कुछ फर्क नहीं पड़ता, क्योंकि देश की जनता की हार हुई है। #BengalResult #ElectionResult #COVIDSecondWaveInIndia #COVIDEmergency #nooxygen #IndiaCovidCrisis #IndiaNeedsOxygen #SaveIndia",NOT,NONE,0
hi_hasoc_2021_432,सहाबुद्दीन कमज़ोर और दबे-कुचले लोगों के लिए सर्वोच्च नेता और नायक थे। उन्हें न्याय मिलना ही चाहिए।  हम उनकी मौत पर जांच चाहते हैं।   क्या आप मेरी बात से सहमत हैं?   #JusticeForShahabuddin,NOT,NONE,0
hi_hasoc_2021_3801,"जो भी #कुत्ता पालने वाले,अपने आप को मॉडर्न और गाय पालने़ वाले को पिछड़ा कहते हैं, ""वो दूध भी #कुतिया का ही पिया करें !   जय श्रीराम।।",NOT,NONE,0
hi_hasoc_2021_519,जब तुम पजामा पहनना सीखे भी नहीं थे तब साहब ने तुम्हारी माँ को ताज पहनाया था भूल गए @yadavtejashwi @TejYadav14 #IStandwithOsamaSahab   #JusticeForShahabuddin,NOT,NONE,0
hi_hasoc_2021_1396,#shahabuddinSahab के बेटे #OsamaSahab के नाम पर कुछ फर्जी ट्विटर ID बनाकर  राजकीय खेल खेलने में लगे हैं उनसे सावधान रहें   #JusticeForShahabuddin https://t.co/F0obsTzi0U,NOT,NONE,0
hi_hasoc_2021_1177,"अलविदा शेर-ए-बिहार…  अल्लाह आपकी मग़फ़िरत फरमाए, आपको जन्नतुल फिरदौस में आला मकाम अता फरमाए और अहले खाना को सब्र जमील अता फरमाए. 🤲😭😭 #JusticeForShahabuddin  #JusticeForShahabuddin",NOT,NONE,0
hi_hasoc_2021_3628,"ये ऐसे फ़र्ज़ी और फूहड़ सीरियल बेन होने चाहिए, क्या सन्देश जाता है ऐसे टीवी सीरियल से समाज मे? ज्यादातर औरते ही देखती है ये सब उनके दिमाग़ मे खचरा भरा जाता है और यही कचरा वो अपने बच्चों को दे देती है. नतीजा पूरा परिवार अंध्विश्वास की और बढ़ता है.😠 https://t.co/pO6DHAuYh3",NOT,NONE,0
hi_hasoc_2021_2399,@Naveen_Kr_Shahi @gupta_pooj #KindAttnPMNarendraModi  #coronasecondwaveinindia #ModiMadeDisaster HENCE  #ResignModi    #BJP #RSS LIARS   I WAS SHOUTIN SINCE  CHILDREN'S DEATH IN UP #RSSTerrorists BANNED BY SARDAR PATEL DIDN'T LISTEN   #शेर_नहीं_भेड़िया_पाल_लिया_भक्तो  https://t.co/SikA6IhLkD #MautKaSaudagar,NOT,NONE,0
hi_hasoc_2021_1507,@Sid97277 @noone__caress @__Sid_ki_Naaz__ @spread_love_12 @naazofshehnaaz @keshavsidnazFan चुप रहो 😭,NOT,NONE,0
hi_hasoc_2021_2109,"""मिले ख़ाक में नौजवान कैसे कैसे  ज़मी खा गई आसमान कैसे कैसे""  #JusticeForShahabuddin https://t.co/rBN197ertn",NOT,NONE,0
hi_hasoc_2021_2084,"सबसे गरीब बीमार आदमी के लिए, सबसे सस्ता डॉक्टर भी बहुत महँगा है।  ~ विनोद कुमार शुक्ल  #COVID19India #COVIDSecondWave #ChineseVirus",NOT,NONE,0
hi_hasoc_2021_2214,"भाई, पूर्ण बहुमत की सरकार क्या गुड़म्बा बनाने के लिए है। @BJP4India  लोगों में बने विश्वास को कमजोर मत होने दीजिए। प्रशासनिक और राजनीतिक हल ढूंढिये। बंगाल में खूनी खेला को रोकिये। #SOS #BengalViolence #BengalBurning #Article356 https://t.co/Ht2OXuzDpc",NOT,NONE,0
hi_hasoc_2021_40,"जब कुर्बानी देने का टाइम आता है  तो सिपाही की दी जाती है,राजा और राजकुमार जिंदा रहते हैं,गद्दी पर बैठने के लिए ।   #JusticeForShahabuddin",NOT,NONE,0
hi_hasoc_2021_4440,"@AMISHDEVGAN बंगाल के कोबरा के पश्चात अब उत्तर प्रदेश में एक कोबरा को शामिल किया गया, परंतु एक कुत्ता इतना खुश क्यो है, इसको तो घर के बाहर ही रहना है और घुंघरू पहन कर नाचना है।",NOT,NONE,0
hi_hasoc_2021_2969,Joker says: बंगाल में रहने वाले चुटिया सेकुलर हिंदु का वोट लेके पार्लिमेंट पहुंचना था https://t.co/IJH8VWo07j,NOT,NONE,0
hi_hasoc_2021_596,"वाह रे लोकतंत्र ! जब सरदाना जो कि कोविड पॉज़िटिव था उसका मृत शरीर उसके घर जा सकता  है तो शाहबुद्दीन साहब जो कि कोविड नेगेटिव होने के बाद भी क्यों अपने घर नही जा सके,,,, संबिधान का इस्तेमाल भी अपने हिसाब से कर लिया रे चड्डिधारियों ?  #JusticeForShahabuddin",NOT,NONE,0
hi_hasoc_2021_3823,Aimim बिहार को थोडा भी दुःख है तो शाहबुद्दीन की वफात की तारीख को हर साल गम में मनाये ताकि लालू और तेजस्वी का गुनाह जाहिर हो @Akhtaruliman5 @asadowaisi @Shaukat_aimim  #JusticeForShahabuddin,NOT,NONE,0
hi_hasoc_2021_122,#BengalBurning   जो बंगाल के बारे में नही बोल पा रहे है उनका ऑक्सीजन लेवल चेक करने की जरूरत नही है वो तो मरे हुए है पहले से ही😠,NOT,NONE,0
hi_hasoc_2021_1463,#OPS #BanEVM #पुरानी_पेंशन_बहाल_करो #FarmersProtest #SpeakUpForFarmers #StopPrivatization #ModiMadeDisaster #NPS_भारत_छोड़ो #NPS_QUIT_INDIA #NPSनिजीकरणभारतछोड़ो #OPS_कर्मचारी_का_अधिकार #NPSनिजीकरणकेख़िलाफ़_इंक़लाब #Resign_PM_Modi #किसान_कार्मिक_संग_संग  #FarmLawsWorstThanCOVID https://t.co/423TWaoNi3,NOT,NONE,0
hi_hasoc_2021_533,बंगाल हिंसा के आरोपों को जूठा साबित करने के लिए @MamataOfficial को सुप्रीम कोर्ट गठित SIT से जांच करवानी चाहिए। ये एक करारा जवाब होगा @narendramodi @AmitShah और @BJP4India @AITCofficial #BengalBurning,NOT,NONE,0
hi_hasoc_2021_2397,@DrSJaishankar I’m shocked to see PRESIDENT XI XING PING’s letter of sympathy to PM @narendramodi does not contain the core line ‘’ गलती हमारी है और  भुगत आप रहे है !!’’  #COVID19  #chinesevirus #ChinaLiedPeopleDied,NOT,NONE,0
hi_hasoc_2021_367,शेर-ए-शिवान अलविदा!!! अल्लाह आपकी मग़फिरत फ़रमाये ओर घर वालो को सब्र ऐ जमील अता फ़रमाये। सब याद रखा जाएगा इंशाल्लाह😥😥😥  #JusticeForShahabuddin  #JusticeForShahabuddin https://t.co/LGp1lgngKf,NOT,NONE,0
hi_hasoc_2021_835,"जिस राज्य में हारते हैं वहां दंगा हो जाता है, सोचो देश हारेंगे तब क्या कराएंगे 😟 #BengalBurning",NOT,NONE,0
hi_hasoc_2021_275,"@narendramodi @AmitShah @PMOIndia वह कार्यकर्ता जो बंगाल में मारे जा रहे हैं,  वह आपकी सत्ता के लिये लड़े थे।  उनके ऋणी हो सभी लोग।  यदि उनके जीवन की रक्षा नहीं कर सकते तो  ईश्वर के ही शब्दों में कायरता का आरोप लगेगा। #IsupportModi #BengalBurning https://t.co/XfGap9tjzI",NOT,NONE,0
hi_hasoc_2021_157,"हिंदू अगर दिल है तो धड़कन मुसलमान होगा, हम सब मिलकर रहें तो मजबूत हमारा भारत होगा! #ModisCrimeAgainstIndia #ModiHaiTohMumkinHai #WhereAreVaccines #ResignPMmodi  #ResignHarshvardhan #WelldoneTwitter #KanganaRanaut #SpinelessBJP #coronavirus #UPPanchayatElections2021  #COVID19",NOT,NONE,0
hi_hasoc_2021_1136,"#Delhi - देशभर में अब तक 16,49,73,058 वैक्सीन डोज़ दी गई हैं, जिनमें पिछले 24 घंटों में दी गई 23,70,298 डोज़ शामिल हैं: सूचना एवं प्रसारण मंत्रालय, भारत सरकार  @MIB_India #CovidVaccine #dainikhint https://t.co/qx01Bet8pN",NOT,NONE,0
hi_hasoc_2021_311,"देश में पिछले 24 घंटे में कोरोना वायरस की 23,70,298 वैक्सीन लगाई गईं, जिसके बाद कुल वैक्सीनेशन का आंकड़ा 16,49,73,058 हुआ। #CovidVaccine @MoHFW_INDIA #dainikhint https://t.co/B0xfE4bt4h",NOT,NONE,0
hi_hasoc_2021_6119,तुम्हारी झूठ की हांडी फूट गयी। #JusticeForShahabuddin https://t.co/ciOBcGvFhO,NOT,NONE,0
hi_hasoc_2021_3284,समुद्र के सामने भी भगवान श्रीराम ने पहले धरना दिया था और उसके बाद धनुष पर प्रत्यंचा भी चढ़ाई।  बिनय न मानत जलधि जड़ गए तीनि दिन बीति। बोले राम सकोप तब भय बिनु होइ न प्रीति॥  #BengalBurning,NOT,NONE,0
hi_hasoc_2021_2369,पहाड़ो में बसे गाँवो के किसान आदिवासीयो के साथ कैसा अन्याय होता है नक्सलवाद की आड़ मे वह मुस्लिम समुदाय के युवा आज समज रहे होंगे  शहर मे MPके बेटे को अपने पिता के अंतिम संस्कार के लिए लड़ना पड़ रहा है तो सोचिए गाँव के आदिवासी किसानों की कोंन सुनता होगा #JusticeForShahabuddin,NOT,NONE,0
hi_hasoc_2021_2105,"दफन होने के बाद @yadavtejashwi तुम्हारी आवाज़ निकल रही है जब से मुंह में दही जमाई हुई थी! लालू यादव की रिहाई की शर्त ""शहाबुद्दीन साहब"" की मौत थी इसीलिए कोई राजद परिवार का नेता ""शहाबुद्दीन साहब"" की मिट्टी में नहीं पहुंचा #JusticeForShahabuddin https://t.co/bKRm5JrPiv",NOT,NONE,0
hi_hasoc_2021_1777,हार जीत तो ठीक है मज़े की बात ये है साहब का बांग्लादेश के लिए आंदोलन कर जेल जाना बेकार हो गया 😜🙈  #JusticeForShahabuddin,NOT,NONE,0
hi_hasoc_2021_206,कोरोना काल में पिंक सिटी प्रेस क्लब की नई पहल || Covid Vaccination Rajasthan || The Aawaz @RajCMO @ashokgehlot51 @RaghusharmaINC @MoHFW_INDIA @INCRajasthan  #CovidVaccine #Rajasthan   https://t.co/i2aKlmTPLe,NOT,NONE,0
hi_hasoc_2021_2307,"@imNoorOwaisi अभी गनीमत है सब्र मेरा अभी लबालब भरा नही हूँ वो मुझको मुर्दा समझ रहा है उसे कहो मैं मरा नही हूँ   #शहाबुद्दीन आप हमेशा अमर रहेंगें लोगों के दिलों में ,😢😭😰👇 #JusticeForShahabuddin https://t.co/HvieIjYy5m",NOT,NONE,0
hi_hasoc_2021_2676,"@BJP4Rajasthan अगर धरना देने से सब सही हो जाता तो..  कुरुक्षेत्र में भी ""श्री कृष्ण"" जी ""अर्जुन"" को यही सलाह देते..। 😡😡😡  #BengalBurning  #BengalViolence  #KhooniKhela  #WestBengalViolence #SaveBengalBJPsupporters  #SaveHindusInBengal",NOT,NONE,0
hi_hasoc_2021_4130,@LokSabhaSectt @ECISVEEP @bcchristopher @joerave @POTUS  @COVIDNewsByMIB @khanumarfa @ndtv @BBCHindi @CedricPrakash  #Resign_PM_Modi नौकर हो मालिक नहीं ये माहाकालेशवर सीखाता है #ModiKaVaccineJumla  #AatmanirbharBharat  🔔 https://t.co/dCO1dtRe9e,NOT,NONE,0
hi_hasoc_2021_2410,नेतृत्व करने के लिए उम्र की नहीं.! साहस और क्षमता की जरूरत होती है..!  #OsamaShahab #JusticeForShahabuddin #ShahabuddinSaheb  @asadowaisi @aimim_national @KhanAmanatullah @ShayarImran #AsifBhaiAjmer https://t.co/p0YJaDA64g,NOT,NONE,0
hi_hasoc_2021_2457,@DineshGada2021 Trending now. #नरेंद्र_मोदी_ग्लोबल_पप्पू_है  #मोदी_भगाओ_देश_बचाओ  #मोदी_इस्तीफा_दो  #ResignModi  #ModiMustResign https://t.co/scBdSUtdb6,NOT,NONE,0
hi_hasoc_2021_3772,शर्म की बात तो ये भी है कि जब कश्मीर हुआ था तब भाजपा सरकार को समर्थन दे रही थी और आज समपर्ण कर चुकी है। #BengalBurning https://t.co/ScHnQ13p5z,NOT,NONE,0
hi_hasoc_2021_3482,कितना है बदनसीब #शाहबुद्दीन दफन के लिए  दो गज जमीं ना मिली अपना कुए ए वतन #सिवान मै  #JusticeForShahabuddin   #JusticeForShahabuddin https://t.co/nuTph71com,NOT,NONE,0
hi_hasoc_2021_1364,"बंगाल में आज हिंदुओं की सामूहिक हत्या, बलात्कार एवं दुर्दशा देखकर नाथूराम गोडसे की मन: स्थिति की कल्पना की जा सकती है #BengalBurning",NOT,NONE,0
hi_hasoc_2021_5282,दिल्ली के बत्रा अस्पताल में ऑक्सीजन की कमी से 12 मरीजों की मौत के लिए जिम्मेदार लोगों पर हत्या का मामला दर्ज हो! #ResignModi #Resign_PM_Modi #BatraHospital,NOT,NONE,0
hi_hasoc_2021_3806,@Imaftab05 @aftabahmed06 @BJP4India @swatantrabjp @SupriyaShrinate #Hindus DYING #HindusLivesMatter   #KindAttnPMNarendraModi  #coronasecondwaveinindia #ModiMadeDisaster #ResignModi    #BJP #RSS LIARS   I WARNED 2 YRS BACK #RSSTerrorists BANNED BY SARDAR PATEL IGNORED  #शेर_नहीं_भेड़िया_पाल_लिया_भक्तो  #MautKaSaudagar,NOT,NONE,0
hi_hasoc_2021_1242,आप सहमत है तो आरटी रुकनी नही चाहीए 👇👇  #JusticeForShahabuddin  #जस्टिस_फॉर_शहाबुद्दीन,NOT,NONE,0
hi_hasoc_2021_2077,#ResignModi देश बचा लीजिए मोदीजी https://t.co/N7YcVwvNXQ,NOT,NONE,0
hi_hasoc_2021_3864,@smritikak @Rezhasan मोदी तुम इस्तीफा दो हम तुम्हारे साथ है #ResignModi  #Resign_PM_Modi  #ModiHataoDeshBachao https://t.co/spsvPTov8W,NOT,NONE,0
hi_hasoc_2021_4174,राजद के नवादा ज़िला अध्यक्ष कमरुल बारी साहब ने राजद से दिया इस्तीफा… #JusticeForShahabuddin @yadavtejashwi @laluprasadrjd @TejYadav14 @pappuyadavjapl @Siwan_Rjd https://t.co/hQaQQ2tMX2,NOT,NONE,0
hi_hasoc_2021_1311,#OPS #BanEVM #पुरानी_पेंशन_बहाल_करो #FarmersProtest #SpeakUpForFarmers #StopPrivatization #ModiMadeDisaster #NPS_भारत_छोड़ो #NPS_QUIT_INDIA #NPSनिजीकरणभारतछोड़ो #OPS_कर्मचारी_का_अधिकार #NPSनिजीकरणकेख़िलाफ़_इंक़लाब #Resign_PM_Modi #किसान_कार्मिक_संग_संग  #देश_ऑक्सीजन_मांगता_है https://t.co/5Ufm7jLJ2C,NOT,NONE,0
hi_hasoc_2021_1166,कुंभकरण को जगाने से क्या फायदा जब पता है  रावण लंका बरबाद करके मानेगा  #रोजगार_नही_तो_सरकार_नही #किसानो_पर_FIR_मत_करो #कृषि_कानून_रद्द_करने_पड़ेंगे #ResignHarshvardhan #नींद_से_जागो_अमित_शाह_जी #FarmersProtest #ExitModi #ResignPMmodi #किसानों_का_मोदी_को_धोबीपटका #didi_o_didi,NOT,NONE,0
hi_hasoc_2021_877,रोहित सरदाना का शव कोविड पॉज़िटिव होने के बावजूद  पैतृक गांव कुरुक्षेत्र भेज दिया जाता है। शहाबुद्दीन साहब की रिपोर्ट नेगेटिव होने के बावजूद भी आखरी दीदार का हक़ परिवार से छीनकर जनाज़ा सिवान नही भेजा जाता। ये है असली इस्लामोफोबिया😡 #Islamophobia_in_india #JusticeForShahabuddin,NOT,NONE,0
hi_hasoc_2021_72,Real face of #CruelMamata  #CruelMamata  का असली चेहरा। क्या कोई जीत का ज़श्न इस तरह मनाता है। #bengalvoilence #BengalBurning https://t.co/sfjn5vVjle,NOT,NONE,0
hi_hasoc_2021_4242,"बंगाल हिंसा का गुजरात में विरोध, प्रदेश अध्यक्ष पाटिल ने किया मौन प्रदर्शन #Bjp #Tmc #CRPatil #BengalBurning #protest https://t.co/dRNX9t6ISy",NOT,NONE,0
hi_hasoc_2021_789,@IamAlok_Verma @MrsGandhi मोदी तुम इस्तीफा दो हम तुम्हारे साथ है #ResignModi  #Resign_PM_Modi  #ModiHataoDeshBachao https://t.co/spsvPTov8W,NOT,NONE,0
hi_hasoc_2021_2132,"ज़माने भर के टैक्स भरने के बाद भी अगर दवाई,इंजेक्शन,ऑक्सीजन की कमी से आपकी मौत हो रही है,तो यकीन मानिये ""आपकी हत्या हो रही है"" !! #ModiKaVaccineJumla  #ModiResign   @darbhanga_rjd @BJP4India",NOT,NONE,0
hi_hasoc_2021_6,#OPS #BanEVM #पुरानी_पेंशन_बहाल_करो #FarmersProtest #SpeakUpForFarmers #StopPrivatization #ModiMadeDisaster #NPS_भारत_छोड़ो #NPS_QUIT_INDIA #NPSनिजीकरणभारतछोड़ो #OPS_कर्मचारी_का_अधिकार #NPSनिजीकरणकेख़िलाफ़_इंक़लाब #स्वास्थ्य_क्षेत्र_मे_बजट_बढ़ाओ #Resign_PM_Modi #Vaccine_और_MSP_दो,NOT,NONE,0
hi_hasoc_2021_4766,@JPNadda यही बाकी रह गया है अब??   #BengalBurning #bangalviolence #ममता_की_निर्ममता #BangalElection2021 https://t.co/0piae9G0el,NOT,NONE,0
hi_hasoc_2021_3604,@pratapgarhpol @Amitkumarpansa2 @myogiadityanath @dmpratapgarh @Uppolice हमारे यन्हा भी महा मूर्ख की कमी नही है इसपर कार्युवाई होनी चाहिए,NOT,NONE,0
hi_hasoc_2021_4495,"@News18India @NayakRagini @AMISHDEVGAN @priyankagandhi @AjayLalluINC जितिन प्रसाद के पिता जी जितेंद्र प्रसाद जो कि एक जनाधार विहीन व्यक्ति थे को कांग्रेस ने वर्षो ढोया है, कभी बिना विभाग का मंत्री बनाकर कभी प्रधानमंत्री का सलाहकार बनाकर। उसके बाद भी अगर उसकी औलाद ऐसा करे तो नमक हरामी ही कही जाएगी।",NOT,NONE,0
hi_hasoc_2021_1344,"ये सब क्या हो रहा है प्रधानमंत्री साहब? आपको बंगाल में राजनीतिक हिंसा के बारे में कुछ जानकारी है या नहीं,चुप क्यों बैठे हो? कांग्रेस सरकार समय में कश्मीर में हिंदुओं की जैसे नर संहार हुआ था,यही बात बंगाल में भी हो रही है।इसीलिए हिंदुओं ने आपको 303 सीट दिए थे क्या ? #BengalBurning https://t.co/OCEV0rwalV",NOT,NONE,0
hi_hasoc_2021_932,#OPS #BanEVM #पुरानी_पेंशन_बहाल_करो #FarmersProtest #SpeakUpForFarmers #StopPrivatization #ModiMadeDisaster #NPS_भारत_छोड़ो #NPS_QUIT_INDIA #OPS_कर्मचारी_का_अधिकार #NPSनिजीकरणकेख़िलाफ़_इंक़लाब #Vaccine_और_MSP_दो #KisanMazdoorEktaJindabaad #Resign_PM_Modi #COVID19India https://t.co/pE0xzHbble,NOT,NONE,0
hi_hasoc_2021_3963,#ModiKaVaccineJumla #ModiResign #IndiaFightsCorona #PMCaresFund_का_हिसाब_दो #PMDoesNotCare https://t.co/q5mqXetaPR,NOT,NONE,0
hi_hasoc_2021_2893,ऐसी सरकार भारत हेर नागरिक इनकी पोलिस पर थूकता है जो ये कहते कि हमने विकास किया विकास किया होता विदेशो से ऑक्सीजन नही मंगवाते मोदी जी अपने कुछ नही आम जनता को अबतक परेशान किया आपकी ऐसी राजनीति पर में थूकते है।  #NDTVTopStories #COVID19India   #ModiKaVaccineJumla #ArvindKejariwal https://t.co/Ui0LHKpp4X,NOT,NONE,0
hi_hasoc_2021_1439,@fayedsouza मोदी तुम इस्तीफा दो हम तुम्हारे साथ है #ResignModi  #Resign_PM_Modi  #ModiHataoDeshBachao https://t.co/spsvPTov8W,NOT,NONE,0
hi_hasoc_2021_1195,2 /2llकहाँ है? सनद रहे कि यही आरजेडी पहले से ही दिल्ली आरजेडी के युवा प्रदेश अध्यक्ष मीरान हैदर की गिरफ्तारी से लेकर रिहाई के मुद्दे पर भी चुप है। सवाल यही कि आप मेरे बुरे समय में मेरे साथ नहीं तो हम आपका झंडा क्यों ढोएं?  @yadavtejashwi  @TejYadav14   #JusticeForShahabuddin,NOT,NONE,0
hi_hasoc_2021_4077,"मरहूम को सुपुर्द-ए-खाक़ कर दिया गया, अल्लाह उन्हें जन्नत उल फिरदौस में जगह दे, ओसामा शहाब को हिम्मत व हौसला दे,, आमीन !! #JusticeForShahabuddin https://t.co/p3R7c64x4y",NOT,NONE,0
hi_hasoc_2021_589,"यूपी और बिहार की जीत का जश्न,   हिन्दू भी अगर मनाए होते,  तो बंगाल के हिन्दू,  आज नरसंहार से चपेटे न गए होते. 🤭🤭  #BengalBurning #Bengalisburning @ANI @PTI_News @BBCHindi @aajtak @IBN7 @ZeeNews @BJP4India @MamataOfficial @laluprasadrjd",NOT,NONE,0
hi_hasoc_2021_1842,"@anuraagmuskaan भाड़ में जाओ , तुमने अपनी आत्मा बेच दी ! अमेरिका की कुल जनसंख्या कितनी है? भारत गणराज्य की कुल जनसंख्या कितनी है , कितने भारतीयों को  मिले है वैक्सीन की पूरी खुराक ? बोले तो मैं एक दलाल था, मैं हूं और रहूंगा! 🐶 मैं कुत्ता बनकर खुश हूं 😁😆😂🤣😇",NOT,NONE,0
hi_hasoc_2021_3184,Must rapeal three laws #Resign_PM_Modi #ResignModi #FarmersProtest #BanEVM_SaveDemocracy #Ban_Evm #कृषि_कानून_रद्द_करने_पड़ेंगे https://t.co/hnQjhBg7RD,NOT,NONE,0
hi_hasoc_2021_1704,यतीमी साथ लाती है ज़माने भर के रंज ओ गम सुना है बाप ज़िंदा हो तो कांटे भी नहीं चुभते  #JusticeForShahabuddin https://t.co/6Re9GjtpJw,NOT,NONE,0
hi_hasoc_2021_645,ममता दीदी ने लेडी कोबरा सांप का रुप लेकर बंगाल को जित्कर तीनो इडियट s को डंक मारा है | वेल डन ममता दीदी मुबारक हो congratulations 🤝💪👍 #ममता_बनर्जी #BengalElection2021 #MamataBanerjee #ResignPMmodi #PMNarendraModi #Bengal #ElectionResults2021 https://t.co/OXUIohFVSN,NOT,NONE,0
hi_hasoc_2021_1592,"@narendramodi @AmitShah @sambitswaraj @JPNadda @gauravbh @DilipGhoshBJP @KailashOnline @RahulSinhaBJP @BJP4India @BJP4Bengal   नेता जी ने आज ""धरना"" दिया लेकिन अगली बार जब आप वोट मांगने जायेंगे तो मुझे डर है कि कहीं कोई आपको दो चार ""धर ना"" दे  #BengalBurning #BengalViolence",NOT,NONE,0
hi_hasoc_2021_3576,@mverdoux @zoo_bear @Tejasvi_Surya #Hindus DYING #HindusLivesMatter   #KindAttnPMNarendraModi  #coronasecondwaveinindia #ModiMadeDisaster #ResignModi    #BJP #RSS LIARS   I WARNED 2 YRS BACK #RSSTerrorists BANNED BY SARDAR PATEL IGNORED  #शेर_नहीं_भेड़िया_पाल_लिया_भक्तो  #MautKaSaudagar,NOT,NONE,0
hi_hasoc_2021_2593,"माफ़ करना मोदी जी और शाह जी😢! समय की माँग शक्तिप्रदर्शन की है, धरना प्रदर्शन की नहीं। #ईट का जवाब पत्थर से! @narendramodi @HMOIndia @AmitShah @KailashOnline @JPNadda @SuvenduWB @SuPriyoBabul @gayacitybihar @gnkiradoo  #bangalviolence #BengalBurning",NOT,NONE,0
hi_hasoc_2021_2560,MSP कानून बनाओ नही तो वापस अपने घर को जाओ #कोरोना_के_आड़_में_देश_गया_भाड़_में #कोरोना_के_आड़_में_देश_गया_भाड़_में #कोरोना_के_आड़_में_देश_गया_भाड़_में #कोरोना_के_आड़_में_देश_गया_भाड़_में #कोरोना_के_आड़_में_देश_गया_भाड़_में #कोरोना_के_आड़_में_देश_गया_भाड़_में,NOT,NONE,0
hi_hasoc_2021_2770,"दिल्ली के गुरुद्वारा रकाब गंज में बना 250 ऑक्सीजन बेड का #COVID केयर सेंटर, बता रहे हैं शरद शर्मा  #IndiaCovidCrisis https://t.co/RMq7jInYJc",NOT,NONE,0
hi_hasoc_2021_6068,ऑस्ट्रेलियाई गेंदबाज को नही मोदी पर भरोसा। पैट कमिंस ने साफ कर दिया है कि वो ये राशि पीएम केयर्स फंड में नहीं बल्कि यूनिसेफ ऑस्ट्रेलिया की भारत कोविड 19 संकट को देंगे। https://t.co/6wXTzINE39 #ModiMadeDisaster #Modi #COVID19India #ResignModi,NOT,NONE,0
hi_hasoc_2021_3296,کتنا ہے بدنصیب ظفر دفن کے لیے دوگز زمیں بھی مل نہ سکی کوئے یار میں !  😰   अल्लाह भाई ओसामा शहाब की शकल में मिल्लत को मर्हूम शहाबुद्दीन का ने'मल बदल नसीब फरमाए ॥  #StandwithOsamaSahab  #JusticeForShahabuddin https://t.co/ZMP9hAFT50,NOT,NONE,0
hi_hasoc_2021_2834,"सरकार और व्यवस्था से अपेक्षा रखना, उनके कार्यों पर सवाल उठाना स्वाभाविक है, आखिर सरकार और व्यवस्था दोनों की जिम्मेदारी है।  क्या सवाल उठाने वालों की कोई जिम्मेदारी नहीं ?? क्या जमाखोरी या कालाबाजारी के लिए जिम्मेदार लोगों पर कोई सवाल नही ?? #IndiaCovidCrisis #IndiaFightsCOVID19",NOT,NONE,0
hi_hasoc_2021_1031,गर्मी का मौसम है कृपया अपने वाहन चलाने से पहले ये जरूर देख ले कि कही कोई जानवर आपकी गाड़ी के नीचे सो तो नही रहे है  #UP_सरकार_वेंटिलेटर_पर  @TANYAGAUTAM_BLA https://t.co/T8n6aN2wBu https://t.co/bpjkkJHFUj,NOT,NONE,0
hi_hasoc_2021_2492,"@KhanAmanatullah कुतिया से बलात्कार, बकरी से बलात्कार, मुरगी से बलात्कार, भोजन में ""थूक"", पानी में ""मुत"" कौन से राक्षस कर रहे है...  और दूसरों को नभक्षि कहते है",NOT,NONE,0
hi_hasoc_2021_2563,हमारे कब्र में पाँव लटके हुऐ है।   #IndianMedicalServices #OxygenShortage  #COVID19 #IndiaCovidCrisis,NOT,NONE,0
hi_hasoc_2021_3009,मैं थूकता हूं ऐसे पार्टी और नेताओं पर  जो अपने ही पार्टी के  नेता के दुख दर्द में साथ नहीं होते हैं #JusticeForShahabuddin,NOT,NONE,0
hi_hasoc_2021_2383,हम ओसामा और उसके परिवार के साथ है।  #कुफ्फार_ला_एतबार #JusticeForShahabuddin,NOT,NONE,0
hi_hasoc_2021_2123,हिम्मत नहीं होता आवाज उठानेकीं एक तानाशाह ही समझ सकता है भूख ताकत और बल की एक समय जला था कश्मीर गुजरात आज वही हालात है बेंगल की एन वारदातों से साबित होता है कीमत कम हो रही है इंसान की।।😪😔🙏 #BengalBurning #BengalViolence,NOT,NONE,0
hi_hasoc_2021_5074,@GURUJI_123 मोदी तुम इस्तीफा दो हम तुम्हारे साथ है #ResignModi  #Resign_PM_Modi  #ModiHataoDeshBachao https://t.co/spsvPTov8W,NOT,NONE,0
hi_hasoc_2021_3301,#OPS #BanEVM #पुरानी_पेंशन_बहाल_करो #FarmersProtest #SpeakUpForFarmers #StopPrivatization #ModiMadeDisaster #NPS_भारत_छोड़ो #NPS_QUIT_INDIA #NPSनिजीकरणभारतछोड़ो #OPS_कर्मचारी_का_अधिकार #NPSनिजीकरणकेख़िलाफ़_इंक़लाब #स्वास्थ्य_क्षेत्र_मे_बजट_बढ़ाओ #Resign_PM_Modi #Vaccine_और_MSP_दो https://t.co/mePTdkPN2P,NOT,NONE,0
hi_hasoc_2021_749,"सन्त मिले सुख ऊपजै दुष्ट मिले दुख होय । सेवा कीजै साधु की, जन्म कृतारथ होय ॥  ~ कबीर #wednesdaythought",NOT,NONE,0
hi_hasoc_2021_82,@DrSantoshvyas1 कब तक हम इनकी हरामी औकात बताएंगे अब इतिहास के किस्से सुनाने की नही बदला हुआ इतिहास लिखने की जरूरत है,NOT,NONE,0
hi_hasoc_2021_2263,चुप रहो विपक्ष राष्ट्रवाद चरम पर है। https://t.co/Ct3QN7sUg1,NOT,NONE,0
hi_hasoc_2021_687,"तुम्हारा जुल्म काफी है हमें बेदार करने को, जो लोहा चोट खाता है वही तलवार बनता है #JusticeForShahabuddin",NOT,NONE,0
hi_hasoc_2021_1101,जब तुम पजामा पहनना सीखे भी नहीं थे तब साहब ने तुम्हारी माँ को ताज पहनाया था भूल गए @yadavtejashwi @TejYadav14 #IStandwithOsamaSahab   #JusticeForShahabuddin  #boycottRJD,NOT,NONE,0
hi_hasoc_2021_249,"""मेरे पास सपने हैं, लेकिन फूहड़ महत्वाकांक्षाएं नहीं हैं। मुझे ज़्यादा कुछ नहीं चाहिए। मैं चाहता हूं कि उम्र पूरी होने तक, मैं चार सुंदर पंक्तियां लिख लूं। जब मैं मरूंगा, वही चार पंक्तियां मुझे कंधा देंगी।""                                 *- Geet Chaturvedi*",NOT,NONE,0
hi_hasoc_2021_849,ज़िंदगी और मौत दोनों से डर रहे है। बंदे में कुछ तो ख़ास बात थी। इसलिए ही लाश देने से डर रहे है। #JusticeForShahabuddin,NOT,NONE,0
hi_hasoc_2021_219,@eNCA #KindAttnPMNarendraModi  #coronasecondwaveinindia #ModiMadeDisaster HENCE  #ResignModi    #BJP #RSS LIARS   I WAS SHOUTIN SINCE  CHILDREN'S DEATH IN UP #RSSTerrorists BANNED BY SARDAR PATEL DIDN'T LISTEN   #शेर_नहीं_भेड़िया_पाल_लिया_भक्तो  https://t.co/SikA6IhLkD #MautKaSaudagar,NOT,NONE,0
hi_hasoc_2021_4094,जब पूर्व सांसद मोहम्मद शाहबुद्दीन की करोना रिपोर्ट नेगेटिव थे तो फिर उनकी इलाज में इतनी लापरवाही क्यों? @SaniaRamzan2  #JusticeForShahabuddin,NOT,NONE,0
hi_hasoc_2021_3431,"ना जानें कितने ""चिरागों"" को मिल गई शोहरत एक ""आफताब"" के बे वक्त डूब जाने से ।  #JusticeForShahabuddin",NOT,NONE,0
hi_hasoc_2021_1749,अफवाह फैलाने का भी नतीजा है #ChineseVirus https://t.co/W0S90H9q8l,NOT,NONE,0
hi_hasoc_2021_1812,"हम आतिशे सोज़ां में भी हक़ बात कहेंगे, कुंदन  की  तरह  दहर  में  ताबिंदा रहेंगे ! तारीख़ बताती है कि हर दौर-ए-सितम में, हम ज़िन्दा थे,हम ज़िन्दा हैं,हम ज़िन्दा रहेंगे ! ~अज्ञात  अलविदा मरहूम शहाबुद्दीन #JusticeForShahabuddin",NOT,NONE,0
hi_hasoc_2021_3655,"@BhainsdehiWale @Dr_Uditraj दोस्तों, आओ हम सब सर्वसम्मति से महान अर्थशास्त्री, धुरंधर वैज्ञानिक, अंतर्राष्ट्रीय किसान, भयंकर सवर्ण-दलित मसीहा #चुदित राज जी को खांग्रेस #अध्यक्ष एवं #पलधानमंतली बनाएं !!🙏 ""सभी #समस्याएं समाप्त"" #उदित_राज_को_अध्यक्ष_बनाओ_बे @Dr_Uditraj  #CovidVaccine https://t.co/HrWBrorcLe",NOT,NONE,0
hi_hasoc_2021_2441,दुनिया के सबसे बड़े और रहस्यमयी जानवर | Mysterious and Biggest Animal in... https://t.co/yPaYqA81kF via @YouTube https://t.co/3eE3wELlrL,NOT,NONE,0
hi_hasoc_2021_839,सोचा याद दिला दूं कि 2015 में मक्का में भगदड़ में जिस बंगाली की जान गई थी उसके परिजनों को ममता बनर्जी ने ₹10 लाख दिए थे। जख्मी हुए लोगों को भी ₹1 लाख मिल गए थे। एक बात और केवल 16 की ही हत्या हुई है अबकी।  #BengalViolence #BengalBurning https://t.co/DpQyYo0U7R,NOT,NONE,0
hi_hasoc_2021_637,यदि किसी को संदेह है तो संदेह दूर करने का दायित्व भी सरकार का ही है।#JusticeForShahabuddin,NOT,NONE,0
hi_hasoc_2021_3382,आक्सीजन की कमी से मरे लोगो के लिए धरना कब दे रहे हैं @vdsharmabjp @drnarottammisra @ChouhanShivraj @JPNadda   #देश_ऑक्सीजन_मांगता_है #ResignModi #ModiMadeDisaster #ModiHataoDeshBachao,NOT,NONE,0
hi_hasoc_2021_506,शिवान वाले आरजेडी को उसकी औकात दिखा दो। भाई ने सुरुवात कर दी है बड़े बड़े नेता कब करेंगे । खैर ये भी गैरत की बात है  #JusticeForShahabuddin https://t.co/kQN7EboqGk,NOT,NONE,0
hi_hasoc_2021_2167,Tejashwi Yadav  तुमने अपना असली दोगला रुप दिखा दिया पर याद रखना तुम्हें इसकी भारी कीमत चुकानी पड़ेगी। #JusticeForShahabuddin https://t.co/L0bkDXqT56,NOT,NONE,0
hi_hasoc_2021_2802,"https://t.co/Q4Mj6z37Ku #BengalElection2021 खत्म हो चुके हैं जिसका परिणाम भी सबके सामने आ चुका है। इसमें #TMC की बड़ी जीत दिखाई दे रही है। #MamtaBanerjee इस बार तीसरी बार #मुख्यमंत्री बनने जा रही हैं, पर इस चुनाव में #ममताबनर्जी अपनी सीट नहीं बचा पायी  #BengalBurning",NOT,NONE,0
hi_hasoc_2021_1312,#BengalTrustsModi  #ममता_खूनी_है     #IsupportModi     #राष्ट्रपति_जी_बंगाल_संभालो #CruelMamata #BengalBurning https://t.co/mcNGTo4Kfx,NOT,NONE,0
hi_hasoc_2021_4232,अलविदा कोम के बहादुर भाई #शहाबुद्दीन   अल्लाह आपकी मग़फिरत फरमाए। आमीन #JusticeForShahabuddin https://t.co/JqhPaGKgHi,NOT,NONE,0
hi_hasoc_2021_6037,"@SatyaHindi @ashutosh83B दो मिनट का मौन उनके लिए भी जिनको बंगाल में चुनावी रैली दिखी ,  कोरोना दिखा किन्तु अब हिंसा , लूट अग्निकांड और महिलाओं को लुटती इज़्ज़त नहीं दिख रहीं 😡😡  #PresidentsRuleinBengal  #BengalBurning  #BengalViolence  #KhooniKhela  #WestBengalViolence",NOT,NONE,0
hi_hasoc_2021_4067,क्या केजरीवाल नारंगी है ?  #JusticeForShahabuddin,NOT,NONE,0
hi_hasoc_2021_3239,जो शहाबुद्दीन के साथ हुआ वो आज़म खान के साथ नहीं होना चाहिए इसलिए आइए हम सब आवाज उठाते हैं #JusticeForShahabuddin,NOT,NONE,0
hi_hasoc_2021_4869,@narendramodi भगवान आपको सद्बुद्धि दे 🙏👐👐👐 #ResignModi #ResignPMmodi #Resign_PM_Modi #ModiKaVaccineJumla https://t.co/QBPVwKTs9L,NOT,NONE,0
hi_hasoc_2021_3460,@yadavtejashwi सोशल मीडिया में मची हलचल के बाद बिहार की राजनीति में भी हलचल मचना शुरु हो गई..  RJD से मुस्लिम नेताओं ने इस्तीफा देना  शुरु कर दिया है..  #JusticeForShahabuddin https://t.co/ACrfdNvkwI,NOT,NONE,0
hi_hasoc_2021_3279,"@raghav__words @OfficeOfBazm 3)अबे ढोंगी ईश्वर ने मुझे वो बुद्धि दी है जिसे एक बार पढ़ लूँ दुबारा पढ़ने की जरुरत नहीं पढ़ती, और अभी भी तेरे जैसे दुष्ट पापी के खिलाफ खड़े हो अपना धर्म निभा रहा हूँ।तूने जो जयपुर पुलिस को tweet किया था अंग्रेजी में 😂 तुझ पर और तेरे टीचर पर केस होना चाहिए तू पास कैसे हुआ 😂😂",NOT,NONE,0
hi_hasoc_2021_3496,"Enough is enough   Thanks for your ""ACCHE DIN"":-[  Now #ResignPMmodi  #NomoreStandWithModi Just #ExitModi   #Vaccine_और_MSP_दो #कोरोना_को_चुनाव_मे_बढ़त https://t.co/iYdpZs92bb",NOT,NONE,0
hi_hasoc_2021_894,"वेश्या व्यवसायावर सिनेमा काढून तो प्रकाशित करायला सेन्सर बोर्ड परवानगी देतो. मात्र, उघडपणे या व्यवसायाला मान्यता नाही..!!!  https://t.co/DL6wMks25q",NOT,NONE,0
hi_hasoc_2021_3312,जो शहाबुद्दीन के साथ हुआ वो आज़म खान के साथ नहीं होना चाहिए इसलिए आइए हम सब आवाज उठाते हैं #JusticeForShahabuddin,NOT,NONE,0
hi_hasoc_2021_4047,"@sakshijoshii अपनों के लिए तो जानवर भी जान दे देता है,  संघर्ष परायों के लिए करते तो जन नेता होते...!",NOT,NONE,0
hi_hasoc_2021_2576,"बंटवारे को रे सेक्युलर,   तू याद जरा सा तो करले,     जब देश बंटा था टुकड़े में,      उसे याद जरा अब तू कर ले, 😢😢😢😢😢😢😢😢😢  जब मानवता का खून बहा था,   पूर्व पश्चिम पाकिस्तान में,     30 लाख हिन्दू सिख्ख कटे थे,       दोनों पाकिस्तान में, 😢 #BengalBurning #zee24ghanta",NOT,NONE,0
hi_hasoc_2021_2924,"अलविदा शेर-ए-बिहार…😥  अल्लाह आपकी मग़फ़िरत फरमाए,  आपको जन्नतुल फिरदौस में आला मकाम अता फरमाए और अहले खाना को सब्र जमील अता फरमाए. 🤲 #JusticeForShahabuddin https://t.co/aVqTkqFYr2",NOT,NONE,0
hi_hasoc_2021_2855,"@TheLallantop दो मिनट का मौन उनके लिए भी जिनको बंगाल में चुनावी रैली दिखी ,  कोरोना दिखा किन्तु अब हिंसा , लूट अग्निकांड और महिलाओं को लुटती इज़्ज़त नहीं दिख रहीं 😡😡  #PresidentsRuleinBengal  #BengalBurning  #BengalViolence  #KhooniKhela  #WestBengalViolence",NOT,NONE,0
hi_hasoc_2021_4463,@JabidKh06510948 @Pathani_ इन्शाल्लाह धोबी का कुत्ता न घर का रहेगा न घाट का,NOT,NONE,0
hi_hasoc_2021_56,@Benarasiyaa @muntaziraapka घमंड बड़ी चीज़ है #IndiaCovidCrisis #IndiaNeedsOxygen #IndiaFightsCOVID19 #ModiKaVaccineJumla #ModiFailsIndia,NOT,NONE,0
hi_hasoc_2021_3408,#आजम_खान_की_जान_बचाओ #JusticeForShahabuddin,NOT,NONE,0
hi_hasoc_2021_2503,"एक तो पहले ही दो चहरे  अब कुदरत का भी क़हर, अब तो सरेआम हर सख्स  नक़ाब मांगते है.... और शियासत हो या हो इश्क़  अब दोनो ही मुक़्क़मल होने को जात मांगते है। #BengalBurning  #COVID19",NOT,NONE,0
hi_hasoc_2021_881,"शुक्रिया @ShayarImran  साहेब शुक्रिया @KhanAmanatullah साहेब ,, इस दुख की घड़ी में ओसामा शहाब का साथ देने के लिए साथ खड़े होने के लिए,,उन लोगों का भी  बहुत शुक्रिया जो दिल्ली में ओसामा के साथ खड़े हुए,,सीवान इस बात को याद रखेगा,, #JusticeForShahabuddin",NOT,NONE,0
hi_hasoc_2021_531,"@SonuSood सोनू सूड सर हैं इसलिए जाने दीया   सलमान, शाहरुख में से कोई होता   तो यह जनता भगवान बना देती उनको 🙏  #AkshayKumar #SonuSoodRealHero #ModiKaVaccineJumla @SonuSood @BeingSalmanKhan @RajatSharmaLive",NOT,NONE,0
hi_hasoc_2021_2047,"""जमीन पर अवैध कब्जा करने वाले कानून की शरण नहीं ले सकते - सुप्रीम कोर्ट""  सुप्रीम कोर्ट के इस फैसले को बचा लो, मजबूत भारत और सनातन के लिए हमें कई ताले खोलने की जरूरत है  खुद से पूछो, ""क्या आप देख सकते हैं कि मोदी ने बिना किसी को गाली दिए हिंदुओं के लिए क्या किया""। https://t.co/lNOlKqKxJk",NOT,NONE,0
hi_hasoc_2021_3543,मुखाल्फत से सब बौखलाएगे | अब सारे आस्तीन के साँप  बिलबिलाएगे | आपका जो होना था हो गया साहेब | आपके दफन के बाद सब सियासतदा रोते हुए नज़र आएगे #JusticeForShahabuddin  @shanu_sab @RJDforIndia @aimim_national,NOT,NONE,0
hi_hasoc_2021_5110,इलाज नहीं दे सकते कम से कम मारो तो मत #स्वास्थ्य_मंत्री_नदारद_है  #AndhBhakt  #ResignModi  #ModiKaVaccineJumla https://t.co/JGupT53GT7,NOT,NONE,0
hi_hasoc_2021_1445,@Khushi9595 मोदी तुम इस्तीफा दो हम तुम्हारे साथ है #ResignModi  #Resign_PM_Modi  #ModiHataoDeshBachao https://t.co/spsvPTov8W,NOT,NONE,0
hi_hasoc_2021_1403,@myogiadityanath उत्तरप्रदेश की हक़ीक़त बयान करते हुए देश की बेटी #ModiResign #modiMustResign #ResignPMmodi #ModiGovtSeNaHoPayega #ModiAbandonedIndia #ModiSarkarHiSystemHai #HappyBirthdayRohit #ModiKaVaccineJumla #DCvsKKR  #YogiAdityanath #DM_शैलेश_यादव_सस्पेंड  #OxygenShortage https://t.co/Ywsf9jwRV8,NOT,NONE,0
hi_hasoc_2021_4769,इंसाफ़ के पर्दे में ये क्या ज़ुल्म है यारों देते हो सज़ा और ख़ता और ही कुछ है  #JusticeForShahabuddin https://t.co/HdOIbW4uUy,NOT,NONE,0
hi_hasoc_2021_2704,@yadavtejashwi @sardanarohit कोरोना पॉजिटिव था उसको अपने गाव कुरूक्षेत्र ले जाया गया और डॉ मोहम्मद शहाबुद्दीन साहब नेगेटिव थे तो उनको दिल्ली का कब्रिस्तान वो भी दिल्ली @ArvindKejriwal Govt और प्रशासन ने अपने मर्ज़ी से दिया? कितना मुश्किल है इस मुल्क में मुसलमान होना😥  #JusticeForShahabuddin,NOT,NONE,0
hi_hasoc_2021_2306,"हर दिन हाई लेवल की मीटिंग होती है, पर नतीजा शून्य! #ModisCrimeAgainstIndia #WhereAreVaccines #MamataBanerjee #ResignPMmodi  #WhereAreVaccines #ResignHarshvardhan #WestBengalPolls #ModiMustResign #COVID19 #KindAttnPMNarendraModi #ResignHarshvardhan #tuesdayvibe #tuesdaymotivations https://t.co/XYV9cZTiv0",NOT,NONE,0
hi_hasoc_2021_1823,चुनाव के नतीजे आते ही भाजपा सरकार ने पेट्रोल और डीज़ल महंगा करना शुरू कर दिया है। आज से दाम बढ़े।  #ResignModi   #PetrolDieselPriceHike,NOT,NONE,0
hi_hasoc_2021_1677,"मरहूम को सुपर्द ए खाक कर दिया गया, अल्लाह शहाबुद्दीन साहब को जन्नत उल फिरदौस में जगह दे, ओसामा शहाब को हिम्मत व हौसला दे…🤲 #ShahabuddinSaheb  #JusticeForShahabuddin https://t.co/2lReg6qYVB",NOT,NONE,0
hi_hasoc_2021_34,"@thakurbjpdelhi दोस्तों, आओ हम सब सर्वसम्मति से महान अर्थशास्त्री, धुरंधर वैज्ञानिक, अंतर्राष्ट्रीय किसान, भयंकर सवर्ण-दलित मसीहा #चुदित राज जी को खांग्रेस #अध्यक्ष एवं #पलधानमंतली बनाएं !!🙏 ""सभी #समस्याएं समाप्त"" #उदित_राज_को_अध्यक्ष_बनाओ_बे @Dr_Uditraj  #CovidVaccine https://t.co/HrWBrorcLe",NOT,NONE,0
hi_hasoc_2021_398,जब दुकान चलाने वाले देश चलाने लगेंगे.. तो फ़ायदा अपना ही देखेंगे ना.. हम समझ क्यू नहीं पा रहे है. #Resign_PM_Modi  #ModiHataoDeshBachao  #COVID19India  #CoronaPandemic  #FailedGovernment,NOT,NONE,0
hi_hasoc_2021_2362,मरहूम #शेर ऐ बिहार डॉ मोहम्मद_शहाबुद्दीन साहब (R J D  पुर्व संसद)  को दिल्ली ITO में सुपुर्दे खाक किया गय #JusticeForShahabuddin https://t.co/nfry4Hg5Xr,NOT,NONE,0
hi_hasoc_2021_2776,"रामराज्य की स्थापना विनम्रता और उदारता से नहीं हुई थी,,  इसके लिए दुष्टों, राक्षसों और उनके संरक्षक राजाओं को मौत के घाट उतार कर करना  पड़ा था।  यही यथार्थ और अकाट्य सत्य है ✍️🤔🤔  @narendramodi @AmitShahOffice @BJP4India @RSSorg #BengalBurning",NOT,NONE,0
hi_hasoc_2021_1428,"मृत्यु के लिए सारे रास्ते हैं,पर जन्म के लिए केवल माँ। बंगाल में माताओं बहनों का अपमान क्यों? #नारी_तू_नारायणी_हैं।   @MamataOfficial #Justice_for_Saswati_Jana  #BengalBurning  #BengalViolence  #CruelMamata https://t.co/yc686gpvAY",NOT,NONE,0
hi_hasoc_2021_1919,"ये तो होना ही था, कुछ याद है कि नहीं एक दिन रघुवंश प्रसाद सिंह को समुन्द्र का एक लोटा पानी समझा गया था,...समझे🤔😭 #JusticeForShahabuddin #Trending  @RohiniAcharya2 @manojkjhadu",NOT,NONE,0
hi_hasoc_2021_3446,#OPS #BanEVM #पुरानी_पेंशन_बहाल_करो #FarmersProtest #SpeakUpForFarmers #StopPrivatization #ModiMadeDisaster #NPS_भारत_छोड़ो #NPS_QUIT_INDIA #NPSनिजीकरणभारतछोड़ो #OPS_कर्मचारी_का_अधिकार #NPSनिजीकरणकेख़िलाफ़_इंक़लाब #स्वास्थ्य_क्षेत्र_मे_बजट_बढ़ाओ #Resign_PM_Modi #COVID19India https://t.co/R9fkpeVcVa,NOT,NONE,0
hi_hasoc_2021_1582,मुद्दा नहीं था और उत्सव मनाना दो अलग-अलग चीजें हैं रणविजय जी !! मनिप्युलेशन कहते हैं इसे जिसका फूहड़ प्रदर्शन किया आपने। https://t.co/21DDSTpJTg,NOT,NONE,0
hi_hasoc_2021_3078,"@MitraAgyat कलियुगमा त्यस्तो व्यवस्था मिलाइदिनु भयो भने मान्छेहरुले यस्तो भन्छन् : गर्मीमा नि हिउँ पार्ने कति मुर्ख रहेछन् , जाडोमा घाम भयो भने ओहो भगवान भएर नि मौसमको ज्ञान रहेनछ! कस्तो होला!",NOT,NONE,0
hi_hasoc_2021_1149,"@BJP4UP अगर धरना देने से सब सही हो जाता तो..  कुरुक्षेत्र में भी ""श्री कृष्ण"" जी ""अर्जुन"" को यही सलाह देते..। 😡😡😡  #BengalBurning  #BengalViolence  #KhooniKhela  #WestBengalViolence",NOT,NONE,0
hi_hasoc_2021_2677,"विधायक व सांसद होते तो रातो रात खरीद लिए जाते, वेंटिलेटर व ऑक्सीजन खरीदने में वक्त लगता है....  जनाब!!!!!  #COVIDEmergency #ResignPMmodi  #ModiResign  #ModiKaVaccineJumla   @ajitanjum  @sakshijoshii  @Pawankhera  @srinivasiyc  @abhisar_sharma  @HansrajMeena  @vinodkapri",NOT,NONE,0
hi_hasoc_2021_482,"🇮🇳जागों हिंदू जागों🚩 .. अरे हिंदुत्व ही नहीं रहेगा तब हम देश लेके क्या करेंगे, इसीलिए पहले धर्म फिर देश.. #isupportmodi #Shamemamatabannerjee #tmcgoons #ShameOnMamata #ArrestMamata #BengalBurning #BengalViolence #HindusLivesMatter #BengalTrustsModi #ममता_खूनी_है #AntiHinduMamata https://t.co/5fVPEWWLrg",NOT,NONE,0
hi_hasoc_2021_1005,अगर जिंदा हो तो जिंदा होने का सबूत दो!! ट्वीट को रीट्वीट करो!! सच लिखो चाहे कम लिखो !!  #JusticeForShahabuddin,NOT,NONE,0
hi_hasoc_2021_2889,जौ लोग केहते हैं आरजेडी से कियो नहि आगा हौआ #JusticeForShahabuddin https://t.co/8WTS19dJqN,NOT,NONE,0
hi_hasoc_2021_2882,अपनी पूरी जिंदगी सिवान के नाम कर दी   लेकिन अपने सिवान की मिट्टी न मिल सकी 😭  #JusticeForShahabuddin,NOT,NONE,0
hi_hasoc_2021_1713,#ModiKaVaccineJumla #ModiResign #IndiaFightsCorona #PMCaresFund_का_हिसाब_दो #PMDoesNotCare https://t.co/ASvRxoYtse,NOT,NONE,0
hi_hasoc_2021_3644,'बंगाल जैसी हिंसा अगर किसी बीजेपी-शासित राज्य में हुई होती  तो अब तक ये अंतर्राष्ट्रीय मुद्दा बन गया होता।  #BengalBurning,NOT,NONE,0
hi_hasoc_2021_3550,"#नींद_से_जागो_अमित_शाह_जी   #JusticeForShahabuddin   Jab Dhram Das Ko SatLok Ka Gyan Huva Tha Tb Us ne kya Bola Is ""KALL"" Bhram k Lok k Bara m  👇👇👇👇👇👇👇👇👇👇 𝐦𝐮𝐬𝐭 𝐰𝐚𝐭𝐜𝐡 https://t.co/rCvezS0Xlr",NOT,NONE,0
hi_hasoc_2021_84,समुद्र के सामने भी भगवान श्रीराम ने पहले धरना दिया था और उसके बाद धनुष पर प्रत्यंचा भी चढ़ाई।  बिनय न मानत जलधि जड़ गए तीनि दिन बीति। बोले राम सकोप तब भय बिनु होइ न प्रीति॥ @narendramodi  @AmitShah #BengalBurning,NOT,NONE,0
hi_hasoc_2021_3414,हिंदू भागेगा लेकिन जागेगा नही। #बंगाल_हिंसा  #BengalBurning  #ShameOnMamata  #ममता_की_निर्ममता  #MamtaBannerjee,NOT,NONE,0
hi_hasoc_2021_1301,#NoVoteForBJP  #NoVoteToBJP  #BoycottBJP #GoBackModi #PoMoneModi  #मोदी_परत_जा #नहीं_चाहिए_भाजपा  #BJPHataoDeshBachao  #SuperSpreaderModi #ModiDisasterForIndia  #ResignModi #Resign_PM_Modi  #VaccineRegistration  #cowinregistration https://t.co/hrPKtwfc6C,NOT,NONE,0
hi_hasoc_2021_1015,"@kuldeepsinghpu4 इस देश में बहुसंख्यक हिंदू समाज ,मुख्यरूप से गरीब और उपेक्षित हमेशा से हाशिए पर रखे गए।इन्हें बदले में हमेशा से उत्पीड़न मिला। यह देश सिर्फ अपर क्लास वालों के लिए रहा।  #BengalBurning",NOT,NONE,0
hi_hasoc_2021_2906,"महाभारत से भी बड़ा युद्ध तुम्हारा इंतजार कर रहा है हिंदुओं, चाहो या ना चाहो तुम्हें लड़ना ही पड़ेगा।  नहीं तो 40 करोड़ मारे जायेंगे और 50 करोड़ कनवर्ट होंगे फिर पूरी दुनियां दुनियां में इस्लामिक आतंक होगा। #हिन्दू_शस्त्र_उठाओ_आत्मरक्षा_में  #Jihad #BengalBurning #BengalViolence",NOT,NONE,0
hi_hasoc_2021_117,"तपाईहरुका प्रत्येक गल्तीको बारेमा सोच्नुहोस्, नेता ज्युहरु आजसम्म जनताहरुले तपाईंलाई क्षमा दिदै आएको छन, आज सम्म तपाईं निर्दोष, असाय र मूर्ख हुनुहुन्छ भनेर।  एकदिन आउने जनताहरु नै तपाईको पतनका कारण बन्नेछ्न। @kpsharmaoli https://t.co/LudBIhUsmr",NOT,NONE,0
hi_hasoc_2021_2394,@suryakantvsnl @myogiadityanath सम्पूर्ण बिहार में 15 मई तक लॉकडाउन लगा! #IndiaCovidCrisis,NOT,NONE,0
hi_hasoc_2021_3615,भारत में कोई ऐसा दिल नहीं है जो टूटा न हो....  - @BDUTT  💔  #IndiaCovidCrisis,NOT,NONE,0
hi_hasoc_2021_201,"@greenbymind @MhaAgyaani @Ra_Bies बीस कुत्ता-सिक्के खरीदे थे, इक्कीस दिन में दाम दुगना भी हुआ पर ये सोच कर पाले रखा कि बयालीस दिन में चार गुना होगा, चौरासी दिन में आठ गुना और एक सौ अड़सठ दिन में सोलह गुना ..... न । अब ससुरा जेतना में खरीदा था उतने के आस-पास आ के बउड़िया रहा है 😭🤦",NOT,NONE,0
hi_hasoc_2021_527,षड्यंत्र के तहत सरकारी हत्या .....?  लानत है ऐसी रहनुमाई जो वक़्त पर अपने लोगो का साथ छोड़ दे।  #JusticeForShahabuddin,NOT,NONE,0
hi_hasoc_2021_2334,#NoVoteForBJP  #NoVoteToBJP  #BoycottBJP #GoBackModi #PoMoneModi  #मोदी_परत_जा #नहीं_चाहिए_भाजपा  #BJPHataoDeshBachao  #SuperSpreaderModi #ModiDisasterForIndia  #ResignModi #Resign_PM_Modi  #VaccineRegistration  #cowinregistration https://t.co/XjzDIGJQyQ,NOT,NONE,0
hi_hasoc_2021_2239,अभी और बेड की जरूरत है।  #COVID19 #CovidHelp #COVIDEmergency #IndiaCovidCrisis #IndiaFightsCorona #BiharFightsCorona #MondayMotivation @mangalpandeybjp @NitishKumar  @BiharHealthDept https://t.co/CWJ0OuzCeZ,NOT,NONE,0
hi_hasoc_2021_4687,"मेरो देसमा नेता- सामान- सियो - धागो प्राय सबै भारतीय छन। हुँदा हुँदा दसक देखी नेपाली सेनामा सवा ३ अर्ब भारतीय उधारो हतियार रहेछ। भारतले रिण उठाउन ताकेता गर्दा हामी रिन माफि को बिन्ती गर्दै रहेछौ।  कृपया नेपाली  सेनालाई भारतीय  "" कुतिया "" न बनाइयोस।  https://t.co/kKY9hrjnM3",NOT,NONE,0
hi_hasoc_2021_2950,जिन्दगी में जब कोई झुका न सका तो धोखे से साँसे ही छीन ली.!  अलविदा शहाबुद्दीन साहब 😭  #JusticeForShahabuddin  #JusticeForShahabuddin,NOT,NONE,0
hi_hasoc_2021_5517,Hi BIRJIT GIRI (हरामी कान्छो)🇳🇵 thanks for following us,NOT,NONE,0
hi_hasoc_2021_483,@yadavtejashwi आने वाला वक्त बहुत बुरा होने वाला है @RJDforIndia के लिए लिख लो। #JusticeForShahabuddin,NOT,NONE,0
hi_hasoc_2021_1434,चाणक्य ने कहा था कि जो राजा अपने लोगों को पुरस्कृत और दुश्मनों को दण्डित नहीं कर सकता उसका अंत निश्चित है..! 🙏🏻.                                   @PMOIndia @HMOIndia  #BengalViolence #BengalBurning,NOT,NONE,0
hi_hasoc_2021_3094,#bengalviolence Be careful everyone. Some unscrupulous people are posting these pictures on social media to spread tension in the state and the country.  #CovidIndia #COVIDEmergencyIndia #ममता_की_निर्ममता #SpinelessBJP #SpinlessBJP #बंगाल_हिंसा #COVIDEmergency   #BengalBurning https://t.co/oBOLMJRSfu,NOT,NONE,0
hi_hasoc_2021_6100,ये बहोत बड़ा सौदा है नीतीश कुमार और तेजस्वी यादव के बीच शहाबुद्दीन की जान के बदले लालू की रिहाई समझने वालों के लिए इशारा काफी @yadavtejashwi @asadowaisi @Akhtaruliman5 @abuasimazmi #JusticeForShahabuddin @NitishKumar,NOT,NONE,0
hi_hasoc_2021_742,#ModiKaVaccineJumla #ModiResign #IndiaFightsCorona #PMCaresFund_का_हिसाब_दो #PMDoesNotCare https://t.co/rtWvWDOSPb,NOT,NONE,0
hi_hasoc_2021_309,"@RPDULAR यहां होती तो आराम से बच निकलती, वाह-वाही अलग से होती, यश और पहुँच में बढ़ोत्तरी होती, मीलाड सरकार और लेनदारों को कड़ी फटकार लगाते और दुष्ट जीव उसे हाथोंहाथ लेते ।",NOT,NONE,0
hi_hasoc_2021_2029,@yadavtejashwi @laluprasadrjd बिहार में @RJDforIndia से इस्तीफे का दौर शुरू हो गया है। #BycottRJD 😡  #JusticeForShahabuddin https://t.co/VA9V1zIVX0,NOT,NONE,0
hi_hasoc_2021_270,"जुमला, जुमला और सिर्फ जुमला।  #ModiKaVaccineJumla",NOT,NONE,0
hi_hasoc_2021_3607,#राष्ट्रपति_शासन_लागू_हो_बंगाल_में  #SpinlessBJP  #PresidentsRuleinBengal  #cancelboardexams2021  #IsupportModi  #SaveHindusInBengal  #internalassessments  #HindusLivesMatter  #HinduRashtra  #ModiHaiTohMumkinHai  #BengalBurning  #MamtaisTerrorist  #TMCTerror  #MuslimBan,NOT,NONE,0
hi_hasoc_2021_593,जो शहाबुद्दीन के साथ हैं वो इस ट्वीट को रीट्वीट करें और इस हैसटैग पर ट्वीट करें #JusticeForShahabuddin,NOT,NONE,0
hi_hasoc_2021_162,#OPS #BanEVM #पुरानी_पेंशन_बहाल_करो #FarmersProtest #SpeakUpForFarmers #StopPrivatization #ModiMadeDisaster #NPS_भारत_छोड़ो #NPS_QUIT_INDIA #NPSनिजीकरणभारतछोड़ो #OPS_कर्मचारी_का_अधिकार #NPSनिजीकरणकेख़िलाफ़_इंक़लाब #स्वास्थ्य_क्षेत्र_मे_बजट_बढ़ाओ #Resign_PM_Modi #Vaccine_और_MSP_दो,NOT,NONE,0
hi_hasoc_2021_750,@RohiniAcharya2 सब याद रखा जायेगा हार गया मरहूम शहाबुद्दीन साहब का परिवार जीत गया जुम्मन का नेता लालू परिवार #JusticeForShahabuddin,NOT,NONE,0
hi_hasoc_2021_1160,"बिहार मे यादव से वफ़ादारी की भेंट चढ़े शहाबुद्दीन,  और यूपी मे आज़म ख़ान ? @ShayarImran @PragyaLive @yadavakhilesh @samajwadiparty @AshrafFem @shanu_sab @007QaQa  #JusticeForShahabuddin Bihar👇                              up 👇 https://t.co/LzDPqowVtt",NOT,NONE,0
hi_hasoc_2021_3081,@LataVermaINC #Vaccine_और_MSP_दो #Resign_PM_Modi #मोदी_इस्तीफ़ा_दो #ShameOn_ModiGovt #ModiResignOrRepeal #NoVoteTo_LiarModi #ModiHataoDeshBachao #ਭਾਰਤ_ਦੇ_ਲਾਲ_ਕਿਸਾਨਾਂ_ਦੇ_ਨਾਲ #KisanMazdoorEktaZindabaad   #FarmLaws_NextPandemic #5MonthsOfFarmersProtest #आज_आक्सीजन_कल_रोटी_जायेगी  #FarmersProtest,NOT,NONE,0
hi_hasoc_2021_3193,कुछ ना कुछ बोलते रहो हमसे  चुप रहोगे तो लोग सुन लेंगे।,NOT,NONE,0
hi_hasoc_2021_5365,जो शहाबुद्दीन के साथ हैं वो इस ट्वीट को रीट्वीट करें और इस हैसटैग पर ट्वीट करें #JusticeForShahabuddin,NOT,NONE,0
hi_hasoc_2021_2484,आज़म खान साहब का इलाज AIIMS में कराया जाए… शहाबुद्दीन साहब की तरह उन्हें सिस्टम भरोसे नही छोड़ सकते😢🙏 #JusticeForShahabuddin,NOT,NONE,0
hi_hasoc_2021_2697,"@TheDeepak2020In दो मिनट का मौन उनके लिए भी जिनको बंगाल में चुनावी रैली दिखी ,  कोरोना दिखा किन्तु अब हिंसा , लूट अग्निकांड और महिलाओं को लुटती इज़्ज़त नहीं दिख रहीं 😡😡  #PresidentsRuleinBengal  #BengalBurning  #BengalViolence  #KhooniKhela  #WestBengalViolence",NOT,NONE,0
hi_hasoc_2021_1169,#यतीम_के_साथ_ज़मीन_पर_पहुंच_कर_हमदर्दी_और_दिलाशा_देना_बड़ी_बात_है #शुक्रिया @ShayarImran  @KhanAmanatullah  #JusticeForShahabuddin https://t.co/sw8sBa67Mc,NOT,NONE,0
hi_hasoc_2021_2055,@srinivasiyc @IYC @duttabhishek जानवर जानवर का शिकार करता है! इंसान जानवर का शिकार करता है! राजनीति का नशा इंसान का शिकार करता है!,NOT,NONE,0
hi_hasoc_2021_3593,वो मोदी जी वाली योजना का क्या हुआ...उससे फ्री ईलाज नहीं हो पा रहा क्या?🤔   #ModiHataoDeshBachao  #ModiHaiTohMumkinHai  #modioxygendo  #ModiKaVaccineJumla  #Indian https://t.co/0O2LjB9WWt,NOT,NONE,0
hi_hasoc_2021_128,बुझ दिलो कि हिम्मत नहीं थी  शेर को हराना की इस लिए  एक मासूम को हराया गया  अलविदा _शेर_ए_बिहार #JusticeForShahabuddin https://t.co/AXiXQ6rAtd,NOT,NONE,0
hi_hasoc_2021_3709,अलविदा शेर-ए-बिहार 😭 अल्लाह आपको जन्नतुल फिरदौस में आला मकाम अता फरमाए और अहले खाना को सब्र जमील अता फरमाए______🤲 #JusticeForShahabuddin https://t.co/3NtLIXh3Wf,NOT,NONE,0
hi_hasoc_2021_2715,@sagarikaghose @thewire_in An Inquiry also to be conducted on #UrbanNaxal and #BengalBurning क्यों कोई दिक्कत तो नहीं ना,NOT,NONE,0
hi_hasoc_2021_3697,ज़िंदगी और मौत दोनों से डर रहे है। बंदे में कुछ तो ख़ास बात थी। इसलिए ही लाश देने से डर रहे है। #JusticeForShahabuddin,NOT,NONE,0
hi_hasoc_2021_3451,"किसी ओर पे टिका टिप्पणी करने से पहले ख़ुद को पहले टिका लगवायें ।  Before jabbing someone with your words , Let’s first get self jabbed.  #CovidVaccine #Covishield #IndiaFightsCorona #Covaxin  #LargestVaccineDrive #CoronaVaccination #COVID19Vaccine #GetVaccinated #jabtobeatcorona https://t.co/idPCg35ttr",NOT,NONE,0
hi_hasoc_2021_3557,"@amanshahbazkhan @BrettLee_58 @patcummins30 भाइयों बहनों पैशे खिदमत है, एक और #पप्पूशास्त्र का विद्यार्थी 🤣  Don't listen to @amanshahbazkhan  Its' a #ChineseAgent working as a #ChineseBot heavily funded by enemy countries to trouble India n spread #ChineseVirus. Proponent of #Pappuanomics 1 of a #INCorporated #LOLu",NOT,NONE,0
hi_hasoc_2021_1137,"#JusticeForIndia देश के 135 करोड़ लोग टीका, ऑक्सीजन, चिकित्सा, चाहते हैं। या तो इनकी व्यवस्था करें। यदि नहीं, तो गद्दा छोड़ दें। झूठ बोलना बंद करो। #SpinelessBJP #COVID19 #BengalBurning #MamataBanarjee  #Bengalisburning #देश_ऑक्सीजन_मांगता_है  #ResignModi #COVID19India #India",NOT,NONE,0
hi_hasoc_2021_1099,साहेब ने हमें  कई लाइन में खड़ा करदिया हैं १) नोट बंदी २) मजदूरों का पलायन ३) हॉस्पिटल में covid बेड के लिए ४) वैक्सीन के के लिए ५) अंतिम संस्कार करने के लिए अब वो दिन दूर नही है हम अपनी मृत्यु की प्रतीक्षा करने लगेंगे? #ModiResign #LabourDay #IndiaCovidCrisis  #ExitModi https://t.co/Kg81IlnqbK,NOT,NONE,0
hi_hasoc_2021_1130,"आप सब लोगों को हर वक्त मूर्ख नहीं बना सकते। अब्राहिम लिंकन अपने समय में कह गए हैं। बंगाल चुनाव ने यह साबित कर दिखाया है।  यह तो वही बात हुई.... न खुदा ही मिला, न विसाले सनम, न इधर के रहे, न उधर के रहे। #BengalElections2021 #Bengal #BengalElection #IndiaCovidCrisis @omthanvi https://t.co/WPCzIbuiF4",NOT,NONE,0
hi_hasoc_2021_2979,बोले थे ना सब कुछ आ जाएगा सामने आ गया  लाशों पर राजनीति करने वाले भगवान आपका भला करें #JusticeForShahabuddin   @RJDforIndia @Siwan_Rjd @darbhanga_rjd https://t.co/PHpvLKzpdi,NOT,NONE,0
hi_hasoc_2021_2607,हमारा देश लोकतांत्रिक देश है और अगर दुबारा से @myogiadityanath जी दुबारा सत्ता में आएंगे तो भी हम शान्तिदूतों के साथ भाई चारा ही निभाएंगे क्योंकि हमारा धर्म हमें अशांति की शिक्षा नही देता है #BengalBurning,NOT,NONE,0
hi_hasoc_2021_722,जुल्म के साये में लब खोलेगा कौन अगर हम भी चुप रहे तो बोलेगा कौन #Resign_PM_Modi   @dollysharmaINC @priyankagandhi @SachinPilot @ashokgehlot51 @_lokeshsharma @nsui @AICCMedia @INCIndia @VardhanNSUI @Haryana_YC @IYC @INCDelhi  #TeamDollySharma,NOT,NONE,0
hi_hasoc_2021_3220,बीजेपी वालो कितना झूठ फैलाओगे #कंगना_तुम_कहाँ_हो  #बंगाल_हिंसा  #BengalViolence  #ResignModi  #मोदी_इस्तीफा_दो https://t.co/cAGUEVEntP,NOT,NONE,0
hi_hasoc_2021_1493,#SuperSpreaderModi #ModiDisasterForIndia  #ResignModi #Resign_PM_Modi  #VaccineRegistration  #cowinregistration #KindAttnPMNarendraModi #किसानों_का_मोदी_को_धोबीपटका   Took stock of the various COVID related initiatives 🤨 https://t.co/Jc4uLLBsch https://t.co/5konGVnh3M,NOT,NONE,0
hi_hasoc_2021_3245,सिस्टम की लापरवाही है या कुछ और.....?  इस मामले की जांच होनी चाहिए! बहुत सारे संदेह दिख रहे हैं!  #GaddarRJD #JusticeForShahabuddin,NOT,NONE,0
hi_hasoc_2021_2831,"@narendramodi जी पश्चिम बंगाल को जलते 3 दिन हो चुके।  ""बिनय न मानत जलधि जड़ गए तीनि दिन बीति। बोले राम सकोप तब भय बिनु होइ न प्रीती॥""  'आपने रामचरितमानस का यह दोहा कई बार दोहराया है, अब इसको कार्यान्वित करने का समय आ गया है'  #सारंग_धनुष #खड्ग #शिव_बाण #जय_श्री_राम #BengalBurning",NOT,NONE,0
hi_hasoc_2021_1645,लालू जी जब चारा चोरी में जेल गए थे तब @RJDforIndia पार्टी ध्वस्त होगई होती ! शुक्रिया मनाओ शहाबुद्दीन साहब का जो #राबड़ी_देवी को मुख्यमंत्री बना दिया ! तेजस्वी आज तुम भूल गए ! #JusticeForShahabuddin https://t.co/bV4zV61fRH,NOT,NONE,0
hi_hasoc_2021_2536,मूर्ख-अंधभक्त को पता नहीं..एक दिन के महाराष्ट्र के मुख्यमंत्री @Dev_Fadnavis ji को बधाइयाँ और शुभकामनाएं..देने बालों को जनता समक्ष रही है..O² की कमी से मरने वालो के परिवार की संवेदनाए एवं तडप दिखाई नहीं देती है..शर्म करो-शर्म करो  मा.श्री@myogiadityanath jiमा.PM के समकक्ष खडे है! https://t.co/VAR4uL6dRp,NOT,NONE,0
hi_hasoc_2021_5242,@kunalkamra88 एंकरों की रोनी सूरतें देख महसूस हो रहा है मानो चुनाव बीजेपी नहीं बल्कि गोदी मीडिया हार रही है!!! #ResignPMmodi,NOT,NONE,0
hi_hasoc_2021_3194,"@ramnikmann @AmitShah यह न सोचना कि हमेशा तिमिर छाएगा  अब कोई सूरज यहां नहीं निकल पायेगा वक्त बदलेगा जरूर, जल्दी नज़र आएगा कर्म का खाता अमिट है, नंबर तो आएगा #BengalBurning",NOT,NONE,0
hi_hasoc_2021_1980,तेजस्वी जी भारी गलती कर गए है कुछ न बोलकर।बिहार का सीएम बनने का सपना अब सपना ही रहेगा।अल्लाह के करम से ये वक्त भी गुज़र जाएगा।सब याद रखा जाएगा। !#JusticeForShahabuddin,NOT,NONE,0
hi_hasoc_2021_4060,#JitinPrasada भाड़ में जाओ https://t.co/Aik5lIugdy,NOT,NONE,0
hi_hasoc_2021_718,#OPS #BanEVM #पुरानी_पेंशन_बहाल_करो #FarmersProtest #SpeakUpForFarmers #StopPrivatization #ModiMadeDisaster #NPS_भारत_छोड़ो #NPS_QUIT_INDIA #NPSनिजीकरणभारतछोड़ो #OPS_कर्मचारी_का_अधिकार #NPSनिजीकरणकेख़िलाफ़_इंक़लाब #Resign_PM_Modi #किसान_कार्मिक_संग_संग  #FarmLawsWorstThanCOVID,NOT,NONE,0
hi_hasoc_2021_1710,आज़म खान साहब का इलाज AIIMS में कराया जाए… शहाबुद्दीन साहब की तरह उन्हें सिस्टम भरोसे नही छोड़ सकते😢🙏 #JusticeForShahabuddin,NOT,NONE,0
hi_hasoc_2021_1097,"बंगाल में भाजपा कार्यकर्ताओं के साथ हुई हिंसा के खिलाफ प्रदेश कार्यालय के बाहर प्रदेश अध्यक्ष श्री @adeshguptabjp, प्रदेश संगठन महामंत्री श्री @siddharthanbjp ने कार्यकर्ताओं के साथ प्रदर्शन किया। #BengalBurning https://t.co/dJNYzs0WEg",NOT,NONE,0
hi_hasoc_2021_231,चिता-भस्म पर किसने सुख के स्वर्णिम साज सजाये ? किसने लाखो के विनाश पर जय के वाघ बजाये ? किस कपूत ने पूत पंचनद को कर डाला लाल ? किसके पापो का प्रतिफल है भोग रहा बंगाल ? #bengalvoilence #BengalBurning #spinelessmodi #SpinelessBJP,NOT,NONE,0
hi_hasoc_2021_3398,"ना रोटी की फ़िक्र , ना रोजगार की तलाश  , देश  जिंदा बच जाए वही विकास । #ResignModi",NOT,NONE,0
hi_hasoc_2021_1563,#ModiKaVaccineJumla #ModiResign #IndiaFightsCorona #PMCaresFund_का_हिसाब_दो #PMDoesNotCare https://t.co/HFlHTA0FrN,NOT,NONE,0
hi_hasoc_2021_102,#OPS #BanEVM #पुरानी_पेंशन_बहाल_करो #FarmersProtest #SpeakUpForFarmers #StopPrivatization #ModiMadeDisaster #NPS_भारत_छोड़ो #NPS_QUIT_INDIA #NPSनिजीकरणभारतछोड़ो #OPS_कर्मचारी_का_अधिकार #NPSनिजीकरणकेख़िलाफ़_इंक़लाब #स्वास्थ्य_क्षेत्र_मे_बजट_बढ़ाओ #Resign_PM_Modi #COVID19India https://t.co/obnUpW79Hi,NOT,NONE,0
hi_hasoc_2021_3202,"#ModiKaVaccineJumla vaccine है ही भी सरकारी हॉस्पिटल्स में ,पंजाब का सेहत मंत्रालय भी पूरी तरह फेल होगया है ,50 से 150 लोग मर रहे है पर @BalbirSinghMLA   सिर्फ @capt_amarinder की जी हजूरी में मशरूफ है  Captain ने सिर्फ अपना महल बनाने के इलावा कुछ नहीं किया @priyankagandhi",NOT,NONE,0
hi_hasoc_2021_6104,"तुम बंगाल और दमोह जीत भी गए तो क्या, जो जंग ज़िन्दगी की अपनो ने हारी है उसका हिसाब कैसे दे पाओगे। #IndiaCovidCrisis",NOT,NONE,0
hi_hasoc_2021_3039,रोहित सरदाना का शव कोविड पॉज़िटिव होने के बावजूद  पैतृक गांव कुरुक्षेत्र भेज दिया जाता है। शहाबुद्दीन साहब की रिपोर्ट नेगेटिव होने के बावजूद भी आखरी दीदार का हक़ परिवार से छीनकर जनाज़ा सिवान नही भेजा जाता। ये है असली इस्लामोफोबिया #Islamophobia_in_india #JusticeForShahabuddin,NOT,NONE,0
hi_hasoc_2021_1634,#ModiKaVaccineJumla #ModiResign #IndiaFightsCorona #PMCaresFund_का_हिसाब_दो #PMDoesNotCare https://t.co/f6IuQKP8I7,NOT,NONE,0
hi_hasoc_2021_2282,@beingarun28 #BengalElection2021 #BengalBurning #BengalViolence #Bengalisburning #BengalViolance #WestBengalViolence #WestBengalElections2021 #NarendraModi  काश आज केंद्र में भाजपा की सरकार होती तो हमें यह कहना न पढ़ता कि #राष्ट्रपति_जी_बंगाल_संभालो ❗  #spinelessmodi  https://t.co/jHRnNeEz0A,NOT,NONE,0
hi_hasoc_2021_802,@ipspankajnain अगर आप कोरोना से अपने जीवन को बचाना चाहते है तो इनकी मेहनत बेकार न करे ।आप सभी घर पर रहे ।अपने लिए ना सही अपनो के लिए        घर पर रहे         समय समय पर हाथ धोए         मास्क लगाए और उचित दूरी बनाए        #IndiaCovidCrisis,NOT,NONE,0
hi_hasoc_2021_2667,"@JPNadda अगर धरना देने से सब सही हो जाता तो..  कुरुक्षेत्र में भी ""श्री कृष्ण"" जी ""अर्जुन"" को यही सलाह देते..। 😡😡😡  #BengalBurning  #BengalViolence  #KhooniKhela  #WestBengalViolence #SaveBengalBJPsupporters  #SaveHindusInBengal",NOT,NONE,0
hi_hasoc_2021_2133,#बंगाल_हिंसा #BengalViolence #JusticeForBengalBJPKarykarta #tmcgoons #India #IndiaCovidCrisis https://t.co/zylaFlaRhz,NOT,NONE,0
hi_hasoc_2021_3907,गर्लफ्रेंड के वफदार् इतने भी मत बनो की एक दिन वो तुम्हें कुत्ता बना दे....  ट्विटर ज्योतिष निक कहींन😷😷,NOT,NONE,0
hi_hasoc_2021_640,राजद के नवादा ज़िला अध्यक्ष कमरुल बारी साहब ने राजद से दिया इस्तीफा… #JusticeForShahabuddin https://t.co/MJRXdgq98f,NOT,NONE,0
hi_hasoc_2021_1684,"अलविदा शेर-ए-बिहार…  अल्लाह आपकी मग़फ़िरत फरमाए, आपको जन्नतुल फिरदौस में आला मकाम अता फरमाए और अहले खाना को सब्र जमील अता फरमाए. 🤲  #JusticeForShahabuddin https://t.co/hOVp5lKsoE",NOT,NONE,0
hi_hasoc_2021_328,त्रेता युग में कबीर परमेश्वर मुनींद्र नाम से प्रकट हुए तथा नल व नील को शरण में लिया। उनकी कृपा से ही समुद्र पर पत्थर तैरे। #MustListen_Satsang #GodMorningWednesday #इनको_मिले_परमेश्वर #Satlok_VS_PrithviLok #सत_भक्ति_संदेश     Kabir #सत्संग #जयभिम #ResignModi #जीवनरक्षक_कबीरभगवान,NOT,NONE,0
hi_hasoc_2021_1890,आज़म खान साहब का इलाज AIIMS में कराया जाए… शहाबुद्दीन साहब की तरह उन्हें सिस्टम भरोसे नही छोड़ सकते😢🙏 #JusticeForShahabuddin,NOT,NONE,0
hi_hasoc_2021_3105,@BJP4UP हमारे ग्राम पंचायत सिधांव जिला फतेहपुर उ. प्र.में तलाबो के ये हाल है कि एक बुद पानी नहीं है जानवर और जनता दोनों परेशान है राधा कृष्ण मन्दिर के पास बाबा कुटी है बगल में तलाब है ये न. है 00103 खाता न. 129क है अभी तक कोई सुनवाई नहीं सरकार मौन जनता परेशान https://t.co/4tHZUWKUWL,NOT,NONE,0
hi_hasoc_2021_5833,पश्चिम बंगाल में अनुच्छेद 356 शीघ्र ही लागू  किया जाये #Article356 #HindusLivesMatter #MamataBanarjee #BengalBurning  #CruelMamata @AmitShah @AmitShahOffice  @aditi_tyagi @RajatSharmaLive @sudhirchaudhary @ravishndtv @Republic_Bharat @RubikaLiyaquat @awasthis @BDUTT,NOT,NONE,0
hi_hasoc_2021_4611,@MohdImranIlyas @farhanreporter @KhanAmanatullah @ShayarImran @asadowaisi Twitter से ही पूरा काम नही चल सकता @asadowaisi  को दिल्ली पहले ही आ जाना चाहिए था  जिस तरह @KhanAmanatullah @ShayarImran  साहब आए थे #JusticeForShahabuddin,NOT,NONE,0
hi_hasoc_2021_1223,"यद्यपि प्रत्येक गांव को सेनेटाइज़ कराए जाने का प्रयास है,लेकिन आपकी सुरक्षा आपके व्यवहार पर निर्भर करती है🙏 #IndiaFightsCorona #IndiaCovidCrisis https://t.co/L3XI9hJwOY",NOT,NONE,0
hi_hasoc_2021_1967,"""पूरी दुनिया में मोदीजी का डंका"" (Modi means Business) 👉  #ModiResign #ModiKaVaccineJumla #25सांसद_लापता_है #ModiHataoDeshBachao #IndiaCovidCrisis  Smart cities https://t.co/vUUGUC26JX https://t.co/hqJT4l3u9G",NOT,NONE,0
hi_hasoc_2021_3854,क्या बंगाल में भारत का कानून लागू नहीं होता?  बंगाल में हो रहे  नरसंहार पर इतनी चुप्पी क्यों?  केंद्र में सत्ताधीन सरकार को बंगाल में कार्रवाई करने पर इतना विलंब क्यों?  #BengalBurning  #BengalViolence,NOT,NONE,0
hi_hasoc_2021_664,@AkashsinghINC @common000786 मोदी तुम इस्तीफा दो हम तुम्हारे साथ है #ResignModi  #Resign_PM_Modi  #ModiHataoDeshBachao https://t.co/spsvPTov8W,NOT,NONE,0
hi_hasoc_2021_2610,#JusticeForShahabuddin  #JusticeForShahbuddin  शाहबुद्दीन साहब हम शर्मिंदा है आपके कातिल जिंदा है https://t.co/v9ubuyj9M3,NOT,NONE,0
hi_hasoc_2021_4533,धर्म की बैसाखियों पर ये सियासत का सफ़र...  आदमी पर आदमी की जानवर जैसी नज़र,NOT,NONE,0
hi_hasoc_2021_5552,ममता ने बंगाल में टीएमसी के गुंडों के हाथ मरने वालों की कीमत 2 लाख रुपया लगाई है पांव में थोड़ी सी मोच आने पर 25 दिन तक नाटक किया था ममता ने #BengalViolence #BengalBurning,NOT,NONE,0
hi_hasoc_2021_3760,"@Akhilpa69119569 @Deepakd27349197 @nitinchauhan_07 @panditain_avika @adityabajpynews @viveknmishr @ARVINDKRTIWARI @AzadSenaChief @deepakkomal7 सत्यकाम जाबाल गणिका (वेश्या) के पुत्र थे परन्तु वे ब्राह्मणत्व को प्राप्त हुए | दक्ष के पुत्र पृषध शूद्र हो गए थे, प्रायश्चित स्वरुप तपस्या करके उन्होंने मोक्ष प्राप्त किया | (विष्णु पुराण ४.१.१४)",NOT,NONE,0
hi_hasoc_2021_1105,@zoo_bear @Tejasvi_Surya #Hindus DYING #HindusLivesMatter   #KindAttnPMNarendraModi  #coronasecondwaveinindia #ModiMadeDisaster #ResignModi    #BJP #RSS LIARS   I WARNED 2 YRS BACK #RSSTerrorists BANNED BY SARDAR PATEL IGNORED  #शेर_नहीं_भेड़िया_पाल_लिया_भक्तो  #MautKaSaudagar,NOT,NONE,0
hi_hasoc_2021_2512,"To   #ISupportPMModi  उन्होंने नए नोट छापने से पहले पुराने नोट रद्द कर दिए।  अब, पर्याप्त वैक्सीन का उत्पादन किए बिना वैक्सीन पंजीकरण शुरू कर दिया।  हमारी सरकार कितनी स्मार्ट है।  #ModiKaVaccineJumla #ModiResign #ModiAbandonedIndia #ModiSarkarHiSystemHai",NOT,NONE,0
hi_hasoc_2021_370,दिल ऐसा चौकीदार ने मेरा तोड़ा बर्बादी की तरफ़ ऐसा मोड़ा एक भले मानुश को अमानुश बनाके छोड़ा  कहते हैं ये दुनिया के रास्ते कोई मंज़िल नहीं तेरे वास्ते नाकामियों से नाता मेरा जोड़ा मेरा सूरज ऐसा रूठा देखा न मैंने सवेरा  उजालों ने साथ मेरा छोड़ा  अमानुश बनाके छोड़ा #IndiaCovidCrisis https://t.co/5IVk5Ykyxh,NOT,NONE,0
hi_hasoc_2021_2520,#बंगाल_हिंसा #BengalBurning #CruelMamata https://t.co/vTggud0DVa,NOT,NONE,0
hi_hasoc_2021_4335,BJP IT Cell  #ममता_खूनी_है   #IsupportModiji   #राष्ट्रपति_जी_बंगाल_संभालो #CruelMamata #BengalBurning #ModiGovtSeNaHoPayega    Before Election         After Election          Hindu &amp; Muslim              Hindus https://t.co/grZmwtc9sx,NOT,NONE,0
hi_hasoc_2021_1052,"अत्याचार सहन करने का कुफल यही होता है पौरुष का आतंक मनुज कोमल होकर खोता है।  क्षमा शोभती उस भुजंग को जिसके पास गरल हो उसको क्या जो दंतहीन विषरहित, विनीत, सरल हो।  सहनशीलता, क्षमा, दया को तभी पूजता जग है बल का दर्प चमकता उसके पीछे जब जगमग है।  cc @narendramodi   #BengalBurning",NOT,NONE,0
hi_hasoc_2021_1392,#JusticeForShahabuddin  न्याय चाहिए मुझे.... https://t.co/zfdnj2267x,NOT,NONE,0
hi_hasoc_2021_1025,We are not #AatmanirbharBharat even in providing oxygen to the citizens?  Shame Modi ?  #देश_ऑक्सीजन_मांगता_है #spinelessBJP #PrayForFarmersVictory #ResignModi https://t.co/G7nvaL2GgM,NOT,NONE,0
hi_hasoc_2021_3409,पीछे सिक्योरिटी चले उन्हें सिर्फ इससे मतलब है अपनी क़ौम की ज़रा भी फिक्र नही है तभी मुस्लिमो का ये हाल हो रखा है  #JusticeForShahabuddin  #जस्टिस_फॉर_शहाबुद्दीन,NOT,NONE,0
hi_hasoc_2021_2036,जो शहाबुद्दीन के साथ हुआ वो आज़म खान के साथ नहीं होना चाहिए इसलिए आइए हम सब आवाज उठाते हैं  #JusticeForShahabuddin  #JusticeForShahabuddin  @007khan143  @ManjeshSays  @Mussu1232  @ImMirzaaa  @JaishTweets  @cho_sabir  #ResumeFlightsIND_KSA,NOT,NONE,0
hi_hasoc_2021_3763,जो शहाबुद्दीन के साथ हैं वो इस ट्वीट को रीट्वीट करें और इस हैसटैग पर ट्वीट करें #JusticeForShahabuddin,NOT,NONE,0
hi_hasoc_2021_3059,"@kajal_jaihind @narendramodi आज #बंगाल_हिंसा पर देशभर मे प्रदर्शन कि नही सिर्फ ""सुदर्शन"" की जरूरत है  जय हिन्द 🙏 #BengalBurning",NOT,NONE,0
hi_hasoc_2021_2162,@yadavtejashwi तुम जो कीया ना याद रहेगा बिहार वालो को #JusticeForShahabuddin,NOT,NONE,0
hi_hasoc_2021_475,कायर सियार भागते हैं और सिंह युद्ध लड़ते हैं। 500 साल हो गए आखिर कब तक अपने घरों से भागोगे?  #बंगाल_बचाओ_मोदीजी  #बंगाल_में_राष्ट्रपति_शासन_हो  #बंगाल_में_राष्ट्रपति_शासन_नहीं_तो_वोट_नही @BJP4India  #BengalViolence  #BengalElection2021  #BengalBurning  https://t.co/mv78BgxlhH https://t.co/He5eG6TbSS,NOT,NONE,0
hi_hasoc_2021_3228,#ModiKaVaccineJumla #ModiResign #IndiaFightsCorona #PMCaresFund_का_हिसाब_दो #PMDoesNotCare https://t.co/6GisbnRoaT,NOT,NONE,0
hi_hasoc_2021_3875,यदि बंगाल में महिला गैंगरेप पर हम सब चुप हैं तो हमें अपना ऑक्सीजन चेक करने की कोई जरूरत नहीं है हम मर ही चुके हैं!  @AmitShah #BengalBurning #ViolenceInBengal,NOT,NONE,0
hi_hasoc_2021_3566,वैक्सीन: राज्यों/यूटी को अगले 3 दिनों में दी जाएंगी कोविड-19 वैक्सीन की 10 लाख+ डोज़: सरकार #CoronaVaccine #COVID19India #CovidVaccine #COVIDVaccination #IndiaFightsCorona https://t.co/JdxCIAXMAe,NOT,NONE,0
hi_hasoc_2021_4183,"*हो समय कितना भी भारी;* *हमने ना उम्मीद हारी;* *दर्द को झुकना पड़ेगा;* *रंज को रुकना पड़ेगा।*  *सब थके हैं, सब अकेले;* *लेकिन फिर आएंगे मेले;* *साथ ही लड़ना पड़ेगा;* *साथ ही चलना पड़ेगा।*    *रामधारी सिंह दिनकर* #COVIDSecondWave #COVIDEmergency2021 #COVID19India #CovidVaccine",NOT,NONE,0
hi_hasoc_2021_1834,#LaluPrasadYadav जी का जेल से छूटना और महरूम शहाबुद्दीन सहाब का जेल मैं खत्म होना   कुछ तो गोलमाल है  आरजेडी और बीजेपी की मिलीभगत है  #JusticeForShahabuddin #Bihar https://t.co/pgRyMO59fQ,NOT,NONE,0
hi_hasoc_2021_585,"शुक्रिया…""यादव परिवार""… एक बार और साबित करने के लिए कि ""कुफ़्फ़ार-ला-ऐतबार"" #shahabuddinsaheb  Cc: @yadavtejashwi #JusticeForShahabuddin https://t.co/iHeBJegWst",NOT,NONE,0
hi_hasoc_2021_843,"@OpIndia_com हम हिंदुओं को धरना नही, बदला चाहिए।  #BengalViolence #BengalBurning   https://t.co/74t3fjPDWb",NOT,NONE,0
hi_hasoc_2021_1624,झोला उठाइए और निकल जाए !  #ResignModi  #ResignPMmodi #ModiMustResign https://t.co/9OIaxHeMDi,NOT,NONE,0
hi_hasoc_2021_1884,मशहूर शायर इमरान प्रतापगढ़ी @ShayarImran भाई दीन दयाल उपाध्याय अस्पताल दिल्ली ओसामा साहब का साथ देने उनके पास पहुंच गये हैं हिना सहाब और ओसामा सहाब से दिल्ली पुलिस बात कर रही है इमरान भाई आपकी यही मोहब्बत आपको लोगों के दिलों में बिठाती हैं । #JusticeForShahabuddin,NOT,NONE,0
hi_hasoc_2021_3691,@AdnanAhmedRJD @RJDforIndia @yadavtejashwi  Sab याद रखा जाएगा यही se आपकी suruwat हुई यही से आप ख़त्म होंगे #JusticeForShahabuddin  #इस्तंद्विथोसमसहब,NOT,NONE,0
hi_hasoc_2021_1752,"मेरे दिल की हालत भी मेरे वतन जैसी है जिस को दी हुकूमत, उसी ने बर्बाद किया #JusticeForShahabuddin @aimim_national @RajatSharmaLive @ravishndtv",NOT,NONE,0
hi_hasoc_2021_1007,"मैं अकेला हूॅं, लेकिन फिर भी मैं हूॅं!  मैं सब कुछ नहीं कर सकता, लेकिन मैं कुछ तो कर सकता हूॅं!  और सिर्फ इसलिए कि मैं सब कुछ नहीं कर सकता, मैं वो करने से कभी पीछे नहीं हटूंगा जो मैं कर सकता हूॅं !! @ShayarImran @OfficeOfSalman  #JusticeForShahabuddin https://t.co/kFhSynOVdb",NOT,NONE,0
hi_hasoc_2021_3095,जो ताउम्र सबको उनका हक दिलाता रहा आज वो अपने हक की दो गज जमीं ना पा सका 😔              #JusticeForShahabuddin,NOT,NONE,0
hi_hasoc_2021_3708,जिस तरह ट्विटर ने सिलेकटिव होकर कंगना का अकाउंट सस्पेंड किया है वक्त आ गया है सरकार ट्विटर को ही भारत से सस्पेंड करे #bannedtwitter #BengalBurning #farjikisanandolan,NOT,NONE,0
hi_hasoc_2021_6078,@BJP4India @JPNadda भाजपा का देशव्यापी धरना देख के तृणमूल के गुंडों में डर का माहोल है  #SpinelessBJP #BengalBurning,NOT,NONE,0
hi_hasoc_2021_1822,@RubikaLiyaquat ये तो आप के लिए अच्छा है कुछ टॉपिक होना चाहिए दिखाने के लिए और उसको हिन्दू मुस्लिम कर के मोदी के लिए वोट को polarized कर दे   #AatmanirbharBharat  #ModiKaVaccineJumla  #ModiResign  #COVIDEmergency,NOT,NONE,0
hi_hasoc_2021_1047,क्या ग्रह मंत्री @AmitShah के स्थान पर @nitin_gadkari या @Gen_VKSingh को ग्रह मंत्री बनाए जाने का सही समय नहीं आ गया है। लोह पुरुष की पदवी समर्थक और जनता देती है जो अभी त्राहि-त्राहि कर रही है #BengalBurning #BengalViolence,NOT,NONE,0
hi_hasoc_2021_2525,"अगर धरना देने से सब सही हो जाता तो..  कुरुक्षेत्र में भी ""श्री कृष्ण"" जी ""अर्जुन"" को यही सलाह देते..। 🙏🙏🙏  #BengalBurning  #BengalViolence  #KhooniKhela  #WestBengalViolence https://t.co/KricDWTl2i",NOT,NONE,0
hi_hasoc_2021_2708,चलो  वक़्त में थोड़ा ठहर के देखे  ~~ @niksism6   --&gt;&gt; my thoughts on the YourQuote app at https://t.co/PEVD4AjLw8  --&gt;&gt; Retweet If You Like this।।  #niksismwrites✍️  #CoronaPandemic  #बज़्म  #शायरी  #IndiaCovidCrisis https://t.co/PAedmxvIZo,NOT,NONE,0
hi_hasoc_2021_2852,"@SureshPrasadR12 @Sumitchauhaan @bihar_police @BhimArmyChief @dm_rohtas @AmarJofficial @AISA_Bihar @BiharBsp @Teamkunalkishor @yadavtejashwi @TejYadav14 @RohtasPolice उनका पेट भर जाता है भाई।  ""अपना काम बनता तो भाड़ में जाए जनता"" बहुजन समाज एक हो जाओ नही हुए तो स्थित ओर भी गम्भीर होगी।",NOT,NONE,0
hi_hasoc_2021_1956,@rautsanjay61 @MamataOfficial @derekobrienmp @MahuaMoitra शर्म की बात तो शिवसेना के लिए है। जिस पार्टी को हिंदु हृदय सम्राट बला साहब ने सींचा आज वो बंगाल में हो रहे हिंदु नरसंहार और पलायन पर चुप्पी साधे है। और ममता को शेरनी बोल कर तारीफ के कलमे पढ़ रही है  घोर पतन ! राम राम  @ShivSena #BengalBurning #BengalViolence  #Mamata #Modi #Hindu,NOT,NONE,0
hi_hasoc_2021_2800,"""हमको ध्यान रखना होगा के टीकाकरण केंद्र संक्रमण की जगह ना बन जाएं"": डॉ विवेक गोस्वामी, बाल रोग विशेषज्ञ, फोर्टिस  #Coronavirus #COVID19 #CovidVaccine https://t.co/OW9ueUbLJK",NOT,NONE,0
hi_hasoc_2021_3562,This statue is available to oxygen......  #NoVoteToBJP  #ModiKaVaccineJumla  #PMCaresFund_का_हिसाब_दो  #farmarprotest https://t.co/dka8imptph,NOT,NONE,0
hi_hasoc_2021_510,@NitishKumar प्लेस्मेंट कितना हुआ ? नेतागीरी और फूहड़ भोजपुरी फ़िल्म उद्योग के अलावा बिहारियों को आप लोगों ने दिया हीं क्या है! 🤔🤔,NOT,NONE,0
hi_hasoc_2021_265,गुजरे हुए वक़्त में हुई गुस्ताखियों को माफ़ करना....   मौजूदा वक़्त में कौन सा ट्वीट आखिरी हो इसका पता नही..!! 😥😥 #ExitModi #COVID19  #IndiaCovidCrisis https://t.co/MstoxAw0Mg,NOT,NONE,0
hi_hasoc_2021_45,ये किसने कहा था ? #YESUNG #win #vaccinated #tiktokdown #stayspacex #ResignModi #quackity #PresidentRuleInBengal #HBDThalaAjith #GoodGirls #EfYam #exrosmello #dogecoin #COVID19 #BengalBurning #ARSD https://t.co/SyAgvsrrjB,NOT,NONE,0
hi_hasoc_2021_281,"बंगाल के मुस्लिम बहुल इलाकों की हिंसा में ज्यादातर शिकार दलित आदिवासी हिंदू,  कहां है चंद्रशेखर रावण ? #Bengal #BengalBurning",NOT,NONE,0
hi_hasoc_2021_5374,@INCIndia मोदी तुम इस्तीफा दो हम तुम्हारे साथ है #ResignModi  #Resign_PM_Modi  #ModiHataoDeshBachao https://t.co/spsvPTov8W,NOT,NONE,0
hi_hasoc_2021_5793,@Pramodr06577443 @common000786 मोदी तुम इस्तीफा दो हम तुम्हारे साथ है #ResignModi  #Resign_PM_Modi  #ModiHataoDeshBachao https://t.co/spsvPTov8W,NOT,NONE,0
hi_hasoc_2021_3667,"#WestBengal  में चलो #India हार गया , रोज़ अस्पतालों में तो भारत  जीत रहा है ना।  वो तुम्हें #बंगाल पर ले जाएंगे । तुम #कोरोना पर अड़े रहना ।। आम लोगों के लिए ऑक्सीजन , बेड ,दवा की मांग करते रहना ।  #COVID19 #CoronaPandemic #coronavirus #CovidVaccine #lifestyle #India #delhi https://t.co/5vw0BuRWuu",NOT,NONE,0
hi_hasoc_2021_2197,देश में कोविड वैक्सीन पर्याप्त मात्रा में उपलब्ध है। देखिए 6 मई 2021 तक देश भर में #COVIDVaccine की खपत और उपलब्धता के आकंड़े। कोरोना वैक्सीन से जुड़ी नवीनतम जानकारी के लिए विजिट करें: https://t.co/s11K0aerPd #IndiaFightsCorona #TogetherWeCan https://t.co/deCZXu4nZg,NOT,NONE,0
hi_hasoc_2021_200,Thank you #NHS 🤗 #CovidVaccine https://t.co/VOXbOKAUF5,NOT,NONE,0
hi_hasoc_2021_348,@JPNadda भाजपा का देशव्यापी धरना देख के तृणमूल के गुंडों में डर का माहोल है  #SpinelessBJP #BengalBurning,NOT,NONE,0
hi_hasoc_2021_3682,#SuperSpreaderModi #ModiDisasterForIndia  #ResignModi #Resign_PM_Modi  #VaccineRegistration  #cowinregistration #KindAttnPMNarendraModi #कृषि_कानून_रद्द_करने_पड़ेंगे https://t.co/8PbA2DSwej,NOT,NONE,0
hi_hasoc_2021_2874,ना CONGRESS अहसान जाफरी के साथ❗ ना SP आज़म के साथ❗ ना BSP मुख़्तार के साथ❗ ना RJD शाहबुद्दीन के साथ❗ Use &amp; Throw #JusticeForShahabuddin https://t.co/tMkH9Cjk3Q,NOT,NONE,0
hi_hasoc_2021_2739,पिता की मैय्यत को ससम्मान तदफीन नहीं कर पाना…इतना मजबूर तो आजतक सिवान का एक आम मुसलमान भी खुद को मासूस नहीं किया होगा… दुआ की गुज़ारिश है…😢 #JusticeForShahabuddin,NOT,NONE,0
hi_hasoc_2021_942,रोहित सरदाना का शव कोविड पॉज़िटिव होने के बावजूद  पैतृक गांव कुरुक्षेत्र भेज दिया जाता है। शहाबुद्दीन साहब की रिपोर्ट नेगेटिव होने के बावजूद भी आखरी दीदार का हक़ परिवार से छीनकर जनाज़ा सिवान नही भेजा जाता। ये है असली इस्लामोफोबिया😡 #Islamophobia_in_india #JusticeForShahabuddin,NOT,NONE,0
hi_hasoc_2021_2038,"@BJP4India अगर धरना देने से सब सही हो जाता तो, कुरुक्षेत्र में "" श्री कृष्ण "" भी अर्जुन को यही उपदेश दिए होतें ✍ जय श्री राम 🙏🙏🚩🚩  #CruelMamata   #PresidentsRuleinBengal   #BengalBurning",NOT,NONE,0
hi_hasoc_2021_176,Thanks a lot for your prayers. We need more of that #BengalBurning #राष्ट्रपति_जी_बंगाल_संभालो https://t.co/9hbqs3g6RH,NOT,NONE,0
hi_hasoc_2021_2747,@IndiaToday ONCE IN A CENTURY  @narendramodi @PMOIndia  #मनहुस_मोदी का साया मेरे देश के ऊपर से हट जाएगा आर्मी सारा काम संभाल रही है दवाई ऑक्सीजन आदि भी तेरे राजनीति से मुक्त हो जायेगी सभी के अपने अकालमृत्यु मर रहे है  #ResignModi मानवता केलिऐ #Resign_PM_Modi देशभक्त हो तो,NOT,NONE,0
hi_hasoc_2021_1032,#OPS #BanEVM #पुरानी_पेंशन_बहाल_करो #FarmersProtest #SpeakUpForFarmers #StopPrivatization #ModiMadeDisaster #NPS_भारत_छोड़ो #NPS_QUIT_INDIA #NPSनिजीकरणभारतछोड़ो #OPS_कर्मचारी_का_अधिकार #NPSनिजीकरणकेख़िलाफ़_इंक़लाब #स्वास्थ्य_क्षेत्र_मे_बजट_बढ़ाओ #Resign_PM_Modi #Vaccine_और_MSP_दो https://t.co/E9VWaa6I3d,NOT,NONE,0
hi_hasoc_2021_803,"@varunpuri1984 दो मिनट का मौन उनके लिए भी जिनको बंगाल में चुनावी रैली दिखी ,  कोरोना दिखा किन्तु अब हिंसा , लूट अग्निकांड और महिलाओं को लुटती इज़्ज़त नहीं दिख रहीं 😡😡  #PresidentsRuleinBengal  #BengalBurning  #BengalViolence  #KhooniKhela  #WestBengalViolence",NOT,NONE,0
hi_hasoc_2021_2768,@aajtak @ABPNews @ndtvindia @News18India @indiatvnews  सब को अपनी औकात यूपी में ही दिखानी है।गुदा है तो बंगाल से जा कर रिपोर्टिंग करो और लोट लोट के न्यूज दिखाओ। #BengalBurning  #PresidentRuleInBengal @BycottAajtak @sambitswaraj https://t.co/t7JtsnV5zE,NOT,NONE,0
hi_hasoc_2021_1373,【दिलचस्प जानवर♯77】https://t.co/t4FzRPuEbv Animal happening that makes me laugh from the bottom of my heart for a few minutes. मैं हँसूँगा of ऐसा जानवर जो मुझे अपने दिल के नीचे से कुछ मिनटों के लिए हँसाता है 笑っちゃった・数分間心から爆笑する動物ハプニング,NOT,NONE,0
hi_hasoc_2021_2710,"@narendramodi बेटा तुमसे न‌ हो पायेगा ,  #Resignmodi",NOT,NONE,0
hi_hasoc_2021_3287,चालान काट दो  हजार - दो हजार का 0.26 पैसे का तुम पर  मास्क नहीं बांटा जाता ... #मोदी_का_सिस्टम_ले_डूबा  #ModiKaVaccineJumla  #ModiDisasterForIndia  #मोदी,NOT,NONE,0
hi_hasoc_2021_3060,#ModiKaVaccineJumla #ModiResign #IndiaFightsCorona #PMCaresFund_का_हिसाब_दो #PMDoesNotCare https://t.co/hFeiufQOVj,NOT,NONE,0
hi_hasoc_2021_1133,"*झारखण्ड कोविड वार रूम के सम्पर्क नम्बर्स* #jharkhandfightscorona #westandunited #IndiaCovidCrisis #IndiaFightsCorona JHALSA :-9155509367 RANCHI: - 9852361365, 8757137746, 7870262883, 9334941801, 06512223351 / 9431319907",NOT,NONE,0
hi_hasoc_2021_5140,@uttammeena21 काला कुत्ता लिखना चाहता था  बोले तो पीडी का भाई जिसके हिस्से के बिस्किट हिमंता बिस्बा सरमा को ऑफर किये गए थे......,NOT,NONE,0
hi_hasoc_2021_3959,#ModiKaVaccineJumla #ModiResign #IndiaFightsCorona #PMCaresFund_का_हिसाब_दो #PMDoesNotCare https://t.co/ac5fiuxa13,NOT,NONE,0
hi_hasoc_2021_2700,"@JPNadda आप लोग उत्तर प्रदेश गंवा देंगे, लिख कर रख लीजिए!!  #बंगाल_हिंसा  #BengalBurning",NOT,NONE,0
hi_hasoc_2021_590,"“हम अंधेरों का साथ दे बैठे अब चिताओं से मुल्क रौशन है हम रहें या न रहें,जमाना तो रहेगा वक्त के साथ लोग  याद  रखेगें इस दौरे हुकूमत की नाकामियों को”   #ResignModi",NOT,NONE,0
hi_hasoc_2021_4819,@anuragspparty आप चुप रहो,NOT,NONE,0
hi_hasoc_2021_2928,@BJP4India @JPNadda सिर्फ साथ खड़े रहकर तमाशा ना देखे🙏  #बंगाल_में_राष्ट्रपति_शासन_हो  #PresidentsRuleinBengal  #BengalBurning #BengalViolence https://t.co/a1uM8d1RyF,NOT,NONE,0
hi_hasoc_2021_2558,#JusticeForShahabuddin  सब याद रखा जाएगा...  @ShayarImran,NOT,NONE,0
hi_hasoc_2021_50,अगरआज @BJP4India की ताकत धरना देने की  है तो आप को मिली बहुमत किसी काम की नहीं आप को चुनना देश की सबसे बड़ी गलती थी   धरना तो विपक्ष देता है  सरकार काम करती है  जो नही करती जनता फिर उसका काम तमाम करती है #SpinelessBJP #CruelMamata #बंगाल_हिंसा #BengalBurning https://t.co/3Mq2RzfYEe,NOT,NONE,0
hi_hasoc_2021_3192,जो शहाबुद्दीन के साथ हैं वो इस ट्वीट को रीट्वीट करें और इस हैसटैग पर ट्वीट करें #JusticeForShahabuddin,NOT,NONE,0
hi_hasoc_2021_3389,"आप oxygen cylinder नहीं खरीद पा रहे,वहां बंगाल में अब विधायकों की मंडी लगेगी 🙏🏻 #IndiaCovidCrisis #COVID19",NOT,NONE,0
hi_hasoc_2021_3497,"@PoonamBrdwj आज ‘साहेब’ का TV चैनलों को नया फ़रमान!  • #COVID19 पर चर्चा बंद करो। • #OxygenShortage पर चर्चा बंद करो। • #REMDESIVIR नही हैं, चर्चा बंद करो। • #Tocilizumab नही है, चर्चा बंद करो। • #HospitalBed पर चर्चा बंद करो।  केवल चुनाव पर चर्चा करो। #ModiKaVaccineJumla  #ModiResign",NOT,NONE,0
hi_hasoc_2021_1680,"बुलबुल को बागबां से न सैयाद से गिला, किस्मत में कैद लिखी थी फसल-ए-बहार में… दिन ज़िन्दगी खत्म हुए शाम हो गई, फैला के पांव सोएंगे कुंज-ए-मज़ार में… कितना है बदनसीब ""शाहाब"" दफ्न के लिए, दो गज़ ज़मीन भी न मिली कू-ए-यार में! #JusticeForShahabuddin #जस्टिस_फॉर_शहाबुद्दीन",NOT,NONE,0
hi_hasoc_2021_2332,@RohiniAcharya2 चेहरा छुपा लिया है किसी ने हिजाब में  जी चहता है आग लगा दूं उनके नकाब में ! #JusticeForShahabuddin,NOT,NONE,0
hi_hasoc_2021_4325,@sujitsingh__ मोदी तुम इस्तीफा दो हम तुम्हारे साथ है #ResignModi  #Resign_PM_Modi  #ModiHataoDeshBachao https://t.co/spsvPTov8W,NOT,NONE,0
hi_hasoc_2021_3972,@imtiaz_jaleel हमें आप लोगों से उम्मीद है कि आप लोग #ShahabuddinSaheb के साथ जो हुआ उस से सबक लेंगे और #आज़म_खान साहेब की रिहाई के लिए एक्शन लेंगे! #आजम_खान_की_जान_बचाओ  #JusticeForShahabuddin,NOT,NONE,0
hi_hasoc_2021_302,आज भाजपा दिल्ली कैंट मंडल के पदाधिकारियों द्वारा खूनी @AITCofficial सरकार के विरोध में प्रदर्शन किया गया। बंगाल में कानून व्यवस्था धवस्थ हो चुकी है @MamataOfficial के नेतृत्व में TMC कार्यकर्ता देश की लोकतांत्रिक नींव को नष्ट कर रहे हैं। #BengalBurning  @adeshguptabjp @BJP4Delhi https://t.co/RRpMQdW1zE,NOT,NONE,0
hi_hasoc_2021_4198,"केंद्र की कोरोना के असफलता को छिपाने की साजिश हो सकती है बंगाल हिंसा, हो सकता है खुद से प्रायोजित की गई हो, आपकी क्या राय है ? #BengalBurning #Bengalisburning",NOT,NONE,0
hi_hasoc_2021_3975,"संघ को जानना है तो (केरल, कश्मीर, बंगाल से भागकर) शाखा में आईये। केन्द्र में होकर भी एक पैसे का साहस नहीं है इनलोगों में। बस हिन्दुओं की लाश पर रोटी सेंकने का प्रशिक्षण मिला है। स्वयं नष्ट होना चाहते हो तो डूब मरो। बाकियों को क्यों कटवा रहे हो ? #BengalBurning  #BengalViolence",NOT,NONE,0
hi_hasoc_2021_4786,"अरे चुप रहो तुम सब~मोदीजी से इतनी जलन क्यों है भाई..?  जीवित लोगों का तो बात ही छोड़ो, मरे हुए लोगों को भी आजकल बिल्कुल मुफ्त में टीका लग रहा है, मोदीजी के गुजरात में।  बड़े आए मोदीजी के विरोध करने वालों......... हुमममममममम #मुर्दा_मोदीजी_के_साथ_हैं 😎",NOT,NONE,0
hi_hasoc_2021_2598,"@AnilsriLucknow @Dr_Uditraj दोस्तों, आओ हम सब सर्वसम्मति से महान अर्थशास्त्री, धुरंधर वैज्ञानिक, अंतर्राष्ट्रीय किसान, भयंकर सवर्ण-दलित मसीहा #चुदित राज जी को खांग्रेस #अध्यक्ष एवं #पलधानमंतली बनाएं !!🙏 ""सभी #समस्याएं समाप्त"" #उदित_राज_को_अध्यक्ष_बनाओ_बे @Dr_Uditraj  #CovidVaccine https://t.co/HrWBrorcLe",NOT,NONE,0
hi_hasoc_2021_6120,@bachpanamitabh @GaddaJP #Hindus DYING #HindusLivesMatter   #KindAttnPMNarendraModi  #coronasecondwaveinindia #ModiMadeDisaster #ResignModi    #BJP #RSS LIARS   I WARNED 2 YRS BACK #RSSTerrorists BANNED BY SARDAR PATEL IGNORED  #शेर_नहीं_भेड़िया_पाल_लिया_भक्तो  #MautKaSaudagar,NOT,NONE,0
hi_hasoc_2021_3000,@ppbajpai बंगाल में हो रही BJP कार्यकर्ताओं की नृशंस हत्या पर  चुप हैं !क्या साँप सूंघ गया क्या ? @ppbajpai  #BengalBurning,NOT,NONE,0
hi_hasoc_2021_6069,@AamAadmiParty @raghav_chadha मोदी तुम इस्तीफा दो हम तुम्हारे साथ है #ResignModi  #Resign_PM_Modi  #ModiHataoDeshBachao https://t.co/spsvPTov8W,NOT,NONE,0
hi_hasoc_2021_1343,"बंगाल में हो रही हत्या,बलात्कार और लूट की जिम्मेदारी किसकी हैं ?? #CruelMamata #BengalBurning",NOT,NONE,0
hi_hasoc_2021_213,अड़े थे ज़िद पे के सूरज बनाके छोड़ेंगे  पसीने छूट गए एक दीया बनाने में  मेरी निगाह में वो शख्स आदमी भी नहीं  जिसे लगा है ज़माना खुदा बनाने में  अभी इन्हें न परेशान करो मसीहाओं  मरीज़ उलझे हुए हैं दवा बनाने में  #ModiKaVaccineJumla  #ModiResign @narendramodi @PMOIndia,NOT,NONE,0
hi_hasoc_2021_2297,इस तरह की अफवाह फैलाने वाले को सजा होनी चाहिए इस्लाम धर्म की खूबसूरती को बदनाम करने की साजिश है। #BengalBurning #BengalElection2021 https://t.co/FvD2JSUtUa,NOT,NONE,0
hi_hasoc_2021_1907,Condition Of Bengal is Horrible...!  How Can Common People lives??   #BengalBurning #BengalViolence #Bengalisburning #PresidentsRuleinBengal #राष्ट्रपति_जी_बंगाल_संभालो https://t.co/q2oSp9386B,NOT,NONE,0
hi_hasoc_2021_3789,जब शहाबुद्दीन अपनी आखिरी सांसे ले रहे थे तब से लेकर दफनाने तक कहा था लालू परिवार ? और कहा थे उनके पार्टी के नेता ?  क्यों उनकी बॉडी बिहार लेजाने नहीं दी ?  उनकी मौत हुई है या उन्हें मेरा गया है ?  #JusticeForShahabuddin https://t.co/nRuyHZRCZq,NOT,NONE,0
hi_hasoc_2021_3976,दिल्ली में दंगे हुए चुप बंगलोर में हुए चुप पंजाब पे चुप लाल किले पे तिरंगे का अपमान चुप अंतराष्ट्रीय मीडिया में अपमान चुप बंगाल में सरेआम कत्ल और पलायन अब भी चुप सब यही कहते और सोचते थे कि अरे मोदी जी हैं शाह जी हैं पर हुआ ये की हथिया आइल हथिया आइल हथिया पदलस भों। #BengalBurning,NOT,NONE,0
hi_hasoc_2021_4083,अवैध रूप से मवेशियों को ठूंसकर ले जा रहा कंटेनर पलटा - https://t.co/QTcw7C1yie https://t.co/6jTfNd6CIj,NOT,NONE,0
hi_hasoc_2021_1205,"@Ijantajanardan @Dr_Uditraj दोस्तों, आओ हम सब सर्वसम्मति से महान अर्थशास्त्री, धुरंधर वैज्ञानिक, अंतर्राष्ट्रीय किसान, भयंकर सवर्ण-दलित मसीहा #चुदित राज जी को खांग्रेस #अध्यक्ष एवं #पलधानमंतली बनाएं !!🙏 ""सभी #समस्याएं समाप्त"" #उदित_राज_को_अध्यक्ष_बनाओ_बे @Dr_Uditraj  #CovidVaccine https://t.co/HrWBrorcLe",NOT,NONE,0
hi_hasoc_2021_1709,@narendramodi जी बंगाल की हालत देखिये।कार्यकर्ताओं में एक आस है कि आप कुछ करेंगे इनकी रक्षा करये। @AmitShah @JPNadda @BJP4India @BJYM  #BengalViolence #BengalBurning  #ShameOnMamata #ShameOnTMC https://t.co/lWTq5sgjXa,NOT,NONE,0
hi_hasoc_2021_3641,@ndtv मोदी तुम इस्तीफा दो हम तुम्हारे साथ है #ResignModi  #Resign_PM_Modi  #ModiHataoDeshBachao https://t.co/spsvPTov8W,NOT,NONE,0
hi_hasoc_2021_2321,Trending now. #नरेंद्र_मोदी_ग्लोबल_पप्पू_है  #मोदी_भगाओ_देश_बचाओ  #मोदी_इस्तीफा_दो  #ResignModi  #ModiMustResign https://t.co/iJp5YF5FHP,NOT,NONE,0
hi_hasoc_2021_2641,चाणक्य ने कहा था कि जो राजा अपने लोगों को पुरस्कृत और दुश्मनों को दण्डित नहीं कर सकता उसका अंत निश्चित है.🙏🏻 #BengalBurning  @Kanchansinghch2 @vishal_pratap06 @vishalurl @VeDikaS16 @vikasawasthi274 @Deepaktrss @AmitShah @AshwiniUpadhyay @Preeti_2202 @Brand_Anuj,NOT,NONE,0
hi_hasoc_2021_366,"CM भूपेश बघेल आज कोरोना संक्रमण और उपायों की करेंगे बैठक, मंत्रियों और अधिकारियों से होगी चर्चा  https://t.co/M0p6e4UCrG  #bhupeshbaghel #meeting #Ministers #COVIDSecondWave #CovidVaccine #NewsUpdate",NOT,NONE,0
hi_hasoc_2021_1356,"ना जानें कितने ""चिरागों"" को मिल गई शोहरत एक ""आफताब"" के बे वक्त डूब जाने से ।  #JusticeForShahabuddin",NOT,NONE,0
hi_hasoc_2021_6108,Mr.  PM @narendramodi &amp; HM @AmitShah   आँखों मे पट्टी बांध ली क्या आपने?  @sambitswaraj @anujdhar  @KapilMishra_IND @majorgauravarya  #BengalBurning #BengalViolence  #Bengalisburning https://t.co/ItMLMLTiDD,NOT,NONE,0
hi_hasoc_2021_508,"बंगाल हिंसा के पीड़ितों की मदद के लिए आगे आए भाजपा नेता कपिल मिश्रा, कहा, जो कश्मीर में हुआ वो दोबारा नहीं होने देंगे। #Bengalvoilence #BengalElection2021 #BengalBurning @KapilMishra_IND @anirbanganguly @BJP4India @JPNadda @DilipGhoshBJP @KailashOnline https://t.co/K8qlTdcHUQ",NOT,NONE,0
hi_hasoc_2021_2885,"मरहूम को सुपर्द ए खाक कर दिया गया, अल्लाह शहाबुद्दीन साहब को जन्नत उल फिरदौस में जगह दे, ओसामा शहाब को हिम्मत व हौसला दे… #ShahabuddinSaheb #JusticeForShahabuddin https://t.co/yu9SswAaoa",NOT,NONE,0
hi_hasoc_2021_1976,पश्चिम बंगाल हिंसा से जोड़कर शेयर किया जा रहा वीडियो आंध्र प्रदेश में कोरोना पीड़ित परिवार का https://t.co/1bVhTqGLTA   #spinelessmodi #SpinelessBJP #CruelMamata #BengalBurning #ShameOnMamata #ModiAbandonedIndia,NOT,NONE,0
hi_hasoc_2021_1835,"@BJP4India को वोट दिया है और शायद देंगे भी, लेकिन भाई अगर अपनी रक्षा खुद ही करनी है तो अभी से त्यारी करो। #BengalElection2021 #BengalBurning #bengalvoilence",NOT,NONE,0
hi_hasoc_2021_1892,"#अजब_गजब न खेलम न खेले देम, खेलवे बिगाड़ देम  इसी पद्धति पर सरकार के आला अधिकारी काम कर रहे हैं। #IndiaFightsCorona  #IndiaCovidCrisis https://t.co/kQ0mlxPMKo",NOT,NONE,0
hi_hasoc_2021_414,ज़िंदगी और मौत दोनों से डर रहे है। बंदे में कुछ तो ख़ास बात थी। इसलिए ही लाश देने से डर रहे है। #JusticeForShahabuddin,NOT,NONE,0
hi_hasoc_2021_4044,Rohit Sardana  Rest In Peace 🙏  देश और देश के नागरिकों को इस से लड़ना है हम हार नहीं मानेंगे हम इस से लड़ेंगे और जीतेंगे भी 🇮🇳 जय हिंद   Go corona go   #Chinesevirus 🤬 #WuhanVirus 🤬  🇮🇳💪  #Unite2FightCorona  #IndiaFightsBack,NOT,NONE,0
hi_hasoc_2021_4981,गधा धोएर गाई हुँदैन  भन्दै शुभरात्री टक्र्याउन चाहान्छु,NOT,NONE,0
hi_hasoc_2021_51,#SuperSpreaderModi #ModiDisasterForIndia  #ResignModi #Resign_PM_Modi  #VaccineRegistration  #cowinregistration #KindAttnPMNarendraModi #किसानों_का_मोदी_को_धोबीपटका https://t.co/oXrpanrIkQ,NOT,NONE,0
hi_hasoc_2021_2875,"@LucknowMsk न मूर्ख हैं,न जनता को मूर्ख मान लिए हैं, ये जनता को मूर्ख बनाने की होड़ में लगे हैं कुछ तो जबाब देना ही पड़ेगा।",NOT,NONE,0
hi_hasoc_2021_3862,#Hindus DYING #HindusLivesMatter   #KindAttnPMNarendraModi  #coronasecondwaveinindia #ModiMadeDisaster #ResignModi    #BJP #RSS LIARS   I WARNED 2 YRS BACK #RSSTerrorists BANNED BY SARDAR PATEL IGNORED  #शेर_नहीं_भेड़िया_पाल_लिया_भक्तो  #MautKaSaudagar https://t.co/1Yv3qB9NVD,NOT,NONE,0
hi_hasoc_2021_2281,#AAP  के विधायक ने  माना कि   #दिल्ली में जनता की दुर्दशा सहूलियत ना मिलने के कारण है ! तो फिर आप की सरकार कर क्या रही है? #DelhiNeedsOxygen  #CovidVaccine https://t.co/SYk4ncbIEY,NOT,NONE,0
hi_hasoc_2021_2644,क्या साबुद्दीन का RJD ने लालू जी के बदले  सौदा किया  आपकी क्या राय है #JusticeForShahabuddin,NOT,NONE,0
hi_hasoc_2021_3217,समुद्र के सामने भी भगवान श्रीराम ने पहले धरना दिया था और उसके बाद धनुष पर प्रत्यंचा भी चढ़ाई।  बिनय न मानत जलधि जड़ गए तीनि दिन बीति। बोले राम सकोप तब भय बिनु होइ न प्रीति॥ @narendramodi @AmitShah #बंगाल  #BengalBurning https://t.co/rIGSg8J7hZ,NOT,NONE,0
hi_hasoc_2021_491,"@rssurjewala @INCIndia मैं देश को बताना चाहता हु, मेरा घर इसी के रास्ते में पड़ता है, पिछले 8 महीनो से काम बंद है। अब आप लोग देख लो ये लोग कितने नीचे गिर चुके है। #IndiaCovidCrisis  @BJP4India @RahulGandhi #CoronaPandemic",NOT,NONE,0
hi_hasoc_2021_2136,#ममता की #निर्ममता की पराकाष्ठा .... जबरन करने पर उसने हाथ जोड़ मौत ही माँगी होंगी पर #Tmcके_दरिंदो ने मिलकर उस अकेली को सारी रात #नोचा_तार_तार किया ओर फिर #मार दिया। जुर्म बस इतना कि चुनाव में Bjp को समर्थन पर #ममता_मौन हे।  #ShameOnMamata #CruelMamata #TMCTerror #BengalBurning https://t.co/aqauDVNktr,NOT,NONE,0
hi_hasoc_2021_23,#corona #ModiKaVaccineJumla #coronavirus  कोरोना से संबंधित किसी भी प्रकार के लक्षण दिखने या कोरोना के बारे में जानकारी हेतु फ्री सेवा फोन पर प्राप्त करने के लिए dr Harjot Singh(MD) को फोन करे और फ्री एडवाइस पाए। कॉल टाइम सुबह 10 से रात 10 बजे तक। mobile no-7973545104,NOT,NONE,0
hi_hasoc_2021_838,Finally! Twitter has been sanitized.😂 #WellDoneTwitter ❤️   Suspend it Permanently never let this virus #KanganaRanaut bark again #Resign_PM_Modi #ResignModi #FarmersProtest #BanEVM_SaveDemocracy #Ban_Evm #कृषि_कानून_रद्द_करने_पड़ेंगे https://t.co/IGKAzP03Jg,NOT,NONE,0
hi_hasoc_2021_1354,@druditatyagi बहुत अत्याचार हो रहा है इन लोगों के ऊपर  हे प्रभु रक्षा करना इन लोगों की हालत देखकर मैं भी आज बहुत रो रही हूं😥😥😥 पूरा देश रो रहा है😥😥😥😥 क्या यही था हिंदुओं की रक्षा करने का संकल्प @BJP4India  #BengalViolence  #BengalBurning  #CruelMamata,NOT,NONE,0
hi_hasoc_2021_1210,गुंडाराज चरम पर है । #BengalBurning https://t.co/697j7dBHnP,NOT,NONE,0
hi_hasoc_2021_1430,@SitaSorenMLA @yadavtejashwi @RabriDeviRJD @DrTanweerHassan @RJDforIndia @TejYadav14 @Siwan_Rjd @aimim_national @AshrafFem @asadowaisi हम केंद्र सरकार से #CBI जांच की मांग करता हूँ ओ भी सुप्रीम कोर्ट की निगरानी में निष्पक्ष जांच की मांग करता हूँ इश्मे दोषी लोगो को फांसी की सजा होनी चाहिए #JusticeForShahabuddin,NOT,NONE,0
hi_hasoc_2021_1863,फुर्सत मे बनाए जाते हैं हम जैसे लोग...  जो शक्ल से शरीफ और दिमाग से कमीने होते हैं ...  केवल विरोधियों के लिये !,NOT,NONE,0
hi_hasoc_2021_2377,सभी देश मिलकर चाइना को खत्म करे।   #ChineseVirus,NOT,NONE,0
hi_hasoc_2021_1537,"शिकायत संख्या: 36967 #रांची_नगर_निगम क्षेत्र के गोसाई टोली, चुटिया, वार्ड नं 34 में मच्छरों का प्रकोप बढ़ गया था जिससे स्थानीय लोगों को काफी परेशानी हो रही थी। अतः स्थानीय निवासी भारती जी ने झारखण्ड सरकार..(1/3) @HemantSorenJMM @JharkhandCMO @vijayajadhavias https://t.co/mQuy1eTIKW",NOT,NONE,0
hi_hasoc_2021_2509,@ashokgehlot51 @drharshvardhan @RaghusharmaINC @narendramodi @RajCMO कोई प्राइवेट हॉस्पिटल खुले में 1250 में वेक्सिन्स लगाकर ज्यादा पैसे वसूल रहा है क्या आपका इसपर कोई कंट्रोल नही है @fortis_hospital #fortis #CovidVaccine https://t.co/icOxJXhztG,NOT,NONE,0
hi_hasoc_2021_4412,@sakshijoshii @tehseenp मोदी तुम इस्तीफा दो हम तुम्हारे साथ है #ResignModi  #Resign_PM_Modi  #ModiHataoDeshBachao https://t.co/spsvPTov8W,NOT,NONE,0
hi_hasoc_2021_2982,@fayedsouza @gopalkagarwal मोदी तुम इस्तीफा दो हम तुम्हारे साथ है #ResignModi  #Resign_PM_Modi  #ModiHataoDeshBachao https://t.co/spsvPTov8W,NOT,NONE,0
hi_hasoc_2021_2301,"@Shivi05tsm @Dr_Uditraj दोस्तों, आओ हम सब सर्वसम्मति से महान अर्थशास्त्री, धुरंधर वैज्ञानिक, अंतर्राष्ट्रीय किसान, भयंकर सवर्ण-दलित मसीहा #चुदित राज जी को खांग्रेस #अध्यक्ष एवं #पलधानमंतली बनाएं !!🙏 ""सभी #समस्याएं समाप्त"" #उदित_राज_को_अध्यक्ष_बनाओ_बे @Dr_Uditraj  #CovidVaccine https://t.co/HrWBrorcLe",NOT,NONE,0
hi_hasoc_2021_923,रोहित सरदाना का शव कोविड पॉज़िटिव होने के बावजूद  पैतृक गांव कुरुक्षेत्र भेज दिया जाता है। शहाबुद्दीन साहब की रिपोर्ट नेगेटिव होने के बावजूद भी आखरी दीदार का हक़ परिवार से छीनकर जनाज़ा सिवान नही भेजा जाता। ये है असली इस्लामोफोबिया #Islamophobia_in_india #JusticeForShahabuddin,NOT,NONE,0
hi_hasoc_2021_3798,"वैक्सीन लगाने के‌ लक्ष्य से मोदी सरकार कोसों दूर है,इस समय ऑक्सीजन आयात करो को मुद्दा बनाया है,कोरोना की अगली आंधी में नर्स-डाक्टर आयात करो मुद्दा रहेगा। #ModiKaVaccineJumla",NOT,NONE,0
hi_hasoc_2021_4006,इन्हें मरते लोगों और ऑक्सीजन की नहीं इमेज की चिंता है!😤 #ResignModi #ModiMadeDisaster #IndiaNeedsOxygen https://t.co/6lvaVDbZLY,NOT,NONE,0
hi_hasoc_2021_1400,"हम लोग सोचते थे के RJD साथ है मगर एक धोका के सेवा कुछ नहीं, याद रखना @yadavtejashwi ये भूला नहीं आएगा @RJDforIndia #JusticeForShahabuddin https://t.co/R581t9IwrU",NOT,NONE,0
hi_hasoc_2021_1981,"@BiharTakChannel @khesariLY और हाँ तुमने बोला कि #भोजपुरी  को तुम आगे बढ़ा रहे हो, तुम जैसे  #लोगों की #फूहड़_गीतों की वजह से मेरे जैसा ब्यक्ति #भोजपुरी गाने जल्दी सुनता नहीं, अगर ऐसे आगे बढ़ाना है भोजपुरी को तो कृप्या रहने दो। गलत गलत है चाहे #तुमने किया या किसी दूसरे ने। @NitishKumar @PMOIndia",NOT,NONE,0
hi_hasoc_2021_1138,"फ़िल्म नायक मे एक सीन है जब ""अमरीश पुरी"" चुनाव हार जाता है तो हर जगह “दंगे” करवाना शुरू कर देता है  वही ""दिल्ली"" में हुआ था और अब ""बंगाल"" में हो रहा है #बंगाल_हिंसा #BengalBurning  #BjpDestroyedIndia #India #ModiDisasterForIndia",NOT,NONE,0
hi_hasoc_2021_245,#बीजेपी ने दीदी को बस इस लिए नही हराया क्यों की ई वी एम पर सवाल उठ जाता । वर्ना मोदी जी चाहे तो ममता को उनका वोट भी न मिले ।  #ॐशांतिॐ #Resign_PM_Modi  #मोदी_इस्तीफा_दो  #मोदी_है_तो_मुनकिन_है  #BjpDestroyedIndia  #ModiGovtSeNaHoPayega #evm #election #चुनाव_आयोग https://t.co/n0HjTNnqTg,NOT,NONE,0
hi_hasoc_2021_3441,जरा कोई बताएगा क्या किसी बी कांग्रेस वादी ने #CovidVaccine नही ली हो ।,NOT,NONE,0
hi_hasoc_2021_2336,अरे भाड़ में जाओ तुम और मेरी शायरी  हम फिरसे दीवाने हो जायेगे जिस दिन   हमे मिल गई कोई लड़की तुमसे भी प्यारी                        🤪🤪,NOT,NONE,0
hi_hasoc_2021_2858,जब पूर्व सांसद मोहम्मद शाहबुद्दीन की करोना रिपोर्ट नेगेटिव थे तो फिर उनकी इलाज में इतनी लापरवाही क्यों? #JusticeForShahabuddin,NOT,NONE,0
hi_hasoc_2021_2069,सरकारें आती-जाती रहती हैं। दलबदलू आते-जाते रहते हैं। जमीन वाले कार्यकर्ता जाते हैं तो आते नहीं। यकीन न हो तो कैडर आधारित रहे वामदलों का हाल देख लीजिए।  #BengalBurning पर दो बातें विस्तार से पढ़ने का लिंक   https://t.co/q1IQcKacEY  #BengalViolence #BJPSaveYourBengaliSupporters,NOT,NONE,0
hi_hasoc_2021_324,आइटीओ क़ब्रिस्तान में सुपुर्द-ए-ख़ाक हुए पूर्व सासंद डॉक्टर मोहम्मद शहाबुद्दीन। क़ब्रिस्तान के बाहर सुरक्षा के कड़े इंतजाम। अलविदा साहब  #JusticeForShahabuddin https://t.co/pZN3KT5g5A,NOT,NONE,0
hi_hasoc_2021_422,#OPS #BanEVM #पुरानी_पेंशन_बहाल_करो #FarmersProtest #SpeakUpForFarmers #StopPrivatization #ModiMadeDisaster #NPS_भारत_छोड़ो #NPS_QUIT_INDIA #NPSनिजीकरणभारतछोड़ो #OPS_कर्मचारी_का_अधिकार #NPSनिजीकरणकेख़िलाफ़_इंक़लाब #स्वास्थ्य_क्षेत्र_मे_बजट_बढ़ाओ #Resign_PM_Modi #COVID19India https://t.co/WlSwPHkgWC,NOT,NONE,0
hi_hasoc_2021_271,क्या साबुद्दीन का RJD ने लालू जी के बदले  सौदा किया आपकी क्या राय है...?  #JusticeForShahabuddin https://t.co/pdrmKwoyJG,NOT,NONE,0
hi_hasoc_2021_2220,वैक्सीन गलत जगह लग जाये तो शादी को ही अवैध बता दो। #नुसरत_जहां #nusratjahan https://t.co/202vX0f0JV,NOT,NONE,0
hi_hasoc_2021_2783,आज़म खान साहब का इलाज AIIMS में कराया जाए… शहाबुद्दीन साहब की तरह उन्हें सिस्टम भरोसे नही छोड़ सकते😢🙏 #JusticeForShahabuddin,NOT,NONE,0
hi_hasoc_2021_2781,@Nitinjain12345 बात तेजाब कांड की नही है..उसकी सज़ा तो उन्हे मिल ही रही थी.. बात ये है की इनको साजिश के तहत क्यू मारा गया.. इसलिए #JusticeForShahabuddin चल रहा है.. समझे,NOT,NONE,0
hi_hasoc_2021_354,@JPNadda जी #andolanjivi बनने से अच्छा है #SubhasChandraBose के पथ पर चलना l #BengalBurning #CruelMamata https://t.co/b1bpwJPx81,NOT,NONE,0
hi_hasoc_2021_1778,जो शहाबुद्दीन के साथ हैं वो इस ट्वीट को रीट्वीट करें और इस हैसटैग पर ट्वीट करें #Justiceforshahabuddin,NOT,NONE,0
hi_hasoc_2021_2550,"बंगाल हिंसा को लेकर सख्त हुए गृह मंत्री अमित शाह, जांच के दिए आदेश #BengalBurning  #BengalViolence",NOT,NONE,0
hi_hasoc_2021_2341,@JainKiran6 बंगाल के हिन्दुओ को बचा लीजिए मोदी जी अमित शाह जी ??? 🙏🙏🙏 #CruelMamata  #BengalBurning,NOT,NONE,0
hi_hasoc_2021_3621,"सतना : सांसद गणेश सिंह @GaneshSingh_in ने जिला चिकित्सालय में #covidvaccine का दूसरा डोज लगवाया। श्री सिंह ने सतना सभी नागरिकों से आग्रह किया कि वैक्सीन अवश्य लगाएं। यह हमें संक्रमण से बचाने में सहायक है। ""दवाई भी, कड़ाई भी"" के मंत्र का अवश्य पालन करें। #LargestVaccineDrive https://t.co/kBoDjAfCOd",NOT,NONE,0
hi_hasoc_2021_1670,"@Jyoti28031654 @Dr_Uditraj दोस्तों, आओ हम सब सर्वसम्मति से महान अर्थशास्त्री, धुरंधर वैज्ञानिक, अंतर्राष्ट्रीय किसान, भयंकर सवर्ण-दलित मसीहा #चुदित राज जी को खांग्रेस #अध्यक्ष एवं #पलधानमंतली बनाएं !!🙏 ""सभी #समस्याएं समाप्त"" #उदित_राज_को_अध्यक्ष_बनाओ_बे @Dr_Uditraj  #CovidVaccine https://t.co/HrWBrorcLe",NOT,NONE,0
hi_hasoc_2021_3333,शेर का बेटा है.. भाई पूरी कौम आपके साथ हैं.. उठो लड़ो संघर्ष करो. #JusticeForShahabuddin #istandwithosamasahab  @OsamaShahab_ https://t.co/4E8TryRRLe,NOT,NONE,0
hi_hasoc_2021_2911,@Bobby_Singh1506 @BotsHindi अपनी qayadat खड़ी करने लिए अाज जीरो तो कल नम्बर भी आएंगे नफरत हम करते हैं तो #Islamophobia  से,NOT,NONE,0
hi_hasoc_2021_3971,जो शहाबुद्दीन के साथ हुआ वो आज़म खान के साथ नहीं होना चाहिए इसलिए आइए हम सब आवाज उठाते हैं #JusticeForShahabuddin,NOT,NONE,0
hi_hasoc_2021_1453,किसी की जीत हुई  किसी की हार हुई  जनता की तो  जिंदगी उधार हुई।   सासों की भी  तुमने कर दी भारी कीमत  मौत ने दिखाई इंसानियत तुम्हारी हैवानियत से जिंदगी  शर्मसार हुई।   वेंटिलेटर पर है  देश -ऐ राजनेताओं बताओ तुम्हारा क्या है वेश। #IndiaCovidCrisis #IndiaFightsCOVID19  #Elections,NOT,NONE,0
hi_hasoc_2021_5939,साहब का पुराना रिकॉर्ड है... औरतों के सामने नही टिक पाते..!🤐 #ResignPMmodi #Didi,NOT,NONE,0
hi_hasoc_2021_1908,👉✍️जो पानी से नहायेगा वो  सीर्फ लिबाज बदल सकता है👈  लेकिन जो पसीने से नहाएगा   वो इतिहास बदल सकता है👈 osama bhai 🙏 #JusticeForShahabuddin,NOT,NONE,0
hi_hasoc_2021_2518,बंगाल के हालात देख कर @amirkhanmma @Javedakhtarjadu  इत्यादि को अब भारत में डर नहीं लग रहा क्या⁉️ #BengalBurning #BengalViolence #Bengal,NOT,NONE,0
hi_hasoc_2021_1270,"Utter Pradesh  के प्रशाशन की व्यवस्था देखने लायक है, वाह । साला किसी की मदद करना गुनाह हो गया है। ये है जनाब का रामराज्य।  #YogiAdityanath #Resign_PM_Modi #YogiJhootaHai  #ResignModi  #didi_o_didi https://t.co/NfozbOlm79",NOT,NONE,0
hi_hasoc_2021_3784,"वो ज़हर देता तो सब की निगाह में आ जाता, सो ये किया कि मुझे वक़्त पे दवाएँ न दीं  #JusticeForShahabuddin",NOT,NONE,0
hi_hasoc_2021_766,अगर मोदी सरकार 18-45 उम्र के 60 करोड़ लोगों को टीका लगाएगी तो इससे उन्हें केवल 18000 करोड़ रुपये खर्च होंगे लेकिन ?   लोगों के स्वास्थ्य पर खर्चा करने के बजाय सरकार सेंट्रल विस्टा पर ₹20000 करोड़ रुपये बर्बाद कर रही है  और गोदी मीडिया #ExitPolls दिखा रहा है  #ModiKaVaccineJumla,NOT,NONE,0
hi_hasoc_2021_5121,@AmanChopra_ @Sanjay_Dixit जब जब घोडा खायेगा घास और गधा खयेगा चयवनप्राश तब तब ऐसा ही होयेगा  कई बार घर में कूड़ा इतना हो जाता है कि उसमें सोने की ज्वेलरी भी फेंक दी जाती है और हमको पता भी नहीं चलता,NOT,NONE,0
hi_hasoc_2021_3899,"भोजपुरी का 2 टके का सिंगर किसी के लड़की का नाम लेकर फूहड़ गाना बना सकते है कभी सोचा है कि वो लड़की जब घर से बाहर निकलती है, मोहल्ले में, पान दुकान पे , DJ में उसका नाम लेकर फूहड़ गाना बज रहा होता है तो कैसा महसूस करती होगी? घर आके क्या सोचती होगी..? DOP Shiva Chaudhary",NOT,NONE,0
hi_hasoc_2021_3020,@Aminamalik1190 @yadavtejashwi ये और इसका भाई सब लोग दिल्ली में ही है। लालू की रिहाई की कीमत साहेब की जान लेके चुकाया गया है। #JusticeForShahabuddin,NOT,NONE,0
hi_hasoc_2021_3501,क्यों किसी ने नहीं दिया सिवान के शेर Shahbuddin के परिवार का साथ? दिल्ली में ही कर दिया गया सुपुर्दे ख़ाक़। Sahal Qureshi  https://t.co/Dtr13o2nKV  #DeshLive #JusticeForShahabuddin,NOT,NONE,0
hi_hasoc_2021_1726,#बंगाल_हिंसा #spinelessmodi #BengalBurning #BengalViolence https://t.co/0bFSntGu9E,NOT,NONE,0
hi_hasoc_2021_1275,"जब तक #Germany बरबाद नहीं हुआ ,  तब तक जनता को #Hitler के हर काम में देशभक्ती ही नजर आती थी...!!!    #ModiKaVaccineJumla #ModiFailsIndia https://t.co/CM7l9wo9Jf",NOT,NONE,0
hi_hasoc_2021_2904,"दोस्तों, आओ हम सब सर्वसम्मति से महान अर्थशास्त्री, धुरंधर वैज्ञानिक, अंतर्राष्ट्रीय किसान, भयंकर सवर्ण-दलित मसीहा #चुदित राज जी को खांग्रेस #अध्यक्ष एवं #पलधानमंतली बनाएं !!🙏 ""सभी #समस्याएं समाप्त"" #उदित_राज_को_अध्यक्ष_बनाओ_बे @Dr_Uditraj  #CovidVaccine https://t.co/HrWBrorcLe https://t.co/Zda6SdnNmK",NOT,NONE,0
hi_hasoc_2021_30,#BengalElections2021   हार के जीतने वाले को बाज़ीगर कहते हैं   This defeat will be used by #NarendraModi to deflect and play down the public anger of #IndiaCovidCrisis,NOT,NONE,0
hi_hasoc_2021_1779,मित्र वह दुष्ट आत्मा होती है और यह प्राकृति का का नियम है हर युग में हर समय ईश्वर की निन्दा करने वाले रहते हैं और यही ईश्वर की माया है तभी तो हमें पापकर्म और सत्कर्म का ज्ञान देते हैं और जीवन को रसमय करते हैं अर्थात विभिन्न विचारधाराओं के संगम को संसार कहते हैं जय श्री राधे राधे https://t.co/hf8Mr2nnk4,NOT,NONE,0
hi_hasoc_2021_2557,#किसानों_की_jeet #MamtaBanerjee #ElectionResult #TamilNaduAssemblyPolls #IndiaCovidCrisis,NOT,NONE,0
hi_hasoc_2021_4457,"भाईयो आप सभी से 🙏🏻हाथ जोड़ कर निवेदन है कि इन विडियों को जादा से जादा शेयर करो  ताकि ये टेकटर वाला सूअर पकडा जाऐ,,,😡👇 https://t.co/7M1pZd5UkW",NOT,NONE,0
hi_hasoc_2021_227,"कोविद पर सुप्रीम कोर्ट 2 दिनों में दिल्ली की ऑक्सीजन कमी को ठीक किया जाए केंद्र और राज्य सरकार मिलकर ऑक्सीजन का बफर स्टॉक बनाये   सोशल मीडिया पर कोरोना जानकारी पर कोई रोक नहीं सरकार अगली सुनवाई में कोर्ट को ऑक्सीजन, दवाई पर अपडेट दे  #COVID19 #CoronaPandemic #IndiaCovidCrisis",NOT,NONE,0
hi_hasoc_2021_1346,तारीफो के पुल ?क्या से क्या हो गया फेंकू तेरे से देश में?    #ResignModi https://t.co/FIDoTvVUXh,NOT,NONE,0
hi_hasoc_2021_3047,"@BJP4Bengal @BJP4India @AmitShah @AmitShahOffice @narendramodi_in @narendramodi @rashtrapatibhvn @JPNadda खूब जि-जान से निंदा करो और बन्द कमरे में आंदोलन करो? देखना कुछ दिन बाद अपने आप, बंगाल दंगे बन्द हो जायेगे, जब सभी हिन्दू मार या भगा दिए जाएंगे?  #BengalBurning https://t.co/OBF24bwKgj",NOT,NONE,0
hi_hasoc_2021_2840,दवा और दारू दोनो ही UK चले गए। अब क्या  मोदी मोदी  करना होगा देश को #ResignModi #देश_ऑक्सीजन_मांगता_है https://t.co/hLnZYsza6I,NOT,NONE,0
hi_hasoc_2021_823,Rahatani News : स्पा सेंटर मध्ये वेश्या व्यवसाय चालवणाऱ्या महिलेवर गुन्हा; तीन महिलांची सुटका https://t.co/GXPLJg9p14,NOT,NONE,0
hi_hasoc_2021_2579,इन आँसुओ की क़ीमत हर किसी से अदा नहीं हो सकती #ओसामा_शहाब।  आप जहाँ रहेंगे हम सब आपके साथ रहेंगे ता-उम्र  #JusticeForShahabuddin https://t.co/vGCAoCt0Zy,NOT,NONE,0
hi_hasoc_2021_1840,"पश्चिम बंगाल में टीएमसी के गुंडों द्वारा हो रही हिंसा को रोकने के लिए राष्ट्रीय अध्यक्ष माननीय श्री @JPNadda जी के दिशा निर्देश प्राप्त हुआ।  बंगाल के प्रत्येक कार्यकर्ताओं की शहादत जाया नहीं जाएगा, हम इस लड़ाई निर्णायक मोड़ तक पहुंचाएंगे।  #BengalBurning #BengalViolence https://t.co/yJ54Kj8SO4",NOT,NONE,0
hi_hasoc_2021_3147,गुजरात मॉडल में कोरोना के साथ साथ अस्पताल में आग लगने से भी जान जा रही है।। #मोदी_है_तो_मातम_है #ModiKaVaccineJumla,NOT,NONE,0
hi_hasoc_2021_1722,राजद के नवादा ज़िला अध्यक्ष कमरुल बारी साहब ने राजद से दिया इस्तीफा… #JusticeForShahabuddin https://t.co/1GwvuPTXZt,NOT,NONE,0
hi_hasoc_2021_1521,@ArvindKejriwal 'बंगाल जैसी हिंसा अगर किसी बीजेपी-शासित राज्य में हुई होती  तो अब तक ये अंतर्राष्ट्रीय मुद्दा बन गया होता।  #BengalBurning,NOT,NONE,0
hi_hasoc_2021_4091,@BBCHindi @narendramodi जवाब है इसका आप के पास.  #Resign_PM_Modi तुमसे ना हो पायेगा,NOT,NONE,0
hi_hasoc_2021_2165,"@Jyoti28031654 @Shivi05tsm @Dr_Uditraj दोस्तों, आओ हम सब सर्वसम्मति से महान अर्थशास्त्री, धुरंधर वैज्ञानिक, अंतर्राष्ट्रीय किसान, भयंकर सवर्ण-दलित मसीहा #चुदित राज जी को खांग्रेस #अध्यक्ष एवं #पलधानमंतली बनाएं !!🙏 ""सभी #समस्याएं समाप्त"" #उदित_राज_को_अध्यक्ष_बनाओ_बे @Dr_Uditraj  #CovidVaccine https://t.co/HrWBrorcLe",NOT,NONE,0
hi_hasoc_2021_3294,Abu Asim Azmi साहब ने जो सवाल उठाए हैं यही सवाल उनकी पार्टी को उठाना चाहिए था #JusticeForShahabuddin https://t.co/l5moLbYA6u,NOT,NONE,0
hi_hasoc_2021_3295,"'ये कैसा उन्माद?'  सदियों में न हुआ होगा यह ऐसा कृत्य घृणित है, टैगौर विवेकानंद सुभाष की भूमि आज हुई लज्जित है |  #BengalBurning #BengalViolence https://t.co/3B4wRqoz3J",NOT,NONE,0
hi_hasoc_2021_3015,"@HardeepBhuria @PoonamLohiaAap महिला दिवस पर अंदर का जानवर मर जाता है,जैसे 26जनवरी व 15अगस्त पर लोगों के अंदर की देशभक्ति जाग जाती हैं| अब स्लोगन ये नहीं #बेटी बचाओ बेटी पढ़ाओ हमारी बेटियां बच भी रही, पढ़ भी रही है और मेडल भी लेकर आ रही है| अब स्लोगन होगा  #बेटों को समझाओ नहीं माने तो थप्पड़ मारो#",NOT,NONE,0
hi_hasoc_2021_2076,बस हो गया। इससे ज्यादा नहीं किया जा सकता है। यही केंद्र की तैयारी है। बस कोरोना संबंधी दावों व घोषणाओं के पोस्टर पर प्रधानमंत्री की बड़ी फ़ोटो होनी चाहिए। #ShameonModiGovt #ResignModi https://t.co/jeDL0bMvHn,NOT,NONE,0
hi_hasoc_2021_2183,"शायर इमरान भी पहुंचे हैं आज… पोस्टमार्टम हो गया है… रिपोर्ट नहीं दे रहा ""सिस्टम"" किसी को अंदर नहीं जाने दिया जा रहा… #JusticeForShahabuddin",NOT,NONE,0
hi_hasoc_2021_1304,देश 18 घंटा गधा मजूरी करने वाला नहीं देश को 8 घंटे में काम खतम करने वाला एफिशिएंट लीडर चाहिए।  #VRSforMODI,NOT,NONE,0
hi_hasoc_2021_4654,#राष्ट्रपति_जी_बंगाल_संभालो #Justice_for_sarswati_jana  #BengalBurning #BengalViolence #intellectualmutism https://t.co/FN8yVzEwZ5,NOT,NONE,0
hi_hasoc_2021_1143,कुछ ढोंगी पार्टी के फर्जी लोग ओसामा भाई का फर्जी id बनाकर एक मैय्यत पर घटिया राजनीति कर रहे है। शर्म आनी चाहिए ऐसे गलत मानसिकता वाले लोगों को @OsamaShahab_  #JusticeForShahabuddin,NOT,NONE,0
hi_hasoc_2021_5361,सर ये बताईये #AdarPoonawalla #Ambani  देश छोड़कर क्यों चले गए ?🧐 क्योंकि लोगों का भरोसा आपपर से उठ गया है #VaccineShortage #AndhBhakt #Hindus #ModiKaVaccineJumla https://t.co/5FddNgFDil,NOT,NONE,0
hi_hasoc_2021_1184,इतिहास के पन्नो से आज ही के दिन 30 अप्रैल को हिटलर ने आत्महत्या की थी 😊क्योंकि हिटलर बेरहम था बेशर्म नही @narendramodi @PMOIndia  #ResignModi #Resign_PM_Modi #ResignModi #ModiResign #ModiKaVaccineJumla #ModiResignOrRepeal #ModiFailsIndia #ModiSarkarHiSystemHai,NOT,NONE,0
hi_hasoc_2021_1395,भाजपा @BJP4India @BJP4UP ने उत्तर प्रदेश में ब्राह्मणों को कुत्ता बनाकर रख दिया है...सब कुछ ठाकुरों में बाँट दिया...सब याद रखा जाएगा #UP,NOT,NONE,0
hi_hasoc_2021_4196,@RajivTweets_ मोदी तुम इस्तीफा दो हम तुम्हारे साथ है #ResignModi  #Resign_PM_Modi  #ModiHataoDeshBachao https://t.co/spsvPTov8W,NOT,NONE,0
hi_hasoc_2021_1224,"कोरोना के मामले 2 मई       3,70,059 1 मई       3,92,562 30 अप्रैल  4,02,110 29 अप्रैल  3,86,654 28 अप्रैल  3,79,164  ऑक्सीजन सप्लाई बढ़ाने के लिए सरकार का कदम सरकार नाइट्रोजन प्लांट्स को ऑक्सीजन प्लांट्स में बदलने पर काम कर रही है  #COVID19 #CoronaPandemic #IndiaCovidCrisis https://t.co/6bkLr4Agpk",NOT,NONE,0
hi_hasoc_2021_1201,#बंगाल_हिंसा #BengalBurning  #BengalViolence  #Bengalisburning https://t.co/V5HcGndbSk,NOT,NONE,0
hi_hasoc_2021_3270,Good decision 👏  देश विरोधी ऐजेंडा चलाने वाली दुष्ट कांग्रेस के जाल से बाहर निकलना बहुत बड़ी समझदारी ! 🔅 और जुड़े रहना या समर्थन करना सबसे बड़ी बेबकूफी ! 🔅 हर भारतवासी का एक ही सपना कांग्रेस मुक्त हो भारत देश अपना #कांग्रेस_मुक्त_भारत,NOT,NONE,0
hi_hasoc_2021_2222,सोशल मीडिया में मची हलचल के बाद बिहार की राजनीति में भी हलचल मचना शुरु हो गई..  RJD से मुस्लिम नेताओं ने इस्तीफा देना  शुरु कर दिया है.. @WasiuddinSiddi1  #JusticeForShahabuddin https://t.co/f74ljZCCi9,NOT,NONE,0
hi_hasoc_2021_2570,समझ नहीं आ रहा मजदूर दिवस की बधाई दूं या किसान आंदोलन पर अफसोस जताऊं   #KisanMazdoorEktaZindabaad  #1May  #मजदूर_दिवस  #Resign_PM_Modi  #मजदूर_दिवस,NOT,NONE,0
hi_hasoc_2021_294,वैसे तो लोग ट्वीटर पे आवाज़ बुलंद कर रहे हैं मगर एक शख्स जिसे लोग @ShayarImran कहते हैं वो ज़मीन पर भी ओसामा शहाब के साथ खड़े मिले.  इस नाज़ुक हालात में ओसामा शहाब के कंधे से कंधे मिलाना उनके साथ खड़ा होना बहोत बड़ी बात है। @ShayarImran सलाम है आपकों 🙏🏾 #JusticeForShahabuddin https://t.co/Ca28NUDGvU,NOT,NONE,0
hi_hasoc_2021_3508,"#Bahraich- मरीजों से अवैध वसूली का कारोबार जोरों पर,  गर्भवती महिला को सीएचसी से बाहर निकाला, पैसे न देने पर बिना इलाज बाहर निकाला, सीएचसी की महिला स्टाफ ने मांगे थे पैसे, डॉक्टर के नाम पर महिला से मांगे थे पैसे।",NOT,NONE,0
hi_hasoc_2021_1716,ज्यादातर राज्यो के पास45 yrs के लोगो के vaccination के लिए वैक्सीन नही है और बीजेपी govtने 1 मई से 18 से उप्पेर के लिए वैक्सीन शुरू कर दिया #ModiKaVaccineJumla,NOT,NONE,0
hi_hasoc_2021_2679,"बंगाल में मात्र 6 महीना राष्ट्रपति रूल लगवाइए और मेजर जनरल G D बक्शी जी को बंगाल का गवर्नर बना दीजिए.. TMC के गुंडे, रोहंगिया, बांग्लादेशी अपने जान की भीख मांगते नजर न आएं तो कहना.. #majorbakshi #bakshi पश्चिम बंगाल #BengalBurning #BengalViolence #bengalelectionresult https://t.co/yjnGFg7tMU",NOT,NONE,0
hi_hasoc_2021_299,किस चीज के ठेकेदार था भाई ? अगर सड़क का था तब सहिए किए है पिट कर ! #YESUNG #win #vaccinated #tiktokdown #stayspacex #ResignModi #quackity #PresidentRuleInBengal #HBDThalaAjith #GoodGirls #EfYam #exrosmello #dogecoin #COVID19 #BengalBurning #ARSD https://t.co/320rctPFYt,NOT,NONE,0
hi_hasoc_2021_2652,सिसकियों को भला कौन  सुनता यहाँ  माला  फूलों के अब कौन  बुनता यहाँ पाँव  हो  जाए  घायल  ये  सब चाहते राहों  के  काँटे  अब  कौन चुनता यहाँ। #दर्दनाक_भारत #पूछता_है_भारत #ShameonModiGovt #शर्मनाक #ModiKaVaccineJumla #ModiResign #ModiMustResign #25सांसद_लापता_है https://t.co/vM8Kn0W1gG,NOT,NONE,0
hi_hasoc_2021_1905,@RakeshRanjan35 @Tiwaribrothersa @irajendrashukla @deep_mani02 @arunbajpairajan @PistolPandey @Sirji7211 आपको कश्मीर में नही मिला तो वो ज्ञान की बात और जिस घोड़े की जगह कोई गधा बैठ गया तो वो कौन सी बात होगी,NOT,NONE,0
hi_hasoc_2021_3816,बंगाल में #JaiShreeRam  कहने पे #TMC_के_गुंडे  मारते है मैं सबके सबके सामने बोलती ही जय श्री राम अब देखते है क्या कर पाओगे #ममता_बनर्जी  #बंगाल_हिंसा  #BengalBurning,NOT,NONE,0
hi_hasoc_2021_914,यूपी के इस जिले में व्यापारियों ने 9 मई तक अपनी मर्जी से लगाया लाॅकडाउन https://t.co/3jn2ZoAjE1 #COVID19 #ModiKaVaccineJumla,NOT,NONE,0
hi_hasoc_2021_3537,"दोपहर में सेंटर नही शाम को सब फुल, जब पहले लगाना ही अपने चहेतों ओर सिफ़रिशियों को है तो इतना नाटक क्यों ??  #ModiKaVaccineJumla #ModiHataoDeshBachao https://t.co/RhrQCjugWV",NOT,NONE,0
hi_hasoc_2021_163,@Kisanektamorcha @ShellyChawla13 Humility is Humanity🙏 No matter what our achievements are if you’re not humble it’s all meaningless   #Humility #Humanity #Vaccine_और_MSP_दो #Resign_PM_Modi #KisanMazdoorEktaZindabaad   #FarmLaws_NextPandemic #5MonthsOfFarmersProtest #आज_आक्सीजन_कल_रोटी_जायेगी    #FarmersProtest,NOT,NONE,0
hi_hasoc_2021_496,@RahulGandhi @INCMumbai मुंह मैं दही जम गई हैं  #BengalViolence #BengalBurning #TMCTerror पर क्या ?????? #कांग्रेस #CongressMuktBharat #COVIDSecondWave #thursdaymorning #thursdayvibes https://t.co/4IWkVZjYqm,NOT,NONE,0
hi_hasoc_2021_671,अगर सरकार  पर मंदिर बनवाने से अधिक हॉस्पिटल बनवाने पर ज्यादा जोर देते तो आज ये दिन नहीं देखना पड़ता |  #ResignPMmodi  #ExitModi,NOT,NONE,0
hi_hasoc_2021_5155,चुनाव बाद हिंसा में मारे गए लोगों के परिजनों को दो-दो लाख की आर्थिक मदद देगी ममता सरकार।  @BJP4Bengal #BengalBurning @MamataOfficial https://t.co/RyW7GJPmmm,NOT,NONE,0
hi_hasoc_2021_858,"जिन्हें लग रहा हो कि बंगाल में पुलिस नहीं है क्या? उन्हें बता दूं...""है,उनका प्रयोग तब होगा जब हिन्दू पलटवार करेंगे"" #BengalBurning  #Bengalisburning  #bengalvoilence",NOT,NONE,0
hi_hasoc_2021_2877,"@Alpanah51 बिहार मे यादव से वफ़ादारी की भेंट चढ़े शहाबुद्दीन,  और यूपी मे आज़म ख़ान   #JusticeForShahabuddin https://t.co/a1aRRFwsAy",NOT,NONE,0
hi_hasoc_2021_1525,"@SnskariL0nda1 लड़की : भाड़ में जाओ, लड़का : तभी तो तुम्हारे पास आया 😂😂😂",NOT,NONE,0
hi_hasoc_2021_2567,@vinodkapri वाह रे दोगला सरदार आयुर्वेद और हिन्दू विरोधी ऐजेंडा ही जीवन का लक्ष्य है तुम्हारे जैसे निकम्मे का।  धिक्कार है ऐसे जीवन पर।  साक्षात जयचन्द हो,NOT,NONE,0
hi_hasoc_2021_4783,@Cute_Banda @sarcasticbro89 मोदी तुम इस्तीफा दो हम तुम्हारे साथ है #ResignModi  #Resign_PM_Modi  #ModiHataoDeshBachao https://t.co/spsvPTov8W,NOT,NONE,0
hi_hasoc_2021_1571,"@BJPMahilaMorcha @blsanthosh @VanathiBJP @JPNadda @dushyanttgautam @narendramodi @AmitShah पश्चिम बंगाल में टीएमसी के गुंडों द्वारा हो रही हिंसा को रोकने के लिए राष्ट्रीय अध्यक्ष माननीय श्री @JPNadda जी के दिशा निर्देश प्राप्त हुआ।  बंगाल के प्रत्येक कार्यकर्ताओं की शहादत जाया नहीं जाएगा, हम इस लड़ाई निर्णायक मोड़ तक पहुंचाएंगे।  #BengalBurning #BengalViolenceWarrantsS https://t.co/TJVTxagCv7",NOT,NONE,0
hi_hasoc_2021_2007,@anil_baluni @MOS_MEA @BJP4India @VMBJP #ममता_खूनी_है   #BengalViolance  #BengalBurning  #ममता_की_निर्ममता  #ममता_बनर्जी_हत्याएं_बंद_करो  #CruelMamata,NOT,NONE,0
hi_hasoc_2021_4141,@Kisanektamorcha 🙏 #KisanMazdoorEktaZindabaad #Resign_PM_Modi  #FarmLaws_NextPandemic #KisanBole_NoVoteToModi #5MonthsOfFarmersProtest #आज_आक्सीजन_कल_रोटी_जायेगी #NoVoteTo_EvilModi   #ਕਿਸਾਨਮਜ਼ਦੂਰਏਕਤਾਜਿੰਦਾਬਾਦ  #FarmersProtest,NOT,NONE,0
hi_hasoc_2021_3368,दीदी वाह दीदी मौज कर दी  तुम बड़े हैवी ड्राइवर निकले  😂😜😂 #BengalBurning #PresidentRuleInBengal #BengalViolence #MamataBanarjee #didi_o_didi #Election2021,NOT,NONE,0
hi_hasoc_2021_3101,#OPS #BanEVM #पुरानी_पेंशन_बहाल_करो #FarmersProtest #SpeakUpForFarmers #StopPrivatization #ModiMadeDisaster #NPS_भारत_छोड़ो #NPS_QUIT_INDIA #OPS_कर्मचारी_का_अधिकार #NPSनिजीकरणकेख़िलाफ़_इंक़लाब #Vaccine_और_MSP_दो #KisanMazdoorEktaJindabaad #Resign_PM_Modi #COVID19India https://t.co/ez8dik4a5e,NOT,NONE,0
hi_hasoc_2021_2499,धर्म आपके कथनो से नही अपितु आपके आचरण से सार्थकता प्राप्त करता हैं । विश्व का सबसे क़द्दावर राजकीय पक्ष आज एक #राज्य सरकार विरुद्ध विवश प्रतीत हो रहा हैं । #bengalbjp #गृह मंत्री #बंगाल_हिंसा #Modi #BengalBurning #भारतीय जनता पार्टी #sarkar #राजधर्म https://t.co/GfDcQgqzb4,NOT,NONE,0
hi_hasoc_2021_3040,"दोस्तों, आओ हम सब सर्वसम्मति से महान अर्थशास्त्री, धुरंधर वैज्ञानिक, अंतर्राष्ट्रीय किसान, भयंकर सवर्ण-दलित मसीहा #चुदित राज जी को खांग्रेस #अध्यक्ष एवं #पलधानमंतली बनाएं !!🙏 ""सभी #समस्याएं समाप्त"" #उदित_राज_को_अध्यक्ष_बनाओ_बे @Dr_Uditraj  #CovidVaccine https://t.co/HrWBrorcLe https://t.co/ycTG72isue",NOT,NONE,0
hi_hasoc_2021_3067,"शहाबुद्दीन साहब को कोरोना नहीं था,तो अचानक मौत कैसे हुई ? उन्हें AIIMS की जगह DDU में क्यों एडमिट किया गया? जब कोरोना रिपोर्ट नेगेटिव है तो शरीर सीवान क्यों नही ले जाने दे रहे? हम तदफीन के साथ न्यायिक जांच की मांग करते हैं,  आखिर क्या छुपा रहें है? #JusticeForShahabuddin",NOT,NONE,0
hi_hasoc_2021_1063,@suryapsingh_IAS सर जी मैं गांव का लड़का हूं और बहुत मैं गंदा गंदा गाली देता हूं तो मुझे ज्यादा पैसा मिलेगा कि मुझे भी सिर्फ दो ही रुपया मिलेगा एकदम सर जी एकदम गांव वाला गाली जो दम मां बहन कि नहीं वह सब देते हैं एकदम गंदा गंदा फूहड़ एकदम वह वाला गाली जानता हूं तुम मुझे कुछ ज्यादा पैसा दिलवा देते,NOT,NONE,0
hi_hasoc_2021_215,सरकार की कटपुतली बने फिरते जितने भी लोग   आज देखे वो बेबसी शाहबुद्दीन के बेटे ओसामा की.....  #JusticeForShahabuddin,NOT,NONE,0
hi_hasoc_2021_758,@WasiuddinSiddi1 #JusticeForShahabuddin परवरदिगार शाहबुद्दीन साहब को जन्नत में आला मकाम अता फरमाए। आमीन 🌹,NOT,NONE,0
hi_hasoc_2021_3030,@runcaralisarun मोदी तुम इस्तीफा दो हम तुम्हारे साथ है #ResignModi  #Resign_PM_Modi  #ModiHataoDeshBachao https://t.co/spsvPTov8W,NOT,NONE,0
hi_hasoc_2021_1369,#BengalBurning मोदीजी न्याय करें 🙏 https://t.co/66DzjKMQI3,NOT,NONE,0
hi_hasoc_2021_464,@sambitswaraj @JPNadda कुछ करेंगे भी या सिर्फ संख्या गिनवाएँगे। जनता मार रही है आर्मी भेजिए आप लोगो को केंद्र में क्यों बैठाई है जनता पूछता है भारत। आप ये आंकड़ा इसलिए बता रहे हैं कि वोट नही दिए देखो क्या हो रहा है ममता अपना बदला ले रही है इसमें नुकसान किसका हुआ भोली भाली जनता का। #BengalBurning,NOT,NONE,0
hi_hasoc_2021_3139,"केंद्र सब चीज तो बेचिए रहा है, वैक्सीन भी कम रेट में लेकर राज्यों को क्यों नही बेच दे रहा।राज्य मंहगे दाम पर वैक्सीन क्यों खरीदे? या इसमे भी कोई अन्दर की बात है? #vaccine  #ModiMadeDisaster  #ModiKaVaccineJumla",NOT,NONE,0
hi_hasoc_2021_5968,@bachpanamitabh मोदी तुम इस्तीफा दो हम तुम्हारे साथ है #ResignModi  #Resign_PM_Modi  #ModiHataoDeshBachao https://t.co/spsvPTov8W,NOT,NONE,0
hi_hasoc_2021_2147,मरहूम #शाहबुद्दीन_साहब को दिल्ली गेट #ITO कब्रिस्तान में सुपुर्द ए ख़ाक किया गया।  अल्लाह मगफिरत फरमाए।  जन्नत में आला से आला मकाम अता करे।  #JusticeForShahabuddin https://t.co/9PhCcqSQMM,NOT,NONE,0
hi_hasoc_2021_4117,"दर्द कहाँ तक पाला जाये, युद्ध कहाँ तक टाला जाये। #Bengalisburning #BengalBurning #BengalViolance https://t.co/qttj34GKVn",NOT,NONE,0
hi_hasoc_2021_1995,क्या साबुद्दीन का RJD ने लालू जी के बदले  सौदा किया  आपकी क्या राय है?? #JusticeForShahabuddin  #JusticeForShahabuddin,NOT,NONE,0
hi_hasoc_2021_4122,"आज जो #साहेब के साथ हुआ कल मुख्तार अंसारी, अफज़ाल अंसारी, अतीक अहमद, आज़म ख़ान के साथ होगा समय की मांग है सब एक जुट होकर रहे आज मुसलमानों ने तेजस्वी यादव का रंग देखा और अखिलेश यादव का भी रंग देख रहे हैं आज़म ख़ान के मामले में #JusticeForShahabuddin",NOT,NONE,0
hi_hasoc_2021_4019,जोश में ज़्यादा बोल गई पगली।  #PrayForFarmersVictory #ResignModi https://t.co/GhRV3i64X0,NOT,NONE,0
hi_hasoc_2021_4061,'बंगाल जैसी हिंसा अगर किसी बीजेपी-शासित राज्य में हुई होती  तो अब तक ये अंतर्राष्ट्रीय मुद्दा बन गया होता।  #BengalBurning,NOT,NONE,0
hi_hasoc_2021_4916,वह काफिर जो अंतर काती  कबीर साहेब की वाणी है जो दूसरे के प्रति अपने दिल के अंदर नफरत रखते हैं व दवेश रखते हैं वह दुष्ट व्यक्ति हैं! https://t.co/y7r5syHKOz,NOT,NONE,0
hi_hasoc_2021_2346,"@Rajput_Keshu777 @AnujKant1302 @KamalKesari1 @979Avanish @AtulBha86037049 @MarwadiToofan @prabhat_sharma3 @_RAJESH_RKP अगर धरना देने से सब सही हो जाता तो..  कुरुक्षेत्र में भी ""श्री कृष्ण"" जी ""अर्जुन"" को यही सलाह देते..। 😡😡😡  #BengalBurning  #BengalViolence  #KhooniKhela  #WestBengalViolence",NOT,NONE,0
hi_hasoc_2021_4133,जो ताउम्र सबको उनका हक दिलाता रहा आज वो अपने हक की दो गज जमीं ना पा सका 😔              #JusticeForShahabuddin,NOT,NONE,0
hi_hasoc_2021_1678,@ndtv #IndiaFightsCorona #COVID19India #Covaxin #ModiKaVaccineJumla #BengalElections2021 #Anti_India_Facebook #DM_शैलेश_यादव_सस्पेंड #FarmersProtest #Rajasthan #CongressBetrayedIndia #CongressMuktBharat #GetVaccinated #KejriwalFailsDelhi https://t.co/yhlPIRNJB5,NOT,NONE,0
hi_hasoc_2021_384,"हमने कभी नहीं सुना कि मो० शाहबुद्दीन ने दलित नरसंहार किया, या कभी हिन्दू मुस्लिम का दंगा कराया। #JusticeForShahabuddin",NOT,NONE,0
hi_hasoc_2021_1586,बंगाल की राक्षसी के गुंडों ने बुजुर्ग माँ तक को नही छोड़ा!! माँ तुझे सलाम...🙏🏻 #BengalBurning #BengalViolence #Bengalisburning #BengalElection2021 https://t.co/opMcsWvlLx,NOT,NONE,0
hi_hasoc_2021_3183,अलविदा Dr. #ShahabuddinSaheb #JusticeForShahabuddin https://t.co/uY06byJatM,NOT,NONE,0
hi_hasoc_2021_3698,"दुर्जनेषु च सर्पेषु वरं सर्पो न दुर्जनः। सर्पो दंशति कालेन दुर्जनस्तु पदे-पदे.  दुष्ट और साँप, इन दोनों में साँप अच्छा है, न कि दुष्ट, साँप तो एक ही बार डसता है, किन्तु दुष्ट तो पग-पग पर डसता रहता है.   #गुरुकुलशिक्षा शास्त्र और शस्त्र विद्या।  ही हिंदू की रक्षा कर सकती है  #NRC https://t.co/K0UzjGPfNJ",NOT,NONE,0
hi_hasoc_2021_779,@DrKetanPatel6 @AmitShah @BJP4Bengal अरे डॉक्टर साहब जो जिम्मेदारी दी है  वो आपसे  सम्भाल नही रहीं है ... #IndiaCovidCrisis @PMOIndia  @AmitShah  @RahulGandhi,NOT,NONE,0
hi_hasoc_2021_2713,"दीदी बंगाल में कहती रही ""खेला होबे"" पर इसका सही मतलब शायद अब पता चला।  दीदी का खेला होबे का मतलब था  - हिंसा होबे  - मार्डर होबे  - औरतों के साथ बदतमीज़ी होबे   #BengalBurning",NOT,NONE,0
hi_hasoc_2021_4524,अम्बानी परिवार शुक्रवार को ही देश छोड़ चुका है..कोरोना से डर कर ! #ModiKaVaccineJumla,NOT,NONE,0
hi_hasoc_2021_691,बेटा शुक्र मनाओ यूपी में नहीं था वरना बहुत पहले ही गाड़ी पलट गई होती। #JusticeForShahabuddin,NOT,NONE,0
hi_hasoc_2021_3733,जो शहाबुद्दीन के साथ हुआ वो आज़म खान के साथ नहीं होना चाहिए इसलिए आइए हम सब आवाज उठाते हैं  #JusticeForShahabuddin,NOT,NONE,0
hi_hasoc_2021_2009,#राष्ट्रपतिजीबंगालसंभाले  #rape हो ही गया है #BJP  के कार्यालय तोड़े गए #BJPKaryakartas  पर हमला #TMCTerror #Shamemamatabannerjee  #BengalBurning,NOT,NONE,0
hi_hasoc_2021_3014,@runcaralisarun मोदी तुम इस्तीफा दो हम तुम्हारे साथ है #ResignModi  #Resign_PM_Modi  #ModiHataoDeshBachao https://t.co/spsvPTov8W,NOT,NONE,0
hi_hasoc_2021_3109,@ShriPrakashAw14 @raghav_chadha @akhilesh1952 @abssba1954 @ayachit_kavita @VashishthaRadha @arunjoshi006 @Madhu24250575 @Babadarbhangia @Ksingh561 @RajanSingh1008 @Gurdeep15087618 @SaffronJay ये भोत #हरा.🍏#चीज है! या फिर #पुरानाचावल है! सकल👴#गिलमा👱typ💸#ब्लैकर🐂typ न है! हे हें है! @aajtak @ndtv @thewire_in @dilipkpandey @Saurabh_MLAgk @sambitswaraj @gauravbhपिछले🚌#chineseVirus🇨🇳मे #मजदूर🏃#खदेड़🚬#रिया👮#FIR✍हुईथी इसKखिलाफ #सरकारीकार्यबाधा👋की@OpIndia_in @sdeo76 https://t.co/5DDgnQgO7l,NOT,NONE,0
hi_hasoc_2021_3825,कोई बात नही मोदीजी हमे आदत है 1946 डायरेक्ट एक्शन हो 1947 स्वतंत्रता दिवस हो 1990 कश्मीर हो या 2002 गोधरा या अब 2021 बंगाल। और भी लेकिन आप व्यस्थ होंगे दीदी को बधाई जो देनी है।  #BengalBurning #MamataBanarjee #SpinelessBJP,NOT,NONE,0
hi_hasoc_2021_3613,"@TheMukeshK_ अगर धरना देने से सब सही हो जाता तो..  कुरुक्षेत्र में भी ""श्री कृष्ण"" जी ""अर्जुन"" को यही सलाह देते..। 😡😡😡  #BengalBurning  #BengalViolence  #KhooniKhela  #WestBengalViolence",NOT,NONE,0
hi_hasoc_2021_229,"@AHindinews महाभारत से भी बड़ा युद्ध तुम्हारा इंतजार कर रहा है हिंदुओं, चाहो या ना चाहो तुम्हें लड़ना ही पड़ेगा।  नहीं तो 40 करोड़ मारे जायेंगे और 50 करोड़ कनवर्ट होंगे फिर पूरी दुनियां दुनियां में इस्लामिक आतंक होगा। #हिन्दू_शस्त्र_उठाओ_आत्मरक्षा_में  #Jihad #BengalBurning #BengalViolence",NOT,NONE,0
hi_hasoc_2021_5123,RW के मूर्ख आपस में ही लड़ते हैं ये क्या लड़ेंगे वाम पंथ से,NOT,NONE,0
hi_hasoc_2021_2613,"हमारे देश में कुल वैक्सीनेशन का आंकड़ा 16,49,73,058 पर पहुँचा है।   कृपया कर वैक्सीनेशन पर उड़ रही अफवाहों से बचे और सुनिश्चित करे की आप अवश्य जाके टीकाकरण कराये।   टीकाकरण जीवन बूटी के सामान है इसे अवश्य ले।  #CovidVaccine",NOT,NONE,0
hi_hasoc_2021_3396,"अलविदा शेर-ए-बिहार…  अल्लाह आपकी मग़फ़िरत फरमाए, आपको जन्नतुल फिरदौस में आला मकाम अता फरमाए और अहले खाना को सब्र जमील अता फरमाए. 🤲 #JusticeForShahabuddin https://t.co/RwxuupbZFT",NOT,NONE,0
hi_hasoc_2021_1457,@rajanishagg @ShayarImran @KhanAmanatullah रोहित सरदाना कोविड पॉजिटिव थे उनकी डेड बॉडी उनके शहर जाने की परमिशन दी जा सकती है...  मगर बिहार के पूर्व सांसद मोहम्मद शहाबुद्दीन जिनकी रिपोर्ट नेगेटिव थी... उनकी डेड बॉडी ना सिवान जाने दी गई ना परिवार को दी गई!!  क्यों??? #JusticeForShahabuddin #JusticeForShahabuddin,NOT,NONE,0
hi_hasoc_2021_3743,कोई बताएगा कि घर पर रह कर कौन सा धरना प्रदर्शन होता है...?   #BengalBurning  #BengalViolence  #Bengalisburning,NOT,NONE,0
hi_hasoc_2021_765,"देख लीजिए मोदी जी एक बेजुबान जानवर भी जानता है की पेड़ पौधे हमारे पर्यावरण के लिए कितना जरूरी है,एक कुत्ता भी नहीं चाहता कि पेड़ कटे लेकिन शायद आप नहीं समझ सकते। @narendramodi @PMOIndia #बकस्वाहा_जंगल_बचाओ_अभियान https://t.co/poN6iz1p6U",NOT,NONE,0
hi_hasoc_2021_1407,चुनाव से पहले बंगाल में किसी ने कहा था.. के हम बंगाल में पाकिस्तान बना देंगे.. ये उसी की झलक है! #bengalburning,NOT,NONE,0
hi_hasoc_2021_108,LIVE: कोरोना वायरस के इस नए स्ट्रेन से 4 दिन में हो जाएगी मौत? AP Strain या N440K ने बढ़ाई सरकार की चिंता ||Talk With Doctors||  https://t.co/ahTZQV3Nmc  #CoronaPandemic #Covid #CovidVaccine,NOT,NONE,0
hi_hasoc_2021_1597,चुना लगा दिया वैक्सीन तो मिल ही नही रही #ModiKaVaccineJumla,NOT,NONE,0
hi_hasoc_2021_901,@bhagatram2020 मोदी तुम इस्तीफा दो हम तुम्हारे साथ है #ResignModi  #Resign_PM_Modi  #ModiHataoDeshBachao https://t.co/spsvPTov8W,NOT,NONE,0
hi_hasoc_2021_2799,"हमारे देश में कुल वैक्सीनेशन का आंकड़ा  अभी तक 16,49,73,158 पर पहुँचा है।   कृपया कर वैक्सीनेशन पर उड़ रही अफवाहों से बचे और सुनिश्चित करे की आप अवश्य जाके टीकाकरण कराये।   टीकाकरण जीवन बूटी के सामान है इसे अवश्य ले।  #CovidVaccine",NOT,NONE,0
hi_hasoc_2021_2870,"व्यवस्था धरणे पे बैठेगी  , आप धरणे पे बैठोगे , और बंगाल जलता रहेगा #BengalViolence  #BengalBurning",NOT,NONE,0
hi_hasoc_2021_47,"बिछड़ा कुछ इस अदा से कि रुत ही बदल गई, एक शख़्स सारे शहर को वीरान कर गया !!                  #JusticeForShahabuddin  @OsamaShahab_ @minnatrahmani @ShayarImran @yadavtejashwi @RJDforIndia @Siwan_Rjd @WasiuddinSiddi1 @aliashraffatmi @laluprasadrjd @abarisiddiqui",NOT,NONE,0
hi_hasoc_2021_454,@Bawra_Mann_ तो लड़ाई करो मेरी जान बस चुप ना रहो 🤗,NOT,NONE,0
hi_hasoc_2021_2555,जानबूझकर कोई पुराना या कहीं और का वीडियो उठाओ और उसका फैक्टचेक करके साबित कर दो बंगाल से आ रही हिंसा की खबरें झूठी है. ये है @TheLallantop https://t.co/qn0kmFweah @ndtv @AltNewsMedia गैंग की पत्रकारिता स्टाइल #BengalBurning #BengalViolance,NOT,NONE,0
hi_hasoc_2021_4055,@Kisanektamorcha #Vaccine_और_MSP_दो #Resign_PM_Modi #मोदी_इस्तीफ़ा_दो #ShameOn_ModiGovt #ModiResignOrRepeal #NoVoteTo_LiarModi #ModiHataoDeshBachao #ਭਾਰਤ_ਦੇ_ਲਾਲ_ਕਿਸਾਨਾਂ_ਦੇ_ਨਾਲ #KisanMazdoorEktaZindabaad   #FarmLaws_NextPandemic #5MonthsOfFarmersProtest #आज_आक्सीजन_कल_रोटी_जायेगी  #FarmersProtest,NOT,NONE,0
hi_hasoc_2021_5946,"@ArmaanS13738198 Whole country &amp; even international communities are supporting Farmer protest, but Modi bhakts think only they are whole country 😂   #किसानो_पर_FIR_मत_करो #कृषि_कानून_रद्द_करने_पड़ेंगे #ResignModi #Resign_PM_Modi #ExitModi #FarmersProtest #AndhBhakt #andhbhakts #ModiMadeDisaster",NOT,NONE,0
hi_hasoc_2021_2447,"ना हम मरने से डरते है,ना हम लड़ने से डरते है. #HindusLivesMatter #HinduGenocideBengal #BengalBurning",NOT,NONE,0
hi_hasoc_2021_1708,@yavatmalpolice मा. महोदय सर मौजा.हनवतखेडा पो. स्टे. खंडाळा अंतर्गत अवैध गावठी दारू व मटका जुगार सरास चालु असून त्यावर अंकुश आणणे अत्यंत गरजेचं आहे कृपया लक्ष घालावे,NOT,NONE,0
hi_hasoc_2021_205,"सीवान से कल पहला इस्तीफा अजित कुमार का आया मैं अजित कुमार युवा राजद जिला उपाध्यक्ष पद से इस्तीफा देता हूँ, मुतता हूँ तुम्हारे पार्टी पर, हमारे नेता मरहूम मोहम्मद शहाबुद्दीन साहब थें तुम लोग नहीं, #गद्दार_RJD #JusticeForShahabuddin https://t.co/IfChwnx3kl https://t.co/JVGz88TY2x",NOT,NONE,0
hi_hasoc_2021_3931,"ट्विटर अकाउंट फर्जी है। ये नहीं कहा है कि उसमें जो लिखा है, वो फर्जी बात है। #JusticeForShahabuddin https://t.co/Gtw3ueRMlI",NOT,NONE,0
hi_hasoc_2021_1773,सब बात छोड़िये...  इसे ट्रेंड करवाइये...  #JusticeForShahabuddin,NOT,NONE,0
hi_hasoc_2021_1250,#OPS #BanEVM #पुरानी_पेंशन_बहाल_करो #FarmersProtest #SpeakUpForFarmers #StopPrivatization #ModiMadeDisaster #NPS_भारत_छोड़ो #NPS_QUIT_INDIA #NPSनिजीकरणभारतछोड़ो #OPS_कर्मचारी_का_अधिकार #NPSनिजीकरणकेख़िलाफ़_इंक़लाब #स्वास्थ्य_क्षेत्र_मे_बजट_बढ़ाओ #Resign_PM_Modi #Vaccine_और_MSP_दो https://t.co/5ROj0knpXW,NOT,NONE,0
hi_hasoc_2021_953,शेर-ए-बिहार शहाबुद्दीन साहब की मौत नहीं बल्कि हत्या हुई है। #JusticeForShahabuddin,NOT,NONE,0
hi_hasoc_2021_2636,"1990 रिपीट हो चुका है,1 लाख से ज्यादा हिन्दू लोग बंगाल छोड़कर जा चुके हैं। 1990 में मुस्लिम गृहमंत्री था,पर वर्तमान गृहमंत्री  तो सोते से उठना ही नही चाहता है तो क्या करें। #SpinlessBJP #spinelessmodi #CruelMamata #BengalBurning   #BengalViolence https://t.co/nzhSmzgnCQ",NOT,NONE,0
hi_hasoc_2021_2592,"@laluprasadrjd ओबीसी नहीं सब जाती का अलग गिनती हो ताकि सभी जातियों को राजनीतिक बल मिले और ओबीसी के नाम पर मूर्ख बनाकर आप जैसे लोग घोटाला ना कर सके,ओबीसी के नाम पर मुख्मंत्री खाली यादव  काहे बनेगा??बाकी ओबीसी जातियां सिर्फ गिनती के लिए हैं???",NOT,NONE,0
hi_hasoc_2021_3386,@JM_Scindia कुछ करते क्यो नही? अफसोस मत करो #Emergency #बंगाल_में_राष्ट्रपति_शासन_हो #बंगाल_में_राष्ट्रपति_शासन_नहीं_तो_वोट_नही #BengalBurning https://t.co/Wttto7mMCg,NOT,NONE,0
hi_hasoc_2021_6005,बंगाल में सिर्फ भाजपा कार्यकर्ता नही मर रहा है। देश में बंगालियों की आफत आने वाली है। #BengalBurning #BengalViolence  @BJP4Bengal  @BJYM  @BJP4UK,NOT,NONE,0
hi_hasoc_2021_4447,हक वहीं बोलता है जो हलाल खाता है।  हराम खाने वाले के मुंह में ताला लग जाता है।  #JusticeForShahabuddin  #FreeAzamKhan https://t.co/NPZUdDklmx,NOT,NONE,0
hi_hasoc_2021_2082,"@myogioffice @myogiadityanath हम तीन बहने है प्रेमा ,पूष्पा ,कुसुम देवी.हमारा कोई भाई नहि है. माँ और पिता जी 10 साल पहले मृत्यु हो चुकी है. मेरे पिता की संपति पर शुरेश दूबे (लालगंज जिला मीर्जापुर,उ.प्र.)दबंग है और भावी प्रधान(वसकोप) ने अवैध कब्जा और कागजात है. इंसाफ दो योगी जी हम बहोत प्रताणित किये जा रहे है.",NOT,NONE,0
hi_hasoc_2021_1178,मैं यह कहकर जाऊँगा की साँसों ने मुझे हरा दिया किसी जम्हूरियत ने मुझे नही हराया  #JusticeForShahabuddin https://t.co/LahxQ7rCr5,NOT,NONE,0
hi_hasoc_2021_6127,"क्या मुस्लिमों को बीजेपी से घटबंधन नहीं कर लेना चाहिए?इन सेक्युलरो से तो वोह करोड़ों दर्जे बहतर है,,,🤔 #JusticeForShahabuddin",NOT,NONE,0
hi_hasoc_2021_2476,"पगड़ी समाल: हमारे पोरोमप्रिय अंकल श्याम के अब नए भेस में! इसबर, दाढ़ी के साथ पगड़ी वो! #SpinelessBJP #COVID19 #BengalViolence #CruelMamata #BengalBurning #MarathaReservation #ममता_की_निर्ममता #बंगाल_हिंसा #wednesdaythought #CovidIndia #CoronaSecondWave #PresidentsRuleinBengal",NOT,NONE,0
hi_hasoc_2021_390,मोदी हम लात नहीं मारना चाहते हम प्यार से कहते हैं देश के हालात बहुत गंभीर है कृपया करके इस्तीफा दे।🙏  #Resign_PM_Modi #नरेंद्र_मोदी_ग्लोबल_पप्पू #BJPKorbe200Paar  #MamataBanerjee  #PrashantKishor  #AssemblyElections2021 https://t.co/Te1wBKsSHt,NOT,NONE,0
hi_hasoc_2021_3856,"विदेश राज्यमंत्री वी मुरलीधरन की कार पर हमला. ड्राइवर को सिर पर लगी चोट. केंद्रीय मंत्री सुरक्षित नहीं है, कल्पना कीजिए आम आदमी की हालत. #BengalBurning https://t.co/O9sHZTo12f",NOT,NONE,0
hi_hasoc_2021_1851,#SuperSpreaderModi #ModiDisasterForIndia  #ResignModi #Resign_PM_Modi  #VaccineRegistration  #cowinregistration #KindAttnPMNarendraModi #किसानों_का_मोदी_को_धोबीपटका https://t.co/YVs7OSqN3C,NOT,NONE,0
hi_hasoc_2021_704,"#BIG #BREAKING : अंडरवर्ल्‍ड डॉन छोटा राजन की कोरोना से मौत, लक्षण मिलने के बाद 12 दिन पहले एम्‍स में किया गया था भर्ती  https://t.co/JbnQ0XtZLp  #ChotaRajan #Die #Corona #Don #NewDelhi #COVID19India #CovidVaccine #NewsUpdate #NewsAlert",NOT,NONE,0
hi_hasoc_2021_1409,"@Viratchaubey_ @SachinPandey76 इस चुटिया लड़ाई में मत पड़ो, ब्राह्मणों के पास बहुत महापुरुष है क्रांतिकारी है रोज के 2 मिल जाएंगे उन्होंने मुगलो फिर अंग्रेजो के चाटे उनको करने दो ट्विटर की वीरता",NOT,NONE,0
hi_hasoc_2021_837,"@Shankar27273 वही दादा 🙏 अगर कोई सूअर खुद आगे आकर पूरे समाज को संदेश देकर कोरोना से बचाव के।लिए आगे आता है, उसका सम्मान करना पड़ेगा। ,😊",NOT,NONE,0
hi_hasoc_2021_4140,"बंगाल में होती बर्बरता रूह कंपा देने जैसी है, घरों को तोड़ना महिलाओं को मारना और उस पर सिलेक्टिव मौन संवेदनाओं के मरे होने का प्रमाण नहीं तो क्या है।     #BengalBurning",NOT,NONE,0
hi_hasoc_2021_993,5 ट्रिलियन की Economy का सपना दिखाने वाला आपको पांच घंटे के लिए ऑक्सीजन तक नहीं दिला पा रहा है! #ModiKaVaccineJumla,NOT,NONE,0
hi_hasoc_2021_638,बदला ना मेरे बाद भी मौज़ू ए गुफ़्तगु मैं जा चुका हूँ फिर भी तेरी महफ़िलों में हूँ #JusticeForShahabuddin @Alpanah51,NOT,NONE,0
hi_hasoc_2021_4217,हक की आवाज को मजबूत कीजिए एक बार फिर से लिखिए #JusticeForShahabuddin,NOT,NONE,0
hi_hasoc_2021_3932,"सहयोग विदेशों का सफलता इनकी..  और असफलता, विपक्षी दलों की....!  #ResignModi  #COVIDEmergencyIndia",NOT,NONE,0
hi_hasoc_2021_2922,इस आदमी को जबरन हटाना होगा। इस्तीफा देने से तो रहा। #ModiResign  #ModiKaVaccineJumla  #modi,NOT,NONE,0
hi_hasoc_2021_2086,@paapazaan @BramhRakshas मोदी तुम इस्तीफा दो हम तुम्हारे साथ है #ResignModi  #Resign_PM_Modi  #ModiHataoDeshBachao https://t.co/spsvPTov8W,NOT,NONE,0
hi_hasoc_2021_3478,जो शहाबुद्दीन के साथ हुआ वो आज़म खान के साथ नहीं होना चाहिए इसलिए आइए हम सब आवाज उठाते हैं #JusticeForShahabuddin,NOT,NONE,0
hi_hasoc_2021_3994,"BJP lost badly in 3 states. In Kerala BJP got zero seat,  Time for BJP to pack and go. This country belongs to farmers &amp; labourers not to corporates. #ResignModi #Resign_PM_Modi #ExitModi #KindAttnPMNarendraModi #किसानों_का_मोदी_को_धोबीपटका https://t.co/cpICalaFxr",NOT,NONE,0
hi_hasoc_2021_4134,आज़म खान साहब का इलाज AIIMS में कराया जाए… शहाबुद्दीन साहब की तरह उन्हें सिस्टम भरोसे नही छोड़ सकते😢🙏 #JusticeForShahabuddin,NOT,NONE,0
hi_hasoc_2021_2863,जब भी मेरा हँसने का मन करना है  मेश्राम जी का भाषण देख लेता हूँ  अच्छ मनोरंजन हो जाता है #ModiKaVaccineJumla   #25सांसद_लापता_है,NOT,NONE,0
hi_hasoc_2021_3685,"अलविदा शेर-ए-बिहार…  अल्लाह आपकी मग़फ़िरत फरमाए, आपको जन्नतुल फिरदौस में आला मकाम अता फरमाए और अहले खाना को सब्र जमील अता फरमाए. 🤲  #JusticeForShahabuddin https://t.co/QJ4ZNqElIO",NOT,NONE,0
hi_hasoc_2021_2327,आप रुक क्यों गए  #JusticeForShahabuddin  @AliSohrab07  @aimim_national  @MdNasarAhmad1  @BillGates,NOT,NONE,0
hi_hasoc_2021_2130,लाशो पर लाशे गिरी तेरी नींद तक ना टूटी 😡😡😡 हाकिम ऐ वक्त  तेरे मुर्दा जमीर को सलाम..!@narendramodi #ModiResign #ModiKaVaccineJumla @AmitShah @aajtak #GodiMedia https://t.co/ApljMGAVwn,NOT,NONE,0
hi_hasoc_2021_3186,#OPS #BanEVM #पुरानी_पेंशन_बहाल_करो #FarmersProtest #SpeakUpForFarmers #StopPrivatization #ModiMadeDisaster #NPS_भारत_छोड़ो #NPS_QUIT_INDIA #NPSनिजीकरणभारतछोड़ो #OPS_कर्मचारी_का_अधिकार #NPSनिजीकरणकेख़िलाफ़_इंक़लाब #Resign_PM_Modi #किसान_कार्मिक_संग_संग  #FarmLawsWorstThanCOVID https://t.co/IQCW7uCwha,NOT,NONE,0
hi_hasoc_2021_1585,ज़िंदगी और मौत दोनों से डर रहे है। बंदे में कुछ तो ख़ास बात थी। इसलिए ही लाश देने से डर रहे है। #JusticeForShahabuddin @AamirSingariyaa  @Alpanah51,NOT,NONE,0
hi_hasoc_2021_3200,@Live_Cities खबर लिखो *डवा गिरी मत करो  #JusticeForShahabuddin,NOT,NONE,0
hi_hasoc_2021_852,बिहार वाला यादव परिवार शहाबुद्दीन  की मौत पर मौन है। उत्तर प्रदेश वाला यादव परिवार आज़म  खान पर मौन है। दोनो परिवारों का राजनीति इतिहास यही  दोनो के बदौलत रहा है। #GaddarRJD #JusticeForShahabuddin,NOT,NONE,0
hi_hasoc_2021_2095,बाकायदा अखबार में छपा है  #IndiaCovidCrisis https://t.co/4zShTjxCiR,NOT,NONE,0
hi_hasoc_2021_3400,हमे गांधीगिरी वाले मोदी और शाह नही चाहिए हमे गुजरात वाले मोदी और शाह चाहिए #BengalBurning #ArrestMamata @narendramodi @AmitShah,NOT,NONE,0
hi_hasoc_2021_3569,#किसानों_का_मोदी_को_धोबीपटका #ResignPMmodi https://t.co/v6MtkL8FCY,NOT,NONE,0
hi_hasoc_2021_1228,"बंगाल में BSF जवानों के घरों पर हो रहे हैं हमले, BSF अधिकारियों ने की कड़ी कार्रवाई की मांग  #BengalBurning",NOT,NONE,0
hi_hasoc_2021_657,बिहार के लोगों इन झूठे मक्कार राजनेताओं का चहरा हमेशा याद रखना जब तुम्हारे सामने ये मक्कार वोटों की भीख मांगने आएं तो इन मक्कारों से पूछना कि जिस समय #OsamaShahab अपने बाप के जनाजे के लिए दर-दर की ठोकरें खा रहा था उस समय तुम्हारी ये क़ौम से हमदर्दी कहां थी? #JusticeForShahabuddin https://t.co/47IydxZlhe,NOT,NONE,0
hi_hasoc_2021_1442,बीजेपी का तो ये हाल होना ही है मगर बहुत जल्द बीजेपी के साथ-साथ आरजेडी के भी यही हाल होंगे  #JusticeForShahabuddin https://t.co/rSAz1vsge7,NOT,NONE,0
hi_hasoc_2021_4197,"बहनों भाइयों अपने देशी प्लेटफॉर्म ""कू""(Koo) को डाउन लोड कर लें प्लीज ट्विटर को अंतिम वार्निंग दी जा चुकी है अब भी नथ वाली छमिया(जेक डोरसे)की आंख नहीं खुलती तो उसको ""जय राम जी की""कहने का वक़्त आचुका है। #भाड़_में_जाओ_ट्विटर",NOT,NONE,0
hi_hasoc_2021_1466,#ममता_खूनी_है #राष्ट्रपति_जी_बंगाल_संभालो #बंगाल_हिंसा #SaveBJPKaryakartas #BengalViolence #BengalBurning https://t.co/0oi9BHaBnW,NOT,NONE,0
hi_hasoc_2021_3642,"👮 बड़े दौर गुजरे जिंदगी के…. यह दौर भी गुजर जायेगा , थाम लो अपने पांवों को घरों में, कोरोना भी थम जाएगा 🚓🔥  #COVID19India #Police #CovidVaccine #CovidIndia #Covid https://t.co/er6kf7hLGa",NOT,NONE,0
hi_hasoc_2021_1458,निकालना तो  बंगलादेशी घुसपैठियों को था  पर पलायन मेरे अपने ही कर रहें है !  #BengalBurning #bengalvoilence,NOT,NONE,0
hi_hasoc_2021_3973,@Gobhiji3 मोदी तुम इस्तीफा दो हम तुम्हारे साथ है #ResignModi  #Resign_PM_Modi  #ModiHataoDeshBachao https://t.co/spsvPTov8W,NOT,NONE,0
hi_hasoc_2021_2264,बंगाल की घटनाओं को देखकर आज अनुभव हो रहा है कि किसी ने सही कहा था जिस हिंदू का खून न खौला खून नही वो पानी है @JPNadda @AmitShah @narendramodi #BengalBurning,NOT,NONE,0
hi_hasoc_2021_2093,"@SureshChavhanke @KomalrajGochar_ @BJP4India @VHPDigital @vinod_bansal @ThePushpendra_ @BJP4Bengal ममता को चोट लगी.. ब्रेकिंग न्यूज़ बन गई ।   बंगाल में हिन्दुओं पर हो रहा अत्याचार,  मारकाट लूटपाट मची हुई है बलात्कार हो रहे है। पर यह न्यूज़ कब बनेगी ??? क्या हिन्दू होना गुनाह है ??? #CruelMamata #BengalBurning",NOT,NONE,0
hi_hasoc_2021_3759,बिछड़ा कुछ इस अदा से की रुत ही बदल गई  एक शख़्स सारे शहर को  वीरान कर  गया #JusticeForShahabuddin https://t.co/CQNaMDaz3H,NOT,NONE,0
hi_hasoc_2021_3472,#ModiKaVaccineJumla #कोरोना_बम_मोदी https://t.co/5fM2sEMHyW,NOT,NONE,0
hi_hasoc_2021_821,To all those who died momta dada has announced Rs 2 lakh compensation. But she will only give 2rs🥺🥺🥺 rest money will be used to buy rubber chappal🤦‍♂️🤦‍♂️🤦‍♂️🤦‍♂️ #MamtaBanerjee #ममता_का_शपथग्रहण_रोको #ममता_खूनी_है #SpinelessBJP #Bengal #BengalBurning https://t.co/fLn8oCMKSm,NOT,NONE,0
hi_hasoc_2021_6087,कया मिला मन्दिर और मस्जिद के लिए लड़ कर आज देश के हालात ऐसे है कि लोग बीच सड़क पर आपनी आखिरी सांस ले रहे है l #OxygenShortage #CoronaPandemic  #CoronaSecondWave  #BjpDestroyedIndia  #BJPFailsIndia  #ModiKaVaccineJumla https://t.co/vFe31uoLQ0,NOT,NONE,0
hi_hasoc_2021_764,"@AHindinews कोई भी Party  जितने के बाद दंगा करके अपनी छवि नहीं बिगाड़ना चाहेगी, चाहे वो कोई भी Party हो॥  आगे आप खुद समझदार हैं॥  #BengalBurning  #BengalViolence  #Bengalisburning",NOT,NONE,0
hi_hasoc_2021_6072,"@sambitswaraj @Republic_Bharat अगर धरना देने से सब सही हो जाता तो..  कुरुक्षेत्र में भी ""श्री कृष्ण"" जी ""अर्जुन"" को यही सलाह देते..। 😡😡😡  #BengalBurning  #BengalViolence  #KhooniKhela  #WestBengalViolence",NOT,NONE,0
hi_hasoc_2021_6114,ओसामा सहाब को बिहार में खुद की पार्टी बनाना चाहिए और @RJDforIndia से तुरंत इस्तीफ़ा देना चाहिए!  #JusticeForShahabuddin,NOT,NONE,0
hi_hasoc_2021_1690,#बंगाल_हिंसा #burningbengal #PresidentsRuleinBengal #MamtaisTerrorist #TMCTerror #बंगाल_हिंसा #BengalRiots #बंगाल_में_राष्ट्रपति_शासन_लागू_हो #BengalBurning #Bengal   #ममता_बनर्जी_हत्याएं_बंद_करो  #BengalViolence https://t.co/k87DHKPPPx,NOT,NONE,0
hi_hasoc_2021_5997,@vikramchandra मोदी तुम इस्तीफा दो हम तुम्हारे साथ है #ResignModi  #Resign_PM_Modi  #ModiHataoDeshBachao https://t.co/spsvPTov8W,NOT,NONE,0
hi_hasoc_2021_2385,@poojakeshar @beingarun28 बहुत दुःखद😔 बेहद शर्मनाक 😠 #BengalBurning,NOT,NONE,0
hi_hasoc_2021_4154,ममता को चोट लगी.. ब्रेकिंग न्यूज़ बन गई ।  बंगाल के हिन्दुओ को बचा लीजिए बो कोई कूड़ा करकट नही है मोदी जी अमित शाह जी ??? 🙏🙏🙏 #CruelMamata  #BengalBurning https://t.co/NRkUn3oE3i,NOT,NONE,0
hi_hasoc_2021_3919,"कोई भाई निजी अस्पताल की जानकारी दे, जहां वैक्शीनेशन करवा सके,अपने स्तर पर। गंगापुरसिटी, करौली, हिण्डौन, लालसोट, महवा, दौसा, सवाईमाधोपुर, धौलपुर क्षेत्र में  #CovidVaccine @DIPRRajasthan @DevprakasMeena @Karauli_Admin @DholpurDm @VimlaMeena18 @@BairwaPrashant @dparam4BJP",NOT,NONE,0
hi_hasoc_2021_4160,"ममता को चोट लगी ब्रेकिंग न्यूज बन गई थी। BJP के बहुत सारे कार्यकर्ता मर गए , किसी चैनल को खबर तक नहीं। इसे कहते हैं सेक्युलरिज्म। ये कीड़ा जिस किसी को भी काटता है उसे हिंदुओं पर हो रहे अत्याचार नहीं दिखते।  #BengalBurning #WestBengalViolence",NOT,NONE,0
hi_hasoc_2021_1544,मशहूर शायर इमरान प्रतापगढ़ी @ShayarImran भाई दीन दयाल उपाध्याय अस्पताल दिल्ली ओसामा साहब का साथ देने उनके पास पहुंच गये हैं हिना सहाब और ओसामा साहब से दिल्ली पुलिस बात कर रही है इमरान भाई आपकी यही मोहब्बत आपको लोगों के दिलों में बिठाती हैं । #JusticeForShahabuddin,NOT,NONE,0
hi_hasoc_2021_1963,IPL इसलिए स्थगित /  निलंबित किया गया है क्यूंकि खिलाड़ियों  के COVID +VE होने की वजह से उनके लिए मैचों का आयोजन कराना नामुमकिन हो गया था  भारत में COVID की स्थिति के प्रति संवेदनशीलता के कारण नहीं। #iplcancel  #COVID19  #COVIDSecondWaveInIndia  #IPL2021  #IndiaCovidCrisis,NOT,NONE,0
hi_hasoc_2021_2865,बंगाल की परिस्थितियों को देखते हुए अब भारत में डर लगता है। ऊपर कही गयी बात का नाशीरुद्दीन शाह और आमिर खान के बयान से कोई ताल्लुक नही है। #bangalviolence #CruelMamata #BengalBurning #SaveBJPKaryakartas #SaveHinduFamiliesinBengal,NOT,NONE,0
hi_hasoc_2021_2311,#ModiKaVaccineJumla  #OxygenShortage  #मोदी_भाषण_रोको_आक्सीजन_नहीं https://t.co/3KNiPVKnj6,NOT,NONE,0
hi_hasoc_2021_4165,"सिवान वालो तुम इंसान नहीं, रहनुमा खोया है अपना, जो गरीबो, मजलूमो का हमदर्द था! #JusticeForShahabuddin  @Siwan_Rjd @biharcpim",NOT,NONE,0
hi_hasoc_2021_4596,#OPS #BanEVM #पुरानी_पेंशन_बहाल_करो #FarmersProtest #SpeakUpForFarmers #StopPrivatization #ModiMadeDisaster #NPS_भारत_छोड़ो #NPS_QUIT_INDIA #NPSनिजीकरणभारतछोड़ो #OPS_कर्मचारी_का_अधिकार #NPSनिजीकरणकेख़िलाफ़_इंक़लाब #स्वास्थ्य_क्षेत्र_मे_बजट_बढ़ाओ #Resign_PM_Modi #Vaccine_और_MSP_दो https://t.co/B1Ak7hCBBC,NOT,NONE,0
hi_hasoc_2021_1971,#बंगाल  #बंगाल_हिंसा  #बंगाल_में_राष्ट्रपति_शासन_हो  #BengalBurning  #ममता_बनर्जी_हत्याएं_बंद_करो  @narendramodi  @AmitShah  @DilipGhoshBJP https://t.co/EP31rN5uMg,NOT,NONE,0
hi_hasoc_2021_680,"बुलबुल को बागबां से न सैयाद से गिला, किस्मत में कैद लिखी थी फसल-ए-बहार में… दिन ज़िन्दगी खत्म हुए शाम हो गई, फैला के पांव सोएंगे कुंज-ए-मज़ार में… कितना है बदनसीब ""शाहाब"" दफ्न के लिए, दो गज़ ज़मीन भी न मिली कू-ए-यार में! #JusticeForShahabuddin #जस्टिस_फॉर_शहाबुद्दीन",NOT,NONE,0
hi_hasoc_2021_1656,बहुत याद आयेंगे साहेब आप. जब भी किसी गरीब को सताया जायेगा तो बहुत याद आयेगी .  आखिरी सलाम.  अलविदा ए कौम के रहनुमा अलविदा #JusticeForShahabuddin https://t.co/012YQ1QeMK,NOT,NONE,0
hi_hasoc_2021_1206,रोहित सरदाना कोविड पॉजिटिव थे उनकी डेड बॉडी उनके शहर जाने की परमिशन दी जा सकती है...  मगर बिहार के पूर्व सांसद मोहम्मद शहाबुद्दीन जिनकी रिपोर्ट नेगेटिव थी... उनकी डेड बॉडी ना सिवान जाने दी गई ना परिवार को दी गई!!  क्यों??? #JusticeForShahabuddin #JusticeForShahabuddin,NOT,NONE,0
hi_hasoc_2021_5673,@Aak__Thu मोदी तुम इस्तीफा दो हम तुम्हारे साथ है #ResignModi  #Resign_PM_Modi  #ModiHataoDeshBachao https://t.co/spsvPTov8W,NOT,NONE,0
hi_hasoc_2021_780,"@KKChauhanIndia @Dr_Uditraj दोस्तों, आओ हम सब सर्वसम्मति से महान अर्थशास्त्री, धुरंधर वैज्ञानिक, अंतर्राष्ट्रीय किसान, भयंकर सवर्ण-दलित मसीहा #चुदित राज जी को खांग्रेस #अध्यक्ष एवं #पलधानमंतली बनाएं !!🙏 ""सभी #समस्याएं समाप्त"" #उदित_राज_को_अध्यक्ष_बनाओ_बे @Dr_Uditraj  #CovidVaccine https://t.co/HrWBrorcLe",NOT,NONE,0
hi_hasoc_2021_3488,@BrahamSamvad @JitinPrasada किसको मूर्ख बना रहे हो आप लोग ब्राह्मण इतना भी मूर्ख नही अपकी सत्ता लोलुपता साफ नजर आ गई ।अब समाज को उसके।हाल पर छोड़िये वो अपना भला खुद करलेगा,NOT,NONE,0
hi_hasoc_2021_1113,राज्यात 05/05/2021 पर्यंत झालेले लसीकरण #COVID19India  #CovidVaccine #CoronaVaccine   @MiLOKMAT    #mahavaccination https://t.co/Kl4SZOaIJ5,NOT,NONE,0
hi_hasoc_2021_2691,#OPS #BanEVM  #पुरानी_पेंशन_बहाल_करो #FarmersProtest #SpeakUpForFarmers #StopPrivatization #ModiMadeDisaster #NPS_भारत_छोड़ो #NPS_QUIT_INDIA #NPSनिजीकरणभारतछोड़ो #OPS_कर्मचारी_का_अधिकार #NPSनिजीकरणकेख़िलाफ़_इंक़लाब #Resign_PM_Modi #किसान_कार्मिक_संग_संग  #देश_ऑक्सीजन_मांगता_है https://t.co/utd8rtg8JA,NOT,NONE,0
hi_hasoc_2021_3718,"@shilvardhanjee @Dr_Uditraj दोस्तों, आओ हम सब सर्वसम्मति से महान अर्थशास्त्री, धुरंधर वैज्ञानिक, अंतर्राष्ट्रीय किसान, भयंकर सवर्ण-दलित मसीहा #चुदित राज जी को खांग्रेस #अध्यक्ष एवं #पलधानमंतली बनाएं !!🙏 ""सभी #समस्याएं समाप्त"" #उदित_राज_को_अध्यक्ष_बनाओ_बे @Dr_Uditraj  #CovidVaccine https://t.co/HrWBrorcLe",NOT,NONE,0
hi_hasoc_2021_2588,India and the entire planet is aware.  Thanks for catching up  #कृषि_कानून_रद्द_करने_पड़ेंगे #ResignModi #FarmersProtest https://t.co/46q4HOKyID,NOT,NONE,0
hi_hasoc_2021_1145,लोकतंत्र खतरे में नही ?  #BengalBurning #SpinlessBJP https://t.co/MaxMtTnpS0,NOT,NONE,0
hi_hasoc_2021_3990,"अवाम अंधेरों का साथ दे बैठी, अब चिताओं से मुल्क रोशन हैं!😢 @Fuckofrightwing @AMINHudda2 @ImLB17 @Liberal_India1 @Godfath52464383 #मोदी_है_तो_मुमकिन_है #ModiKaVaccineJumla #MahaCovid",NOT,NONE,0
hi_hasoc_2021_756,@ppbajpai राज्यसभा पहुंचने के लिए प्यासी निगाहों से हर समय दिल्ली को ही ताकते रहते हो! कभी बंगाल की भी सुध ले लिया करो वहां पत्रकारिता धर्म आप जैसे पत्रकारों का इंतजार करते-करते दम तोड़ रहा है? #WestBengalPolls  #BengalBurning  #BengalViolence  #WestBengalElections2021  #Didi,NOT,NONE,0
hi_hasoc_2021_2145,"नूर की एक किरण जुल्म पर भारी होगी रात इनकी ही सही, एक सुबह जीत हमारी होगी |  अल्लाह जन्नत में आला से आला मुक़ाम अता करे..! #JusticeForShahabuddin https://t.co/NDYWHQvBOc",NOT,NONE,0
hi_hasoc_2021_2670,दीदी कहती रहती थी  खेला होबे खेला होबे पर हमे पता नही था खेला होबे का मतलब हिंसा होबे मर्डर होबे रेप होबे #ममता_खूनी_है #bangalviolence #NarendraModi #BengalBurning,NOT,NONE,0
hi_hasoc_2021_3471,बेटे को घटिया राजनीति में घसीटने का बेड़ा librandu गैंग ने उठा ही लिया #JusticeForShahabuddin,NOT,NONE,0
hi_hasoc_2021_5832,"@BJPLive @JPNadda - सवाल यह नहीं की बस्तियां जली कैसे , सवाल यह है की उसके हाथ मे माचिस दी किसने?  #Bengal  #BengalBurning #BengalViolence #bengalvoilence  #BJPSaveYourBengaliSupporters",NOT,NONE,0
hi_hasoc_2021_2872,"@BJP4Rajasthan अगर धरना देने से सब सही हो जाता तो..  कुरुक्षेत्र में भी ""श्री कृष्ण"" जी ""अर्जुन"" को यही सलाह देते..। 😡😡😡  #BengalBurning  #BengalViolence  #KhooniKhela  #WestBengalViolence #SaveBengalBJPsupporters  #SaveHindusInBengal",NOT,NONE,0
hi_hasoc_2021_2859,आज देख रहा हु के हिन्दुओ का खून ठंडा पड़ गया है बंगाल के लिए  सिर्फ दो दिन की गर्मी थी खून में #बंगाल_हिंसा  #BengalBurning #BengalViolence,NOT,NONE,0
hi_hasoc_2021_3536,@AamAadmiParty मोदी तुम इस्तीफा दो हम तुम्हारे साथ है #ResignModi  #Resign_PM_Modi  #ModiHataoDeshBachao https://t.co/spsvPTov8W,NOT,NONE,0
hi_hasoc_2021_1725,जय हो जय हो      जप नाम जप नाम   #COVID19India #Oxygen #ModiMadeDisaster #ModiHataoDeshBachao #ResignModi #ModiKaVaccineJumla #ModiGovtSeNaHoPayega #ModiSarkarHiSystemHai #ModiHaiTohMumkinHai #ModiFailsIndia #ModiDisasterForIndia #PMCaresFunds #PMOIndia https://t.co/QXOuTMa7CZ,NOT,NONE,0
hi_hasoc_2021_2312,जिन लोगों को भारत सरकार की vaccine जुमला लग रही है वो vaccine नही भी ले सकते है इससे भारत माँ की बोझ कम होगा । और जिसे भरोसा है वो अवश्य लगाए वैक्सीन। ॐ नमः शिवाय ।#ModiKaVaccineJumla,NOT,NONE,0
hi_hasoc_2021_1338,आस्ट्रेलियाई गेंदबाज को भी PM मोदी पर नहीं है भरोसा! PM केयर्स फंड में नहीं ‘यूनीसेफ’ को देंगे डोनेशन  #ShameOnModi ऐसे पीएम को तुरंत रिजाइन कर देना चाहिए ॥  #ResignModi,NOT,NONE,0
hi_hasoc_2021_2227,मैं हमेशा कहता रहूंगा सीबीआई जांच होनी चाहिए ! 👇 #JusticeForShahabuddin @sabirraza78,NOT,NONE,0
hi_hasoc_2021_3224,हो सकता है आपको भी कोरोना वायरस रहा हो और पता तक नहीं https://t.co/84drLP8Acd #chinesevirus #covid19,NOT,NONE,0
hi_hasoc_2021_3262,"#मोदी जी ने देश वासियों को दुबारा चौका दिया।  जैसे वो दाढ़ी बढ़ा रहे थे हमे लगा वो #बंगाल चुनाव मे  #RabindranathTagore लुक की तैयारी कर रहे है।  अब दंगो के बाद पता चला वो #भीष्म का क़िरदार निभा रहे है।  वाह मोदी जी वाह, आपने फिर कमाल कर दिया।  #BengalElection2021  #BengalBurning",NOT,NONE,0
hi_hasoc_2021_2488,मुझे तो लगता है की आरजेडी को सत्ता तो दूर की बात है विपक्ष में भी अब आने के लिए लड़ाई लड़ना होगा #BycottRJD #JusticeForShahabuddin https://t.co/KkssigHXi2,NOT,NONE,0
hi_hasoc_2021_2572,राज्य में ताजातरीन हमले का शिकार विदेश राज्य मंत्री वी. मुरलीधरन को भी होना पड़ा। हालिया घटना में पूर्व वर्धमान के 22 वर्षीय बलराम मांझी को टीएमसी के गुंडों ने हमला कर मार डाला। हिंसा की राजनीति ही ममता का ठौर है।  #BengalBurning  @DilipGhoshBJP @JPNadda @blsanthosh @BJP4Bengal https://t.co/KEzrKA9kHV,NOT,NONE,0
hi_hasoc_2021_2635,तुम ने हमसे हमारा कायदत छीन लिया  हम तुमसे तुम्हारा वजूद छीन लेंगे  अब दुश्मन चलेगा  लेकिन गद्दार नहीं  #boycottrjd #JusticeForShahabuddin,NOT,NONE,0
hi_hasoc_2021_280,"@brajeshlive हर जगह पर होसबेड की कमी, ऑक्सीजन की कमी, कोई इलाज नहीं। फिर पीएम फंड कहां जा रहा है?  #Resign_PM_Modi  #GodiMedia",NOT,NONE,0
hi_hasoc_2021_2072,ऐसे थे हमारे शाहबुद्दीन साहब ❤️ #istandwithosama  #JusticeForShahabuddin https://t.co/flyhWHxTrQ,NOT,NONE,0
hi_hasoc_2021_2857,हमारी लड़ाई #RSS #BJP से थी अब #RJD से भी हैं!  #JusticeForShahabuddin #JusticeForShahabuddin,NOT,NONE,0
hi_hasoc_2021_24,"सेंट्रल फोर्सेस @BJP4India को राहत देती है, TMC को मुश्किल,वहीं स्टेट पोलीस TMC को राहत देती है BJP को मुश्किल। यह कोनसा स्ट्रक्चर इस देश मे काम कर रहा है ? #बंगाल_हिंसा #BengalBurning @RahulGandhi @priyankagandhi @IYC  @INCIndia @LoksattaLive @NavbharatTimes",NOT,NONE,0
hi_hasoc_2021_3556,"अपने इनको जवाब नहीं दिया है, लाजवाब कर दिया सर! न जाने इन मूढ़ों को क्या समस्या रहती है! अपने घर मे माँ-बाप से कभी सीधे मुँह बात न करने वाले बाहर आके नीतिज्ञ तथा समाजसुधारक बनने लगते हैं। मूढ़,जड़बुद्धि, समझ नहीं आ रहा क्या क्या कहें! 😡👎 @DrKumarVishwas 🙏❤️ https://t.co/4cnS50T9nc",NOT,NONE,0
hi_hasoc_2021_3660,"ममता को चोट लगी.. ब्रेकिंग न्यूज़ बन गई ।   बंगाल में हिन्दुओं पर हो रहा अत्याचार,  मारकाट लूटपाट मची हुई है बलात्कार हो रहे है। पर यह न्यूज़ कब बनेगी ??? क्या हिन्दू होना गुनाह है ??? #CruelMamata #BengalBurning #राष्ट्रपति_जी_बंगाल_संभालो https://t.co/ElS2PwHKo9",NOT,NONE,0
hi_hasoc_2021_2746,@OsamaaShahab भगवान उनकी आत्मा को शांति प्रदान करें। #JusticeForShahabuddin,NOT,NONE,0
hi_hasoc_2021_846,#ममता_खूनी_है #BengalBurning #Bengalisburning #ShameOnMamata #PresidentsRuleinBengal https://t.co/VRzCmEJYQ8,NOT,NONE,0
hi_hasoc_2021_3259,हम तेरे साथ है #IndiaCovidCrisis #IndiaNeedsOxygen #IndianLivesMatter  https://t.co/DaHj4lGdVu https://t.co/BC11tHhX5J,NOT,NONE,0
hi_hasoc_2021_4218,@sanchit_mdi @zoo_bear @Tejasvi_Surya #Hindus DYING #HindusLivesMatter   #KindAttnPMNarendraModi  #coronasecondwaveinindia #ModiMadeDisaster #ResignModi    #BJP #RSS LIARS   I WARNED 2 YRS BACK #RSSTerrorists BANNED BY SARDAR PATEL IGNORED  #शेर_नहीं_भेड़िया_पाल_लिया_भक्तो  #MautKaSaudagar,NOT,NONE,0
hi_hasoc_2021_3645,Where are the those cowards now who were asking why pm is doing rallies in bengal? Hope you would have got your answers now. #BengalBurning #CruelMamata #राष्ट्रपति_जी_बंगाल_संभालो #बंगाल_हिंसा #HindusLivesMatter,NOT,NONE,0
hi_hasoc_2021_1108,"फ्रीडम ऑफ स्पीच पर बोलने वाले, अवार्ड वापस करने वाले , pseudo secularism ki चिंता करने वाले,  JNU  में आजादी वाले, आज बंगाल हिंसा पर चुप क्यों हैं ?? #BengalViolence #BengalBurning @sudhirchaudhary",NOT,NONE,0
hi_hasoc_2021_230,हमारी मुंह से जो निकले वहीं #सदक़्त है हमारे मुंह में तुम्हारी ज़ुबान थोड़ी है 😢 #JusticeForShahabuddin #JusticeForShahabuddin @tahsin_faizi @RJDforIndia https://t.co/u80iLFt8Bk,NOT,NONE,0
hi_hasoc_2021_2473,अंबानी का एकदम से अपने सारे परिवार को लेकर ब्रिटेन निकल जाना..!! 😊  पता नही क्यों आने वाली किसी अनहोनी का आभास करा रहा है..!! #AndhBhakt #ModiResign #ResignModi #ResignPMmodi #Resign_PM_Modi #ModiMustResign  #ModiKaVaccineJumla #ModiHataoDeshBachao #BjpDestroyedIndia,NOT,NONE,0
hi_hasoc_2021_3766,सोशल मीडिया में मची हलचल के बाद बिहार की राजनीति में भी हलचल मचना शुरु हो गई..  RJD से मुस्लिम नेताओं ने इस्तीफा देना  शुरु कर दिया है..@yadavtejashwi   #JusticeForShahabuddin https://t.co/pY7ZauAmQK,NOT,NONE,0
hi_hasoc_2021_3706,#बंगाल_चुनाव के बाद #tmcgoons द्वारा की गई हिंसा से अब तक एक लाख से ज्यादा लोग #पलायन कर चुके हैं।  #BengalBurning #BengalViolence,NOT,NONE,0
hi_hasoc_2021_1190,बिल्कुल हम शहाबुद्दीन के साथ है  #JusticeForShahabuddin #JusticeForShahabuddin https://t.co/PvZTSyD3MB,NOT,NONE,0
hi_hasoc_2021_3288,आवाज़ दो हम एक हैं  बोल के लब आज़ाद हैं तेरे ! #JusticeForShahabuddin https://t.co/4CWjqzPlVE,NOT,NONE,0
hi_hasoc_2021_957,"सीवान खत्म हो गयी तेरी पहचान,  जिसके नाम से तू जाना जाता रहा,  अब वो नहीं रहे...!!🙏  #JusticeForShahabuddin https://t.co/uGc5dA2W1f",NOT,NONE,0
hi_hasoc_2021_3980,"SI VIS PACEM, PARA BELLUM  यदि आप शांति चाहते हैं, तो युद्ध के लिए तैयार रहें। @PMOIndia @narendramodi @AmitShah @JaipurDialogues @Sanjay_Dixit @DOpolitics_in @vaibhavUP65 #BengalBurning #BengalViolence #CruelMamata",NOT,NONE,0
hi_hasoc_2021_3677,#ModiKaVaccineJumla #ModiResign #IndiaFightsCorona #PMCaresFund_का_हिसाब_दो #PMDoesNotCare https://t.co/FxEwHIH6KI,NOT,NONE,0
hi_hasoc_2021_3362,@RakeshChandan @Pritambhatiya @HemantSorenJMM @BasantSorenMLA @SitaSorenMLA @DumkaDc  आप से आग्रह है कि दुमका और जरमुंडी के सभी पत्रकारों को कोरोना वैक्सीन दिया जाय #दुमका #जरमुंडी #CovidVaccine @BasantSorenMLA @JMM_Dumka  @Dumka_Nagar_JMM,NOT,NONE,0
hi_hasoc_2021_241,ममता को चोट लगी.. ब्रेकिंग न्यूज़ बन गई ।   और BJP के सैकड़ों कार्यकर्ता मरवा दिये किसी को खबर तक नही ??🤔 #BengalViolence #BengalBurning https://t.co/0JVJ5DXfXr,NOT,NONE,0
hi_hasoc_2021_3526,यह आंसू बेकार न जायेंगे #इंशाअल्लाह एक दिन मायावती व कांग्रेस की तरह #RJD का भी हश्र होगा।#JusticeForShahabuddin https://t.co/HdSXKHthzl,NOT,NONE,0
hi_hasoc_2021_3680,आज़म खान साहब का इलाज AIIMS में कराया जाए… शहाबुद्दीन साहब की तरह उन्हें सिस्टम भरोसे नही छोड़ सकते😢😢😢🙏 #JusticeForShahabuddin,NOT,NONE,0
hi_hasoc_2021_1480,@ChitranjanGaga1 @RJDforIndia @sardanarohit कोरोना पॉजिटिव था उसको अपने गाव कुरूक्षेत्र ले जाया गया और डॉ मोहम्मद शहाबुद्दीन साहब नेगेटिव थे तो उनको दिल्ली का कब्रिस्तान वो भी दिल्ली @ArvindKejriwal Govt और प्रशासन ने अपने मर्ज़ी से दिया? कितना मुश्किल है इस मुल्क में मुसलमान होना😥  #JusticeForShahabuddin,NOT,NONE,0
hi_hasoc_2021_3,"कुछ चुनिंदा लोगों का वोट पाने के लिए ,आप अपने लोगों से दूर जा रहे हो। वह कभी आपको वोट नहीं देंगे I Have Some Spine. #spinelessmodi  #राष्ट्रपति_जी_बंगाल_संभालो #ShameOnMamata #ShameOnModi #ShameonModiGovt #BengalBurning #BengalElection2021 #Bengal #Bengalisburning #NapunshakBJP https://t.co/zh1YkRbaOt",NOT,NONE,0
hi_hasoc_2021_2252,@smitaprakash भीड़ में मत जाओ चाहे भाड़ में जाओ  ।।   😁😝,NOT,NONE,0
hi_hasoc_2021_1930,"@AshrafFem @AdnanAhmedRJD *ओसामा साहब ने सिर्फ उस ट्वीट और ट्विटर अकाउंट को फर्जी बताया है ना कि राजद का पक्ष लिए और ना की राजद का गुणगान किये है, संयम रखिए जल्द ही सब कुछ सामने आएगा।* #JusticeForShahabuddin",NOT,NONE,0
hi_hasoc_2021_2561,#राष्ट्रपति_जी_बंगाल_संभालो President Rule  #BengalBurning  #SonarBangla https://t.co/gsrBqCd0bg,NOT,NONE,0
hi_hasoc_2021_3187,हिन्दू ऐसे प्रजाति वाले इंसान है दुसरो के घर जलते देख कहेंगे कि हमे क्या लेना देना जब अपनी बारी आती है चीख चीख कर मदद मांगते है जब खुद के साथ घटित होता है तभी पता चलता है आज जो भी हिन्दू भाई बंगाल पर बात नही कर रहे है जब उनके घर आग लगेगी तब दर्द समझ मे आएगा #BengalBurning,NOT,NONE,0
hi_hasoc_2021_225,जो ताउम्र सबको उनका हक दिलाता रहा आज वो अपने हक की दो गज जमीं ना पा सका 😔              #JusticeForShahabuddin,NOT,NONE,0
hi_hasoc_2021_279,गैंग अॉफ वासेपुर की याद आ रही है  मरहूम शहाबुद्दीन सर का बेटा ओसामा अगर '' फैजल'' बनकर सीवान में उभरा तो रामाधीर की सियासत ज्यादा दिन नहीं चलेगी  #JusticeForShahabuddin,NOT,NONE,0
hi_hasoc_2021_1291,"मोदी जानबूझकर कोरोना का विकास किया है, पर क्यों?  #ModiResign  #ModiKaVaccineJumla  #ModiFailedIndia https://t.co/E9aMYnHxEq",NOT,NONE,0
hi_hasoc_2021_1885,@UtkarshSingh_ मोदी तुम इस्तीफा दो हम तुम्हारे साथ है #ResignModi  #Resign_PM_Modi  #ModiHataoDeshBachao https://t.co/spsvPTov8W,NOT,NONE,0
hi_hasoc_2021_3169,ये पूरी जमीन अल्लाह की है मोमिन कहीं भी दफन हो सकता है लेकिन तुम्हारी राजनीति तुम्हारे घर में ही दफन होगी इंशाअल्लाह.💪 #JusticeForShahabuddin,NOT,NONE,0
hi_hasoc_2021_2032,Mohammad Shahabuddin Allah apko jannat ata farmaye    #Shahabuddin  #JusticeForShahabuddin  #ओसामा_शाहबुद्दीन_उर्फ़_छोटा_शाहबुद्दीन  Former member of parliament sab yaad rakha jayega #boycottrjd  #boycottaap https://t.co/oMyegecUih,NOT,NONE,0
hi_hasoc_2021_907,"आपदा में अवसर! : मोदी जी ने कैबिनेट की बैठक की और एक बैंक बेच दिया  कल शाम IDBI बैंक को बेचने पर मुहर लगा दी गयी आईडीबीआई एक सरकारी बैंक था, जो 1964 में देश में बना था।  #IDBIBank #ResignModi",NOT,NONE,0
hi_hasoc_2021_3108,ITO कब्रिस्तान में जनाजे की नमाज हो गयी दुआ की गुजारिश हैं अल्लाह मरहूम शहाबुद्दीन साहब को जन्नतुल फिरदौस में आला से आला मुकाम अता फरमाए #आमीन  #JusticeForShahabuddin https://t.co/l6G5gQdtmv,NOT,NONE,0
hi_hasoc_2021_10,@MamataOfficial #BengalBurning #bangalviolence #MamataBanarjee #बंगाल_हिंसा #राष्ट्रपति_जी_बंगाल_संभालो #ममता_की_निर्ममता https://t.co/f3CzYeklVa,NOT,NONE,0
hi_hasoc_2021_4754,@ndtvindia मोदी तुम इस्तीफा दो हम तुम्हारे साथ है #ResignModi  #Resign_PM_Modi  #ModiHataoDeshBachao https://t.co/spsvPTov8W,NOT,NONE,0
hi_hasoc_2021_3500,सवाल सरकार से ये है क्या कोई इंसान ही नहीं है जिसे जब चाहा मार दिया जाता है #JusticeForShahabuddin,NOT,NONE,0
hi_hasoc_2021_4069,सहाबुद्दीन को इंसाफ दो। #JusticeForShahabuddin,NOT,NONE,0
hi_hasoc_2021_3339,"पैतृक निवास सिवान में नहीं दफन हो पाए शहाबुद्दीन, टि्वटर पर ट्रेंट हुआ #JusticeForShahabuddin  https://t.co/bUOSYCMQiZ    (अगर आप भी लिख लेते है खबर या आर्टिकल तो फटाफट करे अपनी खबर हमे पोस्ट लिंक पर क्लिक करे)👇 ( https://t.co/EJbUWAPL2Y )",NOT,NONE,0
hi_hasoc_2021_2404,@washingtonpost @zoo_bear #KindAttnPMNarendraModi  #coronasecondwaveinindia #ModiMadeDisaster HENCE  #ResignModi    #BJP #RSS LIARS   I WAS SHOUTIN SINCE  CHILDREN'S DEATH IN UP #RSSTerrorists BANNED BY SARDAR PATEL DIDN'T LISTEN   #शेर_नहीं_भेड़िया_पाल_लिया_भक्तो  https://t.co/SikA6IhLkD #MautKaSaudagar,NOT,NONE,0
hi_hasoc_2021_3844,मोदी जी के अपदस्थ होने पश्चात उनके 'चाय-पकौड़े' के ठेले का स्थान निर्धारित कर दिया गया हैI  सेंट्रल विस्टा का काम पुरजोर तरीके से चालु हैI मोदीजी मार्गदर्शक मंडल की जगह ठेले में ज्यादा खुशहाल रहेंगे  #ModiAbandonedIndia #ModiResign #ModiKaVaccineJumla #COVIDー19 #OxygenCrisis https://t.co/4uw6VyWCo5,NOT,NONE,0
hi_hasoc_2021_5750,Lakho Logon ko Maut Modi ki mismanagement aur irresponsible working attitude se ho rahi hai toh Pure India mein President Rule ki baat kyon nahi karte bhakt. @BJP4India  #ResignModi  #ResignHarshvardhan  #कृषि_कानून_रद्द_करने_पड़ेंगे,NOT,NONE,0
hi_hasoc_2021_2820,@akhileshsharma1 @RakeshSinha01 यह भी दर्शको का ध्यान मुद्दो से भटकाने का प्रयास है ताकि बहस में हार से बचा जा सके मुझे तो यह सोची समझी चाल लगती है जिसमें विपक्ष फसकर अतार्किक और फूहड़ प्रतीत हो रहा है ।,NOT,NONE,0
hi_hasoc_2021_2864,"@Dk84ya @vijayktiwari57 @ashokgehlot51 खबरदार जो दुष्ट बोला तो चीर दिए जाओगे वो शांतिप्रिय लोग है वो वोटबैंक है वो विशेष समुदाय का दर्जा रखते है तुम्हारी हिम्मत कैसे हुई सरकार के इतने प्रिय लोगो के खिलाफ बोलने की गलती चाहे इनकी हो,माननी फिर भी मोटरसाइकिल वाले को ही पड़ेगी तुम्हे मुफ्त बिजली पानी समय पर मिलता रहेगा",NOT,NONE,0
hi_hasoc_2021_6038,https://t.co/120hJ2ZbJu Suffering like partition days in West Bengal. Post poll Bengal violence 2021 #राष्ट्रपति_जी_बंगाल_संभालो #बंगाल_हिंसा #BengalBurning @narendramodi @rashtrapatibhvn @HMOIndia @HRC @HRF,NOT,NONE,0
hi_hasoc_2021_1475,#किसानों_का_मोदी_को_धोबीपटका #ResignModi #ResignPMmodi #Resign_PM_Modi #resignnarendramodi #MamataBanerjee #ExitModi,NOT,NONE,0
hi_hasoc_2021_2842,"लालु जैसे नेता शेर तब बनते हैं  ""जब"" उनके पीछे ""शहाबुद्दीन"" जैसा सवा शेर होता है!🔥 #JusticeForShahabuddin #JusticeForShahabuddin #JusticeForShahabuddin",NOT,NONE,0
hi_hasoc_2021_1641,"#vaccine_और_msp_दो Enough is enough   Thanks for your ""ACCHE DIN"":-[  Now #ResignPMmodi  No more #IStandWithModi Just #ExitModi @jshashank7  @Shankar0766 #Vaccine_और_MSP_दो #कोरोना_को_चुनाव_मे_बढ़त https://t.co/S3acmhDriQ",NOT,NONE,0
hi_hasoc_2021_2248,"५० साल बाद भी कुछ नही बदला ! कल हमारे माता-पिता थे, आज हम है, कल हमारे बच्चे होंगे !  सवाल ये है कि ये कब तक सहना है, आवाज उठाना है या फिर ऐसे ही मर जाना है !  सिर्फ हंगामा खड़ा करना मेरा मकसद नहीं, सारी कोशिश है कि ये सूरत बदलनी चाहिए।  #BengalBurning https://t.co/zA1JPuXgzS",NOT,NONE,0
hi_hasoc_2021_3155,"Tweet, Retweet करवाके फॉलो बैक देने वालो, तुम लोग भाड़ में जाओ। जिसे देखो बस यही कर रहा है।",NOT,NONE,0
hi_hasoc_2021_617,हिन्दुओं जंगल के मालिक तुम हो ।  वो हरे टिड्डे नहीं ।  #ArrestMamata  #BengalBurning  #Bengalisburning  #BengalViolence,NOT,NONE,0
hi_hasoc_2021_598,@KapilMishra_IND @PoddarVaishali योग दिवस आते ही कई भाजपा नेता और योग गुरु ग्रीन फंगस लोगो से मनुहार करने लग जाते हैं कि प्लीज आप भी योग कीजिये न योग का हिन्दू धर्म से कोई लेना देना नही जबकि बोलना तो ये चाहिए कि हां योग का सम्बंध है हिन्दू धर्म से  करना है तो करो वरना भाड़ में जाओ मेरी बला से,NOT,NONE,0
hi_hasoc_2021_3643,"जारी रहेगी, इस पहले मंगलवार सुबह 7 बजे तक तीन दिन का कोरोना कर्फ्यू लगाया गया था। अब इसे बढ़ाकर पांच दिन कर दिया गया है।  #unite2FightCorona #IndiaFightsCorona  #IndiaCovidCrisis  #UPlockdown  #LockDownUttarPradesh #CoronaCurfew",NOT,NONE,0
hi_hasoc_2021_3480,"क्या सुप्रीम कोर्ट और हाई कोर्ट, स्थान,  समुदाय, और पार्टी, देखकर संज्ञान लेती है ??  बताओ......!  रिट्वीट ""फालो"" करके मेरी ""आवाज"" बनें आप #BengalViolence #BengalBurning #SupremeCourtofIndia",NOT,NONE,0
hi_hasoc_2021_1232,"आज सीईओ जनपद मोहगांव  द्वारा कोरोना टीकाकरण जागरूकता अभियान प्रचार प्रसार हेतु तीनो सन्कुलों के विभिन्न ग्रामों में 3 वाहन रवाना कराया गया, जिसमें आजीविका टीम, स्थानीय जनप्रतिनिधी की सहभागिता रही। #JansamparkMP  #JansamparkMP  #fightscorona #CovidVaccine https://t.co/CygRFRDZrk",NOT,NONE,0
hi_hasoc_2021_3868,@ABPNews #मोदी_से_न_हो_पाएगा  #ModiGovtSeNaHoPayega #ModiKaVaccineJumla #ModiMustResign #ModiHataoDeshBachao #ModiMadeDisaster #ModiAbandonedIndia #modiagainstdelhi #ModiSarkarHiSystemHai,NOT,NONE,0
hi_hasoc_2021_1345,"वैसे भी आप सिर्फ अपने IT cell, EVM  और और fake followers पर जीवित हो अपने अंतर्मन में झांकोगे तो स्वम को अंहकार के अग्नि में जलता हुआ पाएंगे #Resign_PM_Modi देश हित में https://t.co/DHAqujSD9m",NOT,NONE,0
hi_hasoc_2021_1940,कुर्सी है तुम्हारा ये जनाज़ा तो नहीं है  कुछ कर नहीं सकते तो उतर क्यों नहीं जाते? #ModiMustResign #ModiKaVaccineJumla  #ModiResign https://t.co/kV5NytinOe,NOT,NONE,0
hi_hasoc_2021_2964,DïDï to Heavy Driver Nikli😅🤟🏻 😂 ॐ नमः शिवाय ॐ अंधभतो को शांति प्रदान हो 🤣  #Elections2021 #didi_o_didi #ModiResignOrRepeal #ModiKaVaccineJumla #BangalElection2021 #ElectionResult https://t.co/miV2sudRW1,NOT,NONE,0
hi_hasoc_2021_4194,"#ArrestMamata #ResignModi जो सरकार अपने लोगों की रक्षा नहीं कर सकती, उन्हें तड़पते देख जिसे कष्ट नहीं होता  माताओं बहनों की अस्मिता की रक्षा नहीं कर सकती, अत्याचारों पर मौन है, तमाशबीन है, वह पूर्ण बहुमत से आई BJP सरकार है  @narendramodi🙏🇮🇳🚩 @rashtrapatibhvn @KapilMishra_IND",NOT,NONE,0
hi_hasoc_2021_806,@_amitbehere मोदी तुम इस्तीफा दो हम तुम्हारे साथ है #ResignModi  #Resign_PM_Modi  #ModiHataoDeshBachao https://t.co/spsvPTov8W,NOT,NONE,0
hi_hasoc_2021_380,"हिन्दू बहन -बेटियों के बलात्कार और बेटों की हत्या के जवाब में धरना देंगे। !धिक्कार है!!  लानत है !!! हमें धरना नहीं, एक्शन चाहिए @JPNadda @BJP4India #BengalBurning",NOT,NONE,0
hi_hasoc_2021_3018,देश दिमाग से चलता है भाषण से नही #प्रधानमंत्री_इस्तीफा_दो #ResignModi #Resign_PM_Modi #HarshVardhanShouldResign #कंगना_तुम_कहाँ_हो #ModiMustResign #KanganaRanaut #PresidentsRuleinBengal,NOT,NONE,0
