ID,Text,label,Label
facebook_corpus_msr_1946826,"<fg=f0f00f0f>Free free free free job Digital India se jure बिना कोईपैसा लगाये No इन्वेस्टमेंट अब RS 8000 से 20000/महीना कमायें. बस आपको Advertising करना है. और कम्पनी आपको हर माह आपके बैंक एकाउंट मे रूपया देगी... बसआप इस whatsApp no. (8051302799) पर ""JOB"" लिख कर send कीजिए. join this job & change your life..",NAG,0
facebook_corpus_msr_1946831,Acha Hume bhi h phir,NAG,0
facebook_corpus_msr_1946839,Bahut stick ans,NAG,0
facebook_corpus_msr_1946841,Bhai  aaj  dil  khush  gya  Muslim  bhaion  ke  comment pad  kar. ..,NAG,0
facebook_corpus_msr_1946842,"Bhai hain aap hath badhaiye hum gale lagne k liye tayyar hain. 
Aap sath diye hum ladhne k liye tayyar hain. Fir chahe woh koi ho.",NAG,0
facebook_corpus_msr_1946846,Bhai Bhajan faltu nahi hota man ki shanti k liye bhajan hota h.,NAG,0
facebook_corpus_msr_1946850,Sahi bat he,NAG,0
facebook_corpus_msr_1946857,Kya baat hai bro,NAG,0
facebook_corpus_msr_1946890,"शायद अगर किसी को इनकी सलामती की इतनी ही परवाह होती।और इसकी माॅग उठती तो योगी को कोई एतराज नही होता।
यह तो योगी है।
इनको तो वह सब करना ही होता है जो उस पीठाधीश्वर के लिए आवश्यक है
और यह साधारण हिन्दू और गृहस्थ से भिन्न है",NAG,0
facebook_corpus_msr_1946905,प्रेम  का मतलब  समाजिक jiwan में yh नहीं है  की सब धर्म की प्रार्थना की जाय aadt ज़रूरत क्रं चाहिए,NAG,0
facebook_corpus_msr_1946913,"जब दो पक्षों में आम  सहमति ना बने तो यही तिसरा विकल्प सबसे उपयुक्त है! 
********************************************
अयोध्या ना किसी हिन्दू की है न मुसलमान की और ना बौद्ध की।
उस पर ट्रैक्टर फिरवाओ।
आदिकिसान की जमीन है।। खेती करेंगे, गेंहू लहरायेगा।
सारे मिल कर अनाज बाँट लेना। अनाज खा कर ही सबको धर्म याद आता है।
खाली पेट किसी से भक्ति भी नहीं होती।
आदिकिसान साब भाई",NAG,0
facebook_corpus_msr_1946928,Aesa koi nhi bola ye sab jut hai agar koi bola hai to sahi nhi kisi se achchi ummid rakhana bura nhi aur achchi hi ummid Kare take sabka bhala ho,NAG,0
facebook_corpus_msr_1946987,"*Android mobile user के लिये शानदार job !!*

👉अगर आपके पास है...!!
        *Android mobile* !
        तो आप  कर सकते है *unlimited Income*
                  - अभी -
               Playstore  
                    से    
           CHAMPCASH
          डाउनलोड कर लो ।।

👉आपका नाम, 
👉ई मेल id 
👉mobile number Jo whatsapp pe bhi ho डाल दो , 
👇👇👇👇👇👇👇👇👇
Enter refer id of sponcer मे *5476484* डालो।।
और उसे वेरीफाई कर दे।।

👉🎖अब आप भी हजारों रूपये घर बैठे कमाओ ।।

👉आप खुद join करके देखो . और भी बहुत सारे इनकम कि सोर्सेज है जो आपको जॉइनिंग होने के बाद दी जाएगी

 📲 & What'sapp-
9892552896",NAG,0
facebook_corpus_msr_1947000,mera bharat zindabad yogi maharaj ki,NAG,0
facebook_corpus_msr_1947007,क्या अखिलेश यादव ने आजा़न लगवाई थी,NAG,0
facebook_corpus_msr_1947011,"₹₹ ONLINE PART TIME JOB ₹₹

100%free अगर आप घर बैठे कमाना चाहते हैl

10000-15000/ month बिना पैसा
लागाये तो मेरे ,
whatsapp no. *9025891038* पर 
*JOIN* लिख करके मैसेज करे...",NAG,0
facebook_corpus_msr_1947067,लगे रहो मुन्नाभाई 😂,NAG,0
facebook_corpus_msr_1947097,Jai sri ram,NAG,0
facebook_corpus_msr_1947101,"Kuon.karvaayay......hindu hai.....
Aaarti hi hogi",NAG,0
facebook_corpus_msr_1947147,Bhed bhaw band karo,NAG,0
facebook_corpus_msr_1947184,Kya baat  h,NAG,0
facebook_corpus_msr_1947194,Bilkul sahi comment kiye kundan jee,NAG,0
facebook_corpus_msr_1956246,Saif Ali shuru hogaya,NAG,0
facebook_corpus_msr_1956254,"वह मर्द नहीं जो डर जाये हालात के खुनी मंज़र से, जिस दौर में जीना मुश्किल हो उस दौर में जीना लाज़िम है..
https://www.facebook.com/iconverttoislam/videos/1262802087102082/",NAG,0
facebook_corpus_msr_1956951,"अगर आप part time job करके 15000 - 50000 Rs. FIXED INCOME कमाना चाहते है तो .......आइये Duniya ke pehle Zero इनवेस्टमेन्ट ka International MLM business (WORLDWIDE) se judiye.... JOIN होने के लिए आप  🔘 अपने फ़ोन के PLAYSTORE में CHAMPCASH लिखें और उस app को अपने मोबाइल में install कर लें ! 🔘 SPONSOR ID पूछेगा वहाँ पर 3525626, डाल दें।",NAG,0
facebook_corpus_msr_1956990,इतना जहर सेहत के लिए ठीक नहीं है।,NAG,0
facebook_corpus_msr_1957007,Jai Modi Jai Yogi,NAG,0
facebook_corpus_msr_1957009,"Om Namashivaya 
Arunachala Shiva",NAG,0
facebook_corpus_msr_1957019,Aa gaya ram rajy,NAG,0
facebook_corpus_msr_1961697,Jai ho yogi  g,NAG,0
facebook_corpus_msr_1961705,Ye ...........h,NAG,0
facebook_corpus_msr_1963958,Chutki family,NAG,0
facebook_corpus_msr_1972710,"Prem Chopra ki 1 Dilogue yaad aati hai mujhe...""Nanga Nahayega kya...Nichodega kya"".....Lekin Main apna sunata hoon doston.... ""Bikhari ki Katori me Rs 5/- v bahut hai""....😃😄😂",NAG,0
facebook_corpus_msr_1972721,5 rupees ka khane ka coupon dega babar,NAG,0
facebook_corpus_msr_1972727,योगी नही तो 2019 में मोदी नही,NAG,0
facebook_corpus_msr_1972728,Babbar bangaya Gobar  !,NAG,0
facebook_corpus_msr_1972989,Rahul g ke guru Bhi ye hi han,NAG,0
facebook_corpus_msr_1978722,Kis baat ka afsos hai.,NAG,0
facebook_corpus_msr_1978795,Jihad,NAG,0
facebook_corpus_msr_1979525,नमस्कार,NAG,0
facebook_corpus_msr_1979846,Kya Tarif Kare Hum,NAG,0
facebook_corpus_msr_1985367,Nice PC bhai,NAG,0
facebook_corpus_msr_1987962,Alelele Tut gaya internet?,NAG,0
facebook_corpus_msr_2018643,मीरा ने कड़वे सच्च को तीखे शब्द दिए हैं। पर यह सच्चाई है। व्यक्तिगत न होकर यह सीधा सरकार या समाज को कुछ ओर इस दिशा में करने को प्रेरित करता है।,NAG,0
facebook_corpus_msr_2020786,Brijesh Dave Bhai phir BJP ko vote kiyon karte ho. zara meri ghalat fehmi lojically door karne ki kirpa karain,NAG,0
facebook_corpus_msr_2020790,Har Ghar modi.. Jai modi,NAG,0
facebook_corpus_msr_2020801,aapke muh me ghee shakkar,NAG,0
facebook_corpus_msr_2020825,Modi modi modi modi joy ho,NAG,0
facebook_corpus_msr_2032077,कलैजा हाथ में लेकर इतना साहस  कोई शब्द नहीं,NAG,0
facebook_corpus_msr_2032373,Sartaz mia salaam hai apko...Jai Hind...,NAG,0
facebook_corpus_msr_2032384,Mr. Sartaj ko shat shat naman.,NAG,0
facebook_corpus_msr_2032395,हिम्मत को सलाम,NAG,0
facebook_corpus_msr_2032418,"Jab tak yeah soch rahegi, tab tak deshki koi kuchh ahit kar nahin payega.",NAG,0
facebook_corpus_msr_2041578,Kudos to Kangana and to Dipti Sharma for a well written article 👍🏻👍🏻,NAG,0
facebook_corpus_msr_2041627,Waah!👍👌,NAG,0
facebook_corpus_msr_2041628,Hate kjo.....,NAG,0
facebook_corpus_msr_2046233,Ohh to ek hindu hi na mara gaya kya hua ?,NAG,0
facebook_corpus_msr_2073054,Acche din.... Aa gaye hain,NAG,0
facebook_corpus_msr_2081710,Sahi baat thoki biya,NAG,0
facebook_corpus_msr_2081712,Kisi ne sahi kaha hai kamaan se nikla teer aur muh se bole gaye bol wapas nahi aate........just a single tweet of his  started so much hatred on social media against a gal who raised her voice ....,NAG,0
facebook_corpus_msr_2081742,Tum ko Kia problem hai khalistan se,NAG,0
facebook_corpus_msr_2081747,सेहवाग ने तब तत्काल में मजाकिया कॉमेंट किया था ।यह  दुनिया में मैच खेलता है दुनिया निकट से देखी है और वे विचारों की अभिव्यक्ति का महत्व समझते हैं । उन्हें भी विचारों का बोझ पसंद नहीं ।,NAG,0
facebook_corpus_msr_2081793,Yaad nahi rahat ab...,NAG,0
facebook_corpus_msr_2082452,"Tu deta hoga cheque se transduction pr extra, mene to aaj tk nhi diya",NAG,0
facebook_corpus_msr_2082467,Aur aap konsa kaam nhi kar sakte without cash transaction everything can be done aapko jo kaam karna hai mobile banking yaa e banking se karo n bhai aap europe countries dekho vaha pe aap dekhenge bohot cashless transaction hota hai isliye unke yaha corruption kum hai n i think so aap 2 lac cash vaapre uske baad cashless transaction kijiye,NAG,0
facebook_corpus_msr_2082477,"ISI me to tum khush ho hi, Lakin aisa nhi chalta rhega",NAG,0
facebook_corpus_msr_2082509,"Negative effect bhi ho sakta hai
Sare kam cash hone lag sakta hai  our bank jane se mukti mil jayegi",NAG,0
facebook_corpus_msr_2082513,"Abey bhai pehle bhi 4 transaction allowed the, ab bhi 4 hai..:D",NAG,0
facebook_corpus_msr_2082532,सारे बैंको को बंद करो हम अपना पैसा घर पर रखेंगे पैसा हमारा बैंक को क्यों दें जब वह हमारे पैसे से लोन देकर पहले ही मोटी कमाई कर रहें।,NAG,0
facebook_corpus_msr_2082574,Gas petrol ke daam bde,NAG,0
facebook_corpus_msr_2082591,"प्रधानमंत्री नरेन्द्र मोदी द्वारा डिजिटल इण्डिया का पहला कदम अपने android मोबाईल का उपयोग अब घर बैठे online work करके Rs.15000 - 50000 कमाना चाहते है तो .......आइये DIGITAL INDIA से जुड़िये......Zero investment.... JOIN होने के लिए आप 
1⃣ अपने फ़ोन के play store में Champcash लिखो और उस app को अपने मोबाइल में install कर लो !
2⃣ अब app पर click करो और sign up पर click करके अपनी डिटेल्स भर दो.
3⃣ Refer id of sponsor पूछेगा वहाँ पर 740972 डाल दो.
4⃣ complete challenge aur apna id activate karke business se judne keliye JOIN Likh Kr Whatsapp 9554246649
.....जय हिन्द.....जय चैंपकैश...
#champcash",NAG,0
facebook_corpus_msr_2082626,"Acche din aa gaye,",NAG,0
facebook_corpus_msr_2082634,Ye. Sirf sbi me hota hai,NAG,0
facebook_corpus_msr_2082647,Ya Ku,NAG,0
facebook_corpus_msr_2082663,Ye kya baat huii yaar,NAG,0
facebook_corpus_msr_2082664,NAhi karna hoga,NAG,0
facebook_corpus_msr_2082689,Jeese aadmi per parivar ki  jeem,NAG,0
facebook_corpus_msr_2082698,Bjp kala dhan niklwa rahi hai,NAG,0
facebook_corpus_msr_2082710,Bhai number de tera,NAG,0
facebook_corpus_msr_2082711,"अपना ही पैसा क्या है भाई?
इसी तरह की बातें सब सोचने लगे तो कोई टैक्स ही न दे।",NAG,0
facebook_corpus_msr_2082720,भा ज पा?,NAG,0
facebook_corpus_msr_2082733,Har har modi,NAG,0
facebook_corpus_msr_2082739,Aesa b to bank me Jama q krwaye,NAG,0
facebook_corpus_msr_2082741,Bank me paisa rakhne ki zarurat nahi doston,NAG,0
facebook_corpus_msr_2082744,Pakistan Express Zindabad,NAG,0
facebook_corpus_msr_2082754,Bharat Mata ki Jai,NAG,0
facebook_corpus_msr_2109826,sab sunna,NAG,0
facebook_corpus_msr_2111141,Prove kar bhai.,NAG,0
facebook_corpus_msr_2111142,Jo hue hai apni khushi say hue hai.,NAG,0
facebook_corpus_msr_2111148,Modi ne thik kaha tha congrats ne (saath 60) saal  m na Kiya hum 60 month m karenge well-done,NAG,0
facebook_corpus_msr_2111161,Uaman naik aap ke balidan se bhi desh aazad hua aur Aap ko uska hissa bhi de diya gya- PAKISTAN.,NAG,0
facebook_corpus_msr_2111198,@tashreef Abe suar. Abhi Centre aur Mp dono me BJP hai. Agar vo chahte to yeh apne member ko bacha sakte the par inhone esa nahi Kiya aur uss ISI ke agent ko pakdaya. Yehi saabit karta hai ki Modiji kitne acche leader hai.,NAG,0
facebook_corpus_msr_2111199,@tashreef Abe suar. Abhi Centre aur Mp dono me BJP hai. Agar vo chahte to yeh apne member ko bacha sakte the par inhone esa nahi Kiya aur uss ISI ke agent ko pakdaya. Yehi saabit karta hai ki Modiji kitne acche leader hai.,NAG,0
facebook_corpus_msr_2111272,pata hai bhai.. sabko pata hai.. pr kya kare majburi ka naam Narendra Modi..,NAG,0
facebook_corpus_msr_2111350,जब देश का बंटवारा धर्म के आधार पर हुआ था तो ये सेक्युलर कंहा से है,NAG,0
facebook_corpus_msr_2111419,Suraj Shadakshary..,NAG,0
facebook_corpus_msr_2115245,Ek number,NAG,0
facebook_corpus_msr_2117631,Are bhsi wah janna ki kyun kah apni ghar may rozi nahi hy ..yaha kaam nahi hy kah yaha izzat ki roti multi ...wahan nahi,NAG,0
facebook_corpus_msr_2118083,"# एक_जरूरी_सूचनायदि आप Job ढूंढ रहे है तो आईये हमारे साथ।पहली बार भारत सरकार द्वारा मान्यता प्राप्त100%रजिस्टर्ड कम्पनी में काम करने का मौका।वोभी घर बैठे एंड्रॉयड मोबाइल के द्वारा।घर बैठे online job करें10,000 से 50,000 रूपये हर महीने कमाये वो भीबिलकुल फ्री फ्रीकाम करने के लिये आपके पास android mobile होनाजरुरी हैआपको क्या लगता है ? हम जूठ बोल रहे है करके देखलीजिये लगता क्या है लगता तो सोचते अब सोचनाक्या |आपका एक फैसला अपकी लाइफ बदल देगा।जोइनिंग फ्री है।प्राइवेट लिमिटेड कम्पनी।कम्पनी भारत सरकार से मान्यता प्राप्त हैं।कम्पनी एडवरटाइजिंग करवाती है।कम्पनी के पास पैन कार्ड है।(आयकर भरती हैकम्पनी)कम्पनी का हेड ऑफिस है।24×7 हेल्पलाइन सेवा उपलब्ध है।आप जो पैसा कमायेगे उसे NEFT के द्वारा अपनेबैंक के खाते में ले सकते है।एक बार आजमाकर देखेगे तो झूठ और सच का फर्कखुद देख लेगे आप।तो जाने आप सब अपने ही android मोबाइल सेकैसे पैसे कमा सकते हो ?1. सबसे पहले अपने फ़ोन के play store में जाओ |2. वहाँ पर champ money free लिखो और उस apps कोअपने मोबाइल में instal कर लो !3.अब apps पर click करो और sing up with champcash पर click करके अपनी डिटेल्स बर दो4. अब आपसे sponser id पूछेगा वहाँ पर 2013219डालदो ...es number ko dyan se dalna( 2013219 - es number ko kahikhali jgh not kar le )और अपनी id बना लो !6.आपकी id नम्बर से आप अपने दोस्तों को joinकराआगे और उनका chalange कंप्लीट होते हीआपको तुरन्त पैसा आएगा और इतना ही नही आपकादोस्त भी अगर किसी को join करवाता है तो वहासे भी आपको पैसा आएगा total 7 level तक आपकोपैसा आएगा..... What's app 9006149952 contact",NAG,0
facebook_corpus_msr_2127056,Allah ka khauf kar,NAG,0
facebook_corpus_msr_2127057,"मुंबई 
हार्दिक सेना 84
भाजपा 81
ढोंगरेस 30
टेडा मुंह 07",NAG,0
facebook_corpus_msr_2133201,"ज़रा सोचिए , अगर आपको कुछ Android Apps इनस्टॉल करते  ही  $1.00 मिल जाए तो ? 

और आप Unlimited Income करने के लिए Eligible हो जाए तो ? 

वो भी Free मे ?  ( No Joining Fees , No Hidden Charges , 100% Business)

जी हा , ChampCash  के साथ जूडीए और $1.00  का Joining Bonus हाथो हाथ पाइए ( Offer सीमित समय तक ) .

इतना ही नही अगर आप Champcash को अपने किसी दोस्त को Refer करते हो और वो भी कुछ Apps Install करता है तो आपको उससे भी Income होगी , ओर Aage वो भी किसी को रेफर करता है तो उससे भी इनकम होगी , वो भी 7 Levels तक .

=> आईए जानते है आप अपना $1.00 का Bonus कैसे प्राप्त कर सकते है और Unlimited Income के लिए कैसे Eligible हो सकते है ? ?

1. Champcash को नीचे दिए हुए Link से Install करे.

2. Champcash मे अपना Account बनाए.

3. Challenge को Complete कीजिए ( 8-10 Apps को Install करना है ओर 1-2 Minute तक Open भी करना है )

4. Challenge Complete होते ही आपके Champcash Wallet  मे $1 की Income आप देख सकोगे.

5. अब Unlimited Income कमाने के लिए Invite & Earn Menu मे जाइए ओर अपने सभी दोस्तो को Whatsapp, Facebook के ज़रिए Invite कीजिए

=> आईए जानते है आप Champcash मे Unlimited Income कैसे कर सकते है ?

1. अब Unlimited Income कमाने के लिए Invite & Earn Menu मे जाइए ओर अपने सभी दोस्तो को Whatsapp, Facebook के ज़रिए Invite कीजिए

2. Ek Friend को Refer करने पर  (उसका Challenge Complete होने पर , सभी Apps Install करवाने पर) $0.30 - $1.00 (Rs. 20 सें Rs.60 ) तक Income होगी.

3.  इतना ही नहीं  अगर  आपका  दोस्त भी किसी  को  Refer करता को  उससे  भी आपको  Income होगी  … और आगे भी …  7  लेवल तक आप  कमा  सकते  है 

Here is All thing You ant to Know About ChampCash 

Please Watch All the videos to Earn Unlimited With us :

-------------------------------

What is ChampCash Android App - Install Apps and Earn Unilimited (Hindi)

https://www.youtube.com/watch?v=JNGRKYtAKKM

--------------------------------

Vision of Champcash By Mahesh Verma - Founder Champcash :

https://www.youtube.com/watch?v=LuSS_aBhEhI

-------------------------------

How To Use Champcash Dashboard After Completing Challenge

https://www.youtube.com/watch?v=4K8JAaSJlUw

-------------------------------

How to Complete Champcash Challenge Full Tutorial

https://www.youtube.com/watch?v=Aa6oOlwKfb4

--------------------------------

Champcash Full Plan Powerpoint PPT in  English :

https://drive.google.com/file/d/0B2JS00lJgijXRkRxdHJrYXJVdms/view?usp=sharing

-------------------------------
Champcash Full Plan Powerpoint PPT in Hindi :

https://drive.google.com/file/d/0B2JS00lJgijXbHRTUlRGOURQOVE/view?usp=sharing

Registration के लिये इस लिंक पे Clickकरे ,या Copy करके सिर्फ  Google Chrome Browser में Paste करे .

Click:  https://play.google.com/store/apps/details?id=com.cash.champ&hl=en

Sponsor ID : 12121315",NAG,0
facebook_corpus_msr_2135586,Ananya Sharma dekho zara apne aap ko 🤣,NAG,0
facebook_corpus_msr_2136356,"💯पार्ट टाइम आनलाइन जाब💯
 🌟100% ज्वाइनिंग फ्री🌟
 🔘 आइए डजिटल इन्डिया से जुडिये और बिना खर्च किये घर बैठे लाखो रूपये कमाये।
🔘 आपको facebook, whatsapp  और ग्रुप में एकत्र कर advertisement करना है l
🔘 जो लोग घर बैठे अपने android mobile से रोज 2 घंटा काम करके *8000-20000* रूपये हर महीने कमाना चाहते है तो l
🔘 वे लोग(play store) से champcash app को install करे अपना rajistrtion करे 
Baha pr refer id of sponser mai *5812463* dale...
वहा पर अपना what'saap number dale आगे की जानकारी वही पर दी जायेगी!!!
            🙏🙏🙏",NAG,0
facebook_corpus_msr_2159100,"मैं वापस आ जाऊँ 
तब तक तुम यहाँ बैठना ।।",NAG,0
facebook_corpus_msr_2168614,"Job Job Job Home based job 

Part time job करके rs 15000 से 50000 कमाना चाहते हैं तो आइये Digital India से जुड़िये....Zero Investment..... 
join होने के लिए आप:- 
1⃣अपने फ़ोन के play store से #Champcash Ad Junction install करें। 
2⃣अब app ओपन करें और sign up पर क्लिक करके अपना detail भर दें। 
3⃣refer id of sponsor पूछा जायेगा वहां 7325109 डाल दें। 
4⃣challenge complete करें आपको 1$=62rs मिल?ेंगे और आप business से जुड़ जायेंगे। 

अधिक जानकारी के किये संपर्क करें:-
🏹एक बीस्वास अप का जिन्दगी बदल सक्ती हे🛩",NAG,0
facebook_corpus_msr_2173966,But fingerprint disply pe nehi hoga,NAG,0
facebook_corpus_msr_2173967,mera point ye hai,NAG,0
facebook_corpus_msr_2175495,Logon ko izzat unke kaam se milthi hai. Har jagah apni tang adana aur apni badayi karlena chahe situation kaunsa bhi ho tho log troll hi karengey.,NAG,0
facebook_corpus_msr_2175512,"Han bhai,mujhe bhi tajjub ho raha hai.I am startled.",NAG,0
facebook_corpus_msr_2175525,isro ने बच्चन से कोई ads नहीं करवाया,NAG,0
facebook_corpus_msr_2175536,kuch bhi......ab bataiye,NAG,0
facebook_corpus_msr_2175539,"धरती बनाई अल्ला ताला ने मगर सारा #दिमाग दे दिया #काफिरों को 😂😂😂

#इसरो 👍👍👍👍👍",NAG,0
facebook_corpus_msr_2179094,Yeh wahi khufiye hai jo banna dancer chahte the par maa baap ne engg bana diya 🤣🤣🤣,NAG,0
facebook_corpus_msr_2179125,"Nikhil .. extra mil rha .. 
Bhaav mat kha😂😂",NAG,0
facebook_corpus_msr_2179141,Bass kar de 😂,NAG,0
facebook_corpus_msr_2179142,Bhai mujhe laga hat wala ladka toh apna Atin Sharma hai..,NAG,0
facebook_corpus_msr_2179144,"Ananya kuch toh karlo apne zindagi kee saath, IIT mein bhi nahi ghus paaye 😂",NAG,0
facebook_corpus_msr_2179148,Bilkul <3,NAG,0
facebook_corpus_msr_2179149,Vaishnavi Chitkara dekhle bhai khi apka dost isi video m nachra ho 😂,NAG,0
facebook_corpus_msr_2179156,Mazaak karna tha toh dhang ka kar leti 😂😂,NAG,0
facebook_corpus_msr_2179157,Arre Uday bhaiya humare Hritik Roshan hai 🔥😂😂😂,NAG,0
facebook_corpus_msr_2179158,Kyu mera maazak uda rahi hai Shakira-(Vartika Gupta)😜,NAG,0
facebook_corpus_msr_2179169,"""Saare milke hmko pagal bna rhe h....."" 😂😂",NAG,0
facebook_corpus_msr_2179215,Ek no😝😜,NAG,0
facebook_corpus_msr_2179232,Ashutosh Pandey Ab acha lagne lag gaya bhai gaana! 😅,NAG,0
facebook_corpus_msr_2179233,"Woah!
Sambhav Jain phod rahe ho! 😍",NAG,0
facebook_corpus_msr_2179235,Bohot zorr se! :P,NAG,0
facebook_corpus_msr_2179237,Adwitiya Rao aisa kuch karo yaar,NAG,0
facebook_corpus_msr_2179238,Whoaaaaa,NAG,0
facebook_corpus_msr_2179258,Wahh !,NAG,0
facebook_corpus_msr_2179263,Aakash Aggarwal. Dekha hai kya? Bahut mast,NAG,0
facebook_corpus_msr_2179304,Ti bai kunitari vegli havi hoti 😑,NAG,0
facebook_corpus_msr_2179305,Ho nah! Chapri a ti😂 editing ek no a pn!,NAG,0
facebook_corpus_msr_2179309,Homik Mittal IITian log bhai. 😂👻,NAG,0
facebook_corpus_msr_2179310,Bc londa😂 hote hi talwnted hai,NAG,0
facebook_corpus_msr_2179318,rukkk,NAG,0
facebook_corpus_msr_2179326,Are dekh ke nacho barns pant phat jaega,NAG,0
facebook_corpus_msr_2179332,MAZAA.AAGAYA,NAG,0
facebook_corpus_msr_2179336,Udit Batra:- Seekho kuchh inse :D,NAG,0
facebook_corpus_msr_2179342,"Priyank Jain, tu nhi dikha video meiṅ. XD",NAG,0
facebook_corpus_msr_2179343,Main desperate nai hu na isiliye😀,NAG,0
facebook_corpus_msr_2179347,"Raddi 
Ek dum raddi",NAG,0
facebook_corpus_msr_2179371,Baap tha karenge ek din,NAG,0
facebook_corpus_msr_2179372,Muje kaha dance aata hai,NAG,0
facebook_corpus_msr_2179373,Sikh lenge,NAG,0
facebook_corpus_msr_2179374,Sikhana padega,NAG,0
facebook_corpus_msr_2179375,Haa Bhai thand rakho,NAG,0
facebook_corpus_msr_2179379,Haan yaar...,NAG,0
facebook_corpus_msr_2179381,Mayuri Garg Vaishali Dubey karo apne dosto Ko tag 😂😂😂,NAG,0
facebook_corpus_msr_2179391,U tube p dekha,NAG,0
facebook_corpus_msr_2179403,Ayush Gogia Garima Jagan Nishit Taparia next viral video ki tayaary karo :D :P,NAG,0
facebook_corpus_msr_2179406,Aise cases cyber bullying me acknowledge kiye jaate hai,NAG,0
facebook_corpus_msr_2179411,kaaaamm??,NAG,0
facebook_corpus_msr_2179413,Mai office me hu. Ab so jao plz.,NAG,0
facebook_corpus_msr_2179420,Karenge karenge 😄,NAG,0
facebook_corpus_msr_2179422,Jayanti Chander Miti Shrivastava ye to kar hi sakte hain :p,NAG,0
facebook_corpus_msr_2179423,Colossus HNLU k promo ke liye aisa kuch karna chahiye :P,NAG,0
facebook_corpus_msr_2179425,Navprabhat dekh le Bhai.,NAG,0
facebook_corpus_msr_2179426,Dekh lia tha bhai.. 👍,NAG,0
facebook_corpus_msr_2179438,Puneet Abhinav Lakshya Bhai ye dekh 😻,NAG,0
facebook_corpus_msr_2179439,Achcha hai pr pehle wala zyada achcha tha😛,NAG,0
facebook_corpus_msr_2179448,Juhi Barwa...sikho kuch,NAG,0
facebook_corpus_msr_2179476,Subham Chauhan aisa kuch bana,NAG,0
facebook_corpus_msr_2179485,Kisko msg dena chah rhe ho bhai😝,NAG,0
facebook_corpus_msr_2179486,Kisiko nahi ...ainvayi likh diya....Message dena hoga toh pm kar denge..,NAG,0
facebook_corpus_msr_2179488,Shikhar Chouhan Kuch seekh pandu,NAG,0
facebook_corpus_msr_2179489,Hamse na ho payega,NAG,0
facebook_corpus_msr_2179500,Nidhi Shetty naaaacchhhh,NAG,0
facebook_corpus_msr_2179508,Puraa,NAG,0
facebook_corpus_msr_2179514,Meko bhul gyi 😗😶,NAG,0
facebook_corpus_msr_2179515,😍😍😍😍❤❤❤waaah,NAG,0
facebook_corpus_msr_2179516,Bhavya Vyas 😶😂😂ye kaise hua maafi😲😲😲😷😷,NAG,0
facebook_corpus_msr_2179521,Hattt,NAG,0
facebook_corpus_msr_2179529,Abe kuch dikh nahi raha,NAG,0
facebook_corpus_msr_2179543,Main iss gaane k baare me hi bata rhi thi tje..ed sheeran ka,NAG,0
facebook_corpus_msr_2179544,Himanshu Choudhary Srajal Nayak Rochak Aggarwal Devvrat Singh Jagawat  sharam aa rhi hai :(,NAG,0
facebook_corpus_msr_2179545,haan be,NAG,0
facebook_corpus_msr_2179554,Bahut hee Gazab Dance kiya hai inn bando nae and Video Editing bhi Ek no. hai... Mast... ;-) _/\_-^-,NAG,0
facebook_corpus_msr_2179562,Rashi Singhal ye dekh,NAG,0
facebook_corpus_msr_2179569,Mastt,NAG,0
facebook_corpus_msr_2179574,Hain na vhi😍😍,NAG,0
facebook_corpus_msr_2179582,Mastt ekdum👌🏻,NAG,0
facebook_corpus_msr_2179585,Moinak Saha jawab  do,NAG,0
facebook_corpus_msr_2179587,"Nahi be.. pagle ho kya .. 
Mera dept hai isme",NAG,0
facebook_corpus_msr_2179588,"Hmmm.. Tu, aur nachega? Khud k shaadi mai bhi nahi..",NAG,0
facebook_corpus_msr_2179589,Toh puch kyu rha hai,NAG,0
facebook_corpus_msr_2179590,Aise hi.. :P,NAG,0
facebook_corpus_msr_2179593,Abhi viral nhi hua... Apne clg wale hi share ni kar rhe theek se,NAG,0
facebook_corpus_msr_2179595,Divay tu nachega to sab dekhenge.. Jyada viral hoga,NAG,0
facebook_corpus_msr_2179596,P. S: campus acha hai tera,NAG,0
facebook_corpus_msr_2179601,yahin se dekha tha video :|,NAG,0
facebook_corpus_msr_2179604,Haha :P Agli baar :V,NAG,0
facebook_corpus_msr_2179614,Ayesha dekha?,NAG,0
facebook_corpus_msr_2179624,Accha🙄🙄🙄😏😏,NAG,0
facebook_corpus_msr_2179638,Anmol Butta yeh dekhh,NAG,0
facebook_corpus_msr_2179645,Gitesh Khanna Akash Gupta Tum log bhi karlo xD,NAG,0
facebook_corpus_msr_2179661,Bohot hi sahi 😍😍😍,NAG,0
facebook_corpus_msr_2179674,Gajab BC,NAG,0
facebook_corpus_msr_2179687,Amaan Mansuri ae ye wai !,NAG,0
facebook_corpus_msr_2179688,Faraz Gerrard Jamal Kya ho raha Hai,NAG,0
facebook_corpus_msr_2179689,Dekha kya tune,NAG,0
facebook_corpus_msr_2179690,Nahi,NAG,0
facebook_corpus_msr_2179715,Dekhi bhi ni video.,NAG,0
facebook_corpus_msr_373670,"Pahle go aatankiyo ko goli mari jani chahiye 
Agree h kya???",CAG,1
facebook_corpus_msr_373674,"60 saalo me Congressiyo ne ye haal kiya Hai 2019 ke election me 
Ek badle dus marenge agr ye jumla nikla to hindutwa Wala eekkka card to Hai hi.",CAG,1
facebook_corpus_msr_373676,Saheed jawano ke saath barbarta nhi hui hai balki barbarta karkee jawano ko saheed kiya gyaehai,CAG,1
facebook_corpus_msr_373678,Ab tho kise v politician p trust ni hai sub k sub ko sirf bhasan Dana aata hai aur kuch ..sub k sub chor hai,CAG,1
facebook_corpus_msr_374100,Dalaali ka aalam dekhiye ki......dalaal media koi behes nahi karva raha ....na hi modi pe savaal khade kar raha hai aur na hi defence minister ka istifa......dalaali itni jyada hai ki agar behes hoti bhi hai toh dalaal media bjp ke spoke person ke hisaab se bolti hai n ulta vipaksh se hi savaal karne lagti hai..... Par galti desh ki janta ki hai....yeh dekhte huye bhi ki modi raaj main aisi ghatnaaye aur bhi bad gayi hai.....aatanki ab army camps n base main ghusne lage hai....bjp Wale ISI agent nikal rahe hai.....uske baad bhi...janta inko jeeta rahi hai...kyoki bjp n modi farzi desh bhakti ka dhong karte hai....n unhone desh ki janta ko Hindu Muslim main uljha ke ullu bana diya hai......koi bhi user....istife ka post nahi likh raha .......ab ati ho chuki hai.....defence minister ka istifa hona hi chahaiye.... Modi ki besharami ab nahi chalegi.....dalaal media desh ko barbaad na kare....modi ki naakaamiyo ko chupaake...aur desh ko gumrah karke,CAG,1
facebook_corpus_msr_374102,Uncle.....haalat tumhari kharaab hai....Jo badi hi besharami ke saath modi ki naakaami n nikkamme pan ko justify kar rahe ho...,CAG,1
facebook_corpus_msr_374108,indian army ko tm log jald modi bhakt bol doge. kyu tm jise toh pagal modi virodi ho. jab tmko army par yakkin nhi hai. toh uss army k name par politics na karo. koi fayda nhi hai.😑😑😑,CAG,1
facebook_corpus_msr_374109,Abe jhundu bjp IT cell ISI agent.... Tere Hindu likh lene se tu mujhe chup nahi kara sakta.........modi kitna badewala farzi hai....woh maalum hai....woh chunaav jeetne ke liye kuch bhi kar sakta hai......pehele bhi surgical Strick hui thi....par sabse badi baat kabhi bhi army ne ya dgmo ne PC karke public main baat nahi rakhi thi...usko secret rakha jaata tha.....par idhar toh ulta hua.....tabhi toh savaal khade kare UN ne,CAG,1
facebook_corpus_msr_374110,modi aajtak kuch bhe karta hai desh ko he jawab deta hai. woh ab soniya gandhi ki sarker nhi hai.😑😑😑😑,CAG,1
facebook_corpus_msr_374111,Ghanta jawaab diya.......kitna kala dhan mila....woh aajtak nahi bata paaya.....note bandhi se kamar todi thi..na jaane kis kis ki....sab jumla saabit hogaya,CAG,1
facebook_corpus_msr_374114,Modi mila hua hai ....dosti gehri hai...tabhi toh Pakistan baar baar harkat kar leta hai,CAG,1
facebook_corpus_msr_374119,Haan tabhi baar baar UN main aavaaj utha ta hai India....bhakto...tumhare dimaag main waakai gobar hai......jab savaal uthne lage feku pe toh aagaye pichli sarkaro pe...abe jhundu...modi pm hai ....vipaksh ka neta nahi samjha,CAG,1
facebook_corpus_msr_374120,bjp walo ne usko arrest karwya tha. koi congress walo ne usko arrest nhi karwaya tha.😀😁😂. bjp ne prof kar diya ki koi bhe galat hoga usko chora nhi jaega. ek toh acha kaam karo. upar say iljam lagte ho jhail walo. wah bhai😀😁😂. woh saala saudia ja kar jihadi mahzab islam apna liya. ye bhe batao na.😀😁😂.,CAG,1
facebook_corpus_msr_374125,"अब 1 के बदले 10 सर  लाने वाले मोदी कहेंगे -""जवानों का बलिदान व्यर्थ नहीं जायेगा। "" 
राजनाथ -"" हमले की पहले वाले से भी कड़ी निंदा करता हूँ। "" 
फिर ये दोनों और बाकी मंत्री यू पी निकाय चुनावों और अन्य चुनावों के प्रचार में जुट जायेंगे !",CAG,1
facebook_corpus_msr_374126,Bjp IT cell ISI agent Hindu....beta tu aaj modi ko nahi bacha sakta ...fokat ki justification deke....uski naakaami roz expose ho rahi hai,CAG,1
facebook_corpus_msr_374132,wah wah hahahahaha jio re jhail. kaha say leta itne jhut bolne ki training?😀😁😂. it sell ka tu lagta hai. yakkin k sath bol skta hu tu he. bjp ko moka nhi mila.😀😁😂. central me bjp or state me bjp. moka nhi.😀😁😂 logic. madrasha jana chor de.,CAG,1
facebook_corpus_msr_374133,Are ab to hindu musalman karna baaand karo bhayio....kya hamare purvajo ne aajadi ki ladai hindu musalman hoke ladi thee... nahi hindustani hoke ladi thi....agar istarah voh hindu musalman karte hum kabhi aazad nahi hote....ye to rajnitik dalo ne apne vote bank ke liye hamain aapas main baat diya hai,CAG,1
facebook_corpus_msr_374134,modi ko bachne hm kon hai.?  pm hai iss desh.😀😁😂 tu deah k army k pm khekaf hai. modi k sath toh bhagwan hai 80 cror hindu hai. apne soch. 😀😁😂,CAG,1
facebook_corpus_msr_374135,Abe jhundu....sabko khud ke jaisa samjha hai ...bjp IT cell ISI agent..... Kya desh ko yeh nahi maalum ki SC ne fatkaar lagai hai lokpal pe.....neet entrance Jo ki centre ne naya start kiya hai....usmey bhi vyapam style main farziwada hua hai...aur yeh khud vyapam ke whistle blower Dr rai ne bataya hai,CAG,1
facebook_corpus_msr_374137,Dekha....iss Hindu Hindu se hi toh desh ko ullu bana rahe ho...n iski aad main modi ki naakaami chupa rahe ho....bhagwan agar saath hota na toh modi ko aise aaropo se bacha leta....ghatna hone hi nahi deta par roz jawaan shaheed ho rahe hai,CAG,1
facebook_corpus_msr_374138,Gaali dene se...tu modi ki naakaami n nikkamme pan ko nahi chupa sakta....woh ab desh ke saamne expose ho chuka hai,CAG,1
facebook_corpus_msr_374150,Modi lokpal isliye nahi la raha kyoki maalum hai ki agar aagaya toh woh khud bhi nipat jaayega,CAG,1
facebook_corpus_msr_374167,60 सालो से देश तरक्की कर रहा था तब किया तू सोया हुया था कांग्रेस आज तक विकाश ही तो करती आ रही थी,CAG,1
facebook_corpus_msr_374176,Shadan Shakil bhai ye ap b jante ho aur m b janta hu ye netagiri h jo hum logo ko dusre bati m uljhaye h aur bhai sare neta chunavi bhasha bolte h chunao jitne k liye .....lekin jab bat watan ki ati h to ham sab ek h chahe wo dusra mulk koi v ho.....aur bhai ek bolu ye sarkar ne kuch ni kiya ye bat hindu jan gya pr wo bol ni ra h kynki wo vote dekar batayegi inko hra kr...,CAG,1
facebook_corpus_msr_374179,shadan shakil jada sarker par agar ghin aate hai. toh kahi aur chale jao. samaj skta hu. tm logo kuch jada he aajkal ghin aate hai.😑😑😑.,CAG,1
facebook_corpus_msr_374180,M bhai u.p m rhta hu bhai jab s hos smbhala h sabse akcha kam mujhe lga abi tak bhai sach bol ra hu bhai ab jaha m rhta hu light ni jati....,CAG,1
facebook_corpus_msr_374182,bolna nhi chaiye ek muslims ka comment pakistan k khelaf nhi hai. par sab k sab sirf government k khelaf he comment kyu? 😑😑😑😑,CAG,1
facebook_corpus_msr_374211,Modi ji ko apna gadii chod dena chahiye ab sata hindustan ke hath dedo phir dekho kya karte hein border line per  chupe  sabhi pak mullo ka gn faad de tab bolna,CAG,1
facebook_corpus_msr_374242,पुलिस पे हमला फ़ौज पे हमला.नक्सलवाद बढ़ रहा है पाकिस्तान डर रहा है कुल्भुशण मर रहा है कश्मीर जल रहा है मीडिया पिँघल रहा है......  देश बदल रहा है.,CAG,1
facebook_corpus_msr_374243,Bhai inlog ko gow mata aour talaq se furst ho tb to kuchh karega ...,CAG,1
facebook_corpus_msr_374248,"Lekin dono tarf se koshish kar ni hogi bhai.
Ap or ham saruat kar chuke he bhai .Inshaallah  wo din bhi ayga...",CAG,1
facebook_corpus_msr_374251,Hamari bich m koi b aise bat ni h azaz bhai ye sab natagiri ye ham b jante h aur tum b....sare neta chunavi bhasha bolte h chunavo jitne k kiye lekin jab bat watan ki ati h to ham sab ek h hindustani.....,CAG,1
facebook_corpus_msr_374252,Bikul bhai jaise1947 m ek sath hokar humne pura hindustan jita tha aaj bhi hum ek hokr pura pak ko mitaa sakte ha,CAG,1
facebook_corpus_msr_374254,अबे चरण चाटुकारों ABP वालों...इन चमकादडों (BAT) का स्तुतिगान छोडो और 56 इंची वालों को कुम्भकर्णी निद्रा से जगाने का काम करो।,CAG,1
facebook_corpus_msr_374255,"मोदी जी  इंडिया  टीवी  पर रजत शर्मा को आपकी अदालत मे दिये गये अपने बयानो को  जरा देख  लो,शायद  कुछ  शम॔  आ जाय ।",CAG,1
facebook_corpus_msr_374257,into sharm kha inko to surf pm ki gaddi chahiye,CAG,1
facebook_corpus_msr_374258,Itna sb hone ky baad or sab se bdi baat pta h inko phir b chup h foz laanet h,CAG,1
facebook_corpus_msr_374260,"पाकीस्तानी दिखा रहा है , हिन्दुस्तान मे कुछ नही है क्या , मोदी कहाँ गया राजनाथ कहाँ गया , बोट लेने भाषण देने ही आते है क्या",CAG,1
facebook_corpus_msr_374261,"गौ रक्षक दल देश की सीमा की रक्षा करने क्यों नही जाते? क्या उन्हें ये खबर देख कर गुस्सा नही आता, उन्हें सैनिकों की मौत पर गुस्सा नही आता है, क्या वे केवल निहत्ते, बूढ़े और कमज़ोर लोगों को मारने में ही अपनी बहादुरी समझते हैं?",CAG,1
facebook_corpus_msr_374262,"आप क्या हिन्दुस्तान में खाने-पीने के लिए पैदा लिए है क्या,,,
अभी जो हुआ है क्या ये कम है,,,
जो अभी आपको गाय और बाबरी मस्जिद याद आ रहीं हैं ।।।
शर्म करों और हिन्दुस्तान में रहते हो तो हिन्दुस्तान के लिए सोचो ।।
ना की गऊ मांस और बाबरी मस्जिद के बारे में",CAG,1
facebook_corpus_msr_374265,"Sanjoo Baba तुम्हे तुम्हारी माँ की कसम जो फिर किसी के माँ को गाली दी तो, अगर हिम्मत है तो मेरी बातों का जवाब दो माँ को गाली क्यों दे रहे हो !",CAG,1
facebook_corpus_msr_374268,"मेरे जैसे  कट्टर मोदी भक्तों को भी ऐसा लगने लगा हैं
#######
सरहद पर दहशतगर्दों का क़ब्ज़ा है,
मुल्क पे झूठे हमदर्दों का क़ब्ज़ा है !
एक के बदले दस सर की उम्मीद न रख,
दिल्ली तुझ पर नामर्दों का क़ब्ज़ा है !!",CAG,1
facebook_corpus_msr_374269,"इस बार पक्का मोदी जी पाकिस्तान की ईट से ईट बजा देंगे ""मन की बात "" मे......,....और सभी भक्त रेडियो पर जीत का जश्न मनायेगे",CAG,1
facebook_corpus_msr_374270,"देखिये आप मुद्दे से भटक रहे है..
असल मुद्दा देश सुरक्षा थोड़े ही है ,
असल मुद्दा तो - गाय, अजान,तलाक,लव जिहाद,  खतरे में हिन्दू, ये सब है।
आप ऐसे बेवफाई नहीं कर सकते। ☺☺",CAG,1
facebook_corpus_msr_374273,"WAHI BAAT HAI...LKN BORDER PE MUSLIMS MILITARY HONA CHAHIYE...

YE HINDU BHAI SAB DARPOK KAUM HAI...EK BAAR MUSLIMS ARMY BHEJ KER TO DEKHE MODI JI...

KHOON KA BADLA KHOON

NAHI TO GAU RAKHAK YA RSS KO BHEJA JAYE",CAG,1
facebook_corpus_msr_374275,Bjp jb power m nhi thi to wo sawal nhi uthate the kya,CAG,1
facebook_corpus_msr_374277,भाषणबाजी बंद करो जुमलेश्वर महाप्रभु ! 56 इंची सीने में जो हवा तुमने भर रखी थी।लगता है वो हवा पिछवाड़े से बाहर निकल गई है ?,CAG,1
facebook_corpus_msr_374280,"Lagta he pakistan tumhare dushman nahi 56 inch dushman he. Pakistan ke liye 1 sabd nahi, har baar 56 inch wala .",CAG,1
facebook_corpus_msr_374281,दुश्मन खुद नहीं उसको हराना पड़ता हैं बस भाषड बाजी से कुछ होने वाला नहीं,CAG,1
facebook_corpus_msr_374284,Modi 3 talak me fasa rhega pakistan puri aarmy ko tahs naihass kr dega ab aap andaza laga saktay ho choti soc kiski hai or dimaag kiske paas hai bhai hum hindustaniyo ka apsi jhgda bada nuksan dayak ho sakta hai humare desh k liye isliye ek ho jaao hindu muslim,CAG,1
facebook_corpus_msr_374287,"इसमे  उन गददारो के  भी  (हाथ ) है  जो पाकिस्तान जाकर  मोदी  सरकार को  गिराने की  अपील कर रहे थे ।और अब बहुत  खुश  होकर, पाकिस्तान की  पीठ  थपथपा  रहे हैं  और मोदी जी  को चैलेंज  कर रहे हैं ।",CAG,1
facebook_corpus_msr_374291,"लाख टके की बात बोलू-----
वो होंगे खूंखार क्योंकि पिते होंगे खून इसलिये तो वो शैतान कहलाते हैं
लेकिन अपना देश भारत भी  देवताओं का देश है जो ऐसे खूँखार शैतानों का वध करने के लिये जाना जाता है",CAG,1
facebook_corpus_msr_374293,Kb aye ge 1 ke Badly 10 Sar  Ab to intezar ki bhi Had ho gai hai ya ye bhi ek Jumla tha Feko ji,CAG,1
facebook_corpus_msr_374294,"जवानों की शहादत पर न्यूज़ वालें कनून की रोना रो रहें हैं । पकिस्तानी कनून नहीं मानते  तो तुम क्यों कनून मान करे हो तुम भी पकिस्तानी जवानों के शवों को कटो ॥

न्यूज़ वाले कभी देश के अंदर भी कनून का रोना रो दिया करो देश अंदर रोज कनून तोड़ कर हत्या होती हैं यहाँ 
कोई कनून मनता नहीं ।और जवान दुशमनों के सामने कनून पलान कर रहें हैं ॥",CAG,1
facebook_corpus_msr_374295,"या तो कश्मीर उन्हें दे दो,या आर पार का काम करो,
सेना को दो ज़िम्मेदारी,तुम दिल्ली में आराम करो,
 थप्पड़ खाएं गद्दारों के,हम इतने भी मजबूर नही,
हम भारत माँ के सैनिक हैं,कोई बंधुआ मजदूर नहीं,
 हर हर मोदी घर घर मोदी,यह नारा सिर के पार गया,
इक दो कौड़ी का जेहादी,सैनिक को थप्पड़ मार गया,
 भारत का आँचल स्वच्छ रहे ,हम दागी भी हो सकते है,
दिल्ली गर यूँ ही मौन रही,हम बागी भी हो सकते हैं, 
              @ Om @",CAG,1
facebook_corpus_msr_374296,Hm vha kuya kr rhe he jwab do aur neta nindaa kre ya kuch khe to pehlee unhe thokoo..,CAG,1
facebook_corpus_msr_374298,"KASH MAI ARMY KA CHIEF HOTA AMMA KASAM PAKISTAN MAI GHUS KER MARTA...TIT FOR TAT....
AB BADI BADI BAATE KERNE SE KOI MATLAB NAHI..DIRECT ACTION 
INDIA KE PAS SAB KUCH HAI..INDIAN ARMY DUNIYA KI 4 TH ARMY HAI..PHIR KIYU JAWAB BAHI DETE HUMLOG...
AB BARDAST NAHI HO RAHA...",CAG,1
facebook_corpus_msr_374301,"हिंदुस्तान चूप नहीं बैठेगा, मोदीजी और हिंदुस्तानी सेना दिखायेंगी छप्पन इंच सीना!",CAG,1
facebook_corpus_msr_374302,"Kya NDA govt me chudia pehan rakhi hai?. Defence minister hai nahi,Home minister sirf Kadi nindha karts hai.PM faltu bhashan baazi mein busy hai.Agar Kashmir aur Location par yahi hota raha to BJP 2019 ko bhool jaye.BJP aur Congress mein koi difference nhi,ek hi thaili ke chatte bhatte hai",CAG,1
facebook_corpus_msr_374304,Jab vo kuch nahi mante to hamari goverment yahan kya ganta kar rahe hai,CAG,1
facebook_corpus_msr_374305,india ne 1 bar surgical strike kiya pakistan to hamesa karta hai aakhir kya ho gaya hai hamare desh ke sena ko isse aachha hai sare sena apne apne ghar chale jaye kam se kam apke ghar ke log khus rahege kyoki aapke marne ke bad koi aapka kami pura nahi karega is desh ke sare ke sare neta gaddar hai kuchh nahi hoga is desh ka,CAG,1
facebook_corpus_msr_374307,Nida karne ka samye aa gaya h rajnath ji ko bolo yar bhai logo kitne deen ase chalega nida vala khel,CAG,1
facebook_corpus_msr_374308,Aap log waha payaj chelny gaye ho aap v tapka dalo salon ko tb na hai bahudri,CAG,1
facebook_corpus_msr_374311,Mai to bolta har ak admi pakistan chale aur wohi par faisla hoga kisme kitna hai dum,CAG,1
facebook_corpus_msr_374315,"मोदी ने अगर इस बार भी नपुंसकता दिखायी तो ईश्वर की शपथ हैं आगे से कभी मोदी की तरफदारी नहीं करूंगा . एक सर्जिकल स्ट्रईक कर ऐसे तन गये जैसे किसी का कर्ज उतार दिया,जबकि यहाँ तो हर दिन एक स्ट्रईक की जरूरत हैं l युद्ध से कौन डरता हैं, हमारे सैनिक तो वैसे भी रोज रोज शहीद हो रहें है तो क्यूँ ना युद्धस्थल में अपना पराक्रम दिखाकर दुश्मनों के दाँत खट्टे करें और शहीद हो भी, तो उनकी औकात दिखा कर वीरगति को प्राप्त करें l",CAG,1
facebook_corpus_msr_374316,2012 से लेकर 2014 तक यानी 3 साल सिर्फ 174 सैनिक शहीद हुए और सिर्फ एक साल में  यानी 2015 ●2016 तक 237 जवान शहीद हुए येही 56 इंच सीना है,CAG,1
facebook_corpus_msr_374317,Pakistan nhi Papkistan hai Ise Modi sabak sikha sakta hai Per hay afsos Jo Apna hi Desh me dharm k nam per dangga fasad ko rok nhi sakta to kiya Barat k Sainiko ko surakcha Dega .... Please Stop . Change  Your Policy.  Kab tab Bhartiy sainiko ko Apni jaan gawa padega .,CAG,1
facebook_corpus_msr_374319,"Kasam kha lo ki ab kabhi bhi nahi karege bhool or nahi ugega Kamal ka phool...

Abki baar bhool ho gayi Bhagwan.......",CAG,1
facebook_corpus_msr_374321,Kayer uski army nhi hai balki hamare desh ke netao ne hamari army ko chudiya pahna rakhi hai warna pakistan ki aukaad nhi hai ki wo india ka ek chidiya bhi maar de,CAG,1
facebook_corpus_msr_374326,Sahi cmnt sirf ninda he karte he ye log .,CAG,1
facebook_corpus_msr_374328,"Supreme court ka Judge  Sena ke jawano par Enquiry  karne ka order dega agar AFSPA   ka use karte hue terrorist ko maara

       Ek ko jeep par Baandh diya to  Humon right  Dikhai de gaya Bahut Se Secular ko

          Palate Gun use kar lee to Court batane lagi... kaunsa weapon chaloge.. Jaise YE court military ki expert hai.. 

       Kya Ghanta Desh ki Raksha karenge Jawan.... Jab Desh ke Andar hee Gidh unko khaane ko Bethe hain..

   Jab court aur judge hee Jawano ko order denge to ye Army ke karnal   General kyon  banaye jaate hain..kya jaroorat inki    ?",CAG,1
facebook_corpus_msr_374330,"क्या कहूँ ये देशभक्ति तुझे,
बहुत से लोग हैं जो इंडियन आर्मी मतलब मोदी समझते हैं,
पर बहुत कम हैं जो इंडियन आर्मी मतलब हेमराज का सर समझते हैं",CAG,1
facebook_corpus_msr_374331,"""हमारे जवानों का बलिदान व्यर्थ नही जाएगा""
थक चुके है हर हिंदुस्तानी ये डायलाग सुन सुन के
ये मिसाइल तोप टैंक क्या दीवाली पे चलाने के लिए बनाए हैं 
कुछ तो दम दिखाओ मोदी महाराज या सारा दम विपक्ष में बैठ के ही दिखाना होता है 
किनारे रखो अपनी कूटनीति अब तो ""जम के-कूट-निति"" दिखाओ सरकार",CAG,1
facebook_corpus_msr_374332,आखिर कबतक चलेगा ये सब... सेना के 45  जवान महीने भर मे शहीद हुए लेकिन किसी CM या मंत्री या PM के पास समय नही है... कोई गाय क साथ तो कोई रोड शो मे मस्त है.... ऐसे मे और क्या होगा...,CAG,1
facebook_corpus_msr_374335,"*हमारे देश का कोई भी जवान जब शहीद होता है उसके बाद  देश के सभी नेता एक मुहावरे की तरह बस एक ही बात बोलते हैं की जवानों की शहादत बेकार नहीं जायेगी मेरा सभी नेताओं से विनम्र निवेदन है की सारे देशवासियों को इस मुहावरे का अर्थ क्या है जल्दी बताने की कृपा करें क्योंकी अब इस देश में अनर्थ बहुत ज्यादा ही होने लगे हैं*

*सुनील कुमार पांडे*",CAG,1
facebook_corpus_msr_374336,"Hamare Senik kab tak shaheed honge...

Kab hum media Bazi Media ki Bato jesa Bertao karenge..

 Pakistan Ko Okaat mei rakhna bhi bas ki baat nhi..

.. Desh ki Janta Ko KB tak media se Bewakuuf Banwate Rahoge",CAG,1
facebook_corpus_msr_374337,Aaj indra gandi ki yaad arahe hai  jisne pak ke do tukre kardiye congress me vo takat hai baki to bjp ko Hindustan ke musalman bure lagte hai pakistan ke ache lagte hai,CAG,1
facebook_corpus_msr_374338,हमे तो अपने पे शर्म आती है क्या हमारे सैनिक युही मरते रहेगे कब हमारी सेना को मारने की आजादी मिलेगी सरकार बदली पर नियम नही,CAG,1
facebook_corpus_msr_374341,OS Mulak Ka Kia Chalo Sahi Hain Cow Ka Dayan Rakhna Chahye Par tm Log Jahil Mulak,CAG,1
facebook_corpus_msr_374342,Chalo G Or Mubarak Mujahid Nai 5 Police Waly B Mar Diya Or Baryani Kab Khalao Gy,CAG,1
facebook_corpus_msr_374346,Kaha gay go rakshk gao ko mara to itna bura laga aaj senik ko mara ja raha hai aaj to aapko pakistan me jakar marna hoga unko,CAG,1
facebook_corpus_msr_374348,"शहीद जवानों के पार्थिव शरीर से पाकिस्‍तान ने की बर्बरता- भारतीय सेना

पाकिस्तान ने आज एक बार फिर घिनौना बर्ताव करते हुए हमारे शहीद जवानों के शरीर को क्षत विक्षत किया है. आज सुबह सीज फायर का उल्लंघन करते हुए सीमा पार से पाक ने फायरिंग की थी. इसमें हमारे 2 जवान शहीद हो गए.

सैनिकों की शहादत को श्रद्धांजलि।।। 

किन्तु कब तक???? केन्द्र सरकार का ध्यान सिर्फ 2019 के चुनावों पर केन्द्रित है। 
राष्ट्रीय सुरक्षा अब पुरी तरह से खतरे में पड़ गयी है
   Nitish Mishra",CAG,1
facebook_corpus_msr_374356,देश में सैनिकों से अधिक गाय की सुरक्षा में सरकार ध्यान दे रही है !,CAG,1
facebook_corpus_msr_374357,bat yani bat hum batyenge ki bet se choke or 6kke kaise lagte he ye chhupke khelte he hum sabke sath khelenge,CAG,1
facebook_corpus_msr_374361,मोदी जी इज्जत की मौत जिल्लत की जिन्दगी से अच्छी है,CAG,1
facebook_corpus_msr_374367,Hum esaki kadi ninda karate hai. Aur aage bhi karate rahenge.,CAG,1
facebook_corpus_msr_374368,चैन से रहना हैं तो पाकीस्तान बार बार मत हराओ बल्की एक ही बार में पुरा खत्म कर दो.,CAG,1
facebook_corpus_msr_374369,Yanha kuch modi aur yogi bhakto ko mirchi lag raha he,CAG,1
facebook_corpus_msr_374375,Rss Bajrang Dal ke Aatang vadiyo ko kio nahi Bhej dete daes ki sima par,CAG,1
facebook_corpus_msr_374376,Bat aur go rakshak aatankwadi dono ko jinda jalaker  khana chye,CAG,1
facebook_corpus_msr_374379,Pakistanio ko sabak sikhane k liye #BJP KO #bangal me bahumat se jitao 😂😂😂,CAG,1
facebook_corpus_msr_374394,yahaa sena ke marne ke bad sirf ninda kiya jata hai,CAG,1
facebook_corpus_msr_374396,Hamare pm ko ab chudi pahn leni chiye nahi to 2 ke badle 2o ko maro,CAG,1
facebook_corpus_msr_374398,"आज मोदी जी कड़ी निंदा करे गी 
मीडया दिनभर कड़ी निंदा का चूरन चाटे गी",CAG,1
facebook_corpus_msr_374405,Hamne vikaske nam par business karne vale chune hey des chalane vale neta nahi,CAG,1
facebook_corpus_msr_374419,Kaha gye wo love latter ki bate krne wale..... Modi ji,CAG,1
facebook_corpus_msr_374449,"पाकिस्तानी सेना या नक्सली हमले का हम केवल  इंतजार करते है, जब तक हम कार्यवाही की तैयारी करते है तबतक हमारे सैनिको के शरीर  को छति विछत करके फेक दिया जाता है, केवल मुँहतोड कार्यवाही की बात की जाती है। पत्थरबाजो के पत्थर  और दुश्मनो के गोलियो का सिकार कब तक हमारे सैनिक झेलते रहेगे  ?????",CAG,1
facebook_corpus_msr_382318,रामचँद्र कह गए सिया से...भारत मेँ ऐसा गदर्भराज आएगा...एक गधा दिल्ली बैठेगा....एक यूपी मेँ राज चलाएगा...जुमलोँ से फिर देश चलेगा....अँधोँ मेँ काना राजा कहलाएगा,CAG,1
facebook_corpus_msr_382331,"आज अनुष्का शर्मा का बर्थ डे है.. चलिए जानते हैं उनके बर्थडे के मौके पर ... क्यों और कैसे इतनी हॉट और सेक्सी लगती हैं अनुष्का शर्मा... 

Anushka Sharma #happybirthdayAnushkaSharma, #AnushkaSharmabirthday, #AnushkaSharmaWorkoutRoutine, 
#AnushkaSharmaDietPlan",CAG,1
facebook_corpus_msr_382362,Wah kya khabar mili h abp news walo ko,CAG,1
facebook_corpus_msr_382465,ye jo hero hai Abhad ya Prasad jo bhi hai 2 mahine baad isko delhi ya Mumbai jaise shehar mai koi yaad bhi nahi rakhega,CAG,1
facebook_corpus_msr_382472,Jis ki pic profile m lga rakhi h uske bare m kya kehna h,CAG,1
facebook_corpus_msr_382475,Ye movie sharukh aamir ya Salman ke paas hoti to ye movie 2000 crore tak jaati tu bachcha hai abhi,CAG,1
facebook_corpus_msr_382476,Salman Shahrukh and Aamir yeh teen Hamesha festival main hi film release karta hai kiyuki festival main chutti hoti hai aor logo pass Koi dusra option nahi Hota Jake film dehkleta ho  isiliye yeh teen mullu ka film hit Hota hai..hit keya bas chalta hai,CAG,1
facebook_corpus_msr_382479,"Patel bhai ap ajao na Bollywood m....dua  krta hu ap unse achchi movie kre....Muslim ho ya Hindu naam to daish  ka hoga....kya krte ho ap Jo b krte...m dua  krta hu k ap itna age jaye ki apna hi nhi  is daish  ka naam kre mujhe behad  khushi hogi....m b Muslim hu MRE pyare bhai...
.",CAG,1
facebook_corpus_msr_382485,Salman. Aamir. .shahrukh. .ye king hai bahubali inke pairo ki dhool bhi nahi,CAG,1
facebook_corpus_msr_382492,Modi sarkaar ki ak or badi kamyabi sarkar ne akhir pata laga liya ki katappa ne bhahubali ko kyou mara aaj Z news par raat 9:00 pm par DNA me bislesad diya jaye ga,CAG,1
facebook_corpus_msr_382493,Kon h yeh salman amir srk? Whi na jo tollywood ki movies ki copy krke paise kmate h😜 nd ab tollywood wala hindi me dub krke le aa gya movie toh fati pdi h sab mullo ki😂,CAG,1
facebook_corpus_msr_382494,2019 में प्रधानमंत्री पद के दावेदार का नाम हैं ----? समझ जाओं  अगर वोह बनते हैं तो हर एक गो माता को दो नीजी सुरक्षाकर्मी देगी सरकार,CAG,1
facebook_corpus_msr_382502,"Abe sale Salman, amir andhi se udnehi sakte... Ese kitne bahubali peida karte he",CAG,1
facebook_corpus_msr_382508,Achha hua bollywood me khan h nahi ye bachhan kapoor kumar bahubali ke samne NAAM lene layak  bhi nahi the,CAG,1
facebook_corpus_msr_382510,"""लगान"" में आमिर खांन ने अंग्रेजों को हराया था! और अंग्रेज संघ के गुरू है......तो किया इसीलिये संघ को आमिर से समस्या है?",CAG,1
facebook_corpus_msr_382511,"""खांन"" अब रोड पर आ जायेंगे! और गली2 भीख मांगते नजर आयेंगे, और शुरूआत संघ के कार्यालय नागपुर से ही करेंगे😂😂😂",CAG,1
facebook_corpus_msr_382516,"Ha ha ha ha
Hum apka dard samajh sakte hain bhai.
Film ki baat b chal rahi h to usme BJP Congress ghused rahe ho.
Pakka Congressi ho.",CAG,1
facebook_corpus_msr_382517,UPA walo ne bahot kuch kr diya tha desh k liye,CAG,1
facebook_corpus_msr_382543,Tab to akshay or devgan antariksh m pahunch gaya hoga abhi tak,CAG,1
facebook_corpus_msr_382545,"3n khan ko Dhodala bahubali2 ne .
Chir ke fad diaa sub khan ko",CAG,1
facebook_corpus_msr_382562,Is bar Eid mai bahubali 2 salman k aagay garda ho jaegi,CAG,1
facebook_corpus_msr_382567,Bilkul bollybood ko na bol kr south Indian movie dekho,CAG,1
facebook_corpus_msr_382570,"Hmko kitne crore nhi batao 
Number of tickets bato kitne sell huye h",CAG,1
facebook_corpus_msr_382583,Bahubali 2 ke samne tino khan ki to fatttt gyi.. Heheheheheh,CAG,1
facebook_corpus_msr_382673,"गुजरात बीजेपी की चिंता खत्म हुई बीजेपी स्टार प्रचारक राहुल बाबा ....
..... कल से गुजरात यात्रा पर.... 😜 😝 😂

#BJP4Gujarat ® #LabourDay ⊙",CAG,1
facebook_corpus_msr_382981,@amit kahe ki permition be? kashmir me kya nawaj shareef ki sarkar hai apki apni pdf to hai bjp ne ke hi thagbandhan se hsi,CAG,1
facebook_corpus_msr_382982,@amit kahe ki permition be? kashmir me kya nawaj shareef ki sarkar hai apki apni pdf to hai bjp ne ke hi thagbandhan se hsi,CAG,1
facebook_corpus_msr_382983,"हमारे धौर्य की परीक्षा ना ले पाकिस्तान 
हम अभी गाय, मंदिर और तीन तलाक में व्यस्त है।",CAG,1
facebook_corpus_msr_382984,"koi bhajpai neta kisi ko hijda kah rahe they, pakistan bar bar jo hamare mardangi pe sak kar raha uska jwab kab doge,delhi mcd or crpf sahido ke bad kulbhusan jhadav ka mudda media or sarkar dono ne daba rakhi hai...",CAG,1
facebook_corpus_msr_382989,"Sayad 19 tk sabko phir yhi lagne lagega ki congress hi sahi thi km se km sanik to Nhi perday saheed hote the
Sabsidi ke bahane LPG ki chori Nhi hoti thi 
Modi bhakt tha PR ab Nhi ..modi ji vipachh me betho apo wahi pe sher the.",CAG,1
facebook_corpus_msr_382991,"Barat sehna murdabad 
Barat sarkar murdabad 
Barat murdabad ab ni rehna meny is desh me 
Jahan Ye hamri sehna Apni b hifajat ni skti",CAG,1
facebook_corpus_msr_382992,"Adi jaan behatar hota feku Murdabad kehte 3 bar, sena pe koi sawal nahi hona chaiye feku ko gali do jitna dena hai lekin sena ko apmanit nahi karo, ye America nahi hai Bharat hai jaha sarkar sena ko handle karti hai...",CAG,1
facebook_corpus_msr_382994,"Government ka pura dhyan to desh ke andar ladai karane me rahta Hai ,isliye pakistan ko filhaal bharat ki taraf se kadi ninda se hi kaam chalana hoga..",CAG,1
facebook_corpus_msr_382995,Bhai jhoot mat bol kshmir me patthar kon marta hai bsf pe tumahare hi bhai log na,CAG,1
facebook_corpus_msr_382996,"Wo muslim to mere bhai hmmm...
Jo naksalwadi jawano ko mare wo tere bhai nahi haaan aur jo fir jo tere bhai abhi isi ke agent pakde gaye wo bhi tere bhai nahi...ok hum kuchh bhi bole to jhoot bola ok...
Pichhle 2 se 3 saal me desh ka kya haal ho raha hai kitne jawan mare jarahe hain desh ke andar kitni hindu muslim ke beech nafrat badha di gayi kya pahle nahi the desh me hindu muslim abhi naye naye aye hain...sab kuch jaan ke bhi ankho me patti bandh ke muh me tala laga hai tumhare aur kano me tel daal liya aur mai jhoot bola, kuchh to sharm karo. Agar sachche ho to insaf ki bat karo.",CAG,1
facebook_corpus_msr_382998,"Sameer Śàméèŕ Sheikh 
Jo Aatankwadi hai vo tere bhai hai 
Jo bagdaadi hai vo tera bhai hai,,, 
Jo ISIS me jaa k aatanki bnta hai vo tera bhai 
Jo Islam k naam pe begunaah ko maarne wala ajmal kasab tera bhai 
Jo aurto ko fb pe 3 talaq bol k chhod se vo tera bhai,, 
Jo army se surgical strike kaa proof aur saboot maange vo tera bhai 😂😂😂😜😜😜",CAG,1
facebook_corpus_msr_382999,और जो नक्सली सेना के 25 जवान शहीद किए वो किसके भाई है।,CAG,1
facebook_corpus_msr_383001,wo ristedar hai bhai hote to baat hi alag thi😀,CAG,1
facebook_corpus_msr_383005,Chhodo yar ye sab mat bolo ek dusre pe keechad mat uchhalo...apne desh me jhagde karane walo ki koi kami nahi hai bhai ..jitna ho sake ek dusre ki kamiyan ginane ke bajaye avoid karo,CAG,1
facebook_corpus_msr_383007,Guys sukma me ek baar hua but kashmir me to roj ka hai wo kya hindu hai,CAG,1
facebook_corpus_msr_383008,Jo officers din raat unke liye din raat border pe larte rahte hai usi ko patthar marna sahi hai dil se soch ke boliyo na ki hindu muslim soch ke kyoki waha ke jawan hindu hote hai or public muslim,CAG,1
facebook_corpus_msr_383010,Apni mansikta par thoda vichar kariye kumar bharti jee ek tarah ki soch chipak gayi hai dimag me apke...galat ko galat kahna achcha hai par har galat ko galat kahiye na...apko lagta hai naksali hamla ek hi bar huwa hai to ye link zarur dekhiye..,CAG,1
facebook_corpus_msr_383012,"Ab to waqt aa gaya hai ki eint ka jawab patthar se dena hoga. Hamari sarkar to sirf ninda karti hai. Jab opposition me thay to Lahor (yani poore Pak) ko Bharat me milane ki baat ker rahe thay. Koi din baki nahi jab hamare sainik border per na maare ja rahe hai. Netaon ko desh ko lootne se to fursat hi nahi mil rahi hai, wah desh ke baare me kya sochenge. Recently hamare 26 Jawan  Sukma me mare gaye, Sarkar ne koi thos qadam nahi uthaya.Khali dialog marne se kuchh bhi hasil nahi hoga. Koi thos ranniti banana padega. Jiske ghar ka sainik mara ja raha hai, uske ghar walon se jaker koi poochhe. Yeh harami neta log sirf ninda karte hai. Hamare sainikon ko bullet proof jacket tak nahi dete. Achha khana tak nahi de rahe hai. Sainik ko to sahab log pair ki jooti samajhte hai.         Jai Hind.",CAG,1
facebook_corpus_msr_383013,हमारे देश की सारी सरकारें निकम्मी है......नाम बड़े और दर्शन छोटे हैं,CAG,1
facebook_corpus_msr_383015,"गृहमंत्री जी अभी कड़ी निंदा कर देंगे फिर मामला खत्म।

याद रखिए प्रधानमंत्री जी जवानों के  खून की एक-एक बूंद इंच दर इंच आपके सीने की चौड़ाई को कम करती जा रही है।",CAG,1
facebook_corpus_msr_383016,AUR KUCH GADDARO JE SINE KO CHAUDA KAR RAHI HAI...,CAG,1
facebook_corpus_msr_383017,पहले तो देश के जिहादी पत्थरबाज देशद्रोहियो और अलगाववादी नाम के आतंकियों को गोली मारने का परमिशन दे सरकार सब सही हो जाएगा...,CAG,1
facebook_corpus_msr_383022,"भारतीय मीडिया को मिला दलाली का प्रमाण
विश्वसनीयता पर 180 देशों में 136 वां स्थान !
Aree hijdo sharm kro...puri duniya me tumhari thoo-thoo ho rahi hai 
Kam se kam ab to modi yodi ko chhodkar desh ki tarakki ki baat kro
#bycottindianmedia",CAG,1
facebook_corpus_msr_383023,aao bhailogo kro comment...roj to mr hi rahe bechare hmari soldiers..kya kre bne hi mrne ke liye hain hmare jwaan to...sala izrail thodi hai hmara desh...jo badla lega...,CAG,1
facebook_corpus_msr_383026,Ye kya ho rahaI media ko aur kuch nehi milraha hai TRP badhane mai.hum ye kehene chate hain ki jab Pakistan ceasefire kerta hai media usko Barbar dekha ta hai. Now humara army ne kya kiya hai Un Pakistan ko Mara hai ki nehi ye newz mai media kyun nehi dikhata hai..,CAG,1
facebook_corpus_msr_383027,ये भी खोज का विषय है ... कि मोदी जी के कौन से ऐसे काम है जिनसे जनता खुश हो कर बम्पर बहुमत दे रही है? क्यों कि... ना मँहगाई घटी ना किसान आत्महत्या रुकी ना भृष्टाचार कम हुआ ना गुंडाराज खत्म हुआ ना नोकरशाही खत्म हुई ना कश्मीर के हालात बदले बल्कि बद से बत्तर हुए ना पाकिस्तान पर शिकंजा मजबूत हुआ ना चीन ने आँख दिखानी बन्द की ना आतंकवाद का खात्मा हुआ ना रोजगार बढ़े ना किसानों को उनका समर्थन मूल्य मिला ना गरीबो के लिए कल्याणकारी योजनाएं बनी ना कालाधन वापस आया ना नोटबंदी से लोगों को फायदा हुआ ना विदेशी दौरों से लाभ मिला ना कांग्रेस के दामाद पर कार्यवाही हुई ना 2g घोटाले के दोषी जेल गये ना कोयला घोटाला करने वाले जेल गये ना कॉमनवेल्थ गेम के गुनाहगार जेल गये ना गंगा साफ हुई ना रेल दुर्घटनाये रुकी ना कांग्रेस मुक्त भारत हुआ बल्कि कांग्रेस युक्त बीजेपी हो गई ना विजय माल्या को पकड़ा गया ना लोकपाल को पास किया उल्टे RTI के अधिकार काम किये ना शिक्षा के क्षेत्र में कोई सुधार हुआ उल्टे बजट कम किया ना स्वाथ्य के क्षेत्र में कोई सुधार किया ना सरकारी हॉस्पिटल की स्थति सुधरी ना सबका साथ सबका विकास हुआ . . . तो क्या बदला 3 साल में जो जनता इतना खुश है कि हर चुनाव में बीजेपी को बम्पर बहुमत मिल रहा हैं और भारत मे बीजेपी एकछत्र राज की तरफ बढ़ रही है।बीजेपी सिर्फ़ हिन्दू मुस्लिम को लडाने कि राजनीति कर रही है वो भी सिर्फ वोट बैंक के लिए और सत्ता पाने के लिए। क्या कोई है जो इस पहेली को समझ सके आपके जवाब का इंतजार है? इस पोस्ट को देखकर अब बीजेपी के चमचों की फटेगि और ऐ बौखला के अपने मा बेहन और बाप का परिचय देंगे.. ... .. .. .. .. . धन्यवाद... .... जय हिंद।,CAG,1
facebook_corpus_msr_383028,abhi jitne jawaan shaheed ho rhe hai hone do..abhi kuch nhi krenge ye log..2019 nazdeek aane do fir unke bhi 1 ya 2 jaban maar kar or bina saboot ke surgical strike kr ke apne muh miya mitthu ho jaenge.or road show kr voton ki bheekh mang lenge...abhi inse kuch bhi ummeed na rakho doston.,CAG,1
facebook_corpus_msr_383033,Bhai log Sarkar se kuhc nhi kaho Bhakt log naraz ho gaye to aapko deshdrohi ka darza mil sakta h or apko deshnikala bhi diya ja sakta h........ Sarkar or Bhakt log safe rehne chahiye...... Army walo ko saheed ka darza mil hi jayega or Modi g or Rajnath g kade sabdo me Pakistan ki ninda to kar hi denge media ke samne.......,CAG,1
facebook_corpus_msr_383034,इन जवान शहीद के आत्मा को  भगवान शांति दे हमलोग इनके परिवार को सांत्वना देते रहते हैओर पाकिस्तान की निंदा करेंगे ऐसा कबतक चलेगा।करवाई कब होगी,CAG,1
facebook_corpus_msr_383038,Kya kr Rahi hai Bharat sarkar...kyo nahi unko bhi jawab deti hai.... JB vote Lena tha to bahut bol rahe the ki yeh kr denge wo krdenge ....ab kya hua...Agar kuch krna nahi hai to hat jao or kya,CAG,1
facebook_corpus_msr_383039,"अब तो हर दिन भारत माँ के लाल शहीद हो रहे हैं, लेकिन सरकार केवल कड़ी निंदा के शब्दों से बदला ले रही है, 
शहीदों की शहादत को सलाम !",CAG,1
facebook_corpus_msr_383043,Plz modi ji kab tak hmare jawan ase mrte rhenge..in pakistaniyo ko pyar ki bhasha nahi smjh aayegi..continuesly surgical strikes kro..or inko ghr m ghus k maro..,CAG,1
facebook_corpus_msr_383047,Bhut hi dukh Ki baat hai or gussa sbse jyda h apne politicians per Jo ....hmre Army ke hath bandh deti hai........,CAG,1
facebook_corpus_msr_383048,aap shi kh rhe hai bilkul yeh hmare jwano ki bdi badkismt h wo na chahte hue b aise kdm nai utha paate jo wo log uthana chahte h .................kashmir me jis tarah crpf k jwaano k sath glt behbar kiyw gya haali k dino me uss ko dekh yhi lgta h ab govt. india ko khuli chuut deni chahiye,CAG,1
facebook_corpus_msr_383052,Ha bilkul thik kha aapne aisa h bola gaya tha,CAG,1
facebook_corpus_msr_383053,roj jawan Marty Hai or neta neenda jaise sabad bolkr bat ko khatam kr dety hai,CAG,1
facebook_corpus_msr_383054,"Government ka pura dhyan to desh ke andar ladai karane me rahta Hai ,isliye pakistan ko filhaal bharat ki taraf se kadi ninda se hi kaam chalana hoga.. Pm Tu bhi mila hai Pakistan se jese  tere  log pakde the India ki jasusi me sabut ke sath naksali aur bjp me koi farak nhi",CAG,1
facebook_corpus_msr_383055,Ye hmari sarkar kr kya rhe h.hmare senik shid ho rhe h.aur ye chup chap bethe hue h.are sida fire kro,CAG,1
facebook_corpus_msr_383056,"कब तक देश के जवान शहीद होते रहेंगे, अब तो मोदी जी प्रधानमंत्री भी बन गए, अब होम मिनिस्ट से कोई इस्तीफा क्यों नही माँगता? आखिर निन्दा कब तक",CAG,1
facebook_corpus_msr_383059,abhi jitne jawaan shaheed ho rhe hai hone do..abhi kuch nhi krenge ye log..2019 nazdeek aane do fir unke bhi 1 ya 2 jaban maar kar or bina saboot ke  surgical strike  kr ke apne muh miya mitthu ho jaenge.or road show kr voton ki bheekh mang lenge,CAG,1
facebook_corpus_msr_383060,"Dekh bhai m to rajnath se b jada kdi ninda krta hu pakistan ki itni kdi ki pakistan khde khde mut de or to or daud, hafiz syed ko le k khud bharat aa kr sop de itni kdi ninda krta hu m",CAG,1
facebook_corpus_msr_383063,"चलो हर बार की तरह एक बार फिर से इस हमले का जवाब कड़ी निंदा , उससे कड़ी निंदा , उससे भी कड़ी निंदा  , घनघोर निंदा , जबरदस्त निंदा जैसे खतरनाक हथियारों से दिया जाएगा........",CAG,1
facebook_corpus_msr_383064,राजनाथ सिंह जी के जैसा गृहमंत्री के देश मे जवानों का बुरा हाल कर दिया है। देश मे पाकिस्तान का झंडा सरेआम अलगावबादी लेकर घूमते है। नक्सली खुलेआम जवानों को मार रहे है।   यही हाल रहा तो किन्हीं अटल जी के जैसा feelgood न हो जाये। अतः तुरंत राजनाथ जी को हटा कर किसी काबिल को गृहमंत्री बनाया जाय। मोहन भागवत को बनाये या  मोदी जी ख़ुद ये बिभाग देखे।तभी देश का जवान की खुशी वापस आएगी।,CAG,1
facebook_corpus_msr_383066,Plzz ynha koi v muslim comnt n karen q ki bhkton ko achchi baat v buri lgta hai our gaaliyon ka saamna karna pr skta hai,CAG,1
facebook_corpus_msr_383067,Lagta Hai surgical strike  ko moramit kar k dobara karna pare  ga 😃😃😃😃😃😃😃😃😃hahahahah,CAG,1
facebook_corpus_msr_383069,"....और हम फिर चुप बैठे हैं, निंदा मामा कहाँ है, जवाब दे दो एक बड़ी सी निंदा करके, हिसाब बराबर",CAG,1
facebook_corpus_msr_383070,"Aisi khabar Pakistan ki akhbaron me chapni chahiye thi? 56"" kya kar raha hai?",CAG,1
facebook_corpus_msr_383071,Ab fir rajnath aur pm kadi ninda karenge.jise pakistan ghutne tek dega.,CAG,1
facebook_corpus_msr_383073,Hizra PM Rahega To Paki Bar Bar Chij Fayar Torte Rahega. Shochne Ki Koi Bat Nahi.,CAG,1
facebook_corpus_msr_383075,Abhi Modi & company Gau raksha me busy hai .Free hone per Kari ninda kar denge .Plz distrub na krein .,CAG,1
facebook_corpus_msr_383081,"Shant ho jaao dosto ye sunami se pahle ki khaamoshi h....
Aagaaj chaye wo karle iska khatma hum karenge.....",CAG,1
facebook_corpus_msr_383086,Rajnath. Ji ki purani dialog kadi ninda news walonki khurak chalne do dhongi raaj me,CAG,1
facebook_corpus_msr_383087,Mahant yogi ko jammu Kashmir ka CM bana do Pakistan ki fir himat dekho sala bil se bahar Nahi aaiga,CAG,1
facebook_corpus_msr_383090,Uski ninda karke kam niptao ya to midia me dham ki de dena jo ki pakistan sun na le,CAG,1
facebook_corpus_msr_383094,Hamare yaha se lagatar kyo nahi ceasefire toda jata hum kab dhritrastra ki tarah bas dekhte rahenge,CAG,1
facebook_corpus_msr_383095,koi mujhe batay ki modi and rajnath ne is ghatna ko le ke kadi nindi krdi ya phir thodi der me karenge,CAG,1
facebook_corpus_msr_383096,..sare jawan estifa de do badder se ....girh mantri.or paradhan mantri or racha mantri jakr badder PR deuty kry,CAG,1
facebook_corpus_msr_383099,Fir se ek baar kadi ninda .... kadi ninda krte krte 3 year ho gaya ab koi naya jumla ratta mar ke aao ... goliyo ka hisab bhi yaad Kr lejiyega home minister sahab...,CAG,1
facebook_corpus_msr_383101,rajnath k ghar ka koi mrta to smz aata salo ko .modi ji ek bar bol do pak saaf ho gayega,CAG,1
facebook_corpus_msr_383103,"कब तक देश के जवान शहीद होते रहेंगे, अब तो मोदी जी प्रधानमंत्री भी बन गए, अब होम मिनिस्ट से कोई इस्तीफा क्यों नही माँगता? आखिर निन्दा कब तक",CAG,1
facebook_corpus_msr_383105,Inko kadi ninda ke alava or kuch ni ata h... Itnr time se bs yahi dialogue bolte aa rhe h or aage bi bolte rahenge.....,CAG,1
facebook_corpus_msr_383106,Ab ham log se shan nhi ho pa RHA hai phale to khub grjthe modi ji pak se haphij sahid to utha ke liye ge aap log sap kyo sugh hai,CAG,1
facebook_corpus_msr_383108,Modi ji aap kya kar rahe hai ye sab kab tak chalega aap unko jawab dilawao unko bas chunaw jitane nahi hoga,CAG,1
facebook_corpus_msr_383109,कबतक चलेगा ऐसा बहूत हुआ भारती सेना को भी जबाब देना चाहीए  रोज हमारे जवान शहीद हो रहे है एसा ही चले गा,CAG,1
facebook_corpus_msr_383110,"Fir bolenge modi.
.kurbani bekar nhi jayegi.....kuch kariye ..Mr.pm ....bakaiti hi karenge bas",CAG,1
facebook_corpus_msr_383111,Koi bat nahi hamare pas jawan bahut hain . Ent ka jawab patthar se diyajayega. Aap log santi banaye rakhen,CAG,1
facebook_corpus_msr_383113,इस तरहा सैनिको के दिये हुए बलिदान को हम फालतू न जाने देंगे। बस नामर्द लोगो  को इस्तीफा दिला दो। युवाओ के हाथ मे देश कि कमान दे दो । क्योंकि अब हमे  भाषण नही सुनना कुछ करना है,CAG,1
facebook_corpus_msr_383114,"dikha do apni takat bhartiy log- es link pe click karo aur pakistan ko bolo ye-

http://www.pmreviews.in/",CAG,1
facebook_corpus_msr_383115,Wait.. Karo bhaiyo Ab dekhte Jao Kya hota hai Pakistan ka aur Ha Koi Galt comment n Kare plz,CAG,1
facebook_corpus_msr_383116,Koi batayega surgical strike ke bad hamare kitne jawan sahid ho gaye. Kaha gayi wo badi badi bate.,CAG,1
facebook_corpus_msr_383119,Is desh ka kuc nhi ho skta hai..Bs ninda kr skte abi koi neta mar jaye fir deko.Vo to sukr manye Pakistan wale unka bodar israil se nhi lgta warna ab tk KTM ho chuka hota Pakistan.,CAG,1
facebook_corpus_msr_383120,Mera sabhi javano se nivedan Hai ki aap sabhi apna stifa gruh matralay me bhej dijiye aur kahiye ya to hame khuli chut do nahi to hame ghar jaane do,CAG,1
facebook_corpus_msr_383124,हमारे देश में जवानों की जगह नेता शहीद होते तो बहुत जल्दी एक्शन होता,CAG,1
facebook_corpus_msr_383127,अगर दो जवानो के जगह पे दो नेता मरे होते तो अब तक एमर्जेन्सी मीटिंग बुलायी गयी होती पर देश के जवानो की  जान की कोई कीमत नही है चुनाव से पहले तो बोलते थे की अगर जवान का एक सर कटा तो आंतकवादियो का 10 सर कटेगा अब क्या हुआ 56 इंच का सीना कहाँ घुस गया है,CAG,1
facebook_corpus_msr_383129,"Kabuter ka sina-kaleja kiya pakistan ka bigadega,ye indra-ATAL ji thode hai fenku hai na.",CAG,1
facebook_corpus_msr_383130,Modi ji kitna time loge jab wo hamer india aaye ge to hamari halt bhi pakistani jese ho jaye gi ....tabtak ka kya entjar kar rahe ho aap....,CAG,1
facebook_corpus_msr_383131,Bjp sarkar sabse ghatiya sarkar sabit hui isase achhe to congress sarkar thhi kam she kam itane saniko ko balidan to nahi dena pasta thha AGR bjp ke netao ko desh ke prati thodi si  ijjat bachi hai to khud dub marna chahiye -- koi sahid Ka pariwar ye nahi kahta ki mujhe 1 crore Ka check chahiye agar yehi stati  bani rahi to desh me liye balidan hone wale sanik nahi milenge,CAG,1
facebook_corpus_msr_383132,"कुछ कर तो सकते नहीं बस निंदा करने आता हैं, दो सब्द बोल देंगे बस इनका काम तो हों गया, बाक़ी पूरा धयान पैसा बटोरने मे लगा रहता हैं कि कहा पाये मुँह माँ मार दूँ",CAG,1
facebook_corpus_msr_383133,देश में सभी तरह का भ्रस्टाचार ख़त्म करो। जाति व् क्षेत्र आधारित लाभ देने की भेदभावपूर्ण नीतियां बंद करो। वित्त का समान वितरण करो। देश की जनता का पैसा मुफ़्त में मत बांटो। बिजली पानी रोड स्वास्थ्य रोजगार आम जन को मुहैया कराओ। गरीब  जन की जगह आमजन शब्द का इस्तेमाल करें।,CAG,1
facebook_corpus_msr_383134,Modi ji kaha par h hamare jawan sahid ho rahe h ab to kuch karo ya fir ninda hi karo ge,CAG,1
facebook_corpus_msr_383140,Bharat k andar naxaliyo ko to khatam nhi kar pa rahe hai chale Pakistan k aatankwadiyo ka kha se kar sakenge,CAG,1
facebook_corpus_msr_383141,"केवल हंसिएगा:😊😊😊

एक बार यमराज की पत्नी ने देखा कि यमराज नींद 💤 में बडबडा रहे हैं और उनके माथे पर पसीने की बूंदें हैं।    

पत्नी ने जीवन में पहली बार स्वयं मौत 💀 के माथे पर पसीना देखा था।
उन्होंने यमराज को हिलाया और यमराज उठकर बैठ गए।      

पत्नी ने कहा क्या हुआ ??????

यमराज बोले, मैंने सपना देखा की केजरीवाल मर गया है और उसको यमदूत ऊपर लेकर आ रहे हैं और वह कह रहा है-

 *दिल्ली तो हमारी है, अब यमलोक की बारी है*
😂😂😂😂😂😂",CAG,1
facebook_corpus_msr_383144,Eynt se eynt bja dainge ; Desh ke naujwanon ki qurbani bekar Na Jane paye Isiliye Pakistan ko nestnamoond Kar do ; Jai  Hind,CAG,1
facebook_corpus_msr_383148,to.marnai hai.... theek se khana nahi milta... roti dal.sahi nahi milta to maregai.. isme kya nai bat hai. .,CAG,1
facebook_corpus_msr_383149,Ham eski kadi ninda karte hai bjp ke log bolte hai achha hai modi jee,CAG,1
facebook_corpus_msr_383150,Ab bhaiya bardast nhi ho rha ab to in gaddar saalo ko zinda jala Dena chahiye,CAG,1
facebook_corpus_msr_383151,"56"" ki chatti ab 6"" ki ho gai hee.  Hamare neta o ke haddio me pani bhargya hai. Chudiya pahan li hai.",CAG,1
facebook_corpus_msr_383152,दुनिया घूम लिया देश में आधा से ज्यादे में राज है मोदी जी का फिर भी अब बोलगे की अमेरिका का चुनाव जीतने दो फिर पकिस्तान को देख लेंगे अरे मोदी बाबु कुछ कर भी लिया करो फेको मत नही तो जनता फेंकेगी तो कभी खरे नही हो पाओगे,CAG,1
facebook_corpus_msr_383153,Kuch time baad koi bhi ma apne bete ko army m nhi bhejne gi  kon apne bete ko mata hoa dekhna chahta h,CAG,1
facebook_corpus_msr_383154,Tom ponga  pandit galat kahte ho ham kahenge lekin ma he to papa kaha he bata do tab,CAG,1
facebook_corpus_msr_383155,Defence minister apni kaddi ninda waali missile chor denge or saare pakistani mar jayenge😂😂😂,CAG,1
facebook_corpus_msr_383156,Jb se bjp ki sarkar bani h tb se hamare sabse jyada jwan shaheed ho rhe h,CAG,1
facebook_corpus_msr_383157,मोदी और गृहमंत्री राजनाथ जैसा नकारा नही देखा जो जवानों की जिंदगी के साथ खेल रहे है पत्थर मारे जाते गोली मारी जाती है बोर्डर पर जवान शहीद हो रहा है ये चुपचाप देख रहे है  कब तक कोई सीमा है वो शब्द कहा गये एक सिर के बदले दस सर काटेंगे,CAG,1
facebook_corpus_msr_383158,"कुछ नही बोले अगर शर्म है अपने देश के प्रति, तो करवाई करके बताओ।सिर्फ कह देने सेे नही होगा की ये बलिदान बेकार नही जायगी। रे कब होगा करवाई??",CAG,1
facebook_corpus_msr_383160,"Pakistan  ko   nakse  se  gyab  kr  dena  chiye ,  na  rhe  GA  baas  na  bajegi  basuri",CAG,1
facebook_corpus_msr_383161,Aakhir kab tak ye chalega aur hamare jawan aise hi marte rahenge kuchh to karo..... Taki unko. Bhi pata chale India bhi kuchh kar sakta hai,CAG,1
facebook_corpus_msr_383163,"जब तक कोई नेता पाकिस्तान की गोलीबारी से नही मरेगा हमारे जवान ऐसे ही शहीद होते रहेंगे

एक दो नेताओ को मार दो तब निर्णय लेंगे ये",CAG,1
facebook_corpus_msr_383167,"सैनिकों को क्यों मारा कौन देखता है
जब पुरा देश ये देखने में लगा है कि कटप्पा ने बहुबली को क्यों मारा??

#बर्बादी_की_ओर_जाता_समाज",CAG,1
facebook_corpus_msr_383169,"अब तो हर दिन भारत माँ के लाल शहीद हो रहे हैं, लेकिन सरकार केवल कड़ी निंदा के शब्दों से बदला ले रही है, 
शहीदों की शहादत को सलाम अब तो हर दिन भारत माँ के लाल शहीद हो रहे हैं, लेकिन सरकार केवल कड़ी निंदा के शब्दों से बदला ले रही है, 
शहीदों की शहादत को सलाम !",CAG,1
facebook_corpus_msr_383170,Bhaio sab kadi ninda karo modi or rajnat bhi yahi kar rahe hy,CAG,1
facebook_corpus_msr_383171,Bjp ke raj me had se jyada pakistan marrahe hai world ranking me india piche chala jaraha hai,CAG,1
facebook_corpus_msr_383172,अभी थोड़ी देर रुको हमारे गृहमंत्री जी इस कुकृत्य की निंदा करेंगे। और कुछ मंत्री महोदय कंहेंगे कि हमारे जवानों की शहादत बेकार नही जाएगी,CAG,1
facebook_corpus_msr_383173,Are midiya balo ab tumara sher kya gidad ban gaya chunao ke samy to sher ban jate ho ye bhi dikhao ye bhi modi ji ki hi lahr he hamara desh jabse aajad hua aj tak nhi mare jitne in tin salo me mare gaye,CAG,1
facebook_corpus_msr_383174,"56 inch ghant noch raha hai.3 year na jane kitno sena-force janta ko khun karba diya,Abhi kitno ko marba dega.",CAG,1
facebook_corpus_msr_383175,maro salo ko aapna aaek jata he to uska 10maro aab had ho gayi he  kisiki parmition ke jarurat nahi he kyuki khurshi pe bedhe rahe log vote bank ki raj niti me busy he is liye tum pe dhyan nahi denge kab tak aese jawan marte rahenge aur kitne gar brbad honge hamare jawano ke.jay hind,CAG,1
facebook_corpus_msr_383176,Ab zarurath hai India ko Pak ko sahi sabaq sunane ki...56inch seena batane ki,CAG,1
facebook_corpus_msr_383178,Desh me kuchh karna nhi hair bas hindu muslim kar ke apni roti senko Jo mar raha hai marne do kadi ninda se hi kaam chala lena,CAG,1
facebook_corpus_msr_383179,"RSS. Balo ko jaldi bejo. Bodar pe
Dekhte hain kitna dam hai. RSS
Kuch bi nahi karege. He hu he hu. Ye hi bolna aata hai...",CAG,1
facebook_corpus_msr_383181,"अब कड़ी निंदा के साथ सरकार मीटिंग करेगी, और एक बयान जारी करेगी बस ! 😏",CAG,1
facebook_corpus_msr_383188,Modi Or Amit Bath Kar Rahahe. Amit= Modi Bhai Desh Ki Halat Khub Najuk Hei. Bekar Ko Noukri Nahi Mila. Paki Ko Jawab Nahi Diya. Kala Dhan Wapas Nahi Aye. NSG Mei India Ko Member Ship Nahi Mila. Mahangayi Bar Gayi Hei. Bank Roj Roj New Niyom Chalu Kartahei. Roj Jawan Shahid Ho Rahahei. Rupiye K Dam Doler She Gir Rahahei. Kashmir Ki Halat Bohut Najuk Hei. To Abhi Humlog Keya Jawab De Public Ko? Modi= Amitji Ak Kam Kijiye Ap Log Hindu. Ram. Or Go Mata Ko Shamne Rakhe Dekhiyega Shab Burbuk Public Isi Mudda Ko Khub Khayega.,CAG,1
facebook_corpus_msr_383208,शहिदो को नमन और आतंकवादियो के खिलाप कडि से और निंदानाथजिसे भि कडि कठोर निंदा जाहिर करता हू,CAG,1
facebook_corpus_msr_383216,जल्दी निंदा करो _ पाकिस्तान के जवान शर्म से ही मर जायेंगे,CAG,1
facebook_corpus_msr_383217,"लड़ाई सिस्टम से है,नेताओं से हैं तो उनको मारो,जवानों को क्यों मार रहे❓❓❓",CAG,1
facebook_corpus_msr_383219,Hm rhy na rhy  hindu prjati ko mitana h dunya ma shanti tbi hogi,CAG,1
facebook_corpus_msr_383222,Tapan Pujari ju ya pic dakh ya tmry hindu sagthn k ktar log kia khte hn tuhajaro sal ki bt kte ho  tm to kuch sal phly hmry gulam thy bhol gy ho tm,CAG,1
facebook_corpus_msr_383224,Abi to ya sirf 6 hn or b bhjo khy to 71 ko nhe boly 71yad h tm na bol jana 71 ko hmko yad h tbi  uska bdla lena h abi,CAG,1
facebook_corpus_msr_383226,"Prutviraj chuhan ko jante ho tumare ghar main ghus ke Mara tha...peshwa bajirav yaad hai?? 

Shivaji yaad hai in sab inho ne ukhad pheka tha mogal ko",CAG,1
facebook_corpus_msr_383227,Rahi baat 71 ka badla lene ki agar Tum itne hi mahan ho to sidhi war Kyun nai karte...chup ke  war karte ho... Muglo ka name Kharab karte ho,CAG,1
facebook_corpus_msr_383228,"Sukr mana indira ya Rajvi Gandhi hai nai warna pak kab ka gyab ho chuka hota... 

Fir bhi aab to modi Aur RSS kam pura karenge",CAG,1
facebook_corpus_msr_383234,Kasmir ki azadi tk india ki brbadi tk jhang rhy gi,CAG,1
facebook_corpus_msr_383249,Bas yahi sunne mein aata hai ceasefire toda jawaab Shahid ho Gaye,CAG,1
facebook_corpus_msr_383251,Muslim virodhi topic dhunte raho BJP ...wahan chidiya chuk gayi khet,CAG,1
facebook_corpus_msr_383252,"*शहीद इतने  होते  है मेरे वतन में कि*

*अखबारों को निचोड़ो तो खून निकलता है*",CAG,1
facebook_corpus_msr_383253,Grih mantri ko bol phir se wo is baat pr ninda kre,CAG,1
facebook_corpus_msr_383255,Hum kadi ninda karte hai. Aby kuch karoge ke ya aise hie marne doge.,CAG,1
facebook_corpus_msr_383270,rajnath sing ka jawab rahe gah hamari sena jawabi karwai kar raha hai,CAG,1
facebook_corpus_msr_383280,जब तक पाकिसतान को अपना साला समझ कर छुट देते रहोगो वो अपने को जीजा समझने की भुल करता रहेगा,CAG,1
facebook_corpus_msr_383282,"सरकार सो रही है क्या 
सिर्फ चुनाव जीतने पर ध्यान है,",CAG,1
facebook_corpus_msr_383283,कोई नई बात नही पाकिसतान के लिये उसकी आदत है सिजफायर तोड़ना कर लो क्या  करोगे,CAG,1
facebook_corpus_msr_383289,Jb election ayenge pm k jb wo b mike pr,CAG,1
facebook_corpus_msr_383291,जब अपने ही देश के लोग गद्दारी करेंगे तो जवान शहीद होंगे ही।,CAG,1
facebook_corpus_msr_383297,"रोज रोज सीज फायर तोड़ता ही रहेगा पाक, आखिर उसका कब होगा इलाज।
   जय भारती।",CAG,1
facebook_corpus_msr_383298,मैं राजनाथ सिंह की तरफ से कडी निंदा करता हु,CAG,1
facebook_corpus_msr_383312,mai pardhan mantari aur gurhe mantari ke taraf se kadi ninda karta hoo,CAG,1
facebook_corpus_msr_383313,Pura des ke jawan Mar jayega is din sochna hum ka karenge...,CAG,1
facebook_corpus_msr_383341,10 sar le aayenge ab khan geye . aakhi kab tak.,CAG,1
facebook_corpus_msr_383343,India wale to sab baahubali me busy h na isi liye.....,CAG,1
facebook_corpus_msr_383348,"Koi  baat  nhi  hamari  Sarkaar  ko  koi  fark  nhi  padega. 
😠😠",CAG,1
facebook_corpus_msr_383352,modi ji ek fake operation karo fir media ko manage karlo sabke muh band ho jaayenge,CAG,1
facebook_corpus_msr_383359,Kaya bar bar sahid ho re h jaban sarm ne h hamare desh ki gavrment ko,CAG,1
facebook_corpus_msr_383368,निंदा मंत्री की कड़ी निंदा जल्द ही सर्जिकल किया जाएगा,CAG,1
facebook_corpus_msr_383369,Pakistan jaise khatam desh se darne ke jarurat nhi hain darane ki hain,CAG,1
facebook_corpus_msr_383388,ये सब चल रहा है_ चलता ही रहेगा /कोई बडी बात नही  तीसरे विश्वयुद्ध  या गर्हयुद्ध तक,CAG,1
facebook_corpus_msr_383396,Koi nhi rajnath Jee kri shabdo me ninda kr denge .,CAG,1
facebook_corpus_msr_383399,Ab shuru hogi Bharat ki Taraf se kadi ninda ki karwahi..,CAG,1
facebook_corpus_msr_383404,हम इसकी कड़ी निंदा करते है ! मोदी #राजनाथ सिंह,CAG,1
facebook_corpus_msr_383407,Bhaio intjar ki ghadi khtam hoi ab 1sar ky badle 10 sar ane vale hy,CAG,1
facebook_corpus_msr_383409,Are bhai not bandi me atankiyon ki kamar toot gai h,CAG,1
facebook_corpus_msr_383411,inhe boder pr khada kr deena chaiye jb inhe pta chale ninda krne ka,CAG,1
facebook_corpus_msr_383417,राजनाथ सिंह सिर्फ बोलेंगे करारा जवाब मिलेगा। लेकिन जवाब नही मिलता ओर सेना मर जाते हैं।,CAG,1
facebook_corpus_msr_383425,Pak ko pata nhi 56 inchi seena ke bare me,CAG,1
facebook_corpus_msr_383427,Beta Muslim GADDARI ki waja se aaj desh JAL raha hai,CAG,1
facebook_corpus_msr_383435,अरे एक बार तो इंडियन आर्मी को मौक़ा तो दो यार फिर देख़ो कभी सीज़ फ़ायर नहीं करेंगे,CAG,1
facebook_corpus_msr_383449,"NEWS WALE CEASEFIRE JAISE WORD KU USE KAR RHI..
SAAF TAUR PAR KU NHI KAHTI KI PAKISTAN SIMA PAR KAR BHARAT M ROZ GUS RAH H",CAG,1
facebook_corpus_msr_383452,Oh sit bhagwani unki aatma ko santi de jai maa bharti,CAG,1
facebook_corpus_msr_383453,"Kohi maa.kohi wife apne admi ko Army nahi vegegi. 
Daily ka natak sahid sahid",CAG,1
facebook_corpus_msr_383459,Modi ji ya raaj nath ji ko pata nahi laga,CAG,1
facebook_corpus_msr_383460,Pakistan ko rokna kisi k bs m nhi h pm feku h,CAG,1
facebook_corpus_msr_383463,"Pury Pakistan ky dam nahin ky 1 Gay mar kar dikhay...
Gau Rakshakdal ... Pakistan ko. Jar sy ukhar dyngy.",CAG,1
facebook_corpus_msr_383470,Yar  ham  yudh  chahte  hai  Pakistan  s,CAG,1
facebook_corpus_msr_383534,Din bhar JOGI / MODI jawan kishan mar rahahe eh bekar paid news 2 admi ko lekar pade hay,CAG,1
facebook_corpus_msr_383536,Media kisi or cm ki bhi baat kar Liya kare,CAG,1
facebook_corpus_msr_385640,"मुसलमान अपना धर्म तो जानते नही लेकिन काँपी कर हिन्दु से सवाल पुछते रहते है जरा हमारे भी सवालो के जवाब दे दो हिम्मत है तो ।
1) इस्लाम बनाने वाले मोहम्मद ने बुढापे मे अपने साथी अबु-बकर की 9 साल की बच्ची आयशा से बलात्कार किया, वो भी 9 साल की बच्ची से। क्या एैसे बलात्कारी की बनाई बातो पे इमान लाना सही है ?
2) मुहम्मद ने अपने बेटे जैद की बीबी जैनब से बलात्कार कर शादी क्यु की जैद हीजडा था ? या मुहम्मद आदत से मजबूर था ?
3) आप बकरा ईद क्यों मनाते हो ? क्योंकि आपके किन्ही साहब ने अल्लाह के आदेश पे अपने बच्चे की क़ुरबानी देनी चाही तब वहा बच्चे की जगह जानवर प्रगट हो गया , तो आप अपने बच्चों की क़ुरबानी दो ना, जानवर की क्यों देते हो अल्लाह सच्चा होगा तो बच्चे की जगह जानवर प्रगट कर देगा और ये अल्लाह है या राक्षस जो खुन खराबे से प्रसंन्न होता है ?
4) एक तरफ तो मुर्ती पुजा की विरोध करते हो दुसरी तरफ मक्का मे हजरे अस्वाद फत्तर को चुमने जाते हो फत्तर मे विश्वास नही बोलते फिर मीना की जगह फत्तर को शैतान समझ फत्तर क्यु मारते ?
5) क्यों जब मुसलमान मक्का जाते हो तो सब मुंडन कर हिन्दू जैसे सफ़ेद वस्त्र पहनते हो ? तवाफ की पुरी प्रक्रिया हिन्दु की नकल करते हो फिर मुर्ती पुजा का क्यु विरोध करते हो ?? मजार दरगाहो पे क्या होता है ?
6) क्यों हिन्दुओँ की तरह उस जगह की परिक्रमा करते हो ? जब अल्लाह सातवे आसमान पे बैठा है तो काबा को क्यु सजदा, नमस्कार करते हो ?
7) इस्लाम तो बहुत शांति का धर्मं है (आपके अनुसार), तो ऐसा क्यों इस्लाम में लिखा है कि जो काफीर (गैर मुसलमान) है उनको मार दो, आपको 72 हूरें मिलेगी ? भाई अपनी हूरों के चक्कर में हमारी जान क्यों लेना चाहते हो, थोड़ी तो इंसानीयत रखो यार!
8) कुरान 2:223 मे लिखा है औरतों को खेती की तरह जैसे चाहे इस्तेमाल करो कुरान 33:33 कहती है औरतें घर मे बच्चे पैदा करती रहे और दिन मे 5 बार नमाज फुकती रहे क्या यही इज्जत है औरत की इस्लाम मे ? औरतों को बुर्के मे एैसे कैद कर के रखते हो औरत न हो कोई आटे की बोरी हो ।
9) क्यों इस्लाम में कहा गया कि पृथ्वी चोकोर है, जबकि हिन्दू धर्मं में पृथ्वी को गोल कहा गया है, तथा साइंस प्रूफ कर चूका है ।
10) क्यों इस्लाम में कहा गया कि सूरज दलदल में डूब जाता है, जबकी हिन्दू धर्मं में लिखा है कि पृथ्वी सूर्य के चक्कर लगाती है ? साइंस भी प्रूफ कर चूका है हिन्दू धर्मं ने दुनिया को विमान शास्त्र, आयुर्वेद, योग और हजारों चीज़े दी हैं, इस्लाम ने दुनिया को क्या दिया, तबाही और माराकाट के अलावा ?
11) 1400 साल पहले आपका धर्म स्थापित हुआ था, उससे पहले आप क्या थे ? आपकी इबादत का तरीका क्या था ?
12) हमारा हिन्दू धर्मं हजारो साल पुराना है हमारा राम सेतु आपने भी देखा होगा, पानी में डूबी श्री कृष्णा की नगरी भी देख ली है, आपके पास क्या सबूत है कि अल्लाह ने मोहम्मद को ही भेजा था ?
13) मुसलमान जिस भी क्षेत्र मेँ जाते है या दूसरे के या खुद के धर्म वाले के साथ रहते है वहाँ इतनी अशांति क्यो हो जाती है ?
14) कुरान 2:260 मे अल्लाह इब्राहीम को यकीन दिलाने के लिए कहता है चार जानवर लो फिर उनकी मुन्डीया काटकर एक-एक कर पहाड पर रखो फिर उन्हे आवाज लगाओ देखो मुन्डीया कैसे दौडती हुई आयेगी । सवाल उठता है क्या अल्लाह खुद को सिद्ध करने एैसे फिजूल के कारनामे करता रहता है ? क्या एैसा होना संभव है ? इस्से क्या अल्लाह सिद्ध हो जायेगा ?
15) अगर इस्लाम सच्चा धर्म है तो अल्लाह मुसलमानो को खतना करके क्यु नही भेजता ? क्यु मासूम बच्चे का खतना कर उसे हिन्दु से मुसलमान बनाते हो ?
16) काल्पनिक कयामत के दिन कब्र से किसे जिन्दा किया जायेगा हड्डियो को ? क्यु की कब्र मे हड्डियाँ ही बचती है हड्डियाँ जन्नत जाकर क्या हुर्रो के साथ डिस्को करेगी ?",CAG,1
facebook_corpus_msr_385641,Bhai log is news ko Seriously Na le ye bhi Jumla ho Sakti hai ...😂😂😂😂,CAG,1
facebook_corpus_msr_385646,Aaj fir do Jawan sahid ho gaye or ABP wale ko dalali karne se fursat nahi mil rahi hai thoda sarkar se v sawal puch lo daily daily jawan sahid ho rahe hai....,CAG,1
facebook_corpus_msr_385652,lage raho jab tak India media 180 main se 180 number par na a jaye. Yeh idiot journalist iso ko shayad top karna mante hain 180 main 180,CAG,1
facebook_corpus_msr_385654,Waha jawan shid ho rahey hai tum Kejriwal ke pichey lage rahey ho same on u bjp and media pakistan ka kuch karo  :(,CAG,1
facebook_corpus_msr_385660,"😀😀😀ak phir Sergical strike wala drama pesh kro awam bichari ko ,56 inch ka seena phantom movie k action ,kuch filmy dialogue,",CAG,1
facebook_corpus_msr_385661,"Nhi to is baar ye keh kr bewakof bnao apni awam ko k bht ho gia ab is baar 1 k bdle 10 nhi blk 1 k bdle 20 ,😃😃😃😃",CAG,1
facebook_corpus_msr_385665,"ये अंदर की लड़ाई बन्द करो, मिल जुल कर काम करो और खुशहाल देश बनाओ, तुम जैसो ने देश बर्बाद कर दिया है। कोई काम कर रहा है तो उसका साथ दो । सबकी तरक्की मे ही भला हैं।।।।",CAG,1
facebook_corpus_msr_385666,Purchased Media ko only Kejriwal dikhai deta hi aur daily border pe 5 solder mer rahe hi unka koi discuss nahi.,CAG,1
facebook_corpus_msr_385669,"मुसलमान अपना धर्म तो जानते नही लेकिन काँपी कर हिन्दु से सवाल पुछते रहते है जरा हमारे भी सवालो के जवाब दे दो हिम्मत है तो ।
1) इस्लाम बनाने वाले मोहम्मद ने बुढापे मे अपने साथी अबु-बकर की 9 साल की बच्ची आयशा से बलात्कार किया, वो भी 9 साल की बच्ची से। क्या एैसे बलात्कारी की बनाई बातो पे इमान लाना सही है ?
2) मुहम्मद ने अपने बेटे जैद की बीबी जैनब से बलात्कार कर शादी क्यु की जैद हीजडा था ? या मुहम्मद आदत से मजबूर था ?
3) आप बकरा ईद क्यों मनाते हो ? क्योंकि आपके किन्ही साहब ने अल्लाह के आदेश पे अपने बच्चे की क़ुरबानी देनी चाही तब वहा बच्चे की जगह जानवर प्रगट हो गया , तो आप अपने बच्चों की क़ुरबानी दो ना, जानवर की क्यों देते हो अल्लाह सच्चा होगा तो बच्चे की जगह जानवर प्रगट कर देगा और ये अल्लाह है या राक्षस जो खुन खराबे से प्रसंन्न होता है ?
4) एक तरफ तो मुर्ती पुजा की विरोध करते हो दुसरी तरफ मक्का मे हजरे अस्वाद फत्तर को चुमने जाते हो फत्तर मे विश्वास नही बोलते फिर मीना की जगह फत्तर को शैतान समझ फत्तर क्यु मारते ?
5) क्यों जब मुसलमान मक्का जाते हो तो सब मुंडन कर हिन्दू जैसे सफ़ेद वस्त्र पहनते हो ? तवाफ की पुरी प्रक्रिया हिन्दु की नकल करते हो फिर मुर्ती पुजा का क्यु विरोध करते हो ?? मजार दरगाहो पे क्या होता है ?
6) क्यों हिन्दुओँ की तरह उस जगह की परिक्रमा करते हो ? जब अल्लाह सातवे आसमान पे बैठा है तो काबा को क्यु सजदा, नमस्कार करते हो ?
7) इस्लाम तो बहुत शांति का धर्मं है (आपके अनुसार), तो ऐसा क्यों इस्लाम में लिखा है कि जो काफीर (गैर मुसलमान) है उनको मार दो, आपको 72 हूरें मिलेगी ? भाई अपनी हूरों के चक्कर में हमारी जान क्यों लेना चाहते हो, थोड़ी तो इंसानीयत रखो यार!
8) कुरान 2:223 मे लिखा है औरतों को खेती की तरह जैसे चाहे इस्तेमाल करो कुरान 33:33 कहती है औरतें घर मे बच्चे पैदा करती रहे और दिन मे 5 बार नमाज फुकती रहे क्या यही इज्जत है औरत की इस्लाम मे ? औरतों को बुर्के मे एैसे कैद कर के रखते हो औरत न हो कोई आटे की बोरी हो ।
9) क्यों इस्लाम में कहा गया कि पृथ्वी चोकोर है, जबकि हिन्दू धर्मं में पृथ्वी को गोल कहा गया है, तथा साइंस प्रूफ कर चूका है ।
10) क्यों इस्लाम में कहा गया कि सूरज दलदल में डूब जाता है, जबकी हिन्दू धर्मं में लिखा है कि पृथ्वी सूर्य के चक्कर लगाती है ? साइंस भी प्रूफ कर चूका है हिन्दू धर्मं ने दुनिया को विमान शास्त्र, आयुर्वेद, योग और हजारों चीज़े दी हैं, इस्लाम ने दुनिया को क्या दिया, तबाही और माराकाट के अलावा ?
11) 1400 साल पहले आपका धर्म स्थापित हुआ था, उससे पहले आप क्या थे ? आपकी इबादत का तरीका क्या था ?
12) हमारा हिन्दू धर्मं हजारो साल पुराना है हमारा राम सेतु आपने भी देखा होगा, पानी में डूबी श्री कृष्णा की नगरी भी देख ली है, आपके पास क्या सबूत है कि अल्लाह ने मोहम्मद को ही भेजा था ?
13) मुसलमान जिस भी क्षेत्र मेँ जाते है या दूसरे के या खुद के धर्म वाले के साथ रहते है वहाँ इतनी अशांति क्यो हो जाती है ?
14) कुरान 2:260 मे अल्लाह इब्राहीम को यकीन दिलाने के लिए कहता है चार जानवर लो फिर उनकी मुन्डीया काटकर एक-एक कर पहाड पर रखो फिर उन्हे आवाज लगाओ देखो मुन्डीया कैसे दौडती हुई आयेगी । सवाल उठता है क्या अल्लाह खुद को सिद्ध करने एैसे फिजूल के कारनामे करता रहता है ? क्या एैसा होना संभव है ? इस्से क्या अल्लाह सिद्ध हो जायेगा ?
15) अगर इस्लाम सच्चा धर्म है तो अल्लाह मुसलमानो को खतना करके क्यु नही भेजता ? क्यु मासूम बच्चे का खतना कर उसे हिन्दु से मुसलमान बनाते हो ?
16) काल्पनिक कयामत के दिन कब्र से किसे जिन्दा किया जायेगा हड्डियो को ? क्यु की कब्र मे हड्डियाँ ही बचती है हड्डियाँ जन्नत जाकर क्या हुर्रो के साथ डिस्को करेगी ?",CAG,1
facebook_corpus_msr_385676,Sahi bolane Vale ka yahi Hal hota hi ki parate se nikal do usa din to Kumar visavas bol raha Tha bhad me Jaye parate varate tab nahi nikala jata,CAG,1
facebook_corpus_msr_385690,bjp se aaj kadi ninda kon krega..bsf jawan sahid huve h..,CAG,1
facebook_corpus_msr_385692,"Lagi to nahi par media 
Lagane me zaroor kosis kar raha h",CAG,1
facebook_corpus_msr_385704,Or ye Sach h Kumar vis bjp ka ajent h,CAG,1
facebook_corpus_msr_385711,Mms baba se binti h hr bar video bnake post krte h is barme me b jari ho video,CAG,1
facebook_corpus_msr_385713,Mullah joot nahi bolta Hindu kitarah zameer farosh nahi jalen ho rahahi to barnal lagawo,CAG,1
facebook_corpus_msr_385715,Ha bar mulla. Imaan waala hota HAI...imaandaar hota HAI...bhale hi wah convarted ho.....Hindu DHARM  se GADDARI karke,CAG,1
facebook_corpus_msr_386629,Are Dada app gariya Gino APNA jyada dam mat lagao  dam nikal jayga,CAG,1
facebook_corpus_msr_386631,"Aap evm से ही जीत रहे थे kya, पंजाब me aap evm से ही जीते kya, narrow mind",CAG,1
facebook_corpus_msr_386635,"Teri kyon sulag rahi hai, tu bhi kya mauni baba gang ka chor member hai.",CAG,1
facebook_corpus_msr_386636,और किसी की नहीं सिर्फ अमर तेरी ही सुलग रही है,CAG,1
facebook_corpus_msr_386637,Joota khane valo joota hi diya jata hai kuch galat nhi bola,CAG,1
facebook_corpus_msr_386639,Abb toh juta kisi aur ko padd Raha ha suna ha vo chai wale bhaiya ha :D :P Jo samjh gya thoko like,CAG,1
facebook_corpus_msr_386644,"2 कौड़ी की कांग्रेस 
लूट लिया देश को
जितना हाथ अंग्रेजो का नही था उतना कांग्रेस ने बर्बाद किया।
कांग्रेस अब सच मे कभी नही आयेगी सत्ता मे मुन्गेरी लाल के हंसीन सपने",CAG,1
facebook_corpus_msr_386645,buddhe ku politics k chakkar me padra hai vygra kha or mast rah...,CAG,1
facebook_corpus_msr_386647,Kuch din baki her.. aaram se bita lo chacha kahe ...Rajniti me pdna ...Ram nam ke dino me,CAG,1
facebook_corpus_msr_386648,"Cong. ko juta marna galat baath hai, chappal se maro salon ko, pura desh ko loot ke bhikari bana diya.",CAG,1
facebook_corpus_msr_386656,bjp walo ko itna kaise jante ho. jo bhi karte ho bjp wale congress ki tarah desh ki dalali to nahi kartr,CAG,1
facebook_corpus_msr_386658,"कांग्रेसी दल्लो से और क्या उम्मीद करे रस्सी जल गई बल नही गया
2 कौड़ी की कांग्रेस 
लूट लिया देश को
जितना हाथ अंग्रेजो का नही था उतना कांग्रेस ने बर्बाद किया।
कांग्रेस अब सच मे कभी नही आयेगी सत्ता मे मुन्गेरी लाल के हंसीन सपने",CAG,1
facebook_corpus_msr_386661,koi kayar ko thakur naam miljane se wo koi souryaban nehi ban jata. lagta he congres ne aise bahot sare  chatu karo nko  bade bade naam dekar gulam bana ke rakha he.Aisa hindu jo kayar se v badtar ho.,CAG,1
facebook_corpus_msr_386663,"मोंकी खलनायक तेरी DP देखकर तेरी ओकात समझ आ रही है..☺
लगता है अभी-अभी जॉइन किया है  तूने फ़ेसबुक।
मतलब नया-नया फेसबुकिया है तू ओर ऐसे चुतिया कॉमेंट्स करके""मशहूर""होना चाहता है न?
हट बुड़बक..☺",CAG,1
facebook_corpus_msr_386669,Mike Paul aa gaya na apni aukad per. khair teri jitni gandi soch hai nahi meri nahi to bol main bhi sakta hu. woh kya hai na hum bjp wale rashtravadi hote hai. desh ko maa ka darja dete hai. isliye kisi ki maa ke liye aisi soch nahi rakhte. baki tera samajh aa gaya mujhe. ki tu kitna badha............  hai,CAG,1
facebook_corpus_msr_386671,"नक्सलियों पर जोरदार कार्यवाई करने के लिये सरकार ने बहुत ही अच्छी रणनीति बनाई है। सरकार नक्सली क्षेत्रों में हवाई हमला करेगी जिसमें सबसे पहले सरकार ""कायराना हरकत"" नामक बम का इस्तेमाल करेगी। अगर नक्सलवादी इस बम से बच गये तो अगला घातक हथियार ""कड़ी निन्दा"" का इस्तेमाल किया जायेगा। लेकिन यदि नक्सली इतने पर भी नहीं मानते तो उन्हें ""शहादत व्यर्थ नहीं जायेगी"" नामक परमाणु बम से खत्म किया जाएगा। सरकार के रक्षा सलाहकार ने सरकार को सलाह दी है की सरकार जल्द से जल्द नक्सली क्षेत्रों में बड़े बड़े लाउडस्पीकर लगाए जिससे दिन भर में पांच बार कड़ी निन्दा का बयान चलाया जाये। नक्सली अपने आप हथियार डाल देंगे। सरकार की इस भारी भरकम योजना से नक्सलियों में दहशत भर गया। जल्द ही सरकार इनसे मुक्ति पा जायेगी।",CAG,1
facebook_corpus_msr_386672,"🗣इस विरोध को मोदी विरोध समझने की गल्ती मत कर लेना बे #लिब्रान्डु लोगो,हमारी सोच की यही खूबसूरती है हम अपने से भी सवाल करते है😊 🚩राम राम🚩",CAG,1
facebook_corpus_msr_386674,Monkey KHALnayak आ गया .... लगता है किसी भक्त ने इसकी ठुकाई कर कर के हालत ख़राब कर दी है ...,CAG,1
facebook_corpus_msr_386676,"kya galat kaha....yah saalo ne Desh ki loota....mc 60 saal se kya krre the.
Desh vaisa ka vaisa hi h...
Abhi Modi Vikas krra h toh inki jal rhi h
Sonia Gandhi.. itily se aae h! 
vaha ka development dekh k kya India ka development nae kr skti thi...
iski niyat me hi khot thi..",CAG,1
facebook_corpus_msr_386678,Kya kar diya modi 3saal me baba jee ka ghanta sala jawan pe jawan mar rahe modi only cow par laga hai,CAG,1
facebook_corpus_msr_386679,iit ...iim... aiims ...bhabha atomic centre... sattelite.... bhakra nangal dam.... high ways... harit karanti.... dudh utpadan me no. one.... mobile karanti.... ye sab kia tere bap ne develop kia???,CAG,1
facebook_corpus_msr_386683,ghotala kia to abhi tak ek bhi congress ka neta jail ku nahi gaya hai??? sirf bolne se nahi hota....koi keh de tum apne behen ka rape kia hai...fir?? kehne se sirf nahi hota.,CAG,1
facebook_corpus_msr_386686,60 saalon  tak tumhare khan daan ne enhe vote kyun diya,CAG,1
facebook_corpus_msr_386687,Kya 60 se beta tera pariwar bhikh maang raha tha jo aaj Modi ke raaz mein bhikhari se Raja ban gaya h .........,CAG,1
facebook_corpus_msr_386688,Modi k mantroi ko lipstick or churia pahenake juta marna chahia ! Sale haramkhor party !,CAG,1
facebook_corpus_msr_386695,Bhai 60sal pehle desh me kya tha pehle pta kro desh waise ka waise kaise hai,CAG,1
facebook_corpus_msr_386696,Bhai india ki history pta hai aapko jab india azad hua tha to kya tha or ab kya hai congress ne to bhut diya hai aaj bjp wale congress ki bhut alochna krte hai mana k congrees k kuch neta log glt the but bjp konsa dhudh ka dhula hua hai esi bjp ne tapoot ghota kiya hai sb ko pta hai mp m ja kr dekho bjp p aroop lgta hai to ye apne netao p janch nhi krwate but congress ne apne har neta k aaroop p janch krwaya tha,CAG,1
facebook_corpus_msr_386697,Jis sarkar ne 60 saal raj kara ho socho sabko sath leker chali hogi  aise hi nh raj kar liya,CAG,1
facebook_corpus_msr_386699,Desh vikaas kr rha h mujhe to pta hi nhi tha achha hua bta diya dost warna humko to pta hi nhi tha jai modi raj har har modi ghar ghar modi 😂😂😂😂,CAG,1
facebook_corpus_msr_386701,"किनको जो बीजेपी में शामिल हुए  
या जो नही हुए।??",CAG,1
facebook_corpus_msr_386702,"भारतीय मीडिया को मिला दलाली का प्रमाण
विश्वसनीयता पर 180 देशों में 136 वां स्थान !
Aree hijdo sharm kro...puri duniya me tumhari thoo-thoo ho rahi hai 
Kam se kam ab to modi yodi ko chhodkar desh ki tarakki ki baat kro
#bycottindianmedia",CAG,1
facebook_corpus_msr_386713,कॉंग्रेस का स्टेंड तो दिग्गी राजा मणिशंकर और संजय निरूपम ने बता दिया,CAG,1
facebook_corpus_msr_386715,Esme kya galat bol diya rahul Gandhi to kanahiya k support main the Janha desh virodhi nare lg rhe the.. Awor congress k leader pakistaniyo ko sahab kh k bulate hain...,CAG,1
facebook_corpus_msr_386716,"Sale sabse jyada dagi lootere rapist, bahot sare Court L chakkar Lagane wale neta to bjp ke pass he to unhe Kya gand me danda nahi gusayega?",CAG,1
facebook_corpus_msr_386717,"ये भी खोज का विषय है ... कि मोदी जी के कौन से ऐसे काम है जिनसे जनता खुश हो कर बम्पर बहुमत दे रही है? क्यों कि... 
ना मँहगाई घटी 
ना किसान आत्महत्या रुकी 
ना भृष्टाचार कम हुआ 
ना गुंडाराज खत्म हुआ 
ना नोकरशाही खत्म हुई 
ना कश्मीर के हालात बदले बल्कि बद से बत्तर हुए 
ना पाकिस्तान पर शिकंजा मजबूत हुआ 
ना चीन ने आँख दिखानी बन्द की 
ना आतंकवाद का खात्मा हुआ 
ना रोजगार बढ़े 
ना किसानों को उनका समर्थन मूल्य मिला 
ना गरीबो के लिए कल्याणकारी योजनाएं बनी ना कालाधन वापस आया 
ना नोटबंदी से लोगों को फायदा हुआ 
ना विदेशी दौरों से लाभ मिला 
ना कांग्रेस के दामाद पर कार्यवाही हुई 
ना 2g घोटाले के दोषी जेल गये 
ना कोयला घोटाला करने वाले जेल गये 
ना कॉमनवेल्थ गेम के गुनाहगार जेल गये 
ना गंगा साफ हुई ना रेल दुर्घटनाये रुकी 
ना कांग्रेस मुक्त भारत हुआ बल्कि कांग्रेस युक्त बीजेपी हो गई 
ना विजय माल्या को पकड़ा गया 
ना लोकपाल को पास किया उल्टे RTI के अधिकार काम किये 
ना शिक्षा के क्षेत्र में कोई सुधार हुआ उल्टे बजट कम किया 
ना स्वाथ्य के क्षेत्र में कोई सुधार किया 
ना सरकारी हॉस्पिटल की स्थति सुधरी 
ना सबका साथ सबका विकास हुआ . . . तो क्या बदला 3 साल में जो जनता इतना खुश है कि हर चुनाव में बीजेपी को बम्पर बहुमत मिल रहा हैं और भारत मे बीजेपी एकछत्र राज की तरफ बढ़ रही है।बीजेपी सिर्फ़ हिन्दू मुस्लिम को लडाने कि राजनीति कर रही है वो भी सिर्फ वोट बैंक के लिए और सत्ता पाने के लिए। क्या कोई है जो इस पहेली को समझ सके आपके जवाब का इंतजार है? इस पोस्ट को देखकर अब बीजेपी के चमचों की फटेगि और ऐ बौखला के अपने मा बेहन और बाप का परिचय देंगे.. ... .. .. .. .. . धन्यवाद... .... जय हिंद।",CAG,1
facebook_corpus_msr_386720,70 saal congress ne kam nahi kiya.  Matlb bjp ko bhi ab 70  sal k baad hi kosh sakte hain..... Bhai isme hamara kya dosh jab congress ne kuch nahiye lekin tum toh karo. Maine toh 2013 me pahli bar vote diya tha.,CAG,1
facebook_corpus_msr_386721,70 sal bad bhi desh m berojgari gareebi unch nich etc khatm nhi hua..  congres  k 70 sal k raj m only 2% muslim educated h...  musalman q congres ko suport  kr rahe pta nhi,CAG,1
facebook_corpus_msr_386722,"Hahaha..... Is post me kaha lag raha h ki congress ko support kar raha hu?,",CAG,1
facebook_corpus_msr_386723,Aur apna data sudhar le 2011 census ka result dekh,CAG,1
facebook_corpus_msr_386724,Congress desh ko kha gai us waqt option nhi tha to log kare kya per ab option b h aur log option ka use b kr rahe h,CAG,1
facebook_corpus_msr_386725,"Lakshit Rock congrees ko 70 diye is liye ye desh AJ 70 sal ka ho gya Hai ager bjp ke hath me pahle dete to 20 sal tak bhi ye ajad desh ajad nahi rahta.
       AJ desh me Sirf jatewad ki agg laga rahe Hai ye BJP wale inhe dusra Kuch nahi sujhta Sirf aur Sirf jatewad bas.
       Aur beta ager musalman ko  congrees ne bhale hi Kuch nahi Diya par congrees ne har kise ko ajade di thi khane pine rahne ke ajade Jo AJ bjp musalman logon se chin rahi Hai aur bete tu bhi congrees ko dhnywad de ki wo satta me rahne ki wajhse jatewad nahi hua warna tu ajj is duniya me ata bhi nahi jra ankh ki patte hata ke ankh kholke dekh andhe bhakt to samajh ayega.
       Tujhe itne fiqr Hai musalman ki to ye bhakte chod de AUR tere MAA baap ke imandare se sonch ky Sahi aur KY galat.",CAG,1
facebook_corpus_msr_386726,Na to congress sahi h na BJP lekin congress ne jitna bhi kaam kiya BJP ne uska naam change kr k credit khud le liya.,CAG,1
facebook_corpus_msr_386728,70।साल कुछ् नही हुया होता तो किसी अफ्रीकी देश के माफिक भीक मांग रहे होते,CAG,1
facebook_corpus_msr_386730,Seikh abdulla BJP k aane se tumhra kya nuksaan ho gaya ye batao Mai hindu hu BJP k aane se mujhe to koi faaida nhi hua usi tarah dinbhar kamata hu tub khata hu Isliye chahe BJP aai ya Congress Dono se Kisi ko koi faaida nuksaan nhi hone wala ye India h yaha jo jaise rahte aaya h wo waise hi rahega.Aur Rahi baat hindu Musalman ki to ye dono India me Pati patni ki tarah h hamesha aapas me ladenge per jub koi bahar wala aa kr ladega to dono ikkathe ho kr bahar wale se lade h aur ladenge.Koi b party ya neta Bharat ko Nuksaan nhi pahucha sakta mera ye maanana h.Bjp ko support krta hu kyuki desh k liye BJP jaruri h congress me bhut brastachaar tha BJP ne bhrastachar kam kiya h.,CAG,1
facebook_corpus_msr_386731,विश्वनाथ मिश्रा tumhare jaiso k hi karan india ka kuch nahi ho pa raha. Sirf khud se matlab h. Ach toh y h ki jitnr bhi samajhar log h wo sirf apne se matlab rakhte hain. Aur election me kisi ko bhi vote de dete hain ki unko kya matlab. Aur kahi kuch galat ho tab bhi kuch nahi karte.,CAG,1
facebook_corpus_msr_386732,Aur rahi baat nuksan pahuchane ka...... toh jan lo ki india ko sirf aur dirf in राजनैतिक नेताओ se hi nuksan ho raha h...,CAG,1
facebook_corpus_msr_386735,"Tum Khali jute maro bhadkau bayan do yahi kaam Hai 
Waha sarhad pr mang ka sindur ujad raha hai bache yateem ho rahe hain lasho pr lashen gir rahi hain Hamare jawano ki shahadat ho rahi hai or tum Khali jute maro kadi ninda Kro 
Are Khuda Ke liye mulk Ki jamhuriyat ko mat todo 
Neta nahi Ek deshbhakt ban jao 
Insaan ban jao",CAG,1
facebook_corpus_msr_386736,oh media walo..isme bigre bol kya ho gaye.....jab JNU me anti national nare lagaye jate hai tab toh aplogo ko bigre bol nahi dhikayi parta....lagta hai aj Congress k taraf se comission aya hai.......,CAG,1
facebook_corpus_msr_386737,na commission sirf bjp deti hai tabhi to Congress har rhi hai kam karne k bad b,CAG,1
facebook_corpus_msr_386738,Faizan sir..ab is baat pe toh argument karni hogi lambi wali...congress ka ek kaam bata do scam chor kar...jo aj tak kiya hai......,CAG,1
facebook_corpus_msr_386739,BJP ne tou cong ke neta apni party mai ley kar record bana diya hai neta ji ko ye pata nahi shayad ki apki party unko foolo ka haar pahnakar apna banati hai,CAG,1
facebook_corpus_msr_386741,ओ भाई। इसी के बिगड़े बोल ने हरयाणा जलवा दिया था। बहुत लोग मारे गए थे।,CAG,1
facebook_corpus_msr_386745,bhai agr ye neta Congress m chala gya to tm ise galiya doge,CAG,1
facebook_corpus_msr_386746,Right.......jaise byan dete h wo loog sena k upr ya desh birodhi nare k upr jute hi marna chaiye....1 mani sankar 2 digvijay sing 3 sanjay nirupam 4 farukh abdullah 5 umar abdullah,CAG,1
facebook_corpus_msr_386747,आने वाले पाच साल मे  आप भी इसे खाने को तैयार  रहे हरियाणा  मे सभी जाट आपसे नाराज है धमंड मत करो आपने कौन से तीर मार दिये ।,CAG,1
facebook_corpus_msr_386760,Sabse pahle aap hi start karo wo bhi Pappu se... Janta aapke sath ho legi.,CAG,1
facebook_corpus_msr_386766,Aur Jo Congress se bjp mein Gaye h unko bhi kya neta ji?,CAG,1
facebook_corpus_msr_386767,Sahi bola maaro choro ko 60 loot maar macha rakhi thi dalo jail mein sabkp,CAG,1
facebook_corpus_msr_386768,राज कुमार सैनी जी आपको भी दिग्विजय सिंह की तरह मीडिया में बने रहने का शौक लग गया है क्या जो कुछ भी बोल देते हो l,CAG,1
facebook_corpus_msr_386769,Bjp bale pagal ho Gaye Hai ab sab stta ke lalchi Hai kaam to koi karna nahi ik bhi,CAG,1
facebook_corpus_msr_386770,Juthe  marne se pehle juthe ko hath mei lena pad tha hai,CAG,1
facebook_corpus_msr_386771,Yeh bhi bade netao ki list me aana cahta hai aajkal ke bade neta apne kaam se bade ni bante apni zuban se bade ban jate hain .,CAG,1
facebook_corpus_msr_386774,Shayed Galti se bjp ki jaga congress k netao ko bol diya...😂😁😀..,CAG,1
facebook_corpus_msr_386776,"Waqai me yeh hai bhi esi like....
Pahala to esi congres ki gandi ne desh ki do tukde kar dala. 
Hinduo ki no.1 dusman party hai Congress...
Sadhu Santo ki Liya no.1 dusman hai...",CAG,1
facebook_corpus_msr_386777,Aise netawon ko dismiss kar dena chahiye jo society me jahar gholte ha khud kyoun nahi ladate congress se awam me nafrat failate ho,CAG,1
facebook_corpus_msr_386778,To maro neta ji aap sae achai ki pojishn hAi nhi aap log hi mar sakte to ye kam krke daes or dunya mai nam kma skte ho aap,CAG,1
facebook_corpus_msr_386779,Maarne ke baad iss ke galey me latkana chahiey..hheeee hheeee..,CAG,1
facebook_corpus_msr_386782,Ye to sarasar Galat Hai ..Ese Logo ke Bayan Utne Hi Emportent Hai Jitna Kachra k dabe Se Kachra,CAG,1
facebook_corpus_msr_386783,"Kewal jawab milta hai. 
Sabhi party walo ne BJP ko ma behan tak ki galiya sunayi hai. Yaha tak ki BJP ke CM PM ko bhi galiya di hai. Jawab sun ne me kyo harj hai.",CAG,1
facebook_corpus_msr_386784,Sach me marana chahiye....sale aatankwadi Ko oxygen dete ha...vipachha me rahkar policy banakar..,CAG,1
facebook_corpus_msr_386786,Y sale pgla gye hn.y bhi Oro ki he tarah rajneta hn Jo apne ko kbl alg dikhate hn jhunte bnk,CAG,1
facebook_corpus_msr_386787,Kya hua saare desh me jute pad rahe hain konghress par....yanha bhi pad jaayenge to kya aafat aa jaayegi.,CAG,1
facebook_corpus_msr_386788,Mahan sanskriti ke mahan vicharo wali party se he...... Bolo mat varna rastrdrohi kahe jaoge,CAG,1
facebook_corpus_msr_386789,"Aaj yehi congress ko kali de raha hai, kal agar bjp ka time khatam huaa to yehi admi congress me shamil hoga, aise admi ko maar k bhagana chahiye dal badal band hona chahiye",CAG,1
facebook_corpus_msr_386794,Pappu ki karistani h or chammache saath dene k liye badnaam hone ko tyar...,CAG,1
facebook_corpus_msr_386795,"Kuch leader aise Hai Congress me ,jiske liye yeah statement sahi hai",CAG,1
facebook_corpus_msr_386796,"Haan sahi kaha 
Jab pm ko jutey padh saktey wo bhi 56 inch ko 
To congress neta kis kheht ki muli hai",CAG,1
facebook_corpus_msr_386797,Mana ki congress ne desh ki esi tesi mari par jute mat maro  pata nahi kab bjp me shamil ho jaye,CAG,1
facebook_corpus_msr_386798,"70 saal tak desh ko loota, ghaple kiye, desh ko badnaam kiya,ab ese me to jute hi padenge award to milenge nahi.",CAG,1
facebook_corpus_msr_386799,Ku6 log hai humare desh me jo log apna desh ka vala sah nahi sakte hai. Lekin porosi mulk ka support me pura u6alta raheta hai...,CAG,1
facebook_corpus_msr_386802,Pak ki biryani tum khao naksalio ki shayta se chunav tum ji to logo ka rojgar tum chino jute Congress ko maro kha ka insaaf hai,CAG,1
facebook_corpus_msr_386803,ABP News Walo Ko Modi Ne Kitna Paisa Diya bhai ye bhi toh bata do,CAG,1
facebook_corpus_msr_386804,Ye log to satta me kya a gaye sabko to apne paron ki dhool samjhne lage h itna ghamand sahi nh h janta ne bithaya h janta utarna bhi janti h,CAG,1
facebook_corpus_msr_386805,Ye statement digvijay singh pat fit baithati h baki to bechare masoom h,CAG,1
facebook_corpus_msr_386807,"Janta ki bhe iccha hai
Jute bhijo bhijo kar mare jaye 
Jai hind",CAG,1
facebook_corpus_msr_386808,Bjp valo ki juban to yahi  ada kar rahi h ki inka bhi din bhar yaga h ..... vinas kale viprit buddhi.,CAG,1
facebook_corpus_msr_386809,Din kiska bhar aaya h ye to sub jaante h,CAG,1
facebook_corpus_msr_386813,क्या गलत बोला! मोदी की तस्विर पर जुते चलवाए ईन्होने....democracy hai bhai!,CAG,1
facebook_corpus_msr_386814,जूते खाने का काम आजादी के वक़्त से ही कर रहा है परन्तु जूते मारने का हिम्मत किसी ने नही किया लेकिन अब समय} आ। गया है कि इन लोगो को दौरा दौरा कर मर जाये,CAG,1
facebook_corpus_msr_386815,Bs intna hi awkat hai tum logo ka gali dene ke alwa kuch nahi kr skte,CAG,1
facebook_corpus_msr_386822,Congress  Ki  bjh  se  azadi  se  rh  rhe  ni  to  talve  chat  rhe  hote  angrejo  k,CAG,1
facebook_corpus_msr_386825,"Bhai galat kya he.esse jada bool to cpngressiyo kharab ho chuke he.
Pehle khud ko dekhna chahiye.",CAG,1
facebook_corpus_msr_386826,"Sahi he meri trfse do lat bhi marna...salonko ,,,bhagao inko Pakistan",CAG,1
facebook_corpus_msr_386827,are modii ji ko ye sabhi party ke neta log galli dete hai aur midia sirf bjp walokehi dikate hai,CAG,1
facebook_corpus_msr_386828,"Neta ji , jiski Lathi uski bhes..
Lekin yaad rahe bahut ghmandva Chad gayil tohre dimag ma....SAB kuch eaisan Nikla jayi...Jesse..fugga me se Hawa....",CAG,1
facebook_corpus_msr_386830,To phir ritabahuguna joshi jaise aur anya congress k netao ko party me samil kar lete hai,CAG,1
facebook_corpus_msr_386834,"Bjp में फिर आप लोग कांगर्स के नेतावो को bjp में लेते क्यो है?
में कांगर्स समर्थंक नही पर आपकॉ बात भी हज़म नही हो रही है",CAG,1
facebook_corpus_msr_386835,"सेना के जवान सी आर पी एफ जवान की जान जा रही
लोग विधवा यतीम हो रहे
मारना है जूता तो बीजेपी के सारे नेताओ को मारो",CAG,1
facebook_corpus_msr_386836,BJP yese bol kar apna muh ganda kar rahe hai 2019 ka wait karo janta jabab degi,CAG,1
facebook_corpus_msr_386839,"bigde bol , matlb aapatti -janak  nhi  .. hai na....  kuchh paisa to mila hi hoga  aesa headline banaane k lye....",CAG,1
facebook_corpus_msr_386840,are bhai jaise billi ko ghee hajam nahi hoti waise hi bjp walo ko satta hajam hone wala nahi hai ab inko ghamand bahoot ho gaya hai mager bura waqat sabka ata hai,CAG,1
facebook_corpus_msr_386841,Sahi hai muze bhi aaisa lagata hai ki cogressiyo ke muah pe thu thu thu thu thutu thu thu,CAG,1
facebook_corpus_msr_386845,arey bhai koi essay yeh puche ki jumlebaj 3 sal m fakne or jumlebaji k elava kya kiya phir esko sab juteatne marne 100 or ginna ek jo schme congress n chalai the unhi schme ko naya name d kar chulu kiya jumlebaj nai koi schme batayein jo usne chalai ho,CAG,1
facebook_corpus_msr_386846,Thik bola bjp leader. Congress next time juta chinha par chunao ladhega.,CAG,1
facebook_corpus_msr_386848,Bilkul sahi bole ho netàji inke kaarnamo ke hisaab se to joote chappal jo mile usee se maaro saalo ko,CAG,1
facebook_corpus_msr_386849,to galat kese bola bhai sahi to bola  he jutha hi nakhi lat or gusto se b thoko,CAG,1
facebook_corpus_msr_386850,To galati he is me Rahul j.n.u me jaa ke drasdrohe yo ke saath date he sir f saata ke liye ye Saata ke liye das ko Bach dage,CAG,1
facebook_corpus_msr_386852,tm b ye mat bhulo ki tum b ek neta ho.samjhe aaj tmhe sir pe bethaya hai to utar b sakti hai janta,CAG,1
facebook_corpus_msr_386854,आज तू पावर में है जुटा मार या गोली मार लेकिन सत्ता का नशा जब उतरेगा और समय बदलेगा ना जुटा खाने के लायक भी नहीं बचोगे तुम लोग,CAG,1
facebook_corpus_msr_386857,Bilkul sahi kaha joota khane ke layak hai sale Congress vale sabko 20 joota bhigo kd marna chahiye,CAG,1
facebook_corpus_msr_386858,Or bjp k neta o ko to sidha goli  mar deni chahia ..,CAG,1
facebook_corpus_msr_386859,"Inke neta to joota kha rahe hai 
Inki khahish h k inke dost congresi bhi ho jaye
Ha ha ha ha ha ha",CAG,1
facebook_corpus_msr_386860,EVM बाबा कितना दिन तक साथ देगा जूत्ते तो तुम्हे पड़ेंगे कुर्सी तुम लोगो को हजम नहीं हो रही है बहुत जल्दी वो दिन आने वाला है,CAG,1
facebook_corpus_msr_386862,"Agar Esa,He,To 70% b.j.p Congres,Yuqt Ban Chuki he Kab unko Jhute marte?",CAG,1
facebook_corpus_msr_386863,Or tujhe...un jhutu ka  haar pina na chaiyaa..saalu...tum logo vikas kab karu,CAG,1
facebook_corpus_msr_386864,Chutye 2019 me tumlogon ko india ko janta joota chappal dono pahnayegi kyu nitish nitish aaraha,CAG,1
facebook_corpus_msr_386866,70 me se 60 sal jab congrees ko janta desh chlane de rahi thi us wakt shayad bjp ke ye log jute he kha rahe the shyad Jo ab iska badla lene ke liye aise bat Kar rahe Hai.,CAG,1
facebook_corpus_msr_386867,Ye to bjp walo ne bola to bigde bol janta bol rahi hai unko bole kare fir janta jis din apni pe aayi Na papu rahe Na party,CAG,1
facebook_corpus_msr_386872,"Jalim singh thakor ji
Bulkul sahi kha ji yh sab jeyada tar jahil log hai bjp m",CAG,1
facebook_corpus_msr_386879,Pehle un congresiyo ko maro jo bjp me ghuse h,CAG,1
facebook_corpus_msr_386880,Galat h is tarah ki bhasha ka istmal nahi Karna chahiye,CAG,1
facebook_corpus_msr_386884,Desh Mei Ye Keya Ho Rahahe?  BJP Neta Log Apne Ap Ko Keya Shamajte Hei? Public Sabkuch Dekh Rahahei. Uchit Samoy Par Uchit Jawab Deneche Der Nahi Hota. Yad Rakhna Chahiye?,CAG,1
facebook_corpus_msr_386885,Congress ke netao ko hi knyu ??? Neta sab ek jaise hi hote hai !!!,CAG,1
facebook_corpus_msr_386888,"मोदी जी,  *6० साल-6०साल मत चिल्लाया* करो  देश व जनता को *उल्लू* मत समझो 

मोदी जी
आप उस देश के *प्रधान मंत्री* हो जो देश *तीन सौ साल ग़ुलाम* रहा !
जिस देश को अंग्रेजो ने लूट खसोट कर इस देश की बाग़डोर कोंग्रेस को सोपी थी !

*194 7* में देश में *सुई*
नही बनती थी !
सारा देश *राजा रजवाड़ों* के झगड़ो में *बटा* हुआ था
देश के मात्र *पचास गाँवों में बिजली* थी !
पूरे *राजस्थान में मात्र बीस राजाओं के महल* में फ़ोन था !
किसी गाँव में नल नही थे।
पूरे देश में *मात्र दस बाँध* थे ! सीमाओं पे *मात्र कुछ सेनिक* थे ! *चार विमान थे बीस टेंक* थे !
देश की *सीमाएँ चारो तरफ़ से खुली थी !*
*खजाना ख़ाली था ऐसे बदहाल* में हमारा *हिंदुस्तान कोंग्रेस* को मिला था !
इन *साठ सालों में कोंग्रेस* ने हिंदुस्तान में *विश्व की सबसे बड़ी ताक़त वाली सेन्य शक्ति तैयार की*
*हज़ारों विमान -हज़ारो टेंक -लाखों फ़ैक्ट्रीया लाखों गाँवों में बिजली*
*हज़ारों बाँध लाखों किलोमीटर सड़कों का निर्माण परमाणु बम*
*हर हाथ में फ़ोन -हर घर में मोटर साई किल वाला मजबूत देश साठ में बना कर दिया हे कोंग्रेस ने !*
भारत ने पिछले ६० सालों में तरक्की भी बहुत की है और भूतपूर्व प्रधानमंत्रियों ने कई इतिहास रच दिए हैं जिसकी वजह से भारत आज एशिया की दूसरी सब से बड़ी ताकत है।
1-भारत दुनिया का सर्व *श्रेष्ठ संविधान* बना चुका था...
2-भारत *एशियाई खेलों की मेजबानी* कर चुका था...
3- *भारत में भाखड़ा और रिहंद जैसे बाँध बन* चुके थे...
4- *देश भामा न्यूक्लियर रिसर्च सेंटर का उद्घाटन कर चुका था..*
5- *देश में तारापुर परमाणु बिज़ली घर शुरू हो चुका था...*
6- *देश में कई दर्जन AIIMS, IIT, IIMS और सैकड़ों विश्वविद्यालय खुल km चुके थे..*
7- *नेहरु ने नवरत्न कम्पनियाँ स्थापित कर दी थी...*
8- *कईसालों पहले भारतीय सेना ने पाकिस्तानी सैनिकों को लाहौर के अंदर तक घुसकर मारा था और लाहौर पर कब्जा कर लिया था।*
9- *पंडित नेहरु पुर्तगाल से जीत कर गोवा को भारत में मिला चुके थे...*
10- *नेहरु जी ने ISRO (Indian Space Research Organization) की शुरुआत कर दी थी...*
11- *भारत में श्वेत क्रांति की शुरुआत हो चुकी थी..*
12- *देश में उद्योगों का जाल बिछ चुका था..*
13- *इंदिरा जी पाकिस्तान के दो टुकड़े कर चुकी थी, पाकिस्तान १ लाख सैनिकों और कमांडरो के साथ भारत को सरेंडर कर चुका था।*
14- *तब भारत में बैंकों का राष्ट्रीयकरण हो चूका था..*
15-  *इंदिरा जी ने सिक्किम को देश में जोड़ लिया था....*
16- *देश अनाज के बारे में आत्म निर्भर हो गया था.*
17- *भारत हवाई जहाज और हेलीकाप्टर बनाने लगा था...*
18- *राजीव गाँधी ने देश के घर घर में टीवी पहुंचा दिया था।*
19- *देश में सुपर कम्प्यूटर, टेलीविजन और सुचना क्रांति ( Information Technology) पूरे भारत में स्थापित हो चुका था..*
20- *जब मोदी प्रधान मंत्री पद की शपथ ले रहे थे तब तक भारत सर्वाधिक विदेशी मुद्रा के कोष वाले प्रथम १० राष्ट्रों में शामिल हो चुका था*
21- *इनके अलावा..चन्द्र यान,*
22- *मंगल मिशन ,*
23- *GSLV,*
24- *मेट्रो,*
25- *मोनो रेल,*
26- *अंतर्राष्ट्रीय हवाई अड्डे,*
27- *न्यूक्लियर पनडुब्बी,*
28- *ढ़ेरों मिसाइल,पृथ्वी, अग्नि, नाग*
29- *दर्जनों परमाणु सयंत्र,*
30- *चेतक हेलीकाप्टर, मिग*
31- *तेजस, ड्रोन, अर्जुन टैंक, धनुष तोप,*
32- *मिसाइल युक्त विमान,*
33- *आई एन एस विक्रांत*
*विमान वाहक पोत......*

ये सब उपलब्धियां देश ने मोदी के प्रधानमंत्री बनने के पहले हासिल कर ली थी.....

हर जागरूक मित्र इसे *हर तीन ग्रूप और तीन लोगो* को भेजे ता कि इन *मोदीजी के जुमले* और *अंधभक्तो की झूठी भक्ति सबको* पता चल जाये..",CAG,1
facebook_corpus_msr_386898,Jis din jantake sath ki hui evm chiting pakda gai  jantake jute ginneke like nahi rahoge,CAG,1
facebook_corpus_msr_386899,दंगाई के कुर्सी में बैठ जाने से चरित्र नही सुधरता।,CAG,1
facebook_corpus_msr_386909,"Shabdo pe control rakho bhai, public jawab de rahi hai...",CAG,1
facebook_corpus_msr_386911,bjp ko 3 saal hone wale konse jhandey gaad diye,CAG,1
facebook_corpus_msr_386918,Bolne ki tameej kisi neta ko aati nahi hai kya,CAG,1
facebook_corpus_msr_386923,अभी बाकी कया है यूपी उत्तराखंड दिल्ली चुनावी दंगल में जूते ही पड़े है इनको,CAG,1
facebook_corpus_msr_386927,"किनको जो बीजेपी में शामिल हुए  
या जो नही हुए।??",CAG,1
facebook_corpus_msr_386930,चर्चा में आने के लिये अपने सिर पर भी जूते मार लेगे नेता जी,CAG,1
facebook_corpus_msr_386933,Ghabrao nahi tum log 2 saal baad hi jote padenge,CAG,1
facebook_corpus_msr_386935,सभी नेताओं को सुबह शाम 2 जूता मिलना चाहिये पब्लिक की तरफ से,CAG,1
facebook_corpus_msr_386939,"ये देखो , ऐसे कुछ बिगडी बात बोलो ,मिडिया मे आजाऔ ... क्यो कि मिडिया ऐसे पागलो को खोजती रहती , अच्छे संस्कारी नेताजी नजर नही आते .... और हा नेताजी कांग्रेस के नेता आपको ही मिलते रहते है , हम गरीबो को कहा से मिलते है , तो फिर आप ही जुते मारो हम गरीबो को क्यो मरवाना चाहते हो , स्वय तो कानून हाथ मे लेंगे नही और दुसरो को कानून तोडने की बात करेंगे ... देखा भाईयो स्वय के सांसद भवन मे मिलते है , तो जुते मारेंगे नही और हमको आदेश दे रहे है ताकि कानून का फन्दा डले तो गरीब के गले मे , और राजनैतिक करते रहे , फुलो की माला पहनते रहे .... दोगले कही के       ...   जय हिन्द",CAG,1
facebook_corpus_msr_386946,Cangres  sach wahi patiy hoi digvijay ko dekh lijia,CAG,1
facebook_corpus_msr_386948,Sahi to bola hai media ke bol bigad rahe hai,CAG,1
facebook_corpus_msr_386954,Tu pehele jutee khayega 2019 ko apna gn pollice karle,CAG,1
facebook_corpus_msr_386961,Jisko milna chahiye usko milega jaroor aaj nahi to kal,CAG,1
facebook_corpus_msr_386967,Enko shot machane aur faltu bholne ke.sivay kuchh aur bhi ata hai,CAG,1
facebook_corpus_msr_386977,"Joota to abhi abhi Modi ko pada tha, bhool gaya.",CAG,1
facebook_corpus_msr_386978,"सत्ता के नशे  में विवेक भूलना इसको कहते है। नेताजी उम्र भर सिर पर सूरज नहीं तपता, ढलता भी है।",CAG,1
facebook_corpus_msr_386979,सांसद साहब कोंग्रसी तो जनता के सेवक है।और बीजेपी वाले हिटलर के वंसज है।तो अंतर तो होगा ही।,CAG,1
facebook_corpus_msr_386983,अरे कुछ लिहाजसे बाेला कराे अगर वाे अापकाे यैसा कहेगा ताे कैसा लगेगा ।,CAG,1
facebook_corpus_msr_386990,सत्ता ने घमंडी बना दी है याद ऱखो कभी गाडी पे नाव तो कभी नाव पे गाङी ।,CAG,1
facebook_corpus_msr_386994,Lekin suna hai JUTA to kisi r ko pda hai qya sahi hai??,CAG,1
facebook_corpus_msr_387010,ईनके बोल सुधरे ही कब थे गधे तो आखिर गधे ही रहेगे,CAG,1
facebook_corpus_msr_387033,Jab  Congress  vale  bhi  ese  hi  bolte  h,CAG,1
facebook_corpus_msr_387038,"Or tujhe ...kaisa marna chahiye. ..mu me dekhe marnakya
Pagal hai kya ...",CAG,1
facebook_corpus_msr_387041,are!!!  Bhai mera desh badal raha hai bulkul sahi bole,CAG,1
facebook_corpus_msr_387059,Jahelo ki  government hai kuch bhi bol sakte hain,CAG,1
facebook_corpus_msr_387069,चार दिन की चादनी फिर .........अधेरा आयेगा ...बाद में पछतायेगा,CAG,1
facebook_corpus_msr_387070,पहले शुरुआत करो जो कॉंग्रेस को छोड़ bjp मे गया है वही से शुरुआत करो साले अनपढ़ गँवार नेता बन गया,CAG,1
facebook_corpus_msr_387075,Bhai ab to sarkar badal gayi koshis karke ab to desh ko aage badhwa dijiye,CAG,1
facebook_corpus_msr_387084,Agr Congress kharab thi 60 sal kaise raaj kiya      bjp valo  suder jao,CAG,1
facebook_corpus_msr_387090,Satta ke Nashe me pagla gaye hai BJP ke Neta..,CAG,1
facebook_corpus_msr_387113,"bjp walo ko satta hajam nhi jo raha h ,",CAG,1
facebook_corpus_msr_387116,Kutta to yahi h jutte ye kayga fir pehle jatta se khaye the fir khayga,CAG,1
facebook_corpus_msr_387125,Ye jo hudda hai jo madam ka talwa chatata hai use pahale juta maaro,CAG,1
facebook_corpus_msr_387141,sahi to bola h...  ye congres  wale  sb k sb sutiye h,CAG,1
facebook_corpus_msr_387152,"बीजेपी मे साब पागल ही भारे है 
इस वक्त जागलीयो का काबजा है बी जे पी पर",CAG,1
facebook_corpus_msr_387182,Abhi haal me Feku ko jute pade hai bhul gya kya be,CAG,1
facebook_corpus_msr_387192,iska muh ek bar kala kiya tha jyada bolega to dubara kr denge,CAG,1
facebook_corpus_msr_387193,Feku ko sabse phle maro.   Sala Pakistan se setting krke aaya hai,CAG,1
facebook_corpus_msr_387194,"भारत का भूगोल बिगाड़ने 
देश के टुकड़े करने वाली 
कांग्रेस की सजा बस इतनी सी",CAG,1
facebook_corpus_msr_387208,Aur pichwade me dard Congress ko bhi Kursi ka hai desh ka Nash kar Diya,CAG,1
facebook_corpus_msr_387222,Aur Jo congressi bjp me chale gaye hain unko ni jute maroge,CAG,1
facebook_corpus_msr_387231,Abi tak cong ke palann chal rhe h bjp ne to sirf name chang kie h,CAG,1
facebook_corpus_msr_387235,Harkat congressi aur sp. Ki jute khane wali hi hai.,CAG,1
facebook_corpus_msr_387239,"JUTE MAARNE CHAHIYE AISE BOL RAHA HAI JAISE JUT KHANE KA ANUBHAW HAI ISE 
JAI HO MODI BHKT KI JAI HO",CAG,1
facebook_corpus_msr_387258,Aise betuke bate bas bjp ke neta ke muh se nikal sakte h,CAG,1
facebook_corpus_msr_387284,Modi ji kab tak jawano ko pakistanio ke hath marne ko majboor karoge .wo America Pakistan me ghush kar bin Laden ko maar kar chala gya uska Pakistan baal bhi nhi ukhad paya. Aap kis baat se dar rahe ho. Kyu nhi ratoraat saalo ko nestonabbod kar dete . Hum bhi paidaisee bjp bhkt hy aur aaj isi social meadia pe modi bhakto ko gaali dee jaa rhi hy .aaj agar Koi modi sapoter ya modi ji ko gaali de rha hy to galat wo nhi aap hy modi ji apna sammaan aur desh ke jawano ko bachaye rakhna hy to pls kuchh karo . Thok do saalo ko Pakistan ke andar ghush kar aise dar dar ke kab rajneeti karoge maro ya maar do wala nara apnawo ab . Jai hind jai bharat,CAG,1
facebook_corpus_msr_387286,Abe kab tak history me jiyega ab dekh modiji and yogiji kaise marte tumhari,CAG,1
facebook_corpus_msr_387291,Jo naxli nai khatam kr saky wo pak army ko khatam kry gy hahahaha beta Talbaan se america ny kitny saal Jung ki Afghanistan mai deikha na haar gya america apni haar manta nai wo k insult ho gi word mai hmm se poch bat krna Muslim tu phr b dunniya mai baqi rhy ga kr ly Jung lekin Hindu khatam kr dy gy world se aaja Rajan Singh Rathour,CAG,1
facebook_corpus_msr_387292,Aby phudi g ne kia krna h krna to hm h abi to kalboshn ki grdn ko 56 inch krna h phudi ko gft krni h grdn lambi kr k😂😂😂😂,CAG,1
facebook_corpus_msr_387298,"(कश्मीर में जेहादियों द्वारा सैनिकों को थप्पड़-लात मार कर अपमानित करने पर एक सैनिक की सरकार से अपील को बंया करती मेरी नयी कविता)
रचनाकार-कवि गौरव चौहान उ प्र
9557062060

दिल्ली में बैठे शेरों को सत्ता का लकवा मार गया,
इस राजनीति के चक्कर में सैनिक का साहस हार गया,

मैं हूँ जवान उस भारत का,जो ""जय जवान"" का पोषक है,
जो स्वाभिमान का वाहक है जो दृढ़ता का उद्घोषक है,

मैं हूँ जवान उस भारत का, जो शक्ति शौर्य की भाषा है,
जो संप्रभुता का रक्षक है,जो संबल की परिभाषा है,

उस भारत की ही धरती पर ये फिर कैसी लाचारी है,
हम सैनिक कैसे दीन हुए,अब कहाँ गयी खुद्दारी है?

""कश्मीर हमारा"" कहते हो,पर याचक जैसे दिखते हो,
तुम राष्ट्रवाद के थैले में,गठबंधन करके बिकते हो,

वर्दी सौंपी,हथियार दिए,पर अधिकारों से रीते हैं,
हम सैनिक घुट घुट रहते है,कायर का जीवन जीते हैं,

छप्पन इंची वालों ने कुछ ऐसे हमको सम्मान दिए,
कागज़ की कश्ती सौंपी है,अंगारो के तूफ़ान दिए,

हर हर मोदी घर घर मोदी,यह नारा सिर के पार गया,
इक दो कौड़ी का जेहादी,सैनिक को थप्पड़ मार गया,

अब वक्ष ठोंकना बंद करो,घाटी में खड़े सवालों पर,
ये थप्पड़ नही तमाचा है भारत माता के गालों पर,

सच तो ये है दिल्ली वालों,साहस संयम से हार गया,
इक पत्थरबाज तुम्हारे सब,कपड़ों को आज उतार गया,

इस नौबत को लाने वालों,थोड़ा सा शर्म किये होते,
तुम काश्मीर में सैनिक बन,केवल इक दिवस जिए होते,

इस राजनीती ने घाटी को,सरदर्द बनाकर छोड़ा है,
भारत के वीर जवानों को नामर्द बना कर छोड़ा है,

अब और नही लाचार करो,हम जीते जी मर जायेंगे,
दर्पण में देख न पाएंगे,निज वर्दी पर शर्मायेंगे,

या तो कश्मीर उन्हें दे दो,या आर पार का काम करो,
सेना को दो ज़िम्मेदारी,तुम दिल्ली में आराम करो,

थप्पड़ खाएं गद्दारों के,हम इतने भी मजबूर नही,
हम भारत माँ के सैनिक हैं,कोई बंधुआ मजदूर नहीं,

मत छुट्टी दो,मत भत्ता दो,बस काम यही अब करने दो,
वेतन आधा कर दो,लेकिन कुत्तों में गोली भरने दो,

भारत का आँचल स्वच्छ रहे ,हम दागी भी हो सकते है,
दिल्ली गर यूँ ही मौन रही,हम बागी भी हो सकते हैं,
------कवि गौरव चौहान(कृपया मूल रूप में ही शेयर करें,कॉपी पेस्ट एडिटिंग न करें)",CAG,1
facebook_corpus_msr_387300,"modiji aapko vote esliye nahi diya tha ki jawano ke sir katte rahe or aap aaram s behtkar delhi ki sata ka maza lo , lagata h aapko bhi sata ka nasha manmohan ki tarh shant kar diya aap apne man ki baat karna band karo or pakistan par action lo , kadi ninda s kuch nahi hoga, ye to congress bhi karti thi !!!!!!",CAG,1
facebook_corpus_msr_387302,Sharm karo netao yaha roj jawan mar rahe h or aap log shrindhajali dekar chup baitho ho .... same full ... agar aap logo se kuch nahi hota to chhode to netagiri baba ji ban jao..... army ko free karo ....,CAG,1
facebook_corpus_msr_387303,Nindanath ki me Kadi ninda karta hu ab to usko hatana hi padega kyu ki inKe bus ki baat nahi hai Pakistan ko jawab dene ki kar do aar Paar roj roj ye sab sun ke Bahut dukhi hu,CAG,1
facebook_corpus_msr_387305,Haha salay yah koi film nahi hai bollywoo d ki kab maroo gay pakistan ko...aue india paskitan dushman hai job k usa aon ka bhi dost hai salay samaj k modi modi kar,CAG,1
facebook_corpus_msr_387306,"Kha hai 56 inch ka sina modi bhakto Salo bolte kyu nahi 
Kha gaya wo 1 sir ke badle 14 sir lane ka khokla dawa :(",CAG,1
facebook_corpus_msr_387308,Sina choro ab tmko melyga 56 ka grdan kalboshn ka,CAG,1
facebook_corpus_msr_387309,"#RIP_Soldiers
Magar humne Suna tha #demonitisation (Notbandi) ne #Atankwad or #Naksalwad ki Qamar todh di hai... Aur ek Baar humne ye bhi Suna tha ki "" #Love_Letter likhna band krna chahiye or #Pak Ko uski #zaban me samjhana chahiye...!!😡😡",CAG,1
facebook_corpus_msr_387310,Pakistan bap hai india ka modi ko pata hai k pakistan se war ki to india khatam ho jae ga,CAG,1
facebook_corpus_msr_387311,Pakistan ne big three hatam karwa kar ek aur land india k munh me de dia es ko kehty hain ghus kar marna 10 thy saly 7 bhag gy apny fojion ko chorr kar hahahaha,CAG,1
facebook_corpus_msr_387312,Modi ji hame bahut gussa aa Raha hey AAP par ki AAP kursi k GULAM ho chuke hey or aapke is rawiye se hamare SENIK mare Jaa rahe hey...AAP Ko shame aani chahiye....AAP kya dikhana chahte hey...modiji ab aapka time or craze khatm ho Raha hey Janta K dimag me se or aapka or BJP ka Congress se bhi Bura haal hoga...isliye kuch karo Varna...BHAGO...,CAG,1
facebook_corpus_msr_387316,me to wo logo k bare me soch k hansta hu k jo log iske bhasan se isko vot diye honge...andh bhakt...etc,CAG,1
facebook_corpus_msr_387319,Ajj ka baad bjp ka jo chamcha  hai un ko border pr dalo  fir kuch kraga    jo un ko goli ka samna karna para ga tb un ko isase ho ga,CAG,1
facebook_corpus_msr_387322,sandeep sing karto bahut kuch dete lekin modi ji pakistan ke pm ki ma ki atma ko thesh nahi pahuchana chahte agar mister modi ne kuch karne ki sochi to us din pe sara pani fir jayega jis din me modi ji ne nawaz sareef ki ma ke jhukkar pair chue ab batao pakistani ma ki mamta ko bhulaya jaye ya jabano ki shadat ko abhi modi ji decied nahi kar pa rahe h ke kis ka balidaan diya jaye mamta ka ya shadat ka bhai mai ye kehna chahonga ke modi jaise dalaal ko desh ka rakh bala banaya h tab jahir ke desh beraan hoga na ke desh mahaan hoga,CAG,1
facebook_corpus_msr_387324,Ye politician kya samjhenge ...Ye to aaram se apne office me baithal k maje kr rahe hh...Jo dikkat jhelni parti hai hmare fauji bhaiyo ko....O log aise hi aatankwadi k hath se marte rahenge or ye log bs mala arpit kr denge or dikhawa aasu baha k nikal lenge.......      .sharm kro...,CAG,1
facebook_corpus_msr_387326,A ho kya raha hai mr Modi ji 1 sar k badle 10 yahi hai jo apne jo kaha tha kya wahi achhe din hain 3 sal hogaye agar  achha din yahi hai to lanat hai tum par,CAG,1
facebook_corpus_msr_387327,India Gandhi jaisi netha kab milegi jab tak ayegee jabtak indiaku  jab tak aisa hamare jawan martherahi jago mere desh wasiyon yeh sab netha log bolthe yek karthe alag himath nahi karke dikawo,CAG,1
facebook_corpus_msr_387329,Modiji sakath mere pm aisa kamosh hamare jawanonka kya value Hai tumare anese aisa umeed nahi ta kya tum pure jawanoku marwardalenge kuch karke dikawo Jai Hind,CAG,1
facebook_corpus_msr_387331,Bade sahab or chote sahab avi chunaw me busy hai bhuk kavi khatam hi nahi hoti or kitne jawan sahid hote rahenge bas 2019 tak dekhte jao...,CAG,1
facebook_corpus_msr_387332,saari galti hamamri gov. ki hai chaahe vo congress ho ya bjp dono hi bakwaas karti hai.....kaam to ye tak karenge jab inhe apne vote aur 3 talaak jaise faaltu kaamo se milega....,CAG,1
facebook_corpus_msr_387335,"चलो हर बार की तरह एक बार फिर से इस हमले का जवाब कड़ी निंदा , उससे कड़ी निंदा , उससे भी कड़ी निंदा  , घनघोर निंदा , जबरदस्त निंदा जैसे खतरनाक हथियारों से दिया जाएगा........",CAG,1
facebook_corpus_msr_387339,"या तो सेना को आदेश दो गोली मारने का या फिर 
राजनाथ सिंह जी व मोदी जी इस्तीफा दे कर घर बैठो 
जवान पर जवान मरवाये जा रहे हो 
कभी बोर्डर पर 
कभी काश्मीर मे 
कभी नक्सलीयो से 
शर्म आती है जब जिहादी हमारे सैनिको को थप्पड़ मारते है व केंद्र सरकार मुक दर्शक बनी रहती है 
इस्तीफा दे देना चाहिए ........",CAG,1
facebook_corpus_msr_387340,Kaha gya wo 56 inch ka Sina ?... Itane jawan l to Congress k time pe bhi nhi mare jitna Abhi mar rhe,CAG,1
facebook_corpus_msr_387341,Modi ji Isarail se kuchh to sikho ... Kaha gya wo 56 inch ka Sina....????,CAG,1
facebook_corpus_msr_387343,To langot se dhila huye hote sine se Q ho gye?,CAG,1
facebook_corpus_msr_387345,Ab modi Ji ke upar se bharosa dheere dheere uth RHA h modi Ji itne sainik to congress ke raaj mein nhi MRE honge  kitne ab aapke raaj men n Mr the h ye kya ho RHA h inn Pakistani kutto ko Marne ka aadesh dedo saale ko phirr se inke upar surgical strike honi chahiye aurr dobara inke ghar mein ghus ke inko maarna hoga,CAG,1
facebook_corpus_msr_387346,"#RIP_Soldiers
Magar humne Suna tha #demonitisation (Notbandi) ne #Atankwad or #Naksalwad ki Qamar todh di hai... Aur ek Baar humne ye bhi Suna tha ki "" #Love_Letter likhna band krna chahiye or #Pak Ko uski #zaban me samjhana chahiye...!!😡😡",CAG,1
facebook_corpus_msr_387351,Modi ji 3 talak se fursat hoti to yeh nhi hota,CAG,1
facebook_corpus_msr_387352,Abhee Modijee red bacon hatwane aur uski marketing mein busy hain thoda samay dijiye shyad us bare mein bhee Kuch karein,CAG,1
facebook_corpus_msr_387353,सैनिको की मौत पे समित्रि ईरानी जी ने कहा था जब कांग्रेस की सरकार थी की PM को और गृहमंत्री को चूड़ी भेज रही थी क्या आज मोदी जी को भी चूड़ी और बिंदी भेजेगी,CAG,1
facebook_corpus_msr_387354,"देखिये आप मुद्दे से भटक रहे है..
असल मुद्दा देश सुरक्षा थोड़े ही है ,
असल मुद्दा तो - गाय, अजान,तलाक,लव जिहाद,  खतरे में हिन्दू, ये सब है।
आप ऐसे बेवफाई नहीं कर सकते। ☺☺",CAG,1
facebook_corpus_msr_387355,pakistan k mamle me congress sarkar bhi fisaddi thi or  ye bjp bhi fisaddi sabit huyi saram bhi ni ati apne upar piddi bhar pakistan se kyo itna darte h,CAG,1
facebook_corpus_msr_387357,जब पाकिस्तान अपनी गन्दी हरकतों से बाज नही आ रहा हे तो भारत सरकार क्यों चुप बेठी हे कब तक सैनिको को मरता देखेंगे अब तो तुरन्त कार्यवाही करो मोदीजी वरना बहुत देर हो जायेगी,CAG,1
facebook_corpus_msr_387358,Kya ho raha hai isss country ka....modi goverment shame on you...,CAG,1
facebook_corpus_msr_387360,Modi ji government me jwan ka marna koi badi bat nahi hi woorrist government of India,CAG,1
facebook_corpus_msr_387361,Mr modi feku action leta hi nahi hai sirf bhasan dete they pm banne se phle ki 1 sar katega to 10 sar layenge kanha gaye wo 56 inch ka Sina ab kyu khamosh ho modi g  pahle 25 jawan Shahid huye abhi 2 har din jawan Shahid ho rahe hai or raaz neta apne air-condition room m aram farma rahe hai koi barchar ke liye laga huaa koi paise jama krne ke liye laga huaa Yanha jawan apni jaan Gawa rahe hai jo desh ke liye Shahid huye use hamari tarf se sat sat naman jai hind,CAG,1
facebook_corpus_msr_387362,Ap ke baap ap ke pitta ji moti ji hai na Pakistan ko unsa ki bashha mein bolne wale,CAG,1
facebook_corpus_msr_387363,56inch ko aage karo....or jitna rastrabhakt hain unko bhi samne aana chahiye......,CAG,1
facebook_corpus_msr_387367,Delhi mai baithne wala ko kya paga loc kya hai inko toh chahiye bas vote,CAG,1
facebook_corpus_msr_387368,उड़ा डालो पाकिस्तानियों को अब इन दो शहीदो के बदले दस जवान चाहिये .....कब तक यही हाल रहेगा मोदीजी अब बहुत हुआ जुमलेबाज़ी हमें फिर से ईंट का जवाब पथर से देना होगा फिर से सर्जिकल स्ट्राइक करो,CAG,1
facebook_corpus_msr_387369,Is se acchi to congress ki govt thi kam se kam jawan ko kam marte the..bhuchar khane band krwa diye ki janwar ka katal n ho yaha insano ka roj katal ho rha h,CAG,1
facebook_corpus_msr_387371,Chalo pal ko dhalo aur pak pe kabza karo na rahegi bans na bajegi bansuri,CAG,1
facebook_corpus_msr_387372,"Ha ha ha ha ha ha ha ha ha ha ha ha ha ha ha ha ab usko thodi to saram aarhi hogi jo lahate the wo 1 sar katenge to ham 10 kaat kr lekr aayenge, pure desh jumlo se pagal bna diya h",CAG,1
facebook_corpus_msr_387375,Pakistan par hamla karo. .jab vo seez fair todte hai to hum kiyo chup rahte hai. ...santi ka theka only bharat ne hi liya hai,CAG,1
facebook_corpus_msr_387376,"सीमा पर फारूक अबदुला ओर उमर अबदुला,ओवेसी,दिग्विजय सिंह,आजम खान,एजाज खान,को भेज देना चाहिए",CAG,1
facebook_corpus_msr_387378,"Plz ABP news government ko jagao
Or is Pakistan ka full & final Kar do ab😡",CAG,1
facebook_corpus_msr_387379,Rajnath singh bilkul bekar aadmi h resign de dena chahiye .... or mandir me baithkar ghanty bajae .... ek hi baat hum ghor ninda karte h.... sharm karo..... tumara koi mara nahi h na..... pata kaise chalega,CAG,1
facebook_corpus_msr_387380,"इस खबर में नया क्या है।
हम रोज मर रहे है या आतंकवादी के द्वारा या नक्सलवाद के द्वारा मारे जाते है।
मोदी जी आपसे अंतिम उम्मीद है।
कुछ तो कीजिये।",CAG,1
facebook_corpus_msr_387385,Aab to roz hi sena ke jawan saheed ho rahe hai kuch karo indian govt.. 😌,CAG,1
facebook_corpus_msr_387386,उड़ा डालो पाकिस्तानियों को अब इन दो शहीदो के बदले दस जवान चाहिये .....कब तक यही हाल रहेगा मोदीजी अब बहुत हुआ जुमलेबाज़ी हमें फिर से ईंट का जवाब पथर से देना होगा फिर से सर्जिकल स्ट्राइक करो,CAG,1
facebook_corpus_msr_387387,Yah kya ho raha  hamere  jawan deli sahid ho rahe hai modi ji yah kya ho raha hai😢,CAG,1
facebook_corpus_msr_387391,Pakistan see badla yesa hona chaiye ki life me bo kabhi bhi bharat ki or mudkar bhi na dekhe,CAG,1
facebook_corpus_msr_387392,"esi tarah chalta rahega ,jisse ye hoga kuch vote unhe milenge ,kuch vote yaha milenge surgical strike k nam per",CAG,1
facebook_corpus_msr_387394,Ha bar ye pakistan goli bari karta h or hamare des ke jawan goli khate rhte h  akhir kab tak chalega ye modi ji kuch karo,CAG,1
facebook_corpus_msr_387397,"Yahi. Speed rahi to. BjP ke sarkaar khatam hone SE pahle. Desh ke jwan  aade SE jyda khatam hojaynge ....
Lekin. KaDi se Kadi NinDa hogi  Pakistan ki aukat dikha denge 

TV  debate me ..",CAG,1
facebook_corpus_msr_387401,"फेकू और बैलनाथसिंग के तरफ से पाकिस्तान का कठूर से कठूर निन्दा निन्दा निन्दा निन्दा निन्दा निन्दा निन्दा निन्दा निन्दा निन्दा निन्दा निन्द निन्दा निन्दा निन्दा ........करता हूं,",CAG,1
facebook_corpus_msr_387403,Rajnath को हटाओ सब सही हो जाएगा कियुकि इस गद्दार नेता ने हमारे सैनिको के हाथ बांध कर रखे है,CAG,1
facebook_corpus_msr_387404,"भारतीय सेना ने 2 के बदले 12 पाकिस्तानी सैनिकों की लाशें गिराई, 3 चौकी तबाह की

 10:38 pm

अभी की सबसे बड़ी खबर ये है की भारतीय सेना ने 12 पाकिस्तानी सैनिको की लाशें गिरा दी और 3 पाकिस्तानी चौकियों को जमींदोज कर दिया 

बता दें की आज ही जम्मू के कृष्णा घाटी के मेंढर सेक्टर में पाकिस्तान के सैनिको और आतंकियों ने भारत के 2 जवानो का बर्बरता से क़त्ल किया था 
जिसके बाद भारतीय सेना में आक्रोश था 

भारतीय जनता और पूर्व सैनिक लगातार सरकार से मांग करने लगे थे की 2 के बदले 20 सर जल्द से जल्द लाओ 
और उसी के बाद शाम 8 बजे भारतीय सेना ने पाकिस्तान के खिलाफ कारवाही शुरू की 

बता दें की भारतीय सेना ने शाम को 8 बजे के बाद पाकिस्तान के खिलाफ हमला बोला 
जिन 2 पाकिस्तानी चौकियों ने दोपहर में पाकिस्तानी सैनिको और आतंकियों को कवर फायर दिया था 
वो दोनों की चौकियां तबाह कर दी गयी है, और वहां 7 पाकिस्तानी सैनिको को ढेर किया गया 

जबकि उसके पास ही 1 और चौकी तबाह की गयी जहाँ 5 पाकिस्तानी सैनिको की लाशें गिराई गयी 
कुल मिलाकर अभी तक 2 के बदले 12 पाकिस्तानी सैनिको की लाशें गिराई गयी है 

प्रधानमंत्री मोदी ने सेना प्रमुख बिपिन रावत से बात की है, और सेना प्रमुख से उचित बदला लेने के लिए कह दिया है 
और उसी के बाद अभी तक 12 पाकिस्तानी सैनिको को ढेर किया गया है, पत्रकार गौरव सावंत जो की सेना के करीबी पत्रकार हैं, उन्होंने बताया है की सेना के लोग बहुत आक्रोशित है, और आज रात और भी बड़ी कारवाही किये जाने की सम्भावना है",CAG,1
facebook_corpus_msr_387408,Im indian or mera dil pakistani h akhir ma apne islami bhaiyi ko sport karta hu,CAG,1
facebook_corpus_msr_387410,Sonu Hand Work Embroidery  m p ka 11 Pakistani Jasoos Jo pakdegaya o sab Hindu hai ya musalman hai bhai aur sun mera apni bhai Indian Army mai hai apni auqat mai rahena ok,CAG,1
facebook_corpus_msr_387411,"भाजपा सरकार निकम्मी है
जम्मू कश्मीर में सैनिको के साथ बहुत बुरा बर्ताव हो रहा है और सरकार उनका हाथ बांध रक्खी है साले देशद्रोही हमारे सैनिकों पर पत्थर मारे और उनके पास असलहा छीन कर ले जा रहे हैं और सैनिक भाई कुछ नही कर पा रहे है",CAG,1
facebook_corpus_msr_387412,"ये सब केजरीवाल और कांग्रेस  का किया कराया है किसी भी तरह हिंदुस्तान को नुक्सान पहुचाना  विपक्षियो का षड़यंत्र है 

देश की जनता सब जानती है पाकिस्तान के साथ साथ देश में बैठे देशद्रोही गद्दारो का भी सफाया करना होगा",CAG,1
facebook_corpus_msr_387413,Pak Ka sath aarpaar kee ladai ladnee hooge roj roj kaa Rona metavo modigee bjp haa jab tak  hoo sakta haa,CAG,1
facebook_corpus_msr_387415,Are modi ke keyu Gand Marty ho. Larna to fouj na ha.  Kahana achay sa milta nhi ha kasa pakastan ko jawaib degai.  Pok ke fouj sa larnay ka dam chiya,CAG,1
facebook_corpus_msr_387422,"Itne jawan kabhi nahin mare kisi ki bhi srkaar me 
Aur banao jahilon ko pm yehi hoga jago bewakoofo jago",CAG,1
facebook_corpus_msr_387423,Bahut acha keya hi jab India k neta gadar namak haram desh drohi ho gae hi Pakistan fayda uska uthayga . India me jab tak thakhta palat nahi hoga tab tak yhi hoga,CAG,1
facebook_corpus_msr_387424,Agar ninda karne se time mil gya he to jewab de do kab tak shid hote rhenge unki bhi to kuch zindagi he or pariwar he,CAG,1
facebook_corpus_msr_387425,"Desh chaokidari kar rahe ho is tarah to Pakistan hame aankh dikhata rahega sab ne aapko chuna apne sirf ninda ki
Wo hum karahe hain",CAG,1
facebook_corpus_msr_387427,"E dekha kor keya hogi jawan mor raha hai, kisi Party ka thori Neta ya Uska kohi apna ristedar mora hai..",CAG,1
facebook_corpus_msr_387428,"Kya abhi b modi ji or rajnath ji sirf chinta jatayenge ya..
Pakistan ko muhtod jawab denge",CAG,1
facebook_corpus_msr_387432,"बधाई हो मोदी जी को जो हमारे सेनिको को कीड़े मकोड़े की तरह मसल रहे है ।
आपके कलेजे को ठंडक तो मिल रही होगी",CAG,1
facebook_corpus_msr_387436,Kbhi nh lenge ...Modi ji Pakistan k Bhai Jo hai,CAG,1
facebook_corpus_msr_387437,"56"" ka Seena to hai par besharmi our beghairati naapne ka b koi meter hai PM sahib",CAG,1
facebook_corpus_msr_387438,Modi g agar kuch action karan ga ..to barine kyun khaya ga pak ja ka...😀😀😀,CAG,1
facebook_corpus_msr_387441,Ye jawano ke sath kya ho raha hai....Hamre racha mantri showe huwe hai kya......So sad,CAG,1
facebook_corpus_msr_387442,"मोदी जी,
सैनिक को बचाओ, तभी देश बचेगा! अगर तेरे बस की बात नही तो इस्तीफा देकर चार धाम यात्रा को निकल जाओ।",CAG,1
facebook_corpus_msr_387447,Mai bhi Ninda krta hu ...raaj Nat g aarhe Hai wo to aur kaDi Ninda karenge....,CAG,1
facebook_corpus_msr_387448,अभी थोड़ी देर में गृहमंत्री जी कड़ी निंदा कर देंगे बस मामला खत्म हो जायेगा।,CAG,1
facebook_corpus_msr_387450,"राजनाथ ,
हम कडी नीन्दा करते हैं मनमोहन सिंह हमारी नीन्दा की स्पेलिंग गलत थी क्या",CAG,1
facebook_corpus_msr_387453,जवान शहीद हो रहे है सरकार बैठक करके कारवाई करने की आश्वाशन देगी। फिर भूल जायेगी,CAG,1
facebook_corpus_msr_387455,"कहा है 56"" का सीना, हमारे जवान कौवडी के भाव मर रहे है और सरकार खामोश, यह किस कायर ता सबुत दे रहे हो",CAG,1
facebook_corpus_msr_387456,Sharm ane chahiye sarkar Modi ji ab to kuch kro ...👏,CAG,1
facebook_corpus_msr_387460,Ninda karo or kuchh nahi ho sakta hamary sarkar se,CAG,1
facebook_corpus_msr_387466,Funny Kotla chahiye Hamare Ek Aadmi Ke Jaan Ke Badle Humko Bhi Saath Mein Kya Chahiye Tumko Jo Pasand ho jayegi Bharat Mata Ki Jai,CAG,1
facebook_corpus_msr_387469,अब मोदी जी को भेज दो बिरयानी खा के आजायें...,CAG,1
facebook_corpus_msr_387476,Ek bar ka us pakistan uda dalo modiji..Bomb dalo pak pe modi,CAG,1
facebook_corpus_msr_387478,Government Khule chute kyou nhi daite hai Indian ARMY ko,CAG,1
facebook_corpus_msr_387483,Bhai isse badiya congress hai wo jo boltay h muh pr iski trah cutiya nhi samjhty janta ko,CAG,1
facebook_corpus_msr_387484,Desh ko Hari Singh Nalwa jaiisa shaasak kab mileyga  !!!,CAG,1
facebook_corpus_msr_387487,Kaha  h  raaj naath    kadi  ninda  kiya  ki nhi  ???,CAG,1
facebook_corpus_msr_387491,Pakistan ko nastnaaboot kro kehne se kaam  nhi chalega.,CAG,1
facebook_corpus_msr_387492,Modi ji ko chahiye ki pakistan ke upr anubomb dal de taki ye roz roz ki khitpit dur ho jaye,CAG,1
facebook_corpus_msr_387497,Q nh bolte jb vo hamare indaian ko marte hue nh soch rahe h to,CAG,1
facebook_corpus_msr_387503,4 word ke alava PM ve HM   kya bolege,CAG,1
facebook_corpus_msr_387506,"भारतीय सेना ने 2 के बदले 12 पाकिस्तानी सैनिकों की लाशें गिराई, 3 चौकी तबाह की

 10:38 pm

अभी की सबसे बड़ी खबर ये है की भारतीय सेना ने 12 पाकिस्तानी सैनिको की लाशें गिरा दी और 3 पाकिस्तानी चौकियों को जमींदोज कर दिया 

बता दें की आज ही जम्मू के कृष्णा घाटी के मेंढर सेक्टर में पाकिस्तान के सैनिको और आतंकियों ने भारत के 2 जवानो का बर्बरता से क़त्ल किया था 
जिसके बाद भारतीय सेना में आक्रोश था 

भारतीय जनता और पूर्व सैनिक लगातार सरकार से मांग करने लगे थे की 2 के बदले 20 सर जल्द से जल्द लाओ 
और उसी के बाद शाम 8 बजे भारतीय सेना ने पाकिस्तान के खिलाफ कारवाही शुरू की 

बता दें की भारतीय सेना ने शाम को 8 बजे के बाद पाकिस्तान के खिलाफ हमला बोला 
जिन 2 पाकिस्तानी चौकियों ने दोपहर में पाकिस्तानी सैनिको और आतंकियों को कवर फायर दिया था 
वो दोनों की चौकियां तबाह कर दी गयी है, और वहां 7 पाकिस्तानी सैनिको को ढेर किया गया 

जबकि उसके पास ही 1 और चौकी तबाह की गयी जहाँ 5 पाकिस्तानी सैनिको की लाशें गिराई गयी 
कुल मिलाकर अभी तक 2 के बदले 12 पाकिस्तानी सैनिको की लाशें गिराई गयी है 

प्रधानमंत्री मोदी ने सेना प्रमुख बिपिन रावत से बात की है, और सेना प्रमुख से उचित बदला लेने के लिए कह दिया है 
और उसी के बाद अभी तक 12 पाकिस्तानी सैनिको को ढेर किया गया है, पत्रकार गौरव सावंत जो की सेना के करीबी पत्रकार हैं, उन्होंने बताया है की सेना के लोग बहुत आक्रोशित है, और आज रात और भी बड़ी कारवाही किये जाने की सम्भावना है",CAG,1
facebook_corpus_msr_387517,Army kya paas hatyar nahi hya  kya Jawab do,CAG,1
facebook_corpus_msr_387527,Bas modi sir kab tak javan sahid hone ki khabar sunengy.......,CAG,1
facebook_corpus_msr_387528,Phir s kadi ninda hogi or high level ki meeting Bhi bulai jayegi,CAG,1
facebook_corpus_msr_387537,"Modi ji aap s kuchh n hoga ,kuchh kijiy sir,plz",CAG,1
facebook_corpus_msr_387539,Kha  gya  56 inch  ka  sina,CAG,1
facebook_corpus_msr_387543,Modi g pakistan k ghar me khus  k marrenge..namo namo,CAG,1
facebook_corpus_msr_387544,",भारतीय सेना ने 2 के बदले 12 पाकिस्तानी सैनिकों की लाशें गिराई, 3 चौकी तबाह की

 10:38 pm

अभी की सबसे बड़ी खबर ये है की भारतीय सेना ने 12 पाकिस्तानी सैनिको की लाशें गिरा दी और 3 पाकिस्तानी चौकियों को जमींदोज कर दिया 

बता दें की आज ही जम्मू के कृष्णा घाटी के मेंढर सेक्टर में पाकिस्तान के सैनिको और आतंकियों ने भारत के 2 जवानो का बर्बरता से क़त्ल किया था 
जिसके बाद भारतीय सेना में आक्रोश था 

भारतीय जनता और पूर्व सैनिक लगातार सरकार से मांग करने लगे थे की 2 के बदले 20 सर जल्द से जल्द लाओ 
और उसी के बाद शाम 8 बजे भारतीय सेना ने पाकिस्तान के खिलाफ कारवाही शुरू की 

बता दें की भारतीय सेना ने शाम को 8 बजे के बाद पाकिस्तान के खिलाफ हमला बोला 
जिन 2 पाकिस्तानी चौकियों ने दोपहर में पाकिस्तानी सैनिको और आतंकियों को कवर फायर दिया था 
वो दोनों की चौकियां तबाह कर दी गयी है, और वहां 7 पाकिस्तानी सैनिको को ढेर किया गया 

जबकि उसके पास ही 1 और चौकी तबाह की गयी जहाँ 5 पाकिस्तानी सैनिको की लाशें गिराई गयी 
कुल मिलाकर अभी तक 2 के बदले 12 पाकिस्तानी सैनिको की लाशें गिराई गयी है 

प्रधानमंत्री मोदी ने सेना प्रमुख बिपिन रावत से बात की है, और सेना प्रमुख से उचित बदला लेने के लिए कह दिया है 
और उसी के बाद अभी तक 12 पाकिस्तानी सैनिको को ढेर किया गया है, पत्रकार गौरव सावंत जो की सेना के करीबी पत्रकार हैं, उन्होंने बताया है की सेना के लोग बहुत आक्रोशित है, और आज रात और भी बड़ी कारवाही किये जाने की सम्भावना है",CAG,1
facebook_corpus_msr_387546,रोज सीज फायर टूटता है कैसा सीज फायर का डर है भारत को सीज फायर को मानने वाले बुझदिल है,CAG,1
facebook_corpus_msr_387557,Jab taak aap log modiji modiji karte rahogee tab tak,CAG,1
facebook_corpus_msr_387565,इससे राज नाथ सिंह क्या बोलेंगे  फिर सहीद हुए जवान वाह रे मोदी सरकार,CAG,1
facebook_corpus_msr_387567,"Modi to kewal 2019
Ki taiyari me lgga hai.
Inko twitt kro.",CAG,1
facebook_corpus_msr_387569,"Tin tlaq or gou raksha me janta koi Uljha kr apni roti sek rhe h I😈😈🔫
 I hate poltics",CAG,1
facebook_corpus_msr_387573,Waqt h jaag jao dosto warna 2019 k baad Hindustan nahin sirf pakistan hoga jagjao dosto,CAG,1
facebook_corpus_msr_387575,मोदी जी अब तो कुछ करो ए रोज रोज सुनकर मेरा मन करता है कि मैं भी बॉर्डर पर चला जाऊ,CAG,1
facebook_corpus_msr_387582,एक बार मोदी जी हा तो करे मे वहा भी जा सकता हु,CAG,1
facebook_corpus_msr_387584,एक भी नही बचना चाहिये अब सहन नही हो रहा है,CAG,1
facebook_corpus_msr_387585,Kya Facebook par sehan nhi ho raha jao ja k border pr ladho,CAG,1
facebook_corpus_msr_387598,Pta nh chal rha 56 inch k SeeNA hai ya CHATI.....😂😂😂😂😂,CAG,1
facebook_corpus_msr_387606,ab waqt aagya hai ke pakistan per permadu bum chod do modi ji,CAG,1
facebook_corpus_msr_387607,राज नाथ g ne kha हम घोर निंदा करते हैं,CAG,1
facebook_corpus_msr_387615,Modi ji Kya kar rhe hai aap ab aese marenge hamare jawan,CAG,1
facebook_corpus_msr_387634,Modi ji please Army  ko action karne ke liye bolo inko maro,CAG,1
facebook_corpus_msr_387639,"Kha hai 56 inch ka sina modi bhakto Salo bolte kyu nahi 
Kha gaya wo 1 sir ke badle 14 sir lane ka khokla dawa :(",CAG,1
facebook_corpus_msr_387641,Acha hai khob maro india ko india me ninda hai,CAG,1
facebook_corpus_msr_387648,"अब 1 के बदले 10 सर  लाने वाले मोदी कहेंगे -""जवानों का बलिदान व्यर्थ नहीं जायेगा। "" 
राजनाथ -"" हमले की पहले वाले से भी कड़ी निंदा करता हूँ। "" 
फिर ये दोनों और बाकी मंत्री यू पी निकाय चुनावों और अन्य चुनावों के प्रचार में जुट जायेंगे !",CAG,1
facebook_corpus_msr_387649,Jaha daes ki Janta ke sang me itna Bada whis vaas Ghat kiya Gaya ho...waha sink ke marna koi Badi nahi honi Cahiye...2 Saal Modi Raaj & 300 ke karib Jawan Sahid hove Abhi 3 Saal or Baki he Bhagvan hi Jaane kiya Scor rahe Ga is Sarkar ka...?,CAG,1
facebook_corpus_msr_387698,"Hamare Senik kab tak shaheed honge...

Kab tak hum media Bazi...Se hero Banege

 Media ki Bato jesa zoordaar Hamla sach mei karenge..

 Pakistan Ko Okaat mei rakhna bhi bas ki baat nhi...

. Desh ki Janta Ko KB tak media se Bewakuuf Banwate Rahoge",CAG,1
facebook_corpus_msr_387706,पंखुड़ी पाठक को समाजवादी पार्टी ने कार्य करने का अवसर दिया इस कारण उसका थोड़ा बहुत नाम हो गया यह अवसर की बात थी  लेकिन जब सदस्यता अभियान चल रहा हो  ऐसे में तोहमत लगाकर पार्टी छोड़ना एक तरह का यह भी अवसर बाद ही है,CAG,1
facebook_corpus_msr_387707,Ye sirf apna kaam niklne aai thi isko mai bahut achi tarh se janta khub tendar aor kaam karva liya ab geyan bata rahi hai,CAG,1
facebook_corpus_msr_387708,Bhut thik kiya jo bap ka nahi huaa o kishi aour ka kya hoga,CAG,1
facebook_corpus_msr_387709,"Galat baat ko lekar yadav vadi party ke liye bahash karty thi 
Hua kya",CAG,1
facebook_corpus_msr_387710,Madam to achhi hai ...24 saal me etni kamayabi wah Bhai wah..ye SP party se mil Sakti hai..Sahyad ....Mil Gaya hoga...,CAG,1
facebook_corpus_msr_387711,"Jaise mayavati bol rahi thi kisi ke jane se koi fark nahi padata 
Hua kya wo samne hai sirf 19 seat wahi haal Yadav vaadi party ka hai",CAG,1
facebook_corpus_msr_387712,"जब शिवपाल जी धोखा दे सकते हैं,तो कोई भी धोखा दे सकता है पार्टी लम्बी दुरी की गाडी है ,कुछ लोग उतरेंगे तो कुछ लोग चढेंगे,,,,पर जात पात की मानसीकता आज कल राजनीति में हावी है ,कहीं हिन्दु-मुस्लिम के नाम पर जातीवाद होता है तो कही पीछडे, दलित ,सवर्ण के नाम पे राजनीति ,,राजनीति ेम,विकास ,रोजगार ,शिक्षा का कोई मोल नही",CAG,1
facebook_corpus_msr_387715,"जो लोग फायदे के लिये पार्टी में आते,सत्ता जाने के बाद दोसरा दरबार ढोढ लेते है।यह भी किसी चक्कर में होँगी।",CAG,1
facebook_corpus_msr_387717,"भाजपा से अनुरोध है कि पार्टी मे बही लोग शामिल हो जो राष्ट्रीय स्वयंसेवक , एबीवीपी, बजरंग दल , विश्व हिंदू परिषद् और हिन्दू युवा बाहिनी से आये हो, देश हित के लिए इन संगठनो से अच्छी कोई फैक्ट्री नही हो सकती है, जो भी लोग दुसरी बिचारधारा के भाजपा मे शामिल हो रहे है बो सभी देश और भाजपा का नुकसान करेंगे, बाकी संघ और भाजपा खुद ग्यान के सागर है ।",CAG,1
facebook_corpus_msr_387718,"""मेरा कत्ल कर दो
कोई शिकवा ना होगा,
मुझे धोखा दे दो
कोई बदला न होगा,
पर अगर जो आँख उठी मेरे धर्म पर,
तो फिर तलवार उठेगी
और फिर कोई समझौता न होगा... जय श्री राम",CAG,1
facebook_corpus_msr_387721,ase log smajwadi nhi sta wadi hoti hai jiski srkar bni udhar chale jate hai,CAG,1
facebook_corpus_msr_387723,Bhut achha kiya jo bap ka nahi huaa o kishi aour ka kya hoga,CAG,1
facebook_corpus_msr_387726,ये यादव नही है आजकल कुछ मुल्ले यादव नाम रख कर हिंदुयो को लड़ाने का काम करते है,CAG,1
facebook_corpus_msr_387735,Bhut thik kiya jo apne bap ka na huaa o kishi ka nahi hoga,CAG,1
facebook_corpus_msr_387736,"Dusare ke upar ungali uthane se pahle ye bhi sun lo bhayi,jo aapne parivar ko chhor Diya wo cm ,jo patni ko ...wo pm ,irani bhi isi cotegari me hai ,filhal bhakto ko ye nhi dikhta",CAG,1
facebook_corpus_msr_387745,"इनके जाने से कोई फर्क नही पड़ता 
जय अखिलेश यादव जय समाजवादी",CAG,1
facebook_corpus_msr_387750,साफ़ साफ़ बोलो ना !! Bjp से invition आ गया  !! क्यू मैडम,CAG,1
facebook_corpus_msr_387757,Pankhudi jee an aap apne park se nahi us rahi hai,CAG,1
facebook_corpus_msr_387768,"########
समाजवादी माल खाकर
छोरी
मस्त हो गई थी 
-------- क्यों - अनुराग जी
#########",CAG,1
facebook_corpus_msr_387772,kuch bura nhi join kro bjp craze hai isi ka Ab to,CAG,1
facebook_corpus_msr_387773,Kal jana ho aaj calay jaoo Jai Akelesh Jai samajwad Jai Akelesh Jai samajwad,CAG,1
facebook_corpus_msr_387776,Lagata hai bjp joine karna hai madam ki...samudri jahaj ki chuhiya.....,CAG,1
facebook_corpus_msr_387777,jb koi jahaz dubta h Tia chuhe sabse pahle jahaz chodke bhagte h ...,CAG,1
facebook_corpus_msr_387784,20 sal samajvadi nhi aaige to the bhi kya krege syad kbhi bhi nhi aae samajvadi,CAG,1
facebook_corpus_msr_387788,कुछ लोग सक्ता के भुखे होते है सक्ता बदलते ही उनकी आत्मा जाग जाती है,CAG,1
facebook_corpus_msr_387791,Kiya yogi join kar rahi hain ya koi aur Party,CAG,1
facebook_corpus_msr_387801,काहे का झटका ये तो सपा के शो पीस है इनका वोट का कोई आधार नही है।,CAG,1
facebook_corpus_msr_387802,"लड़ाई सिस्टम से है,नेताओं से हैं तो उनको मारो,जवानों को क्यों मार रहे❓❓❓",CAG,1
facebook_corpus_msr_387809,किसी भी अच्छे माल की कोई जरूरत नहीं है समाजवादी पार्टी में,CAG,1
facebook_corpus_msr_387818,"Bhai mere kyo load le rhe ho .
 Ho skta ho koi niji karan ho inke Twitter handle pr dekhiye pankhuri pathak ji ke vo ab bhi smajwadi vicharadhara ki poshak bni hui hai or bjp ki kadi ninda kr rhi hai .",CAG,1
facebook_corpus_msr_387819,Hahaha.. Bhai yhi p mokaprsti h.. Or  khi ye hota to sosan hota..,CAG,1
facebook_corpus_msr_393698,"Or hr jnta k piche ik securty guard b hoga ta ki koi juta chappl na mar sake

Itna dr kahe ka sir g😂😂",CAG,1
facebook_corpus_msr_393707,यह गार्ड जनता के पीछे खडे होकर कन्धे पेर हाथ क्यो रखे he?,CAG,1
facebook_corpus_msr_393714,मुस्लिम होने के वजह से कट्टरवादी चैनलों ने टर्की राष्ट्रपति को कवरेज नही दिया। कट्टरता की प्रकाष्ठता।,CAG,1
facebook_corpus_msr_393733,O yaar kyu dr. Batra ka business takeover krnr pe tule ho tum log... News se mtlb rkho yaar..bechara dr. Batra😂,CAG,1
facebook_corpus_msr_393920,Jo maza tumhry page pee aa k tum ko dhoy ka ha wo apny page pe bhe jaisy ghar mein ghus k marny mein aya maza  wsy he tumhry page mein ghus k tmhen zalel krna maza aa jta h,CAG,1
facebook_corpus_msr_393924,"Na samjhogy to mit jawgy rapistan walo
Tmhari dastan na hogi dastano me
😀😁😂😃",CAG,1
facebook_corpus_msr_393933,"had ho gae yar india to pakistan se bara country hai aur india k  k pas pakistan k elawa koe aur news he nae milti deny k liye indians ki koe news he nae hoti
buzdilo tm log to pakistan walon se dar dar k he mer jao gy",CAG,1
facebook_corpus_msr_393963,Achha huaa ki ye award ik sachhe desh bhakt ko mila... Warna ye chor or gaddaro ko mil jata...,CAG,1
facebook_corpus_msr_393976,indian's pehly to apni gaey ko sumbhal ln aur kajal se pta kro k us ny gaey ka gosht to nae khaya na,CAG,1
facebook_corpus_msr_393980,Islam he wo Wahid rasta hai jis sy dunya aur akhrat mei kamyabi mely gi...,CAG,1
facebook_corpus_msr_393983,Phle apne ko kamiyb banao... Bhai fir Islam duniya bad main soshna.,CAG,1
facebook_corpus_msr_393991,Shahrukh Khan k andar Pakistan ka khuon hai. Is leay wo Pakistan ya musalmano k haq main bolte hain,CAG,1
facebook_corpus_msr_394005,"क्यू उसके चेहरे से गरीबो का पेट भरता है।   भारत के गरीबो के लिए शहीदो के लिए अनाथ के लिए कुछ किया है।हिन्दु हो या मुस्लमान किसी के लिए। सत्यमेव  जयते मे खुद महान बना और हर ऐपिसोड का 6 करोड़ लिया,हर मुद्दा उठाया लेकिन जनसंख्या वृद्धि तीन तलाक को नही।इससे किसका भला हुआ है भारत का मुसलमानो,नही किसी का नही ऐसा है ये, सिर्फ कट्टरता है महानता नही ये किसी का नही जो मुसलमानो का ना हुआ वो किसका होगा।फिर ये महिमामंडन किस बात का",CAG,1
facebook_corpus_msr_394008,Hosh to iska uda hai...bahubali se....625 crore only in 4 days...,CAG,1
facebook_corpus_msr_394010,Desh ke jawan sema per shaid ho raha hai our ye apnna naya look dikkha raha hai sharam aani chayae amair khan ko,CAG,1
facebook_corpus_msr_394012,"Useless ,,,,Koi achi khabar laooo ,,,,mere saharanpur city k ladke roj badaltey h aisey looks",CAG,1
facebook_corpus_msr_394024,"Pak parst des me kya honge ,Vinod khanna me nahi hua,jinna sprum",CAG,1
facebook_corpus_msr_394212,Ek no. Bhasan do border PR soldiers mr rhe hai or inki keval high level meeting ho rhi hai kamal ki party hai bjp,CAG,1
facebook_corpus_msr_394213,Pakistan netaon ke sir kato tab enki nind tutegi kal ki ghatna nindniya dukhad ghatna,CAG,1
facebook_corpus_msr_394472,"Tu thikse purana itihas padha nahin....
Dubara padhle sab samajhme aajayega",CAG,1
facebook_corpus_msr_394486,"#BhagwaAtankwad (BA) pooray desh mn phail chuka hai. #BA Election Commissioner k karyalai mn bhi ghoos kr election mn dhandli karwa rahay hain.

Jawano k sath zalimana soluk sena k ala adhikari kr rahay hn or ilzam laga detay hn dushman sainikon pr kaun dekhnay jata hai. #BhagwaAtank",CAG,1
facebook_corpus_msr_394523,Tujy as k alwa koi Kam hr time Indus treaty k peachy par rahta hai,CAG,1
facebook_corpus_msr_394528,Hahahah mental frustration agaie bus 2 sar katie lashun ko dekh kr,CAG,1
facebook_corpus_msr_394564,Kya karege Ye Soldiers Jee ker wese Bhi Ye soldiers apne Hi desh Per Bhoj Hai Kyun Ki Enka Desh Na hi enko Saaf Paani De pa reha ha Aur nahi Khana #BhookiNagiArmy Ko En Takleefo se azad Ker dege haahahahaha #GayHind,CAG,1
facebook_corpus_msr_394932,"Bhakton se ek sawaal hai:
Yahan 12 attacks ho chuke hai, tum kab modiji ko antinational bologe Ya yahan bhi kanhaiya aur umar khalid ko gaaliyan dekar peeche hat jaaoge? 
Ab sarhad par jawaano ki suraksha ka kaam to Modiji ka hi hai, unse sawaal nahi poochoge ki yeh kyun ho raha hai?",CAG,1
facebook_corpus_msr_394935,"Media kitni bakwaas karti hai , baat ka batangad banati hai",CAG,1
facebook_corpus_msr_394940,Kedar ka shaheed kaha ka shaheed Hindu kabi shaheed nahi hota koty ki Tara mout hoti hy,CAG,1
facebook_corpus_msr_394956,Kya karege Ye Soldiers Jee ker wese Bhi Ye soldiers apne Hi desh Per Bhoj Hai Kyun Ki Enka Desh Na hi enko Saaf Paani De pa reha ha Aur nahi Khana #BhookiNagiArmy Ko En Takleefo se azad Ker dege haahahahaha #GayHind,CAG,1
facebook_corpus_msr_394962,"Soch samaj kar comment do.
Modiji subha 4 bajay loud speakers thume suna nahe sakte ky karne wale hi.
Babaji ke bat ab samaj mai aagaye hoge.",CAG,1
facebook_corpus_msr_394967,Baba jii karo modi ko phone. Mujhe to nahi lagta modi kuch karega. Kyuki hatihar to15aug aur 26January ko LaL kille mein logo ko dikhane ke liye rakhe hai.,CAG,1
facebook_corpus_msr_394969,Pakistan chahta hai ki jung ho q k unke maashi halat bahut kharab hain.aur ye mote dimag pakistani is bar pahli fursat me atom bom ka istimal karne k khawahan hain.!,CAG,1
facebook_corpus_msr_394974,"Yasir Tum jsi bhasa bolne vale agr 1 bap k h to Indian army k samne aao
Dal aate ka Pta chl jaega",CAG,1
facebook_corpus_msr_394975,"100 chuhe khaake billi haz ko chali.
Blochistan mai ky Pakistani army goli danda khel rahe. Pok mai ky kar rahe. 
Kashmir ke chinta mat karo.
Pakistan ke chaar thukde naa ho jae wo socho..",CAG,1
facebook_corpus_msr_394978,Aap sab milke Pakistan ke sang chota bela mein aandha tari khelte the aankh band kar ke tari marte the usi tara Pakistan ko aankh bandh kar ke tari maro nahi to aap logo ko border pe maan nai lagega to kheliye ga kisse,CAG,1
facebook_corpus_msr_394980,"आखिर कब तक सहेगे कब तक हमारे जवान शहीद होते रहेगे अब नही सहा जाता ,अब तो बस चढाई कर दी जाय , क्योकि ये राजनीती करने का समय नही हे अब,जय हिन्द, वन्देमातरम",CAG,1
facebook_corpus_msr_394982,"कोई भी हो, हम अपने जवानो की शहादत बेकार नही जाने देंगे| उन्हें सबक जरूर मिलेगा और बहुत जल्द,जय हिन्द",CAG,1
facebook_corpus_msr_394983,Yeh aur bada feku ban gaya hai.....janta ullu ban ne ka shok ho toh hi iski baat ko seriously Lena......!,CAG,1
facebook_corpus_msr_394984,रामदेव बाबा दिल्ली का रामलीला मैदान याद है जब सलबार पहन के भागा था ओर बात करता दिलेरी कि तुम तो भगोड़ा हो,CAG,1
facebook_corpus_msr_394985,"⚽⚽⚽⚽⚽⚽⚽⚽⚽⚽
       ( बुध्दिजीवी - न - पढें )
मोदी जी -- अब मेहबूबा को, तीन ""तलाक"" देकर / कश्मीर का ""निकाह"" / भारतीय सेना से करवाओ / हमें पत्थरबाजों से, ""हलाला"" की / रस्म निभाना है /
⚽⚽⚽⚽⚽⚽⚽⚽⚽⚽",CAG,1
facebook_corpus_msr_394986,सिर्फ 1 वर्ष तक भारत को लगातार सीजफायर का औलंघन करना चाहिये बिना रुके ताबड़तोड गोलिया मौरटार शेल्ल फायर करने चाहिये यही पाक का इलाज है,CAG,1
facebook_corpus_msr_394987,Baba Bakwaas Mat Kar Chor Hai Tu. Itna hai toh Shaheedon ko 1Crore de.,CAG,1
facebook_corpus_msr_394989,"Garjo nii.... Barso..... 
...
Yha to mujhe abhi tk y nii samajh m aya 
Y ajeeb s rules start karke kya Mila 
Example....
  Bank account m paisa bacha kr rakho 
...
Are bhai agar bachane k liye hote to bache h rehte ab jarurat pdi to kaisa rule h extra charge dena padega.... 
Bhai utna hota hi to hm nikalte hi kyu bank se",CAG,1
facebook_corpus_msr_394991,"मोदी जी ने कहा था, मुझैं PM बनने दो पाक को गोली का जवाब War से दुउगंा,Congres से कुछ नहीं होगा कहा था,अब अाप किया कर रहे हैं,बता दे",CAG,1
facebook_corpus_msr_394994,T.v par aakar kute ki tarah bhokne se kuchh nahi hota  jigar nahi jigra dikhao,CAG,1
facebook_corpus_msr_394995,"Rah dekhenge babaji..... Jyaada intezar mat karvaiyega.... Army she milo, pradhansevakji she milo aur batao ab dhairya ki seema khatam ho rahi hai",CAG,1
facebook_corpus_msr_395000,Baba junoon se kam nahi banega. Bahut desh ko thag liya.,CAG,1
facebook_corpus_msr_395001,"Lekin kab hoga aesa?
Kya abhi bhi kitane javano ki bali lenge.?
Bas bate karate rahenge ya kuch karke dikhayenge Lekin kab. 
Accha muhurut ki der hai",CAG,1
facebook_corpus_msr_395002,Q tere bap ka rajj hy yaha ke 100 sar ly ge to ek br aja pir batainge,CAG,1
facebook_corpus_msr_395003,Babaji kon ja raha hai Pak may sir Katnyko ? Bahut huva ye nary bazi abki bar Ar Par karo log bhi tayer baithy hai Miltri may jany ko.,CAG,1
facebook_corpus_msr_395006,bato  se  nahi  atmako  santi milega.  karne se  milta  he.  abto  modi zee  or  bjp  kongrea  k  tarah  lagne  laga  he.,CAG,1
facebook_corpus_msr_395007,Kab baba jab des me loga ka Sarkar par se bharosa uth jai GA are gvt humloga KO border par laga de to hum Pakistan Kya chaina KO bhi khatem kar denge,CAG,1
facebook_corpus_msr_395008,Tum bc log jab se bs muh ki bakar kroge ider jawan mar jaye usse koi mtlb nhi h tum logo ko kabhi kuch to kabhi kuch bolte rahte ho,CAG,1
facebook_corpus_msr_395009,baba gi 56 inches wale se kh do desh ke logon me akrosh hai akhir kab. ?,CAG,1
facebook_corpus_msr_395010,Is Baba ki sukma me huwe Shahido ke liye to koi Bayan NHi aaya,CAG,1
facebook_corpus_msr_395012,"Byan to tera bhi nahi aaya tha sukma pr
Aaj kyu bhok raha hi",CAG,1
facebook_corpus_msr_395014,Or kisne kha ki mene sukma me sahid huwe jwano pr post NHi ki dekho jrA Dinesh ji,CAG,1
facebook_corpus_msr_395015,Sab bollywood style me Dailoge dene me phd liya hai..bollywood me jana sahiye..gov me action se chalta hai..,CAG,1
facebook_corpus_msr_395016,"ye hai salwari baba......gov ke har sankat kal me apni dhoti uthaye pahuch jata hai.isi ne lagata hai 56"" ke sine ki naap li thi tabhi ek ke badale 100 ki baat kar raha hai.",CAG,1
facebook_corpus_msr_395017,Yeh kaam karoge kab ? Bas janta ko goli dekar bewakoof banate raho aur apni rotiyan sekte raho. Janta to hai hi bewakoof.....Jai Hind......!,CAG,1
facebook_corpus_msr_395018,Sir wo 100 katane k liye taiyar hai aap Ki kya taiyari hai yehi katatkatate rahenge to aage kab badenge,CAG,1
facebook_corpus_msr_395019,Baba ji army ko kuch churan de do patanjali ka.......... Ho sakta h kuch काम kare,CAG,1
facebook_corpus_msr_395021,Bhai saheb tarik to bta do chalo mahina hi bta do ya phir 5 Sal pure hone par hi katenge or 56 inch ka sina bhi tabhi phulega,CAG,1
facebook_corpus_msr_395022,Ye bollywood ka dialog hi ya south ke filmo ka,CAG,1
facebook_corpus_msr_395023,"पाकिस्तानी सेना या नक्सली हमले का हम केवल  इंतजार करते है, जब तक हम कार्यवाही की तैयारी करते है तबतक हमारे सैनिको के शरीर  को छति विछत करके फेक दिया जाता है, केवल मुँहतोड कार्यवाही की बात की जाती है। पत्थरबाजो के पत्थर  और दुश्मनो के गोलियो का सिकार कब तक हमारे सैनिक झेलते रहेगे  ?????  एक के बदले सौ",CAG,1
facebook_corpus_msr_395024,"पनामा लिंक केस में नवाज शरीफ में जांच के आदेश सुप्रीम कोर्ट ने दिए।
पाकिस्तानी सेना ने चार दिन पहले जांच पर रोक लगा दी।
उसके अगले दिन सज्जन जिंदल नवाज शरीफ से मिलने गए।
दो घंटे गुफ्तगू हुई।
जिंदल वही है जो मोदीजी और शरीफ के बीच निजी मुलाक़ात की कड़ी रहे हैं।
उनके कई कारखाने पाकिस्तान में हैं।
उसके अगले दिन पाकिस्तानी सेना का प्रधान बाजवा सीमा पर रात बिताता है।
अगले ही दिन सीमा पर गोलीबारी होती है।
आश्चर्यजनक तरीके से सेना और बी एस एफ के जवानों को मारा जाता है।
उनके शरीर को क्षत विक्षत किया जाता है।
ध्यान दें सेना और बीएसएफ कभी साथ में गश्त नही करते।
सब कुछ को अलग अलग देखें।
एक साथ देखें।
कुछ दबा छुपा महसूस होगा।
शिकार हो रहे हैं हमारे बेमिसाल शानदार जांबाज जवान।
Pankaj Chaturvedi.",CAG,1
facebook_corpus_msr_395027,"हमेशा से पाकिस्तान रहा है एक दरिंदा, पर भारत के सेक्युलर और वामपंथी, लगातार चाहते है दरिंदे पाकिस्तान से मित्रता",CAG,1
facebook_corpus_msr_395028,Patanjali product khilao pakisrani army ko waysay hi mar haengay,CAG,1
facebook_corpus_msr_395033,jab tu dar ke mare ladies kapde pahan bhaga tha kaniye tab kitne sir laye,CAG,1
facebook_corpus_msr_395034,"Yess,, pehle isiko border per bhejo,, salwar pehankar bhag jaega",CAG,1
facebook_corpus_msr_395036,Jaban se kam chal jata hai to ... kam karne kaya need,CAG,1
facebook_corpus_msr_395038,"Sadhu satsang mai aachy lagte hi.
But 
Sadhu ka krodh v aacha nahe",CAG,1
facebook_corpus_msr_395040,"कब ,पर हम सुट सलवार नही पहनेगे ओर नाही भागेगे ःःःभारत माता की जय....।।",CAG,1
facebook_corpus_msr_395043,भाई  ये  बोलने  में  क्या  लगता  है,CAG,1
facebook_corpus_msr_395047,बाबा जी बाते करने से कुछ नहीं होता है अब तो सरकार भी आप कि है कुछ कर के दिखाओ,CAG,1
facebook_corpus_msr_395049,आदरणीय बाबा जी 100 सिर नही चाहिए ये बन्द होना चाहिए मोदी जी बड़ी बड़ी बातें करते है करते कुछ नही है,CAG,1
facebook_corpus_msr_395052,"बाबा अपना मंज़न बेचौ तुम पर या तुम्हारी 56""की छाती पर पकिस्तान का कुछ नही उखडेगा",CAG,1
facebook_corpus_msr_395055,Taiyar rahne se kaam nahi chlega 1000 kaat do turant,CAG,1
facebook_corpus_msr_395058,Baba rahne do kathani or karni main fark hota hai,CAG,1
facebook_corpus_msr_395073,BJP sarkar bate hi karegi ya phir unka seer kaat kr Karegi,CAG,1
facebook_corpus_msr_395074,"केवल कहने से कुछ नहीं होगा।।।
कटेंगे जब पता चलेगा पाक को।।।",CAG,1
facebook_corpus_msr_395081,Is babay ko bhago border pr is ka Sr b katay,CAG,1
facebook_corpus_msr_395091,Baba ye jumla purana ho gaya ab to kuch Naya hona Chahiye,CAG,1
facebook_corpus_msr_395092,क्या बात है ।लगता है बाबा भी बोर्डर पर युद्ध करने जायेंगे ।,CAG,1
facebook_corpus_msr_395095,बाबा के श्राप देने से ही पाकिस्तानी मर जायेंगे ।,CAG,1
facebook_corpus_msr_395102,Aur tum patanjali ka plant pakistan me hi daal do.,CAG,1
facebook_corpus_msr_395115,Ram deb ko bhi wodar pe bhejo ram lila ki burkhe bali,CAG,1
facebook_corpus_msr_395146,"JNU (bharat tere tukre hong, insha allah insha allah)...
SURGICAL STRIKE (ek 420 cm, wo sena se sabut maangte hi)..
AWARD BAPOSI GANG ( Modi ji ko badnaam karne k liye drama)...
PAKISTANI KUTTA ( kasmiri patthar bajo ko mat maro, wo bachcha hi...
RANDY TV (gaddar kanaiya kumar ko jab police arrest kiya tha, tab randy tv ka tv screen black ho gya (ravish kumar)
JAB TAK YE PROBLEM HI, MODI JI KUCH NHI KAR SAKTE...",CAG,1
facebook_corpus_msr_395191,"Bhai tumahara gussa jayaz hai but social media pr hi hm chillakar kuch nahi kr sakte 
Army ko bhi kuch samjhkr step lena padta hoga
Hm to unke rule jante nahi hai jyada",CAG,1
facebook_corpus_msr_395192,"Bhai ak bat batao, ak ledka Body banata he , dikha ta he ki me taktbar hnu.magar asal me logo ko dikhana chatahe.... Logo ko v biswas ageya.magar ak bar gunda aake uske ghar me marpit karke chala geya.bo bese hi dekh ta raha . Kiu us ke ghar ka bap darpak tha us ke bete ko chup chap beth ne kehile bala.or uska beta dikha ne kelia body banaya Tha. Aapna rakhya karne nhi. Ihna modi kuchh nhi karwa ne dega or army bahadur ho ke bhi chup rehga",CAG,1
facebook_corpus_msr_395195,"Jhoot per jhoot jhoot per jhoot kitna jhooth bolengi ye government, pura bcc, world new chanliye kahi koi khabar nahi mila ke india ne pakistani chowki per hamala kiya, kaam se kaam kuch nahi to jawanoo ka or hamare shaid armyo kaa yo samman kijiye, such me pakistan me gole dage. Ji pakistan ko kuch smaj me aaye, India me news nahi chalta drama chalta hai.",CAG,1
facebook_corpus_msr_395197,"Sale Das ho na issliye akal nahi hai, fake news dekhne kiaadat hai, issi ka natiza hai aaj bhi tumhari wahi halt hai jo 1000 pehle, 100 saal pehle hua kerti thi.",CAG,1
facebook_corpus_msr_395198,Pakistan mai koi news nhi hai.  Ye baat Sahi hai,CAG,1
facebook_corpus_msr_395199,App sab army bhai ek Joot hokar court marshal ka chinta naa Kare yadi count marshal Kare to border per sare mantrio bethenge goli barood khane ke liye nischint ho kar gola barood chalaiye,CAG,1
facebook_corpus_msr_395201,"अच्छी खबर है । लेकिन बदला तो बराबरी से लिया जाता है, भारत के सामने पाक का ऐसा औकात नही है फिर भी हमारी सेना को मार रहा है। अब ऐसे मे पाक का नक्शा मिटाना ही उसका सही इलाज लगता है ।",CAG,1
facebook_corpus_msr_395202,सेना को सरकार से मुक्त करवाने के लिये SC को पहल करनी चाहिये। तभी भारत की सेना कुछ कर पायेगी अन्यथा नही।,CAG,1
facebook_corpus_msr_395203,SC तो पैलेट गन के इस्तेमाल  पर  एतराज  जता रहा है।  पाकिस्तान  से  डंडे लेकर  लड.वाएगा?,CAG,1
facebook_corpus_msr_395208,Chup b tere koi avkat nhi ki India k Kuch kr ske,CAG,1
facebook_corpus_msr_395223,Tumhre Lia to India k ek hi state up kafi h,CAG,1
facebook_corpus_msr_395242,tbi kh rha hu apni okat m rhe Pakistan ...... nii to hme aati h tume tumhari okat dikhani,CAG,1
facebook_corpus_msr_395253,Aafi Irfan.... jb Pakistan bna tha na ... tb hm Indian ne tumhe65 crore rupees diye the sir pr tirpal rkhne ke liye ..... tb se lekar aaj tk tumhe bikh de rhe h hm indians,CAG,1
facebook_corpus_msr_395256,"Rohit Sahdev mojhy lgta ha ka ap Bollywood filmy boht  daykhty ho 
   Ap ka foje ham nay ni mary  wo saly 
bohk sa Mary  ha
Un  ko khna do yar  pahly pihr jang  ka lia bahjna
Pakistan zinda bad",CAG,1
facebook_corpus_msr_395259,"Pahl Khana kihlo 
Bohk sa mar rahy ha 
Hussain Idrees",CAG,1
facebook_corpus_msr_395268,Lol cricket Jeet Nhe pate war jitege yeh Nitish Garg,CAG,1
facebook_corpus_msr_395272,Saala jeete kisme Hai sale aajtk...Kargil hua to Tha aukat a gai thi saamne,CAG,1
facebook_corpus_msr_395282,Indian midia bhi ullo hi 7se bhra  kir 70 kir deta indin  jinta khosh ho jati😃😃😃😃,CAG,1
facebook_corpus_msr_395286,"Ban Gaye ullu ;-)
Ye news sirf Indian media per he, aur kahin per nahi,,,, @ishaank.",CAG,1
facebook_corpus_msr_395296,Jab badla lene ki himmat bhi hai to fir hamari sarkar chup kyun hai?,CAG,1
facebook_corpus_msr_395301,Ye to pakistan k ailaka khyber agency k her aik fird ni astimal kiya hai. Mujhi b ais ko chala chuka hu,CAG,1
facebook_corpus_msr_395313,"Eise kuch nahi hoga unk 700 jana chahie,tabhito darega pak",CAG,1
facebook_corpus_msr_395317,BHARAT Y Kayar harbar muhtor jawav diyajayega diya kabhi nhi jhooth kav tak army marti hai marne do satta chalni chahiye bad luck,CAG,1
facebook_corpus_msr_395321,Ye koi nhe janta k waqi mara ha ya nhe ...,CAG,1
facebook_corpus_msr_395326,Barbarta ka badla bs 2-3 post...wo to dubara ban jayegi,CAG,1
facebook_corpus_msr_395327,"Hmm Shi news channel k room me maar giraya,bdhayee ho..",CAG,1
facebook_corpus_msr_395336,Bhaiya ji politics ka kya hoga phir bechaare be rozgaar ho jayenge,CAG,1
facebook_corpus_msr_395339,"Tesri post kya india tv walo ne udai h?
Indian army ne to 2 post udai hn",CAG,1
facebook_corpus_msr_395350,Kya faida hamare itne sanik mare ja chuke hai ab tak .,CAG,1
facebook_corpus_msr_395362,ए तो अभी कम है :- अभी पूरा कहानी बाकी है..  जय हिन्द्,CAG,1
facebook_corpus_msr_395364,इस बदले से अच्छा तो मोदी जी एक बार और बिरयानी खाने चले जातें !,CAG,1
facebook_corpus_msr_395367,Pakistan k news channel par jab tak khabar nahi ayegi nahi manege,CAG,1
facebook_corpus_msr_395374,"तो क्या उखाड़ लिया? पोस्ट नए बन जाएंगे, सात की जगह हमारे दस सैनिक मारेंगे।",CAG,1
facebook_corpus_msr_395380,2 ka 20 nahi to bjp ko vote nahi ..,CAG,1
facebook_corpus_msr_395387,"Ye nakafi hai.

Sahido ko ye sachi shradhanjli nhi hai !",CAG,1
facebook_corpus_msr_395394,aby india walo tum logo ko sharam bhi nahi aati jhot bolte howy bhi,CAG,1
facebook_corpus_msr_395788,Are nahi bhaiya yeto pakistani hi esko ham hindos tani kyu de ambolenc etawa to up me nahi hi kyu bhagto yogi raj hina,CAG,1
facebook_corpus_msr_395791,"tu bhi to is reality india my rahata hy khata,kamata india ka hy to tu q nahe karta antim sanskar ,bas moko dhundty raho hindustan k naam py bhok ny ka",CAG,1
facebook_corpus_msr_395801,"पेसो की माया हे,, गरीब का दुःख देखने वाला कोई नही है , इस दिखावटी संसार में । 😢😢😢",CAG,1
facebook_corpus_msr_395804,Bahut hi nindaniya hai ye kadi karyvahi ki jani chahiye cm sahab,CAG,1
facebook_corpus_msr_397417,"""PAKISTAN"" zindabad i love ""PAKISTAN"" and ""PAK ARMY"" and indians you don't be jealous from ""PAK CHINA FRIENDSHIP"" and about ""KASHMEER"" i just want to say ""yaran-e-mehfil kehty hn ""KASHMEER"" JANNAT hai aur JANNAT na kisi kafir ko mili hai na mily gi",CAG,1
facebook_corpus_msr_397418,"""PAKISTAN"" zindabad i love ""PAKISTAN"" and ""PAK ARMY"" and indians you don't be jealous from ""PAK CHINA FRIENDSHIP"" and about ""KASHMEER"" i just want to say ""yaran-e-mehfil kehty hn ""KASHMEER"" JANNAT hai aur JANNAT na kisi kafir ko mili hai na mily gi",CAG,1
facebook_corpus_msr_397419,"#arwin khwabon se bahar niklo aur dekho Kashmir India ka tha, h, aur rhega. And vase bhi Kashmir m hum kaafiron k bahut sare religious places h Jo uski beauty ko chaar chand lgate h tum terrorist ka toh sirf terrorism h jo uski beauty ko brbaad kr rha h. Tum log jisko Jo kuch kehte ho usse janane m hume koi interest nhi h isliye faltu m bako mt k hum isko ye kehte h hum usko woh kehte h vagarah vagarah.",CAG,1
facebook_corpus_msr_397420,Kal ek news mene Delhi Geo news per gadhe ke  lakho ki tadad me khal mili he per gadho ka meat kaha gaya koi kha gaya ya kya hua kisi ko pata nahi chala,CAG,1
facebook_corpus_msr_397441,"Sadia khan - jab tumhari koi besati karta he, tab bhi tumhe samaj nahi atta, bade cheap ho tum.",CAG,1
facebook_corpus_msr_397445,Yar tum logo ko akal day raha hon k janwer ko pujna chor do,CAG,1
facebook_corpus_msr_397454,"""PAKISTAN"" zindabad
i love ""PAKISTAN"" and ""PAK ARMY""
and indians you don't be jealous from ""PAK CHINA FRIENDSHIP""
and about ""KASHMEER"" i just want to say
""yaran-e-mehfil kehty hn ""KASHMEER"" JANNAT hai
aur JANNAT na kisi kafir ko mili hai na mily gi",CAG,1
facebook_corpus_msr_397472,Yehi kam Pakistan karay ga to godsay followers chiilayega k Pakistan atanki hamla kar raha hai,CAG,1
facebook_corpus_msr_397473,A bhikari desh mang Ke Chalne bala Kya bana Sakta He terrerisom Ke Siba. Pehele USA Se mangta the abb china se,CAG,1
facebook_corpus_msr_397479,India ne bahut acha kiya CPEC ko join na krke. Ab hume dikh rhi h CPEC ko join krne ki kimmat Jo Pakistan chuka rha h.,CAG,1
facebook_corpus_msr_397484,Apne mulk ma washroom ke fikar karo    pakistan ki fiqar choor do,CAG,1
facebook_corpus_msr_397511,Ye sala india page ko pakistan k ilawa koi or news nhe milti,CAG,1
facebook_corpus_msr_397995,Airtel or idea dono harami he sale ...bahot hi luta he public ko..jio apni a service thodi or behetar karni chahiye in harami Airtel or idea se logo ko bacha ne ke liye,CAG,1
facebook_corpus_msr_397996,"Airtel ki haalat khraab hoti jaa rhi hai Stock price and shares girte jaa rhe hai hahaha , jo loogo ko luuta hai uska ntiiza hai ye ....",CAG,1
facebook_corpus_msr_398000,Airtel  ka  399 ka recharge  karwaya h  network  hi nhi aate....   Kya kare,CAG,1
facebook_corpus_msr_398004,Ek dam sahi kiya ambani ji airtel cheating karta hai,CAG,1
facebook_corpus_msr_398008,Airtel ne  bohot  luta  h..  Ab   inka  bap  aa  gya  JIO,CAG,1
facebook_corpus_msr_398016,नही आज तक एयरटेल ही अशा लगता था जियो आया तो एरटेल chor लग रहा है घर में हमेसा बडा बड़ा ही रहता है छोटा नही होता है,CAG,1
facebook_corpus_msr_398017,"Mere pass jio h hi na bhai 
Kai baar balance saaf kar dete h 
Bina bataye koi bhi service laga dete h or call rate o internet packs sabse mahnge h iske",CAG,1
facebook_corpus_msr_398024,"जिस समय सब चोर थे उस समय को छोड़ो.
अब एयरटेल कि सही सरविश हे

और भिकारी ओं को जिओ ही सही हे",CAG,1
facebook_corpus_msr_398999,Soch samajh kar shamil kero in par barosa kerna dangerous ho skta he.,CAG,1
facebook_corpus_msr_399000,congress to thik hai lekin vampanthi party me rashtravadi ? asambhav.,CAG,1
facebook_corpus_msr_399006,Jo apni party ka nahi hua woh nationlist kaise ho sakta hai...,CAG,1
facebook_corpus_msr_399014,Phir BJP ki Soach me Antar hee Kya raha   Dirty Politics,CAG,1
facebook_corpus_msr_399029,"प्रेम सागर हुए शहीद ! सर काटकर ले गया पाकिस्तान। शहीद की माँ ने मोदी को दी चुनौती 1 के बदले 10 सर लाने की ,    'देश नही झुकने दूँगा...' क्या ये सिर्फ शायरी थी ? 
रहने दो मोदी तुम से ना होगा   http://livenewsup.in/archives/6389",CAG,1
facebook_corpus_msr_399032,धीरे-धीरे मेरा मोह भंग हो रहा है इस तुच्छ राजनीति से। लोकतंत्र के नाम पर कब तक बेवकूफ़ बनाए जाएंगे हम लोग?,CAG,1
facebook_corpus_msr_399188,"Richa singh hmne to army border pa rakhi hai..  Apki to delhi ma March kr rae hoti hai , border pa to apki gaye mata raksha kr rae hoti hai.. 😂😂 aur agr ap log #kalboshan jaisy logn k bjaay mardon ki trha larty to kabi b hmari country ma terrorist attack na hoty",CAG,1
facebook_corpus_msr_399192,Acha kulbhushan muslim h .. hitler muslim tha dear grow up.. terrorist ka koi religion nahi hota na hi vo hindu hota h na hi muslims,CAG,1
facebook_corpus_msr_399193,Un ka apna religion hota h... plz dnt blame to muslims...,CAG,1
facebook_corpus_msr_399194,"Kashmir mein bhi Pakistanis disguise mein hotae h jo stones fektae h tum log he Daangae karwa rae ho udr bhi ki kashmiris ki sympathy jeet logae well humari... Population jyada h,  defend karte rehagae! Aur humare kitnae soilders martae h Kashmir mein",CAG,1
facebook_corpus_msr_399198,Laden ki Tarah ek ek terrorist tumhare Pakistan se marega,CAG,1
facebook_corpus_msr_399199,"Jahlil Aurat -.- Islam is 1400 years old and terrorim is just 30 years old... Or ab tak jo koi b 'so called' Muslim terrorist pakra gya sab ny bola k ""we are funded by #Raw"" -.- ... Even ap ka ladla #Kalboshan b fake identity k sath Muslim bna hwa tha jise bachany k liye pora India ro rha hai ab... Bary aye Islam ko Terrorism se relaye kary waly..  Aukat to ye hai k #kabotro tk se hatt jati hai 😂😂 or hum se larai ki baty kar rhy... socho jab #SSG or #ISI waly a gaye to tum logo ka kia bnay ga xD",CAG,1
facebook_corpus_msr_399203,"Mazhab se uthkar toh baate hi ni krr skte ye paki, Aaj poora Hindustan ro raha hai ab dekho kya hota hai tumhare army k sath",CAG,1
facebook_corpus_msr_399208,Hmari aj tak ye news ni chali k indian army 250 m hmari territory ma ai..  Q k kisi k himmat ni any ki..  Aur apni news dekho..  Socho jo ek bar ghuss skty han wo bar bar b ghuss skty han,CAG,1
facebook_corpus_msr_399209,BBs and CNN report he ke koi be thoos saboot nahi he indian army ki surjical strike ka Mukesh Kumar hahahaha or humare pakistan ke strike ka tum khud saboot de rahe ho. Tum log itne darpook ku ho akhir..!!!,CAG,1
facebook_corpus_msr_399213,India din raat development kr rha h n krega  tu bss jaal Pakistan,CAG,1
facebook_corpus_msr_399214,Hmri army k sar kat k le gye h itne ghatia admi se hmlg discussion kyu rhe h mujhe ni samjh aarha h bara aye h kashmir kashmir krne apne country sambhlti ni ar kashmir kashmir hmsa kashmir to india ki h ar rhyegi v jake Pakistan sambhlo kahi terrorist 1 din Pakistan na ura de,CAG,1
facebook_corpus_msr_399215,Ar iss incident ka badla jarur lnge yad rakhyo Pakistan,CAG,1
facebook_corpus_msr_399216,Shweta Singh my Pakistan army ka jwan hon. Rat ko akar ap apny jwano ka badla ly sakti hy😜😜😜😜😜😜😜😜,CAG,1
facebook_corpus_msr_399217,Ap k India sy Pakistan ny janam lea. Bangladesh ny lea. InshaAllah khalistan b bany ga. Naga land b bany ga. Tokry Tokry ho jayga India,CAG,1
facebook_corpus_msr_399223,O musle salwar ta pehla i payi e tuc hun asi churian paun v la dene.,CAG,1
facebook_corpus_msr_399225,Richa Singh ap k pass kya h pury India mai black people Kabi Pakistan ki people deikho tmhary hoosh thikhany aye k pak kya h tm Jessy wessy he pagal ho jao pak akr poor people 😂😂😂,CAG,1
facebook_corpus_msr_399226,Richa Singh Kr lo Jung puri dunniya mai Muslim baqi rhy ga lekin Hindu khatam kr dy gy k koi India b hota tha 😂😂😂,CAG,1
facebook_corpus_msr_399242,"झूठ से सर नही ढका जाता ,हर हाल में बेईमान हो",CAG,1
facebook_corpus_msr_399244,"Hahaha ek bomb udher ek udher, usk bad Muslim k tu or boht countries hain, Hindu ka name nishan Mit jaye ga dunia say,",CAG,1
facebook_corpus_msr_399245,tum geedr ho lions ka moqabla krna tumhary bs ki bt nhi  nhi or ya khala g ka ghr nhi k boomb phenko gy tum to aysy bol ry ho,CAG,1
facebook_corpus_msr_399246,bhi kya atom bomb atom bomb kar rahe ho. apko malum hia ki kon sa country ka bomb ka kitna distruc radius hai. bas gavar ki thara lad rahe ho,CAG,1
facebook_corpus_msr_399247,Sapne me hai Muzamil Shahzad Bhakti beta so ja hindu ko khtm krne ke lye Pakistan jaisa 100aur country banane padenge,CAG,1
facebook_corpus_msr_399248,"Hahaha beta Google kr,  comparisons kr Pakistan and Indian missiles ka, jitni dair me India pak ko khatam kry ga us say pehlay Pak k missile India ka name o nishan mita dain gay, Muslim tu phr b zinda rahay ga, Hindu phr museum me e milaian gay 😂😂",CAG,1
facebook_corpus_msr_399249,Ye hindu siyasatdaan boht thande aur kamzor dil ke hote hain jis din par jis din inhone khulli choot dedi border par sikho jaato aur rajputo ne wapis lahore tak ghusna hai jaise 1965 tak ghuse they,CAG,1
facebook_corpus_msr_399250,oy gedrro hm muslims fsad nhi krty fasad tum geedr phyla ry ho mgr jo mrzi kr lo him muslim k ghr py kbza krny ka dream dakna chor do,CAG,1
facebook_corpus_msr_399251,"Mintu Kumar tum khd check kr lo Ghouri and Shaheen ka radius 5000+ km hai, India me just rakh bachay g,",CAG,1
facebook_corpus_msr_399253,"Chanpreet Singh yahan b sb rajpoot, jutt, hain, or tum sb ka bap pathan, jis din ghus aye na chupnay ki jaga nhe milay g,",CAG,1
facebook_corpus_msr_399256,"Apne country k baccho ko toh bachao pehlae kabhi school toh kabhi college pe terrorist attack hota rehta h! Voh terrorists jo Tumlog ne apne ghar mein paale the par kabhi -kabhi tumhae he Dhoka dey jaate h, Kahi humare chakkar mein tum logon ka future Naa problem mein aa jae!!",CAG,1
facebook_corpus_msr_399258,1965 1971 kargill 2002 me nakli jaat rajputo ka kya haal hua tha khuda gawaah hai inshahallah wapis wahi hi hoga allah bhi galat bando ka sath nahi deta tumne har jung haari hai kuki tum bujdil kom bujdil army ho wapis har jaoge,CAG,1
facebook_corpus_msr_399259,hm muslim apni jan ki prwa nhi krty isi lea aj b kshmeer m muslman shaheed ho ry han mgr Pakistan ka nara bulnd kr ry han india ko qbool nhi kr ry apni jan dy ry han lekin 1 din kshmeer hm azad kr k rahen gy,CAG,1
facebook_corpus_msr_399260,Khalistan bhilenge inshahalllah wo lahore aur punjab bhi le lenge jo maharaja Ranjeet singh ka sikh Empire tha mukammal khalista bina nankana ke bina nahi hoga tum jung shuru karo modi ne green signal diya nahi ki khalistan bhi ban jayega aur Baloachisstan bhi azaad 😃,CAG,1
facebook_corpus_msr_399261,aur kitne bar haroge yudh me india se 😂😂 besarmi ki had hoti hai  puri duniya thukti hai tum pakis pe .😂😂😂,CAG,1
facebook_corpus_msr_399264,Google pe search karo kitne bar dhul chate ho inida se fir bakwas karna 😂😂😂,CAG,1
facebook_corpus_msr_399265,Tum log ne bass Kashmir ka ratta Lga rakha h!  Grow up kids!,CAG,1
facebook_corpus_msr_399267,Tumlog Itnae Darpok ho ki tumhari saari army border par he rehti h😂😂😂,CAG,1
facebook_corpus_msr_399269,"Bichaare!  Tabhi tumhare country k Andar terrorists Mazzae karte h Sharam karo UN ne bhi warning dey di h tumhae,  kya chahiyae Putin (Russia), America, India  ek Sath tumhae btae! 😂",CAG,1
facebook_corpus_msr_399272,"Turkish President Recep Tayyeb Erdogan NE Kashmir problem ke solution ke liye mediation ki offer ki, to India NE ye drama khela, ta ke dikha sake Turkey ko, ke dekho Pakistan ke kaam :-)
Lekin drama fail hua, Pak Turkey dosti Zindabaad, :-)",CAG,1
facebook_corpus_msr_399274,"Tum Lahore aur Punjab ki baat kartay ho, choti soch ha tumhari. Abhi gazwa hind hona ha aur pura subcontinent ham nay cheen lena ha Chanpreet Singh.",CAG,1
facebook_corpus_msr_399277,Beta sapna dekh te rah free of cost miles jayga,CAG,1
facebook_corpus_msr_399278,Jaise K ap log sapne daikhrahi hy Pakistan pe attack karne ki.  Hahahahahaha,CAG,1
facebook_corpus_msr_399280,Bahi koi Hindu baat kry to samaj ati ha ya sikh jin ko Hindo qatal krty hn maqadas maqam. DARBAAR SAHB ki bahurmiti or mazloom sikh bahnoon ka rap or ya in ki boli bolty hn.,CAG,1
facebook_corpus_msr_399282,Bk Mishra apko Apki shining India ka face dikhata hon.. Ak report k mutabiq shining India my 5 crore oraty piat bharny k leay dhanda karti hy. Tmhary kisan suicide Kar rahy hy ghurbat ka ye hal hy k 40 crore logo ko sirf Ak time ka khana milta hy. Rape cases my b ap ka indea Ksi sy kam nahi kitny bahar mulk k toarest rape k bad qatal hogay. Tmhara baharat toot raha hy. Hafta pahly ap k 26 commands kotty ki mot Mar gay,CAG,1
facebook_corpus_msr_399283,Bk Mishra or kuch jankari chahey apko Apki shining India ki???,CAG,1
facebook_corpus_msr_399285,"Jitana India ka defense budget hai utana
Tumhara all over budget hai",CAG,1
facebook_corpus_msr_399286,Kalotra Pankaj Jung gola barod sy nahi himat or bahaduri sy Lari jati hy. Himmat hy to btao apny modi ko k foj ko border par ly ao. Pata Chal jayga,CAG,1
facebook_corpus_msr_399292,"Tb tum logo ki army kaha thi,jb pak Jawan 250 meters andar ja rahe the....darpok qoam",CAG,1
facebook_corpus_msr_399293,are bhulgay 1971 war tumara 93k solider ko bina mare choddiethey,CAG,1
facebook_corpus_msr_399294,Hehehe jhoot bhol kr khud ko tasalli dai skte hu,CAG,1
facebook_corpus_msr_399295,रुक जा पाकिस्तानी देखता जा क्या होगा अब ।। मोदी जी को जानते होना दुनिया का सबसे खरनाक नेता है ।। 😈,CAG,1
facebook_corpus_msr_399296,Tv देख पगलु तेरी फ़ौज़ पे भारतीय सेना भूखे शेर की तरहां टूट पड़ी है ।।,CAG,1
facebook_corpus_msr_399300,"Wo tum logo ko hm se zyada behtar pata hai,Mera muo ab na kulwaow",CAG,1
facebook_corpus_msr_399304,Richa SinghAp ka media itni c baton ko itna issue bna leta ha,CAG,1
facebook_corpus_msr_399305,अबे भिकारी साले पता नही किस बात की अकड़ है ।।,CAG,1
facebook_corpus_msr_399307,Saari army tumnae apni apne border par he Lga Rakhi h Tabhi sayad tumhare country k Andar tumhare paale huae terrorists innocent school K baccho aur college K students ko maar k chali jaati h!  Humare chakkar mein kahi tum logon ki aane wali generation problem mein naa aa jae!  Grow up!  Act like a humans!,CAG,1
facebook_corpus_msr_399319,India to bc duniya pa raj krti hai na veto power hai Jaisy... Baatain to aisy kr rhy han jaisy Pakistan in k paiso pa pal raha..  Is bar 2 mary han aur chahiye huay to btana..  Apki overpopulation khatm krny ma help kr dain gy..  Afterall hmary neighbours ho ap,CAG,1
facebook_corpus_msr_399324,Shubham g gall na deso..  Bhae apki majbouri ni bs phati hai..,CAG,1
facebook_corpus_msr_399329,Ye ab hameshan ki tarhan surgical strikes karain ge howabon me hahaha,CAG,1
facebook_corpus_msr_399340,"Mortar aur rocket ke hamle men dono senik maare Gaye, phir Pak Army ke fauji India men ghus kar aaye aur inka apman kiya..... Bharti sena ke fauji itni aham post per kya taash khel rahe they.....?????",CAG,1
facebook_corpus_msr_399341,"Tum log Itnae geedr jo Ho harr vaqt ulti Sidhi harkat karne K firak mein rehtae ho, but Humein imp.  Kaam bhi hota h! As we are developing 🙏",CAG,1
facebook_corpus_msr_399345,"Seema per duty dene wale faujiyon ka kaam kya hota he, developing ji.",CAG,1
facebook_corpus_msr_399347,"Richa singh hmne to army border pa rakhi hai..  Apki to delhi ma March kr rae hoti hai , border pa to apki gaye mata raksha kr rae hoti hai.. 😂😂 aur agr ap log #kalboshan jaisy logn k bjaay mardon ki trha larty to kabi b hmari country ma terrorist attack na hoty",CAG,1
facebook_corpus_msr_399348,"Turkish President Recep Tayyeb Erdogan NE Kashmir problem ke solution ke liye mediation ki offer ki, to India NE ye drama khela, ta ke dikha sake Turkey ko, ke dekho Pakistan ke kaam :-)
Lekin drama fail hua, Pak Turkey dosti Zindabaad, :-)",CAG,1
facebook_corpus_msr_399356,ye jo kiya hai ye sirf trailor hai just stay down and beg for merci,CAG,1
facebook_corpus_msr_399359,"Apne country k baccho ko toh bachao pehlae kabhi school toh kabhi college pe terrorist attack hota rehta h! Voh terrorists jo Tumlog ne apne ghar mein paale the par kabhi -kabhi tumhae he Dhoka dey jaate h, Kahi humare chakkar mein tum logon ka future Naa problem mein aa jae!!",CAG,1
facebook_corpus_msr_399360,"Sale...Ghar to samhal nehi jata...Aye kashmir lene...Sale...Niti nehi hai...Sale..Do jawano aise mara unake badla to hoga hi...Aur.
Jaldi hi",CAG,1
facebook_corpus_msr_399361,"Thok dali do post tumhari.
.

.
Khali Sikh ko govment ne allow kar diya to 
""Wahe guruji da khalasa wahe guru ji di fateh""",CAG,1
facebook_corpus_msr_399365,Surgically strike w/o hoti hy jo dushman b apni zuban sy kahey weldone pak army,CAG,1
facebook_corpus_msr_399367,"Janab ab 2 ka badla 200 se hoga, apne andar jhaank k dekho jarurat pade toh Google kro ""world best army""

TV kholo Indian army bas upar se order ke firaq me hai",CAG,1
facebook_corpus_msr_399369,Gupta g ubi tak apki army ko oper sy order ni mila?  Ya phat gae 😜,CAG,1
facebook_corpus_msr_399373,"Vaah!  ab TV pe bhi jassossi Har vaqt Tumlog India mein ghusnae ke tareekae dhoondhtae rehtae ho, aur agar ghus gye aaj Thoda toh, itni khusi, Issi chakkar mein tumhari saari army tumnae border par he Lga Rakhi h 😂😂😂 Aur Andar tumhare paale huae terrorists tumhae HR Dhoka dey ke Mazzae karte h, innocent school K baccho ko maarte h, kahi humare chakkar mein tumhari aane wali generation naa problem mein aa jae! 🙏",CAG,1
facebook_corpus_msr_399375,Saare terrorists Muslims the tumhare ISISI k Bandae jinhae tumnae paale h aapne ghar mein par ab Voh tumhare control mein he Ni h 😂😂 unhone he aps pe attack kia tha... Apne army ko Andar bhi rakha karo baccho ki safety k liyae humesha India se ladnae k chakkar mein rehtae ho! Shayan Haroon,CAG,1
facebook_corpus_msr_399383,Beta tum logo k bahut bure din aane wale hai,CAG,1
facebook_corpus_msr_399404,Chup ker kya . ghusssss ker mara a. Jo tum log movies may kerte ho hum real may kerte hain.,CAG,1
facebook_corpus_msr_399405,Tujhe aaj tk tery baap ka bhi pta nh chla..saly,CAG,1
facebook_corpus_msr_399407,Hamary jawan samany say he aye thy nepal ka bordar say to ni aye thy salo apny jawano ko chor ky bhag jaty ho shaar to khaen gay na,CAG,1
facebook_corpus_msr_399410,"Khabar aayi 3 chokiyan dhwast ho chuki hain. Jab tak Barkha Dutt modiji ke samne jaake chudiyan na tode, pelte raho pakio ko. 

Jai Hind.",CAG,1
facebook_corpus_msr_399414,Hum ko pata bhi Nahe our surgical strike bhi ho gaya Ye chutia bana rahe hn,CAG,1
facebook_corpus_msr_399417,kasme se yr ager india me puri power humare sardaro ke pass hoti aaj india hota ja pakistan  humare sikh toh ik tarf ki baat kar dete ja hum toh ha woh  hum modi jese nai bar bar goli khai jao phla ik sikh ko pardhan mantri benaya but sali power hindu ke pass thi   india me koi jawan shaid hota hai toh  sare sochte hai ki india ki army kamjor hai sali is me humare sikh kaum ki b bejti hoti hai 😡😡😡😡,CAG,1
facebook_corpus_msr_399424,"hum ne tu aap ki surgical strike accept nai ki thi, aap tu accept kar rahe hu 250 metres under tak agai pakistani. hahahahahahahah",CAG,1
facebook_corpus_msr_399426,"Thok dali do post tumhari.
.

.
Khali Sikh ko govment ne allow kar diya to 
""Wahe guruji da khalasa wahe guru ji di fateh""",CAG,1
facebook_corpus_msr_399431,"Daro mat public pe attack nahi hoga
.
.
Thok dali do post tumhari.
.

.
Khali Sikh ko govment ne allow kar diya to 
""Wahe guruji da khalasa wahe guru ji di fateh""",CAG,1
facebook_corpus_msr_399433,"Kalotra Pankaj..yahan filmy batain nhi horahi hai..asli jung ki baat horahi hai..
Thokne wale thok ke chalegaye",CAG,1
facebook_corpus_msr_399436,O hahahhaha wo sab mary gaye jinho nay attack kiya tha or hamary jawan mahfuz hen sab kisi ko kuch ni hua,CAG,1
facebook_corpus_msr_399449,baber khan kashmir ke chakkar me apna pakistan mat gavan dena,CAG,1
facebook_corpus_msr_399451,Do din rukne ki jarurat hi nhi aaj hi mar le Pak army ki,CAG,1
facebook_corpus_msr_399453,Baber khan hamari media to sahi dekhati hai tumari media tumko kuch nhi batati,CAG,1
facebook_corpus_msr_399464,Tum bheekaree ki aulad.... 1947 mein humse 65 crore bhik toh liya tha .. Ki bhool gaya.. Jaa apni aammee see pooch le,CAG,1
facebook_corpus_msr_399474,Nitesh Patel bhai phly b sir g kal strike ka bhunda drama kia ab phr chuss,CAG,1
facebook_corpus_msr_399475,Kya bol raha  hai dost.. Kuch  samaj nahii aaya...,CAG,1
facebook_corpus_msr_399483,Nitesh patel agar 2020 tk nawaz sharif na aya tmhary pas for mercy to??  Deal krty han 😈,CAG,1
facebook_corpus_msr_399489,"Ye hoti Hai Surgical strike 😜
Bachy Ho Randians Tum log😂😂😂
Pakistan Zindabad✊",CAG,1
facebook_corpus_msr_399492,Tere baap logo film hamari  army  dikhay gi saale,CAG,1
facebook_corpus_msr_399493,hahaha sushil tm log bs apni movies m surgical strike krskty ho ya phr roads py ja k krskty ho toilets bna lo phly salay bhekaari tm kya bigaro gy hmara .. hum.moat s nhi darty ajao dekh lengy,CAG,1
facebook_corpus_msr_399499,Is ko kehte hain andr gus k marna filmon mai nai haqeeqt mai haaaaaahaaa,CAG,1
facebook_corpus_msr_399501,indian army . agar apna jawan ko akala nahi bajana. inka katillo ko sat jana ho ga.  2 ka badala 20 . jai hind.,CAG,1
facebook_corpus_msr_399503,"भारत में निंदा करने को ही कारवाही समझ जाता है, अरुण जेटली ने निंदा कर् दिया, बात ख़त्म।",CAG,1
facebook_corpus_msr_399507,"Bhai 
Ye paakistani muslim totaly qasaai zaat ke he.
Islamic to ho hi nahi sakte.",CAG,1
facebook_corpus_msr_399508,Sabar beta..bhot jald hindu tum sb ki marny waly ha..phr chikh chikh k pakistan ko help k liye bulaogy..,CAG,1
facebook_corpus_msr_399510,Per paak aur kashmir terrorist jo paak trained he unki band bajaa denge,CAG,1
facebook_corpus_msr_399514,"Agar jung hui
25 % nuqsaan ke baad bhi hum 100 cr bachenge.
Lekin aap 18 cr full finish",CAG,1
facebook_corpus_msr_399515,Nuclear weapons k aagy 125cr k koi auqat nhe boss..tum tu musalman ho..tumhain andaza tu hoga na k tumhari army kitni phatto ha..or ek musalman ka dill kitna mazbbot hota ha..pak army ny saaf mana kiya ha k hum ny kesi ki laash ki behurmati nhe ki..ye sb wesy he ek jhhot ha jesy tumhary buzdill army ka surjicl strike..,CAG,1
facebook_corpus_msr_399516,"Nahi bhai
Paakistaniyo per bharosa nahi
Wo Laaden Daud jaiso ke saathi he.
All world me badnam he.
Phir bhi waseem akram shoeb bhai hamare he pyare cricketer.
Fawad bhi
Per paak ka koi bharosa nahi apno ko nahi chorta",CAG,1
facebook_corpus_msr_399517,"60 saal pehle india se jo musalman paak gaye.
Aaj tak aap logo ne unko nahi apnaya.
Muhajir kehte ho muslim ko.
Yaha hum sab hindu muslim ek hai.
Thodi bohot jo fasaadat phelate hai wo siyasat daan hai.
Per hum log unki chalne nahi dete.
25 crore muslim he india me",CAG,1
facebook_corpus_msr_399519,Ks ny kaha..ary bhe 60 saal pehly jo yahan migrat kr k aaye thy..mn bhe unhe mn sy hon...bakhuda..kesi dusry qoum sy hum log bhot achi zindagi guzarrahy ha..muhajir tu hamari apni cast ha..hum khud ko bolty ha..s mn koi burai tu nhe..hamary ashaba bhe muhajir thy..,CAG,1
facebook_corpus_msr_399520,khan choro yar ye hindu h muslim name ki id banai hogi,CAG,1
facebook_corpus_msr_399524,Juzer Hussain sahb..abhe tk jo thorra bhot ap log india mn saans lerahy ho..ye bhe pakistan ki wajha sy..,CAG,1
facebook_corpus_msr_399533,"अब कहो क्या ख्याल है सर्जिकल स्ट्राइक के बारे में..?यह होता है सर्जिकल स्ट्राइक अंदर घुस के मारा है और सर काटा है... इस सर्जिकल स्ट्राइक के बारे में तुम्हारा अपना मीडिया बोल रहा है हाय मार दिया हा हा हा हा...

बेवकूफ हिंदुस्तानी जनता अभी कल की ही बात है 25 सीआरपीएफ जवानों को नक्सलवादियों ने मार दिया...

क्या उखाड़ लिया तुमने नक्सलियों का..?

अगर पाकिस्तानी फौजियों ने दो फौजियों का सर काट दिया है तो क्या फर्क पड़ता है..?

वैसे भी तो आम फौजी खुदकुशी कर रहे हैं ना रोटी मिलती है ना दाल मिलती है ना छुट्टी मिलती है",CAG,1
facebook_corpus_msr_399542,"Jo Pakistani army ne kiya hai, wo hi Indian army bhi karke dikhaye, tabhi kaha jayega Muhntod jawab",CAG,1
facebook_corpus_msr_399546,"जब चौराहों पर हत्यारे महिमा-मंडित होते हों
भारत माँ की मर्यादा के मंदिर खंडित होते हों
जब क्रश भारत के नारे हों गुलमर्गा की गलियों में
शिमला-समझौता जलता हो बंदूकों की नालियों में
अब केवल आवश्यकता है हिम्मत की खुद्दारी की
दिल्ली केवल दो दिन की मोहलत दे दे तैय्यारी की
सेना को आदेश थमा दो घाटी ग़ैर नहीं होगी
जहाँ तिरंगा नहीं मिलेगा उनकी खैर नहीं होगी
🙏🏽🇮🇳🇮🇳🇮🇳🙏🏽
 Jay Hind ki sena",CAG,1
facebook_corpus_msr_399549,"Hame aap per Hamesha Garbh rahega, jab tak Suraj Chand rahega Sipayi O Tera Naam rahega.**JAI HIND KI SAINA**",CAG,1
facebook_corpus_msr_399559,"(एक माँ कश्मीर मे पिटने वाले फौजी बेटे से)

फोन किया माँ ने बेटे को........तूने नाक कटाई है,
तेरी बहना से सब कहते .........बुजदिल तेरा भाई है!

ऐसी भी क्या मजबुरी थी........ऐसी क्या लाचारी थी,
कुछ कुत्तो की टोली कैसे........तुम शेरो पर भारी थी!
वीर शिवा के वंशज थे तुम......चाट क्यु ऐसे धुल गए,
हाथो मे हथियार तो थे.......क्यु उन्हें चलाना भूल गये!
गीदड़ बेटा पैदा कर के............मैने कोख लजाई है,
तेरी बहना से सब कहते .........बुजदिल तेरा भाई है!!

              (लाचार फौजी अपनी माँ से)

इतना भी कमजोर नही था.......माँ मेरी मजबुरी थी,
उपर से फरमान यही था.......चुप्पी बहुत जरूरी थी!
सरकारे ही पिटवाती है..........हमको इन गद्दारो से,
गोली का आदेश नही है.......दिल्ली के दरबारो से!
गिन-गिनकर मैं बदले लूँगा.....कसम ये मैंने खाई है,
तू गुड़िया से कह देना .... ना बुजदिल तेरा भाई है!!👇🏿",CAG,1
facebook_corpus_msr_399562,Lagta ha bozodil Pakistan ka naksha duniya say gayab hoga Hindustan ka 125 crore say pagga matlow,CAG,1
facebook_corpus_msr_399563,Lekin iska badla jarur lenge... bekar nahi jayega..... aisa koi bolta hai,CAG,1
facebook_corpus_msr_399580,Yea missiles kis liye banaye hai chodo aur  map she Pakistan ki nistanuboot kar do ham se achha to Israel hai pura badla leta hai.,CAG,1
facebook_corpus_msr_399612,"Ab maan leya ghus k maarna yahi hota hein,, Kashmir ka badla hein ar letey rahengey",CAG,1
facebook_corpus_msr_399614,Sapna dekh te  rah sale free of  cost h,CAG,1
facebook_corpus_msr_399620,"सावधानी हटी दुर्घटना घटी... 

शर्म की बात है कि पाकिस्तान 250 मीटर भारत में घुसकर सर्जिकल स्ट्राइक करके हमारे भूखे,कमजोर सैनिको की गर्दन काटकर सर ले गया सबूत के रूप में, भारत के सभी विभागो के गद्दार कर्मचारी और अधिकारी सैनिको का भोजन बेचकर घटिया खाना सैनिको को खिलाते हैं जिससे सैनिक कमजोर हो गया है और वो दिन भी आ सकता है कि पाकिस्तान 250 मीटर की जगह 250 किमी घुसकर दिल्ली के भ्रष्ट,गद्दार कर्मचारियों और अधिकारियों(जिन पर हमारे नेता आँख बन्दकर भरोसा करते हैं) को मार दें और हमारे सिपाही कमजोर होकर कुछ नही कर पाये घटिया खाना खाकर....",CAG,1
facebook_corpus_msr_399624,hahaha lagta tab Indian army IPL dekhny m busy thi,CAG,1
facebook_corpus_msr_399625,Yahan pay sab indians ko saanp sungh gea ha na.yeh to indian army ka banda ha na,CAG,1
facebook_corpus_msr_399627,चिंता ना करो। जल्द ही हम मनमोहन सिंह को निंदा करने के लिए प्रधानमंत्री बना देंगे। आप लोगो से ज्यादा एक्सपीरियंस है उन को।,CAG,1
facebook_corpus_msr_399629,Chalo hum surgical strike saboot k saath krte ha.........media pe interview dekr nahi😂😂😂,CAG,1
facebook_corpus_msr_399632,Abhi eit ke jawab partner se Dena parega Bharat ko . Pakistan ek atan badi mulk isme koi sandahe nahi . Saccha muslims country Aman ke raha pe jati he na deshagaddi ke rahpe . Aur aatank ki koi daram nai hotahe.,CAG,1
facebook_corpus_msr_399633,O yar India walo tm sirf bahoballi 2 enjoy Karo. Tmhary jwan social media par roty rehty hy k humy khana nahi dea jata bhok sy Mar gay,CAG,1
facebook_corpus_msr_399634,"Ager yeh such hy to 
Is ko kehty hain,,,, ghus k marna,, 

Surgical, strike ka saboot to LA nah saky , khair ,
2nd bat yeh hy ,  jb border py khary ho to larai to ho ga na,",CAG,1
facebook_corpus_msr_399635,Arey Modiji Kashmir mein Goli chalna ka ijjazat de sakte ho . Pakistan kn lagta h tmara.q nai hamari army ko bol rahe h .khatam kar de Pakistan ko,CAG,1
facebook_corpus_msr_399646,Ghuskar seema mein nojawa n maar diye aur bgaghat kehte the lahore v mila lenge india mein...,CAG,1
facebook_corpus_msr_399648,"मोदी सरकार को लगभग 3 साल पूरे होने को आये ।
सरकार तकरीबन हर क्षेत्र में बेहतरीन काम कर रही है ।
बिपक्ष के पास मोदी सरकार को घेरने के लिए एक भी मुद्दा नही है ।
पिछली सरकारें जहां आकंठ भ्रष्टाचार में डूबी हुई थीं और Policy Paralysis से ग्रस्त थी वहां ये सरकार हर क्षेत्र में बेहतरीन काम कर रही है ।
हाल में सम्पन हुए 5 राज्यों के विस् चुनाव और दिल्ली में MCD चुनावों में मोदी जी और भाजपा की जबरदस्त जीत से बौखलाया विपक्ष मोदी सरकार की आलोचना के बहाने खोज रहा है जो उसे मिल नही रहे । 
ऐसे में एकमात्र मुद्दा जो उन्हें मिलता है वो है काश्मीर में पाकिस्तान Sponsord इस्लामिक जिहाद में मारे जा रहे हमारे जवान और देश के 100 से ज़्यादा जिलों में फैली माओवादी नक्सली हिंसा .......... ये दोनों बड़ी पुरानी और बड़ी गहरी समस्याएं हैं जिनका अल्पकालीन तात्कालिक हल नही खोजा जा सकता । दोनों में विदेशी ताकतें शामिल हैं । 
ऐसे में काश्मीर और नक्सली हिंसा को ही विपक्ष मुद्दा बना सकता है और बना रहा है ......... मोदी सरकार के खिलाफ कोई घोटाला भ्रष्टाचार या विकास कार्य न करने का issue तो है नही ........ सिर्फ Islamic Terrorism और Naxalism ही एकमात्र issue हैं जसपे मोदी सरकार को विपक्ष घेर रहा है ।

में देख रहा हूँ कि राष्ट्रवादी लोग भी इस Trap में फंस रहे हैं ।
ये समस्याएं रातों रात हल होने वाली नही .......

विपक्ष का Canon Fodder मत बनिये । 
ये मत भूलिए कि Its a War ...........
War में शत्रु जब हमला करेगा तो casualties तो होंगी ही । 

अपनी ही सरकार के खिलाफ Canon Fodder मत बनिये ।

भाई अजीत सिंह की वाल से।",CAG,1
facebook_corpus_msr_399655,Start Indian army krti hai to end pak army krti hai.. Pak zindabad,CAG,1
facebook_corpus_msr_399662,Esay kehtay hain gus k marna jus ko dushman b manay,CAG,1
facebook_corpus_msr_399668,चंगेजी संस्कृति में डूबे पाकिस्तान से किसी भी स्तर पर सम्बंध कब तक ढोये जाएंगे????,CAG,1
facebook_corpus_msr_399670,"क्या इसे ही सर्जीकल स्ट्राइक कहते हैं वो भी रात के अंधेरे में नहीं, दिन दहाड़े",CAG,1
facebook_corpus_msr_399674,Ghar me ghus k Mara wah kia bat hy pak army ki,CAG,1
facebook_corpus_msr_399681,Chalo shukaar ab un ko saraai hoyai daal  nai kanai parai gi😂😂😂😂,CAG,1
facebook_corpus_msr_399743,ये पाक की सर्जिकलस्ट्राइक है और हमारी सेना ने अच्छा जवाब दिया,CAG,1
facebook_corpus_msr_399754,1.Badale .. 10. sir Layega modi... mediya ko pata hai Kab Layega modi. 10+10=20,CAG,1
facebook_corpus_msr_399776,"Hahahaha
Apne surgical strike yaad hai 
#COAS ne kaha tha badla lengy",CAG,1
facebook_corpus_msr_399800,oooh bad news aisa nahe karna cheheye tha ghus ke mara salo ko,CAG,1
facebook_corpus_msr_399801,Modi  ji   navaj  sharif  ko   birthday    ka   gift    or    deo,CAG,1
facebook_corpus_msr_399817,Shakal dekh mulle apni surgical strike toh India ne ki thi 70 se 100 mullo ko mara tha,CAG,1
facebook_corpus_msr_399819,हमारे सरकार का बस नाम है काम नही अगर काम होता तो आज हमें ये दखने को नही मिलता,CAG,1
facebook_corpus_msr_399835,60 Sal pehele jina ji ne Kia he oh kum he kiu . India me Muslims surakshit he Pakistan se . Ek do chtote  wakia de kar app samaj te ho 20 crore Muslims asuraksit he aur Kashmir me agg Pakistan gov laga rahe hea. Paise de kar patthar baj aur chang lok kharide aur jhute wakia karwai sakta he.,CAG,1
facebook_corpus_msr_399836,"Porki public accepte nahi kar pa rahi dar k mare lekin indian army public pe attack nahi karegi to chinta Na karo 
...
.lekin porki army ki 
Thok dali do post 
.

.
Khali Sikh ko govment ne allow kar diya to

""Wahe guruji da khalasa wahe guru ji di fateh""",CAG,1
facebook_corpus_msr_401243,"Minister JEE
AK thapki.apne ghr kr leye
Bhi rkhe Lena 
Jrurt pde skti ha
👍👍👍👍👍",CAG,1
facebook_corpus_msr_401244,minister ji apko sarab bnd krne k lia action lena chahia,CAG,1
facebook_corpus_msr_401245,Kuch kro to Problem N kro To Problem Kbhi To Unity Dkhyo Yr..,CAG,1
facebook_corpus_msr_401246,isse kyo drte ho ..kyoki isse govt. ko profit h,CAG,1
facebook_corpus_msr_401739,ये लो भक्तों....तुम्हारे फूफाजी तो चोट पर चोट दिए जा रहे है। और तुम अपने फूफाजी की जीत के लिए हवन कर रहे थे। हवं में कहीं 25 रु किलो वाला घी तो नहीं डाले थे ?,CAG,1
facebook_corpus_msr_401744,"Jo bhakt is trump ki wahwahi kar rahe the un unpad gawar logo ko itna pata hona chahiye the ki ye Indians ko bahar nikalne k mudde ko lekar hi jeeta h... 😂😂

Modi k sath ek photo khichwa liya toh isle bhi supporter ho gye. 
Hadd h aisi bhakti bhai😂😂",CAG,1
facebook_corpus_msr_401745,America se Indian S agar vahar nikal gye to America barbaad ho jayega kyuki NASA or google credit card Bahut Sari company ke CEO Indian hai Bhai bo bhi Hindu,CAG,1
facebook_corpus_msr_401749,Bhakto ke papa kya bola. America me marejane wale sare HINDU ye kya horaha hai. Gay rachadal India me muslim ko mar rahahai sayad American uska badla le rahahai kya.,CAG,1
facebook_corpus_msr_401751,Desh me gay racha ke nampe Attank pe khamos media or government ne majbur kiya Bhai. Maine kosis kihai aayna dikhaneki sayad samjho. Desh me rahne wale har dharam kelog ko insaf or respect chahia. Gay ko itna important nahi banado ke insan ki value khatam hojaye.,CAG,1
facebook_corpus_msr_401752,Bilkul bhai atyachaar k khilaf awaaz uthao but kbhi desh k khilaf kuchh galat mat bolna.,CAG,1
facebook_corpus_msr_401756,Hahahaha bhai america se sab lena band kardo ghutno pe ane mein jayada der nahi lagegi,CAG,1
facebook_corpus_msr_401757,भाई भाई का नहीं हुआ धोखेबाज़ कहीं का तुम को लाने के लिए कितना हवन कुंड किया था यही दिन देखने के लिए हमारे अपर ही ऊँगली उठा दी,CAG,1
facebook_corpus_msr_401761,Shi kha hum apne village me factory k pollution k khilaf awaj uthate he to hmare pr hi companies ko tng krne ka arop lga kr case kiya  jata he,CAG,1
facebook_corpus_msr_401767,"Bhikh mang raha hai kay..

Tene pakistan ne madad karni hai si ??",CAG,1
facebook_corpus_msr_401778,कमाल है । दुनिया भर की इन्डस्ट्री खुद के देश मे लगाकर धुआँ उगल रहे हैं ।आरोप हम पर लगा रहे हैं।,CAG,1
facebook_corpus_msr_401786,"Desh mein itna gaddar hai ....
   Aur ....",CAG,1
facebook_corpus_msr_402012,"बाहुबली भाग २ रिलीज़ हो चुकी है... ""जयप्रकाश चौकसे छाप"", सेकुलर फिल्म समीक्षकों को पेट में दर्द होने लगा है... 

खान तिकड़ी और राजकपूर परिवार की चमचागिरी में जीवन बिताने वाले तथाकथित प्रगतिशील फिल्म समीक्षक जिन्होंने ""अनारकली ऑफ़ आरा"" जैसी कूड़ा फिल्म पर चार-चार सकारात्मक रिव्यू लिख मारे... वे ""बाहुबली"" को कम्प्यूटर जनित दोयम दर्जे के अभिनय वाली एनिमेटेड फिल्म बताने में लग गए हैं... *बाहुबली* की सफलता के पीछे अगर सब से बड़ी कोई बात है तो वो है, उसमे किया गया *हिंदुत्व का सम्मान* !

फिल्म शुरू होते ही *गणेश* जी की पूजा, *भगवान श्रीकृष्ण* की पूजा और भजन, *जय भवानी* का नारा, *महादेव* जी को किया गया रक्ताभिषेक और जलाभिषेक, संस्कृत में किया गया राज्याभिषेक, महिष्मति साम्र्याज्य का *संस्कृत में राष्ट्रगान* आदि कई प्रकार से *हिंदुत्व का सम्मान* किया गया है फिल्म मे।

बॉलीवुड में आज तक नाम चलता था मुगलेआजम का अब नाम चलता है बाहुबली का
सेक्युलरो में मची खलबली......।",CAG,1
facebook_corpus_msr_403240,Tere baap ka Kya jayega army ke Jawan maare jayege or innocent avaam bhi ..   idiot,CAG,1
facebook_corpus_msr_403242,tum jaisi samjhdar india hai toh hogaya kaam har baap's ka even apke bhi,CAG,1
facebook_corpus_msr_403245,"मोदी जी अब नींद से जाग जाओ, वरना  फिर आपको भगा देगी जनता, कब तक सेना के जवानों को मरवाते रहोगे??",CAG,1
facebook_corpus_msr_403274,Pan ko Aadhar se link ki zarurat kuy hai? Supreme Court ne ye bola hi nahi,CAG,1
facebook_corpus_msr_403500,Kon Dhakta hai indian film hahahaa acha hai Pakistan to wasy b lanat byjta hai indian film pe,CAG,1
facebook_corpus_msr_403508,Zarorat hii nhi hai salman Khan ki film ki hahaha lanti gai,CAG,1
facebook_corpus_msr_403844,Wo to hona hi tha kyki abhi chunaw nahi hai,CAG,1
facebook_corpus_msr_403941,Tm log sirf movies mn dialoge mar skty ho real mn giddar ho .kargil mn 65 mn 48 mn tmari oqat tmn yad dilai thi.tm bht bolty ho k hm bara mulk hn himmat ha tu border pe aao na khushboo lga kr  saly dall khor log ho tm pahly apni army ka khana du aur apny garoon mn washroom bnao phir pakistan se fight krna.,CAG,1
facebook_corpus_msr_403943,Jan wo bangaliyon ne dhoka kia tha baqi aap jo larny waly ho maloom ha hmn.tmari 15 lakh army hy pakistan ki 5 lakh lkn phir b tmary andar jurrat nai k pakisatn se fight kr sko.,CAG,1
facebook_corpus_msr_403950,Saleem miyan films km dkha kro zra real life mn aao.tm b napak aur najas hindoo k sath reh kr sathya gy ho.tmara modi gujrat ka qatil ha amrica aur englnad ne modi k visa pe pabandi lgai hoi thi.galian dany se such jhoot nai bn jata.gaiy mata ha aur bail hindoo ka pita g hn saly janwar ki olad hn .,CAG,1
facebook_corpus_msr_403955,Tho tm he aur tmari sena pe jo kargil mn apny sanik bchoon ko chor kr bhaag gy thy mujy utube dikhata ha utube pe ye b dkh k sb se bvqoof nation kon c ha stupid prime mnstr kis mulak ka ha .aur ye b dkhna k sb se bst kmando aur bst intlgnc kis mulk ki ha . Baghal mn churri  moo mn ram ram,CAG,1
facebook_corpus_msr_403958,Bchy zra ye dkho k sub muslim countries ki combind army ka cheaf hmara sher jarnal raheel shreef bna ha.oqat tmary mulk ki kya ha muslims ne india pe 800 sa hkoomat ki ha. Tm ab govt mn aai ho tu oqat se br k bol rhy ho kashmir mn 8 lakh sena lgar kr b ro rhy ho,CAG,1
facebook_corpus_msr_403959,"Jhuth hai Tahir Khan miya. Apne mulk me minority ki madad karo agar sachhe musalman ho to. Apne mulk me Education badha, public ki safety ke liye achhi government chuno, terrorist camp jo Pakistan me chal rhe hain unhe band karne ke liye abhiyan chalao. Ek baat yaad rakhna Bhai jo insan dusre ke liye gaddha khodta hai use ek din usi gaddhe me girna hai ye 200% pakki baat hai. Jo jaisa boyega use waisa hi milega. Jaisi karni waisi bharani. Abhi bhi waqt hai sudhar jao. Alhumdulila allah ke bataye huye nek kadam par chalo aur sabko sath lekar chalo",CAG,1
facebook_corpus_msr_403960,Mujy herat ha bhai k tmn modi k krtoot yad nai ya phir tm pr hindoo ka boj he jo asy bol rhy ho.tm log begna kasmirion ko marna chor du hm tmn kuch nai boln gy mn khud kashmiri hon jo tm mqbooza kashmir mn kr rhy ho na is ka hisab dna pary ga tmn.jb tk kshmir azad nai hi ga tm b chain ki sans nai ly sko gy .,CAG,1
facebook_corpus_msr_403967,Aur thu karo un pakistani army ko uo kargil mai mare apne jawano ko apna bolne se bhi piche hat gaye.. fattu ...,CAG,1
facebook_corpus_msr_403976,Teri aukaad kya ha pata hai....terrorist country ka nationality..... apna passport dikhana mat kisi ko ...😂😂😂,CAG,1
facebook_corpus_msr_403980,or hindu hamara sath pakistan mn bhi rehta hn ham unka sath diwali bhi manata hn or hooli bhi ......koi ek add incident muslim ka apus mn bhi ho jaata ha or rahi baat indian ki to lakhon wakiat hen jo bata sakta hon k hinduz na muslim ki watt lagai india mn lekin tum logon ki majbori ha mn samjh sakta hon tum log kyun hinduz ki haan mn haan.milata ho Saleem Javed Khan,CAG,1
facebook_corpus_msr_403983,India walo ao na kabhi border py . Ap ki fouj bysahk bht bari ho. Lakin Pakistan ka gar jawan fauji hy. Pakistan Zindabad. Pak Army  Paaindabad,CAG,1
facebook_corpus_msr_403988,Pakistan se jyda muslim hamare hindustan mai hai aur kashmiri muslim bhi hamare bhai hai.. aam kasmiri ko koi dikat nahi hone di jayegi.. par jo atankwad karega aur desh droh karega use jabab sahi se dia jayega.. agar paksitani comander yahi cahte hai ki atankwad se sakti se nipta jaye to dhanyawad,CAG,1
facebook_corpus_msr_404012,"India walo smajo kuch...Pakistan nay tmhry news channel khareeb lia hain.....har time Pakistan ka charcha krtay rhtay hain...
Kabi Pakistan channel walo nay b india waly dikhay hain...",CAG,1
facebook_corpus_msr_404023,"Pathan ka war hali nahi jata singh chor 25 us din mary hain new k liye ready hojao  moot peny wali qoom ho tum mujahido se fight karna tumhary bas ki bat nahi doob kar mar jay indus ki army 8 lakh fooj 500 mujahido ka kuch nahi bigar sakti balky khud hi mar rahy hain wo wakat door nahi jab hum sary gurdwary gita de gay aur lahore ma jo hai pak army any wali hai usko b bom laga de gay 
Baghat Singh kutty ko inti mar mari thi bhool gay ho narag ma gaya hai

Shaheed Burhan wani ne india army k 6aky chora diye thay moot nikal gya tha beta tiyar ho jao next hamly k liye",CAG,1
facebook_corpus_msr_404035,india sy bra terrorist country bhla koi ho sakta hai....,CAG,1
facebook_corpus_msr_404039,"Kashmiriyon ko tumhare samarthan Ki jarurat nahi..asli samarthan to tum aatankwadiyon ka karte Ho..Apni government se kaho jaa Ki tumhare desh ek badi population Jo Ki garibi,bhukh,nasha,berojgaari,siksha ke aabhav me jee rahi hai unko do apna aur apni government ka samarthan ...jao kuch karo unke liye.....Kashmiriyon ko jaese jitna samarthan chahiye hoga hum de denge..JAI HIND",CAG,1
facebook_corpus_msr_404044,Pakistan lagta hai tum history bhool gaye ho Parmanu bomb apni Rakshak Hota Hai dusro Ko Khatam karne ke liye,CAG,1
facebook_corpus_msr_404048,Fukrey log ho tum Pakistan Ka keya haal ha duniya jantee ha bukh,CAG,1
facebook_corpus_msr_404049,Uska hal to dunia janti ha..magar Pakistan nay india ka hal kia hua ha wo kasa ha,CAG,1
facebook_corpus_msr_404054,Bai desh ko sudrao nafarat seh kessi ko kush nahi mila,CAG,1
facebook_corpus_msr_404055,India bahut trakee Kar raha ha duniya salaam kartee ha IC time India ko,CAG,1
facebook_corpus_msr_404056,Ooh tum log Muslim mulko may zalil ho rahy ho...soudi.dubai.behreen..quwaat....etc..edr b main nay bry indian dykhy hain zalil hitay.,CAG,1
facebook_corpus_msr_404057,Nafraat tm loogo may ha...kisi k religion ko bura bala kehna apko ata ha...,CAG,1
facebook_corpus_msr_404059,Izaat do gay kisi ko to izaat milnay ki umeed rakhna..,CAG,1
facebook_corpus_msr_404062,Dunia ka yo pta nai .Tum logo ko ache tarha pta ha..tum logo ko hafiz saeed ka b khob pta ha...Chakrovorty Prosen,CAG,1
facebook_corpus_msr_404079,किस देश के हो भाई आप जो इस तरह का समर्थन किये हो पाकिस्तान का,CAG,1
facebook_corpus_msr_404087,Achi bat to ye k ye kadi ninda ni karte,CAG,1
facebook_corpus_msr_404088,kashmiri bayee hay apky to kashmir may pakistan ka janda q utaty hay,CAG,1
facebook_corpus_msr_404097,Puri duniya tumse nafrat karta hai salo fir vi suar suar hi rahoge.masum insan bacho ka kun pi kar tum log jinda raheto hai!,CAG,1
facebook_corpus_msr_404098,Tumrey desh meh log bukh seh mar rahay ha unka chocho,CAG,1
facebook_corpus_msr_404443,"Man ki baat ho dhan ki .. Aksay aaj kal modi se boht prbhavit hora h 
National Award jo dilwa diya 
Wrna imandari se 25 saal ho gye kuch nhi mila tha 
Ab dlali kr ke sab kuch ftak se ho gya",CAG,1
facebook_corpus_msr_404444,Real hero  mr saif pahchane ki kosis karo jo des ke liye jita haain aur des ke liye marta haain kuch aaise log haain jo khate yaaha haai. Gate kaahi aur haain,CAG,1
facebook_corpus_msr_404448,"सही मे प्रभावीत होने जैसी ही बात है
मै तो उल दिन का ईंतजार कर रहा हु ...
जीस दिन ओ ऊस  कीसान की बात करे ......जो अब भी मर रहे है,और आप प्रभावीत हो जाए ...!
और कुछ सुकुन मील जाये ...................................",CAG,1
facebook_corpus_msr_404451,Hahaha avi Aki ko award ni mila itte din se man ki bat sunra tha or sabko bata tha tabhi kahu ... Dangal me Rustam kaise,CAG,1
facebook_corpus_msr_404452,"काहे का खुश हैं बे pagal गया हैं क्या 
मोदी जी वो परमाणु बम जो रखे है 
वो क्या मायावती के दहेज में देने के लिए रखे हुए है 
या फिर मुरब्बा डालोगे उनका

नमन जवानों",CAG,1
facebook_corpus_msr_404458,Acha tujhe jyada pata hai. khiladi to abhi chamchagiri kar raha hai jo ki use nahi karna chahiye. film balo ko rajniti se bilkul dur rahna chahiye. isse uski chabi kuch logo k liye thik ho sakti hai par kuch log usse duri bhi bana lenge. aur politician ka khul kar har baar samarthan wahi actor ya actress karte hain jinka filmy career thik na chal raha ho.,CAG,1
facebook_corpus_msr_404459,Agar koi neta achchi baat kahe to use sabko support karni chaiye ham chahe kisi v party ke ho or isme koi galat baat nahi hai modi ji ne bahut achchi baat kahi hai ham sab ko unka sath dena chaiye.,CAG,1
facebook_corpus_msr_404461,Mujhe Akshay Kumar ka bete Ne ka style achha nahi laga Modi ji ki Samne,CAG,1
facebook_corpus_msr_404473,"P. M. Ke samne kaise baithna 
Ye bhi sikhana padenga kaya .?",CAG,1
facebook_corpus_msr_404478,Modi ji ..kabi hamare man ki baat v sun liya kro..,CAG,1
facebook_corpus_msr_404482,Ek ko toh NATIONAL AWARD aur dusre ko INTERNATIONAL AWARD.,CAG,1
facebook_corpus_msr_404489,avi movie aane wali hai kuch na kuch to chahye,CAG,1
facebook_corpus_msr_404539,Beta tumlog kya muqabla karo gay humsay. Jiski tum log poja kerte ho usay hum khate hain😃😃😃😃😃,CAG,1
facebook_corpus_msr_404560,पता करो nasa वालो स बात सच ह या नहि,CAG,1
facebook_corpus_msr_404566,cow  ka nam sunese sala ghin aatahe  .  ha ha hi  Mai  ginkartahu,CAG,1
facebook_corpus_msr_404664,इस नीच आदमी को मीडीया इतनी भाव ही क्यूँ देती है ...? ये मेरी समझ से परे है ...l,CAG,1
facebook_corpus_msr_404859,"jiska naam hi confusion jaisa ho....
uski baaton par log bharosa kar hai. 
;)
lolzzzzz",CAG,1
facebook_corpus_msr_404883,"उससे कुछ नहीं होनें बाला है,जब तक वीवीपेट ईवीएम से वोट नहीं डाले जाते हैं तथा उनकी स्लिपों से से काउंटिंग नहीं की जाती है !",CAG,1
facebook_corpus_msr_405069,"जनता की पैसा ..इनको मुफ्त में पिलाया...खिलाया..और ये नशेमे डूबे..तो इन विध्यार्धियोंसे  क्या उम्मीद करसकते हैं.....विद्यालय को बंद करो..या..इनको ओडिशा..बिहार के सरहद का जंगल में पाराशूट से छोड़ दो....सुधर जायेंगे....क्योंकि इनकी मौत नक्सालियों के हाथ में या चलते रहो प्यारे फ़ोर्स (crpf) के हाथों में...,",CAG,1
facebook_corpus_msr_405088,Hahahha Numbers ma zida hone ka mtlb strong hona nai hota,CAG,1
facebook_corpus_msr_405095,Ager tu feke id wala mulla nikala to tu gya bete,CAG,1
facebook_corpus_msr_405105,"Jinna sprum pak parast azdi gang ,jis des ka kaye",CAG,1
facebook_corpus_msr_405120,Un kayaron ke karya se bhi aapka deshprem kam nahi sakta.,CAG,1
facebook_corpus_msr_405976,bonal fal to  p m he  khali  yudh  aar  aapne aapko  khuda  samajhtahe,CAG,1
facebook_corpus_msr_405978,donal nehi o sala  bonal He  ghatiya aadmi,CAG,1
facebook_corpus_msr_406052,"Woh Bhaisahab ek berozgaar neta hain, isiliye iss tarah ke farmaan sunate rehte hain..",CAG,1
facebook_corpus_msr_406751,Kyonki aurat bardast hinsa ko karti purus hinsa atyachar jab tak nahi karta aurat palat bar nahi karti,CAG,1
facebook_corpus_msr_406832,"4 mins ·

#Media ne #BJP ka itna #Haraam ka #paisa kha rakha hai ki,
26 #jawaan shaheed hone ke baad bhi #Media Modi ki kamiya chhupane ke liye Tripple #Talaak par #Debate kar rahi hai....

Besharm #Bikau paid #Media...........",CAG,1
facebook_corpus_msr_406833,"#Aap ki Delhi Govt ke 2 years #devlopment ke aage #MCD ka 10 years ka #corruption jeet gaya...

reality yahi h ki #Politics krna #innocent logo ke bas ki baat nahi hai.......",CAG,1
facebook_corpus_msr_406835,sab kuc ka mtlba modi ji ka smart dream ve....,CAG,1
facebook_corpus_msr_406845,"🎵🎵🎵🎵🎵🎵🎵🎵🎵🎵
पहले ही, विचार कर लो !
दाऊद इब्राहिम का जनाजा ! Ndtv स्टूडियो से निकालना है ! या कांग्रेस कार्यालय से !
🎵🎵🎵🎵🎵🎵🎵🎵🎵🎵",CAG,1
facebook_corpus_msr_406877,Pr kbbb tren yatriyo ke liye to ticket ek yuddhya ho gya hai,CAG,1
facebook_corpus_msr_406885,Esa kaise ho gaya.. Jes ke naam se nonbealbal warant jare hoo vo kaise jail se bahar aa sakta hai.. Vo bhi gang rap.. Ke case me..v bad.. Esa kyou hoo raha hai.. Kya yahi insaf hai,CAG,1
facebook_corpus_msr_406886,Jaypraksh Yadav Bhai India me sab Kuch possible Hai paise wale Kuch bhi Kar le bahar aa jyege kanoon sirf Garibo k liye hota Hai Garib Kuch nhi bhi Kiya hoga use ye sazza de dege...,CAG,1
facebook_corpus_msr_406892,मुझे ये नही समझ मे आता है की आरोपी राजनेतायों की इतनी जल्दी जमानत कैसे मिल जाती है ....जबकी एक आम आदमी कितनी  भी नाक रगड़ लें ...आसानी से जमानात नही मिलती और सजा की तो  बात ही छोड़ीये ...!! इन नेता रूपी राक्षस को तो शायद ही कभी बड़ी सजा मिली हो ...वाकइ मे देश का कानून सबके लिये समान है ...l,CAG,1
facebook_corpus_msr_406894,Bahut khub gayatri ko jamanat dene wale ko HC ne suspend kar diya aur jamanat lene wale cycle sawar ko UP ki janta ne suspend kar diya.,CAG,1
facebook_corpus_msr_406895,"Evm ke piche padne vale Jara tere mantri ke piche pad, UP ki ma bahene surkshit rahati.",CAG,1
facebook_corpus_msr_406896,"बहुत बढ़िया .....पहली बार गलत फैसले देने के लिए जज को सस्पेन्ड किया गया ।

अगर कोर्ट सही टाइम पे सही फैसले दे तो आधे से ज्यादा corruption बिना कुछ किये ही खत्म हो जाये ।",CAG,1
facebook_corpus_msr_406899,"Dono salamat , 
ऐसे भी जज रिटायर्ड होने वाला था,
अच्छी राजनीति है",CAG,1
facebook_corpus_msr_406904,मि लार्ड कभी कभी नही रोज़ ही ऐसे काम करो ताकि माई बाप पर भरोसा बढ़े,CAG,1
facebook_corpus_msr_406911,Ek aam admi ko jamanat nahi milete iska matlab sab payesa ka kahel hie,CAG,1
facebook_corpus_msr_406929,रेपिस्ट लोगो की प्रजापति समाज में कोई जगह नही है,CAG,1
facebook_corpus_msr_407510,"Sab waheen rahte hain, chahey OSAMA ho yaa phir MULLA OMAR yah phir AL JAWAHIRI. Jab marenhay to raaj khul hi jayega. kum se kum chup raho. Proof ISI se mango",CAG,1
facebook_corpus_msr_407513,"Pakistan ka Dawood ke through India me failaye gaye terrorism... Aur bhi bahut raaz dafan ho gaye. 
Shayad Haafiz Saeed ka bhi yahi haal ho! 
Dawood is being killed by ISI",CAG,1
facebook_corpus_msr_407525,"Kal se sunn raha pura bhakt media bol raha akhri sass akhri sass, mara nhi aab tak 
Ek photo toh laa na saka bhakto k lyee
Aab akhri saas lee raha dawood ye sunn k aaya uss k ghar se😝😝😝😝",CAG,1
facebook_corpus_msr_407526,beta foto kya krna jb hamare jasoos waha hai to.,CAG,1
facebook_corpus_msr_407527,"Hahahahaaha bechara bimar bhakt..
Jo modi bol diya wo ankh band kr bhakt pee lee ye pani ho ya putt bhakt nhi dekhna chate.... sudhar jo tum sab k dimag pe control bjp rss ke hai. Yaad rakhna",CAG,1
facebook_corpus_msr_407531,Mujhe pata hai Tum aatnkiyon ka hero Osama bgdadi AUR Dawood hi ho skta h Abdul Kalam NAHI..PR isme tumhari koi galti NAHI tumlog mulla ka Islam follow krte ho AUR saccha muslmaan Allah ka !,CAG,1
facebook_corpus_msr_407541,"kon bekhari hai ye sub jantay hai kon hai jo dawood ibrahim say donation layta hai kon hai jo other countries say bheeg mangta hai like russia,israiel america india itna bhi capable nahi hai k khud ki koi invention karsakay yahan tak k more then 70 year hogaye hai per india ne aj tak apne citizen k lea toilet tak nahi banwaya lol",CAG,1
facebook_corpus_msr_407573,Muzafar Ali Shaikh..... gaali koi de sakta hai....aap v de sakte hai... o vi de sakte hai......aap agar allah ko mante ho ya ak sacha muslaman ho..... to mai ak bat aapse puchna chahta hu..... kya hamare  Quran Sharif likha hai ki hum dusre mahjab ke logo ko gaali de..... mai hindu bhaiyo se v puchna chahta hu ki kya hume hamara Bhagwat Geeta  Ved Puran me likha hai ki hum kisi dusre mahjab ko gali de... aur mai Muzafar ali shaikh aapse puchna chahta hu.... muslaman kahi v ka ho... chahe yaha ka ho ya India  ka ho ya fir pakistan ka ho...... duniya kar har sachha muslaman ka tamil ak saman hai... aapne Indian  ko RANDIANS bol kar Islam ko badnam kiye hai... kya India me muslaman nahi hai.... kya oha ka Quran Sharif alag hai? Ali bhai aap islam ko mante hai to mujhse baat karke mere sawalo ka jabab jarur dijiyega. mai aapke comments  ka wait kar raha hu,CAG,1
facebook_corpus_msr_407578,"1984 सिक्खों को मार डालने, लूटने, बलात्कार करनेवाले कांग्रेस के लोग देश के हिन्दुओं को बदनाम कर रहे हैं  ...

ईसाईयों से डालर लेकर अफगानिस्तान,पाकिस्तान,भारत,बॉग्लादेश को सीरिया बनाने वाले हुक्मरानों,तथाकथित सेक्युलर नेताओं तुम सुघर जाओं,जब अपने ही वतन को बर्बाद करोगे तो तुम लोग अपने परिवार को ईसाई देशों में पालने नही पाओगे, ईसाई देश चुन चुन कर तुम्हारें परिवार को भी मारेगा,बड़े,बड़े आलीशान बँगले, होटल सब ईसाई कब्जा कर लेगा,अपने लोगों से गद्दारी करने वालों ईसाईयों से डालर लेकर अपना स्वाभिमान मत बेंचो... 
हिन्दुओं ने सती प्रथा, बाल विवाह बन्द किया तुम तलाक... तलाक... तलाक 
बन्द करो... 
मुसलमानों की औरतों को गुलामी से मुक्त करो,औरतो को शिक्षा बहुत जरूरी है,भीषण गर्मी में बुर्का प्रथा बेहोश करता है, उतने ही बच्चे अच्छे जितने अच्छी तरह पढ़ा सके,पाल सके ...

सभी धार्मिक किताबे मानवता,अच्छे संस्कार का ही पाठ पढ़ाती हैं, लेकिन माननेवाले बहुत कम हैं और ज्यादातर लोग पंडितो और मौलानाऔं के उनके अपने विचार मानकर धार्मिक किताबों से बिल्कुल विपरीत क्रियाकलाप करने लगते हैं... 
खुद धार्मिक किताबों को पढ़े और किसी पंडित, मौलानाऔं पर पूरा विश्वास कभी नही करें...",CAG,1
facebook_corpus_msr_407579,Sandeep Lamba ek ek krk sab bure log mar jaenge 😃 natural part 2,CAG,1
facebook_corpus_msr_407586,Isko utha le lllillah iskki kabrra khodd d hai mulllah.... Barkttulllah,CAG,1
facebook_corpus_msr_407593,Hahaha India is se Dar gaya Jo k just don h ... To ISI to goos jai ki ander tmhary,CAG,1
facebook_corpus_msr_407595,Dunia chand pe pohonch gai or tm hindoo bus osi ko rotay raho... Ab karo donky ki tarha ha ha ha,CAG,1
facebook_corpus_msr_407596,Duniya Chand PE pahucha lekin tumhare liye Kashmir pahucha sapna h Abhi tak,CAG,1
facebook_corpus_msr_407597,Haha pandy g half Kashmir humaray pas hai or baki ka tmhain pata hi hai k wahan har roz PAKI flag lehrata hai ... Or tmharay pas Kashmir hotay way b tm.wahan ni pohonch saky,CAG,1
facebook_corpus_msr_407599,American news paper such world ko btaya h Indian army no1 coward in world,CAG,1
facebook_corpus_msr_407606,Terrorist hokar military hospital wow This is Pakistan kuch bhi ho sakta hai.Why koi terror family doctor nahi tha,CAG,1
facebook_corpus_msr_407607,"Aysa nahi hona chahya 
Woh aapni maot nahi marna chahya
Woh hemare desh ka gunahgar hai 
Ose humlogo k hatho se nayik seza honi chahya
Yah dokhad hai",CAG,1
facebook_corpus_msr_407609,Darse to yek bhoto nahi leke aaskte  news wale kitne jamnese ohi ye bhoto dikhaterahete hai,CAG,1
facebook_corpus_msr_407618,Logo ki baddua kaam aa gaya...ab taraptey hue Maro...jai hind,CAG,1
facebook_corpus_msr_407628,Dawood bhai kehriyat sai hai aur sahi india ka abu,CAG,1
facebook_corpus_msr_407631,Ye to Kal raat mer gaya tha ......fir se zinda ho gaya?,CAG,1
facebook_corpus_msr_407660,acha hua khud hi marrne vala hai. 72 hooro k maze lega jakar,CAG,1
facebook_corpus_msr_407671,Pata hi to ghus ke marte ku nahi ya sirf midea ke pas jankari hi hamari sarkar ke pas nahi,CAG,1
facebook_corpus_msr_407685,Sab maloom hai dawood ki baari mein toh pakda kyun nahi.,CAG,1
facebook_corpus_msr_407687,MERI   SAMAJH   MEIN   YE   NAHIN   AAYA   KE   MEDIA   TO   DAWOOD   KO   PANI   PI   PI   KE   KOOSTA   HAI   USKO   GALIYAN   DETA   HAI   TERRORIST  BOOLTA   HAI   MAGAR   JAB   BHI   USKI   KOI   PHOTO   DALLTA   HAI   TO   BILKUL   EK   HERO   KI   TARHA SE   PHOTOS   DALLTA   HAI   PATA   NAHIN   AISA   KIYO   HAI,CAG,1
facebook_corpus_msr_407689,Tu abhi India ke samne Machar he gaya tera jamana papi Mar tu,CAG,1
facebook_corpus_msr_407758,"♨♨♨♨♨♨♨♨♨♨
अंजना जी और बेटी श्वेता सिंह !
आपको नहीं लगता ! कि देश में, पून्य प्रसून वाजपेयी और केजरीवाल की स्थिति ! एक जैसी हो गई है !
♨♨♨♨♨♨♨♨♨♨",CAG,1
facebook_corpus_msr_407776,China or Pakistan tumhara wait kar rahe bhai. Vaha Chale jao,CAG,1
facebook_corpus_msr_407786,Ye log padhe likhe gulam hai angrejo ke . Tumhe dekh kar tumhare maa bap ko bhi sarm aati hogi ki aesa baccha paida kiya . Are kamse kam jo acha hai use to acha bolo . Sari jiwan to aaiswazi aur gulami ki abb to sudhar jao,CAG,1
facebook_corpus_msr_407797,😀😀😀 एक परिवार के एक सदस्य के हाथ मे पार्टी और सरकार दोनों हो तो ठीक 😀😀😀,CAG,1
facebook_corpus_msr_407799,Kejru chup ho gaya to ye suru ho gaya... 😂,CAG,1
facebook_corpus_msr_407800,Ye. Ek or. Desh. Drohi.   Khub. Khaya. Sarkari. Paisa. Dosto ke. Sath milke.      Kukur. Mutta. Hai,CAG,1
facebook_corpus_msr_408251,"🎵🎵🎵🎵🎵🎵🎵🎵🎵🎵
पहले ही, विचार कर लो !
दाऊद इब्राहिम का जनाजा ! Ndtv स्टूडियो से निकालना है ! या कांग्रेस कार्यालय से !
🎵🎵🎵🎵🎵🎵🎵🎵🎵🎵",CAG,1
facebook_corpus_msr_408252,"पर योोगी सरकार ने ज्यागा नकल की है आप वालों की इसमेृ चाहे वीआई पी कल्चप खत्म करना हो, छापे डालना हो, पब्लिक स्कूलों पर काम हो आदि आदि ।",CAG,1
facebook_corpus_msr_408259,Thoda pehle hi seekh lete. Ab bahut late ho gaya he... 😂,CAG,1
facebook_corpus_msr_408264,सिसोदिया की जोगी जी के लिए प्रशंसा भी एक चॉल है । होशियार ।,CAG,1
facebook_corpus_msr_408419,Ab 7din haath Dard ka bahana karke school se chutti...,CAG,1
facebook_corpus_msr_408726,120 rs mujhse le lo aur ek mahine ka khana de do shiela ji....aapke khane ka kharch kitna hai pehele yeh batao,CAG,1
facebook_corpus_msr_408741,"1000 lekar mere family of 4 ka 15 dino ka bhojan de dijiye, keep smiling kyonki 2013 mein isi tarhar garib haskar kahenge 600 vote meim  election jitiye or cm baniye",CAG,1
facebook_corpus_msr_408743,60 cross hai isliye galti se hafte ko mahina bol gayi,CAG,1
facebook_corpus_msr_408750,Sheela Dixit Ji aap hume apni kursi de do hum apki family ko (600x2) 1200 per month de denge fir aap apni family chala kar batao,CAG,1
facebook_corpus_msr_408751,"1 किलो आटा : 23/- रुपये
5 सदस्य वाले परिवार के लिए कम से कम एक महीने में 25 किलो आटा लगता है मतलब
25 किलो आटा = 575/- रुपये

1 किलो नमक : 15/- रुपये
...
1 सिलेंडर : 900/- रुपये
कुल = 1490/- रुपये

यदि एक परिवार पूरे महीने केवल नमक से रोटी खाता है तब भी उस परिवार को 1490/- रुपये चाहिए ही चाहिए पर दिल्ली की मुख्यमंत्री शीला दीक्षित कहती है की 600/- रुपये 5 सदसीय परिवार का पूरे महीने तक पेट भरने के लिए काफी हैं l
शर्म आनी चाहिए उन लोगों को जो ऐसे लोगों को वोट देते हैं l",CAG,1
facebook_corpus_msr_408752,yesi soch rakhni wali  CM saram ani chhiye ?,CAG,1
facebook_corpus_msr_408756,900 ka to Gas cylender he ho gya h .....,CAG,1
facebook_corpus_msr_408768,7000/- ki Manmohan singh apne dinner me plate ka rate rakhte hai or 600 ki baat karti hai beshram,CAG,1
facebook_corpus_msr_408773,"कोयले दलाली में काले हाथ साबुन से धोने पर साफ़ हो जाएँगे यह हमारे देश के गृह मंत्री ने कहा था, अब गेंग्रेप में काला मुँह गृह मंत्री बताएं कैसे साफ़ होगा ? 
राकेश कुमार शर्मा",CAG,1
facebook_corpus_msr_408774,"आज खेत को बाड़ खा रही है रक्षा कौन करे। फांसी की मंत्रियों / नेताओं को होनी चाहिए। तंदूर, गोपाल कान्डा, मदेरणा काण्ड, याद करलो।
राकेश कुमार शर्मा",CAG,1
facebook_corpus_msr_408775,"दर तो नेताओं को ही लग टा है इसलिए उन्होने कई श्रेणियों की सुरक्षा व्यस्था अपने व् परिवार के लिए कर रखी है। जनता जाये भाड़ में।
राकेश कुमार शर्मा",CAG,1
facebook_corpus_msr_408782,ललित शर्मा अध्यक्ष :  आज दिल्ली के राजधानी में सडको पर नजारा देखने को मिला और समझने को भी मिला की कोई भी अपराध का सर उठे तो एकता और सभ्यता कायम करना ही समाझ की उज्बल भविष्य है /  मैं इस घटना से बहुत पर्भाभित और चिंतित महसूस करता हु की हमारे समाझ में कैसे दरिंदो रहते है जो राह चलती हुई लडकी को अपने हवस का सिकार बना लेते है और प्रशाशन एक और फ़ाइल बना कर पुलिस के फ़ाइल ऑफिस में सजा कर रख देते है कार्यवाई  के नाम पर बस आप थाने पुलिस का चकर लगाते रहते है /  आज के दोंर में पुरे भारत में हर रोज एक अबला नारी के साथ बलात्कार जैसे घटना होता रहता है और सरकार कान में रुँई लगाकार चुप चाप तमाशा बिन बनाकर देखती है और कार्यवाई नाम पर सब के सब चुपी शाधे रहते है ? पीड़ित वेचारी चीख चीख कर कहती है की मेरी मदद करो मेरे साथ बलात्कार हुया है मुझे न्याय दो मैं आप से न्याय चाहती हु ?  क्या उस मासूम अबला नारी को कोई इंशाफ दे सकता है ? क्या उस नारी को कोई पहेले जैसा बना सकता है कोई इंशाफ उस अबला को लूटा हुया आब्रुह लोटा सकता है जो इस्वार ने उसे दिया है ? कोई भी नहीं लोटा सकता ओ दाग लेकर पूरी जिंदगी भीर रोने के अलाबा उसे और कुछ नहीं मिल सकता है और लोगो के ताने सुनकर वक्त वितानी पडती है इस ज्ख्यम  को कोई मिटा नहीं सकता और पूरी जिंदगी नासूर बनकर बितानी पडती है जो इस दर्द को एक महिला ही समझ सकती है ?  दोसियो को किया पार्क पड़ता है उसे चाहे सात साल की सजा हो य उमर्कैद हो य फ़ासी उसे किया फक पड़ता है ओ तो सजा पाकर मुक्त होजायेगा पर लडकी को तो जीना ही पड़ता है /  आखरी कब तक इन महिलाए को लोग समझने की कोसिस करेगे कब लोग महिलाए को सम्मान करेगे कब तक इसी तरह से लडकिया दरिंदो का सिकार बनती रहे गे हम सब को कानून व्यवस्था में सुधार चाहते है ताकि कोई अबला नारी का आब्रुह से नहीं खे सके और नहीं किसी को कोई दरिंदो छेड़ सके /  कितने रेप हुई है उनका आज तक इन्साफ नहीं मिला है और रोज थके खा रहे है / य  तो सुकर करे की य लडकी विदार्धि थी तो रोड पर लोग उतरने लगे तब इन्साफ की उमीद दिखा नहीं दिल्ली के जनता तो तमाशा देखती है और देती है रहती है स्कूल कोलेज के छात्र अगर रोड पर नहीं उतरती तो दिल्ली के जनता तो बस आँख पसार कर तमाशा ही देखती है क्योकि दिल्ली के जनता पैसा कामना जानती है हेरा फेरी करना जानती है भ्रष्टाचार को  बधाबा देना जानती है और कुछ नहीं कोई मर रहा है य दिल्ली के जनता अपने घर से कभी नहीं निकलती है / मैं बधाई उन विदार्धियो को देता हु जो इस विषय पर जोर देते हुऐ एक पीड़ित के आवाज सुनी और इन्साफ के लियर सरकार का घेराव की मैं तहे दिल से बधाई देता हु और इस पीड़ित को सही इन्साफ मिले हम सब मिलकर कामना करते है और उमीद करते है की अब ऐसा घटना भारत में कही नहीं घटे तभी लोगो के दिलो में प्यार बढ़ेगा / और इस में राजनितिक पार्टी ओ अपने रोटी न सके मिलकर इन्साफ दे /,CAG,1
facebook_corpus_msr_408783,"एक छात्रा के साथ कुछ दरिन्द्रगों ने बालात्कार किया - छात्रा अस्पताल में जिन्दगी मौत से लड़ रही है। 
ये नपुंसक सरकार शीघ्र न्याय के लिए अहिंसक प्रदर्शन करने वालों पर बलात सख्ती कर रही है, जैसे - सर्दी में ठन्डे पानी की बौछारें फैकना, लाठी चार्ज करना, आंसू गैस के गोले छोड़ना, प्रदर्शनकारियों को गिरफ्तार करना आदि। 
बलात्कारियों, सरकार / मंत्रियों व पुलिस में कोई अंतर नहीं है। वर्तमान व्यवस्था को बदल देना चाहिए। सेना को सत्ता सम्हाल लेनी चाहिए। 
राकेश कुमार शर्मा 
अजमेर",CAG,1
facebook_corpus_msr_408785,"गेंग रेप पर नेताओं / मंत्री / मुख्यमत्री (दिल्ली) के बयान / आंसू सब दिखावा है, इन्हें सख्त कानून बनाने में परेशानी इसलिए हो रही है क्योंकि अपराध करने वाले अधिकतर इन्हीं के खास रिश्तेदार व मिलने वाले होते हैं। चाहे गेंग रेप हो, घोटालें हों या हत्याएं हों, अपराध आज वे ही कर रहे हैं जिनके आका ऊँचे पद पर बैठे हों या जिन पर नेताओं / मंत्रियों का हाथ हो।नेताओं की बने व्यवस्थाएं आज आम आदमी को परेशां कर रही हैं। वर्तमान आक्रोश व्यवस्था परिवतन के लिए होना चाहिए। जिस किसी भी क्षेत्र में देखें अपराध की भरमार है। क्या ये नेता गांधी जी के तीन बन्दर वाली स्थिति में बैठे हैं ? 
1. आँखें बंद कर के - कुछ देखा ही नहीं।
2. कान बंद कर के - कोई कितनी ही अपनी पीड़ा के लिए चिल्लाए, सुनना नहीं। 
3. मुहँ बंद कर के - कुछ बोलना नहीं (निर्णय नहीं लेना)
लगता है कुए में भांग पड़ी है।         
एक ही उल्लू काफी है बर्बादे गुलिस्ताँ करने को !
हर साख पे उल्लू बैठा हो अंजामे गुलिस्ताँ क्या होगा !!     
राकेश कुमार शर्मा  
अजमेर",CAG,1
facebook_corpus_msr_408787,"सेना को सत्ता सम्हाल लेनी चाहिए 
चाहे घोटालों / भ्रष्टाचार के खिलाफ आन्दोलन हो ---- सरकार आन्दोलनकारियों को बर्बरता से पेश आती है। 
चाहे गेंग रेप हो - आंदोलनकारियों को पीटा जाता है। 
नेताओं ने तो अपनी सुरखा के इंतज़ाम कर रखे हैं लेकिन जनता इनकी गन्दी नियत से परेशान है। केवल बैठक का दौर इनका चलता रहता है और निष्कर्ष कुछ भी नहीं निकलता। 
सेना को वर्तमान हालात को देखते हुए देश की सत्ता तुरंत प्रभाव से राजनीतिक दलों से अपने हाथ में जब तक देश के हालात सामान्य न हो जाएँ, सम्हाल लेनी चाहिए।  
राकेश कुमार शर्मा 
अजमेर",CAG,1
facebook_corpus_msr_408789,इनकी एक समय की थाली रूपये 1500/- में !गरीब का पूरे महिने वो भी पांच सदस्य के साथ रूपये 600/- में ? इससे से गंदा और भद्दा मजाक एक आम आदमी का क्या हो सकता है? क्यों नहीं इन विधायको एवं सांसद सदस्यों का वेतन ही रूपये 200/- माह प्रतिमाह कर दिया जाना चाहिए ? जब कि ये सरकारी बंगले में रह्ते है और सरकारी वाहन का भी उपयोग करते है.,CAG,1
facebook_corpus_msr_408792,"madam ji ,,,600 rs se jyada to aap lipstic par kharch deti hongi",CAG,1
facebook_corpus_msr_408802,congress mein bahut solid log aate hai agar ek pair kabar mein latka ho to bhi desh ko lootne mein raat din ek kar deyte hai,CAG,1
facebook_corpus_msr_409078,"Isse kahte hai ""Dehli ke Daant Khaane ke aur Dikhanae ke aur""",CAG,1
facebook_corpus_msr_409154,"Yeh jo upa h, akele 121 krore ko tang kar k rakh di h.
azij ho gaye h bhai is sarkar se.",CAG,1
facebook_corpus_msr_409158,ha ha ha ha ha ha ha Koi kasar nhee chodee Congress ne.....,CAG,1
facebook_corpus_msr_409462,kya milta  in desh bhakton ko ???ek phulon ki haar  woh bhi kisi sherni maa se nehin...ek lootere criminal mantri se..kitne Subhash aur kitne Bhagat sing ta abhi bhi galiwon mein kuda dan ke sath apne feeling share karte hein.hum jeise so called civilised..ek haar ki alaba aur kuchh bhi nehin desakte hein...,CAG,1
facebook_corpus_msr_409690,"देश के चार स्तम्भ 
१. सुप्रीमकोर्ट:- मुख्य नय्याधिश: सोनिया के सौजन्य से
२. चुनाव अयोग:- मुख्यचुनाव आयुक्त सोनिया के सौजन्य से
३.  सेना :- मुख्यसेना आयुक्त सोनिया के सौजन्य से
४ मिडिया:- अब तो लगभग सभी मिडिया सोनिया के सौजन्य से
सभी डरे और सहमे रहते है कब इटेलियन मेडम कुचलवा न दे",CAG,1
facebook_corpus_msr_409730,"Jo thodi dhang ki road banate hain us pe toll tax laga dete hai ,,, aur jahan toll nahi ,,,us road ka to bhagwan hi malik",CAG,1
facebook_corpus_msr_409733,is se tho 3 hour mai jana hi theek thaa,CAG,1
facebook_corpus_msr_409793,Raksha Bandhan ki subh awsar par bhai behen ko alag kiya Blazeflash courier ney..Rakhi toh pahuchayee nahi us par kehte kya karoge rakhi ka...,CAG,1
facebook_corpus_msr_409796,INDIA Tv  like this chanel  curent time no like india tv canel ko hamare gare ke sabhi log kam se kam 24 hr  10 hr dekhte the inhone janta ke saat   dhoka kiya hai inhone ab  ANNA JI ka yani hamre  ANNA JI KE SATH DHOKA KIYA  INDIA  TV  NE HI ANNA KA  AANSAN PLOPE  KARYA HAAI,CAG,1
facebook_corpus_msr_409797,bika hua ye tv channel....!!! anna ki sarkar aayegi to ye out ho jayenge......!!,CAG,1
facebook_corpus_msr_409996,"ye to purani bimari hai, betting leagle kar di jaye india me to jo paisa hawala k jariye bahar jata hai vo nhi jayega.",CAG,1
facebook_corpus_msr_409997,"goverment  betting nhi rok sakti, multi-national companies ,industrilist , international players sab isme shamil hai.",CAG,1
facebook_corpus_msr_410005,bado  ko  bhi  pakdo.  unhe  bhi pakdo  jo des  k  liye  nahi  aapne  vyktigat  ricord  k  liye  khelte  hai  aur  apni  market  velue  badhane  me  lage  rahte  hai.,CAG,1
facebook_corpus_msr_410009,sahrukh ne ki maramari kya muda bhatkay ja raha hy,CAG,1
facebook_corpus_msr_410014,rajat sharma tune kabhi sach bola hai ke bus jhuth ki talim hasli ki,CAG,1
facebook_corpus_msr_410016,"jisko tu news channel samajta hain na voh purr dunia key andar comedy channel kehlata hain, 
tum choti moti jagha dikhney key layak ho bari jaghao par toh tumhari entry bhee nahi hoti.",CAG,1
facebook_corpus_msr_410627,yr acha hua is se india ko pata to chalega ki starting me hi kuch thik kare qki aj kal bheek nahi milti h aasani se .......,CAG,1
facebook_corpus_msr_410630,aaj kal to match dekhne se acha cartoon dekh lo time paas acha hoga inko dekh kr sirf mood off ho sakta h....,CAG,1
facebook_corpus_msr_410633,Aus ne match fix kiya tha Aus ne shirf dikhawe ke liye Match ko last over tak le gaya match ki janch honi Chahiye,CAG,1
facebook_corpus_msr_410847,India tv upwas kal tha news aj. Bade slow ho yar,CAG,1
facebook_corpus_msr_410849,anand ji modi hi banenge pm tension mat lo aap jaise bahut log hai jo yahi chahte hai,CAG,1
facebook_corpus_msr_410858,ab prime minister modi hi chahiye india want modi on prime minister,CAG,1
facebook_corpus_msr_410953,थोड़ी देर पहले तो कह रहा था की हिंदू संघ और भाजपा ने करवाया है ये सब ..हिंदू और मुस्लिम में फुट डालने के लिए ..साले की जुबान है या #####,CAG,1
facebook_corpus_msr_410958,sakal achhi nahi hai to kam se kam baat to achhi kar liya karo,CAG,1
facebook_corpus_msr_410964,digvijay sing ka insaaf gadafi jaisa hona chahie or wo honga!,CAG,1
facebook_corpus_msr_410965,"कांग्रेस के अनुसार बाबा राम देव राजनीती कर रहे है :
एक गुंडा बदमाश राजनीति कर सकता है ,शारुख खान एक एक्टर होते हुवे ipl टीम का व्यापर कर सकता है,अबू सलेम और दिग विजय जैस वैक्ति राजनीति में आ सकते है तो इतने बड़े जन समर्थन वाले बाबा राम देव और अन्ना हजारे जी क्यों राजनीति नहीं कर सकते,देश के भले के लिए हर वैक्ति को आज सामने आना चाहिए,किस कीताब में लिखा है योग गुरु या कोई आधात्मिक वैक्ति राजनीति नहीं कर सकता, क्या सेनोरीटा और उसके कुत्तों ने राजनीती का पेटंट करवा लिया है ? खानदानी हक समझ लिया क्या ?",CAG,1
facebook_corpus_msr_410966,diggi ka to insaf bhagvan v nhia karne vale h,CAG,1
facebook_corpus_msr_410971,Gulamo Ki baat ka bura nahi mantey Bhai Log.....Diggi bhi to GULAM he hai na...PHIR......!Jai Ho,CAG,1
facebook_corpus_msr_410975,"Jitendra Pratap Singh
षड़यंत्रकर्ताओं का मक़सद साफ नज़र आता है। रामदेव जी भगवा वस्त्रधारी अवश्य हैं, परंतु वह मुसलमानों के बीच भी उतने ही लोकप्रिय हैं, जितने हिन्दुओं के बीच। मुसलमानों से उन्हें दूर करने के उद्देश्य से कांगेवा ने एक सोची समझी साजिश के तहत एक मुस्लिम नवजवान को भेज कर यह कलुषित कार्य कराया गया है। मान लीजिए उस युवक को भीड पीट-पीट कर मार देती, तो इन षडयंत्रकारियों के लिए इसे साम्प्रदायिक रंग देना आसान हो जाता।
वह मुसलिम समुदाय की भावनाएं भड़का कर स्वामि रामदेव पर साम्प्रदायिक होने का ठप्पा लगाते। स्वामि जी को कमजोर बनानें का प्रयास कर उन्हें अपने पथ से विचलितकरनें का भी प्रयास करते। मुसलिम भाइयो से निवेदन हैकि उन्हें मुहरा बना कर खेले जाने वाले खेलों को समझें और सही कदम बढाएं। दिगविजय सिंह ने आरोप लगायाहै कि स्वामि राम्देव ने सहानुभूति पाने के उद्देश्य से स्वयं ऐसा प्रायोदित किया है। दिगविजय को मालूम होना चाहिए कि कर्म योगियों को नाटकों का सहारा नहीं लेना पड़ता है। रामदेव जी ने जो निर्माण एक अल्पावधि में इस देश में करके दिखाया है, यह दिगविजय जैसे निकृष्ट इंसान के लिए कई जन्मों तक सम्भव नहीं है। तुमनें मुस्लिम भावनाओं के लिए बाटला हाउस का शगूफा छोड़ा है, हमें मालूम है यह कांग्रेस की सह पर ही कर रहे हो, वरना कोई महास्चिव अपनी सरकार के विरुद्ध इस प्रकार का गंदा बयान देकर पार्टी में एक दिन भी नहीं टिक ***ता है। दिगविजय तुम जैसे गए गुजरे रहनुमाओं ने ही हमारे मुस्लिम भाइयों में एह्सासे कमतरी का भाव जगाने का प्रयास किया है, तुम और तुम्हारी पार्टी जैसों ने ही उनकी प्रगति के आगे बाधे खड़े किये हैं और कांग्रेस से बड़ी कोई भी साम्प्रदायिक संस्था इस देश में नहीं है।",CAG,1
facebook_corpus_msr_410980,Fut dalo or raj karo. Nice try diggy. Bt ye wo wala india nahi hai ab. Teri ma soniya ko jakar bol dena.,CAG,1
facebook_corpus_msr_411005,"Nahi bro. . .
Har player and team ke career mai aisa stage aata hai !",CAG,1
facebook_corpus_msr_411108,Saumya Ye ho gaya to Hosur se pehle Chennai pahuch jayenge... Up down kiya ja sakta hai for job :D,CAG,1
facebook_corpus_msr_411109,Kuchh bhi nhi hoga aisa.. Sab public ko ullu banane k liye hai..,CAG,1
facebook_corpus_msr_411498,ak number ke jhute aur glt kamo ko badava dene vakw hai,CAG,1
facebook_corpus_msr_411669,Ab sala koi Ni mar rha line me lag k.. bs ATM ki line me LG k mar ja re the BC... #shameonupeople,CAG,1
facebook_corpus_msr_411670,Madhur Chaudhrie Haroop Sood Vishwadeep Balyan yr hadd hi hogi ye to,CAG,1
facebook_corpus_msr_413298,"Mujhe yhe nhi samjh aata humara media China ko answer de...
Par Kya bole apne desh ke media se kya bole...Unhe to bs paise dhikhte h or rating bs",CAG,1
facebook_corpus_msr_413443,Tum log news btate ho ya sabjiya bechte ho..aaj mene falane se do sabji zada bech di types comments se dur rehke achi news dikhao bhaiyya,CAG,1
facebook_corpus_msr_414201,मंत्रियों की गाड़ियों से लाल बत्ती कब हटेगी और कब ये मंत्री यातायात नियमों का पालन करेंगे।,CAG,1
facebook_corpus_msr_415871,Thoda sa Kam kar ke itna bada banna ye bharat ki nari ki Pehchan hai...😬,CAG,1
facebook_corpus_msr_416522,"Mr. PM..आपके देशवासियों को गाय आतंकियों के द्वारा मारा जा रहा है, पूरे देश मैं डर का माहौल है, अब तो नींद से जाग जाइए, आप देश को पाकिस्तान बनाने की तरफ बढ़ रहें हैं",CAG,1
facebook_corpus_msr_416523,Kay leke aya Kay leke Jana. Garib ko 15 rs me 1/2 kg Simla mirchi dea to bola Jeo beta tum 1000 sal badle hum pura pariwar Annand lenge.,CAG,1
facebook_corpus_msr_417032,Last mein he hua hoga tu paise dkh kr...kbhi to bda soch,CAG,1
facebook_corpus_msr_417485,"Mohit Kothari : yeh bole toh rasleela, hum bole toh character dheela. bahut na insaafi hai bhai :D :D",CAG,1
facebook_corpus_msr_417590,Desdrohion jio me line me khade ho salted ho.... ATM me line me nahi,CAG,1
facebook_corpus_msr_418296,"Oh galti se main India ki assembly me aa gaya. Bharat ki Sansad kahaan hai, jaha Hindi mein sabha hoti hai?",CAG,1
facebook_corpus_msr_420542,Kriti Mohan Bhabi Army bhee saath lay chalna padey ga gyaa,CAG,1
facebook_corpus_msr_422086,लोकसभा चुनाव  नरेंद मोदी के कत्ल की धमकी देने वाला कांग्रेसी प्रत्याशी इमरान मसूद चुनाव हारा  ....,CAG,1
facebook_corpus_msr_422114,तुम्हारे वजह से ही जीता है कांग्रेसः अब तुमको अहंकार हो रहा है यूपी क्यु नहीं जीते,CAG,1
facebook_corpus_msr_422123,पाजी इसी पंजाब की जनता ने सरकार ना गिरा दी ना तो कहना,CAG,1
facebook_corpus_msr_424839,"Ye Airtel, Idea & Vodafone ki dukan band krwa kr manega 😂😂😂😂😂",CAG,1
facebook_corpus_msr_424864,"Arre Kejriwal ko Mars pr chor aao...
Indian khushi Khushi paise donate karenge iske lye....",CAG,1
facebook_corpus_msr_424960,"Aab aagaya jaat pe, Mumbai-Delhi-Bangalore karke. Mere kuch farak nahi padtha",CAG,1
facebook_corpus_msr_424961,Aur slum bi dika. Uss mein bi Mumbai hi no.1 hai,CAG,1
facebook_corpus_msr_424968,Ambani baitha hai! 😝 bhai guntur ka naam nahi aya.,CAG,1
facebook_corpus_msr_425828,"Isko doshi nai bol sakte....
Sala Airport se nikal gaya warrant hone k baad bhi... wo bhi vip zone se... how cud the Authority allowed him to leave...
Mili juli sarkar hai bhai....
Aam Aadmi bhokta rahega...
Aur aam admi hi marega...",CAG,1
facebook_corpus_msr_429179,Irshad ahamaji p ke pass   brain hai  to ap bhi puri duniya mutthi  mai kar sakate ho .kisiko   kosane se kuch nahi milega kosa,CAG,1
facebook_corpus_msr_430745,Rbi governor post ka aab koi value hay kya ? Modi jaha rbi ka sab decision leta hay tab eyh governor post rakhne ka koi jarurat hay kya ?,CAG,1
facebook_corpus_msr_431151,modi virodh me kuch log etna pagal ho gae hai ki usko achi cheeze bhi nahi dikhti congress raj me sayad 2 no ka khoob paisa bnya hai en logo ne,CAG,1
facebook_corpus_msr_431181,Modi ji hum log to ek doosre ki madad kar he rahe hain. Yeh paath mat padhaiye. Technology to kaise na kaise spread ho he jayegi par basic zaruraton ko kaise uplabdh karwaoge ? BPL families ke wages kab badhenge ?,CAG,1
facebook_corpus_msr_431202,is ka tweet paro 2012 ka or aub 2017 ka sale ne aadhar card ka virodh kiya tha or aub sport kar raha hai,CAG,1
facebook_corpus_msr_431203,is waqt petrol ka import rate 31.34 hai or yeh 79 rs l bech raha hai,CAG,1
facebook_corpus_msr_431205,khalid ji...kya gali de rahe hain Ap..tameez to dekhiye..apki..ek bujurg pm k liye...ye shabd,CAG,1
facebook_corpus_msr_431206,"Antr pt me khojiye chipa huva he khoj.,.... Mil jayegi aapko bilkul stye report... wah wah modi ji",CAG,1
facebook_corpus_msr_431208,Kaun kya kar raha h wo chhodo tumne desh k liye kya kiya pahle wo dekho .. kyu ki kisi ki aukat nhi h kuch kahne ki agar wo khud kisi layak nhi h,CAG,1
facebook_corpus_msr_431209,Aaj tak 1bhi Press conference nhi diya..... Aur yaha jumla babu,CAG,1
facebook_corpus_msr_431211,1035 bar niyam parivartan hua MGNREGA mein par logo ko aaj bhi unki mehnat ke paise ya to mil he nahin rahe ya fir poore nahin mil rahe. Khush hal states ko MGNREGA ka fund sabse zada mil raha hai. Sharam karo Modi ji Sharam,CAG,1
facebook_corpus_msr_431232,dekho bipaksh....... jab satya aata hai to kaise jhau jhaau karne lagte hai,CAG,1
facebook_corpus_msr_431239,arey uttarkhand me ja ke bolo...... waha bhashan zarrori hai/.......,CAG,1
facebook_corpus_msr_431240,"Macchiwale ko chup karo re koi, Kuch bhi bake jaa raha hai 😂😂😂",CAG,1
facebook_corpus_msr_431242,pm desh ke hain.....Ali ji...pahle apne apko dekhiye..kya bhasha istemal kar rahe hain ao desh ke PM ke liye...ek bujurg insaan ke liye..,CAG,1
facebook_corpus_msr_431251,Karo na. Paisa to hai tumhare accont me. Mujhe cash nahi chahiye. Educated hu. Tu nahi lagta,CAG,1
facebook_corpus_msr_431258,Modi ne bola Kiya ho cashless India aur public  ne kaha diya  Modi less India,CAG,1
facebook_corpus_msr_431272,Sahi mein yaar gosht khane se dimaag ghutne mein jata h sirf suna tha ab dekh rha hu,CAG,1
facebook_corpus_msr_431273,Supreme court ka decision nhi manoge kya sufiya? Sirf maulana saab ka decision hi manoge kya? Agar maulana bol modi ne mara toh mara huh?,CAG,1
facebook_corpus_msr_431274,Mohabbat sufi bhai tu tom toh star bann gye yaar..😂 ans toh do tunhare hisaab se kon PM banna chahiye? Itte pyaar se toh puch ra,CAG,1
facebook_corpus_msr_431282,Tere jaison se bht jyaada log ne usko vote deke banaya hai,CAG,1
facebook_corpus_msr_431286,AKbr bhi nam ka king tha lasho ke dher pr per rkh kr uper chadne se king  nahi hota,CAG,1
facebook_corpus_msr_431287,"Dekh bhai aisa hai ki road bn rha hota hai tb khddehote hai
Aise me log govt ko gnda hi kahenge but 2019 tk desh ko pta lg jaega ki pm kya chiz h",CAG,1
facebook_corpus_msr_431288,Dekh ke kiye jo border pr aaye din marte hai we ye nahi kahte ki modi ne mara.....tum log unki bat nahi kroge bs gujrat me mara gujrat me mara,CAG,1
facebook_corpus_msr_431289,J&k me salo ki itni help kro to bhi aa jate hai pththar kelr pith piche,CAG,1
facebook_corpus_msr_431291,India apni position din bhar din up kr raha hai hamare liye wahi sb kuch hai,CAG,1
facebook_corpus_msr_431292,"Bjp bahar ho rahi hai ya nahi wo problem nahi hai
Mera desh aaage bdh raha hai nd it's my proud",CAG,1
facebook_corpus_msr_431294,"All over world ghuma lekin waha honeymoon manene nahi gya tha 
Pure world ki power ko india ke liye lekar aaya hai",CAG,1
facebook_corpus_msr_431296,"Citizens ka koi nuksan nahi hua
80%above people modi se happy haj
Saalo desh ka pesa khane walo ka nuksan ho ya unka bussiness flop kya frk pdta hai",CAG,1
facebook_corpus_msr_431298,Ragul gandhi ko kis angel se PM BANAYE sale ko cartoon cenl ke alwa kuch yad nahu hai,CAG,1
facebook_corpus_msr_431300,Modi is not rajnikant or a magician jo jald hi jald acchhe din laa sakte he..Bhutkaal me jitnaa bhi kachraaa he vo pehle saaf karna chaahte he...Kachraaa saaf hone ke Baad hi safaai dikhaai degi...Vese hi achhe din ki shuruwaat ho hi gayi h,CAG,1
facebook_corpus_msr_431301,Mahatma gandhi ka real name nai Pata hamare PM ko.....Mohan Lal Karam chand gandhi he said,CAG,1
facebook_corpus_msr_431321,मुस्लिम भाइयों से अब उम्मीद करते हैं की P.M.को गाली ना दे..,CAG,1
facebook_corpus_msr_431356,Ha ha ha malum ho raha hai Bhai.... Khaja kaun kiska Bhala chahta??????,CAG,1
facebook_corpus_msr_431358,koi bhi kisi pm ko gali kyun de......wo desh k pm hain..,CAG,1
facebook_corpus_msr_431362,"70 saal luuta hai desh ko, vikas to ab ho raha hai.... Modiji ki jai",CAG,1
facebook_corpus_msr_431368,Vikas karaya uska mujhe ni pta paisa nuksan karaya note bandi se,CAG,1
facebook_corpus_msr_431372,Veer singh nuksaan kaise karaya bank m jmaa ni krvaaya kaala maal hoga,CAG,1
facebook_corpus_msr_431377,sale NDTV band karwaya tha jab ise exposed kiya tha,CAG,1
facebook_corpus_msr_431414,Sb hindu modi jese hi hote he to hote he,CAG,1
facebook_corpus_msr_431442,Syria ki trh aaps m ld k mr jaayenge shiye suni,CAG,1
facebook_corpus_msr_431451,Surgical strike hui sulle ki thi ft gyi hai inki,CAG,1
facebook_corpus_msr_431606,Shuru kisne kiya nd usko toh supreme court ne bari kar diya hai,CAG,1
facebook_corpus_msr_431611,Har jagah se lossing state se n 2019 centre se bhi,CAG,1
facebook_corpus_msr_431619,Tum logo ne maara tha train ke daBbe mai godhra mai,CAG,1
facebook_corpus_msr_431621,Toh pasand nahi toh bahar chala ja nahi toh aise hi rahega,CAG,1
facebook_corpus_msr_431627,Bihar m kya hua bjp ka pata h n gobar sing ji,CAG,1
facebook_corpus_msr_431703,Kuch bhi fhekle up me  pani bhi nhi milne wali,CAG,1
facebook_corpus_msr_431707,Modi ko vote de savi Hindu bhai ram mandir banana h,CAG,1
facebook_corpus_msr_431715,Sab state se toh har raha hai ab pm post se bhi jayega dialogue baaz,CAG,1
facebook_corpus_msr_431721,Note use karna citizen ka hakk hai uska private property nahi hai,CAG,1
facebook_corpus_msr_431747,Kisi ka baap mein takat nahi koi bhi party ajaye,CAG,1
facebook_corpus_msr_431794,Note tho modi ne change kiya hai agar esi dushmani hai tho note Kyo use krte ho,CAG,1
facebook_corpus_msr_431836,Samjne ke liye dimag chaiye ye sab baat ko samajne ke liye,CAG,1
facebook_corpus_msr_431853,60 sal tak NDA tha to uslogo ne kya ganta diya,CAG,1
facebook_corpus_msr_431889,"पी एम हो तो मोदी जी जैसा नही,  तो हो ही ना।
नमो नमो",CAG,1
facebook_corpus_msr_431956,Tumhri yahi problem hai mommd tum bs apne aakao ki bt suno kbhi khud ki aakh khol ke bhi mere bharst ko dekh lo,CAG,1
facebook_corpus_msr_431987,Bhookamp aata hai jab scam hota - dhanya ho science ka nobel puraskar,CAG,1
facebook_corpus_msr_431992,Tum log ja ke dekho jitne Hindu ko mara tha,CAG,1
facebook_corpus_msr_432000,Abe ja yaha se. 2019 ko fat ke hath me aa jayegi tumhari,CAG,1
facebook_corpus_msr_432057,Accha. Ab PM hai wo. Pure dekh me marwa diya hai kya?,CAG,1
facebook_corpus_msr_432080,Tu mat dekh yaha. Ja ke congress ka video dekh,CAG,1
facebook_corpus_msr_432103,Ye humari samaj hai ki hum kis cheej ko kaise lete hain,CAG,1
facebook_corpus_msr_432137,kuch nahi karnese kuch ksrna accha hai modiji kuch to karte hai,CAG,1
facebook_corpus_msr_432279,Mommmd bhai pahale camment pdh le...or bhag ja yaha se ............,CAG,1
facebook_corpus_msr_432281,"Tu dekhnaa 2019 modi firse aayega 
Or abki bar lahar nahi tufaaan aayega",CAG,1
facebook_corpus_msr_432306,Mommd tuje dekh ke bre me pta bhi hai ya nahi....,CAG,1
facebook_corpus_msr_432316,Sirf achchi baatein karke bequf banara n log bequf banre,CAG,1
facebook_corpus_msr_432342,"100.% BJP jaaaaa 

Agr 1 %bhi dm hai to rok lena",CAG,1
facebook_corpus_msr_432358,Tu nahi hai king or tera vote nahi chaiye ok mohamad,CAG,1
facebook_corpus_msr_432496,PM ji Tussi great hoo... Logo ko bashsan sa oolu bhanarahai,CAG,1
facebook_corpus_msr_432512,Jisko kuch samjta nahi use yaha rahnar hi nahi hai,CAG,1
facebook_corpus_msr_432532,Jab 60 sal tak hope nahi chori... to 2 saal me kyu chilla Rae ho,CAG,1
facebook_corpus_msr_432558,Are Ahmedabad me abhi bhi line he zara dekh chu,CAG,1
facebook_corpus_msr_432850,Sirf baato se bequf banara n log usse bade bequf,CAG,1
facebook_corpus_msr_432919,Sirf phekne se scam karne se patriotism ke naam pe desh nai chalta,CAG,1
facebook_corpus_msr_432965,Sare Muslim hi Modi ko galat bolte hain. Dimaag me galat bhar chuka hai congress,CAG,1
facebook_corpus_msr_433031,Ha ha ha malum ho raha hai Bhai.... Khaja kaun kiska Bhala chahta,CAG,1
facebook_corpus_msr_433032,Ha ha ha malum ho raha hai Bhai.... Khaja kaun kiska Bhala chahta,CAG,1
facebook_corpus_msr_433053,Bhai Saab proof hai kisne kiye lekin government powers se with log me chupa diya aur clear hogaya,CAG,1
facebook_corpus_msr_433061,Chalo pakk Gaya bhasan sunke faltu ka which only he understands,CAG,1
facebook_corpus_msr_433087,Kya zamana agaya hai ke log ek jhutay murderer scamster ko believe karte hai,CAG,1
facebook_corpus_msr_433112,Congress ke raj me 76 rupees pay karta tha mai,CAG,1
facebook_corpus_msr_433131,lol...school ki baat to karo hi nahi PM naraz hojayengay,CAG,1
facebook_corpus_msr_434067,Indore ke ganesh ganj ke logi ki baddua se bacho aur unko vishtapit karne kki niti banao pm ji mujhe nahi lagta ki aapko sahi jankari mil pa rahi hai,CAG,1
facebook_corpus_msr_434386,Saipriya Sambamurthy Sriram Srinivasan Ganesh Iyer ...apne berozgari  k din aa gaye,CAG,1
facebook_corpus_msr_434746,"६८वां गणतंत्र दिवस आ गया, हिंदी बोलना कब सिखेंगे? राष्ट्रपति जी!",CAG,1
facebook_corpus_msr_436456,"बीजेपी सरकार कितनी जनविरोधी हँ?सोचिये,देखिये,दिल्ली मे गली-गली मोहल्ला क्लिनिक खुलवाने पर भी सीबीआई का दुरूपयोग र्कर झूठे मुकदमे करने वाली बीजेपी सरकार जनहितेषी कैसे हो सकती हँ?",CAG,1
facebook_corpus_msr_438086,Ek din desh ko bhekari bana de ga jab bolna har modi ghar ghar modi,CAG,1
facebook_corpus_msr_439200,Abe Sundar ko bula tere ko nahi dhek na hame,CAG,1
facebook_corpus_msr_439233,मूत्र और गोबर सेवन से क्या क्या फ़ायदा होता ये पूछो सुंदर पिचाई से ?,CAG,1
facebook_corpus_msr_440781,"नेताओं , अफसरों और बड़े उधोगपतियों ने काला धन जमीनों , विदेशी मुद्रा, सोना चांदी में बड़ी कला से बदल लिया है अब कल के भाषण की देर है",CAG,1
facebook_corpus_msr_441497,"प्रधानमंत्री 50 दिन (की विफलता) सम्पन्न होने पर राष्ट्र के नाम (शोक) संदेश देंगे। बड़े दुस्साहसी हैं। शायद अगले 'कड़े' क़दम भी तजवीज़ करें। क्या हर्ज है, जब ओखली में सर दे ही दिया!",CAG,1
facebook_corpus_msr_442472,"hdfcbank mai gundaagarsi but smily,kashmira & aditya puri ko koi action nai lenaa ye sab ek thaali ke chate batte hai delhi ke ito express building mai hui 4 employess k sath full gundagardi aur unse liya gyaa resign sankalp aur khushboo jo ek no. ke gunde hai unhone liyaa resign",CAG,1
facebook_corpus_msr_442474,"hdfc bank mai gundaa gardi ye log employee se mis behav krke apna business karwaate hai tabhi aaj hdfc bank sabse top pr hai Delhi ITO Express Building mai hui 4 emploees k sath gundaaagardi aur unse liyaa gyaa force krke resign sankalp shukla (Sankalp.shukla@hdfcbank.com) khushboo nebhnani (Khushboo.nebhnani@hdfcbank.com) ye dono nai liyaa resign khushboo off k din office open karwaakar attandence register pr fluid lagaati hai taaki kisi ko pataa na lagay agar HR ko complaint karte hai smily mehra and kasmira patel (smily.mehra@hdfcbank.com, kashmira.patil@hdfcbank.com) jo HBL KI hr hai unko mail karte hai to kuch clarification yaa puchnaa jarurui nai samajte ki employee ki galti hai ya nai bus jo hamare mentor nai employee ke against mail krdi wo ok hai totally gundaagardi hai hffc bank mai",CAG,1
facebook_corpus_msr_442486,"माननीय मोदी जी "" कृपया ध्यान दें ? """" कैशलेस ""को नाकाम बनाने के लिए तो नहीं हो रहा है सभ कुछ ? "" बैंक / RBI का नया फंडा या डण्डा ? KYC न होने से चेक वापास कर दिया ? इसमें दूकानदार का किया दोष ? अब भागते रहो चेक के पैसों के लिए ? चेक अनादर (रेटूर्न ) हो जाए तो वर्षो से कोर्ट के चक्कर काटो ? बैंक चार्जेज अलग से भरो ? वाह रे भारतीय बैंक का अजीब फंडा ? अर्थात किसी ना किसी भी तरह लोगों को परेशान करना बैंक का अधिकार है ?",CAG,1
facebook_corpus_msr_461123,"एक सर्वे यह भी होना चाहिए की SC. ST. OBC और General वर्ग में से किस वर्ग ने इस देश को सबसे ज्यादा लूटा है ?
जातिवादी देश में एक सर्वे ऐसा भी बनता है ?
देश को पता लगना चाहिए आखिर किस वर्ग के लोग सबसे ज्यादा भ्रष्ट हैं, किसके पास सबसे अधिक काली कमाई से पेट पला है और फर्जी का भौकाल है,
और इस पर वोटिंग जनरल केटेगरी के यहाँ से शुरू होना चाहिए की ऐसा सर्वे देश में होना चाहिए या नहीं !!!",CAG,1
facebook_corpus_msr_461125,itne gajab k answers rahul gandhi he de skta h dhannya h vo ma jiska ye beta h 😨😀,CAG,1
facebook_corpus_msr_461161,bhai log 2019*  isko aur Kejrii ko juto see marne k liye ready rhoo --,CAG,1
facebook_corpus_msr_461300,Arey apna jo regular Indrayani ka pass ka dabba hai na.. usme bhi seat nahin milta,CAG,1
facebook_corpus_msr_461597,काश इतने लोग हमारे सैनीको की शहादत पे होते तो हमारे सैनिकों को खरे अर्थ में गर्व होता,CAG,1
facebook_corpus_msr_464034,Mera Ghar me ek 3 murghi or ek Bakri he ...kuch problem he?,CAG,1
facebook_corpus_msr_464149,Maya hua sir Jee ap Ka Jio 4g Sa 2g Maya ban gaya,CAG,1
facebook_corpus_msr_464502,"पक्का कांग्रेसी है। नालन्दा से निकाला है, अभी अभी। कोई विश्वास न करेगा इसकी बात का। 2 जी, 3 जी मैं चुप था। क्योंकी कांग्रेस की आलोचना करता, तो बाहर नालंदा से पहले ही बाहर कर देते।",CAG,1
facebook_corpus_msr_464528,रोज-रोज फरमान जारी करनेवाली यह सरकार अपनी गलती खुद ही स्वीकार कर रही है। वह आम जनता को राहत पहुंचाने के लिए बेताब दिखाई पड़ रही है। नौसिखिया प्रधानमंत्रीजी फंस गए हैं लेकिन उन्हें बचाने की कोशिश न तो उनकी पार्टी कर रही है और न ही विरोधी दल। विरोधी दल तो चाहते हैं कि उनकी नय्या जल्दी से जल्दी डूब जाए। लेकिन इस बचाने और डुबाने के खेल में कहीं भारत का भट्ठा न बैठ जाए।,CAG,1
facebook_corpus_msr_465070,बैंको का CRR बढ़ाया जाना एक राजनितिक फैसले का समर्थंन क्यों किया RBI ने,CAG,1
facebook_corpus_msr_465077,RBI मे राजनीती प्रवेश देश के लिए घातक साबित होगी,CAG,1
facebook_corpus_msr_466022,"जो समय पर बोले वही बुद्धिमान होता है हर समय बोलने वाला यदि 
उचित समय पर न बोले तो समझो वो कपटी है",CAG,1
facebook_corpus_msr_468137,Achaa  hai ye mahine  sab ke saving karva de modiji ne,CAG,1
facebook_corpus_msr_468195,"Desh badal raha hai , Aage nikal raha hai 🎉👍🙏",CAG,1
facebook_corpus_msr_469674,Y to bil kul jhot bolne per lage huy h,CAG,1
facebook_corpus_msr_470650,"gujarat n mumbai, jao, aur corrupt black money, lao, dham hain kya modi.?",CAG,1
facebook_corpus_msr_470741,Is umer me apni ma ko asa din dikhaye ue bete se aur kya ummid hogi,CAG,1
facebook_corpus_msr_470747,"माँ भी सोचती होगी कैसे नालायक पुत्र हैं, इस उमर में भी आराम का ख़याल नहीं करते हैं अपने फायदे के लिए ।",CAG,1
facebook_corpus_msr_470753,jis maa ke jawan bachche hoon aur budhape me maa ko kataar me lagna pade thoo hai aise beton par,CAG,1
facebook_corpus_msr_470771,"माँ भी सोचती होगी कैसे नालायक पुत्र हैं, इस उमर में भी आराम का ख़याल नहीं करते हैं अपने फायदे के लिए ।",CAG,1
facebook_corpus_msr_470776,beta nalayak ho to bhudi maa ko bank jana pad ta hai,CAG,1
facebook_corpus_msr_470796,Apni Siyasat Chamkany k lie Apni borhi Maa ko takleef de rahah h ..    Jahil Mudi,CAG,1
facebook_corpus_msr_470797,Itte log mar gaye woh  toh limelight nhi hua,CAG,1
facebook_corpus_msr_472981,"करने वाला कर के फिर विदेश चला गया , ये रोते ही रह गए",CAG,1
facebook_corpus_msr_473535,Mama tum sirf thoda dikhe😂😂😂,CAG,1
facebook_corpus_msr_473537,Mirza Ahmed dhokaaaaaaaa,CAG,1
facebook_corpus_msr_473598,#Namo desh badal raha hai logo ko apni soch bhi badani chahiye😄 ra,CAG,1
facebook_corpus_msr_473603,Agar sarkar cashless economy Lana chati hai to500 2000 ka note nahi Lana tha,CAG,1
facebook_corpus_msr_473616,Abye ye bta jab koi ghar se bhar hai and wo kase kare ga,CAG,1
facebook_corpus_msr_473617,2000 ke note se courruption or badega ab kam note rkhna padega,CAG,1
facebook_corpus_msr_473731,"*PURE DESH ME AFRA TAFRI KA MAHOOL HAI...INDIA KI 98% JANTA GARIB HAI..YE MAAR ASLI 98% PE MARI HAI MODI JI NE..YE ACHA NHI KIYA BJP NE PURA VYAPARI VARG ROO RAHA HAI KHUN KE AANSU BJP WE SHAME ON YOU*

*B.J.P..*❌❌❌❌❌❌❌
*MODI..*❌❌❌❌❌❌❌

*WE REALY SHAME ON YOU MODI JI..*",CAG,1
facebook_corpus_msr_473764,mohit kumar ek din bheek mang ker kha le toh aage life me tera baap note chupa ker nai rakhega...,CAG,1
facebook_corpus_msr_474559,Bekar decision.... Log apne kimti time ko ab bank mei line laga ke waste karenge... aur pm kehte hain ki asuvidha ko dhyan mei na rakh kar sahyog kare...,CAG,1
facebook_corpus_msr_474564,Muslim personal law k tahet Kiya kar rahi hai government India sirf aak religion k nahi hai or sahi baat tu ye hai k aurat (lady) ko protection islam ne diya,CAG,1
facebook_corpus_msr_474602,"जिसकी जितनी औकात होती है वो उतने ही बड़े फैसले लेता है,कांग्रेस ने चवन्नी बन्द की थी।
.......!!!!!",CAG,1
facebook_corpus_msr_474648,Arey vo bhagton jo mere pass paisa hai kya usko naya kar ke kya tumhara Modi de ga...... Pehley source batao,CAG,1
facebook_corpus_msr_474669,Aabki baar Jo bjp ko vote dega oose 500 aur 1000 ka note chor kar 2000 ka note milega,CAG,1
facebook_corpus_msr_474767,Bhaiyo aur behno.... Ghar me whitewashing karwate hue bhi humko thod kasht jhelna padta hai..hum use karte hain aur apna ghar ki khush haali ke liye karte hain...aise hi hume in 500 our 1000 ke noton ke saath karna hain...takleef hogi par ghar saaf hoga.. dhanyabad ... Namo Namo Namo,CAG,1
facebook_corpus_msr_474777,"Pahele JIO Ke Liye Line... 😭

Now Bank Main Exchange Ke Liye Line... 😙

Sala Adhi Zindagi Line Main Hi Kat Jayegi Sayad... 😉",CAG,1
facebook_corpus_msr_474779,"par ham garibo ke pass kown sa kala dhan hai
paresani to aam janta ka hoga na. Ab desh me 100 logo ke pass kala dhan hai to 100 karor janta ko na paresani hoga 500 ka khulla koi Dukandaro ko dene me paresani hota hai to 2000/ka not kya hai ye",CAG,1
facebook_corpus_msr_475106,Kuch ko toll tax ki padi hai shopping ki padi hai..... Bhaiyo thoda desh ke liye kar lo....yehi moka hai,CAG,1
facebook_corpus_msr_475148,आज देश में पहली बार नोकरी करने वालो और ईमानदार लोगो की कदर हुयी है......lol,CAG,1
facebook_corpus_msr_475151,Chai wale se expect v kya kr skte hai 😠😠,CAG,1
facebook_corpus_msr_475157,"Hahahahaha ,ajj to wife k black money ka v pta chal gya",CAG,1
facebook_corpus_msr_475158,bhai line me lge hhue. modi sr ne acha manoranjan kr re,CAG,1
facebook_corpus_msr_475191,Jinke paas aaj ki date me h wo kyaa karenge,CAG,1
facebook_corpus_msr_475394,😊😂गरीब होने का आनंद पहली बार!😜 ना नोट! ना टेंशन! 😎,CAG,1
facebook_corpus_msr_476299,Very nice sir ji par jin ke pass 500 1000 ka not hai uska kiya karna hai plz bataye ?,CAG,1
facebook_corpus_msr_476404,Kal se riswat me 500 ke badle 2000 dene honge😊😊,CAG,1
facebook_corpus_msr_476540,Pahle btana to chahiye tha kitna prblm ho rha h market me,CAG,1
facebook_corpus_msr_476725,Bhaiyo aur behno.... Ghar me whitewashing karwate hue bhi humko thod kasht jhelna padta hai..hum use karte hain aur apna ghar ki khush haali ke liye karte hain...aise hi hume in 500 our 1000 ke noton ke saath karna hain...takleef hogi par ghar saaf hoga.. dhanyabad ... Namo Namo Namo,CAG,1
facebook_corpus_msr_476726,Bhaiyo aur behno.... Ghar me whitewashing karwate hue bhi humko thod kasht jhelna padta hai..hum use karte hain aur apna ghar ki khush haali ke liye karte hain...aise hi hume in 500 our 1000 ke noton ke saath karna hain...takleef hogi par ghar saaf hoga.. dhanyabad ... Namo Namo Namo,CAG,1
facebook_corpus_msr_476734,Bhaiyo aur behno.... Ghar me whitewashing karwate hue bhi humko thod kasht jhelna padta hai..hum use karte hain aur apna ghar ki khush haali ke liye karte hain...aise hi hume in 500 our 1000 ke noton ke saath karna hain...takleef hogi par ghar saaf hoga.. dhanyabad ... Namo Namo Namo,CAG,1
facebook_corpus_msr_476735,Bhaiyo aur behno.... Ghar me whitewashing karwate hue bhi humko thod kasht jhelna padta hai..hum use karte hain aur apna ghar ki khush haali ke liye karte hain...aise hi hume in 500 our 1000 ke noton ke saath karna hain...takleef hogi par ghar saaf hoga.. dhanyabad ... Namo Namo Namo,CAG,1
facebook_corpus_msr_476758,Bhai baccho k galle ke paise mat bhul jana 👍👍👍  vo bhi change kar kena,CAG,1
facebook_corpus_msr_476820,"Pahele JIO Ke Liye Line... 😭

Now Bank Main Exchange Ke Liye Line... 😙

Sala Adhi Zindagi Line Main Hi Kat Jayegi Sayad... 😉",CAG,1
facebook_corpus_msr_476861,Zor Ka jhatka black money Walon ko dheere se lag Gaya!!!,CAG,1
facebook_corpus_msr_476870,Courier kar do bhai ghar pe :D change karva lenge yahan pe bank me :D,CAG,1
facebook_corpus_msr_476874,Chirag bhai courier me hi 1000 2000 kharch ho jaynge yaar kya fayda hoga,CAG,1
facebook_corpus_msr_476875,Ankit bhai tm to ni le gye kuch apne sath,CAG,1
facebook_corpus_msr_476935,Black money salon ki toh nind ud Gai.   Haaaaaa,CAG,1
facebook_corpus_msr_477479,"Salaried husband ke chehare pe muskan, black money tha nahi, wife ne jo chhupaya tha wo bhi mil gaya😂😂😂😂",CAG,1
facebook_corpus_msr_480291,Aaj Delhi he kal pura desh ho sakta he .... ??,CAG,1
facebook_corpus_msr_483123,मीडिया को अब थोड़ी देशभक्ति तो महसूस कर लेनी ही चाहिए।,CAG,1
facebook_corpus_msr_483127,baba ji  modiji ki sakkar  ko nahi mante unki nitio ke khilaf he kyoki dhanda  karne wala sarkar ke khilaf hi bolta,CAG,1
facebook_corpus_msr_483317,Himmat   hai   kia  ?  Hai    to   aayee-a   meraa  sath .....,CAG,1
facebook_corpus_msr_484110,Oi jd bas kar pagle rulayega kya,CAG,1
facebook_corpus_msr_484658,"China dhokhebaj hai, eska saman bhi ghatiya kism ka hai ,ese n khareeden",CAG,1
facebook_corpus_msr_484985,ये    एक रेगुलर  फीचर   है...ज्यादा चिंता न करें...शिप  समुद्र के रस्ते ही आते हैं ...पाकिस्तानी नेवी सब कुछ ध्यान सेदेखती है....ऐसे बड़े शिप आयल टैंक..सब को दीखता है...लेकिन इसको न्यूज़ बना कर पोस्ट करना जरूरी नहीं है...,CAG,1
facebook_corpus_msr_484986,Haha oil jihad dharm brasht hojaega sari rss ki chaddiyon ka ye oil use karke. 😀😀,CAG,1
facebook_corpus_msr_484987,India ki phat gai bhak ny k luya magwa ya hy,CAG,1
facebook_corpus_msr_487,kyoki ab wo satta me hai...,CAG,1
facebook_corpus_msr_488,"Sab toh bjp mein as Gaye , bacha Kaun hae ????",CAG,1
facebook_corpus_msr_491224,Faad hai. Abhi funding news ayegi iski. Ek bar yourstory pe ajae fir ho jaega :P,CAG,1
facebook_corpus_msr_492124,"*🤔🤔यदि किसानों ने खेती*
          *करना छोड़ दिया तो*
          *तपस्वियों का तप* 
        *उद्योगपतियों के कारखाने*
          *नेताओं के भाषण🎤*
          *और देश का विकास*
     *सब धरे के चले रह जाएंगे*।।

2008 में सरकारी टीचर का वेत्तन 30000 रुपये 
2016 में वेतन 50000 रुपये

2008 में किसान के गेहूँ की कीमत 1300 रुपये 
2016 में 1500 रुपये
2008 में कपास 3500 रुपये 
2016 में 4500 रुपये

*विधायक का वेतन* 
2008 में 60000 रुपये
2016 में 125000 रुपये

2008 में मक्का 1000 रुपये
2016 में 1200 रुपये 
ज्वार 2008 मे 1200 रुपये 
2016 में 1400 रुपये

*दूसरी ओर कीटनाशकों के दाम डबल* 

डी ए पी 
2008 में 450 रुपये
2016 में 1250 रुपये
पोटाश 
2008 में 400 रुपये से 900 रूपये
सुपर 
2008 में 150 रुपये से 2016 में 300 रुपये

 *किसानों की आय डबल कयो नही*????

*अगर सच्चे किसान के बेटे हो तो मेरी बात का समर्थन करना ओर किसान भाइयों को जागरुक करना﻿*...
जय किसान।।                                   सात वेतन आयोग बना दिये हैं अब तक।     -

 *एक किसान आयोग भी बना दो साहेब*

👳👳👳👳🌾🌾🌾👳👳👳👳
ये वाकई एक गंभीर व विचारणीय विषय है!
हमारे  देश मे यह नारा तो बहुत फक्र से लिया जाता है
""जय जवान-जय किसान""
लेकिन विडंबना ही है कि सिर्फ नारे तक सीमित कर दिया जाता है!
इनके लिए किया कुछ भी नही जाता!

शत् शत् नमन है हमारे देश के जवानो को और हमारे किसान भाईयो को!
🇮🇳जय हिन्द🇮🇳

उपरोक्त मे कही गयी इन बातो से अगर आप सहमत है तो कृपया🙏 आगे भी फारवर्ड करें!",CAG,1
facebook_corpus_msr_493187,"ये यू ,पी  है ,इन्हें गन्ने के खेत में नहीं जाना चाहिए",CAG,1
facebook_corpus_msr_493195,Sabse  bekar government hai  u.p. ki  sugarcane formers k liye,CAG,1
facebook_corpus_msr_493196,"Yeh ganne ke khet mein kya kar rahi hai.
Yeh UP hai-- koi lafda naa ho  jaye.
 Jaldi ghar wapas aa jao.",CAG,1
facebook_corpus_msr_493293,ye to hona hi tha itne log jo lute hai unhone,CAG,1
facebook_corpus_msr_494106,Bhai bus tum is baar 30000 wali T-shirt mat phenna plz....,CAG,1
facebook_corpus_msr_495101,Kaam karne walon ko paisa nai mil rha Olympics me paise nai mil rha players ko bus cricket Bollywood,CAG,1
facebook_corpus_msr_495390,Yaarr har baat pe armmy ka compare mt kro... woh apni jagah best hai hatsss off hai unhe... par inhone jo karke dikhaya hai woh b kam nai..  desh ki betiyan hai yeh... ladke jo nai kre woh inhone krke dikhaya aur izzat rakhi desh ki.. army b jo krte hai desh k liye krte hai yeh b ki hai desh k liye hai ...,CAG,1
facebook_corpus_msr_495401,"Aur itna money 1 ya 2 logo ko de sakte h ...puri Indian army,nevy aur air force ko    nhi...aur ab selary kafi h defence walo ki ...aur government kafi facilities de rhi h...Vo time change ho gaya Pr tum log aise comment krke mahan bnne ko koshish karna kB band karoge....",CAG,1
facebook_corpus_msr_495443,Kabhi socheho mere dosto yahan garib kissan bhukha mar rahahi aur swiside kar rahahai unke liye kuch. V subidha nehin hai aur yahan core amount price milraha hai...aur wo dono rs.1 v donate nehin kiye garib logon ke liye...,CAG,1
facebook_corpus_msr_495454,Itna paica mil jata hai Ki agle olmpyc ko qualify v kar nehin pa rahahai hamare sports man. Itna price miljata hai Ki unlogon ka sports khatam...be care price donate karne walo..,CAG,1
facebook_corpus_msr_495494,Itne paise pahle lagaye hote unke pratice par to or bhi medal hote india k....,CAG,1
facebook_corpus_msr_495522,Abu Khadija Mukarram olympic ka medal lalena tha re. Aade tere aade mere. Roz movie dekh sakte 😂😂😂,CAG,1
facebook_corpus_msr_495530,"यार कुछ करोड़ नही तो कुछ लाख इनाम तो उसके लिए भी बनता है, जो भले ही खुद के सीने पर 4 गोली खा ले पर दुश्मन के माथे पर सटीक निशाना लगाता है।",CAG,1
facebook_corpus_msr_495540,Ye Dono ne toh sirf medals laya hai desh k liye per unka kya Jo desh ki raksha apni jaan dekar karte hai unhe toh zinda me bhi 20000 mahina aur shaheed hone k baad 2lak bus,CAG,1
facebook_corpus_msr_495568,itna kharch phle krte..stadium n equipments pr..to 10 medal or hote avi,CAG,1
facebook_corpus_msr_495572,Sahi me itna paisa Dena achhi baat hai??? Ye paisa players ke training me kharcha kiya hota toh??,CAG,1
facebook_corpus_msr_495646,Adarsh Chauhan Itna puri team ko dede 8-10 gold to atleast h,CAG,1
facebook_corpus_msr_495653,Sakshi ko bahut jyada de giya jiske wo layak nhi hai,CAG,1
facebook_corpus_msr_495655,Itne paise pahle use korte toh 10-15 medal yu hi aajate,CAG,1
facebook_corpus_msr_495661,Gold mila hota baki indians sab khane ke liye marte...😀,CAG,1
facebook_corpus_msr_495663,ITNA HI KARCHA AGAR MEDAL K PEHLE SAB MIL JAAYE TO KYA BAAT !,CAG,1
facebook_corpus_msr_495771,Indian gov .....ek athlete ko pani tak  nahi se paya  aur inpar kadodo luta rahe h. ........,CAG,1
facebook_corpus_msr_495789,inki to nikal padi  ab agle olympic m mehnat kyo karenge,CAG,1
facebook_corpus_msr_496001,"अगर सरकारों मे दम है तो शराब की बिक्री को नगद रू के बजाय मेट्रो के कार्ड की भाँति डेबिट / क्रेडिट कार्ड के ज़रिये बेचना प्रारम्भ कर दे 

सख़्त नियम कर दिया जाय कि नगदी या तय कार्ड के अतिरिक्त बिक्री पायी जाने पर 7 साल सश्रम कारावाष 

देखिये सरकार की आमदनी कम से कम 10गुना बढ़ जायेगी 
और परिवारों की माली हालात का सही मुल्याकंन हो जायेगा कि कौन कितनी रूपया शराब मे खर्च करता है और कितना परिवार के भले के लिये 

निवेदक
सुभाष सेठिया",CAG,1
facebook_corpus_msr_496657,Tuesday ko Market me Hariyali honi chahiye bas . . . . CPI ka effect na dikhe.,CAG,1
facebook_corpus_msr_496664,50%coup Kashmir Mae unarmed people ko to control nai Kr skti!!!,CAG,1
facebook_corpus_msr_497366,"मै, हिन्दू हु,लेकिन आज महसूस करता हु कि मै हिन्दुओ के बीच रहकर भी सुरक्षित,खुश नही हु?अकेला हु?क्योकि हिन्दू आपस मे लड़ते हँ,हिन्दू सिर्फ भोंकते हँ,हिन्दू अपने कर्तव्य को भूल जाते हँ,सिर्फ अधिकारों की बात करते हँ,आज कोई हिन्दु ठेकेदार सामने नही आया जब जयपुर मे एक साथ 200 गायो को गोशाला वालो दुवारा गायो को चारा न देने पर मर गयी,जबकि गायो के नाम पर करोड़ो रु ये गोशाला वाले चन्दा लेते हँ और दुनिया देती हँ किसलिए?आज मै हिन्दू होने पर भी बेबस और शर्मिंदा हु हे गाय माताओं मुझे माफ़ करना,मै भी आज उतना ही दुखी हूं जैसे मेरे किसी प्रियजन की मौत हुई हो?ईश्वर सभी मृत गाय आत्माओ को स्वर्ग और शांति प्रदान करे ऐसे ईश्वर से हार्दिक प्रार्थना करता हु",CAG,1
facebook_corpus_msr_502496,Rana Faheem video daikh lay sayad tujay samaj a hi jaye😜😀😉,CAG,1
facebook_corpus_msr_502514,Ye to malware alert bol rahi hai abhi to maine naye mobile me sim bhi nhi dala 😂,CAG,1
facebook_corpus_msr_504840,"Heera ke pachan jhoari hi janta hai,jin ko pachan nahi hui karti wo unke liya bekar hai",CAG,1
facebook_corpus_msr_507220,"घर घर में घुस कर मारेंगे, जिस घर से अफ़जल निकलेगा.
वो कोख नहीं बच पाएगी जिस कोख में अफ़ज़ल पनपेगा.

ये राष्ट्रप्रेम का दम्भ चला है खूं फैलेगा अफ़ज़ल का.
साफ़ करूँगा माँ का आँचल, क़सम लिया गंगाजल का.

गंदा हाथ ना छू पाएगा माँ के पावन आँचल को.
बाधा में ही क़ब्र बनेगी आस्तीन के साँपो की.

फ़न कुचलेंगे वहीं पे उनका, बिल से जब भी निकलेगा.
उस घर को आग लगा देंगे जिस घर से अफ़ज़ल निकलेगा.  🚩🙏जय श्री ।, राम   ,,, 🚩🙏🙏🙏🙏,    🚩🙏🙏",CAG,1
facebook_corpus_msr_556286,sarkar ka haath..amiro ke sath...,CAG,1
facebook_corpus_msr_606199,"'बाहुबली 2' रिलीज होने के पहले दिन से ही हर दिन एक नया रिकॉर्ड बना रही है लेकिन इस बार जो बाहुबली ने किया है वो बॉलीवुड के कई सुपरस्‍टार्स की नींद उड़ा सकता है. 
#Bahubali2",CAG,1
facebook_corpus_msr_606200,sali tum midia walo ko chen nhi salo paiso kamane ke koy bi bahane se jaat paat leke kuch news banahi lete ho ab tumhara paida kiya huwa nya natk bahubli ek best muvie hai par salo ese bi bahs ka mudaa bna lo aek din tumhari lagay aag aap logo tk bi pachoche desh k logo ko jine do chen se,CAG,1
facebook_corpus_msr_606225,Jio mere sahre hindu,CAG,1
facebook_corpus_msr_606232,साफ है जनता को पूरी नकलियत नोटंकी पसंद है,CAG,1
facebook_corpus_msr_615152,एक वक्त में स्कूल से मिलने वाली चीज बाजार से सस्ती मिलती थी। अब लूट का ज़रिया बन गया।,CAG,1
facebook_corpus_msr_630,ye   tirpal talak nahi ye 1330 talak hai life time k liye,CAG,1
facebook_corpus_msr_640509,"Ateeq Khan, usne bola Saudi ko aur dil me  dard tumko hua? Aisa kyu??",CAG,1
facebook_corpus_msr_640524,Buhat trump ki  tareef karte karte muh Nahi thakta tha,CAG,1
facebook_corpus_msr_640526,smaart hai yaar masha allah,CAG,1
facebook_corpus_msr_640529,Dekho Modi g,CAG,1
facebook_corpus_msr_654847,Jo janhit main baat hoti hai.... Naki usne..kyaa khaya...kya pehna...kab soye... Kab utha ye sab nahi🤔🤔🤔🤔🤔,CAG,1
facebook_corpus_msr_654849,फिर भी कही शुनवाई नही है . vote आप in mcd,CAG,1
facebook_corpus_msr_654850,"Bohooooot  badiya  dear  sir
Dhajjiya  uda  dijiye   in  baimaan    chor  school  walo  ki",CAG,1
facebook_corpus_msr_654861,मदरसा,CAG,1
facebook_corpus_msr_654862,Modi... Gujraati school 🏫...... Haaaaaaa,CAG,1
facebook_corpus_msr_654864,"Koi bada businessman government ka supporter hoga, woh uska shoe brand ka business chalaigi, very simple.",CAG,1
facebook_corpus_msr_654872,Aap ki bhakti abrampar hai,CAG,1
facebook_corpus_msr_654878,iske jyada note barbaad ho gye lagata hai. ha ha ha,CAG,1
facebook_corpus_msr_654880,Ya to schools politicians ke hai ya fir in school owners say party fund milta hai . Is liye to is desh mai choti choti cheezo ki sunwai bhi nahi hoti.,CAG,1
facebook_corpus_msr_654882,Ravis g kya aap ye issue utayege ki ek muslim ko kabhi CM ya PM kyu nhi banaya gya except JK.,CAG,1
facebook_corpus_msr_654886,सर आपके जेसे मुद्दे अगर सब मीडिया उठाने लग जाये तो इस देश मे मन म्रजिया करने वालो की दुकाने बन्द होने मे ज्यादा समय नहीं लगेगा !! स्त्यमेव ज्यते,CAG,1
facebook_corpus_msr_654893,"Topic Schools ki manmani ka hai bhai, ye toh accha h ya ye bhi bura hai",CAG,1
facebook_corpus_msr_654894,"Topic तो देश में अन्य भी होते है...फ़िर रवीश कुमार का ये डायलॉग क्यों फ़ेमस हुआ "" कौन जात हो भाई ""?",CAG,1
facebook_corpus_msr_654897,Govt कॊ फेल बोलकर तुम कुछ नया नही.करते हो यार,CAG,1
facebook_corpus_msr_654901,"Vacancies hai nhi aur america ki trah hoga desh, mtlb sala kuch bhi.",CAG,1
facebook_corpus_msr_654903,वेकैंसिस पहले की govt में बहुत ज्यादा थी न यार...भारतीयों.की जेबे नोटो से भरी हुई थी न ?,CAG,1
facebook_corpus_msr_654905,"तुम्हे पता है अमरीका की जनसँख्या कितनी है ?...हिंदुस्तान की आधी की आधी की आधी भी.नही 
और उनके पास भू भाग कितना है ?...हिन्दुस्तान के पूरे से डबल का डबल का भी डबल...
इसलिए नही है हमारे पास vaikensi",CAG,1
facebook_corpus_msr_654906,तुम्हारे हिसाब से पेट्रोल की रेट जब बढ़ती है तो.मोदी बढ़ाता है और जब घटती है तो अरब देश घटाते है,CAG,1
facebook_corpus_msr_654913,"Bhai kon sa aisa kam kiya modiji ne hme bhi bta de ha lekin desh ka bhai chara jrur tut gya, pura desh divide ho gya universities, bollywood, writer sb",CAG,1
facebook_corpus_msr_654915,Lekin tumhari trh andhbhkt bhi nhi hu aur apne desh ke pm ka nam modiji likhta hu tumhari trh sirf modi nhi.,CAG,1
facebook_corpus_msr_654916,"और मामले को ""सुलजाएंगे"" जज श्री रवीश कुमार",CAG,1
facebook_corpus_msr_654925,Ndtv kya khna chahta h unhe khud samajh nhi aata,CAG,1
facebook_corpus_msr_654927,Tabhi to pta chalta h bhaijan,CAG,1
facebook_corpus_msr_654928,tbhi kh ra mt dekha kro negetive cheejo ko bhai ji,CAG,1
facebook_corpus_msr_654932,Bhaijan Maine jb aap party ki 67 seat aayi to vote aap ko kiya tha aur vo meri jindgi ki bdi bhul thi,CAG,1
facebook_corpus_msr_654935,Aap party ne apna vishwas khi na khi jrur kho diya bhai.,CAG,1
facebook_corpus_msr_654949,pm se sikha h schools ne..,CAG,1
facebook_corpus_msr_654952,Band hi kro or in school k ache rul bnaye,CAG,1
facebook_corpus_msr_654962,Espe sikanja kasa jay,CAG,1
facebook_corpus_msr_656033,Hindustan Jindabad Pakistan Murdabad aur Jo Indian mulle Pakistan ko support karte hai vo sab sale Atankwadi hai,CAG,1
facebook_corpus_msr_656035,"Ab btao baat Kya thi or comment me Hindu Muslim shuru ho Gye gaalian dene, Bhai shor hota Hai to bnd Kro baat khtam, pr ek dusre ke dhram ko gaali dekr Kahan jaoge, school ka teacher Muslim Hai to Kya pdai nai krwaoge bachon se, hospital me doctor Hindu Hai to Kya Muslim apni ptni ki delivery nai krayega, aag lgi hui Hai or sbko bachane KE LIYE Gye to Kya Hindu Muslim chilaoge,Kisi se kahin ka address puchte hue ye pucha ki pehle bta Hindu ya Muslim Hai, Sach to ye Hai ki hme aadat ho gai Hai ki ek dusre ko Bina jaan pehchan ke gaalian do",CAG,1
facebook_corpus_msr_656043,Tarik Fateh n Islam ke khilaf.hai  nd n hi Kuran ke khilaf vo toh bad kattarpan  nd  bad traditions ke khilaf hai. Vo saafgoi se  kahte hai  ki mai Islam ke khilaf nahi hu mai mullao ke islam ke khilaf hu.Truth is always bitter.,CAG,1
facebook_corpus_msr_656046,Abhijit Tarik fateh ko kuch ni kahega wo to unki side se bolta isliye,CAG,1
facebook_corpus_msr_656047,"Tum log hi kon sa wafadar ho desh k liye, 90% Muslim k liye pahle islam hai phir hindustan, tum ko vandematrm se problem hai, tum sb ko uniform civil court se problem hai, tum sb ko Ram mandir se problem hai, bhai chale jao n Pakistan jisko bhi problem hai, yar aap logo ki wajh se desh barbad ho rha hai, shudar skte nhi ho to pls chale jao apne kaba madina, kahe hamara jeena hram krte ho",CAG,1
facebook_corpus_msr_656058,Isliye tum sab muslmano ko worldvmein atanjwadi samjha jata hai,CAG,1
facebook_corpus_msr_656065,Mnoj ji GHNTA BJANA HI TO NEPAL JAO WARNA GHNTA BJANA BHUL JAO GE,CAG,1
facebook_corpus_msr_656081,arey tum to ussay bhee badtar ho apna dna chek karvaao to bhagoda kon hua apni pushto say poocho jo dae ke dharam ko he parivartit kar liya. tarik ji to lot ke ghar vapis aaeye hain,CAG,1
facebook_corpus_msr_656082,Hathi ke soodh tum bhi to mugal jodha ke aulad ho,CAG,1
facebook_corpus_msr_656086,Apne ander jhakon apne aap ko Muslim btaene wale?,CAG,1
facebook_corpus_msr_656087,"Zuber Ahmad Mane tumhare sare comment ke screen shot liye hai, abhi mafi mango nahi to mein police mein complains karne ja rha        hu. Tumhare pass sirf 24 hours hai.",CAG,1
facebook_corpus_msr_656089,Sabse galat tumne likha Zuber Ahmad,CAG,1
facebook_corpus_msr_656091,"Main bhi galat bol sakta tha, lakin Tum mafi magne ke liye bola taki baat yahi par khatam ho jaye Zuber Ahmad",CAG,1
facebook_corpus_msr_656109,Bhai tm gaza ki socho yar. Rahi bat mandiron ki toh loudspeaker mat bajao wahaan bhi. Kya dikkat hai. Secular mulk mein jabardasti kisi bhi dharm ki nahi chal sakti bhai hindu ya muslim ya sikh ya isai,CAG,1
facebook_corpus_msr_656113,"Bhai Hindu dharam k anusaar kisi vyakti ko sotey samay, khana  katey samay aur dhayan kartey samay ( means pooja paath) kartey samay disturb karna ghor paap hota hai. Vaise bhi jab 100 saal phele loudspeaker ka invention nai hua tha tab azaan nai hoti the kya..",CAG,1
facebook_corpus_msr_656116,Are Bhai logo Mandir mai bi to log loudspeaker mai padte hai path etc mai jha rehta hu har Tuesday ko shyam ko 7 bje loudspeaker pe hunumaan Ji k path padte hai ..mai bi night shift krke ata hu ..lekin jab wo sunta hu acha feel hota shanti milti hai ... Or waise he Muslim Bhai log mrng ko krte hai ... Es se kisi ko koi dikat nhi honi chaiye ... Abi ye log bolre hai band krwao azaan.. baad mai kya ye log Hinduo ka band krwa shkte hai ..ghnta mera ... Aapas mai lado or yhi mar jao bus yhi chate hai ye log or kuch nhi...,CAG,1
facebook_corpus_msr_656122,Namaz padhe musalmaan jaage poora Hindustan.band karo yeh loudspeaker humen suvar ki awaaz nahin sunani,CAG,1
