ID,Text,label,Label
facebook_corpus_msr_430448,"""win your self "" -real freedom -unleash the d.n.a 

...do not use----> unused old palmolive shaving cream of abraham lincoln",NAG,0
facebook_corpus_msr_495463,Sindhu should b appreciated but there are more good sportsman who r not seen by India.(marathon) rich r getting more richer Sindhu she got already everything 😬,NAG,0
facebook_corpus_msr_468225,Every problem create new opportunity just U have to grab it. GD initiative by big bazar,NAG,0
facebook_corpus_msr_463129,There is pain but no gain.  The exercise is not thought through fully.  It is creating havoc for the economy and hardship for common man.,NAG,0
facebook_corpus_msr_2041541,"Happy that there are people who think positively, logically. A nice explanation indeed.",NAG,0
facebook_corpus_msr_469040,"Bank nifty cracked today,  where is it going now?",NAG,0
facebook_corpus_msr_2041642,What a wuss,NAG,0
facebook_corpus_msr_2111276,"RSS is the best thing that ever happened to INDIA, think about that. JAI HIND.",NAG,0
facebook_corpus_msr_464506,"Why worker of tea garden, NREGS worker are not paid their wages? Why students are asked bribe of 15 lac for teacher job.",NAG,0
facebook_corpus_msr_1833407,What ever they say is now correct,NAG,0
facebook_corpus_msr_412313,No bosses over there take fare actions . Employee who are onroles they treat the person working on 3rd party payrole as their servant,NAG,0
facebook_corpus_msr_410045,"Everybody knows Sachin , Raina , Dhoni are getting more money than 6 Cr. under the table ( for which they are officially retained ) ,when Gambhir , Yusuf pathan getting 11 Cr. officially ,how can they play on low amount ? shalab Srivastav said nothing wrong , poor fellow got banned",NAG,0
facebook_corpus_msr_1917082,Powered by Hamza Khan 💞💞,NAG,0
facebook_corpus_msr_455968,Hmmmm.. just bringing to your notice on the piled up and back to back news,NAG,0
facebook_corpus_msr_1521964,Communist got beaten by gangsters in Indonesia https://www.youtube.com/watch?v=Ky7Z4-UjaJI,NAG,0
facebook_corpus_msr_442964,"EVERYBODY IS TIRED OF DOING WORK PEOPLE SHOULD STOP ELECTRONICAL DEVELOPMENT AND START REGROWING EARTH , POPULATION CONTROL , AND LIVE A PEACEFUL LIFE WHAT WILL YOU GET HAVING A BIG HOUSE AND BIG CARS WHEN THERES NO SPACE TO DRIVE .",NAG,0
facebook_corpus_msr_439177,Its so much important for parents know how bad it is to pressurize children at such an early age. Straight from the legends like Sundar make a huge difference. Thanks a lot! #BackOnCampus,NAG,0
facebook_corpus_msr_420479,Hi anuj why OBC is trading at 0.3x of it's book value while some of banks trading 10x of book value?,NAG,0
facebook_corpus_msr_417576,Jio prime deadline is extended...So plz extend Happy New year offer for 15 days also😂😂😂,NAG,0
facebook_corpus_msr_480835,Nifty below 8550 ?  Indicates a down move maybe coming,NAG,0
facebook_corpus_msr_491605,"Many many THANKS , on behalf of Priyesha Deshmukh .",NAG,0
facebook_corpus_msr_335317,yes a lot of difficulities BJP face in rigging EVMs and communally divide the people again and again to get votes...,NAG,0
facebook_corpus_msr_414386,Extradition proceedings can be time consuming. It is the first step.,NAG,0
facebook_corpus_msr_454017,RE is the best it is giving fighting to HD and u think of,NAG,0
facebook_corpus_msr_461133,Well it looks like cnbc has no proper news left..,NAG,0
facebook_corpus_msr_2106127,"The gutted S6 coach of Sabarmati Express still stands at the Godhra railway yard, a grim reminder of one of the worst tragedies in India’s recent history.",NAG,0
facebook_corpus_msr_1945501,You should also be made the director of FTII's film making wing😂😂😂,NAG,0
facebook_corpus_msr_465477,Rahul sir u r very good analysis. U r very great bussinessman.,NAG,0
facebook_corpus_msr_483549,Anil ... do u understand ...how Mistry can continue where he has asked to move out,NAG,0
facebook_corpus_msr_339965,"Report Card of the Present PM, HM & NSA #ModiWeakestPMEver",NAG,0
facebook_corpus_msr_464514,India is already 25years backward. The damage is already been done.,NAG,0
facebook_corpus_msr_495461,"India a country where scams of 1500 crores happens , so two or five crores doesnt look big , its looks only because how poor many indians are.",NAG,0
facebook_corpus_msr_415674,I have 500 Inox leisure @ 255.. sell or hold,NAG,0
facebook_corpus_msr_425941,It is good to see Myntra collaborate to mango. Congrats,NAG,0
facebook_corpus_msr_418432,"Indian Stock markets seems to be highly over valued, no reason to be optimistic, monsoon likely to be weak below normal, hence corporate earnings will continue to be under pressure, sharp drop in oil prices and strengthening rupee against US dollar will affect exports and manufacturing and service sector, no new investment, no capacity expansion no new big manufacturing factories, banking system in disarray mounting bad debts, agriculture sector in slump, no chance of any improvement of Indian economy,",NAG,0
facebook_corpus_msr_488143,Is this right time to enter advanced enzymes pls comment,NAG,0
facebook_corpus_msr_397505,they can produce only child and child nd many many,NAG,0
facebook_corpus_msr_470262,Subramaniam has a grudge that he was not made a FM,NAG,0
facebook_corpus_msr_2111283,So what this CM said is correct... No one commenting that RSS is a true secular.. ..,NAG,0
facebook_corpus_msr_326327,Defence minister should resign now n we need PARIKER back plz.,NAG,0
facebook_corpus_msr_497700,How many government lED light  manufacturer companies can u able to tell...,NAG,0
facebook_corpus_msr_466205,Superb!,NAG,0
facebook_corpus_msr_2014556,SSP Chawrasia with his view on Day 2 of the Indian Open at Gurgaon.,NAG,0
facebook_corpus_msr_327897,"Only react - don't act ?
Hollow words ! Spineless !!
God save our brace soldiers  !!
RIP 🙏",NAG,0
facebook_corpus_msr_497038,Why is the inflation on numbers given by government is unrealistic when compared to the actual prices of commodities in the retail market. Is the government bluffing too much to hype economic progress to attract investment ?,NAG,0
facebook_corpus_msr_506311,RBI took nice initiatives to cleanup the bad loans.. this should impact on our entire national economy.. and drop-down in inflation to that extent..,NAG,0
facebook_corpus_msr_417004,It is a lovely concept.  Pricing is affordable too....but i wonder where will i put my bags and how will i change clothes ? Where do i go if i want to wear a saree ? Wonder wonder 🤔🤔,NAG,0
facebook_corpus_msr_462351,May Her soul rest in peace .my heart felt condolences..,NAG,0
facebook_corpus_msr_483445,An excellent discussion. Thanks cnbc team for throwing light on such pertinent isssues,NAG,0
facebook_corpus_msr_1932345,I will take it home,NAG,0
facebook_corpus_msr_1614005,"Outstanding performance by all, My standing ovation to s.s rajamouli sir & Team... I give you salute for superb quality of movies BB1&BB2... 😊👌👌👌👍👍👍",NAG,0
facebook_corpus_msr_1647501,Aamir Khan Receives Dinanath Mangeshkar Award For 'Dangal',NAG,0
facebook_corpus_msr_2111181,Nowdays we hear such stories day in and day out,NAG,0
facebook_corpus_msr_1563557,We may use english but we dont have an official religion and this is a country of christian people this a country of free people,NAG,0
facebook_corpus_msr_334226,He just popped up without an invite as a surprise.. he even waited at the gorakhnath mandir for hours before entering the on going HYV meeting from where he was thrown out. He has no place to go and is trying his best to get into the BJP. So don't just judge everything by what's been posted in brief. He is never going to be allowed into the party looking at his stature and also his father being a samajwadi party loyalist.,NAG,0
facebook_corpus_msr_461142,I think he should stay silent for few years 😀,NAG,0
facebook_corpus_msr_386837,instead all Congress people should be sent to Kashmir or moist ruled areas,NAG,0
facebook_corpus_msr_410863,they are right in protesting......we shud first look at our own faults rather blaming outsiders for rotting our system.........india shud apologise......indians do not insult other cultures and women.......,NAG,0
facebook_corpus_msr_429429,Expect to be able to give guidance for FY18 by next quarter: NASSCOM,NAG,0
facebook_corpus_msr_429432,Share of digital in total revenue for IT firms is 12-15%: NASSCOM,NAG,0
facebook_corpus_msr_466080,"CNBC-TV18, can we get the list of the ATMs which are recalibrated as of now??????",NAG,0
facebook_corpus_msr_495507,"Just Stfu u people just see the money but not the hard work after it, BC grow up",NAG,0
facebook_corpus_msr_431176,So whom u gonna vote in next elections?? Rahul Gandhi or Arvind Kejriwal or Mayawati or Mulayam Singh or Mamta Banerjee or Lalu  Yadav or his sons or Nitish Kumar??,NAG,0
facebook_corpus_msr_397448,China is building rout to invite terrorism into their country....😆,NAG,0
facebook_corpus_msr_425041,Please ola and Uber check your driver's driving before making them your company's part...... It's pethetic......,NAG,0
facebook_corpus_msr_394598,"Kashmiris are already free. Those who still want freedom, u can take them to ur home.",NAG,0
facebook_corpus_msr_2168613,"A third accused, Tariq Ahmed Dar, was held guilty of being a LeT member, but the court said there wasn’t sufficient evidence to link him to any conspiracy.",NAG,0
facebook_corpus_msr_1648444,"It's okay, it's not such a big deal to make such a huge issue of it :/",NAG,0
facebook_corpus_msr_497719,Clean energy Wind and Solar should be a number one priority - in parallel with focussing upon efficiently use all sources of power.  GST shall exclude renewable equipment otherwise cost of renewable energy will increase - which may impede government's target 2022 for renewable to some extent.,NAG,0
facebook_corpus_msr_426048,You appear to be extremely happy with the fact that corruption exists in our country despite demonetisation. Strange!,NAG,0
facebook_corpus_msr_456102,This is never a competition for Royal Enfield. Royal Enfield is Royal.,NAG,0
facebook_corpus_msr_491129,Will the fmcg sector get re rated coz of GST cmg soon ?,NAG,0
facebook_corpus_msr_326435,"We Hindus have elected 540 n more MPs but nobody is capable for HM more than Rajnath Singh ??Yes we know Modiji is greateful on him because he brought him to Delhi from Gujrath but he cant force him on people who don't like his ""Kadi Ninda""We want action we r ready die once but not a slow death Also Defence Ministery nobody is capable than Jetly ? Parkekar was able honest n patriot more than that he was a decision making minister but unfortunately deference between him n Jetly n Rajnath made him to return to Goa back about his serious actions on stone pelters   n also selfishness of BJP making a Govt only a reason These fake secular rulers never take action neglecting their vote bank They love their party n vote bank more than their mother nation its the destiny of we voters n people of this country especially Hindus I feel this Govt is  as old wine in new bottle nothing more What is the use of our weapons or bombs through them to Arebian Sea n surrender We don't want to see murder of no more soldiers n their mutilated bodies Shame on u   jaihind",NAG,0
facebook_corpus_msr_1922872,Good news,NAG,0
facebook_corpus_msr_425607,Hon ble pm modi sir unveiled 112 feet Adi shiva,NAG,0
facebook_corpus_msr_2168615,"Under trails shoud not send to jails,for them separate custodial shells shall be arranged for the period of trails and shouldn't be harassed.",NAG,0
facebook_corpus_msr_451855,Not sure if this can survive in Mumbai looking at road conditions,NAG,0
facebook_corpus_msr_1939492,Who is she which film did she act....sunny Leone?,NAG,0
facebook_corpus_msr_470938,What ll be the economy condition of india after 6 month,NAG,0
facebook_corpus_msr_1775235,Khangress purchased JDS whole sale.,NAG,0
facebook_corpus_msr_416591,Dipak Haksar is son of former ITC chief Ajit Haksar.He is also nephew of former distinguished bureaucrat late P.N.Haksar.,NAG,0
facebook_corpus_msr_326011,Its very sad we lost our 2 jawans.  Army should have taken action at same time.  Why should army wait for idiotic politicians decisions and advice.  Due to senseless politicians we are losing life's of Jawans.  Surfical strike is done by our brave solders with the guidence of our senior officers.  None of officers or solders name came on headlines except politicians.  Still political using its for political gains.  Thls leaders should spend 1 hour on border then they realise.,NAG,0
facebook_corpus_msr_334968,Better then  loosing.Good  for  nothing  party,NAG,0
facebook_corpus_msr_418157,"Wait and watch
Don't do irresponsible reporting
Already a lot of mess already unreported and ignored by you.
Clear that Backlog first",NAG,0
facebook_corpus_msr_415757,Anuj Sir guj nre not get my delish inititate debt restructuring,NAG,0
facebook_corpus_msr_434443,"In which stock to invest today, for getting return as in eicher  motors from prices of 2007 to 2017",NAG,0
facebook_corpus_msr_439556,Farmers gonna make money and intermediaries are gonna be unemployed...,NAG,0
facebook_corpus_msr_327832,Hmm..thou art so tippy to get chorused at your save.,NAG,0
facebook_corpus_msr_412639,What about global headwings.... Are its gud enough to keep long,NAG,0
facebook_corpus_msr_504883,"World Bank Changes Classification Of Countries: India Is Now ‘Lower-Middle Income’ Economy....... you see its Mr Raghuram Rajan ji is very strong man with lots of backing ....but also a man of principals and and till date did what was necessary of indian economy unbiasedly, no doubt his humor makes him elite too........ but so is Mr Subramanian Swamy ji ..really  interesting story  ..but will put many  important  people in uncomfortable situation ...of it continues its for sure that Mr Raghuram Rajan ji will take an extension and leave it in mid way ...",NAG,0
facebook_corpus_msr_1805395,I'm agree with it but I will share this  😂😂😂😂😂😂,NAG,0
facebook_corpus_msr_442959,Congrats India. British Empire empire occupied India for 200 years. There is speculation or conspiracies that British Empire used India's wealth to fund partially the Industrial Revolution.,NAG,0
facebook_corpus_msr_1805314,A Sanghi sympathiser.....,NAG,0
facebook_corpus_msr_483453,Mistry syphoned lot of revenue to his own company Sapporo and paloonji and also miss management with corus.,NAG,0
facebook_corpus_msr_416331,"Depression is to depress. When a person mind doesn't go together with usual functioning and become upset by thinking negatives of sadness or felt some distress etc
It can be cured through mediation",NAG,0
facebook_corpus_msr_1729777,Atleast justice brought to the families whose kids were killed and dumped .....,NAG,0
facebook_corpus_msr_495519,Well how we wish same kind of contribution before the game we would have won more medals,NAG,0
facebook_corpus_msr_411324,They should start making Small Bank to One and Cooperative bank to be taken over by bigger banks...,NAG,0
facebook_corpus_msr_427861,Does TCS buyback means  worry for IT sector on whole????,NAG,0
facebook_corpus_msr_1692708,That's a good share,NAG,0
facebook_corpus_msr_426043,"Lokanathan Rajan so? The govt shouldn't even try? Such defeatist mentality as yours is the reason that India still lags behind as a third world country, rather than having realized its potential as the world's leader",NAG,0
facebook_corpus_msr_1919931,The Aam Aadmi Party is gearing up for intensive campaigning for the Delhi civic polls from March 31.,NAG,0
facebook_corpus_msr_412692,Hehe Anuj thank you for acknowledging dear and thank you for answering,NAG,0
facebook_corpus_msr_1674413,Common RCB,NAG,0
facebook_corpus_msr_465094,"Best Joke by Urjit Patel :

""Committed to easing citizens'   pain at the earliest.""",NAG,0
facebook_corpus_msr_1942684,Only 12.2 per cent of Parliament seats are held by women.,NAG,0
facebook_corpus_msr_480887,S&P and all ratings agency are very bullish on India growth story please inv right time,NAG,0
facebook_corpus_msr_2073049,One of the WB GS Dr. Sarkar ( a madical practitioner) also arrested near about 2 months ago on same child trafficking case..... Very unfortunate.,NAG,0
facebook_corpus_msr_461419,"hi guys plz give a view on jamna auto & bharat forge, u skipped my question day before yesterday",NAG,0
facebook_corpus_msr_1805141,You're active member of BJP 👏,NAG,0
facebook_corpus_msr_2253629,"Justice against vindictiveness of the Central Government. 
Great justice in way of Delhi development.",NAG,0
facebook_corpus_msr_497693,"We have to encourage all, to use solar system, each and everyone,in our rural area also.",NAG,0
facebook_corpus_msr_439581,"Digital marketing have killed inflation to some extent by reducing mediator margins, however what about those who got unemployed bcz of digital marketing... So, it is nothing but very sudden move to make those people unemployed who were unable to have better education... Sir, this is gonna be murdering action if so sudden move has been implemented.. make sure you are on right way and please do something for those who are waiting for businesses or jobs....",NAG,0
facebook_corpus_msr_1804875,He can be easily manipulated!  Anna Hazare is Poor Man who does not understand politics!! In reality Arvindji took all pains for the people!!!,NAG,0
facebook_corpus_msr_411719,What abt making medical seats affordable? Is there a nexus between MCI and private Medical colleges?,NAG,0
facebook_corpus_msr_1763614,"What did you ,when you had to hand over to BJP",NAG,0
facebook_corpus_msr_471222,It's important that any stock holding company that the management have a skin in the game. Cyrus Mistry has his skin in the game.,NAG,0
facebook_corpus_msr_440785,Now instead of 'I promise to pay bearer sum of One Thousand Rupees' we are going to see 'I promise to arrest the bearer ' signed by the RBI governor.,NAG,0
facebook_corpus_msr_455947,Im bored. Im leaving.  Il check out reviews on youtube later.,NAG,0
facebook_corpus_msr_462838,Yes do it. Atleast some people might go cashless after that.,NAG,0
facebook_corpus_msr_495989,delivery quote -in the maternity ward ....hello gabby we are tsunami swimmers ....go back simon,NAG,0
facebook_corpus_msr_496789,Sbi good,NAG,0
facebook_corpus_msr_497268,"Great work Megha Vishwanath 
U guys look like the dynamic duo.
Keep rocking 😊",NAG,0
facebook_corpus_msr_482251,I think in the short term markets will fall due to war with Pakistan,NAG,0
facebook_corpus_msr_1924827,"uo always on ryt way virat,",NAG,0
facebook_corpus_msr_495482,"If this amount would have spend earlier,sure at least 50% of our athletes would have earned medals .... India is great",NAG,0
facebook_corpus_msr_2242637,"The opposition so far unseen but emerging now was a proof that ""certain developments our rivals don't desire are happening in the party"", Sasikala said.",NAG,0
facebook_corpus_msr_436416,When will IT industry move beyond dollar-rupee conversion rate...Admit it or not thats the basic business model and revenue source.Is this sustainable in long term?,NAG,0
facebook_corpus_msr_379185,"WAHE GURU JI KA KHALSA WAHE GURU JI KI FATEH, JO BOLE SO NIHAL SATSRIKAL! Now where is that bastard Kejriwal and Rahul Gandhi is sleeping and Mamata these all are terrorist well wishers. Take them to the border and kill them also. And also include Farok Abdulla and his son also and sepreatest leaders also.",NAG,0
facebook_corpus_msr_431149,2019 will show Mr. Modi as a true leader who actually works for the country and all its people no matter from which religion they are. As citizens everybody should be proud to have this leader.,NAG,0
facebook_corpus_msr_463116,"Listen n admired you many occasions in last 7 years thru CNBC.
But this one is spot on .
Bold n Courageous (y) Well said Lata Venkatesh !!",NAG,0
facebook_corpus_msr_2203238,"Q. Was the window open
A. Yes the window was open.
Chanda Kundra you may like this and will help u go down memory lane.  Baikunthi Devi Paraulia Kanya  Mahavidyalaya",NAG,0
facebook_corpus_msr_461410,Hi Both - how do u see tomorrow's opening for PSU banks ?,NAG,0
facebook_corpus_msr_426575,"Well said Sir: ""Data is the oxygen of Digital Life!""",NAG,0
facebook_corpus_msr_332810,An awesome movie. Melodious chorous music. Lovely. Enjoyed watching every bit of it. Too good. Like mythological comic scenes. Too good,NAG,0
facebook_corpus_msr_455906,N I spent same price month ago fr Rs200abs..  😒😒#,NAG,0
facebook_corpus_msr_2041536,"She's a brave, outspoken soul. No mincing words or being overly fake on the show - she was frank and outspoken. The best part was that she didn't care to butter up KJO, knowing fully well that he is powerful in the film industry. And yes- the industry is full of relatives, friends, star kids, established models and beauty queens. Very few get a chance with big time directors like KJO just cause of their talent.",NAG,0
facebook_corpus_msr_412304,"Wipro Guidance: Q1 IT services revenue growth seen at $1,915 m-1,955 m",NAG,0
facebook_corpus_msr_473741,Thats good but  limit of withdrawal amount should be more than 10k atlist,NAG,0
facebook_corpus_msr_473751,"*PURE DESH ME AFRA TAFRI KA MAHOOL HAI...INDIA KI 98% JANTA GARIB HAI..YE MAAR ASLI 98% PE MARI HAI MODI JI NE..YE ACHA NHI KIYA BJP NE PURA VYAPARI VARG ROO RAHA HAI KHUN KE AANSU BJP WE SHAME ON YOU*

*B.J.P..*❌❌❌❌❌❌❌
*MODI..*❌❌❌❌❌❌❌

*WE REALY SHAME ON YOU MODI JI..*",NAG,0
facebook_corpus_msr_426258,"Helo mam help about PSU banks like union bank , bob",NAG,0
facebook_corpus_msr_402273,This appears to be just another case of road rage which happens every where in Bharat especially Delhi. The Wagon R is damaged  on both sides. The occupants may also be powerful people like (now )powerful Mr.Tiwari. VIP culture has since been abolished by PM,NAG,0
facebook_corpus_msr_329936,Isko dekho America ko Pani pila Diya Hai.......ek hum log pak nahi Handel ho Raha hai,NAG,0
facebook_corpus_msr_411801,"Anuj, is the rally in the bank rally move over the past 3-4 days justified?",NAG,0
facebook_corpus_msr_326319,"India should ban NDTV first , and then talk about anything ! , NDTV is separatist channel !",NAG,0
facebook_corpus_msr_413450,Wat nonsense is this cnbc....? How can u claim like this dear..???,NAG,0
facebook_corpus_msr_483747,Hi  Is there any reason to hcltech fall with 20/-,NAG,0
facebook_corpus_msr_495464,This is just westage of money. Might the poverty of India have been removed up to a extent with the money. What about Soldiers who are fighting for the country.,NAG,0
facebook_corpus_msr_495497,Our politicians care for this but not our Indian army they gave many life's for nation,NAG,0
facebook_corpus_msr_435326,Won't be embarrassed to copy services from other players if customers benefit: Shikha Sharma,NAG,0
facebook_corpus_msr_327053,"I do use. Its about security issues microsft windows. I recently switched back to windows 8,from 10.u didnt get my point.",NAG,0
facebook_corpus_msr_2242035,With World class road the car should sell in their hundreds,NAG,0
facebook_corpus_msr_495455,"Telangana CMO Government announced Rs 1 crore for Sakshi Mallik ,Rs 50 lakh for Dipa Karmakar and 25 lakhs for Srikanth Kidambi too",NAG,0
facebook_corpus_msr_400349,"we have no idea who done this.
dont blame on us",NAG,0
facebook_corpus_msr_408900,"why we celebrate ? only we have ""FASI "" to kasab....this is not enough. we need to find out those people who create the KASAB and more like him ! so rather then celebration think for remove terrorist from Bottom of earth !! this is not time for celebration this is the war and war is not end as KASAB FASI this is Just Beginning!!!!!!",NAG,0
facebook_corpus_msr_1805170,I am from.south India? Why congress & BJP are against Mr. Kejiriwal?? Give me some reasons,NAG,0
facebook_corpus_msr_493237,Let's switch to reliance? Linaila Dsouza Vigya Smriti Sruthi Thommen,NAG,0
facebook_corpus_msr_1736955,"Original video in the link....and a segment of the video used by few media house to propagate how Kumar Biswas attacked Kejriwal.....watch both the video by yourself  to see how mainframe media is using all its take to defame delhi government as much as possible before MCD election.
#shameonjournalism #soldmedia

https://m.youtube.com/watch?v=iuoS2dpccHU",NAG,0
facebook_corpus_msr_429173,"Sir, may God give you more strength to help our country to become no 1 in the world of modern technology.",NAG,0
facebook_corpus_msr_437718,"I'll not b surprised if nifty touches 15k....
APJ Abdul Kalaam sir's thoughts r coming into live...
India the superpower by 2020....",NAG,0
facebook_corpus_msr_464016,Why does not India or China buy? Fundamentals are good. Guess Indians will just get poorer Bec of Modi demonetization and gold rumor ban. India household own the most gold in the world but value has dropped120 dollars since November 9,NAG,0
facebook_corpus_msr_327056,Use latest Windows 10 creators update . MS is changing security day by day,NAG,0
facebook_corpus_msr_418995,Fortunate to have CBN as C.M. in the present critical  period,NAG,0
facebook_corpus_msr_483314,Looks like he was In need of 15 days notice . 😜🙏😵,NAG,0
facebook_corpus_msr_430300,"Need Nilesh Bhai Comments on Glaxosmith Consumer, GSFC and Capri Global. Comments on the Management of Capri Global, GSFC, Glaxosmith.",NAG,0
facebook_corpus_msr_1833338,"“I would like all of them [Opposition MPs], particularly the members of the Indian National Congress, to recognise that cow protection was part of our freedom movement,” Nirmala Sitharaman said.",NAG,0
facebook_corpus_msr_483427,"He took decisions for betterment of Tata (closing the non profit company, or selling out)but it is not digestive for lot of people in company",NAG,0
facebook_corpus_msr_1805741,VERY TRUE !,NAG,0
facebook_corpus_msr_334861,"Siva Das and you were tagging me in pages that trolled Yechury for attempting to get re elected to Rajya Sabha. 

Yechury says sorry to disappoint you! 😂",NAG,0
facebook_corpus_msr_334036,"Willing to form a group to eliminate political view which believe in and are in favour of anti indian activities. Mahakal will guide me, I believe.",NAG,0
facebook_corpus_msr_436556,Thanks Anuj for the Belly-icious Information about Tony's Pizza. You just made me forget about the stocks and I went researching on Videos of the Tony's Pizza. I now crave for it. 🙈😜 Please come to India soon @Tony's Pizza 😅,NAG,0
facebook_corpus_msr_470842,What will be the economy condition after 6 month of india,NAG,0
facebook_corpus_msr_431146,It's never too late....Congress plz learn from modiji how to lead the nation...u r always complaining....atleast he is working allow him to work.,NAG,0
facebook_corpus_msr_334320,"Only in INDIA criminal politicians can get Government Job can get World Tour...
 If you are not in politics and you just made one mirror mistake like fighting with your friend or etc and police put you in jail or filled up a case against you so you can't apply government job as well can't apply for passport....",NAG,0
facebook_corpus_msr_488765,Will the petrol & diesel prices go up tonite ?,NAG,0
facebook_corpus_msr_436569,"Why your panelists are always wrong.

They say nonsense all the time.",NAG,0
facebook_corpus_msr_411358,"I thought they will tell something new 
I already started from the very begining.
Keep it up guys 
Give some unique tips",NAG,0
facebook_corpus_msr_397858,"They denay everything like osama, qusab, malala, benazeer bhutto, Baluchistan, sindhustan, etc.",NAG,0
facebook_corpus_msr_1805474,"அண்ணா  hasare  where are you
BJP ன் கை கூலியே",NAG,0
facebook_corpus_msr_470335,Hi Shireen where are you now? In Bangalore? Or flew back to Delhi? How do you manage such hectic schedule,NAG,0
facebook_corpus_msr_415537,"Do u think with current economic situation after de demonetisation , it s good to invest in e commerce like filpkart , where banks are charging high amount during each billing and transaction",NAG,0
facebook_corpus_msr_2041614,Awesome retort!,NAG,0
facebook_corpus_msr_1674422,Nice zee,NAG,0
facebook_corpus_msr_480747,8th Nov is the voting day then why thats day is getting so much attention.,NAG,0
facebook_corpus_msr_421070,Hi Anuj - any views on IFCI; considering the near term listing,NAG,0
facebook_corpus_msr_1563564,Israel is a Zionist state that Jews happen to have privilege in.,NAG,0
facebook_corpus_msr_2277502,Salman khan you are great,NAG,0
facebook_corpus_msr_323678,Omg!!! My tits r as fabulous as I am.. trust me if yours were the same then you wouldn't be asking to calm them.. 😜😜😜,NAG,0
facebook_corpus_msr_427908,Last day of week what can we expect in nifty tmrw ?,NAG,0
facebook_corpus_msr_1945436,Hahaha well said,NAG,0
facebook_corpus_msr_379301,Pahle to manmohan Singh ko koste the abhi kya kr rha  hai modi.,NAG,0
facebook_corpus_msr_1674423,RCB comfortable win 😃,NAG,0
facebook_corpus_msr_2051972,WHere is their Booze? :D,NAG,0
facebook_corpus_msr_451887,what a Splendid launch..so far awaiting for launch now contemplating...to get....its time to dominate with dominar.....,NAG,0
facebook_corpus_msr_426211,Confident we will build all new airports that are needed as per 15-yr plan: Jayant Sinha,NAG,0
facebook_corpus_msr_1614002,Grand salute to 🙏🙏🙏🙏🙏🙏 S.S. RAJAMOULI for making of amazing movie 😍😍😘😘😘,NAG,0
facebook_corpus_msr_1521622,Neil Khurana nailed it bro,NAG,0
facebook_corpus_msr_455438,I wont sing like this to buy this .. :-(,NAG,0
facebook_corpus_msr_506447,There are several detectors including metals in airport. Still the hijackers are going through and commanding from planes. So Why can't the govt deploy atleast 2 black ops or special forces in plains? are the terrorists still difficult to handle without weapons?,NAG,0
facebook_corpus_msr_434447,Yes definitely berger paint would be a multi bagger for long term,NAG,0
facebook_corpus_msr_463965,hi can i ask if why did you launch lenovo k6 power here in qatar..thankyou,NAG,0
facebook_corpus_msr_426283,Jio has crossed 100 million customer mark in 170 days: Mukesh Ambani,NAG,0
facebook_corpus_msr_1600606,Hahahaha......singing is for health but don't Fire,NAG,0
facebook_corpus_msr_437916,"one more chance to akali nt face on badal , but the facce off modi modi",NAG,0
facebook_corpus_msr_2199204,Azam Baba. Care for your language.,NAG,0
facebook_corpus_msr_2280093,This ban has been in place long before Trump ever considered being resident; he just followed though with it and enforced the law unlike Obama who ordered that law enforcement couldn't carry out the laws we all voted into place.,NAG,0
facebook_corpus_msr_503324,what you see Udayan ji will the chines currency strengthen from this move ?,NAG,0
facebook_corpus_msr_2195701,"Lucas said that realistically, the best PSG can do to stop Lionel Messi is to not let the ball come to him at all.",NAG,0
facebook_corpus_msr_506718,All women anchors of this channel are brilliant. Wish them all Happy Women's Day.,NAG,0
facebook_corpus_msr_506888,"jayant sinha : how to control people  are against us , finance minister - we have a defense we say rural distress , there by we can make our opposition to get freezed ha ha ....refresher",NAG,0
facebook_corpus_msr_2115224,come on boys...its only a bad match not the series... we will definitely won the series..,NAG,0
facebook_corpus_msr_322223,"My Daadi's, my dad's and my favourite too Komal Patel😊
slurrping already thinking about the idlis 😋😋😄",NAG,0
facebook_corpus_msr_430211,GAIL result ?? Will it breakout and make new high ????,NAG,0
facebook_corpus_msr_417818,Hdfc bank 1 lot @ 1448... should I hold ??,NAG,0
facebook_corpus_msr_2277079,this movies shooting in Pakistan Kashmir................,NAG,0
facebook_corpus_msr_1487732,I miss u kkr,NAG,0
facebook_corpus_msr_441526,"She is eyeing the CM's chair.As the old English saying 'History repeats itself'goes ,after the death of MG Ramachandran ,his widow Janaki Ramachandran was appointed CM for a brief period before Tamil Nadu was brought under President's rule in February ,1988.Late MGR's loyalists tried to cut late Jayalalitha to size without success.The rival party DMK won the state assembly elections in 1989 but their rule lasted only for two years before the then Prime Minister on the advice of Jayalalitha imposed President's rule again on the state.Jayalalitha led AIADMK won the 1991 assembly elections and she was sworn in as Chief Minister .If Sashikala Natarajan  tried to take over as CM then a split in the party is imminent.",NAG,0
facebook_corpus_msr_497701,But ur government take the land from former and given to corporate companys...then how they develop ...,NAG,0
facebook_corpus_msr_326720,Pakistani are much more aware and give respect to women drivers in Pakistan than India,NAG,0
facebook_corpus_msr_334318,"Ulta balna, if tripathi then why not sp., before election , now to media ,amit sha to bravely said we are same , minimum non BJP state got to decided.",NAG,0
facebook_corpus_msr_480411,"we can see dollar strengthened naturally , also indian women can get extra visa -this is the untold gift by hillary to indian women",NAG,0
facebook_corpus_msr_1648441,Nice look diii,NAG,0
facebook_corpus_msr_1613989,Sir bhaubali is such a movie which cannot express the fantasy of the movie.it was a really wow movement in the theater .rajmouli is the ever best director in the world please give him a Nobel prize,NAG,0
facebook_corpus_msr_485015,Kishore Kumar was the unique singer. I tribute to Kishore da.when ever music is live Kishor da will live in the form of music 🎶.,NAG,0
facebook_corpus_msr_464899,so the shadow is out of sight ? again .,NAG,0
facebook_corpus_msr_412735,Want to know short term view on Nifty & Sun Pharma Stock ?,NAG,0
facebook_corpus_msr_482194,Hats off to CNBC for covering this development so closely,NAG,0
facebook_corpus_msr_1818396,It's the up bringing they are getting nothing to do with movies or any thing else  if you teach your son how respect women  I'm sure they will as it's said 'charity begins from home '😊,NAG,0
facebook_corpus_msr_327616,"I Think People Of Kashmir Trust HM Enough, We Know Those Freedom Fighters Will Never Kill Civilians.. It Is A Work Of Indian Police...
RIP To The Civilians :(",NAG,0
facebook_corpus_msr_331434,Fully agree.i was in Istanbul for a month in 2006. One of the best city I have visited and now ...it is one of unsafe city..only this guy made it possible.,NAG,0
facebook_corpus_msr_380965,Abp new walo ko to maza aa gaua ho ga,NAG,0
facebook_corpus_msr_507268,Kumar Mangalam Birla of Aditya Birla Group speaks about why #MakeInIndia makes sense in the current times and how the Government can make it easier for companies to Make In India.,NAG,0
facebook_corpus_msr_2071472,#ENTERTAINMENT | Disha Patani is giving major dance goals to rumoured boyfriend Tiger Shroff.,NAG,0
facebook_corpus_msr_470195,Salute to Modiji...Proud step took by Government to curb out black money from country👍,NAG,0
facebook_corpus_msr_490262,Can IT sector MFs be bought instead of Mindtree or Wipro?,NAG,0
facebook_corpus_msr_2041617,Absolutely true.👍,NAG,0
facebook_corpus_msr_484250,"yes bank ce 1340  2 lot @16, current rate 12 so give me suggestion",NAG,0
facebook_corpus_msr_1490578,Such and tired of hearing his news,NAG,0
facebook_corpus_msr_327017,"What sort of logic is this, if u say something good about me, I like you and if I say bad about you I hate you, he is a businessman who is trying to exploit us indians by saying nice things",NAG,0
facebook_corpus_msr_456100,ha ha tough competition for royal enfield but how RE is a cruiser motor bike and its sports bike,NAG,0
facebook_corpus_msr_506922,"Once  this type of talks was in fantasy of me.
 Now thank God it's  become real  in my life time",NAG,0
facebook_corpus_msr_454027,400cc bike and very less HP better I'll buy 2017 KTM Duke 390 with 44 HP,NAG,0
facebook_corpus_msr_434451,"Himanshu, u read my above comment where I shared what parameter for good stock to identify... There are many..",NAG,0
facebook_corpus_msr_441447,What do you think about Emami and other FMCG stocks. Are they oversold?,NAG,0
facebook_corpus_msr_443143,Tata Cousel: No petition to remove Cyrus Mistry as Director of Tata Sons,NAG,0
facebook_corpus_msr_1614498,#SundaySpecial Government claims it is the “highways of development” that are pushing Maoists into a corner.,NAG,0
facebook_corpus_msr_1521863,"First, let them ban it in Manipur where they are in power.",NAG,0
facebook_corpus_msr_435534,duster for sale ...erase the old story in the board,NAG,0
facebook_corpus_msr_1616603,The Financial Express: Get ready to pay upto Rs 1 lakh more for small diesel cars after #BSVI implementation!,NAG,0
facebook_corpus_msr_399438,its not pre-planed attack its a real surgical strike of pak army and revenge of kashmris and in the future these surgical strikes will happen untill randian terrorist army leave kashmir,NAG,0
facebook_corpus_msr_443421,Is it the right time to go for agricultural stocks,NAG,0
facebook_corpus_msr_1710275,"The last line is interesting. Let's change the measurement. If you can't fix it, change it!",NAG,0
facebook_corpus_msr_421238,Won’t need a special session to pass the S-GST for State: Kerala FM,NAG,0
facebook_corpus_msr_423663,By allowing only private sector banks as partners you sold this country tax systems to foreign institutions,NAG,0
facebook_corpus_msr_394780,"💥India's No.1 Home Job💥 🌟earn money without any investment 🌟multi level networking  🌟work daily 2 hours per day earn rs 500 to 1000rs daily 🔥life changing oppurtunity ✍type ""JOIN"" and send to my whatsapp no +918444867178",NAG,0
facebook_corpus_msr_411615,Can you give idea in ICICI Bank in long term,NAG,0
facebook_corpus_msr_426219,"Long term perspective is missing, u can not have 15 year horizon planning",NAG,0
facebook_corpus_msr_483657,What's your view on quick heal ?Recent cyber breache around the world is a great concern but the problem is their EPS are now also negative Eg Symantec?,NAG,0
facebook_corpus_msr_2144397,Vijay Goel felicitated the blind cricket team for winning the Blind T20 Cricket World Cup and announced a cash reward of Rs 10 lakh.,NAG,0
facebook_corpus_msr_332793,Great movie benchmark for Indian cinemas... keep it up rajamouli sir..,NAG,0
facebook_corpus_msr_1403644,plzzzz... stop these blame game... we all don't want that... we need to focus on the reasons why the farmers are committing suicide... not just on who and how any1 saw them to do so..,NAG,0
facebook_corpus_msr_405841,Time has come to teach them a lesson boycott everything related to them,NAG,0
facebook_corpus_msr_335305,No! All assembly elections could be held together but holding them with Lok Sabha is a huge mistake!,NAG,0
facebook_corpus_msr_1616606,Nice,NAG,0
facebook_corpus_msr_427144,"wake up cnbc ....you are in dream .....author ( me)famous writer of ""my best dream girl "" --> literary award -booker prize pending , noble prize for literature -pending",NAG,0
facebook_corpus_msr_1945550,Who is this Shirish ? Has no comman sense between comparisons he is giving !,NAG,0
facebook_corpus_msr_411148,Will assess if the National Manufacturing Policy 2011 needs to be reviewed: Commerce Minister,NAG,0
facebook_corpus_msr_397413,"Mr. Sun you are wrong, Pakistan produces one thing that is ' terrorists' and through CPEC Pak will increase the supply of this product throughout world. Wait you will feel the touch of their product in your Muslim dominated province.",NAG,0
facebook_corpus_msr_452284,Bros Can U tell me is 1.36 ex showroom Is for abs or not,NAG,0
facebook_corpus_msr_424005,"continental cook , norh indian cook , south indian cook , main chef  wanted for cnbc tv 18 kitchen ..for better recipes of news",NAG,0
facebook_corpus_msr_417301,BS3 Commercial Vehicle inventory will be higher than passenger vehicles: Pawan Goenka,NAG,0
facebook_corpus_msr_470227,Logic is to launch 2000 is temporary give a way,NAG,0
facebook_corpus_msr_430509,I have 1100 motilal oswal @508 give me long-term View,NAG,0
facebook_corpus_msr_1876663,Awesome 💕,NAG,0
facebook_corpus_msr_323146,Just good friends means only one sided love. I mean someone have a better option to secure rest life rather stick with foolish lov3ee3,NAG,0
facebook_corpus_msr_1805136,He is trying desperately to come back into the limelight. Shud return back to his village n relax.,NAG,0
facebook_corpus_msr_420705,no muslim target.. poverty and infra development will be target. muslim is our brother not a paki.,NAG,0
facebook_corpus_msr_1818394,"But powerlessness of men comes when they can not take any responsibility at home and financially not sound!!!!In cinemas also they are showing this.  They are also showing what does a powerful man does!!!!But it is true cinemas motivate many things, good or bad!!!",NAG,0
facebook_corpus_msr_416958,"Wowwww its awesome, will be proud to share your catalogue range,  for my own developments all India ....... Just ping me on ......
Grt show 🇮🇳🌍🏪🏟🚥🌋☺🇮🇳",NAG,0
facebook_corpus_msr_503544,Yeah.. for some reason I also respect you for your personality.. you have the ability to showcase that what you are doing you are doing it right :D.. in spite of the fact that Rs vs Dollar difference is still not corrected.. inflation hault a bit but people have to sacrifice their domestic term deposit interest rates.. no resolution for catching black money.. etc etc.. but still we believe & hope that one day you will bring the change by some means... _/\_.. we hope you will come back with a big bang..  (y),NAG,0
facebook_corpus_msr_2255091,Best men to serve in the absence period.... !,NAG,0
facebook_corpus_msr_1805658,Uou made a mistake,NAG,0
facebook_corpus_msr_488098,Do you think bank nifty will hit life time high in this series ? And how much will market fear for a war or you think market will move on go for a new high ?,NAG,0
facebook_corpus_msr_430196,SMS GR to 51818 to get updates on the Get Rich shows,NAG,0
facebook_corpus_msr_424309,Well we should keep in mind Baba's word Saurabh Pandey,NAG,0
facebook_corpus_msr_470185,We got govt happily to power...power corrupts man...modi killed whom got him to power !,NAG,0
facebook_corpus_msr_483748,Hi  Is there any reason to hcltech fall with 20/-,NAG,0
facebook_corpus_msr_2039511,as a foreign  afriars minister please solve the problem of  indian fishermen shot in tn,NAG,0
facebook_corpus_msr_455199,royal enfield please come up with a 2k cc engine,NAG,0
facebook_corpus_msr_386203,I suggest to indian gov. Gives full permsion to attack terrorism.,NAG,0
facebook_corpus_msr_488245,if no rate cut means how market will react from now onwards....?,NAG,0
facebook_corpus_msr_495100,May be she has given secretly ...how do u knw tat she iz nt concerned abt it ...n itz her wish to give or nt itz her money ..government has enough to serve pple for any calamity ....so i wish her good luck as she iz talented n work too much to earn dis position ....,NAG,0
facebook_corpus_msr_492094,I agee with Mr.Ishan Chopra. People like Baba as Tog Guru not as bussinis guru.,NAG,0
facebook_corpus_msr_1804837,This is really needed to establish an efficient and effective democracy,NAG,0
facebook_corpus_msr_326328,I think india should start by stomping foot on news channels like u,NAG,0
facebook_corpus_msr_419409,Pls ask the same question to karan johar that if he gets a responsibility like that ?😀,NAG,0
facebook_corpus_msr_495441,Wonderful girls :)  Dipa Kurmakar also deserves more appreciations n encouragements... She didn't win a medal but won hearts of many... An inspiration to many :),NAG,0
facebook_corpus_msr_411147,Global protectionism is a big challenge for India's services sector: Commerce Minister,NAG,0
facebook_corpus_msr_411591,"AnujJi, plz throw some light on stocks like United Spirits, GM Breweries.......",NAG,0
facebook_corpus_msr_1493865,Thanks to Sushmaji and Harish salveji,NAG,0
facebook_corpus_msr_451510,In case of Delta Corp the regulatory risks are way too high,NAG,0
facebook_corpus_msr_495559,Nischay Nishith Shah Splitting of Andra helped someone :P !,NAG,0
facebook_corpus_msr_1775224,Credit goes to Tarun Vijay,NAG,0
facebook_corpus_msr_466075,What is use of these recalibrated atms when there is no cash in them. Poor policy implementation by government,NAG,0
facebook_corpus_msr_1737078,You KV touched the issues that are relevant.....good for kegrewal and modi if they pay attention  to such positive criticism.,NAG,0
facebook_corpus_msr_490988,Where can we get data where WE KNOW FII AND DII SELL CALLS AND PUTS..,NAG,0
facebook_corpus_msr_451513,Market going down after touching high is certainly bad news,NAG,0
facebook_corpus_msr_2255406,"Naxalites had carried out the biggest arson in history by setting fire to 80 vehicles, including 76 trucks, at the Lloyd Metals’ iron ore mine site at Surjagarh in Etapalli tehsil of Gadchiroli.",NAG,0
facebook_corpus_msr_470906,Let the markets bottom out then buy in January 2017,NAG,0
facebook_corpus_msr_490172,Jet airways and spice can we say it is bottomed out ?,NAG,0
facebook_corpus_msr_322407,"Sukanya Chakraborty. Just when you thought Priyanka Chopra was winning the ""Fancy Dress"" competition.",NAG,0
facebook_corpus_msr_439700,"agni with love .....what is the rack stock of agni 1 , agni 2 , agni 3 , agni 4 , agni 5 ...........let me have a guess agni -8 numbers , agni 1--12 numbers, agni 3 -10 numbers , agni 4 -4 numbers , agni 5 -1 in  number , agni 6 - under pipe line  ...total nuclear capability -1oo nukes can be made  , that can be fixed ......drdo check your rack stock....from daddy cool",NAG,0
facebook_corpus_msr_470947,I have been crying from rooftops that Markets will fall,NAG,0
facebook_corpus_msr_2111249,"Kerala is the no 1in the country for humen development index,which include litracy gender ratio,health,childbirth rate.and hindhus are very.happy here than any other state",NAG,0
facebook_corpus_msr_490054,It is all sophisticated and full of rhetoric talk for time pass.,NAG,0
facebook_corpus_msr_443145,Mistry's charges against the Tata Group are fanciful: Tata Counsel,NAG,0
facebook_corpus_msr_427866,Is there a chance for bank nifty to have a rally in the coming week ?,NAG,0
facebook_corpus_msr_1674397,Hi,NAG,0
facebook_corpus_msr_1493899,God bless Jadhav,NAG,0
facebook_corpus_msr_469911,Hi Sonia bought Reliance capital @ 472 and what will be the impact on NBFC of demonetization,NAG,0
facebook_corpus_msr_332821,What a craziest feature of the history and caracator​ .,NAG,0
facebook_corpus_msr_1737167,Vishwas ....joining BJP ?,NAG,0
facebook_corpus_msr_439623,"Wonderful person! A fine mind! God bless you, General Rawat!",NAG,0
facebook_corpus_msr_2383831,Now in 2017 may have the same results and effects.,CAG,1
facebook_corpus_msr_331290,first fall it is nt conform they cow steal er the Murderers   just doubt  & kill them because they r from other community,CAG,1
facebook_corpus_msr_1722792,The advertisers shud be in trouble. Bt condoms & actors shud nt b.,CAG,1
facebook_corpus_msr_432728,thats why gujrat had bhukamp in kucch when he was CM,CAG,1
facebook_corpus_msr_466240,"Farid Siddiqui, first atleast write corruption spelling correctly...secondly...Ur read ur comment urself..u saying corruption was at high...and things Wer smooth... Buddy it has to be smooth when everybody was a part of loot and getting the butter..! Anyways not ur fault. We understand the pain of its.",CAG,1
facebook_corpus_msr_420971,Or by one person who steals ideas from a team of people,CAG,1
facebook_corpus_msr_474333,Mind blowing decision by modi ji..this decision makes corrupted feel sad..,CAG,1
facebook_corpus_msr_461137,CNBC why asking from people when your journos are experts,CAG,1
facebook_corpus_msr_1712689,"Leave the Cow's alone, Gau rakshaks need them",CAG,1
facebook_corpus_msr_1805538,Why share if agree ? Looks like a propaganda article.,CAG,1
facebook_corpus_msr_2111320,Yeah but sir RSS doing divide and rule policy.... What about that haters,CAG,1
facebook_corpus_msr_1600573,U people only show off.... do something u can show to the world hahahaha,CAG,1
facebook_corpus_msr_1582256,"In India, whether Marxism failed or Marxists failed ?",CAG,1
facebook_corpus_msr_2032401,TOO  MUCH,CAG,1
facebook_corpus_msr_1724046,Pls friends just tweet against noise pollution not Azaan or bhajan.,CAG,1
facebook_corpus_msr_491156,what is manufacturing date of the news -batch no of the news -cnbc tv 18 factory for market news -news auditing,CAG,1
facebook_corpus_msr_474279,"ROFL!! Black Money on my name ?? Dude!! I'm a student from middle class family where my family is govt. primary school teacher! If you don't understand my statement, I can explain you.. Modi curbed existing Black Money!! But, It is not a great step to stop new black money creation!! Instead of 500s and 1000s, people will use 2000s to pay brides at govt. offices like RTO office,etc.,",CAG,1
facebook_corpus_msr_233518,"''Kadi ninda'' What a cowardice word, can it bring our brave hearts back. Ministers never has been lost their owns. Why govt don't take strict 
 these terrorists (naxlites ).",CAG,1
facebook_corpus_msr_2383805,Bhopal Singh Singh where ?? In Ethiopia??,CAG,1
facebook_corpus_msr_1570105,"Coming out like worms,as VVIP treatment not given?",CAG,1
facebook_corpus_msr_443592,MCG - Most Confused Government India has seen so far . Everyday new Guidelines keeping people guessing and under pressure,CAG,1
facebook_corpus_msr_1692666,this time exit poll ans evm both are favouring bjp,CAG,1
facebook_corpus_msr_1763608,No need to target you you are already finished you just fooled that kashiram now no more chance,CAG,1
facebook_corpus_msr_507523,"If MNC 's products are tested why not Patanjali' s? Baba' s licence is divine and others mere mortals.
God men can not become MNC heads.",CAG,1
facebook_corpus_msr_1521898,Why dont they stop their minister kiran rijiju first?,CAG,1
facebook_corpus_msr_2032059,Its harsh truth that wherever terrorism is present unfortunately its muslim associated with it. Even a country which was made on basis on Islam is also not immune to Islamic terrorism.,CAG,1
facebook_corpus_msr_1723078,"This applies to all religions, sir.",CAG,1
facebook_corpus_msr_1722784,If procreation is immoral our existence is based on the very foundations of that immorality...,CAG,1
facebook_corpus_msr_1833372,Nothing wrong in protecting any animal as per indian law but cant admit killing human for the same.,CAG,1
facebook_corpus_msr_325769,"Pak Army intruded into Indian terrirtory, killed indian soldiers, had some laugh cup of tea with biscuits, mutilated their bodies and went back to their barracks, now tell me while this all rubbish was happening what were indian border forces doing watching mia khalifa and sunny leone?",CAG,1
facebook_corpus_msr_1521939,why dont they distribute pork meat also,CAG,1
facebook_corpus_msr_2018526,Agreed!,CAG,1
facebook_corpus_msr_329989,How about putting the water out instead of being negative.,CAG,1
facebook_corpus_msr_379027,Woh ket bhi deta hai aur india wale sochte rehte hai shame on u kerwahi bolte rehte hai ki kerenge kuch kerke raazi ni,CAG,1
facebook_corpus_msr_422471,I don't see any reason in my favor to pay the fee happily :/,CAG,1
facebook_corpus_msr_503473,"Good achievements to Rajan, Bad to Modi, but reality it should go to Modi govt.",CAG,1
facebook_corpus_msr_1833379,"Correct.let cows vote for her too.
We need people who live for people and nature.",CAG,1
facebook_corpus_msr_445834,Arey yaar forget about loan im worried for my  tax paid money which lying in bank..,CAG,1
facebook_corpus_msr_1946780,"Okay fine then.
Muslims live happily in majboori in whole UP!!

Btw no one praise anyone in ""majboori""...
No one becomes cashier in temple in ""majboori""",CAG,1
facebook_corpus_msr_451712,And the audience are on their feet.......moving towards the exit,CAG,1
facebook_corpus_msr_1805457,Anna... Lokapal... does this word ring a bell to you?...,CAG,1
facebook_corpus_msr_2018191,Mutko's exclusion from the election is due to a clampdown on government interference in football.,CAG,1
facebook_corpus_msr_1723990,Well said,CAG,1
facebook_corpus_msr_2126945,Again this paper showed its bias.shiv sena  could not win b.m.c  as they have 84 and b.j.p. has81 corporate elected.Bjp has a jump of 50 seats more than the last election and ss has only 9 more  seats this time. Then who has won.,CAG,1
facebook_corpus_msr_2127033,😂😂😂where did it win... It's BJP who has won,CAG,1
facebook_corpus_msr_491592,relax buddy ..life is to be thrill ..do not become a insurance agent,CAG,1
facebook_corpus_msr_330888,He is our PM who has no ability to speak properly at International forum.,CAG,1
facebook_corpus_msr_448661,I thought he was good but this move douts my thinking,CAG,1
facebook_corpus_msr_1917080,2019 is going to be vital for odisha too..the way I can see people are taking interest in national politics its good for the state as well as country..BJP should not let a single stone unturned to make the wave their side ..it wil really a cherry on the top of the cake if we win Odisha in 2019.. Chandan Panigrahi,CAG,1
facebook_corpus_msr_1490555,Don't knw indian express ko itni footage kyun de rha iska...timepass stories,CAG,1
facebook_corpus_msr_2379855,Moazzam Shaikh what about a dalit marrying your daughter ??...lol.....you speak alot of BS...arent you,CAG,1
facebook_corpus_msr_398285,"It is because of people like these anti Indians Pakistan is trying to take advantage, high time give Pakistan their dues in their way.",CAG,1
facebook_corpus_msr_325582,Were the two soldiers who were killed and mutilated at the Line of Control in Jammu and Kashmir on Monday morning lured to the spot and then ambushed?,CAG,1
facebook_corpus_msr_1521938,No. We want the ban nation wide including exports.,CAG,1
facebook_corpus_msr_2117614,"It tragic, and should not have happened. Condolences to the bereaved family. But what is happening in our own country, specially with our own North Eastern people is acceptable?",CAG,1
facebook_corpus_msr_2117664,Answer should come from those NRI Bhakts of Trump who did prayer for him and donated millions of dollars,CAG,1
facebook_corpus_msr_2111154,Brain Washed Hindu. BJP vote bank,CAG,1
facebook_corpus_msr_1493803,and if he was kidnapped from iran why dont u ask iran to formally protest against Pakistan for his abduction,CAG,1
facebook_corpus_msr_450793,Sir everything is fine but please we can't manage more ... We are suffering because of cash.,CAG,1
facebook_corpus_msr_1723890,He should stop singing as he also sing loudly with many kinds of musical instruments which are cause for more sound pollution.,CAG,1
facebook_corpus_msr_1805432,You do nothing,CAG,1
facebook_corpus_msr_503471,"Leave him alone. He wants to get back to academics. Tomato dal beans and other veggie is bringing tears in our eyes and u want to extemd his term to II, what good has he done",CAG,1
facebook_corpus_msr_2111363,Yes against your version of secularism.,CAG,1
facebook_corpus_msr_504846,"The person who was once banned in the nation, is being shown the utmost respect by the same lawmakers who once opposed him. Ram ke leela hai mere bhai",CAG,1
facebook_corpus_msr_1521777,"At least we got no isis sh|t here^
Only state with commies 😂",CAG,1
facebook_corpus_msr_2082440,Ashish kr I have talked of cyber crime and not of physical loot by a criminal. Don't negate an idea by foolish example.,CAG,1
facebook_corpus_msr_507094,"Kotak bank gives no option to change prefered phone number online,
if you lost your number... It's so hard to change it again. and ur online transaction get affected.. Such a harassment. Also no help from Customer care.",CAG,1
facebook_corpus_msr_2018652,A woman like her should have 10 babies. Her daughter is lucky.,CAG,1
facebook_corpus_msr_2018610,We don't spend one hour and rush off from our puppies. :/ Tanvi Lolap,CAG,1
facebook_corpus_msr_445801,No one is stopping the people who don't have bank accounts from opening one. So why aren't you encouraging them to open bank accounts instead of complaining,CAG,1
facebook_corpus_msr_1723810,"Dont Blame on Religion.
   India is a religious Country.
   Be careful",CAG,1
facebook_corpus_msr_1724072,I think it is blown over size for a normal comment!,CAG,1
facebook_corpus_msr_456135,Tough competiton to RE :D :P Bajaj do u have Rahul Gandhi syndrome?,CAG,1
facebook_corpus_msr_1561719,So it's might be something like gujrath riot's??,CAG,1
facebook_corpus_msr_326884,A surgical strike India is itself confessing while Pakistan says we didn't do it. That takes gutts. 😱,CAG,1
facebook_corpus_msr_452131,Are they trying to create the bike out of WITCHCRAFT?,CAG,1
facebook_corpus_msr_394776,"It's not easy to cut their heads if u are more interested in that do surgical strike again but plxxx do it with proof so dt ur film directors can make a movie on dt .............

Ur jawans r Patanjeli projects Hahahahahah",CAG,1
facebook_corpus_msr_1833369,Disgrace there are no intellects in the current Indian politics.,CAG,1
facebook_corpus_msr_362822,"Jio ka network pahle tej karo sar ji
Kyoki wo 2G se bhi kharab chal rha hai",CAG,1
facebook_corpus_msr_1561827,Those who were crying of jungle raaj are now blaming the police officers who are  acting against them.... Current situation is a real jungle raaj...,CAG,1
facebook_corpus_msr_334903,Get away you communists 😂😂😂 we don't need you. You anti-nationals are a stain on India.,CAG,1
facebook_corpus_msr_331449,"Salman Ahmed,,bas economy bare bola,,why should not u comment on killing ppl in turkey,, christians r wiped,  kurdis,yazidi murder",CAG,1
facebook_corpus_msr_379268,BJP if you want again bjp government in future than do something  of pakistan,CAG,1
facebook_corpus_msr_1673921,"if u would like to do something great , u do greatest that Gambhir army had done , what to say about woaks no words just feel",CAG,1
facebook_corpus_msr_1723326,Do u understand english or not ? Hav i ever discussed abt religion here ?,CAG,1
facebook_corpus_msr_1490611,Another Vinod Kumar Binni.,CAG,1
facebook_corpus_msr_2032225,Kashim was part of India befor ISLAM was born and it will be part of India after pakistan is merged with India.,CAG,1
facebook_corpus_msr_454018,Dominar is like john cena.. you can't see him.. xo,CAG,1
facebook_corpus_msr_731285,"Muslims be Mindfully aware Holy Quran #Honors YOU to be the best of human kind and Honor comes with responsibility it's not a peace of cake. YOU will be #Tested aggressively strictly as the test examination of a Doctorate Phd student is Harder than BS college Graduate and BSG test n exam is harder than HSG school graduate.

#Quran:3:110
كُنتُمْ خَيْرَ أُمَّةٍ أُخْرِجَتْ لِلنَّاسِ تَأْمُرُونَ بِالْمَعْرُوفِ وَتَنْهَوْنَ عَنِ الْمُنكَرِ وَتُؤْمِنُونَ بِاللَّهِ وَلَوْ آمَنَ أَهْلُ الْكِتَابِ لَكَانَ خَيْرًا لَّهُم مِّنْهُمُ الْمُؤْمِنُونَ وَأَكْثَرُهُمُ الْفَاسِقُونَ

#Muslims You are (the) best (of) people raised for the mankind - enjoining the right and forbidding [from] the wrong and believing in Allah. And if believed (the) People (of) the Book surely would have been good for them. Among them (are) [the] believers, but most of them (are) defiantly disobedient.",CAG,1
facebook_corpus_msr_462588,Hashanah...CNBC would have helped giving him some money...They seem to be very logical with this post... :-D,CAG,1
facebook_corpus_msr_1521904,Debasis pigs are haram to muslims because they are filthy animals while cow is haram for hindus because they claim it mother god.in islam all animals are animals and there is no god status is given to other than only Allah,CAG,1
facebook_corpus_msr_2032094,"Muslims are great and will remain great in this world and the other world , Terrorism does not belong to Muslims , it belongs to non Muslims or those who just use Muslim tag but don't know a little about islam.",CAG,1
facebook_corpus_msr_334911,"Even if you want, where is the strength. Hypocrisy at its peek",CAG,1
facebook_corpus_msr_1724056,sonu is right,CAG,1
facebook_corpus_msr_398363,When will take him and give similar treatment... most deserving !!,CAG,1
facebook_corpus_msr_1723557,no one plays sankh on loudspeaker,CAG,1
facebook_corpus_msr_326843,"So what is Pak trying to establish? the soldiers fainted and broke their skulls and the hovering vultures and animals pecked off?It only shows the degree of hate for Indians and army, while we unabashedly admire their artists and entertain pak citizens in our soil and call ourselves broadminded, huh!",CAG,1
facebook_corpus_msr_1613992,Go and protest at Delhi for ur formers..,CAG,1
facebook_corpus_msr_450675,"As charity begins from Home,  so do the white wash if black money....",CAG,1
facebook_corpus_msr_444554,Quit corruption will not stop by this way people are finding their ways,CAG,1
facebook_corpus_msr_1805244,Anna is now silent on lok pal same baba ram dev is silent on black money and pm silent on giving rs 15 lakhs to all citizens.,CAG,1
facebook_corpus_msr_53419,"""bizzare economic policy""

Shall we start talking of demonetisation?",CAG,1
facebook_corpus_msr_470748,A person who is not able to look after the needs of his own mother.....will look after the nation????,CAG,1
facebook_corpus_msr_397547,Sultan Ahmad you are so illiterate going by this logic usa and russia should be best friends cuz both have a majority population of catholics,CAG,1
facebook_corpus_msr_1804980,"What are you doing Hazare ji?
Why you are keeping mum now. You were shouting your lungs out till BJP came to power. Do you think now India is completely free of corruption?",CAG,1
facebook_corpus_msr_327945,"India must release phantom-2 to take revenge, :D in which raw officer Katrina will kill 20 PK soliders :D LOL!!!",CAG,1
facebook_corpus_msr_115561,JNU is overrated too,CAG,1
facebook_corpus_msr_444164,One wrong decision to elect a wrong person Mamta Banerjee sparked Bengal,CAG,1
facebook_corpus_msr_2032145,"Asif Khan politics and terrorism are separate issues, please don't mix by saying andhbhakt.",CAG,1
facebook_corpus_msr_1651777,#ExpressOpinion Is there any wrongdoing in reminding an accused that he owes some love to his country?,CAG,1
facebook_corpus_msr_2111414,It's quite predictable from a Communist,CAG,1
facebook_corpus_msr_1723962,"It's his opinion, let him exercise his freedom of expression",CAG,1
facebook_corpus_msr_1945581,He is the one who got slaps by SRK 😁😁😭,CAG,1
facebook_corpus_msr_1945456,What do you know about Yogi Adityanathji? People have pre conceived notions about Modiji and yogiji without even verifying the facts They base their opinions on the biased media.They should have an open mind and read about what yogiji has done in his constituency and how so many muslims support him.what a sorry state of our so called intellectuals although I refuse to call them intellectuals.They are a misguided lot,CAG,1
facebook_corpus_msr_446100,"Greatest melancholy is what, More than half of the persons sitting in front of you are admirers of Black money.",CAG,1
facebook_corpus_msr_413272,If a substitute of any medicine is given to a patient and patient suddenly collapse who will be blamed ? Medical store or doctor or someone else,CAG,1
facebook_corpus_msr_1737019,One of the worst title given by Indian Express and these days this has become habit of Indian express to put their own mind in every topic.,CAG,1
facebook_corpus_msr_328329,"Mutilating the dead bodies is a war crime under Geneva Conventions. Allegations of Pakistani forces mutilating the two Indian soldiers today are serious and should be investigated impartially. Indian soldiers in the past themselves have been involved in mutilating the dead bodies, not just of combatants but civilians too. In March 2000 at Pathribal, 5 civilians were killed in a stage managed encounter and their bodies burnt, to avoid recognition. The CBI investigation charged a present Indian army General as an accused but army scuttled the prosecution. All such war crimes should be investigated and the culpable punished, whether Pakistani army, Indian army or even militants.",CAG,1
facebook_corpus_msr_447113,No need of selecting we have elected Modi now itself...,CAG,1
facebook_corpus_msr_1723057,"Its just a publicity stunt ...y v r fighting here 4 someones disgusting fault.???
First of all v all r human beings n came in dis world by one parent....now if they were hindu den v all r hindu n if they were muslim den v all muslims or others. 
If someone saying something to Allah den its muslims fault who dosnt tell him about  ISALM is dat religion which called SANATAN DHARM in india.",CAG,1
facebook_corpus_msr_2032267,"They were not rigid in religion, but things are changing now.",CAG,1
facebook_corpus_msr_1723144,"Kumar Gaurav
It's good for you atleast you wake up at 5am in morning",CAG,1
facebook_corpus_msr_2111418,Boycott Indian express,CAG,1
facebook_corpus_msr_1717548,"So, only Modi will be eligible.",CAG,1
facebook_corpus_msr_379244,Ye jabab kab milega modi je nhi to bol digiye aap se nhi hoga to hum log h pakistan murdabad,CAG,1
facebook_corpus_msr_1947072,Raza sahab is one of the creation of Media and RSS.,CAG,1
facebook_corpus_msr_2018512,"My parents were working couple , that didn't deter to spend quality time with us , Mira Rajput should refrain from talking something that doesn't make sense .
Why don't she carry her daughter when she attend parties with her hubby ????? Or sit back at home n look after her kid ?",CAG,1
facebook_corpus_msr_1956235,Time to ban all bykes.  Most of the murder cases  murderers used two wheelers.,CAG,1
facebook_corpus_msr_1805620,"it is loud and clear you are A, RSS man",CAG,1
facebook_corpus_msr_1931154,Be positive Indian Express. Grow up,CAG,1
facebook_corpus_msr_2111359,Keep barking dude.,CAG,1
facebook_corpus_msr_421016,"time for luxury ......relay the program in luxury time .....

is that sushma swaraj is the right candidate for president ....? 

what about her fitness ...under gone kidney transplantation ....sir give some rest for sushma ji",CAG,1
facebook_corpus_msr_1919943,"Remove modi's face from every banner existed in every peṭrol pump and advartisment too if you are not completely sold, SEC",CAG,1
facebook_corpus_msr_1857701,"And there is no human right violation?
No human right brigade will come out and cry for these soldiers",CAG,1
facebook_corpus_msr_332544,"Isn't Delhi police under Union Home Ministry?
He should blame Rajnath Singh ji and Kiran Rijiju",CAG,1
facebook_corpus_msr_1723051,You said it right,CAG,1
facebook_corpus_msr_450961,It's good but VIPs r nt suffering only common people r suffering,CAG,1
facebook_corpus_msr_1723420,"2Min of Azan *5 Times = 10min
10min * 30days= 300 mins/ 5hrs,
5hrs* 12months= 60 hrs/ less than 3 days 
That also in 2min installments ,
Many Hindu festivals where continuity 3 to 5 days Bhajan n Chanting can be heard , polluting Air ,water n soil, even Many Traffick is due to such festivals But we muslims never protested not seen it as in Communal colour... This shows their hatred for Muslims.",CAG,1
facebook_corpus_msr_439476,"We were using Cola n Pepsi for toilet cleaning n it worked!!!!
But after some days due to cola effect toilets tiles got more vulnerable...
Now SBI wants from us to drink this holy water as a part of digital revolution!!!😜😜😜",CAG,1
facebook_corpus_msr_416596,Stupid media like you are the big issue for india... the loss you mentioned is something from foreign investment? Or some production loss? It's old people's money goes to government so that politicians can enjoy ... 😡😡😡⚠️,CAG,1
facebook_corpus_msr_334508,"Another joker, with poems, which will not understand by Delhi people's or kejrewal, all wants a meals of full ingredients, as they are michievents",CAG,1
facebook_corpus_msr_2032099,good decision by the father! killer of innocents doesnt deserve a respectable burial.he should be put before vultures if he was traitor.,CAG,1
facebook_corpus_msr_2018679,Don't disrespect puppies...,CAG,1
facebook_corpus_msr_1805519,"What about Lokpal, old man???",CAG,1
facebook_corpus_msr_2141834,"Hahahahaha.
Begged from Israhell.
 Where is Agni and Prethvi.",CAG,1
facebook_corpus_msr_1805065,A wise man....he foresaw d agenda of this upstart Kejriwal who stabbed his back to derail   d movement,CAG,1
facebook_corpus_msr_496190,"Pls improve sound quality,it is toonlow",CAG,1
facebook_corpus_msr_1805441,But indirectky join bjp,CAG,1
facebook_corpus_msr_407736,"Yes u r correct..
Nehru was one man  
Indira Gandhi was one woman
Narsimha RAI was appreciated one Man
Maun  Mohan (I mean Maun) was Remote controlled by one lady

You old casanova ..you are a .an of many women.. what rights have you to comment on Daring ONE MAN",CAG,1
facebook_corpus_msr_505679,i found news camourflaged since a decade. i miss good news !,CAG,1
facebook_corpus_msr_1762595,Happiness is the least valued stuff in India...,CAG,1
facebook_corpus_msr_448357,Poor step taken by you mr narwndra modi !! The intentions  might be right bt the execution was very poor,CAG,1
facebook_corpus_msr_324341,"So sad , today we commoner require the basic facility  and not the Bullet Train, so many security personal employed to protect the elected criminal Netas and the facilities provided to them even after their tenure is very disheartening  ....when will we rise up?",CAG,1
facebook_corpus_msr_1735843,Giving  lolypop,CAG,1
facebook_corpus_msr_450849,People having no brains do not understand this man.. he is the only hope for India... guys wake up!!!,CAG,1
facebook_corpus_msr_322579,Bcz v r frm d nation of gandhiji. V dun afraid of firing or fighting etc but v believe in peace. U wl not gonna undstnd d value of it.,CAG,1
facebook_corpus_msr_328553,"Save the cows kill the humans!
Save the uppercaste and kill the dalith with kerosene, 
Kill all the Muslim's take their mughal language to the Thorne!
Kill the Christians tag them converts shits and joins hands with Israel!.
Call it Hindustan and break the beauty of unity in diversity !
Kill the farmers and make digital food !
Cut the tress and enograte new tourist spot!
Fighting to stop terrorism
By encouraging communal fights inside the country !!

👌👌👌",CAG,1
facebook_corpus_msr_450889,I am waiting the time when shree modi will shut the mouth of all bludy opponents.,CAG,1
facebook_corpus_msr_1805263,Anna ji u stil hv time y don't u join #bakwasjumlaParty may b dey appointe u as presidential candidate 😂 😂 😂,CAG,1
facebook_corpus_msr_2082583,"The big myth on tax payers in India Data from a Chartered Accountants group.......
Mr Jetly said during his budget speech that we are largely a tax compliant society and presented that only 3.7 crores are  filling ITRs in this poor country with 125 crore population .

The reply by CAs : 

Sir, 
We have 82 crore voters 

- 75% are agriculturists ,61.5 crores ( You exempted them directly but, they can also buy cars , bunglows etc as you quoted.. your political counterparts are also enjoying this) 

Balance..........
20.5 crores 

Less: 24% BPL class ( Below poverty line)

15 crore population ( which is non agriculturist and non BPL) .. 

Less : Senior Citizens, Non working wives, unemployed youths, below taxable income earners...political class..(say 75%) ... in a typical indian family only 1 earning member and 5/6 are dependent on him....

Balance (15-11.25)=3.75 crores is the earning class ... which can file ITRs and ... they are already filling it.... 

.... so almost no gap as Mr Jetly is stressing unnecessarily without knowing his country🤓😝😱

if Looser Jetly wants more people's to come into tax net ...then... instead foolishly resorting to only rampant raids, surveys...notices... scrutiny ..... demonetisations etc etc terrorism ... he should defy his negative bureaucrats and .......

1. Introduce simple Income Tax on Agricultural Income on large landlords ( Say 10 Acres plus ) - you can add 26% of Agriculturists as tax payers ( Politicians are also enjoying this )

2. Instead of introducing 5000/10000 penalties on late filers of IT return ...
Come out with positive approach and introduce incentives to IT return filers ( learn from Pakistan, IT assessee gets discount in purchase of Car )

3. Introduce Privilege card to  those paying taxes above certain limit.. privilege card to entitle assessee with benefits like Priority quota in railway tickets , Use of airport lounges, subsidised medical facilities, etc etc... *let Tax payers feel proud*

4. Introduce medica",CAG,1
facebook_corpus_msr_434053,"What is good government 
Central government needs to make 5 crore government jobs with in 2020 then only we build the strongest economic development
what is good budget
1$= 50 Rs , Gold 1 gram - 1500 Rs, Diesel 1 liter -- 25 Rs , 
petrol - 1 liter - 50 Rs 
GST rate- 5%,10% 15%, 20%.",CAG,1
facebook_corpus_msr_446252,Politicians are like diapers. They need to be changed often and for the same reason.,CAG,1
facebook_corpus_msr_2111364,And u r people  terrorist  killing hindus,CAG,1
facebook_corpus_msr_1805468,Two things anna hazarey want r game and fame!,CAG,1
facebook_corpus_msr_446123,"If UPA failed in curbing black money what about NDA now, how rich people able to convert and stash black money in new notes? Is it not failure ?",CAG,1
facebook_corpus_msr_403358,Dont use the word martyre for non muslim. Its specific for Muslim only. Use travelling to hell instead of martyre.,CAG,1
facebook_corpus_msr_1737034,"Why the media is not showing the other face of his video, he is not slamming Ak personally but conveying his msg to all the political parties and requesting the governance to be done in an order to protect the interest and dignity of the  nation . Media is not itself caring about nation , it just want a issue on nation so that it can give it an Angle of political rivalry. It is good AAP has retweet ed it they too know here this should not be concerned with political gaming then why you disgusting people taking it to a different path.",CAG,1
facebook_corpus_msr_379238,यातो सेना को बोर्डर छोड़ देना चाहिए या फिर दिल्ली में पड़े दलालो को मार कर तख्ता पलट करना चाहिए,CAG,1
facebook_corpus_msr_2020823,It's time to check the marketing bozos,CAG,1
facebook_corpus_msr_443992,"Why is he is not going after the big guys who have taken 1.13 lakh crores in loan and have not paid their loans. Ambani, Adani, Malya, Gali Janardhan etc",CAG,1
facebook_corpus_msr_1561854,Police is not safe in UP. Army should form police safety squad to save UP police.,CAG,1
facebook_corpus_msr_470130,means every honda genset you have to try 99 times -finally it will start,CAG,1
facebook_corpus_msr_1735792,Muslim have right for 4wifes and 40 children and triple tlaq and many of things first of all stop this nonsense things then u deserve for this reservation,CAG,1
facebook_corpus_msr_445505,"A person whose party doesn't trust him to be a party president, dreams to be Prime Minister.
A guy who is on bail for 5000 crore scam,  teaches modi lesson over corruptions and economics.",CAG,1
facebook_corpus_msr_466276,"simply say he 'spoke' , that itself is a news... why bothering with unwanted details..",CAG,1
facebook_corpus_msr_328312,"Of course, when majority community is so bad, that they even have problem to rent house to Muslims. When fanancial status of Muslims is degrading for their business not running, not getting enough jobs in private sector etc, then it's government duty to give reservation, and act as role model.",CAG,1
facebook_corpus_msr_2018524,She should ask her nanny or cleaner lady who is a mom to several kids what she would prefer.. to take care of Misha or be home with her own kids. Privileged people like her should never be interviewed..,CAG,1
facebook_corpus_msr_445712,Weather he is confused or he is confusing country saying they would have did it in 71 now you implemented you are seeing the consequences of implementing.,CAG,1
facebook_corpus_msr_490560,Why would India buy jets that are already outgunned and has limited range?,CAG,1
facebook_corpus_msr_2203253,"BJP will not do anything to protect women in MP and Rajasthan top listed rape State ,but talking about giving justice in UP",CAG,1
facebook_corpus_msr_450816,We don't want to hear old stories. You are in power now and you do justice to the common people. That is all we want from you.,CAG,1
facebook_corpus_msr_334860,He has to do something to kill time and that's what he does.,CAG,1
facebook_corpus_msr_2111136,"India was divided on the basis of religion but Nehru made her Secular for his benefits. 
He is at the root of most of the problems that this country is facing now. 
Secularism is nothing but a very effective tool for appeasement of minorities for the sake of electoral politics.",CAG,1
facebook_corpus_msr_463560,Its like he has mugged up what he has to say,CAG,1
facebook_corpus_msr_115585,it should be conceded that IITs are too much of an intellectual luxury .  They are expected to create more technocrats and scientist and Engineers.  I dare say more 80 % of the IITIANS are in non technical jobs.  Mostly in finance and banking and marketing.  The government should view that seriously.  Only the hardcore engineering aspirants must be given seats in IITS.  Successive RBI governors are IITIANS.,CAG,1
facebook_corpus_msr_332748,Hang these bloody drunken drivers in public and seize the buses.,CAG,1
facebook_corpus_msr_326842,You disowned your trusted soldier kasab.  Osama remained in your country and you did not resist when they were captured alive by american forces in your own country.  Hence world knows that your country is full of pigs and you have been in denial mode and you will perish one day and will be wiped out of the globe,CAG,1
facebook_corpus_msr_1804813,Duplicate Gandhi...,CAG,1
facebook_corpus_msr_1922823,He doesn't deserve train too.,CAG,1
facebook_corpus_msr_407766,There are  no two power centres in the centre at present .As was during your rule.Hence govt is performing well. Beyond your imagination.,CAG,1
facebook_corpus_msr_2018604,Yeah I was infact wondering if she even understands what neo feminism is all about . I doubt if she understands the concept completely.  Having said that I also feel there is too much scrutiny she is being subjected to. I don't understand why is everone obsessing over her so much .Leaving her alone probably would be the right thing to do ?,CAG,1
facebook_corpus_msr_399576,Stop killing Innocent Kashmiri.....   Its Pak Army befitting reply to Rundians.....,CAG,1
facebook_corpus_msr_387451,Good action by Pakistan to give ABP news to chamchagiri the BJP,CAG,1
facebook_corpus_msr_2127034,Massive win??? Frame your sentence properly ...lol,CAG,1
facebook_corpus_msr_463909,"Please somebody let him speak a full sentence. Even if he stammers or Say's nonsense we should promote ""tolerance"" We should not turn our back towards a ""differently able"" political leader he represents a number of people",CAG,1
facebook_corpus_msr_469677,"This is nt ur IQ
....
BUT IT UR HATERED TO PARTY...
IN WHICH U R BLIND",CAG,1
facebook_corpus_msr_1034520,I feel it,CAG,1
facebook_corpus_msr_411306,Icici bank only rich people bank....not he was Middle people bank,CAG,1
facebook_corpus_msr_1893440,Poor and powerless in any form always exploited.,CAG,1
facebook_corpus_msr_2127051,Bjp & ss made conspiracy to gain sympathy of voters.,CAG,1
facebook_corpus_msr_1805106,Anna  ginn will comeout before every election against AAP. :),CAG,1
facebook_corpus_msr_1394468,RIP Brother,CAG,1
facebook_corpus_msr_1956237,Mr. Naresh Aggarwal - Your advice to BJP as not to compromise on Law & Order  is the  joke of the century. Are you really serious?,CAG,1
facebook_corpus_msr_1722984,Kashmir is muslims country that doesnt mean we thrash non muslms,CAG,1
facebook_corpus_msr_380487,Yaa I am frustrated because they r doing inhumanity time and again and wht v r doing...... Peace or something like peace......Exactly all r doing politics and nothing. But solider's life should be on priority and other issues r secondary. When leaders will understand this.,CAG,1
facebook_corpus_msr_446141,India will  be  100 parsant cashless in 2017,CAG,1
facebook_corpus_msr_325791,"Remember chittisinghpura massacre Authorities initially blamed the gory incident, in which 35 men were killed, on separatist militants only to be contradicted by CBI.

http://www.deccanchronicle.com/nation/current-affairs/190316/kashmiri-sikhs-demand-re-investigation-into-massacre-of-35-men-at-chattisinghpora.html",CAG,1
facebook_corpus_msr_2280075,you have to laugh at these trolls mohsin,CAG,1
facebook_corpus_msr_2018541,She belongs to a privileged class thats all I can say.. A lot of mothers who are working try to juggle both home and work and do it very efficiently. And still spend quality time with their kids. Also who said a puppy needs one hour.. Try having one :),CAG,1
facebook_corpus_msr_1956953,"BJP's arrogance, and who is responsible ?  People in millions hv voted for Modi. Nw face d music.",CAG,1
facebook_corpus_msr_443029,Nope! Unless you've always got a stop loss. Though options are very risky. :P,CAG,1
facebook_corpus_msr_334297,"Neel I have a question,  when Godhra Kand  happen then also how can BJP was winning the state again and again.",CAG,1
facebook_corpus_msr_1521675,Humans life is important than animals assaulting nd abusing them for the sake of an animal is not right bro,CAG,1
facebook_corpus_msr_2333661,But no cash in ATMs,CAG,1
facebook_corpus_msr_1979704,"Dear Indian Express,
I feel sorry to write that your journalists are out there to misinterpret events and present them in a distorted manner just to make some sensational headlines. The news about upcoming singer Nahid Afreen has been prepared without proper research and investigation. It was very sad to see that your journalists don't even know the difference between fatwa and appeal. 
A fatwa is a non-binding legal opinion issued only by a qualified jurist (Mufti) on a request by someone who is unable to understand religious guidelines whereas the leaflet that is being circulated and presented as Fatwa is just a hard copy of an appeal signed by 46 men who believe in religious practices. The merit of appeal can be discussed on many grounds and in many dimensions but first and foremost, an appeal can not be called a legal opinion (Fatwa). 
We expect apology from your side for such a mistake.

http://indianexpress.com/article/india/fatwa-issued-against-reality-singing-star-nahid-afrin-by-42-clerics-4569825/",CAG,1
facebook_corpus_msr_2137945,"haha...thats means ur are excuses..the bottom line demonktization is flop idea....120+ deaths,GDP of india dexreased by 2%,nither the bank or Govt know how much money  got into bank,where is black money?where is swiz bank holders?",CAG,1
facebook_corpus_msr_1833353,We Minority r not more safe in our country....when minister can lie on floor of parliament than i dont thjng anything more is left to understand,CAG,1
facebook_corpus_msr_373738,"मेरे दलाल भाई , निंदा करते है कड़ा जबाब देंगे .... ये सुनते सुनते कान पक गए  है ज़रा ये बता दो कारवाही कब होगी ?????????????",CAG,1
facebook_corpus_msr_2111368,Communist Donkey,CAG,1
facebook_corpus_msr_395769,Very Humane Air line - Air India - Thank You,CAG,1
facebook_corpus_msr_2407756,Why is state public schools are so poor in quality education and central govts Kendriya Vidyalayas giving national toppers!  there should be will our state institutions are result of fault of politicians and public servants and also our own lack of awareness.,CAG,1
facebook_corpus_msr_1722969,since when loudspeakers were used for centuries,CAG,1
facebook_corpus_msr_2137928,Illness? Didn't modi said that surgery was done because our economy was healthy?,CAG,1
facebook_corpus_msr_451100,Why is CNBC broadcasting BJP's internal meeting? Does it do it for every political party? #PaidMedia,CAG,1
facebook_corpus_msr_1737012,The narrative is meant for all of us ...encouraging us to look beyond our political affiliations however the coverage and reactions show that we never can!,CAG,1
facebook_corpus_msr_1689966,Airtel is useless,CAG,1
facebook_corpus_msr_462592,wonder why a decent dinner in a decent restaurant can not happen via credit/debit cards,CAG,1
facebook_corpus_msr_450749,Every one supported the PM move. Concentrate 30th Dec 2016 no nonsense please. People supported DEMONETIZATION now just proof you are correct. No buttering and chamchagiri. People should not suffer beyond a limit,CAG,1
facebook_corpus_msr_1804859,Hao theek hai uncle....i also wasted my precious time for you...i was interested in to politics only because of you..and now you are playing in the hands of most destructive political ideology.,CAG,1
facebook_corpus_msr_1979702,"Dear Indian Express, I feel sorry to write that your journalists are out there to misinterpret events and present them in a distorted manner just to make some sensational headlines. The news about upcoming singer Nahid Afreen has been prepared without proper research and investigation. It was very sad to see that your journalists don't even know the difference between fatwa and appeal.  A fatwa is a non-binding legal opinion issued only by a qualified jurist (Mufti) on a request by someone who is unable to understand religious guidelines whereas the leaflet that is being circulated and presented as Fatwa is just a hard copy of an appeal signed by 46 men who believe in religious practices. The merit of appeal can be discussed on many grounds and in many dimensions but first and foremost, an appeal can not be called a legal opinion (Fatwa).  We expect apology from your side for such a mistake.",CAG,1
facebook_corpus_msr_1649493,Did Sushma tell him to go to his Holy country to meet a PEACEFUL END ???,CAG,1
facebook_corpus_msr_379380,modiji apko kuchha nahi karna he to bharat ki janta ko chhut dedo or bharat ka har admi  pakistan me gus kar mare,CAG,1
facebook_corpus_msr_1561829,Where's is Modi and the cow supporters the bjp politician need some booting,CAG,1
facebook_corpus_msr_1723923,Totally agree with him,CAG,1
facebook_corpus_msr_323044,Noor Shehzadi haha   bollywood  shame....saif ali  khan,CAG,1
facebook_corpus_msr_399397,"Yeah!  Very true  but I think u don't know these Pakistanis are coward they feel happiness in these!  They nurture terrorism in their country,  they are so jobless and coward tht they keep finding ways to mess with India,  tht's why inside their country poor,  innocent children are killed by their own terrorists,  instead of thinking about development they keep finding ways to throw bomb and kill people!  They are kids,  they should grow up!",CAG,1
facebook_corpus_msr_1956991,Indian express is an anti Hindu publication ..always biased..!!!!,CAG,1
facebook_corpus_msr_221552,"Now Kejriwal comments, those 45% who doesn't come out for voting , they boycott EVM.. hahahaha... Mr Arvind Ji, AAP is over",CAG,1
facebook_corpus_msr_2111129,Killing people be it Sanghi or Red can't be an affair of a particular state. The Left must be made accountable for the killings.,CAG,1
facebook_corpus_msr_2032067,"You are right Kuldeep Ji but it is not them alone,some rats were consumed by those Hindu brothers also who left on Jagmohan's advice,why and how you know.I wish all our Hindu brothers back in valley and may God let us together live in peace.",CAG,1
facebook_corpus_msr_1922833,Railways must ban him to travel in train as well....,CAG,1
facebook_corpus_msr_445676,We r with you sir go ahead and also do one more thing by side to check all private school for why r they taking so much high fees with yearly raise more then 10 - 20%.,CAG,1
facebook_corpus_msr_497186,for the first time in two years of government he is speaking sense,CAG,1
facebook_corpus_msr_1724328,what about your concerts where loudspeakers r used thoooooooooo,CAG,1
facebook_corpus_msr_2029802,"Cane Shiv Sena Cadres for Hating Humanity,Love and Peace..
Bloody Talibanis!",CAG,1
facebook_corpus_msr_1956979,Is this what we call saffronising of India...,CAG,1
facebook_corpus_msr_1735829,Everyone wants being backward..every needs reservation then why do you all cry about not being developed??,CAG,1
facebook_corpus_msr_1723065,So what if he's a great singer?,CAG,1
facebook_corpus_msr_2383812,Yogi adityanath should be cm candidate from bjp side.......bjp do not trust yogi adityanath or fear of yogi in national politics.....adwani was hardcore hindu but modi was more than adwani...  if yogi got huge support from ppl then modi chair will be in danger,CAG,1
facebook_corpus_msr_1521798,3 porotta + double bullseye + beef roast with diced onions,CAG,1
facebook_corpus_msr_1805297,"Anna Hazare you are not a Gandhian, you are a BJPian.",CAG,1
facebook_corpus_msr_411721,I seems that u r only the loyal person on the planet........,CAG,1
facebook_corpus_msr_1737204,Stupid Indian s,CAG,1
facebook_corpus_msr_2073757,Modi and his ministers don't believe in degrees so they forge fake ones,CAG,1
facebook_corpus_msr_444279,"Corruption is spread in this country like blood cancer. If one has cancer at a particular location in the body, we can get rid of cancer by removing that part. If whole body is affected by cancer, how difficult it would be to remove cancer from the body?",CAG,1
facebook_corpus_msr_2137965,"if nothing to say,maintain the silence.",CAG,1
facebook_corpus_msr_1723426,"What wrong he spoke  simply I dn't understand those who are trolling him. Disturbing  very badly others by name of God ,is it reasonable?",CAG,1
facebook_corpus_msr_448727,As if congress is allowing centre  to say anything....,CAG,1
facebook_corpus_msr_448620,Modiji lets focus on the Employment and Controlled Privatization along with Demonetaization,CAG,1
facebook_corpus_msr_399338,Whatever you say is correct from point of humanity but not support reality. If we give away Kashmir to Pakistan problem will not be solved. There are Hindus Sikh Shia also as well some Kashmiri Muslim who don't want to go with Pakistan . Will Pakistan allow free country never we already allowed them 1947. But 75 year we r protecting them under UN resolution from Pakistan n supported if it will merge with india after referendum but in that case also many Pandit n non Muslim hav forceful expelled n genocides to make them majority. Only solution if pak will free Kashmir.,CAG,1
facebook_corpus_msr_326867,I strongly condemn killing of Indian soldiers.Humanity has died it is shameful act.,CAG,1
facebook_corpus_msr_451847,Jio is standing to watch ur mokka song why they are shouting,CAG,1
facebook_corpus_msr_1723942,Sonu is absolutely right..,CAG,1
facebook_corpus_msr_425520,you people make money in any news ...see the advantage of the media,CAG,1
facebook_corpus_msr_2018703,She's all of 24 or something. It's fine ya ☺️,CAG,1
facebook_corpus_msr_445659,"Who is responsible for corruption in this Country . It is politicians n their parties.Politicians would continue to take advantage of the loopholes obtaining in our system to promote parties n encourage their children to take to politics.Politics is a profession in this Country and not for service.The system encouraged.
While we are with PM for his bold step care should have been taken to see that minimum inconvenience is caused to Sr Citizens,Women and Rural Society. Banks should have been advised to work for 7 days in week with no holidays for 3 months from the date of announcement.One day in a week should have been reserved for Sr.Citizens and one day exclusively for women.
It is not late to introduce Pls do to get our full support for demonetisation",CAG,1
facebook_corpus_msr_2111132,"Get it-
Taslima Nasrin is a prostitue.",CAG,1
facebook_corpus_msr_2032027,But i was really happy when no one attended funeral of yakub Memon,CAG,1
facebook_corpus_msr_2081716,"With all the respect mam, if she is kid she should behave like that. speaking on such a sensitive issue and when being criticized then saying I m a kid and use her father's martyr status as defense is not good. Other students there in universities are also kid.",CAG,1
facebook_corpus_msr_1922810,He may assault the animals too.,CAG,1
facebook_corpus_msr_446974,Y don't u bring political parties under RTI and IT,CAG,1
facebook_corpus_msr_1723366,Dont target Islam d purest religion for ur fame and publicity tweeting abt  Azaan (d call for prayer ).....Fear Allah D Day if Judgement is closer....,CAG,1
facebook_corpus_msr_433062,WoWow super speech y don't u support when u Rae in cm,CAG,1
facebook_corpus_msr_397650,We don't know.  We just wants revenge.  This is not fare.,CAG,1
facebook_corpus_msr_2199201,Luk who's talking abt cultural talks,CAG,1
facebook_corpus_msr_497867,"JSW the same group considered to have taken NAMO to Pakistan on Nawazs' birthday..!!?
Has it come out of iron-ore and coalgate SCAMS.?
Wt is latest on CBI investigation ??",CAG,1
facebook_corpus_msr_420737,"Many doubting Yogi-Adityanath ! Why?

Why darpok-HINDUs are so scared of our own man? Why ru so self-loathing? Self-doubting. They are thoroughly brainwashed by presstitute-media !  Even Kujliwal, even ModiJi was a first timers... Why it's a responsibility of BJP to address liberals expectations?

Who will rescue HINDUs in UP?
Look at this Shocking incident!

https://m.facebook.com/ShankhNaad/photos/a.118146701658320.18858.107229389416718/928709467268702/?type=3",CAG,1
facebook_corpus_msr_1735849,BJP doing cheap politics,CAG,1
facebook_corpus_msr_1945580,Who the heck is he?,CAG,1
facebook_corpus_msr_424316,rajdeep this news for you ...my living robot in NDTV,CAG,1
facebook_corpus_msr_2035899,Donkey bab,CAG,1
facebook_corpus_msr_480476,Patience...! Patience..! And Patience required at this point of time..!👍🏻👍🏻,CAG,1
facebook_corpus_msr_2117619,"There was another American who jumped in and got injured to save this guy(not sure how many Indians will do that for a stranger). If we see one example and start calling everyone terrorist , are we any different from the shooter.",CAG,1
facebook_corpus_msr_424909,"I'm eagerly waiting for the day when Airtel gets a taste of its shady practices.    It's really sad how TRAI continues to shield the big shot Mittal while he merrily loots the public with deceiving tariffs, inflated bills and poorest network. 
By the way,  Vodafone scrapped roaming charges months ago, so perhaps the media should act a little less blind and stop giving some companies fodder for publicity.",CAG,1
facebook_corpus_msr_431765,Crude oil down but petrol high wow wat a governance,CAG,1
facebook_corpus_msr_451875,Are they warning in some other warn on the issues to come over this new product?,CAG,1
facebook_corpus_msr_431259,Intelligent people will never praise him. ..we are wasting your 5 year's. ...what he has promised & what he is doing. ....,CAG,1
facebook_corpus_msr_450429,"Whole India vl support you , except black money ppl vl against you",CAG,1
facebook_corpus_msr_448619,Only Pakistani not like u Modi Ji but u are great man hat's of u sir,CAG,1
facebook_corpus_msr_1805537,Anna what the #### r u doing. Why no protest now,CAG,1
facebook_corpus_msr_462740,Finally earth will be relaxed little ...atleast 1 ton less,CAG,1
facebook_corpus_msr_452129,She calling the bike as if it's a human being,CAG,1
facebook_corpus_msr_2161635,Omer Majeed what else can you expect from the people who hate Islam and Muslims from the core?,CAG,1
facebook_corpus_msr_334175,If you choose pappu you are going to get laddu... throw him out it might save congress,CAG,1
facebook_corpus_msr_1805546,You should join BJP,CAG,1
facebook_corpus_msr_1600600,Pitty for you guys... 90%hindus are non veg...😂😂😂 . Oh buthurted.. many of hindus also eat pork... Much more proteinous then otherwise... What can you do is just pasing  comments on beef..  you laugh on our religious beliefs.. but you don't look at yours...😂😂😂😂 72 virgins 4 wifes.. and all those stufs,CAG,1
facebook_corpus_msr_2032175,"The body should be burnt or fed to vultures, howsoever brutal, uncivil or barbaric it may sound so that some deterrent comes in for these idiots who think for 72 after killing others.😠👊",CAG,1
facebook_corpus_msr_115480,"Why is it that most of the posts these days are asking students to chill out instead of working hard when they can.
Because you chose to pick up the answer of someone trying to dropout over 100 other answers who made it big from IITs.
Kind of shameful.",CAG,1
facebook_corpus_msr_2280130,This is very odd considering Kuwait is a Muslim country!!,CAG,1
facebook_corpus_msr_1521878,"Ammar Anas, feeling jealous?",CAG,1
facebook_corpus_msr_2032199,The father has spoken bravely and now it is the country's turn to support him and other loyal Indians like him and actively garner their support to deradicalise the few who are unfortunately involved in anti-national activities.,CAG,1
facebook_corpus_msr_1833392,And you are selling it to foreigners..,CAG,1
facebook_corpus_msr_1723322,Ya we need to come out from religious thought and think about imposed things which are not either for environment and nor for the human kind...social and religious reform is necessary...,CAG,1
facebook_corpus_msr_503479,Rajan is power full persio.But govt.no second term desion. swami is not good rajia sabha member.,CAG,1
facebook_corpus_msr_1777793,Afg shd be ready to pay for cost of Indian friendship,CAG,1
facebook_corpus_msr_1723865,I support Sonu.,CAG,1
facebook_corpus_msr_2018565,There is a widespread misconception that working mothers are working for becoming a CEO.... It's nt the case they are struggling to meet the ends so that thier kid also have the best in live.... While at office all mothers think about thier kids what they ate what they doing ....  Feeling of mother dosent change with stay at mom or working ... Mother is mother always... And no one is superior over other... It's the circumstances that makes make somr one stay at mom or other working sooo ita purely individual opinion .... If ur daughter works when she grows up and handles family will anyone still give gyan... So let mothers decide what is best rather than stereotyping,CAG,1
facebook_corpus_msr_2003437,"Message to Opposition Leaders in Indian Politics, Rahul, Akhilesh, Mamtaji, Mayawatiji, Laluji, Nitish Kumarji, Manmohan Singhji and Owaisi change your strategy of politics in India only politics of Hatred & Intolerance, Apartheid, Racism, Discrimination, Fake Encounter, Mob-Violence, ISI Agency, Demonetization Money Laundering, Tripple Talaq, Cow Vigilantes, Ram Mandir and EVM tampering works can you manage your self n your party members in expertise in all these fields than only you can survive or just take rest #Wanvas from politics because people of India deserves these type of Administration",CAG,1
facebook_corpus_msr_394014,Swollen cheeks...he should retire or pack up and find a tolerant country elsewhere.,CAG,1
facebook_corpus_msr_334494,Even pattewala of Kejriwal will be better than Kejriwal. Look how many times Kejriwal has regretted his decision. Thank god he did not become surgeon or pilot.,CAG,1
facebook_corpus_msr_1798060,Election commision fail,CAG,1
facebook_corpus_msr_407785,Yess thats we want...come on pick Rahul Baba as a challenger in 19 😂😂😂😂,CAG,1
facebook_corpus_msr_505761,indian space mission to find water in the planet earth ----> dum dum give me gum gum -cnbc tv 18,CAG,1
facebook_corpus_msr_469665,"Problem will solve wait, this is a biggest issue, once we have suffer",CAG,1
facebook_corpus_msr_2018656,Puppies should be left alone? ?😠,CAG,1
facebook_corpus_msr_406540,"Blady pofk, brainless pig is more better then this fatty",CAG,1
facebook_corpus_msr_1583964,even tahir sons strikerate is greater than dhoni.///haha,CAG,1
facebook_corpus_msr_444463,Mr vinit Sharma .. do you really know what you are commenting?,CAG,1
facebook_corpus_msr_444124,Sir please now work towards reservation.It is a big demon in our country,CAG,1
facebook_corpus_msr_1561840,Removong of Red light on car does not mean that V.I .P.culture is finished .  Mentality  of   V.I.P. culture should be discourahed,CAG,1
facebook_corpus_msr_1723768,Someone tell her navratri happens for only 9 days a year not 1825 times a year..,CAG,1
facebook_corpus_msr_1805264,Not agree with Anna. Now why not any movement for lokpal.kya ye bhee modi bhakt ho gaye hai ?,CAG,1
facebook_corpus_msr_2179107,All you do is nothing and then crib.,CAG,1
facebook_corpus_msr_451111,Good job sir but cash dispersement should have beenin a better way so that common man shall have least impact.,CAG,1
facebook_corpus_msr_1722994,"Shut that speaker soon i might find a relative around but i won't visit if temple interrupts my sleep, plz",CAG,1
facebook_corpus_msr_446712,ManMohan singh is no doubt 'Dhritarashtra ' after feeding on Congress salt,CAG,1
facebook_corpus_msr_115463,"This is very true..Along with the Society, Even the MNCs feel, that talent lies only in the IITians and so they only prefer them instead of choosing the even more talented non-IITians.. Not to forget, even IITs have a caste-based Reservation while giving admissions",CAG,1
facebook_corpus_msr_1979697,"Dear Indian Express,
I feel sorry to write that your journalists are out there to misinterpret events and present them in a distorted manner just to make some sensational headlines. The news about upcoming singer Nahid Afreen has been prepared without proper research and investigation. It was very sad to see that your journalists don't even know the difference between fatwa and appeal. 
A fatwa is a non-binding legal opinion issued only by a qualified jurist (Mufti) on a request by someone who is unable to understand religious guidelines whereas the leaflet that is being circulated and presented as Fatwa is just a hard copy of an appeal signed by 46 men who believe in religious practices. The merit of appeal can be discussed on many grounds and in many dimensions but first and foremost, an appeal can not be called a legal opinion (Fatwa). 
We expect apology from your side for such a mistake.",CAG,1
facebook_corpus_msr_337309,"After Modi became PM, these are happening,
1. The economy is going down the drain
2. Pakistan is killing soldiers at its whim
3. Kashmir has returned back to the 1990s
4. Naxals are on rampage.
5. Nepal and Srilanka are now friends of China.
6. Cows safety and medical treatment are more important than our women and children safety
7. Anti national voices have gone up etc",CAG,1
facebook_corpus_msr_1561811,Media we want to see the first part as well before people start judging who is right n wrong,CAG,1
facebook_corpus_msr_1762573,Rekha Banerji U diverted from my question. How can Muslims be happy when u see every other day innocent muslims getting lynched by hindutva mobs. The criminals don't even get punished that is why it is happening with impunity.,CAG,1
facebook_corpus_msr_463913,He speaks when Set top box troubles on bad weather. There are many kids channels don't worry.,CAG,1
facebook_corpus_msr_445675,For going cashless there was no need to ban currency. These schemes if launched without demonitization would have also had effect,CAG,1
facebook_corpus_msr_2111125,In kerela. Hindus may be Majority.  But not like other states. There  All religion ppl are in almost same population .  There being a Hindu is communal and being other religion is secularism. CPI making hindus as atheists. Only kerela ppl knows it. Its like next Kashmir.,CAG,1
facebook_corpus_msr_1521772,Maybe keralites eats infants as well along with beef and pork ?,CAG,1
facebook_corpus_msr_450998,You r screwing up our country.... first control corruption of your own leaders...... venkayyanaidu is one of the most corrupted leaders.... stop them first and talk about progress.... idiotic modi,CAG,1
facebook_corpus_msr_451190,How can farmers go into digitalization as there is no internet or phone connection in many rural areas..,CAG,1
facebook_corpus_msr_2032270,it doesnt matters....there are 72 more waiting for him...😂😂😂..,CAG,1
facebook_corpus_msr_328995,Dear government....if you don't act now...you will start losing people's confidence.....its high time our sentiments are reciprocated,CAG,1
facebook_corpus_msr_1763594,Vvip category ki privileges milti. Par main aaram se tuo nahi baithta. Tum jaison ko UP se ukhad fainkta jaisa UP valon ne bhi  kia hai iss election main. Par why i m calling it as lucarative career? Because still our so many brothers and sisters will come and stand with you blindly.....even after knowing your truth.,CAG,1
facebook_corpus_msr_1723884,Well said Sonu nigam.,CAG,1
facebook_corpus_msr_379369,Sarkar fail conges fail bjp fail. Kaha he 1sir ke badle 10 sir kahahe Pakistan ke. Indian Army come on,CAG,1
facebook_corpus_msr_451840,"Dominar, LOL come-on bajaj at least think of a better name.",CAG,1
facebook_corpus_msr_2127030,Rishabh could this headline be any more misleading,CAG,1
facebook_corpus_msr_381212,सरकार सिर्फ सत्ता के लिए जुमलेबाजी करती है एक सिर के बदले सौ सिर लानेबाली सरकार है जुमलेबाज सरकार,CAG,1
facebook_corpus_msr_2127052,Indian express did it again ...have some moral please,CAG,1
facebook_corpus_msr_2020812,Ha ha ha same as Bihar exit polls,CAG,1
facebook_corpus_msr_329984,Akshay Kumar also posted a video of his daughter feeding milk to stray cats.......  Sir 'chamcha' give some pennies to street children  that they cud feed their stomach,CAG,1
facebook_corpus_msr_1723796,Well said sonu..you have courage to stand against dadagiri of Muslims,OAG,1
facebook_corpus_msr_1493901,"Now question is, Pakistan will adhere to this?",OAG,1
facebook_corpus_msr_405512,Pakistan is comprised of fake muslims who does not know the meaning of unity and imposes their thoughts  on others.....all the rascals have gathered there...,OAG,1
facebook_corpus_msr_2111268,Communist parties killed lacks of opponents in WB in 35 years ruling????? ?,OAG,1
facebook_corpus_msr_2111389,Rss is 3 time ban terrorist organization,OAG,1
facebook_corpus_msr_1525131,"So funny stupid,,,,,,,,",OAG,1
facebook_corpus_msr_1805375,AAP dont need the monsters like u,OAG,1
facebook_corpus_msr_322726,"Oh Pak army or should say porki hijada army whose country didn't excepted the bodies of their dickless coward army during kargil war,army which submitted infront of Indian army in 1971 and east Pakistan became Bangladesh...And hijada army couldn't even save school childrens from merciless killings and Indian forces really  reached Lahore in 1965..",OAG,1
facebook_corpus_msr_1723831,We want to get rid of u Indians......why don't u hear our loud cries,OAG,1
facebook_corpus_msr_1990156,"Loot of people's mandate, is it democracy?",OAG,1
facebook_corpus_msr_2032235,again the same thing in eyes of judiciary he is not terrorist he is accused in our eyes is terrorist and he deserved to killed who ever keep a bad eye on our nation he are she should be killed without no mercy,OAG,1
facebook_corpus_msr_1805076,Dramebaaj anna kya bjp ki government aate hi lokpal Bill aur lokpal bhool gaye baat karne Mae sharm bhi nahi aatee,OAG,1
facebook_corpus_msr_397776,"it's coward like  u who backstab .... just wait and watch .. u forgot the day when 2 lakh porkis soldier were freed from India ... by the way what r u doing in indian news channel , dont your country have your own channels ?",OAG,1
facebook_corpus_msr_2081761,It was mobbing the poor girl.... Instead of helping her... Jump into conclusions ....impulsive,OAG,1
facebook_corpus_msr_456244,"oh...i get it...he's saying 'screw you bajaj, for making me do this'!",OAG,1
facebook_corpus_msr_327805,Shame shame & then these lowly so called educated civilised popation of Pakistan claim Pakistani army to be professional soldiers .... They true are professionals but are professional terrorists ..... Certainly not soldiers .... Not only India & Indians but the global world is now understanding & recognising them as professional terrorists.,OAG,1
facebook_corpus_msr_325406,"Haram - Pig
Pig - Scavengers
Scavengers - Eat dead
Harm Dead - Mutilation
Mutilation - Pakistan
Pakistan - Pig",OAG,1
facebook_corpus_msr_405622,"Where is Intolerance indian Groups ....Where is all.khan ....
Amir khan muslim...on talking Every thinks....",OAG,1
facebook_corpus_msr_397897,Pakisthan has got no guts to admit any thing true....liars,OAG,1
facebook_corpus_msr_1724259,Sham on you,OAG,1
facebook_corpus_msr_1521855,"And these are the people promising not banning beef in the North East, hypocrisy at its best.",OAG,1
facebook_corpus_msr_1945493,You should not take this guy seriously.After all his only contribution is producing three children.,OAG,1
facebook_corpus_msr_444166,"All Indian Muslims are anti Indians just they are waiting to become how soon they will become majority people and grab India,and always their heart sympathy with Pakistan and out side they shows they love India,all farce.",OAG,1
facebook_corpus_msr_1853672,What the hell is happening 🤔,OAG,1
facebook_corpus_msr_397732,You army entered like thief's in our territory.  Your army-men are cowards. India did surgical strikes and informed informed your army.,OAG,1
facebook_corpus_msr_2111306,So called seculars ruled nation for 60yrs and they didn't even banned RSS......lol,OAG,1
facebook_corpus_msr_2032108,#salute you my friend,OAG,1
facebook_corpus_msr_1610605,"Winning elections is not important but living upto expectations of citizens.  These days people blindly vote for religion not development
frankly speaking we need activists of all like minded people who want to experience unbiased development these group of activist should keep a legal check on POLITICIANS, beurocrats to see they are functioning properly and not squandering public money.  This is  only way to save our country from religion based and corrupt politicians",OAG,1
facebook_corpus_msr_1723302,Guess what...  All this happens daily right..??,OAG,1
facebook_corpus_msr_1493902,if they not then their Image will be  further deteriorated,OAG,1
facebook_corpus_msr_332262,our President has no history like modi who kills thousand Muslims in gujrat,OAG,1
facebook_corpus_msr_329063,If india can fire on innocent civilians then mutilating their soldiers is fully justified,OAG,1
facebook_corpus_msr_402523,"Mohammad Usman. Get out from my country. 
Partition was based on two nations theory. So ALL MUSLIMS SHOULD HAVE GONE TO PAKISTAN.",OAG,1
facebook_corpus_msr_397451,That will soon happen when china will be depend on Pakistan. Supporting Pakistan means end of humanity,OAG,1
facebook_corpus_msr_1679259,"Then what happens in pantry coach dedicated for catering in every express..do we really get food, meal from the picture above when we travel by indian railways? If yes then please let us know the name of the express...the fact is the railway passengers get pathetic food served in indian railways...",OAG,1
facebook_corpus_msr_325339,What has bjp done in last 10 yr in MCD...stop barking..do work now,OAG,1
facebook_corpus_msr_1724078,communal feelings on peak in so called multicultural country,OAG,1
facebook_corpus_msr_731282,Pappu is on leave till next election :D,OAG,1
facebook_corpus_msr_1493903,Heheheh how can you suppose that they care about their image? They (Pakistani) are heading toward to sell whole nation to China in the name of CPEC.,OAG,1
facebook_corpus_msr_1563601,"Matt Ellis I would not believe a thing israel says, as israel lies like its sugar Daddy america. It too claims to be a country that cares but when you look behind the curtain there is nothing but lies, Hatred toward others and Death",OAG,1
facebook_corpus_msr_1945455,Ram NATH ji Goenka must be feeling shame on his successors...,OAG,1
facebook_corpus_msr_324334,Not surprised! Perhaps u did not hear d news of launching of cow -ambulance service in UP recently. No ambulance service for poor n needy but focus is on cow.Ridiculous!,OAG,1
facebook_corpus_msr_326776,"Pak Army intruded into Indian terrirtory, killed indian soldiers, had some laugh cup of tea with biscuits, mutilated their bodies and went back to their barracks, now tell me while this all rubbish was happening what were indian border forces doing watching mia khalifa and sunny leone?",OAG,1
facebook_corpus_msr_1723665,Don't u think u r going too far u Son   of a B****........#Nigam,OAG,1
facebook_corpus_msr_2127002,BJP won 81 seats more than 50 seats of 2012. This is not win at all .84 seat win of Siva sena is land mark win according to this toilet paper,OAG,1
facebook_corpus_msr_349977,We Still support Modi sarkaar rather than Chor Congress...Modi sarkaar is much more better & stronger than Chor Congress...,OAG,1
facebook_corpus_msr_1805361,You can not escape from the sin of promoting this useless fellow,OAG,1
facebook_corpus_msr_405067,"Time come to close JNU  by government. 
Why this type of Institute is run by wasting our tax money. 
If JNU students have guts then please earn some money then pay your fees. 
Why tax payer money wasted. 
SHAMEFUL",OAG,1
facebook_corpus_msr_394476,Lol Indian army 🐶pig army ha world 4 largest and 4 time greater  can't fight with  Pakistan  😂😂,OAG,1
facebook_corpus_msr_2018497,Fcuk off Shikha Sharma,OAG,1
facebook_corpus_msr_2287073,she is just doing a cheap publicity stunt. may be she wants to be in big boss.,OAG,1
facebook_corpus_msr_2111140,congress mukt bharat k saath saath Tumlogo ka v safaya ho jayega.....haram khoro..... 3 Yrs me 5000 Hindu ka converstion hua islam me .....is par kya bologe.....chutiya.  Party of India CPI.....,OAG,1
facebook_corpus_msr_1689985,Stupid survey 👎👎👎,OAG,1
facebook_corpus_msr_2111302,"I support his speech, RSS is divider of country, they do not want to stay peace in India. communal",OAG,1
facebook_corpus_msr_409187,This would be the first time in the history of Nobel Prize that a bitch's name is being proposed along with HUMANS...!,OAG,1
facebook_corpus_msr_397437,Of course nothing can be made in porikistan except training the militants.that was well known to chinkis & they took advantage of it they r colonising in pokistan looting thier reserves through cpec,OAG,1
facebook_corpus_msr_407765,"Now this idiot realises truth after being slave of a Single family rule , who destroyed our nation all these years !!!!!!!!!!!!!!!!!",OAG,1
facebook_corpus_msr_2018556,"Also according to her feminists who are ""aggressive"" are comparable to Nazis. Does she even know who Nazis were and what happened during the Holocaust? Is she really comparing ""aggressive feminism"" to genocide?",OAG,1
facebook_corpus_msr_2241597,Nonsense,OAG,1
facebook_corpus_msr_404544,"The country who has an illiterate pm like modi what the people can expect from him 
People are dying in india without home and food but pm busy in making adhaar card for animal 
It's really a shameful situation for 125 crore indian",OAG,1
facebook_corpus_msr_2287072,"#ENTERTAINMENT | After #NiaSharma was slut-shamed for posting a music video, the actor had the perfect response: she posted a second video!",OAG,1
facebook_corpus_msr_1945500,"Friends ..stop giving so much importance to these fools...Chachunder, just....",OAG,1
facebook_corpus_msr_1723008,Should be stopped,OAG,1
facebook_corpus_msr_328340,"Congress is f@.ed because  of gandhis, change them make sachin pilot president",OAG,1
facebook_corpus_msr_1493855,I have a very strong feeling that Jadhav had already been tortured & killed in Pak jail.,OAG,1
facebook_corpus_msr_1945509,This guy doesn't know previous SP govt n its leaders r full of goons ....idiot,OAG,1
facebook_corpus_msr_1763604,Ab iski aukaat hi kya rah gayi hai ki BJP waale inki chinta may duble hon? Bus media Abhi bhi inko cover kar Raha hai.,OAG,1
facebook_corpus_msr_1853641,Also using the same while free schedule found phone calling very poor performance and little bit disappounted. Its not understood living in Ahmedabad gets such annoying experience then wt abt small places or towns ?,OAG,1
facebook_corpus_msr_397564,"United nations declare hafeed syeed a terririst
Osama was killed on ur soil
Malala was atacked by ur terrorists
U support terrorist

All fake. Lol",OAG,1
facebook_corpus_msr_1723582,will get Z cover like salwari baba and national award like Baldy kher and rajya Sabha seat like Z owner thug. keep thugging for mire and licking RSS shoes.,OAG,1
facebook_corpus_msr_331264,They were muslims and they were not stealing cows but you extremism has killed both of them.. Such a Terror country who owned himself as a democrat  but infact they are extremist .. Such a shame!,OAG,1
facebook_corpus_msr_2117685,The U S Government of Donald Trump will do nothing,OAG,1
facebook_corpus_msr_1724218,We dont disturb everyday.,OAG,1
facebook_corpus_msr_416434,Shame on shiv sena ...he should have been thrown out of party !!!,OAG,1
facebook_corpus_msr_562131,Useless deals.....but it encourages the e-commerce industry,OAG,1
facebook_corpus_msr_331027,The guy who made  obscene comments is mentally ok . Is it? Sounds so funny ......,OAG,1
facebook_corpus_msr_447354,Modi knows to talk n thts wht he is doing n giving fake promises. He says that in long run there is good country can any1 say to me wht good he said is going happen bloody blind n dumb ppl I hv ever seen,OAG,1
facebook_corpus_msr_2349576,let our ulamahs anouce jihad for all and c the sea of jihadis againest amirican dogs,OAG,1
facebook_corpus_msr_2041597,Karan Johar world knows you are a gay,OAG,1
facebook_corpus_msr_1561738,"She is not fit for lPS. An IPS officer should never be emotional while on duty and that too before an MLA who is rudely behaving with her. She should be bold and strong enough to handle the politicians in such circumstances. First of all she should not have ordered for a lathi charge. Women were protesting for a good cause ie, to stop selling liquor near the villages. After the lathi charge, MLA intervened who represents that village.",OAG,1
facebook_corpus_msr_407773,THIS IDIOT DOESNOT KNOW THAT PRESIDENT IS FAR MORE STRONG THAN ANY OTHER FORM OF RULE.,OAG,1
facebook_corpus_msr_394742,"All Indian army was watching 
Bahubali 2/ IPL during Pakistan army crossed the border and killed the Dogs 😂😂😂😂😂",OAG,1
facebook_corpus_msr_710075,BJP HAVE LEADERS. WHY NDTV IN PAIN  ? JUST THINK ABOUT PAPPU WHERE HE IS  ?,OAG,1
facebook_corpus_msr_1521737,No Bjp's can  step in to our Kerala even modi will get slippers there if he again tries to visit Kerala 😂😂😂😂 that modi paramanaaari call our state Somalia bcos he was not given bra to wear😂😂😂😂 wlc modi dare to step in Kerala again😉😉😉😉,OAG,1
facebook_corpus_msr_333534,"Bollywood Female Actor Kajol Enjoying Beef with her friends.
Is she anti national now?
http://dnai.in/erk3
Watch this Video.
NDTV",OAG,1
facebook_corpus_msr_407783,"So how many presidents will be ruling then Mr tharoor?
Even if it is the case Modi is my president not you or any dirty pig from congress.",OAG,1
facebook_corpus_msr_324294,"it is because of ur crap and corrupt politicians who kill the meritorious candidates and uplift the non deserving category , rural service , and difficult area doctors , and finally and unfortunately the result is like this !",OAG,1
facebook_corpus_msr_398250,What kind of media is this!!first they make headlines of indian soldiers being killed by rocket launchers n now about mutilating their dead bodies....this can happen only if Pak army crosses LOC....btw it looks like a #RealSurgicalStrike with evidences on indian media,OAG,1
facebook_corpus_msr_327621,"How dare you call them terrorists? 
They are FREEDOM FIGHTERS, and you are PRESSTITUTES. 
#Ban anti-national media houses.",OAG,1
facebook_corpus_msr_1723239,"I think sonu nigam has no basic sense.
If he wrote about Azan he should also write about the inconvenience caused due to loud speakers Hindus put up for series of days and these loud speakers go on and on for days together.
No celebrity of his stature should tweet like this.
Some amount of inconvenience due to these small things Whether due to Muslim or Hindus should not be blown out of proportion",OAG,1
facebook_corpus_msr_1818393,"N now maneka gandhi on movies wow 
its like watching something in india nowadays is also a crime 
from further on movies will be on bdsm n femdom to respect women 
:p",OAG,1
facebook_corpus_msr_1723649,"Sonu nigam is facing mentally problem's
So ignore this guys",OAG,1
facebook_corpus_msr_327862,that is why he described his army as hijra his govt as hijra becuz they were not able to protect their women  in the past,OAG,1
facebook_corpus_msr_2032303,elimenate RSS first than talk about isis which is just started,OAG,1
facebook_corpus_msr_2032051,"That is why you hand our your ladies to north Indian kashmiris that too muslims, now say national integration, very laughable",OAG,1
facebook_corpus_msr_326910,This is despicable n only a pervert will do dis n d pakis r perverts.,OAG,1
facebook_corpus_msr_1724092,Stop these type of loud speakers...,OAG,1
facebook_corpus_msr_1723416,I am with Sonu on this. Loudspeekers should be banned and it should be allowed only by Govt. Authorities when the need arises. No religious or cultural festival should be allowed to use loudspeekers.,OAG,1
facebook_corpus_msr_1931164,Brute...,OAG,1
facebook_corpus_msr_1945591,Thats why he always deserve slaps. ;),OAG,1
facebook_corpus_msr_326857,"It's India who not only mutilate dead bodies of soldiers but also kill it's own soldier to play victim card it's example is Pathankot , Pakistani Armed forces respects dead body , Do you think Pakistan Armed forces are stupid who mutilate soldiers and handed over to Indian Army so that they can play victim card ????????????????????????   It's just dirty mindset of indian army",OAG,1
facebook_corpus_msr_445724,Some Rascals r deaf n blind in after the hearing fact in this video n proof given by Modiji. Idiots jus watch n understand if u find him gulity in any proof given by him SUE MODIJI.,OAG,1
facebook_corpus_msr_2032143,"I personally feel, Muslims should not live in density in any city or state in India. Wherever we are in masses, these things are taking place. As it becomes easy to hide for terrorists in those places. I may be wrong also.",OAG,1
facebook_corpus_msr_2349571,"its imperative upon u ..to learn many things about your deeds 
u vivisected this country , invaded and looted it for 800 years , tried ur best to destroy whole hindu civilization, raped their daughters etc ...
there is one muslim majority state within india which has ethnically cleansed entire hindu population, u call other kafirs  and what not",OAG,1
facebook_corpus_msr_233594,All this congress man can is blame bjp... Naxalites is the problem given by congress itself,OAG,1
facebook_corpus_msr_1731431,And what this man did when he was CM? He didn't spare the grass meant for cattles. He is supposed to have looted 1000 crores worth fodder and is a convicted criminal on bail.,OAG,1
facebook_corpus_msr_2081758,You don't need to explain... she f👈👉ked off herself after her charades and pantomimes fell thin 👎,OAG,1
facebook_corpus_msr_1722781,"Ok so not using condom is moral, right? No problem if the population increases.😡",OAG,1
facebook_corpus_msr_401268,I think our Army is not capable of defeating Pakistan...,OAG,1
facebook_corpus_msr_502847,What's the plan for new ways of working in hrd and what approach will he implement,OAG,1
facebook_corpus_msr_324374,How long more arsh we going to see these terrible heart rendering situations.,OAG,1
facebook_corpus_msr_1525111,Don't make pp fool they nows u indians is begest hypocrites,OAG,1
facebook_corpus_msr_445784,He is saying of 1971 Indra didn't do demonetization....sir there was drought through out India....there was not able produce food for one time ...if govt would have done demonetization ..just assume what would have happened....today everything in place in spite people are struggling....pls stop giving emotional speech and don't compare with other past govt......which is not good at all being PM,OAG,1
facebook_corpus_msr_503513,India is not to Raghu!!! Too much dependencies is bad..... The show must go On!!!,OAG,1
facebook_corpus_msr_1947186,He Congress is the fourth corrupted country of the world,OAG,1
facebook_corpus_msr_2349552,"Muslims get every type of support and voodwillto live in the society as honoured members but what do they give back to the society where they enter as refugees, persons in distress etc claiming that their rule is superior to all others, that they have the right to convert others to their religion , rape them   kill them. it is these that makes the matter different for them. Things will be a lot different if the adopt the policy of live nd ketlive.",OAG,1
facebook_corpus_msr_405518,The main issue behind these shameful acts is radical Islamic mindset .....islam can't digest any other religion this is a fact and it can't be overshadowed by some fake excuses....,OAG,1
facebook_corpus_msr_1722991,Dude you've killed lakhs of Pandits and now you don't interfere in a Bhajan and suddenly you become secular :-D,OAG,1
facebook_corpus_msr_1939485,"Muslims needs to join hands with Hindus to build the temple, which was destroyed by a foreigner Babur (Mongol dynasty)",OAG,1
facebook_corpus_msr_2018555,"I'm sure other working women's children are puppies or maybe strays, that they feel compelled to leave them and go to work and earn money for their families. How sensitive of you, Mrs.Star-wife",OAG,1
facebook_corpus_msr_1434737,Even the nation doesn't want STUPID and DUFFER like RAHUL GANDHI who  43 and still IMMATURE and CHILDISH by conduct. We need STRONG LEADER who can lead INDIA in positive direction. The days of TOFFEES and BALOONS are over its time to ACT accordingly. WE NEED MODI.,OAG,1
facebook_corpus_msr_397841,U bloody Fuckstain just wait & watch u kill 2 our respected soldiers now time has to killed 200 ur gays soldiers,OAG,1
facebook_corpus_msr_1723205,So intolerant. When somebody talks sense you try to communalise it,OAG,1
facebook_corpus_msr_1723265,"Indians like loud noise  and they speak loudly even they are   anywhere in the world. We can feel it in Railway stations, bus srands, meeting places, religious ceremonies, marriages more over in Parliament, state assemblies, local body assemblies etc etc etc.",OAG,1
facebook_corpus_msr_398244,#saysiamaproudchutiyawhodoentknowshitabouthistory . U open your mouth only to become a laughing stock. Go read some real history. Not the brainwashed kind. Then you will appreciate the pigsty that is pakistan,OAG,1
facebook_corpus_msr_448276,First raid on MP MLA corporaters and other official of all on black money,OAG,1
facebook_corpus_msr_1939484,"Change your paper name to Pakistan express, there are many important issues don't promote porki beggars",OAG,1
facebook_corpus_msr_1919946,Election commr stooge who needs his high paid and cushy job,OAG,1
facebook_corpus_msr_324301,"Dear NDTV, it's not the responsibility of a doctor to supply an ambulance. It is the responsibility of administration. Stop raising hatred for the doctors.",OAG,1
facebook_corpus_msr_1957021,Shame on Indian Express,OAG,1
facebook_corpus_msr_327876,Where is that illegitimate kid of john dayal Mizz Gurmeher who till date don't know whether her father died in Kargil or in encounter with terrorist to meet these people and convince??? :/,OAG,1
facebook_corpus_msr_2032120,"Bhai.....as the Muslims, not all the hindues hate muslims.....only a handful bhakts cant represent all hindues......we have lived peacefully and i assure you that things will be normal as it was before this jumla govt.",OAG,1
facebook_corpus_msr_325903,Can the super power nation take the unilateral decision 2 whipe out this unhuman country terriostan country (pak) which has no right 2 be in this civilaised world & encash Peace to this beautiful universal,OAG,1
facebook_corpus_msr_1521728,"A North Indian party that is unpatriotic, n spreading hate . Like the Muslims they also have a large base of illiterate Hindus who are being frightened that their religion is in danger ha ha ha !",OAG,1
facebook_corpus_msr_463551,We already know the difference..plz answer our queries..don't kill our time..,OAG,1
facebook_corpus_msr_1805399,Because you are dalaal,OAG,1
facebook_corpus_msr_1893396,PM cant help his own wife noe he can divorce her. What can he do for a muslim women?,OAG,1
facebook_corpus_msr_1873438,Send warden to mental asylum and keep her there forever,OAG,1
facebook_corpus_msr_26262,Too many converted minority dogs are barking here .....lol,OAG,1
facebook_corpus_msr_362438,Lol fucked up fake news.. why ABP news so desperate for TRP..Showing some old video of some other country,OAG,1
facebook_corpus_msr_1521839,You protect cows more than the women and children in this country. Thats pathetic!!,OAG,1
facebook_corpus_msr_1805215,Not only he dashed your hopes but misusing the name on corruption,OAG,1
facebook_corpus_msr_433744,"This budget is loudly saying that DEMONETIZATION was a damp squib. If concessions in taxation is given there would loss of revenue to the government. Unless there are ways to make good this loss, concessions cannot be given. Had demonetization been successful in curbing the black money, the govt. would have had extra revenue to allow concession in personal taxation. Since the concession in this score is nominal, if not negative taking inflation into account, it is written on the face of the Union Budget, 2017 that there is very little success in curbing the black money by demonetization.  On the other hand govt. needed money for several welfare schemes and definite sources to raise this money. Since independence salaried class is the most certain source of tax revenue and thus govt. decided to take it for a ride for another time. The persons who got delighted thinking that the ill gotten  wealth of the dishonest people in their neighbourhood would now be caught, are probably still not aware of it. If they are still delighted by seeing the budget analysis on TV and think that this budget is a great booster for rural and infrastructure sector here is one statistics. Last year allocation to railways was Rs.1.21 lakh crores; this year due to the so-called thrust on infrastructure the amount is 1.31 lakh crore. If this allocation is discounted for inflation the figure seems to be less than that of the last year.",OAG,1
facebook_corpus_msr_2117632,You have just proved your ugly insidious psycopath mind. So you say it's alright for an Arab or a any Muslim to be shot because he deserves to be. Don't you think humans are humans and that they all feel pain?,OAG,1
facebook_corpus_msr_414056,"Belive me nothing wrong will be proved  , useless media  useless  sebi  useless  govt",OAG,1
facebook_corpus_msr_2126970,"The Shiv Sena barely retained its citadel, the results for the Mumbai municipal polls showed on Thursday. But it was the BJP’s show, as the party stunned everyone by improving its tally from 31 to 81 seats. The Congress was almost wiped out in the country’s financial capital.",OAG,1
facebook_corpus_msr_329006,Enough is enough. This is time to retaliate and wage a crucial war to exterminate this rogue state Pakistan from world map.,OAG,1
facebook_corpus_msr_1887265,Another Indian Express / Jansatta hoax... these crooked diversionists....,OAG,1
facebook_corpus_msr_325614,Sikh should stay away from arm forces. Otherwise their families have to suffer for serving evil.,OAG,1
facebook_corpus_msr_1723592,"This is the country of Hindus so.....,it's ok if there is noise in navratri nights😏",OAG,1
facebook_corpus_msr_328308,Remove Gandhis and remove appeasement of minorities and remove quotas!! Advocate Meritocracy and India will reach it's true potential.,OAG,1
facebook_corpus_msr_2111397,Why go sucking RSS bolls,OAG,1
facebook_corpus_msr_1563568,David Clark just check the U.S. almanac and you will see where the U.S. has no official language or religion. Don't be stupid to argue if you don't know the truth.,OAG,1
facebook_corpus_msr_398305,That's what you Congress idiots were doing for six decades.you fool this is time for action.Better if you keep your mouth shut.,OAG,1
facebook_corpus_msr_2073056,Woman shame on u,OAG,1
facebook_corpus_msr_407795,"THIS  HIGHLY  EDUCATES  DYNASTY SLAVE  WAS  ACTING  AS  A  ROBOT  OF  THE  ILLITERATE  WHIE SKINNNED LADY  FROM  1994  TILL 2014  MAY  WITHOUT MAKING  A NOISE  AND  SUDDENLY HAS  FOUND  A VOICE???  SUCH  BRIAN-WASHED  HIGHLYE EDUCATED SLAVES  AND  ROBOTS LIKE SASI THAROOR  IS  A  DISGRACE  TO  INDIANS  AND  SADLY  THE  WHITE SKINNED  QUEEN  WAS  DOING BACK-SEAT  DRIVING  AND  LOOTING  BILLIONS  OR  TRILLIONS OF  DOLLARS FOR  TEN YEARS  USING  SERVICES  OF  THOUSANDS OR  LAKHS OF HIGHLY  EDUCATED HUMAN  ROBOTS  AND  SLAVES  LIKE SASI THAROOR, CHIDU,SIBALM MM SINGH, JAURAM,ETC,ETC  AND  WE  MUST BE  ASHAMED  TO  CALL  OURSELVES  LIVING IN  A  DEMOCRACY???  WHAT A   FARCE!",OAG,1
facebook_corpus_msr_2032127,"And seriously terror has no religion. They are only misguided youth. BC who misguided them. If the terror has no religion, than Rapist has also no any intention of rape. His Harmon's misguided him. CRAP!!! I am not saying every Islam follower is terrorist. But why only zihadi doing this.",OAG,1
facebook_corpus_msr_2041562,In any case the success of an artist in bollywood totally  depends on knowledge of their art and sheer talent..nepotism can do only a small favour... thats it!...its only the hard work and dedication which shows someone's presence..... and why the hell kangana has problem with each and everything these days! Karan is right.....if she has problem then she can have many other choices!!!,OAG,1
facebook_corpus_msr_324370,And yesterday they launched ambulance services for Cows. :@ People has chosen the worst of worst Government.,OAG,1
facebook_corpus_msr_325783,Fahad such an helpless idiot you are you need doctor,OAG,1
facebook_corpus_msr_2383679,"""They (CPI-M) will come to know the strength of the BJP in other parts of the country if they did not stop violence against workers in Kerala""",OAG,1
facebook_corpus_msr_1622898,I cant see why our govt is not stopping the  entry of Chinese products into India which could be hazardous to health. Who is the dalal who is earning money in its import. Shameful.,OAG,1
facebook_corpus_msr_1735823,"Exceeding of reservation above 50% will be banned by supreme court .so shut up fools.And if you all want reservation,then don't talk about not living in a developed country.",OAG,1
facebook_corpus_msr_1521734,Thomas Kuruvilla Baven BJP is creating an image with illiterat hindus that their religion is in danger is only a vote gathring strategy.,OAG,1
facebook_corpus_msr_1945487,You sd take care of Farah khan who is out of ur hands idiot.Children are not allowed to tweet over political issue,OAG,1
facebook_corpus_msr_1805373,Anna is a sanghi stooge.,OAG,1
facebook_corpus_msr_1805261,Fake gandhian,OAG,1
facebook_corpus_msr_1563610,Why do we have to be anti Semitic for stating facts. Those murderous Jews stole the land they're occupying today!,OAG,1
facebook_corpus_msr_1723539,Umnn...he should have used the term noise pollution n should not mentioned about particular religious practice.,OAG,1
facebook_corpus_msr_1723671,These days so many things like this on facebook.people harmonies going. disturb.This is not good.If any. Problem from noise then go to the police station.rather on facebook.,OAG,1
facebook_corpus_msr_1945470,"Chetan Bhagat has lost confidence in Indian democracy that is way he is surrendering before mighty and seemingly powerful words. Whereas Tulsi nar ka kya bada samay bada balwan, durjun looti gopia wahi Arjun wahi Baan.",OAG,1
facebook_corpus_msr_1521747,"Idiot gadhe,  buy all the cows in India n keep it safe in your home..instead,  If u come to my place n try to stop me when I cut my cow for beef biriyani,  I'll cut your cock too.. Mind it",OAG,1
facebook_corpus_msr_454044,she is screaming like a pig went under the tyre.,OAG,1
facebook_corpus_msr_2018479,"N let me tell u ...u r not awesome , u r flawsome kind of guy ...go and get a life.",OAG,1
facebook_corpus_msr_2379922,Gd work done by police who the hell was he a freedom fighter or  a social worker,OAG,1
facebook_corpus_msr_1521619,People of Kerala will give befitting reply to these BJP idiots. They Are wise than other northern States,OAG,1
facebook_corpus_msr_2199133,Country's mp should be dumb like mammohan singh,OAG,1
facebook_corpus_msr_1805425,This hazare is a mad person...,OAG,1
facebook_corpus_msr_2379989,And also they were from JNU shits,OAG,1
facebook_corpus_msr_1561767,It is demoralising for our MLAs that they are misbehaved in front of the public. Government should take immediate action against Police officer so that others get lesson and in future they behave suitably with MLAs.,OAG,1
facebook_corpus_msr_356439,"Stop Discussing, Stop comments on Soldiers cut in pieces . Just prove it 2 equals 200.. Thats all",OAG,1
facebook_corpus_msr_1805132,Anna hazare talk more and work less where is Lokpal Bill still we waiting. ....,OAG,1
facebook_corpus_msr_1931150,Rumour Express(Indian Express) quoting Afwhaa Times(Jhundsutta) as usual,OAG,1
facebook_corpus_msr_1521836,islam is very peaceful religion and there is no citation which quotes to eat beef . muslims are spoiling islam by spreading terrorism and killing cows .,OAG,1
facebook_corpus_msr_1956227,"After the results of UP elections it is confirmed manipulation can happen with everything, even with democracy, after all Democracy is just a thought to make people feel that they are living in a liberal way, but the truth is quite different, it doesn't matter if it is BJP, Congress, BSP,SP etc, politics is just a tool to manipulate.",OAG,1
facebook_corpus_msr_41721,Fascist mindset,OAG,1
facebook_corpus_msr_1723383,U cannot compare Ganpati to Azan.Ganpati comes once a year and Azaan 5 times a day every 365 days!! Azan starts from 4 in the morning it's obvious that non Muslims and even some Muslims wd find it inconvenient to get their sleep disturbed!! And not give that shitt excuse that Azaan is only for 2 mins.2 mins is enough to disturb morning sleep and indeed ruin the entire day due to lack of sleep!!We support Sonu Nigham👍👍,OAG,1
facebook_corpus_msr_2199136,subrat dash how are you. U loyal n street dog,OAG,1
facebook_corpus_msr_405540,"worst conditions of minority in Pakistan,  really intolerance for other religions in pak",OAG,1
facebook_corpus_msr_1818386,"Madom Menaka Gandhi...... 
kindly devote your primary attention to protect women irrespective of cast or creed or religion rather than DOGS because human stands higher up than animal.",OAG,1
facebook_corpus_msr_1956960,Carry on series... stupidly funny comments on how life should be. By the collective of stupidly serious people.,OAG,1
facebook_corpus_msr_1818426,& gau rakshaks for violence against minorities,OAG,1
facebook_corpus_msr_1723949,Sun of beach,OAG,1
facebook_corpus_msr_2032131,Which terror organisation did max no of terrorist attacks in the world ???? It's ULFA they r Hindus not Muslims.  They did 749 conformed terrorist attacks .which terror organisation did maximum no of killings in the world ??? It's LTTE they killed more than 60000 innocents ( 3 times than Isis) . LRA Christian terrorist organisation killed more innocents than Alkhyda . Have ever seen it in western media . It's a western media propaganda to portray all terrorist as Muslim . In reality there r dormant nonmuslim terror organisation across the world like IRA ETA Antimatter Bala Maoists KKK The raising path etc..,OAG,1
facebook_corpus_msr_397628,"Every muslim is doing jihad against other muslims , that's why ppl die like pigs in ur country",OAG,1
facebook_corpus_msr_1724283,Itchguard is on bumper sale today,OAG,1
facebook_corpus_msr_1723453,"I dot approve of noise pollution. But then we have to stop so much honking all around. Early morning a school bus comes to pick the children in our neighborhood the driver keeps honking at 6 am. It's all disturbing. However, I thought Sonu Nigam was less stupid.",OAG,1
facebook_corpus_msr_407721,Mr. Shashi Taroor...please show that you are more capable than Modiji. The very next moment people will support. Just because you opposition guys can't beat him democratically .....don't talk nonsense. Indians are now very smart. They choose honest performance. And you should develop that field of honesty and capability. Nothing else will work. Make no mistake.,OAG,1
facebook_corpus_msr_448425,"Don't look behind go ahead with ur plan we all with you
Blody opposition are dog let them brak",OAG,1
facebook_corpus_msr_1723790,If you are so much disturbed by #AZAAN then leave that place and take place in #HELL,OAG,1
facebook_corpus_msr_1893372,"Sayed M. Raza u son of a ugly porki ***""** why don't u start this triple Talak practice in your country Pakistan. And why r u staying in America u suvvar?",OAG,1
facebook_corpus_msr_1945477,"By the way who is Shirish Kunder? Yeh..Yeh he is the same infamous guy, who got slap for SRK ? I wish he gets another slap from SRK on my behalf.",OAG,1
facebook_corpus_msr_1737025,"He shouldn't be in AAP, his politics is suspect I have always seen him as being on the right of the ideological spectrum.  He should be expelled before he one fine  day jumps ship, yes it will be controversial it will lead to bad publicity but AAP can pull together and be more coherent as a party without people whose natural home appears to be the BJP.  I find his views appalling and am absolutely aghast as to why he is in AAP.",OAG,1
facebook_corpus_msr_1723031,"Secularism is downstream to only one religion in India....if u bash Hinduism then u r secular but if u bash the other religion then u r simply communal !!! part ur ways, intellectuals or rather creep minds on their way out explaining how they r great and we should accept every religion but y do they forget that it goes the both way for everyone.....y come they rant about Hinduism and then no intellectual vl come out and explain to respect that religion too !!! Its all biased in our country...",OAG,1
facebook_corpus_msr_326408,Rubbish India could not do anything. Jaitley should pay the price,OAG,1
facebook_corpus_msr_394651,"Pakistan never think about to do this , stop spreading hatred against pak u filthy nonsense indian media , we respect hindu sikh and every religion in our country stop doing such childish things enough is enough",OAG,1
facebook_corpus_msr_1805498,"U cant cos ur a sanghi agent enjoying z plus security,",OAG,1
facebook_corpus_msr_419222,These people are fooling the poor...And news channels encourages them..Shame on the capitalism,OAG,1
facebook_corpus_msr_332611,Sundar Kumar Kumar is a sanghi and speaking like a terrorist....,OAG,1
facebook_corpus_msr_496100,"Amongst 10 countries we are the champions and amongst 207 countries we have to search India at the bottom of the database amongst countries which doesn't even have my districts population. Through we say other sports are not getting promoted where sports here mean a battle between willow and leather, which was forcibly created by corporate forces to grow their appetite like how media edits the news here ,what to and what not to debate on.  We here of so many unknown names who have atleast competing with other nations. They come from remotest of Indian villages and not so near from the corners of a MCD's and PVR's. This is more embracing moment for the urban population than rural because ,parents leave them to their passion but urban student gets forcibly converted into an engineer and to an IT professional traveling in H1B. we say infrastructure and bla bla available in our cities but nothing truly came from the so called metros. This elucidates the very fact of the conservative parenting from the urban divide.  Another stakeholder here is the local municipalities,state government and the central government by enlarge to create feeding grounds for the budding athletes,to identify them to groom them to coach them  and to make them compete.  Capital infusion will not be a problem with independent body of governing cricket here alone has funds to buy Boeing. we parents should take oath to take our potential childrens to travel new contours which they have never been.",OAG,1
facebook_corpus_msr_2203246,You are a certified ISI agent working in Dubai... namak haram !,OAG,1
facebook_corpus_msr_1937575,....trying to find a place in Indian MEDIA for free publicity. .incompetent person,OAG,1
facebook_corpus_msr_2161639,mfuk who has done dis.. i know indian express and their background how cheap and poor they are..bika hua media..paid and intolerant print media,OAG,1
facebook_corpus_msr_324347,"this should be a larger issue of our country than secularism, hindutva, gou politics etc, but it very unfortunate that no party comes to raise...",OAG,1
facebook_corpus_msr_1723437,"Mentaly sick ,sonu...should sing in temple in the morning...and will not get disturbed by AZaan.,besides he can use cow dung in his ears..for the said purpose.",OAG,1
facebook_corpus_msr_324343,Shame...i heard news of launching ambulance service for cows... is their any kinda law and order in this country left... administration sucks,OAG,1
facebook_corpus_msr_1723263,He is spot on.we hav had enough of liberals complaining abt sound pollution during diwali but always kept mum on this atleast sonu nigam had the gutts to speak out against something which he thought he was not okay with.i m sure there r thousands like him who r annoyed with azaans as well loudspeakers being played in pandals during hindu festivals.,OAG,1
facebook_corpus_msr_331076,Khali maa (mamta)  from WB will finish narahantaka Modi soon...,OAG,1
facebook_corpus_msr_2260848,"Saffron coloured lotus..... 
Vague ideas and imaginations... 
 Sadly some are born with lack of common sense....",OAG,1
facebook_corpus_msr_1805138,"Anna, he is a born thug. I pity that you didn't see through him.",OAG,1
facebook_corpus_msr_1723861,Azaan on Loudspeaker is a disrespect to all religions except Islam.,OAG,1
facebook_corpus_msr_2032180,"The RSS should learn humanity, it's they that are behind pogroms in India.  The JNU is merely advocating human rights and rule of the law that's enshrined in India's secular and progressive constitution.",OAG,1
facebook_corpus_msr_451844,What were they smoking when they decided how to launch this bike :D,OAG,1
facebook_corpus_msr_1490567,Moron probably forgot that if the claim is true he himself is party to it,OAG,1
facebook_corpus_msr_325934,Capture a bunch of porkies & castrate them before sending them back to their....,OAG,1
facebook_corpus_msr_2111386,The biggest goonda in politics.. the most cunning politician,OAG,1
facebook_corpus_msr_379273,Right action mr modi new channel dog neta ko show me mt invite Karo jo desh ki sena ke killf bolta hi wo neta desh ko gadhar hi,OAG,1
facebook_corpus_msr_332610,CPm are the Arabi Muslims antiindia terrorist nexus under JNU dirty guys .,OAG,1
facebook_corpus_msr_328315,"Jude we elect our representative. Average turnout %for voting.
Later we blame the corruption",OAG,1
facebook_corpus_msr_451895,Probably the launch team has got no one to tell them about this worst idea....isn't expected from CNBC,OAG,1
facebook_corpus_msr_397773,"Dont worry the day we will kill you , we will own it and put it on first screen of your porki news channel ...",OAG,1
facebook_corpus_msr_324418,Very sad state of affair ...when will we become humane ??,OAG,1
facebook_corpus_msr_1956940,The intellectuals of this country could not digest the fact that the BJP has won inspite of all their best efforts by playing majority and minority divide cards. The victory is against their wishes and expectations.Even as minorities themselves accept and welcome the verdict the minority intellectuals within the majority community only oppose it just for the sake of opposing it for the sake of livelihood.,OAG,1
facebook_corpus_msr_1946796,"Definition of secularism
In other countries: respect every religion, follow yours. 
In India: respect Islam, insult Hinduism",OAG,1
facebook_corpus_msr_1956955,"Stop reading this paper also stop commenting on their posts ,totally ignore and boycott them",OAG,1
facebook_corpus_msr_373889,Kabhi to marna insan ko to jang kiyo darne ka maro sale ko,OAG,1
facebook_corpus_msr_397830,India army should gundown all terrists pak pigs from pok do it now all Indian support and prayers are with our Indian army,OAG,1
facebook_corpus_msr_1493875,same as india doesnt follow Un  orders same way pak wl not accept it,OAG,1
facebook_corpus_msr_654853,Govt failure sir,OAG,1
facebook_corpus_msr_2199155,"Does he ask same question to that Congress Debar man, Mallikaarjun know.",OAG,1
facebook_corpus_msr_1521631,nahaz vai u should  also consume pork to prove ur secularism,OAG,1
facebook_corpus_msr_420967,a team of people being yelled at by one person,OAG,1
facebook_corpus_msr_517646,"people like vijay mallya and bank officers who entertain his fake figures deserve to be in jail particularly when they looted thousands of crores from banks. His is a worst form of management particularly when other airlines are still afloat, his went to dust.",OAG,1
facebook_corpus_msr_1563614,"So? Fact of the matter is Jews look down on anyone who is non-Jewish. Have you seen how they treat blacks in Israel? 

They are a religion of racism, apartheid, and Zionist views. Every Jew I know has to let you know they are Jewish in away that they are looking down upon you. Even if you were to convert to Judaism they would not accept you. The Hasidic Jews are by far the worst.",OAG,1
facebook_corpus_msr_1887357,"Fake news, no need to react 👎",OAG,1
facebook_corpus_msr_1510210,Same Pakistani mentality,OAG,1
facebook_corpus_msr_2029784,anti hindu express is trying to get something against hindus in kerala after killing of RSS workers by their master communist... so they got this news.... bootlikcer of CPM sponsored by china....,OAG,1
facebook_corpus_msr_1521666,"One thing more to all the terrorists commenting here ,if one has the right to eat anything one wants, do i have the right to burn any book in my personal capacity which is owned by me?",OAG,1
facebook_corpus_msr_1723371,"Asrar Ul Haq Asrar we r idol worshippers... That's y we pray at temple.. 
Our philosophy is sakar philosophy
And we never support loud speaker on Mandirs.. I visit temple every Sunday.. it has no loudspeakers...",OAG,1
facebook_corpus_msr_360969,"Gandhi Killer Ram (Nathu) Temple in India......

Big Shame 4 India........",OAG,1
facebook_corpus_msr_413318,Focus on your people not on Pakistan or India saley,OAG,1
facebook_corpus_msr_394684,"Beta it's not bally wood shooting, it's called war. Your army is just like she male army.  O respect and dignity at their own. Don't ever try to mess with Pak.",OAG,1
facebook_corpus_msr_1722790,Yes. Because now bjp has taken charge. Sunny please leave this country else you will be beaten to death.,OAG,1
facebook_corpus_msr_2018472,"^EXACTLY! Who is she again? Yeah right, WIFE OF some celebrity. Sorry if some women want their own identity instead of becoming someone's Mrs. ! 😂",OAG,1
facebook_corpus_msr_429732,"Forget and neglect valentines day........on this day Freedom fighters Bhagat Singh, Sukhdev and Rajguru sentenced to death in Lahore conspiracy case and were ordered to be hanged on 24 March, 1931. ... it should be a mourning day for india.....not for foreigner valentine.....and we r so much illiterate that we dance with the valentine....shame on us......",OAG,1
facebook_corpus_msr_2081695,Modijee showed positive attitude to Pakistan with the gesture of going to Pakistan to express the message of peace.We as Indians have learnt to be patient to the maximum until things cross the limits and when it did you could see the answer given for kargil and through  surgical strike for terrorism.The summary is we showed peace as a message through several gestures but when Pakistan kept on nagging us with terrorism that's were we as a country together supported the surgical strike for which several leftists like her asked for proof and had criticised the move.Showing gestures of peace as a country together to aborher country and showing gestures of antinationalism within the country are two different aspects where anti nationalism even through a post or gesture is highly condemnable at any level.,OAG,1
facebook_corpus_msr_431199,It is shame some MP are not suitable for parliament they only come to be elected for filling their pockets and idiots are paid for doing nothing.,OAG,1
facebook_corpus_msr_1731430,"He ate all the fodder that Bihar had and now we see him shitting and regurgitating all around, even with his mouth. Perfect case of dynamic metabolism.",OAG,1
facebook_corpus_msr_1561759,How stupid can you possibly be? Wishing a young officer to be teary eyed?,OAG,1
facebook_corpus_msr_2160859,"It is surprising how these jihadis know the words budget, revenue, currency, management......because these shits know only jihad, kaafir, sharia and nothing else!",OAG,1
facebook_corpus_msr_2349559,"Lets be honest my friend, there have been numerous incidents starting from Afghanistan occupation of USSR that the US supported mujahideens in the name of religion to unite in and fight the non believers in russia.They got brainwashed in the name of religion under a policy of US.This event created the Taliban and Alqeda supported by US.It stuck them in their back is a different story.The dismantled army of Iraq supported by Israel and US as a policy to smuggle oil created ISIS.Russia returned the Afghanistan favour here.The syrian kids killed and the ones orphaned in war will again be brainwashed in the name of religion to fightback and take revenge.The problem is the US state policy for selfish motives .If Trump wishes to change this parasitic US policy then there is a possibility of limiting this threat.However if he still wishes to solve problem by force and confrontation used earlier, the problem will aggravate further.You can't scare the person ready to, die with fear of death...",OAG,1
facebook_corpus_msr_1805470,Anna lost credibility.,OAG,1
facebook_corpus_msr_2383810,When u operate from Delhi and don't take  local grassroot leaders with u....u are bound to get humiliated just like in bihar and Delhi........,OAG,1
facebook_corpus_msr_325723,What about Porkistan? Porkis are condemned world over. Any one travelling with a Porki Passport is checked thorouhly in any western Country.,OAG,1
facebook_corpus_msr_1737029,Worse thought process Of Indian express! One should try to understand the motive of this video and it's awesome!,OAG,1
facebook_corpus_msr_2018523,The puppy statement shows how little she understands being a motherhood.... being home maker is nothing wrong...But she cannot disrespect working moms like this...For once try balance home and work ... Then she wud understand,OAG,1
facebook_corpus_msr_1723639,"alarm ?? for what ?? 
destructions ??",OAG,1
facebook_corpus_msr_462578,"Why so, you need lakh of Rs to have descent dinner. Don't you people use cards or don't know how to use cards. Idiots!",OAG,1
facebook_corpus_msr_1736980,Yes he is the only politician who is a very big rouge and corupt and have cheated people of delhi my friend atleast wake up from deep sleep this type of fools should not be a politican they should go beg on the streets u blind man.,OAG,1
facebook_corpus_msr_2199180,Terrorist,OAG,1
facebook_corpus_msr_1722769,"In a nation which is overpopulated, why the hell do we try to avoid things related to condoms? Customs? Tradition? Don't wanna follow the customs nd traditions which leads to our downfall",OAG,1
facebook_corpus_msr_329105,"Modi where is ur surgical strikes, what happened ur 56'' chest",OAG,1
facebook_corpus_msr_233836,Hello sir I have a question  ?  Why media play with the   our soldier   life. This fucking congress  always  bring obstacle  in the process.  I have only one words to says give freehand to our soldiers  and media provide  clue abut the places. Then there will  be a solution.,OAG,1
facebook_corpus_msr_2032189,My heart bleeds for the father and other family members of Saifullah- what wrong did they do to deserve such personal pain. The entire community it's leadership social and religious must introspect their acts of omission or commission that brought such sufferings to this honourable man.,OAG,1
facebook_corpus_msr_1452437,"congress can kill people, purchace media channal, etc etc  ........ u all know that",OAG,1
facebook_corpus_msr_406860,"Frank Ezung. And you must be a namak haram

Don't talk about intire north east
Just say about your self",OAG,1
facebook_corpus_msr_442408,Modi - terrible decision with demonetization - war on the poor.,OAG,1
facebook_corpus_msr_1521820,"Shame Cpim,, shame cpim ,,,, wrongly expected some real cultural strategy form for society ,,,, wanna spit on Cpim heading India,,, or it may be Sitaram or whatever good for nothing person is ,,,",OAG,1
facebook_corpus_msr_2127024,Your the worst media i have ever seen.,OAG,1
facebook_corpus_msr_1723638,5 times. Its an alarm to crores of people. And it will last only 2 minutes and no harm. Its not  hurt like Sonu Nigam's and many new generation singers songs with horrible and terrible music in public places.,OAG,1
facebook_corpus_msr_1805053,How many of your hopes have materialised so far please. Your integrity is now doubtful.,OAG,1
facebook_corpus_msr_380455,ye ninda kon hai benchod mujhe mil jaye to machod  du iss ninda ki,OAG,1
facebook_corpus_msr_2111399,You are pro muslim pig,OAG,1
facebook_corpus_msr_367617,This is totally unacceptable plz modi ji do something or give resign from your position. Don't give too big 🍋🍋 to Indian public.,OAG,1
facebook_corpus_msr_461362,RBI and demonetisetion will only bringing destres in system people are dying no money black or white is bigger then human life shameful   Decision country  didn't know how to rule how to feed people in some days india will become banana country,OAG,1
facebook_corpus_msr_1762549,You characters will never feel happy.  Any where you go and live.,OAG,1
facebook_corpus_msr_1833394,Psycho...,OAG,1
facebook_corpus_msr_1887404,"Change Ninda, Forces r being treated v badly, esp Kashmir, Sitting ducks.",OAG,1
facebook_corpus_msr_857658,Y u r so communalise,OAG,1
facebook_corpus_msr_1723606,Those secular ppl who say wht abt loud speakerw in ganesh and nav ratri ....they just come once a year but this morning sounds come daily....,OAG,1
facebook_corpus_msr_356433,Where is the outrage for deaths of our Jawans? Where are offers of bangles for PM by BJP MPs? Or don't they care now that they are in Govt?,OAG,1
facebook_corpus_msr_1722794,No they r wrong. She is directly educating others in addition with her add,OAG,1
facebook_corpus_msr_1723011,U ppl throw away kashmiri Pandit from their h omes killed them u talk about brotherhood,OAG,1
facebook_corpus_msr_1947066,Will maulana will give hindus to worship in his house.,OAG,1
facebook_corpus_msr_448899,He is 9th powerful man in the world dont forget it everyone,OAG,1
facebook_corpus_msr_2280074,Er Clive I think you need a history lesson on India/Pakistan before jumping to such conclusions mate.,OAG,1
facebook_corpus_msr_495456,"We have to watch and see how she is going to play in her next tournament after so much fame, money.
Probably relaxed, not much focused...",OAG,1
facebook_corpus_msr_326840,Sure dude we know in Pakistan only brothers and sisters have intercourse (all of pork is bc),OAG,1
facebook_corpus_msr_444773,"First, stop the black money in politics, don't give election tickets to criminals, Clean your own house first before trying to clean others house. Gov. has the list of names of people having money in Swiss banks and Panama files, they are too big corporates, who gives lots of their black money to all political parties including BJP. No one can touch them. Demonitization cleans the black money from middle class business and not from big corporates who hold assents in $ and ¢",OAG,1
facebook_corpus_msr_2379889,Please do not create more rohith...stop inciting people in the name of caste...stop asking ur acquaintances their surnames...start scholarly studies in univ...esp jnu n the like...getting paid for studying n doing disservice to nation  while enjoying the privilege is shamelessness...none of ur revolutionary moves do ny good to any underprivileged person...they just create sad stories like vemula,OAG,1
facebook_corpus_msr_398227,"Now only surgical strikes frequently on Pakistan sponsored terrorist camps can keep Pakistan Army and ISI on their toes. No more talks, kill any body comes on the way of our security personnels.",OAG,1
facebook_corpus_msr_2111271,Secularism is the most misused word used in India by greedy politicians for political gains,OAG,1
facebook_corpus_msr_480393,tv 18 quiz is fraud.  quiz on 4th nov is still not on site....how to vote..match is fixed ..inside trading,OAG,1
facebook_corpus_msr_1723153,Nation shd stop every religious noise in fine morning ...as people feel disturbed ...sonu nigam said about azan ...but wen noise comes frm any religious song or pray in the time of exam ...we feel disturbed ...every religion shd b restricted,OAG,1
facebook_corpus_msr_300619,unfollow that kind bad news channel,OAG,1
facebook_corpus_msr_1723409,I dont completely agree or disagree with sonu ji. Loudspeakers shouldnt be allowed. Plus the argument that same inconvenience is caused isnt fair. Those instances in the hindu festivals are rarely 15-20 days per year. Whereas azaan is given on the loudspeakers EVERYDAY about twice or thrice. But then again it shouldnt be turned into a religion/anti religion debate. Its more about public convenience or noise nuisance.,OAG,1
facebook_corpus_msr_1723447,"Stupid statement from an actor. Priyanca is smart girl. Her every statement appreciated all religion.
Sonu should read history a lady first lady Indian went out from thia eart and she listened a sound out from the earth. And the sound is adzan. So where do u want to life sonu?? Even out from this earth u will listen adzan everywhere. Stupid man.",OAG,1
facebook_corpus_msr_1906930,Gujratis have always been ill treating their fellow state people just because they are of different faith.  Now see how people r justifying this by remembering kashmir. What a sick minded people.,OAG,1
facebook_corpus_msr_448897,He is 9th powerful man in the world dont forget it everyone,OAG,1
facebook_corpus_msr_2126955,"Bjp got 80 shiv sena 84, it's not a massive win Indian express ... I know you hate bjp .. but please.... don't go crazy",OAG,1
facebook_corpus_msr_2243857,Indians are habituated with is kind of astricities. Show some biscuits they fall in line.,OAG,1
facebook_corpus_msr_1582197,any day better than ur modi style hate politics.,OAG,1
facebook_corpus_msr_2127001,Indian Express is jealous of BJP's massive gains in Maharashtra including BMC that's why reporting this way.,OAG,1
facebook_corpus_msr_441999,Doubt RBI had any say at all in the decision of #DeMonetisation It was govt diktat!,OAG,1
facebook_corpus_msr_2032242,Here some sanghi undhbakt terrorist still doubts on this father and muslims these sanghi too need same boycott from there community,OAG,1
facebook_corpus_msr_430327,Yes bloody you will act as patriotic when money is involved.,OAG,1
facebook_corpus_msr_115499,Bina sahu u r also a non iitian so shut the fk up.,OAG,1
facebook_corpus_msr_404163,Qamar Ghauri your sir name is not Ghauri but it is Aghori because you bagger depend upon aid of world community and Pakistan is also beggary of Hindu religion,OAG,1
facebook_corpus_msr_1724191,Inconsiderate,OAG,1
facebook_corpus_msr_2137927,"New job Vacancy in BJP, they are Hiring ISI agents...Interested candidate please contact to Tadipaar Shah and Kailash Vijayvargiya, Fekendra.....
Candidate Ability-He must be BJP member...... Deshdrohi Party....BJP+ ISI+ ISIS alliance....",OAG,1
facebook_corpus_msr_1689929,Headline seems over exaggeration if you read through the last paragraph. This is again a paid news,OAG,1
facebook_corpus_msr_395273,For Indians killing a Pakistani is equal to killing a chicken no doubt,OAG,1
facebook_corpus_msr_398334,He must be kicked out of the country. I think he will also  talk to the person who will slap or kick him,OAG,1
facebook_corpus_msr_1724220,we praying because we  love our ALLAH .ANY CONDITION WE MUST PRAY .IF U HAVE ANY PROBLEM WITH OUR PRAYING,OAG,1
facebook_corpus_msr_1945492,"Idiot, how dare you to call the CM a Goon? Mind your language and try to live like a normal human.",OAG,1
facebook_corpus_msr_1521653,Neil Khurana not believing in any court any justice system is part of ur thinking as from mao to naxal in india u always maintaining kill everyone who don't believe in communism.......,OAG,1
facebook_corpus_msr_1723168,"I jhz dnt understand y everyone target only islam now azaan cum gundagardi thats the most peacefull thing that calm many hearts no matter they are muslims or non muslims churches also plays choir in temples they recites bhajan i dn think that is any kind of a dstrubnc its a faith people keep in thier religion n find peace through that.
Please mr sonu nigham if u can't respect any religion thats ur personal matter but u surely got no right to abuse any religion calling it ""gubdagardi"" i hv been ur big fan bt aftr that m feeling really sorry for u 😑",OAG,1
facebook_corpus_msr_2081684,"AIMIM is the anti national party their registeration should be withdrawn. They spreading hatred among community. They are not afraid when they ask to cut the heads, support Stone pelters, and terrorisrs, going against Army. They perform inhuman acts against Animals and beef. they questioned the Indian Constution  they demand separate law system, many more.",OAG,1
facebook_corpus_msr_405545,"Islam.is foolish Religious ....No....Proper respect ....in Hinduism all and respect all lord creator .... we have Large Heart not like such Stupid religious like islam who killed own brothers and rapes on sisters.......even muhammad lust about..9 yrs girl...is that islam....
Go....Read To..public vs Muhammad....
U EASLY FUND IN amazon site too..MC",OAG,1
facebook_corpus_msr_1724076,Really shameful remarks......condemnable,OAG,1
facebook_corpus_msr_398276,Digvijay singh should be sent to pakistan to permanently reside there & keep dialogue with them.,OAG,1
facebook_corpus_msr_2032115,As u r blaming few as hindus. Similarly the anti national dids of some r termed as muslims. Both needs rectifications,OAG,1
facebook_corpus_msr_2115238,Msd can beat Aus.but u can't virat in any format!,OAG,1
facebook_corpus_msr_397753,when they accept their devils work...I think that is enough cause to get start war.. finish Pakistan from the world map....,OAG,1
facebook_corpus_msr_324372,Nor the one shooting the video offered help .... This show how pathetic we are as human,OAG,1
facebook_corpus_msr_1893453,indian express is jokeing news,OAG,1
facebook_corpus_msr_411153,PM has mandated Cabinet ministers to focus on job creation: Commerce Minister,OAG,1
facebook_corpus_msr_382219,Indian Govt. Is total waste...//// Only giving speech.....//// They can't do anything.....//// Really its very sad news..\\\\\,OAG,1
facebook_corpus_msr_446200,mr modi and all the political parties donate your income to the poor n fulfill your word.,OAG,1
facebook_corpus_msr_1724098,it iz not what u said but ur ending time is near,OAG,1
facebook_corpus_msr_2199183,People just ignore his Statement .. he's Mad,OAG,1
facebook_corpus_msr_324357,"O wish that son to be a cow ....
Really sad condition of my country very humans are treated like animals and animals as gods",OAG,1
facebook_corpus_msr_443983,Shubham Singh all business are down by 80% and GDP is going down and you are saying India is growing. Check the facts before posting,OAG,1
facebook_corpus_msr_443976,Modi modi modi .. those who called bhakts are not true indians they are muslims gaddar,OAG,1
facebook_corpus_msr_331345,Why they don't give same treatment to the rapist also,OAG,1
facebook_corpus_msr_1945594,Shahrukh needs to slap u again??,OAG,1
facebook_corpus_msr_405081,Army is not raping u fool.u r brain washed..army is there to maintain peace..i have realised thay kashmiris are the most duffer people on earth..shame on u..,OAG,1
facebook_corpus_msr_1978715,"I do not understand what you mean by India doesn't have Sharia Law. There can't be any restrictions on Appeal or advise. The leaflet does not name Nahid or any person it just says music is prohibited in Islam which is true
We are democratic country and follow democratic laws.
Every single time the paid and corrupt Indian Media blames Islam all narrow minded people take up arms and brand Islam as Evil.
Please watch Ndtv Prime time by Mr. Ravish Kumar who is the most decent person in Indian Media",OAG,1
facebook_corpus_msr_491201,Is it availbel in india..plx send d details as i want to buy it,OAG,1
facebook_corpus_msr_325600,"pakistan denies attack... if they had done it, they would have called it Surgical strike.....??.  and this is a big spot in security that the pakistan troops come, kill the soliders, mutilate them, have a cup of tea, and go back very easily.... and different  media channels are reporting there own fairy tails.......",OAG,1
facebook_corpus_msr_1737008,very true.Delhi CM please stop shaming Delhi voters .,OAG,1
facebook_corpus_msr_332597,He admits it is their govt fault..as delhi police comes under centre,OAG,1
facebook_corpus_msr_1722799,Deport her to canada sge has earned more than required in india,OAG,1
facebook_corpus_msr_1735853,Cheap vote bank politics.,OAG,1
facebook_corpus_msr_2243261,#SayNoToSasikala #SayNoToSasikala,OAG,1
facebook_corpus_msr_747606,"Still u r in illusion. ..what ur MLAs did with Public no one can forget 
Which u r telling ur master class work ..women Power line 1090 ...a fake. ..they just collect data ....and solve themselves even don't talk to victims.....there r many issues by which u defeated .....interospect themselves",OAG,1
facebook_corpus_msr_324324,While its sad to know nothing was done for the man. Reality is he is a victim of lack of help from all quarters of society in his time of need. Not just one community or person or religion. Stop being such bigots.,OAG,1
facebook_corpus_msr_1521803,"Chapter of RSS golawarkr chapter 29 n verse 420 forcing on others community of indians to eat what their choice of menu   food should eat. moron grow up its ours India secular and democratic country.! 
Your party is ruling in the state of  Goa & NorthEast can't ban beef there and cant ban on export too and here talking to be ban in kerala...hahaha moron bhakto",OAG,1
facebook_corpus_msr_1563622,Israel's days are short. They will burn,OAG,1
facebook_corpus_msr_398328,U talk too much y don't u stand at LOC n feel the pain n let ur butts burn thn u will cme to knw wat is real ...,OAG,1
facebook_corpus_msr_397465,"don't be jealous sonia from PAK CHINA FRIENDSHIP.don't use name ""PAKISTAN"" with your bloody tounge",OAG,1
facebook_corpus_msr_2256391,Horrible.,OAG,1
facebook_corpus_msr_300436,Bed  channel. BJP 's,OAG,1
facebook_corpus_msr_1897092,"Modi is not only a terrorist, but a Lucca cheater also. What a shame brought to us by sanghis",OAG,1
facebook_corpus_msr_493248,That's a slap on their unrelentless n unreliable service by these telecom majors... They have sucking the blood out of their customers..,OAG,1
facebook_corpus_msr_2349573,"yes ,yes syria ,what about them r they not kiling ,for their religion ?y don't people r not freedom in middle east ,,",OAG,1
facebook_corpus_msr_431183,PM MODI foolish the people of India by his word really nothing's changed,OAG,1
facebook_corpus_msr_397604,Like Pakistan itself is unacceptable to the world ? Terrorist producing country.. 😂😂😠😠,OAG,1
facebook_corpus_msr_397583,7 half dick muslim pakistani dogs are now in jannath dancing with 72 virgins,OAG,1
facebook_corpus_msr_327603,Yak ur face it's like a stinky pussy Guarav K,OAG,1
facebook_corpus_msr_1723984,Please control your language sanu,OAG,1
facebook_corpus_msr_1722944,"Bro impotent like u keep silence why from usa , china , uk hv baan loudspeakers of mosque why every tolerance is expected frm hindus ppl like u r real enemy of hindus",OAG,1
facebook_corpus_msr_2280084,"Jay Ledo yeah nice try but you aren't talking to some dumb Kafir who has never read the Koran nor the Sira of Mohamed so the concepts of dualism, taqiyya and abrogation are known to me. 
Can you explain why you haven't quoted from Sura 9 regarded as the last one Mohamed recited and the one that instructs you to kill Kafirs where you find them, make war on your Kafir neighbours and to subdue them and force them to pay Jizya?
The world is waking up to the evil that is Islam.",OAG,1
facebook_corpus_msr_1487717,I hate u Mumbai,OAG,1
facebook_corpus_msr_2111312,Yeah and you bury seculars with salt .... This was your statement? Right ?,OAG,1
facebook_corpus_msr_1978724,You are stupid . If little educated check fatwa details. These days people make noise without knowing anything.,OAG,1
facebook_corpus_msr_324373,"Shame!!  And unfortunately the ambulance drivers,  the government office staffs cannot read our comments!",OAG,1
facebook_corpus_msr_427330,he is mad i dont think so he is businessman,OAG,1
facebook_corpus_msr_324355,where are all the corrupt politicians that keep bullshitting about welfare for the poor citizens of our country? scumbags,OAG,1
facebook_corpus_msr_1818391,Dim wit    she doesn't know only perverts who have no respect for women and treat her as material will rape.  All men are not rapist majority are decent only few are perverts some men even if drunk women fall on them they will not touch her.  And of course all these men watch movies  but they know to distinguish between reality and imagination,OAG,1
facebook_corpus_msr_2073810,Mr sen is a dumb economist & a retard,OAG,1
facebook_corpus_msr_1833403,Bloody nonsence..,OAG,1
facebook_corpus_msr_1805091,"Like Nehru who killed Gandhi and his hopes, kejri  to Anna. 1000degree in less earnest.",OAG,1
facebook_corpus_msr_1723679,Please also mention the drunk dancing to Bollywood music during procession.,OAG,1
facebook_corpus_msr_1946757,"Does any mulla do hawan puja? 
If no then does that mean they all hate Hindus.
 #chotiyaz",OAG,1
facebook_corpus_msr_2126988,Coming of age? So much praise for this performance and people used to  made fun of us when we just scored marks to eligible for grace marks.,OAG,1
facebook_corpus_msr_1005986,Parliament has become a drama stage for all political parties in every session these  politicians laugh and shout and fool the people of India. I am against demonetisation of currency until these parties bring a bill to stop corporate funding to political parties and bring lokpal bill immediately otherwise they themself are biggest corrupt people,OAG,1
facebook_corpus_msr_329025,say something sensible... wrong analogies does not make any sense.,OAG,1
facebook_corpus_msr_379172,अरे कुछ तो करो खाली हिजड़े की तरह ताली बजाते रहने से कुछ नही होगा। हमारे नेता सैनिको को हिजड़े बना के रख दिया ।,OAG,1
facebook_corpus_msr_408446,Jai Voiceindia Remove them who r responsible .. In Govt In System In Society .. Never give support them at any cost .. I promise to DAMINI can you..,OAG,1
facebook_corpus_msr_448908,He is 9th powerful man in the world dont forget it everyone,OAG,1
facebook_corpus_msr_405671,At least Pakistan didn't honor them with awards like India did for advani,OAG,1
facebook_corpus_msr_1724251,He just want some attention towards him...What else jobless ppl do?,OAG,1
facebook_corpus_msr_115519,"Falguni Ghosh Protik Biswas these who were lucky enough to get into the best universities in India still aren't satisfied - do they feel anything less than MIT or CalTech is below their standards? 

One IIT stamp and getting a good grad program becomes at least ten times easier but no these cry babys have to make a rukus.",OAG,1
facebook_corpus_msr_1723774,We should respect every religion. May be he wants to be more popular & make another controversy.,OAG,1
facebook_corpus_msr_2141837,great beggars n liers of th world is porkistan,OAG,1
facebook_corpus_msr_1853643,"Jio will only work on phones while the data is on and the phone is 4g.
Its bound to fail.Its the most crap service...plus all other companies have rival offers which are better.",OAG,1
facebook_corpus_msr_420997,you people never work on talents ...work on some chuthiar factors,OAG,1
facebook_corpus_msr_2137953,How long Mr Feku's gang?,OAG,1
facebook_corpus_msr_1922814,Idiot . All public transport should ban him.  Wer is sena spokesman  and samna paper.,OAG,1
facebook_corpus_msr_1521783,"George-  you should not expect better English from a brain washed from Nagpur.
People like Abhay donot remember that follower of RSS/Bang Dal donot hesitate to cut the womb of mother and throw the fetus in fire.
These MCs can gang rape a pregnant woman kill her baby and Eleven member of the family.
They are worst creature on the earth.",OAG,1
facebook_corpus_msr_1819425,Still better than paki national anthem,OAG,1
facebook_corpus_msr_406760,"Selling all the peoples information to third parties, im sure, also gets him a nice cut too",OAG,1
facebook_corpus_msr_1937572,This selfish mad dog who married Farah Khan double his age only and only for money should first introspect himself before saying anything .,OAG,1
facebook_corpus_msr_402902,It's good time for UP.Let he m go to hell,OAG,1
facebook_corpus_msr_1805139,"He is neither this nor that.
He failed what country needs and he is also one of
the main reason for Kejriwal's obstacles and his
fulfillments.Annaji may be
living inthe dream while he
is sleeping what happens in
this country.This is the time
for united standing between
all parties tosucceed grahan
happen in this time",OAG,1
facebook_corpus_msr_1805677,Both Kejriwal and Anna are dramebaaz...,OAG,1
facebook_corpus_msr_1887268,"Not only presstitutes sir, our libtards leaders and sickuliar people tooo",OAG,1
facebook_corpus_msr_442829,Support of the people should not be taken as blank cheque by the ruling party at the centre.PM Modi spearheaded BJP's campaiign at the 2009 general election also when Rahul Gandhi along with his mother Sonia Gandhi headed the congress (I) campaign.BJP in 2009 election just got 18.7 percent of total votes polled but got 117 seats while Congress (I) got 19.3 percent of total votes but got only 44 seats.There is no Modi Tsunami in the country now.Congress (I) is on comeback trail in Maharashtra as was evident in Nanded polls recently.BJP should realise that Political souffle can't arise from the same receipe twice.,OAG,1
facebook_corpus_msr_394720,No each and every sympathisers  of Azadi and stone pelters in India too must be beheaded,OAG,1
facebook_corpus_msr_1722989,Really Mandir in Kashmir..U guyzz killed n dehomed 5lacs Kashmiri pandits...N destroyed lots of temples ..,OAG,1
facebook_corpus_msr_2380007,Incident really u bakhts r all blind drink cow urine and sleep bloody bakhts,OAG,1
facebook_corpus_msr_2081785,It was a poor one Viru.. It wasn't a Morgan-joke.!,OAG,1
facebook_corpus_msr_2280078,Paris France had a Muslim attack today,OAG,1
facebook_corpus_msr_1805584,How BJP Goon join AAP?,OAG,1
facebook_corpus_msr_1956958,Pressittutes r worse than Politicians ! U r the biggest danger to democracy !!!,OAG,1
facebook_corpus_msr_1956954,He is the best choice for UP after a long spell of Gunda and Jungle Raj UP needs a disciplinarian like Yogi,OAG,1
facebook_corpus_msr_394664,"yes no more soft power no more soft state. an eye for an eye, a tooth for a tooth. we must also behead and send them as gifts any paki soldier or citizen crossing over the LoC. dont lecture us pakis. remember u pigs hid laden from the world for years. the surgical strikes that took out terrorists supported by pak army didnt teach you a lesson it seems. u like playing with fire, as it is your civilian govt is no longer in control and your sorry country is overrun with jehadis even in the top ranks of the army. so be prepared to pay the price. is this what your religious duty expects of you? killing the enemy is a national duty but mutilating and gloating over a dead body ? is that your religion. spit on you pigs. our blood boils at these repeated incidents. just killing the enemy soldier is not enough for you. mutilation and beheading is taught to you by your religious heads???",OAG,1
facebook_corpus_msr_2243856,Politicians basic qualification is to be great fool maker of the people. Better you fool the public the better politician you are. For example Modi and so on.,OAG,1
facebook_corpus_msr_1723716,"why all of a sudden he's having this problem , cause not getting enough songs, I am no his fan now",OAG,1
facebook_corpus_msr_1723791,"U have no religion nigam 'that is why u are disturbed by Aazaan ,bajan and etc",OAG,1
facebook_corpus_msr_2039509,"Respect, very sad that such kind of good leaders get less exposure in India like Democracy where Bhakts are praying Modi and Shah like goons",OAG,1
facebook_corpus_msr_1493868,Its the pakistani juditiary that did you a favour! Indian juditiary is corrupt and cant give such stay order to a pakistani national! 😂😂😂😂😂😂😂😂,OAG,1
facebook_corpus_msr_1945486,Shirish Kunder is one of those unemployed useless character who is surviving on his wife's income!!,OAG,1
facebook_corpus_msr_2111156,Its nt hindu state its demortc state u cnt hold any right u r equal undr law joke wt hindus wnt ha to c women body without bukha wt did u wnt thn y u r protctsng agains5 burkha... for indian independnce many muslium fought k mr its nt ur country its evryone's country who are staying here idiott...,OAG,1
facebook_corpus_msr_2241591,Lol modi is being vompared to pappu now ..didnt expect that😂,OAG,1
facebook_corpus_msr_1722927,Don't call him.sir he is booth licker of modi idiot,OAG,1
facebook_corpus_msr_327853,"You can do kadi ninda, :D or arnab can bark on TV, LOL!!!",OAG,1
facebook_corpus_msr_451943,Thank you Bajaj for making me laugh. So pathetic launch,OAG,1
facebook_corpus_msr_413254,The BJP govt has gone mad and trying to bring rules without proper infrastructure. Improvement of the quality of generics is more important decision of the hour.,OAG,1
facebook_corpus_msr_463522,"This man is totally useless. He is highly arrogant and is very hungry for publicity. He along with Adhia, Arvind Subramaniyam duly empowered by PM and FM have derailed Indian economy.",OAG,1
facebook_corpus_msr_2032247,Stupidity!!! If only you were this strict when he was alive.,OAG,1
facebook_corpus_msr_332525,😂😂😂😂 did u say the same thing when kejriwal was slapped or he was inked ?,OAG,1
facebook_corpus_msr_2111327,Very sad that kerala is in the hands of communist pig,OAG,1
facebook_corpus_msr_1724055,"U are my role model for years 
But u lost it in a minute",OAG,1
facebook_corpus_msr_2032113,No one in india hates Muslim. Please correct your thoughts. You're wrong.,OAG,1
facebook_corpus_msr_2379982,Beat the hell out of this ppl,OAG,1
facebook_corpus_msr_362449,Shame on you assholes showing some other video and making it a fake news u chooths i hope each one you at Abp news will  rot in hell,OAG,1
facebook_corpus_msr_1521770,Dumb vivek i was being sarcastic because modiji had compared a state with 100% literacy to somalia.,OAG,1
facebook_corpus_msr_1887301,Vinod Wangnoo I think you are Pakistani,OAG,1
facebook_corpus_msr_2280087,"Eric Lopez insults are your best reference?
Those other 'cultures' did not and do not demand that others take on or submit to their culture. Islam does and destroys those that refuse. 
Mohamed demanded all Kafirs submit or die. 
Oh look no insults just truth but to Islam that is insults.",OAG,1
facebook_corpus_msr_1819422,"RSS, abvp, VHP and bajrang dal must be banned to keep India integrated. They are and will be remembered as most anti national in history.😡😡😡😡😡😡🖕",OAG,1
facebook_corpus_msr_1521695,Mr converted do u have proof that Hindus also consume beef,OAG,1
facebook_corpus_msr_2346484,"Why she is crying?
She is proud Pakistani artist. 
She is not bollywood thing  :3",OAG,1
facebook_corpus_msr_407522,Israr Alam terrorist has no religion and people like you encourage such unlawful activity in our country.,OAG,1
facebook_corpus_msr_1658880,why not shoot at sight order for cow terrorists?,OAG,1
facebook_corpus_msr_1510215,U Don't have to think what we are.you just drink cow urine.nonsence,OAG,1
facebook_corpus_msr_405506,Not 1 or 2 they demolished thousand of temple from history till now. That's why we hate them,OAG,1
facebook_corpus_msr_1956926,Its high time wen u start putting Anti Against ur name Indian Express... You suck big time.. we are aware of all your futile and sinister campaigns to demean BJP. The result of UP is a slap on your face and you should take it line down..,OAG,1
facebook_corpus_msr_451387,"Good Job, these morons need to be taught a lesson.",OAG,1
facebook_corpus_msr_2032080,"Correct Ahsan bhai, let me tell you no one is supporting kashmiri pandits as they are no vote bank,  but recently govt proposed separate colonies for pandits in kmr but majority community opposed it, they didn't want hindus back in kmr, is it possible in india you will throw all muslims to pakistan, we Hindus are truly secular,  on basis of religion they were thrown out of kmr, labelled as mukbir, kafir and Indian agents",OAG,1
facebook_corpus_msr_379258,Modi ke sarkar me kitne jwan shadat dege saram kroo yek chota sa Pakistan tumare bas ki bat nhi hi maro ya Mar jao,OAG,1
facebook_corpus_msr_398243,"Lol says a porkistani..y Don u pigs look at porkistan first..
Ha ha nice comedy no wonder inbred peacefools are so retarded because of generations of incest",OAG,1
facebook_corpus_msr_325017,"Only narrow minded ultra religious people can make these allegation against Kajol. 
People have right to eat what they want.",OAG,1
facebook_corpus_msr_1647502,"the power makes staunchest of  mony mokrss but called intellectuals, specially the film makers or pseuo politiians but corrupt clerks of uno and accusd of murdering beautyfulwife or pseudo sculars,chang their names and kp hindu names lik dilep,ajit,mahipal---the list is long even what to talk of colours",OAG,1
facebook_corpus_msr_1723441,"I lived next to a temple for 5yrs, where daily from 6am to 9am there will be bajans going on, but never complained about it. every otherday in india their is festival going on where loudspeakers are used,azan is just for 2 mins mr nigam if you want ban, then ban bajans, all types of loudspeakers and specially late night party where your music is been played and ban music too. Your music also suck otherwise STFU.",OAG,1
facebook_corpus_msr_405508,"It is the culture of Pakisthan to destroy temples of other religion, hence, all Hindusthanis will hate Pakisthan. No religion says to destroy temples.",OAG,1
facebook_corpus_msr_2018661,C'mon Didi if someone thinks that way sometimes it's a choice made out of lack of exposure. She is only 22. She was not politically correct.,OAG,1
facebook_corpus_msr_1723745,I hate both loud speakers whether played by Hindu or Muslim😣.,OAG,1
facebook_corpus_msr_1956899,"It's not Hindutva vs other religions. It's anti National propaganda. Have you seen Voice of Ram's previous posts praising Pakistan? Indian Express, please come out in open at declare yourself an anti national force, instead of hiding behind the shared posts. I saw a few of your posts regarding UP CM, all seem deliberately misleading. 

If you think he's so wrong, let's see you give out facts and statistics instead of opinions. Where are your journalists and editors hiding?

Rishabh, what do you think of this post?",OAG,1
facebook_corpus_msr_1521662,Rajeev Pillai.......feekkuuu....you  don't  worry  about  bjp,OAG,1
facebook_corpus_msr_329928,Ha ha.. It happens when half of the population is illiterate....  And half intellectual blind idiots...,OAG,1
facebook_corpus_msr_2111337,pakis what is else will they say,OAG,1
facebook_corpus_msr_332269,"When choices are based on merely religion, like it's happening with Modi, the clamor is created to hide the truth.",OAG,1
facebook_corpus_msr_1716144,They are worse than Taliban terrorist backed up and blessed by current regressive government... Leading nation at global level. Only solution is execution of Cow-ward terrorist the same way how they did to other. Otherwise India is already in dark ages.. from developing nation to under developed is proof where we are at global level and where we are heading.,OAG,1
facebook_corpus_msr_221557,I hate these news channels...Saale ye specify Karne ka Kya Matlab Hai k Muslim majority areas mein bhi haare....Ye saale khud bhi dharam k naam pe baatate Hain logon ko.. Saalon statistics batao.... Divisional news mat do....,OAG,1
facebook_corpus_msr_326754,"Dude, please keep your gyan to yourself.

  Don't worry you will get your answers soon enough.

   Stop patronising.",OAG,1
facebook_corpus_msr_444103,With latest scheme all politicians monies are saved . And there is no scrutiny no tax. I.t raids and harassment on common people only.,OAG,1
facebook_corpus_msr_461216,This ridiculous act.....it's illiterates people's works coz an intellectual people goes with honesty......stop such thing ever with the Indians ..... Cowardic organiser.,OAG,1
facebook_corpus_msr_1561832,Yogi ji must pull up act strongly against such high handed& discourteous  MLA's who feel it's their birth right to throw their weight around .,OAG,1
facebook_corpus_msr_1261676,God has more creative things to do than a negative one which make  people suffer. Modi is perhaps incarnation of evil on earth with Amit shah as aide.,OAG,1
facebook_corpus_msr_2032030,^Bengali Moron,OAG,1
facebook_corpus_msr_332567,Hope Delhi Police will take action and BJP will find a way to blame AAP for it.,OAG,1
facebook_corpus_msr_329949,U r one buchokd kind of person who just have hatred against a particular person/party no matter what is being said abt you hv to cry ....and if u really want to ask question where ur mouth was in dirt in 2011 when 75 of our soldier were killed in India's biggest ever naxal attack?? Had u asked UPA govt abt it??,OAG,1
facebook_corpus_msr_326775,"September 1965 - When the Indian troops were advancing towards Lahore in 1965, they faced severe resistance from the Pakistani armed forces. To boost the morale, the Indian commander told the troops on the wireless communication that Lahore is only 2 - 3 miles away. At that time, the communications were not encrypted and both forces could intercept each others' communication. One of the Pakistani soldier also heard this conversation from his bunker. There was a sign near the bunker which read ""Lahore - 14 Miles"". He got out from the bunker, took the sign and moved towards the advancing Indian troops for some yards and posted a modified sign there. It now read ""Lahore - 14.2 Bloody Miles ... Jatin Jitin Kapoor do not talk about attitude in front of Pakistanis",OAG,1
facebook_corpus_msr_322741,"Come on babe.. heads are waiting for you.. but first ask those generals if they are still alive who wanted to do breakfast in Lahore in 1965, ask them how warmly Pakistanis will welcome you.",OAG,1
facebook_corpus_msr_405068,Time has come all leftist student should either banned or left our country......No tollence for these criminals..,OAG,1
facebook_corpus_msr_2029783,The harassment took place in the presence of policemen and mediapersons.,OAG,1
facebook_corpus_msr_1833366,Gau rakshaks have got license  to kill from the government. Only Muslims  r lynched by these goondas.,OAG,1
facebook_corpus_msr_1521897,Gods own country is not any more it evils own country . Hindus will be treated like Saitan or Judas.,OAG,1
facebook_corpus_msr_407788,You are slave of one family...and country is being leaded by a leader in real Sence and hence people like you can't handle.,OAG,1
facebook_corpus_msr_405502,"Yeah, there are people who destroyed masjid also.. all shud b punished,, wen god hav not permitted violence, who on earth are thos people for this kind of act..",OAG,1
facebook_corpus_msr_378900,sale  sab neta o ko boder pe bhejdo    use ke bad dekho jaan ki kimat kya hoti hai  hai aur hamare javano  ki kimat kya hoti hai  tab  malum  padega pakistan he nahi rahenga,OAG,1
facebook_corpus_msr_1724321,Actually i feel really bad to heard this type of word.,OAG,1
facebook_corpus_msr_1617885,Sanchari Chakraborty I heard this news on ABP Ananda that Bikram and Ms Chauhan were returning from a party and both of them were drunkened .... Don't be so intolerant....,OAG,1
facebook_corpus_msr_2041554,"Him allowing it to be aired makes him a shameless rogue huh? If he had not allowed it to be aired, i wonder what else people like you would be calling him? I am not his fan in the least. Just pointing out the obvious, no matter what one may do, society and people are gonna throw them in negative light. Hypocrisy of humans as always.",OAG,1
facebook_corpus_msr_2280106,"They better protest, oh wait that just happens in stupid America, because too many people have no jobs. Just busy complaining and walking around with vaginas on their heads. Lol",OAG,1
facebook_corpus_msr_400388,Byta turkey say jitna marzi kr lyna magar wo Pakistani k liye tumhari maa ko chod sakta gai,OAG,1
facebook_corpus_msr_1815511,"#Opinion #Replug: India has a racism problem, particularly against Africans, and it is in denial.",OAG,1
facebook_corpus_msr_401318,How mutilated? Did those jawan pigs came into Pakistan by crossing the LOC or our army came to Indian Occupied Kashmir LOC? May be doges tried to eat their flesh but they did not like it because those jawans were starving since couple of days HAHAHAHAHA,OAG,1
facebook_corpus_msr_1735816,"Most cunning politician he is.  He will do something which some body else will object and that people see him a hero.. Knowingly the percentage limit,  where is the commitment  ?? Fake drama for next elections... And this pink brigade will March again on streets..",OAG,1
facebook_corpus_msr_2127062,Idiot 10/11 bjp in majority.......,OAG,1
facebook_corpus_msr_397550,Shoaib Khan Lughmani u are from a pakistani city liar atleast change your facebook details,OAG,1
facebook_corpus_msr_427293,this govt is only about PR and trolls.. nothing on ground or reality,OAG,1
facebook_corpus_msr_1737057,"I also seen it...nothing on Kejariwal. ...u dump....
Hindi samjh nahi aati kya???",OAG,1
facebook_corpus_msr_361219,"Now time has come to finish the Pak from the map of world, this is the better time every young man of Hindustan wants to finish the Pak by Hook or crook.",OAG,1
facebook_corpus_msr_1945605,Who is dis idiot?,OAG,1
facebook_corpus_msr_1493776,"Lol, which judiciary put a stay? Pakistani juditiary showed that they are not corrupt like the indian juditiary! I bet if were a pakistani in india than he would be found guilty before his case would be presented in court!! 😂😂😂😂😂😂😂😂😂",OAG,1
facebook_corpus_msr_1723313,"One gets a feeling that he too wants a national award. Now since he has tweeted against minorities, it will be like additional qualification. Will not be surprised that he gets this award next year itself.....",OAG,1
facebook_corpus_msr_1818428,"violence against pests! Dont u kill pests when their no. increases? Same thing here too, where there r 5% 10% pests the environment is clean but ut starts deteriorating  when  their population increases above 20%.",OAG,1
facebook_corpus_msr_398289,"""Surgical Strike"" by Pakistan Army 2 indian soldiers killed.

SnakeEagle Pakistan Defence Command",OAG,1
facebook_corpus_msr_445157,There are lot of chutiyas who points out 2000 bikes and things. Look at big picture guys.  Lot of black money is coming back to bank . Soon interest rate will be less and less and there are lot of things will happen in the favour of our nation.,OAG,1
facebook_corpus_msr_397540,When you stop giving bread to a Dog (Afg) ..he'll definitely bark at you😆😆,OAG,1
facebook_corpus_msr_1985360,"Situations are different, on the field and off the field. Mixing em up is stupidity.",OAG,1
facebook_corpus_msr_1805548,Anna is a lost man.,OAG,1
facebook_corpus_msr_413252,"Doctor has one thing in mind , health of his or her patient. He cannot let it choose by some chemist who regularly give bribe to a drug inspector. Most of time they give schedule drug without prescription",OAG,1
facebook_corpus_msr_397840,Simply denying is not sufficient they have to ensure these beggars should not enter in our territory .,OAG,1
facebook_corpus_msr_1762566,"Nice joke by our respected president. There is poison content in the roots of tree called India.Unless that content is removed, we can expect happiness only in words not in reality.",OAG,1
facebook_corpus_msr_2082442,Ashish kr I have talked of cyber crime and not of criminal taking money physically after withdrawing from the bank. Don't negate an idea by foolish example even without understanding an issue.,OAG,1
facebook_corpus_msr_2379977,"Fake publisity nothing else, ,",OAG,1
facebook_corpus_msr_379254,Bihar ke Kitne now jaban hai sb ko lga do duty Pakistan ki Bahan chud jayegi,OAG,1
facebook_corpus_msr_2018624,This woman thinks spending an hour with one's own kid is a choice. She annoys me.,OAG,1
facebook_corpus_msr_1723739,"His frustration of being jobless nowadays pushes in such a deep shock,",OAG,1
facebook_corpus_msr_398271,Person who himself has been thrown out from his post is advocating and giving expert opinion on international issues .,OAG,1
facebook_corpus_msr_1722967,U people do it all da tym...u don't hv anything else to do...except religion.,OAG,1
facebook_corpus_msr_1561817,Indian Democracy - highly educated officers have to listen to filthy MLA goons,OAG,1
facebook_corpus_msr_1723079,Azaan aur Namaaz aur Prayer everything happens at its time. You should do your time management rather than targeting any religion..,OAG,1
facebook_corpus_msr_325756,I m sending my dick for yor daughter. .. she's gonna love it...,OAG,1
facebook_corpus_msr_2082600,Totally wrong decision,OAG,1
facebook_corpus_msr_1525363,"I can not understand why Hindus object any one eating meat, beef, pork, chicken, etc. We the human beings are made of flesh, we eat food with our tongue of flesh, we produce children out of sex with flesh of man/ woman, the whole of our lives are around flesh when it comes to eating flesh may be any kind then a Hindu finds it against his religion. It is God of Hindu who made him/ her of flesh .????",OAG,1
facebook_corpus_msr_1805233,This old venomous fellow is promoting terrorism(BJP) in India 😡,OAG,1
facebook_corpus_msr_407725,"Plz. Don't forget your UPA1 and UPA2 ,atleast country moving towards constructive direction under one person , your time was the worst and disaster move of country under one family...",OAG,1
facebook_corpus_msr_332292,modi should learn from great leader still busy saving cows and killing innocent,OAG,1
facebook_corpus_msr_694963,Grow up from ur radical RSS mentality man,OAG,1
facebook_corpus_msr_2081727,She instead of talking against ABVP should have told those fit for nothing jnu students that she would like study and not talk so much nonsense,OAG,1
facebook_corpus_msr_1805194,Kejri comes from the I.T. Department - one of the most corrupt dept in India - so Kejri is well versed in corruption.,OAG,1
facebook_corpus_msr_448907,He is 9th powerful man in the world dont forget it everyone,OAG,1
facebook_corpus_msr_1521877,"What about Goa please ?????
This is for only 2019 . Chaddi dharis have no respect for cow . Had it been so they would have banned in Goa and North East.
THIS IS ONLY election purpose for 2019 and nothing else .",OAG,1
facebook_corpus_msr_397707,"If thy did why denying n no other big countries supporting this surgical strike like thy supported whenindia did. 
Now it's nationalist Hindu baniya gov beware wht game playing. Use you brain alteast",OAG,1
facebook_corpus_msr_731277,"Media is no more ,  media is Randia (prostitute)",OAG,1
facebook_corpus_msr_462622,"Shame on Paytm ,Reliance Jio Money ,Visa and Master  for thriving on the misery heaped upon over a population of1.25 billion by this insensitive government  to make money.Is it Corporate Social Responsibility (CSR) which is a buzzword these days.",OAG,1
facebook_corpus_msr_365562,"Yes, Pakistan army first targeted them with rocket launcher then crossed over into Indian territory, mutilated the bodies of Indian soldiers and then came back safely. How stupid and idiot the Indian people are.",OAG,1
facebook_corpus_msr_1945583,Another idiot,OAG,1
facebook_corpus_msr_326747,today your so called freedom fighter killed 5 kashmiri policemen and 2 bank official..in attempt to loot cash from van. what will u say...do u support this act of your freedom fighter,OAG,1
facebook_corpus_msr_1490536,"Now public is tired of his fake claims. He has everything sensational to speak about corruption but has no evidence at all. He is making public fool like his boss. He is breaking his silence in parts to remain in media and publicity. Why did he brake his fast if he is genuine. One can also see from his language with media like ""meko kya pata"" ""mereko kush pata nhi"" etc...this is the language spoken by taporis only as AAP people are full of tapori people...Please do not trust him...",OAG,1
facebook_corpus_msr_2082429,Modi is Dictator ...uneducated with fake degree feku ..he can't digitilise PDS leakages which is basic structural reform but doing the which is not necessary,OAG,1
facebook_corpus_msr_857686,As Hindu nice girl don't be emotional fool.sister wake up.,OAG,1
