ID,Text,Sub-task A,Sub-task B,Label
C36.274,"Very good... throw out these homosexuals out of India... bloody rouge.. bloody
SC deteriorating Indian culture... bann the SC first... bloody old gay
judges...",NAG,GEN,0
C7.1903,"I appreciate what you are saying.I will always support you  
  
  
  
whatever it takes",NAG,NGEN,0
C26.17,good job jahangir,NAG,NGEN,0
C45.497,that's is rong yarr,NAG,NGEN,0
C10.696,SUSSANE arundhati roy,NAG,NGEN,0
C4.2210,"if you reading this comment So I want to suggest you a book named ""Incognito
written by david eagleman""
its really great book you wont regreat reading it",NAG,NGEN,0
C7.1427,Thanku sir.... You're awesome,NAG,NGEN,0
C10.777,"Ms.Roy should have been arrested immediately when she is enticing people in
the public.",NAG,NGEN,0
C4.1468,"Check the news:  
A guy from TikTok name Ashwani Kumar murdered a flight attendant he was
obsessed with. He was uploading villain clips on social media imitating Kabir
Singh.",NAG,NGEN,0
C4.1558,"Exactly bro...... you are absolutely right. I am with your thoughts. Please
keep posting these kinda videos really appreciate your work",NAG,NGEN,0
C63.128,Nice vedio,NAG,NGEN,0
C68.1312,"You are absolutely right dada,",NAG,NGEN,0
C4.1585,Review Joker bro,NAG,NGEN,0
C7.1913.1,scary tube lol 🤣🤣🤣,NAG,NGEN,0
C44.262.2,@Anindita Maity nice sister... you are right,NAG,NGEN,0
C33.539.2,@Its chakshank wlcm❤,NAG,NGEN,0
C33.574.2,"Even lgbt people have their own standards lol ...I'm gay but you will never
find me drooling over boys in public for mere pleasure... And also I have a
type.",NAG,NGEN,0
C4.1208.2,You really want to spoil such masterpieces?,NAG,NGEN,0
C33.243,I. like you very nice,NAG,NGEN,0
C47.23,Media and public Bengali film land of women public television series is a good,NAG,NGEN,0
C4.1083,"Real man is someone who has purpose in his life. Purpose makes our lives
meaningful.",NAG,NGEN,0
C59.2197,Nice Bro,NAG,NGEN,0
C4.2267,Your biggest ac,NAG,NGEN,0
C7.1290,"I love you brother for saying this on this platform. I completely agree with
your thoughts.",NAG,NGEN,0
C7.2190,Super!!,NAG,NGEN,0
C68.299,Your right my friend,NAG,NGEN,0
C59.253,U are right,NAG,NGEN,0
C26.304.1,Great job jahangir bhai,NAG,NGEN,0
C62.374,Nice apu didi,NAG,NGEN,0
C55.144.2,Hmm,NAG,NGEN,0
C7.2513,"From the depth of my Heart i like the way you observe things and share your
point of views... this is my first comment please sir give Heart ☺",NAG,NGEN,0
C32.21.2,@Amritpal Singh yes,NAG,NGEN,0
C4.1704,Bollywood lionize shit,NAG,NGEN,0
C4.1164,U r true bhaii,NAG,NGEN,0
C45.462,nice,NAG,NGEN,0
C58.17,Yes you are right,NAG,NGEN,0
C4.1374,Brother point is totally good 👌👍👍👍,NAG,NGEN,0
C59.136,Good job,NAG,NGEN,0
C4.2067,Spoiler alert at [3:30](https://www.youtube.com/watch?v=N_ZMfQMZos0&t=3m30s),NAG,NGEN,0
C68.705,Good bai,NAG,NGEN,0
C7.1341,Right ...you are right absolutely .a huge respect 🔥,NAG,NGEN,0
C7.2057,RX100 MOVIE REVIEW,NAG,NGEN,0
C7.771,As ultimate GPS,NAG,NGEN,0
C26.294,"He is hero for all those who is suffering from false claim charged by women to
their husband and their in law. Show this case to government than they will
realised that the law they made for justice is leading toward blood &
violence.",NAG,NGEN,0
C7.495,Kabir Singh my favourite 🔼🔼,NAG,NGEN,0
C59.427,10 inch mouth haaaaa,NAG,NGEN,0
C33.389,"Am also lesbian...  
Who is single....  
I want a girlfriend soo much....",NAG,NGEN,0
C7.1302,"Please give a spoiler talk on Dark Knight do you watch The Dark Knight and you
also like Heath Ledger as acting as Joker",NAG,NGEN,0
C10.226,"Madam Arundhati Roy go to Kapil Sharma show, insensible incompetence politics
.",NAG,NGEN,0
C33.534.4,#NAME?,NAG,NGEN,0
C58.478,Thanks you apu,NAG,NGEN,0
C7.1417,Real and best review on YouTube,NAG,NGEN,0
C4.2163,"Who else didnt even considered watching kabir singh after watching its trailer
???",NAG,NGEN,0
C26.151,Real hero,NAG,NGEN,0
C4.927,This movie was copied . copycat Bollywood,NAG,NGEN,0
C33.254.1,Good OK,NAG,NGEN,0
C4.1055.2,Me to bro people do think that we guys don't have movie sense,NAG,NGEN,0
C47.139.1,Akdam thik bolechen dada.,NAG,NGEN,0
C7.1439,"<https://youtu.be/C-lRyevxevA>  
  
  
Is review ka rply do plzz  
Must needed 🔥😤",NAG,NGEN,0
C7.2598,Sir plz like my comment,NAG,NGEN,0
C59.168,Super boss😎😎,NAG,NGEN,0
C4.302,"It would be great if you could regularly share some books/movies/short films
that are constructive in nature, some or other ways of entertainment.
I remember you starting a book club, 'Homo Sapiens' was the book, we need some
more initiatives like that.
Much love, support and respect like always!",NAG,NGEN,0
C33.755,best of luck 2018,NAG,NGEN,0
C10.312,Arundhati Roy is a disgrace to India.It's sad.,NAG,NGEN,0
C4.1435,"Shwetabh, i would really like to hear your thoughts on joker. It will be
really great if you come up with that.",NAG,NGEN,0
C4.194,"As doctor,i realized to work on my physique and stay fit,thats what i got from
it,rest is bullshit",NAG,NGEN,0
C4.1953,So basically kabir singh is tere naam' s radhe on drugs,NAG,NGEN,0
C59.359,Wonderful videoooo I like it,NAG,NGEN,0
C4.1676,Love metal 🤘,NAG,NGEN,0
C4.959,"A medico here ! 10 hours daily study is must to pass annual exams in MBBS
atleast .",NAG,NGEN,0
C7.1919,Best review bro keep it up.,NAG,NGEN,0
C7.2428,Great work sir 👌👌,NAG,NGEN,0
C45.569.3,My WhatsApp and imo number is+96565897567,NAG,NGEN,0
C59.430,Nice bro 👌👌👍👍,NAG,NGEN,0
C59.1182,Right boss,NAG,NGEN,0
C33.735,nyc video,NAG,NGEN,0
C33.389.1,Yeah...,NAG,NGEN,0
C7.739,"I agree with a lot of what you said. But a lot of things didnt make any sense,
like the way the love develops felt artificial and forced, and not
organically. Really not about feminism or misogynist, the movie as such didnt
make much sense.",NAG,NGEN,0
C4.1955,Finally someone said it! Thank you mensutra for this video👍👏👏👏,NAG,NGEN,0
C4.1910,How about joker!??? Please review it😇,NAG,NGEN,0
C4.352.1,Exactly! I completely agree,NAG,NGEN,0
C63.206.3,Hahaha,NAG,NGEN,0
C7.226,Plsssss make a review on Tamil movie Romeo Juliet,NAG,NGEN,0
C10.477,If get right answers then Arnab saying ayk minute or one minute,NAG,NGEN,0
C7.494,A very good answer to all the pseudo liberals Nd pseudo feminists 👏🏻👏🏻,NAG,NGEN,0
C65.457.1,@Film Mart think you,NAG,NGEN,0
C7.2417.5,Share dis to evryone..,NAG,NGEN,0
C38.567,"no one is homosexual by birth, their is no scientific or genetic proof. :) it
arises when people get tired of the natural process. And this is basically
because of the arising pornography and vulgarity that is openly viewed and
displayed and majority are prone to it so when they grow tired of the nature,
they tend to find pleasure in something that goes against nature. So we need
to support good and decent content on media and promote early marriages to
abstain from this taboo. And ofcourse this homosexuality is a sign of the day
of judgement as we Muslims believe so we need to seek forgiveness and thank
Allah for His blessings.
[#freedomofspeech](http://www.youtube.com/results?search_query=%23freedomofspeech)
:) good day",NAG,GEN,0
C68.20,Be🙏,NAG,NGEN,0
C7.1132,"true review about film and fake librals too.. prateek sir.keep it up the same
honesty.",NAG,NGEN,0
C4.141,"You had me at "" ad hominem"".  
  
Saw some good content after a long time!  
  
Good job.",NAG,NGEN,0
C4.2195.4,@Ritwik Sinha perfect 😂,NAG,NGEN,0
C59.1827,Epic🔥😂,NAG,NGEN,0
C68.344,Absolutely right.,NAG,NGEN,0
C68.712.3,Agree with u,NAG,NGEN,0
C7.1572,Well said bro ! Keep it up,NAG,NGEN,0
C32.81,"Please don't put gay people in bad light. Even i am gay and i am proud of
myself but that doesn't mean that i will kill others for the sake of my
happiness.",NAG,NGEN,0
C4.2038,"Hit like if you want shwetabh Bhai to give review of all major Bollywood
movies releasing so as to give youths a right direction",NAG,NGEN,0
C36.1014,"Army chief is correct and gays should never be allowed in arm forces. Itna hi
Sauk he to sare chakke ghar pe pubg khelo.",NAG,GEN,0
C7.1125,"U said true bro  
This talk is to. Most of the fanpages on social media",NAG,NGEN,0
C10.205,"The country, where intellectuals like Arundhati Roy are not respected , it is
bound to be degrade...She is far intelligent than these hired criminal
journalist...  
I will slap out those who will come to my house regarding NPR.  
They have already adhaar card and NSSO organisation for carrying out social
survey. Actually NPR is a sin in the garb of showing it as a some kind of
social survey...BJP decline has started and soon we will witness it's free
fall",NAG,NGEN,0
C36.819,"3 case can happen, (a) if gay is that high rank officers then new people can
be forcely asked for sex for promotion, leave , transfer , financial or other
benefit, (2) if everybody know that someone is gay , their group will
discriminate him or normal friend of him can be seen the same way, and other
group will make fun of that group. Indians are not so mature enough to deal
with that situation are generally countryside people join defennce that is
ugly truth. (C) gAy couple will have emotional attachment and will never take
harsh step in critical condition, they will not have same aggression they will
become defensive they will be interested in long living with their partners.",NAG,GEN,0
C4.117.1,"Feminism is socioeconomic equality... No one should rape anyone. How bizzare
is that. Feminism is about having equal opportunity and responsibility",NAG,NGEN,0
C4.946,Correct i am fully agree with you,NAG,NGEN,0
C46.92,"So saddd... Today I'm clear about this case ......
Tq director of police file for make this episode",NAG,NGEN,0
C7.1456,"Thank you for making this video brother I was waiting for this review .I
didnot watch this movie but i saw few review on youtube where as you said they
are juding the kabir singh character .At one point i even agreed at few points
bcz in the songs two scenes i too dislike yes i agree but after watching your
video now i understood and out of this confusion ☺.Hope you make more such
videos in future",NAG,NGEN,0
C7.93.2,@Pratik Borade <https://youtu.be/3qD3Sf6Jp2o>,NAG,NGEN,0
C33.778.3,"Ajay Kumar Gupta ase bhi India is d second most populated country in d
world..for your kind information 😑...n yeah love doesn't see anything...I am
straight..but I support LGBT...",NAG,NGEN,0
C63.120,[1:33](https://www.youtube.com/watch?v=jpxULgfrT0k&t=1m33s) GTA V,NAG,NGEN,0
C7.1414,"Perfect review . Attraction in opposide zender its normally btt. Dedication
about love. And loyality is main. Kabir singh is. Also a human. Btt he is pure
about love. Everybody make some mistakes bt its on u that u have loyal and.
Good",NAG,NGEN,0
C59.690,Very nice😘😘😘😘😘😘😍😍😍😍😍😍😍😍😍😍😍😍😍😍😍😍😍,NAG,NGEN,0
C4.2024,"Modern Feminism is a cancer to the society.  
Prove me wrong...",NAG,NGEN,0
C4.2149.3,There is nothing like toxic masculinity... Its all masculinity,NAG,NGEN,0
C9.321.2,both,NAG,NGEN,0
C10.285,She should be jailed immediately,NAG,NGEN,0
C4.1266,"I missed you omggg, thank you for educating us the right way sir🙏🙏",NAG,NGEN,0
C4.1857,"Bro , book kha hai aapko???  
Can wait to buy for myself and gift to loved ones!!!",NAG,NGEN,0
C4.910,U nailed it!!!,NAG,NGEN,0
C10.94,"arnab u r exposing urself...........just one debate on the work of govt
......i know its not possible to expose ur owener(bjp) ...........u r not a
journalist",NAG,NGEN,0
C4.808.1,Yess,NAG,NGEN,0
C4.107,You deserve 10 million subscribers. 👏,NAG,NGEN,0
C7.1734,Well said sir👌,NAG,NGEN,0
C4.2025,It's very good message you gave.. thanks a lot.,NAG,NGEN,0
C32.44,Omg so much horrible,NAG,NGEN,0
C43.86,"It’s all very well about gay rights and gay marriage but where the problem
lies is there access to kids is coming closer and that’s not right. I’m not
racist against blacks or gays but where I do feel strongly is they should not
be left around kids. It’s just my opinion and I don’t think I’m too far wrong.",NAG,GEN,0
C4.1085.3,"@akshay Viswambharan ditching the Bible or God leads to a godless society with
no morals...just like west rejected God and Bible and became immoral and
hopeless...  
  
  
With Jesus their is blessing without him there would be hell where you would
go forever and ever....give your life to Jesus there is still time...i am just
a bringer of truth to you....God is the witness on the day of judgement.",NAG,NGEN,0
C7.1506,You are the best critic,NAG,NGEN,0
C10.479,Congress always has been crminial mindset,NAG,NGEN,0
C26.303,"Dowry / Domestic Violence (JUSTICE FOR MEN)  
  
Team Nexus is an NGO (Non profit Non GOVT organization), engaged in social
work to serve the Families that seek to assist to resolve and recover from
minor domestic disputes / tussle / allegations etc. These Families suffer
trauma and depression in their attempts to be together again. Our first
priority is to save the family by mending the bitter relationship and also
know the reality of the allegations irrespective of gender. We directly or
indirectly help others to, support the main victims of domestic dispute and
domestic violence. Family tension affects people from all walks of life
regardless of gender, sexual orientation or race. Men, in particular, suffer
because of the lack of recognition and awareness by society and often the lack
of local services available to support them. It is a travesty of justice; we
cannot silently ignore because we've felt the sting of false accusations made
by women of domestic violence or anti dowry act (498A), and resolved to try to
prevent this injustice from continuing. We haven't been able to stop it, but
we wish to help male victims to fight against injustice side of the system.  
IF YOU ARE A MALE VICTIM YOU ARE NEITHER “WEAK” NOR “ALONE” CALL US FOR
EMOTIONAL AND LEGAL SUPPORT AT :09814055672, CHANDIGARH",NAG,NGEN,0
C26.235,superv!!,NAG,NGEN,0
C59.420,I love you dada,NAG,NGEN,0
C26.270.2,"+truthdemon No.. I don't know him personally. It's a relation by pain and
relation of same pain is bigger n better than blood relationship.",NAG,NGEN,0
C4.66,Sir you are great... I am your big fan...,NAG,NGEN,0
C33.539.4,Ur videos are really very interesting 💕I already subscribed ur channel✌,NAG,NGEN,0
C7.2361,After watching KABIR SINGH The Liberal Meltdown is funny 😂😂😂,NAG,NGEN,0
C10.40,Wtf is she even sayin?? Conning the people ??,NAG,NGEN,0
C4.1221,I agree with you firmly. I felt the same thing.,NAG,NGEN,0
C4.1727,Sir something about new joker movie plzzzzzz.,NAG,NGEN,0
C59.331,Nice dada,NAG,NGEN,0
C10.348.1,"Fishing for fame. This holy is a dropout druggee who got battered in Tamil
filmdom and wasted her life. Now out of necessity she wants to be some
relevant price of ass.",NAG,GEN,0
C4.1269.2,@rahul kashiv Who said that one was better,NAG,NGEN,0
C4.2127.5,Doggy style😜,NAG,NGEN,0
C59.105,Right speech,NAG,NGEN,0
C10.578,Arnab is doing great job for country. I am with you,NAG,NGEN,0
C7.1219,Explanation super bayya,NAG,NGEN,0
C4.95,"you're motivating the youth in right direction seriously love your efforts
Guys please understand the power of simplicity and elegance in a bit complex
life

And about kabir Singh in medicine there is so much cut throat competition and
studies pressure all the time that of course this movie is in no way related
to the real life...",NAG,NGEN,0
C7.801,"Loved all song ❤️ Kabir Singh Rocked  
Who Loved Movie hit like here...  
I think first movie showing Love Story of a Doctor ❤️💙",NAG,NGEN,0
C10.752,"You can’t suppress the TRUTH. Roy is an amazing human being who speaks truth.
We have right to express our views",NAG,NGEN,0
C7.1895,Great review sir...,NAG,NGEN,0
C38.75,"First of all homosexual is a demonic spirit ... And also it's against the rule
of nature....",NAG,GEN,0
C4.598,"Hit like for **Ganesh Gaitonde** 🤣🤣🤣

अहं ब्रह्मास्मि ।।",NAG,NGEN,0
C4.1325,Kya baat bede bhai so happy this is a kabir Singh roast😁yes finnaly,NAG,NGEN,0
C4.2127.4,"It ain't wrong. I have a pet dog and he loves me and my family better than
anyone would",NAG,NGEN,0
C10.456,Most bullshit channel I have ever seen,NAG,NGEN,0
C59.1779,Ilove you mrinmoy da your video is so god,NAG,NGEN,0
C4.516,"Very true analysis
""Kabir singh's character was shown irresponsible rich spoilt brat and only
survived just because he was having good financial background unlike a
commoner""",NAG,NGEN,0
C65.354,Omg 😂,NAG,NGEN,0
C7.1032,Kabir singh lovers....hit like.....here...,NAG,NGEN,0
C36.897,Supreme Court aur journalist transgender see paida Hui hai lagta hai,NAG,GEN,0
C59.1201,Love you vaiya nice video.i love you,NAG,NGEN,0
C7.2024,Not agree with you,NAG,NGEN,0
C4.1208,Bollywood needs to remake movies like whiplash and taxi driver,NAG,NGEN,0
C4.291,"4 Peoples Now think i am Good
1:God
2:Mom
3:My Teacher
4:Swetabh Gangwar",NAG,NGEN,0
C10.565,the man defending that dayneis home made,NAG,NGEN,0
C33.649,"When I start to watch this I was uninterested. I doubted if it's even worth
watching. But you guys proved me wrong. Well done. Hope people become more
aware of LGBTQ. They are normal human beings just the way we are. I love the
girls end act. Mind-blowing performance 👌👌",NAG,NGEN,0
C10.69,She is mental author,NAG,NGEN,0
C7.1160,You are Right Vhaiya.,NAG,NGEN,0
C7.28.1,"Lol u don't know what's feminism either if u believe dictionary meaning, if u
believed in true equality then u would support egalitarianism instead if
feminism",NAG,NGEN,0
C4.1674,1000% true bro,NAG,NGEN,0
C7.834,"Simple the film is showing that they are also women who like flawed abusive
men. Have we not seen these women even in our own families? Father is abusive
but Mother keeps quiet and lives by him regardless because she loves him.
Actually the love of the women here is far more than the men. In this film the
female character she see Gabir beyond his flaw that’s what the film is about.
That’s why we need to see love beyond flaws. so Gabir Singh with with all his
flawed character there was a women who still liked him. That’s why some people
liked it.  
  
There were already many films like this already made in Tamil films over the
last decade the idea was to appeal the audience with a male dominated
character to show how an angry person who lives a gal madly and has changed
over the time. The only film that showed this very sensibly was acted by Surya
in the film Mohabbat Ke Dushman another film was acted by Vikram in Tamil film
called Sethu which was redone in Hindi by Salman Khan in Tere Naam. Gabir
Singh is actually a rip off from these Two characters nothing more also the
female characters was also rip off from the female characters from these two
films who were timid characters. So here you go the director got the idea of
writing Arjun Reddy from these two films.",NAG,NGEN,0
C63.51,nicevedio,NAG,NGEN,0
C43.62,"Homosexuality : is it natural ?[困]

Not to condemn no people, but to reclaim the fallen from this practice, is
believing that you can be changed from that stage into a better stage ,to say
that we will leave this one off & take the other, who are we to pass that kind
of judgment on our brothers & sisters .

The Question that should be asked is,
where did this perversion of this deviation come about ?

Cause when God created this universe & everything in this universe to obey Him
& His law , the sun obeys the law under which it is created ,the moon ,the
stars , this planet earth obeys the law of its creation. and what we see in
the creation is no ,creature deviates from the law under which it is created.
The planet moves in its orbit not disobeying the law not even , one fraction
of a second & astronomers can bear this witness .

i dont care where you find, an ant , a bee , a fowl , a fish. They all obey
the nature in which they are created, men is not created to deviate from a
certain nature in which he is created.

the planet earth is created to incline to the plain of its orbit 23°c ,30
minutes ,The planet inclines to the plain of its orbit, this is a natural
inclination or leaning.

Man by nature is inclined towards the female & the female by nature leans
towards the man.

Now i want to know ,where did this , deviation come from?

it was not until a man that was made years ago ,from the original man ,made
opposite to the nature of the natural man, made to deviate from the natural
way of God & man ,made an opposser of the natural way & deviates from the
natural course, His whole life style will be a deviation.

The Bible clearly says ,he changed the ""TRUTH"" of God into a lie & when you
pervert the truth of God & make it a lie ,than what follows from that is a
system of perversion of deviation. we didn't have brothers in Africa walking
around with broken wrists .

since people were taught and learned of this behavior we can un-learn this
behavior.

Scripture says ""as a man thinketh so is he "" if you make a man to think like a
woman ,We have seen that ""Thought"" is so powerful it projects itself totally
on the man's brain & it begins to reshape the material so that a man ,who
thinks like a woman , his face, his features, his movements everything about
him begins to change according to his thoughts.

So scripture says "" behold I the sovereign Lord, make all things new"" so we
must get ride of the deviation and bring man back into the natural order in
which he is created & the only way to do that is to place in mans brain a new
thought & that new thought will bring up a new idea and that new idea will
reshape the ""matter"" of the man ,change the form of the man & change the
expression of the man.

There is no such thing as a homosexual that cannot be changed ,there is no
such thing as a ""lesbian"" that cannot be changed, God is here to change us all
up ,into a new growth & bring us back to the natural order in which we were
created.",NAG,GEN,0
C10.159,"Nupur, you are mad to shout over someone like this, and Arnab, are you an
anchor?? You let Nupur go on shouting and use shitty words for so long..",NAG,NGEN,0
C7.2550.1,"Achyuth Thouta don't hate bro that too comes in india only love good people n
hate bad peoples . But in South their is no such distraction .",NAG,NGEN,0
C45.159,"S k
7079116531
Hii",NAG,NGEN,0
C4.2182.5,Same here. i was waiting for this video.,NAG,NGEN,0
C65.189.1,ha ha ha,NAG,NGEN,0
C32.83.3,"@Hasan Sardar  
Me from earth",NAG,NGEN,0
C57.48,so sweet,NAG,NGEN,0
C36.596,"Homosexual as I saw in buses and movies.... Clapping and dancing. Its not for
Army. Army represent our country and I m with General Sir.",NAG,GEN,0
C7.2070,sir plzz sir titanic plzz,NAG,NGEN,0
C7.413,"Real mind like pure Indian,  
Ery one should learn from u'  
[15:40](https://www.youtube.com/watch?v=J2J5ssSP5yQ&t=15m40s) se excelent",NAG,NGEN,0
C33.593,Is to good bro,NAG,NGEN,0
C63.72.2,Fg Fyy,NAG,NGEN,0
C36.249,"I am an homosexual person and proud to be on my homosexuality !  
According to indian constitution we have three genders and homosexuality is
legal in India so if someone is saying NO to homosexuality or transgenders
this means they are not obeying the indian constitution.  
  
I was NCC cadet and when we are in NCC we get a news that army officers or
soldiers sometimes they sexually abuse to girlish or an innocent I am the
witness I saw this and heard during the NCC period.  
Next I have made physical relationship with men who were or still they are
working with defence forces. So no one can come forward and say that in
defence we have no homosexual. There are but they are in closet.  
Second there are many news where soldiers abused or physically harassed girls
so no one can say that if homosexual will join defence so they will tease the
or harass the straight soldiers.  
  
Homosexual people are normal they are not prostitute who need Sex all the
time.  
  
Please don’t respect transgender and homosexual people if you don’t want  
But at least respect your constitution who legalised them  
  
  
  
According to Ramayana  
Ram god said kalyug May hijaray Raj karenge  
  
  
  
God bless you all from your homosexual brother",NAG,GEN,0
C59.1337,You are right dada,NAG,NGEN,0
C68.1328,Nice video Bass,NAG,NGEN,0
C7.1000.1,Burnol?,NAG,NGEN,0
C45.307.1,9777070288,NAG,NGEN,0
C7.1354,ek problem hai   Main parents ke saath nahi dekh payunga.,NAG,NGEN,0
C7.2414,This video is for Sucharita Tyagi from Film Companion.👍,NAG,NGEN,0
C10.751,Take steps corruption free govt of India,NAG,NGEN,0
C10.16,"rightly said Kishwar, 'lunatic fringe', 'wacko'. I'm adding 'bitch'.",NAG,GEN,0
C4.2240,**Who is missing or londe**,NAG,NGEN,0
C7.1145,Dude Sandeep vanga should watch this ... sahi hai yaar :),NAG,NGEN,0
C7.2339,Amazing superb,NAG,NGEN,0
C33.170,Nice message,NAG,NGEN,0
C26.20,Well done . Justice delivered,NAG,NGEN,0
C10.763,lady,NAG,NGEN,0
C7.994,Exat bro right,NAG,NGEN,0
C47.85.1,@ardhendu dasgupta xxx,NAG,NGEN,0
C4.1420,arjun reddy better than kabit singh,NAG,NGEN,0
C32.143,Nice 👍,NAG,NGEN,0
C10.490.1,Isn't she sexy,NAG,NGEN,0
C45.353,Contact me 8638171924,NAG,NGEN,0
C4.1612.1,"@Jatin Singh Yadav Still I would say both of them are far better than kabir
singh.Still i would say both of them are great (Martian and Mission
mangal)..Enjoy your day buddy.",NAG,NGEN,0
C10.391,Arundhati's hair looks like crow nest 😂😂😂🐗🐗🐗😜😜😋😋,NAG,NGEN,0
C4.1912,So honest . At least someone understood the things.🌼,NAG,NGEN,0
C10.362.1,"There is a saying,two pair of breasts connot be in the same room.",NAG,GEN,0
C59.1166,You are great,NAG,NGEN,0
C10.55,These types of people should live in Pakistan in Peace,NAG,NGEN,0
C59.1679,Very nice,NAG,NGEN,0
C4.1422,"Bollywood characters are also somehow influenced by previous generation
Bollywood characters.",NAG,NGEN,0
C7.1124,"I'm a feminist but I totally agree with everything you said. Kabir Singh is a
masterpiece ❤️💯",NAG,NGEN,0
C10.328,"Why is she bothered, let her join Congress",NAG,NGEN,0
C44.203,Oooooooooo No....🙆🏾‍♂️🙆🏽‍♂️🙆🏾‍♂️🙆🏽‍♂️🙆🏾‍♂️🙆🏽‍♂️🙆🏾‍♂️🙆🏽‍♂️,NAG,GEN,0
C59.512,Just wow,NAG,NGEN,0
C7.1109,U r rock jo aapne kha everything is ryt,NAG,NGEN,0
C4.1044,Sir pls put ur views...on JOKER movie....plz if possible..!!,NAG,NGEN,0
C4.1956,"Kabir Singh is best movie  
If u r stupid enough  
But if u ever seen some videos of Shwetabh bhai  
You will realise how dumb that movie was",NAG,NGEN,0
C10.261,Modi is doing more damage to India than any enemy would,NAG,NGEN,0
C10.79,"U guys don’t get the point. There was no CAA when NPR and NRC was proposed.
The problem is when CAA is combined with NRC. Duh",NAG,NGEN,0
C7.1104,"This should be on
[#trending](http://www.youtube.com/results?search_query=%23trending)",NAG,NGEN,0
C59.565,Soo ..nice..,NAG,NGEN,0
C4.1804.2,In hindi,NAG,NGEN,0
C25.546,"simple, we are taking about sexual equality . so after investigation police
can arrested male member but if case found false than female should be
punished",NAG,NGEN,0
C7.1697,Fabulous.Totally agree with you.100%truth.,NAG,NGEN,0
C7.2206.1,Hahahaha niceeee justification,NAG,NGEN,0
C7.15.3,"@Ahalyaa Namid I am sorry I didn't get u, I'll give u my number & u won't text
me on WhatsApp is it? I don't use much of fb as when college starts I'll be
busy again that's why",NAG,NGEN,0
C10.461,"Well said Arnab, well sais Madhu Kishwar, well said Nupur!!! I guess it's time
we stop giving this ""fringe lunatic"" and fake liberal leftist this woman
called Arundhati Roy any media attention. Everything about her is so fake that
I feel that she does everything only for media attention.",NAG,NGEN,0
C59.1925,so nc dear,NAG,NGEN,0
C7.2505,Just was waiting for your review.,NAG,NGEN,0
C4.529.5,I love how ironic this comment is,NAG,NGEN,0
C4.2080.3,And I was about to watch it tonight😬,NAG,NGEN,0
C4.2138,"I don't watch bollywood movies... movie makers make fool of ppl and play in
crores... agar generation ko bchana ho to bollywood ko boycott kro",NAG,NGEN,0
C4.951,I abandon to watch Bollywood movies since a year ago,NAG,NGEN,0
C59.455,😂😂😁😁gd,NAG,NGEN,0
C7.1228,best video ever,NAG,NGEN,0
C32.61,"I really likes this movie that he made passion and love for relationship
❤️❤️❤️♥️",NAG,NGEN,0
C7.1991,"Kabir singh ending was very powerful.. really kabir singh didnt judged preethi
even though she was pregent.. that was true love. Really..it was kinda
emotional scene.",NAG,NGEN,0
C59.1111,"<https://www.youtube.com/channel/UCYikfisk_p0Nug3WrVQ7v7A>. Plzz Plzz
subscribe .... asha kori kharap lagbena... and cinebap.. gd job.. grt fan of
yours...",NAG,NGEN,0
C59.835,Like your video .nice,NAG,NGEN,0
C7.972,"Bhai tere naam was best film above kabir singh and arjun reddy. Because in the
end tere naam showed the consequences, what happened to radhe. Not like
these., Arjun Reddy and Kabir Singh os is temporary, but Radhe is permanent. 🔥",NAG,NGEN,0
C7.1997,"Do you wear this T-Shirt in public? If yes, then hats 🎩 off to you bro...",NAG,NGEN,0
C26.166,Good job boss,NAG,NGEN,0
C4.1576,100% agree👍,NAG,NGEN,0
C10.468,Sensless debate👏,NAG,NGEN,0
C4.1086.3,Whole video is good..,NAG,NGEN,0
C59.1684,Woww very good,NAG,NGEN,0
C4.1851,"Joker review !  
👇",NAG,NGEN,0
C33.62,Supbbb video,NAG,NGEN,0
C10.757,I will say my name is arundati roy lol.,NAG,NGEN,0
C4.1706,Awaiting for your book...,NAG,NGEN,0
C33.438,Fantastic vdo bro,NAG,NGEN,0
C33.259,U boys are so cute😂😂😂😂👏,NAG,NGEN,0
C7.835,Beauty bhai...thumbs up for you,NAG,NGEN,0
C7.2289,"all doctors must watch this movie. but before watching this movie, must watch
Mr Pratik Borade's review.",NAG,NGEN,0
C4.2259,I like your videos sir 😍 bhot hard Bhut hard,NAG,NGEN,0
C33.574.4,yes ur rgt..,NAG,NGEN,0
C9.70,"We cannot misguide minorities in the wrong way, whatever she said is totally
wrong, we need to provide correct information, otherwise poor will suffer. She
wanted poor to suffer.",NAG,NGEN,0
C7.2464.2,@Kalyan Kranthi yes bro same feeling,NAG,NGEN,0
C9.26,Saurbh PM address is not 7RCR it is 7LKM,NAG,NGEN,0
C7.2345,"why did censor board beep off abusive words in hindi language in this
movie,why not in english???",NAG,NGEN,0
C4.960,Even shahid himself does not like role of kabir singh..,NAG,NGEN,0
C59.1897,Love you Boss,NAG,NGEN,0
C68.39,THANK YOU BROTHER,NAG,NGEN,0
C33.613,Same sex marriage is still not valid in India.,NAG,NGEN,0
C45.438,Nice boss vii,NAG,NGEN,0
C10.201,Godi media shut up,NAG,NGEN,0
C4.496,"Hey shwetabh which is your favorite bollywood movie of all time and why. Pl
reply.।।।???",NAG,NGEN,0
C59.1721,"right brother,, i am bangladesh",NAG,NGEN,0
C33.664.2,What a story yr amazing😀😀😀,NAG,NGEN,0
C62.364.3,Right bather,NAG,NGEN,0
C7.1001,Great review,NAG,NGEN,0
C7.2451,**You totally change my mind about kabir Singh**,NAG,NGEN,0
C4.1432,"Very well said bro. I am so shocked so many people liked this shitty film.
Thankgod i didn't watched it in theatre.",NAG,NGEN,0
C10.164,She is antiindian,NAG,NGEN,0
C4.972,Finally I've got my type of people.,NAG,NGEN,0
C59.489,Super video,NAG,NGEN,0
C4.177.2,"And sunglass that he used 😅  
Here in my country Nepal shopkeeper sell that sunglass as hotpiece writes
outside the shop in poster as "" Kabir Singh ko chasma yaha paienxa""( Kabir
sing glass will be available here)🤣",NAG,NGEN,0
C4.2062,Yes I am full agree sir 👍👍👍👍,NAG,NGEN,0
C7.2572.2,"@Achyuth Thouta I DO AGREE..  
South Indians are GREAT",NAG,NGEN,0
C7.675,"[1:43](https://www.youtube.com/watch?v=J2J5ssSP5yQ&t=1m43s) ശബരിമല
SABARIMALA.......  
RESPECT FROM KERALA BHAI......",NAG,NGEN,0
C4.1612,Brother please watch Mission mangal it is gem of a movie,NAG,NGEN,0
C7.1312,Bhai please review kolaigaran tamil flim,NAG,NGEN,0
C55.136,8159932695 what's app number,NAG,NGEN,0
C63.109,Xvs,NAG,NGEN,0
C10.46,"NOW AT LEAST WE COME TO KNOW  
TRAITORS OF INDIA  
N THE CULPRITS HAD TO WATCHED  
CAREFULLY  
FEEL A BIG SYNDICATES IN GROUPS TRYING TO DISMANTLE OUR GOVERNMENT N OUR UNITY
N TO DISTORY B.J.P ONLY THAT  
SOME GROUPS MISLEADING OUR POPLATION N GET IN TO RITES  
WE NEED STRICT LAW TO ARREST THIS  
PEOPLE",NAG,NGEN,0
C68.1337.1,Gobinda Barman all right,NAG,NGEN,0
C4.291.1,"@Red Eagle He Also Think That
But He NEver Said Taht To Me!!!",NAG,NGEN,0
C9.18,Roy to galoos,NAG,NGEN,0
C46.93,So sad....😭😭😭😭😭,NAG,NGEN,0
C59.1587,I love this video....love from Assam 😘 😘,NAG,NGEN,0
C10.23,"Nupur Sharma trolled the living daylights out of that accented lady, Kasturi
Shankar. Good one :D",NAG,NGEN,0
C7.2083,I totally agree with you bhai,NAG,NGEN,0
C10.420,"If there is no law against arundhati roy, why throw abuses at her. If there is
a law, let the govt take legal action. This is her profession, and many
unemployed Indian youth will also adopt this easy money profession.",NAG,NGEN,0
C4.152,This is soo true 💯💯💯💯💯❤ bhai..u are best..,NAG,NGEN,0
C63.129,Hi I love you💙👌👌👍👍👍💙🔔🔔🔔,NAG,NGEN,0
C4.539,agreed man,NAG,NGEN,0
C10.334,"This is insane. Indian politicians make a lot of noice without making any
concrete action against Arundhadhi Roy. What is the problem for not putting
her behind bar? You have already listed all the crimes she had committed.",NAG,NGEN,0
C4.1460,Love you bhai 😂,NAG,NGEN,0
C7.929,"Ye mardangi he kya apke hisab se??  
  
The first scene itself begins with Shahid's character Kabir threatening a girl
to take off her clothes at knifepoint.. How is rape any different?? He does
many self-destructive, despicable and hurtful things like  
  
1\. Chasing his maid from his flat out of the society gates just for
accidentally breaking a glass.  
  
2\. Kissing a girl who he barely knows, without her consent right in the
middle of college campus in full public view.  
  
3\. Telling the girl of your dreams that I will kiss your mother and sister  
  
4\. Making her stay at a guys' hostel, apparently out of the care for her  
  
5\. Boasting about the fact that he had alcohol every time before he performed
the more than 500 surgeries, without a single one going awry!  
  
Strangest part of it all is that nobody seems to oppose him or thrash him
black and blue, except for his father. As all this happens, the college
authorities and the people around have fevi kwik between their lips and their
eye lids.",NAG,NGEN,0
C7.1907,"Rajeev Masand's review 0/5  
Pratik Borade's review 5/5  
  
Loved ur opinion sirji",NAG,NGEN,0
C4.2264.3,True fact.,NAG,NGEN,0
C26.285,"If your wife files false dowry harassment, police complaint against the
husband.  
If your wife false domestic violence complaint against you to harass you.  
If your wife calls police to threaten you.  
If your wife has filed multifarous litigations on you then call # 9873540498
at man cell delhi  
  
At Man Cell Delhi we provide the men with atur chatur counselling in which
guidance is provided regarding how to file false cases. Also RTI , dp3,
extortion, perjury, malicious prosecution, crpc 91, 21-b etc type fighting
tactics are guided to you so that you can fight the false cases on you & your
family at your own.  
  
  
<http://manhelpdelhi.blogspot.com>",NAG,NGEN,0
C59.1288,Supar,NAG,NGEN,0
C7.591,Very nice criticism 👌👌,NAG,NGEN,0
C4.2139.4,"vipul bisht forget about ramadhir.Sardar khan till the end of his life looked
exactly like how he used to look back in [60s.No](http://60s.no/) doubt the
plot is masterpiece but that doesn't mean you will have to support the other
logical aspect like a blind man.",NAG,NGEN,0
C4.1590,"I am in Middle of the video 4.43 and whatever he is saying is apparently but
genuinely Fact and So i Gave up watching Bollywood for good since 2015 and I
am ""adamant"" its Garbage.",NAG,NGEN,0
C68.636,Mad,NAG,NGEN,0
C4.1834,Eagerly waiting for this,NAG,NGEN,0
C33.525,Rocking ..👏👏,NAG,NGEN,0
C59.2306,Lovely bro...top classsss,NAG,NGEN,0
C10.27,"Gosh, what an obnoxious woman this Nupur is!",NAG,NGEN,0
C4.2043,Plz do on joker movie,NAG,NGEN,0
C59.1593,Bro what a video now this is a man .i am big fan bro,NAG,NGEN,0
C7.481,Lallantop [#MC](http://www.youtube.com/results?search_query=%23MC),NAG,NGEN,0
C7.417,Well said 👏👏👏👏👏👏,NAG,NGEN,0
C57.41,Who was the singer..he was sing totally wrong lyrics..,NAG,NGEN,0
C10.336,"LEFT HAND we use for what..back was insnt it....??? they deserve that
position..they are just educated by degree only inside a zombie's blind
Islamic zombies....lefties in India is cancer.....bloody western mole ...they
are aginst Modi its ok why they are supporting anti-Indian
theory???.....bloody rascals....",NAG,NGEN,0
C4.495,Only thing good about kabir Singh movie is shahid acting...nothing else...,NAG,NGEN,0
C4.72,You are absolutely right about kabir singh,NAG,NGEN,0
C45.239,Ok done via,NAG,NGEN,0
C59.32,Real,NAG,NGEN,0
C59.745,Thanks u bro,NAG,NGEN,0
C63.192.2,Rakib Hossian : ttc,NAG,NGEN,0
C9.255,"Correction: The address is now  
7, Lok Kalyan Marg not Race Cource Road.",NAG,NGEN,0
C33.390,Single gay looking for true love😥😥,NAG,NGEN,0
C4.1853,HEART TOUCHING.,NAG,NGEN,0
C10.109,Kasturi talk like stupid (chutya),NAG,GEN,0
C46.222,Sad 😅😢😭,NAG,NGEN,0
C26.137,real hero he did good job salute to Mr Jahangir🙏👼👍,NAG,NGEN,0
C4.702.2,@N aur tu v😂,NAG,NGEN,0
C10.60,Why is my comments censored/this is how the divide begins!!!!!!,NAG,NGEN,0
C59.1742,Supper u r legent,NAG,NGEN,0
C7.1290.1,"Kabir Singh effect:  
<https://www.ndtv.com/india-news/bulandshahr-hit-and-run-up-man-allegedly-
tries-to-molest-woman-runs-over-2-in-revenge-attack-2058797?pfrom=home-
topscroll>",NAG,NGEN,0
C45.800.1,"BbhbbbbbhbbbbbbbbbbbbbbbbbbbBbhbbbbbhbbbbbbbbbbbbbbbbbb bbhb gG bg gG bb. Bb.
V, you are a bit gbhhggbvhhbb g g g g bbbbbb h bbb. Bbbbh",NAG,NGEN,0
C10.484,What open discussion u people were doing other than just supporting rss agenda,NAG,NGEN,0
C47.32.1,Zxuz,NAG,NGEN,0
C4.1070,"Im in claas 10th,  
And you changed my whole perspective about bollywood movies, you saved my
life....  
Thank u so much.  
First time I saw a man who can really talk about this. Before that everyone
blindly follows bollywood movies.  
Now I'll try to share this message and influence them to escape themselves
from cage of bollywood..",NAG,NGEN,0
C4.1612.4,"Mission mangal is average .you never feel sort of science in it . Just sold
nationalism. See first man or martian",NAG,NGEN,0
C4.1079,Sir I always wanted you to make this video,NAG,NGEN,0
C32.22.3,SHAYRI & WHATSAPP STATUS no,NAG,NGEN,0
C4.38.1,Actually every Bollywood crap is criticized here.. don't worry,NAG,NGEN,0
C4.1184.4,Same here,NAG,NGEN,0
C10.157,Is this a debate !!!!!,NAG,NGEN,0
C10.516,"Ranga - Billa Arundhati Roy  
Ranga- Billa Rahul Gandhi  
Ranga - Billa SoniaGandhi  
Ranga-Billa Owassi  
Etc etc etc",NAG,NGEN,0
C7.1052,Amazingly clarified,NAG,NGEN,0
C7.2426,[3:40](https://www.youtube.com/watch?v=J2J5ssSP5yQ&t=3m40s) video start..😏,NAG,NGEN,0
C59.1184,👍🏻👍🏻👍🏻👍🏻👍🏻nice,NAG,NGEN,0
C26.130,"Jahangir bro, well done , may God bless you",NAG,NGEN,0
C33.659,Approval of lgbt might reduce over population in India,NAG,NGEN,0
C33.430,"I like this orange t-shirt wala  
So cute",NAG,NGEN,0
C7.2327,"It's a ""Character Driven Story"" , the story of 'Kabir Singh' , the scenes in
the movie follows Kabir where the other actors will automatically have less
duration and less dialogues.  
Some feminists and Kiara's fans complaining about very less dialogues for
Kiara advani, they didn't even understand that Preeti character was full of
expressions who actually was an innocent girl of 19 and drives with Kabir
character where both of them feels responsible for the life and family.  
Before commenting something about the film they should understand the depth of
the characters and the new type of scenes which will actually happen in
reality.",NAG,NGEN,0
C58.481,dede i love u 🙌,NAG,NGEN,0
C25.531.1,"polygraph is not perfect, very easy to fool.",NAG,NGEN,0
C7.2376,"Finally someone gets the movie. When Arjun Reddy released in South India it
became an instant rage and what everybody took out of that film was True Love,
emotion and Commitment but seems like northern part of India took something
else from Kabir singh sadly.",NAG,NGEN,0
C7.1197,So true bro,NAG,NGEN,0
C25.619,Luv yu Deepika ;),NAG,NGEN,0
C59.1453,My favorite video yrr,NAG,NGEN,0
C4.975,Shwetabh Bhai JOKER(MASTERPIECE),NAG,NGEN,0
C33.789.1,Thankyu so much,NAG,NGEN,0
C4.19,Super review,NAG,NGEN,0
C4.2111.2,@Harsh kushwaha right,NAG,NGEN,0
C33.349,hahah hahha yaar so good...😀😀😀😂😂😂😂,NAG,NGEN,0
C7.1865,"Problem is not the problem  
Problem is your attitude about the problem : Jack Sparrow",NAG,NGEN,0
C59.475,"1 st view
Love u From Bangladesh",NAG,NGEN,0
C4.485.1,True lol,NAG,NGEN,0
C33.412,English subtitles titles please,NAG,NGEN,0
C10.642,Looks like a drug addict,NAG,NGEN,0
C7.839.1,Very nice movie,NAG,NGEN,0
C38.161,"Why are we running behind the West. Although I'm neutral on homosexuality I
find it so sad, it makes me so sad to see my people say accepting
homosexuality takes them towards development and modernity. We should not try
so hard to fit in the west. We are Indian, we should stand back to our own
culture. P.S we are ex British colony so my education was always of English so
I prefer to write in English.",NAG,GEN,0
C4.514,After long time quality video,NAG,NGEN,0
C58.476,Right 🤣,NAG,NGEN,0
C33.602,Hmm nice I'm also lesbian nice video,NAG,NGEN,0
C68.33,Goob,NAG,NGEN,0
C7.2399,U r mad,NAG,NGEN,0
C10.759,"What do you mean of freedom, destroy the country thats what mean freedom of
speech.",NAG,NGEN,0
C4.2094.1,And both directed by same person.,NAG,NGEN,0
C4.2243,Waited for this vedio because I didn't liked this vedio,NAG,NGEN,0
C4.789,"If people start thinking so logically and can think in such a simple manner
then there won;t be any issues in this world and society. Human beings are
complex and they have emotions and feelings. This movie was an emotional
experience, if you start analyzing emotions logically then you will never able
to understand it. Emotions are to feel and not to analyze and people connected
with the emotions. This movie does not have any item song neither it shows any
female actor where camera is panning on her body parts to titillate the
audience and that is very rare in bollywood commercial films with item songs
(no one is talking about that). Everything is about the character and its
journey - good, bad or ugly and writer should have freedom to create
characters as per their will and not as per social morality.",NAG,NGEN,0
C4.1976.2,Thank you for enlightening us.,NAG,NGEN,0
C4.1197,That's why I watch ANIME instead of bollywood,NAG,NGEN,0
C4.1984,"those who are giving dislikes, are 'self-destructive chutiya'",NAG,NGEN,0
C26.340,He proved himself to be real man.,NAG,NGEN,0
C10.592,she should be in jail,NAG,NGEN,0
C4.1360,Your view about Todd Phillips' JOKER ?,NAG,NGEN,0
C7.1350,Pratik bhai you are the gem of India,NAG,NGEN,0
C33.600.2,Not fore ward but moving back ward. Its my personal opinion 😑😑😑,NAG,NGEN,0
C26.263,wonderful!!!!,NAG,NGEN,0
C4.1778,"I haven't watched a single bollywood film in the last 1.5 years.  
  
Please make a video on Joker (2019).  
  
Would love to hear your opinion.",NAG,NGEN,0
C45.227,8967644121,NAG,NGEN,0
C68.1237.1,Perfect,NAG,NGEN,0
C7.2605,Nyccc sir,NAG,NGEN,0
C7.560,as always u always nailed again,NAG,NGEN,0
C7.643,Khup Sundar review aahe sir I loved ur Marathi swag while speaking Hindi 💯👍👍,NAG,NGEN,0
C7.717.1,"😂😂 arrey madam sahi toh bola hai usne. The film is not glorifying toxic
masculinity. Would love to hear your honest opinion about the film.",NAG,NGEN,0
C10.724,Many more beaches in india why not being arrested exposed,NAG,NGEN,0
C10.162,She is nothing but a public nuisance.....😠😠😠,NAG,NGEN,0
C4.1337.3,"@akshay Viswambharan but atleast doctor strange is not misleading people like
this useless piece of poop kabir singh",NAG,NGEN,0
C10.1385.5,"​@Kanan kumar Das **IN ABSENCE OF STRICT LAW ANY ANTI-NATIONAL CAN INSTIGATE
PEOPLE TO INDULGE IN VIOLENCE AND DISRUPT GOVERNANCE AND PUT TO THREAT
NATIONAL SECURITY....LOOK WHAT SHE IS OPENLY SAYING.....SHE IS SAYING THAT,
""KYA HUM INKO 4 SAAL KATNE DENGE""...IMPLORING PEOPLE TO TOPPLE AN ELECTED
GOVERNMENT.....WHY SUCH BASTARDS CANNOT BE BEHIND THE BARS AND BE PUNISHED SO
THAT ANYONE CANNOT INSTIGATE MASSES TO TAKE LAW IN THEIR HANDS......WHY THE
COURTS ARE NOT TAKING ANY SUO MOTO ACTION...WHY POLICE IS SO SOFT... WHY PIL
IS NOT BEING FILED....WHAY IS ARMY SOFT ON THESE INTERNAL ENEMIES......WHY
POLITICIANS IN THE GOVERNMENT ARE SOFT......WHAT THE FUCK IS
HAPPENING.....??????**",NAG,GEN,0
C4.1189,"Totally agreed....i felt the same during the movie Mission mangal...like why
the hell was there any need to put such characters",NAG,NGEN,0
C7.1065,**Spoilers Alert** ‼,NAG,NGEN,0
C10.442,fish market....what a shame ...disgusting debate yuckkk,NAG,NGEN,0
C7.114,[14:26](https://www.youtube.com/watch?v=J2J5ssSP5yQ&t=14m26s),NAG,NGEN,0
C38.29,"Hinduism is one of the most liberal cultures in the world. There are numerous
homosexual encounters even in the puranas and a detailed accounts of same sex
relationsips. Such as that of Agni and Soma(moon lord). It's shch a shame that
these fundamentalists and propogaters of Hindutva(Bhajrang Dal, RSS etc) have
irresponsibly misinterpreted and appropriated them by relying on the
conservative manipulation of ancient indian texts such as the British. Going
by there own narrative..these bastards are in fact the true ""Anti
Nationals""(Hindutvavadis). They have contaminated the real plurality and
diversified ideals of our culture.",NAG,GEN,0
C33.488,I M ONLY BISEXUAL HERE??,NAG,NGEN,0
C7.2561,**Flimcompanion**,NAG,NGEN,0
C33.507.2,"Disha R SHAJI  
HELLO",NAG,NGEN,0
C4.347,"South movie fans like here
They are best than bollywood movie",NAG,NGEN,0
C7.1854,Agreee,NAG,NGEN,0
C33.794,Flow me plz,NAG,NGEN,0
C7.477.1,Hahaha 😂😂😂😂😂 u r damn right,NAG,NGEN,0
C4.1047,"I've been thinking of making such analysis on kabir singh since I saw the
movie.... but I'm too lazy 😂",NAG,NGEN,0
C38.336.1,"she also said ""TU thik to hai na"", i.e you are not gay right as you so openly
support LGBT people",NAG,GEN,0
C7.1478.1,One sane individual..thank you for a glorious reply.,NAG,NGEN,0
C4.401,Hats off to this man....each and every word he said is damn true...,NAG,NGEN,0
C59.1996,Supar youaer ret,NAG,NGEN,0
C7.156,"PLEASE review about Dr Rajkumar and Shankar Nag. PLEASE SEARCH ABOUT them if
they deserve then only review thier personality",NAG,NGEN,0
C4.2246,Wow what a topic hit like for this 😍,NAG,NGEN,0
C4.702.1,Respect,NAG,NGEN,0
C26.287,"judicious stap by Guy,May God keep him safe.If laws not on his side, what else
a men can do?",NAG,NGEN,0
C36.251,"allowing homosexuals in army is like playing with poisonous snakes , u might
not know when they will bite u. ( I believe if homosexuals allowed in army
they will become enemies of India.)",NAG,GEN,0
C4.2139.3,"vipul bisht does your mother and father looks exactly the same the way they
looked back in 70s and 80s?",NAG,NGEN,0
C7.1089,Go and watch Suchitra review on film companion,NAG,NGEN,0
C7.605,"Bro I would like to say one thing ki is movie me koi problem nai hai except
drink and smoke jo ki he youngsters boy possible, isko follow krskte hai kyu ,
kyuki uska best actor in this movie krrha hai. And one more thing in 4 more
shots series me bhi I really object the character of girl journalist who
usually do regular random sex. Bro hm SB ek jses nai hai feminist type. But
what ever things r not right whether it is done by actor or actress give bad
posters in social life, will never appreciated.",NAG,NGEN,0
C4.102,Bollywood needs this 20 min to rethink about their movies..,NAG,NGEN,0
C4.658.3,@vamshi bommena lol.. 😁😁,NAG,NGEN,0
C26.120,Real hero..salute u,NAG,NGEN,0
C4.295,Eye opening video.🔥,NAG,NGEN,0
C33.675,Very good acting👌👌👌🌹❤️,NAG,NGEN,0
C7.698,Kabir singh 5 star,NAG,NGEN,0
C20.31,"Sucharita is saying its a bad muv so now it's a must watch film 😁😁😁😁😁 take
this sucharita randi🖕🖕🖕🖕🖕🖕",NAG,GEN,0
C45.387,Very daring true video,NAG,NGEN,0
C4.1673,The moment i saw the trailer of the movie i knew i will not watch it.,NAG,NGEN,0
C7.1807,"Now all the Khan's especially S.K. are flopping and The rise of great actors
is Happening",NAG,NGEN,0
C10.180,Godi media,NAG,NGEN,0
C4.2076,U r too good sir.....,NAG,NGEN,0
C7.2333,"Bhai,absolutely loved this video, well said..",NAG,NGEN,0
C4.1488,Shwetabh... Watch Byomkesh Bakshi... Sushant's,NAG,NGEN,0
C58.294,"**Best Work,Ritu...**",NAG,NGEN,0
C7.776,Totally Agree with you sir 👌,NAG,NGEN,0
C4.291.2,Father?,NAG,NGEN,0
C63.73.1,Hotxx,NAG,NGEN,0
C7.1157,Nice review sir,NAG,NGEN,0
C38.464,"jitne wrong kah rhe hn wo sare bi sexual hn.because its prove that all
homophofic are always homosexual",NAG,GEN,0
C9.162,"Arun dhati Roy is 💯%right,",NAG,NGEN,0
C26.317,injustice gives the solution,NAG,NGEN,0
C33.420,Superb...👍,NAG,NGEN,0
C4.708,"Every movie in Bollywood is a musical, no one gives a shit but Hollywood's one
musical becomes the best one ever made.",NAG,NGEN,0
C32.16.1,Call me 9876380919,NAG,NGEN,0
C4.1700.2,"@Dr.Priyanka Verma yup, I can understand .",NAG,NGEN,0
C59.35,Yes boss,NAG,NGEN,0
C32.158,"Fantastic work by you whole team.  
All actors Shalu, Palkesh,Chandu .Acting was good,  
Direction by My Childhood friend Arjun as always going to great heights.  
Rajesh bhai also a great banner for all these.  
Bottom line Starting Dialogue of Uncle Ji is always Zordaar Zabarast.  
Keep it up all.🤟👍",NAG,NGEN,0
C4.341,Best line 4.20 nationalism mein bhi cash cow,NAG,NGEN,0
C4.1684.3,"Lol, he almost have 800k subscribers.",NAG,NGEN,0
C7.2155,I respect you broo good job thanks for honest review,NAG,NGEN,0
C9.237.1,V r with modiji,NAG,NGEN,0
C4.47,"In the original version, arjun never had any physical relationship with any
girl.. There was a scene in which shiva explains to his father",NAG,NGEN,0
C4.1906,"[11:45](https://www.youtube.com/watch?v=N_ZMfQMZos0&t=11m45s) and
[13:20](https://www.youtube.com/watch?v=N_ZMfQMZos0&t=13m20s)🤣🤣🤣🤣Epic sir",NAG,NGEN,0
C4.778,"I didn't watch the movie and I have no remorse. Three simple rules which help
me to decide whether to watch or not to watch a movie.
1.If it is a Bollywood movie with an age old ""Love Story"" then it's a big no
no.
2.If it is a movie which is promoting any form of stupid propaganda then
sorry!!
3.If it's a movie with a big starcast consisting products of nepotism then
nope!",NAG,NGEN,0
C45.330.1,"09777070288 IAm from Odisha state bhubaneswar iam specialist body Massagboy
msg me on whatsapp and call me now for 7",NAG,NGEN,0
C68.56.4,Of course why not,NAG,NGEN,0
C10.525,"Please learn "" how to speak lie and false statement from this lady.",NAG,NGEN,0
C7.1293,I love u brother... Your thoughts is right....,NAG,NGEN,0
C68.578,Aapla record coral 01907619341,NAG,NGEN,0
C10.703,"People of the country now realised the culture of Arundhati Roy. Very shameful
statement .",NAG,NGEN,0
C10.284,She should be kept in jail,NAG,NGEN,0
C4.2182,"I dunno, but I had this gut feeling inside of me saying ""Shewtabh will surely
share his opinions on Kabir Singh movie"" ever since it was launched, guess my
feeling wasn't wrong at all. 🙃",NAG,NGEN,0
C57.67,love for jisu,NAG,NGEN,0
C4.2265.1,"Is it possible
Wtf is this showing",NAG,NGEN,0
C32.43,Wrong,NAG,NGEN,0
C4.1353,"Shwetabh Bhai, you are one of the best Youtuber.",NAG,NGEN,0
C26.294.2,"Sea Change she is now telling that man like jahangir bhi is dangerous and in
the same mouth she is telling that jahangir bhi is right.I am also a girl but
not like her.I think she supports sec 498",NAG,NGEN,0
C10.726,"this idiot lady was praising jklf ....yassin malik  
she said once that pak army din killed bengalis in 1971.........no genocide
happened in 1971",NAG,NGEN,0
C33.645,I am a lesbian and I am a proud of me and good message love is love,NAG,NGEN,0
C4.1754,"Thank God It is 11 year when I left to watch bollywood movie  
  
But I remember a movie name Room which I guess Indian should watch",NAG,NGEN,0
C36.1004.5,"@Crazy Boy kindly don't get hurt... But read my words what I said.. I said I
have come across those gays who have multiple sexual partners.. it's not going
to be good.. Single sexual partner will be okay... But what about those who
are keeping multiple sexual partners... HIV/HBsAg and Sexually transmitted
diseases are more common in these people.. I have one of my patient who had
suffered from Bacterial meningitis and then had so many problems in his life.
I adore your talent that u have cracked all these exams.. but being a doctor
doesn't means that he is not a human being... I live in an Indian society and
see what happening in the society...",NAG,GEN,0
C59.2036,Nice voice,NAG,NGEN,0
C4.1717.1,It was shit from the trailer itself....thank God atleast you got reformed,NAG,NGEN,0
C65.419,very sexi Gal's pori Moni,NAG,GEN,0
C7.2400,"Yaa... really.. true.....Bhai..  
.it is our... society....",NAG,NGEN,0
C4.137,You should add subtitles,NAG,NGEN,0
C10.648,Stupid lady,NAG,NGEN,0
C65.163,<https://youtu.be/r8RYPMiXtH4>,NAG,NGEN,0
C7.2405.2,"@डिजिटल लंड भक्त विकास प्राधिकरण Abey yaar, I liked it as a movie. That
doesn't mean I'll follow it amd become a drug addict.  
Yes, I got inspired by the movie to become a topper, excel in sports, and
concentrate on career despite having personal problems, being frank and
knowing the value of a relationship.  
Agar tughe buree cheezon se inspire hona hain tho it's your choice 🤷",NAG,NGEN,0
C7.977,Context behind feminist :- Film Companion (Yt channel) Kabir sing movie review,NAG,NGEN,0
C4.1777,I'm sick so I can't study my throat hurts,NAG,NGEN,0
C4.1748,"2 days 4 videos  
  
back to back👊👊",NAG,NGEN,0
C10.382,Please arrest her immediately,NAG,NGEN,0
C4.1871,"The sad truth is few people are attracted towards the reality which this man
is providing. How many of u agree?",NAG,NGEN,0
C10.282,"Looks like ms Kasturi has no idea on the law !!! Freedom of speech is
different than sedition, defamation",NAG,NGEN,0
C7.236,Best review that I ever watched,NAG,NGEN,0
C7.2572.5,"@Achyuth Thouta anna pls read me fully....And then say some thing....  
Iam a north indian and all fingers not same ..So everywhere is good and harami
people..",NAG,GEN,0
C33.71,Amazing video bhai,NAG,NGEN,0
C7.2387,Who cares what feminists says!,NAG,NGEN,0
C7.1154,"I watch your videos because of your wise words , but too many spoilers are
there in this video",NAG,NGEN,0
C33.792,I LOVED THE CHARACTER OF THAT GIRLS😍😍😍 AND YOU WERE ALSO AWESOME BRO,NAG,NGEN,0
C32.138,"Supper movie sir jii  
  
Full support Rajesh sir All Team💕💕😊",NAG,NGEN,0
C59.444,right broo ...,NAG,NGEN,0
C10.719,"When are you going to ""expose"" Modi and Amit Shah's lies Arnab? 😂🤣😂",NAG,NGEN,0
C4.1879,Kabir Singh overrated,NAG,NGEN,0
C58.142,LoL 🤣🤣 😂 😂🤣 🤣😂 😂🤣 🤣😂 😂,NAG,NGEN,0
C4.2030.2,"One of my friend said ""Gully Boy is much better than The Tashkent Files.""  
We never had any discussion on movies after that !",NAG,NGEN,0
C7.2014,Nice bhai perfect 👌,NAG,NGEN,0
C45.701.1,00966571456033 imo,NAG,NGEN,0
C7.2197,"you are toooo good boss,even I think the way you think boss.",NAG,NGEN,0
C63.49,gooct,NAG,NGEN,0
C7.1392,We support you sir.,NAG,NGEN,0
C10.183,Why this Arundhuti is allowed to come to India?,NAG,NGEN,0
C4.168,"Oh God I'm very glad to find this one .....I thought that I'm the only one
but...I realize now it's not  
Jobhi kaha hai iss video mein  
Mai usse pura agree hu 👍👍agar log aise movies dekke ye soch rahehe Kabir Sigh
character kohi follow karenge agar koi agar sochrha hai toh bohat harmful hoga
Jo sochrha hai ki .... Mai Kabir Singh banuga  
  
Fact : now these days many people don't follow themself they .... follow only
like this kind of movies and they ....takes the wrong step ....to become like
someone  
But the truth is  
you don't ....need to.. be become like someone or something  
Just follow on your own path  
I know my English is bad I know  
I just wanted to share my thoughts  
I'm 17 year old I'm not so much mature .....to give those opinions ...  
But seriously Kabir Singh never teach us what is actual life.......",NAG,NGEN,0
C68.279,yess broo,NAG,NGEN,0
C7.2564,It is not a movie review🧐,NAG,NGEN,0
C4.2138.3,Better not to watch only,NAG,NGEN,0
C10.173,"I had a very different opinion of the lady.. not any more...go back wherever
you came back from..do not teach us to lie...she needs to be deported
asap..even the Indian jails should not accept her..whoever has purchased her
books..burn them..i am..",NAG,NGEN,0
C7.2611,Sir best review,NAG,NGEN,0
C7.337,"Guys just watch this movies its aswom.. Don't listn to those feminist... Just
watch movie nd feel the pain..",NAG,NGEN,0
C26.193,I want to meet Jahangir bhai,NAG,NGEN,0
C26.323,"very right indeed. Just wish more man have the the courage to do it, then you
will see a reduction of false claims. God blease those man who stand up for
there rights",NAG,NGEN,0
C4.1392,Thanks shwetabh Bhai 👌,NAG,NGEN,0
C4.143,"sunglass that he used in movie 😅  
Here in my country Nepal shopkeeper sell that sunglass as hotpiece writes
outside the shop in poster as "" Kabir Singh ko chasma yaha paienxa""( Kabir
sing glass will be available here)🤣",NAG,NGEN,0
C59.129,Nice tq,NAG,NGEN,0
C68.1332.3,It is really,NAG,NGEN,0
C4.498.2,"true bro. watched last month. This is the pdf of the book it is based
on-<http://slobodni-univerzitet-srbije.org/files/ROBERT-KANIGEL-RAMANUJAN.pdf>
The book is even better-",NAG,NGEN,0
C68.954,U r really genius bro,NAG,NGEN,0
C59.1261,Nice😅😆😂😃😂😂😂😂😂😂😂😂😂😂😂😂😂😂😂😂😂😂😂😂😂😂😂😂😂😂😂😂,NAG,NGEN,0
C7.1669,"hello sir i respect your views all other things talk about liberals or other
stuff i personally also hate them but I have one request actually you can
create another channel regarding this matter ""politics in hindi cinema world""
but i personally think this channel should be stick to its main motive of
reviewing the movie your previous videos are best from your open opinion
without any fear and straight point of view. i became fan of yours but with
these few episodes in which you mostly talk about political matters somewhat
Disturb audience BTW you are doing a great job God bless you.",NAG,NGEN,0
C7.1752,Fuck yourself Feminism,NAG,GEN,0
C33.108,Wow superb 👌👌👌,NAG,NGEN,0
C59.1982,I love you bro,NAG,NGEN,0
C33.187,I love hot boys😗😚🍌🍌,NAG,NGEN,0
C32.63,"Very Efficient concept....Efficient direction...best of luck to all team
Rajesh jha production....👍",NAG,NGEN,0
C26.160,well done,NAG,NGEN,0
C7.1315,Chu feminist 😂,NAG,NGEN,0
C4.1162,Please joker review🙏🙏🙏🙏🙏,NAG,NGEN,0
C7.608,"Well said sir ji about
[#feminist](http://www.youtube.com/results?search_query=%23feminist) , you are
a true youtube , and a explainer 🙏🙏 .",NAG,NGEN,0
C33.463,Butifull video,NAG,NGEN,0
C7.27,"I'm not a liberal or a feminist...I do none of the things mentioned by the
chap in the video...but, sorry to say, Kabir Singh, is an absolute bore  
Really not sure what traditions Kabir Singh is promoting. I don't know what
this chap is going on about",NAG,NGEN,0
C33.663.1,Thankew,NAG,NGEN,0
C10.673.2,"@Beant Singh how is telling people to lie and forge fake details is telling
the truth.",NAG,NGEN,0
C7.422,"@pratikborade sir @zoomtv is one of the best example of feminism. Not just
controversies like kabir singh or nana patekar and tanushree datta but many
more other issues which had no point debating, they are just liberals.",NAG,NGEN,0
C63.157.1,apymvideo,NAG,NGEN,0
C10.131,can these things be done in any other country,NAG,NGEN,0
C7.2224,I am ur hater.... but in this video i agree with you,NAG,NGEN,0
C7.2290,Thank you bro one's again💓 best reviewer of India 😊💓,NAG,NGEN,0
C10.274,GODI media king ...,NAG,NGEN,0
C10.519,"I can’t think of the the worst word for her. Because even the worst word is
not enough for her.",NAG,NGEN,0
C4.2023,Waiting for the joker's review,NAG,NGEN,0
C4.275,Be happy and healthy.,NAG,NGEN,0
C33.223.1,Abhishek kumar hiii,NAG,NGEN,0
C4.2212,U r inspiration i work everyday because of u,NAG,NGEN,0
C4.1557,I was waiting for this video since a long time 😀😀,NAG,NGEN,0
C4.304,"I did not see the movie till now. Did not like the trailer, it was showing
unrealistic illogical thing . 😅.",NAG,NGEN,0
C4.1974,Agree!,NAG,NGEN,0
C4.961,Such videos circulating are super necessary. Pros of internet.,NAG,NGEN,0
C7.1314,"Heroin is pregnant, pregnancy is good news. As we always refer, yar good news
hai main baap banne wala hun. Our youngsters give up and in depression they
get in to drugs destroying their life. While at the other end a good news is
waiting. This positive message this film gives to our youth.",NAG,NGEN,0
C7.918,"Yes finally found a very good review for Kabir Singh I want this video to get
million views",NAG,NGEN,0
C59.1238,Nice topic,NAG,NGEN,0
C4.469.1,Me laughing like your profile pic.,NAG,NGEN,0
C25.537.2,radhe krishna right,NAG,NGEN,0
C7.1080,"Shubhra Gupta of The Indian Expressgiving the film one-and-a-half stars out of
five,opined, ""Kabir Singh (protagonist) is all flourish, mostly surface. You
see him going through the motions, but you never really feel for him. And
that, right there, is the problem: not enough pay off for three hours of
pain."".[45] Raja Sen of Hindustan Times, agreeing with Gupta, gave one-and-a-
half stars out of five and felt that it was the most misogynistic Indian film
that had come in a long time. He praised the cinematography of Santhana
Krishnan Ravichandran but criticised the other aspects of the film. He said,
""Kabir Singhactually applauds its pathetic protagonist, and ends up an
obnoxious celebration of toxic masculinity.""[46] Kunal Guha of Mumbai Mirror
rated the film two-and-a-half stars out of five, feeling that trimming the
script by forty minutes would have helped.[47] Arnab Banerjee of Deccan
Chroniclerated the film 1.5 stars out of 5, writing, ""Besides it's misogyny
that gives its ""hero"" the right to make decisions on behalf of his girlfriend,
and even kiss her as and when he pleases, there is yet another major problem
with the film: Shahid Kapoor.""  
  
IN SAB FALTU LOGO KI REVIEW KARNE WALI BAATE KAALPANIK HAI INKA KISI BHI ACHHI
MOVIE KE REVIEW SE KOI SAMBHADH NAHI HAI. AGAR HAI TO O MATRA EK SANYOG MANA
JAYEGA.. KAISE KAISE CHU LOG BHARE PADE HAI APNE DESH ME. BC IN LOGOO KO PORN
MOVIES ACHHI LAGATI HAI AND SIMPLE LOVE STORY WALI MOVIES FALTU LAGTI HAI..
GAND JALti ACHHI SCRIPT DEKHKAR IN LOGO KI. DHYAN RAKHO JIS BHI MOVIE KO YE
LOG GHATIYA RATING DETE HAI WAH MOVIE KAFI ACHHI SAHIT HOTI HAI. And bhai tuze
REVIEW KHARACH GENUINE ASATAT. TUZYA MULE MI ARJUN REDDY REGIONAL LANGUAGE
MADHE BBAGHITALA WITH ENGLISH SUBTITLES MALA KHARACH KHUP KHUO AWADALA. THANKS
FOR THAT.",NAG,NGEN,0
C4.2265,no views 11 likes....,NAG,NGEN,0
C7.1490,"I see all girls in Sucharita Tyagi's video and all guys gathered here.
Honestly, can we stop with this morality act. It's true that if Kabir Singh
was a girl this film wouldn't have worked, we need to accept both sides of the
coin. And I'm pretty sure that if this was a girl's story the girls would be
defending and ladko ki jalti buri wali. Anyway, I don't morally judge, and you
are absolutely right in your review. It's a good film with raw and well shaped
characters and i appreciate their effort. 🙂",NAG,NGEN,0
C4.737,Bhai Artical 15 Dekho. One of the great movie in 2019..,NAG,NGEN,0
C58.172,3 GB memory to 16 GB accting🤨🤨😜😜😜🤭🤭🤭😺😂😂😂,NAG,NGEN,0
C4.1877,Please can you give detailed critical review of badlapur,NAG,NGEN,0
C33.495,I support it and thanks 377 subprime court...,NAG,NGEN,0
C4.1181.1,Like you,NAG,NGEN,0
C36.995.3,We need mens in the army not gay,NAG,GEN,0
C59.431,You are right bro,NAG,NGEN,0
C59.736,U r r8 dada,NAG,NGEN,0
C63.12.1,Hiii,NAG,NGEN,0
C7.2097.4,"@Dushant Sain how come it's right to see things with someone's else's
perspective and when u open your own eyes and see things your way, the people
have a problem with it ?",NAG,NGEN,0
C7.604,"200% U r right bro....,👍👍",NAG,NGEN,0
C32.155.3,HELLO,NAG,NGEN,0
C7.2572.4,"@Achyuth Thouta iam also support south india in sabrimala case and iam not
with supreme court decision....  
Bt if I respect any culture then they must respect my culture and feeling
too.....  
You know I lv south indian music and film more than bollywood because they
represent real culture",NAG,NGEN,0
C65.386.3,"Yess,,,I agree with uuu",NAG,NGEN,0
C10.384.3,She must have a Pakistani father.,NAG,NGEN,0
C33.547.1,@AB LOT KE AJA BEWAFA yes sure,NAG,NGEN,0
C59.1360,"Right bro''
You are absolutely right",NAG,NGEN,0
C4.1740,JOKER Review Please..,NAG,NGEN,0
C58.318,That's right,NAG,NGEN,0
C7.263,"This film is only about couple who passionate about love don't know what has
happened to society.",NAG,NGEN,0
C7.312,Love Is Pure bro. Kabir beautifully tells us that,NAG,NGEN,0
C7.974,Wow u explained it very clearly.,NAG,NGEN,0
C33.661,I found myself to be a gay,NAG,NGEN,0
C33.353,I'm a lesbian too. Nice video :),NAG,NGEN,0
C7.721,"Oh man day by day you are becoming more popular among fake feminist and
liberals, 1.5k dislikes is the proof. Take care Bhai.",NAG,NGEN,0
C10.222,How long are we going to tolerate this pest.,NAG,NGEN,0
C7.1561,Feminist and liberals means?,NAG,NGEN,0
C10.553,Then her name is not original,NAG,NGEN,0
C4.2030.5,"@Aditya Mishra Bhai unke kitne bhi lovers ho jaye India me they will finally
say :India is an intolerant country 😃",NAG,NGEN,0
C32.21,I wish my boyfriend could take this step and keep me in first priority,NAG,NGEN,0
C4.1308,"I was so much expecting this video and was waiting gor this from a really long
time.",NAG,NGEN,0
C33.417,Any lesbian here for me.... Yea am a man...i think lesbian means vergin girls💑,NAG,NGEN,0
C4.2034.1,"Plz bro. Dont blame bollywood for it. The main culprit is that director
Sandeep Vanga who also made Arjun Reddy and remade it in Hindi... He totally
destroyed the lives of youth.😡😡😡😡😡😡",NAG,NGEN,0
C4.1123,Bro make a video on tik tok,NAG,NGEN,0
C7.1357,"Respect for you man,subscribed.",NAG,NGEN,0
C4.2225,Thanks I Was Waiting For This Video From A Long Time,NAG,NGEN,0
C59.1766,I love you so much bro,NAG,NGEN,0
C7.207,Well said 👍,NAG,NGEN,0
C10.61,"Every plant tree animal even bricks have an identification ~~where did it come
from - how did it get here - what 's it's name - they have all been embraced &
have contributed to the advancement of the country/We human beings cannot walk
around like a lafanga - NO NAME~~ origin - etc /THE world is moving fast - if
India is not ready to be part of the earth CHAOS will ensue - the govt is
doing what they were elected to do - MAKE EVERY RESIDENT REVELANT HOW CAN THEY
DO THIS IF THEY DONT KNOW WHO THE F......... YOU ARE- DONT MAKE THE FUTURE
GENERATIONS NULL & VOID!!!!!",NAG,NGEN,0
C33.368,Very funny... video 😁😁😂😂😂🤣🤣,NAG,NGEN,0
C4.1904,Sir what about anime??,NAG,NGEN,0
C4.1655,"I was eagerly waiting for Mensutras review on This Shitty Kabir singh movie. I
havent watched it yet but before that i want to know your opinion. Now i feel
,I saved my time by not watching this Senseless movie.",NAG,NGEN,0
C7.2133.4,Who's that?,NAG,NGEN,0
C4.1085.5,"@Sandeep Meena Bible is the only word of God in this world that changes
lives...Bible has built the most developed countries of the west and has
contributed to the progress in science and technology.... without Bible there
would be no scientific development and progress...  
  
  
Geeta has contributed to the misery and hopelessness that India shoes...
following geeta India has become a poor and non productive society...  
If India accepts the true God Yahweh(Jesus) of the Bible...India will be
developed and prosperous...i mean all of them...not only few rich people but
whole society will change....because only Jesus is the way to God the Father
and he is way to heaven...and only Jesus give salvation and eternal life.",NAG,NGEN,0
C4.1200,"At that time of its releasing date, I decided to watch ARTICLE 15, and truly,
it is much times better than KABIR SINGH, even many of my friends critised me,
for that I dont know what feelings are? What love is? I will repeat again,
many of us don't have the gut to watch and accept the truth showed in ARTICLE
15. And for sure KABIR SINGH is a garbage. Because it destroyed true meaning
of LOVE. Awesome video Shwetabh Sir💁‍♂️🙋‍♂️",NAG,NGEN,0
C7.492,"You said exactly what I wanted to say. In fact usually I don't watch love
stories but I came across a review by a feminazi who bashed the movie. I
immediately decided... ab toh zaroor dekhunga 😈",NAG,NGEN,0
C4.1364,"You're right shwetabh  
.....Ayushman is great future of Bollywood 👌 ✌",NAG,NGEN,0
C63.86.1,thank you,NAG,NGEN,0
C33.469,Loved this video 😂😂😂,NAG,NGEN,0
C7.2188,Your tshirt is awesome bro,NAG,NGEN,0
C4.1902.1,"And what about random senior coming to class and changing seating 😒 were in
reality u need special supreme court order then only students will b like ok i
will sit there",NAG,NGEN,0
C59.2179,Hat's off to you bro ......absolutely right,NAG,NGEN,0
C7.1851,This channel gives me hope.,NAG,NGEN,0
C9.176,Bankrupt intellectual,NAG,NGEN,0
C10.476,Arnab is deception making,NAG,NGEN,0
C33.659.3,🤣🤣🤣🤣🤣🤣🤣🤣🤣🤣🤣 true,NAG,NGEN,0
C10.654,"Government should immediately put AR behind bars for giving such illegal
suggestions. Kasturi Shankar seems to be an actor without brains. Plz do not
call her again, very stupid comments from her...",NAG,NGEN,0
C4.639,Most honest review of a movie i have ever seen,NAG,NGEN,0
C4.412,"Ok , ok
But why so many abusive words.",NAG,NGEN,0
C65.17,"hello my self sumit from india. from kolkata. i just wanna say you are most
beautiful porimam. bangladesh is most beautiful country. and having a lots of
lovely people. so porimam you are looking very nice. i am your fan sumit.",NAG,NGEN,0
C68.144,very bad,NAG,NGEN,0
C58.151,You r great,NAG,NGEN,0
C32.15,Hot😍😍,NAG,NGEN,0
C7.1408,THIS REVIEW IS 10 ON 10😘😘❤,NAG,NGEN,0
C10.595,I mean whoever announced ar as intellect,NAG,NGEN,0
C7.1753,I dont agree with u...,NAG,NGEN,0
C4.1199,Bollywood is illuminati😂😂,NAG,NGEN,0
C10.293,"enough in the name of freedom of expression...such misusers must be brought to
books....",NAG,NGEN,0
C7.477,"Feminists are doing nothing but promoting the movie further... 😂  
N we know the movie is amazing ♥️🌸",NAG,NGEN,0
C4.676,"Sir you are a great sir I have a request please watch geetha govindam telgu
movie and give your opinion please sir",NAG,NGEN,0
C33.500.1,Thankyouuu so much,NAG,NGEN,0
C7.1376,😂🤩 nice t-shirts,NAG,NGEN,0
C4.1270,"Some things are true but i feel he is exaggerating. Har kisi ki personality ek
nhi hoti. Some people are impulsive",NAG,NGEN,0
C33.188,Love the way that boy was crying..haha,NAG,NGEN,0
C21.353.4,Keep away from that mad aunty.,NAG,GEN,0
C59.442,Yeah right,NAG,NGEN,0
C7.2316,"willing to respect or accept behavior or opinions different from one's own;
open to new ideas --------of course this is the worst thing? Pratik ? we
should be not respect others, see other's view or open to more ideas
??????????",NAG,NGEN,0
C4.901.2,"Beginning was marked with 'Veere Di Wedding', 'Lust Stories' and 'Four More
Shots'.",NAG,NGEN,0
C10.266,"I am sorry to say, some people, not necessarily bad people, get energized by
opportunities for anarchy. Burning the place down is not the way to build a
bright new society.",NAG,NGEN,0
C9.169.2,Vomit,NAG,NGEN,0
C4.2229,"No one is more honest than this person. He is saving a generation.

HIT A LIKE IF YOU LOVE AND RESPECT HIM.",NAG,NGEN,0
C10.486,Arundhati Roy should be behind bars,NAG,NGEN,0
C4.611,Exactly,NAG,NGEN,0
C4.1995,"Best line of this video is
[4:20](https://www.youtube.com/watch?v=N_ZMfQMZos0&t=4m20s) to
[4:30](https://www.youtube.com/watch?v=N_ZMfQMZos0&t=4m30s) 😄",NAG,NGEN,0
C68.1116,Ranu Isa bad,NAG,NGEN,0
C4.149,"The movie could have been better if typical Indian romantic masala didn't even
involved.",NAG,NGEN,0
C4.270,What about arjun reddy ??,NAG,NGEN,0
C7.1707.1,Tu GM🖕🖕,NAG,NGEN,0
C7.1582,"Great work  
Hatss of to u sir....big fan of yours😊",NAG,NGEN,0
C33.322.1,Vinod Jat hi,NAG,NGEN,0
C10.141,"if she is not a resident of India , why is a foreigner not charged with a
crime for inciting lawlessness.",NAG,NGEN,0
C10.777.2,"Suru Suru but only your dreams.. people from kerala speaks truth, they just
don’t bother and scared of any political shits",NAG,NGEN,0
C4.1507,Review Tumbbad.,NAG,NGEN,0
C7.1652,I totally agree bro,NAG,NGEN,0
C4.1907,"You're always right but there always been a positive aspect for this movie and
that is the performance especially by shahid kapoor. People's are loving to
see the character of kabir and how shahid played it. What I want to say is
shahid nailed it as a character.",NAG,NGEN,0
C59.313,Good very very,NAG,NGEN,0
C4.185,Your videos are blessings :),NAG,NGEN,0
C4.848,Joker movie review please,NAG,NGEN,0
C55.193,So sad,NAG,NGEN,0
C33.20,I love you girls awesome video i am girl,NAG,NGEN,0
C7.141,Sabse Best Review..Thanks Prateek Bhai😊,NAG,NGEN,0
C4.1301,Intro 🤣🤣🤣,NAG,NGEN,0
C33.421,Love it guys😍😍😍😘😘😘,NAG,NGEN,0
C33.652,"Happy to see that without insulting lgbtq how u made comedy out of it keep it
up guys",NAG,NGEN,0
C10.731,This many is really funny and most serious joker on TV..,NAG,NGEN,0
C4.1114,Bro killed it😂😂👍👍,NAG,NGEN,0
C4.2109,Correct❤,NAG,NGEN,0
C4.396.3,Not cinema...saneema,NAG,NGEN,0
C10.446,"It's pathetic that a person who cares about this country and its citizens
can't even voice her opinions. All thanks to Modi Bhakts like Arnab!!",NAG,NGEN,0
C10.558.4,To Syria or Afghanistan,NAG,NGEN,0
C36.283,"I think we should first gather the interested people (Homosexuals) make a
group of 100 and train them for 1 year so that we can have correct knowledge
of there physical and mental power and if majority of them achieve success in
this process then we can give green signal to them to join forces",NAG,GEN,0
C59.358,She is fantastic talented singer god bless her for her bright future,NAG,NGEN,0
C10.121,Godi Media,NAG,NGEN,0
C25.550,"left my parents, relatives all still i'm afraid, please save me , she slaps me
abuse me so shameful ):",NAG,NGEN,0
C4.205,"The fact is Kabir Singh or Arjun Reddy is the biggest Threat for the life of
our Youngsters.I advice to all Non sensical Youths Don't waste your Valuable
time for this types of Rubbish Junk Plzzzz.We should Boycott Bollywood.If
anyone agree than thoko like👇👇👇👇",NAG,NGEN,0
C4.418,So true 💕,NAG,NGEN,0
C4.1381,Really liked the way u talk,NAG,NGEN,0
C33.774,Heros at its highest peak.... 😁 😂,NAG,NGEN,0
C7.1918,"Bhai mujhe ye liberals and feminist kahi nazar nhi aate ,ye h kon ,can anyone
explain?...",NAG,NGEN,0
C26.270.1,Kill them!! Almighty push,NAG,NGEN,0
C7.247.1,<https://youtu.be/yNdB772uAsU>,NAG,NGEN,0
C7.873,"Hii Pratik ji...I really liked your video and I too agree to your perspective.
I watched the movie today and I don't feel that it's anyway hurting 'the so-
called feminist ego'. Instead the entire movie is all about acknowledging the
character Kabir's issues, faults mistakes, failures and his unconditional love
for Preeti. The culmination of the movie speaks for itself.. wherein a changed
Kabir, fully in realisation of his blunders finally meets his love of his life
Preeti, who is Not The Victim but the final and true saviour of Kabir. I
really don't support the so-called feminism which is now seen hovering in the
air. Instead I support true feminism--equality for both the sexes, male as
well as female without any kind of discrimination on any ground. Also,
negative values are negative for everyone.. Irrespective of men and women.",NAG,NGEN,0
C4.1454.2,"university topper  
all india topper  
world topper  
universe topper",NAG,NGEN,0
C4.1385,RIP Kabir Singh....,NAG,NGEN,0
C63.73.2,Hotxxx,NAG,NGEN,0
C10.612,"why not arrest them ? I know that census was done incorrectly during UPA. that
is why they are in so panicked now.",NAG,NGEN,0
C59.949,Nise,NAG,NGEN,0
C33.602.2,Hyy love............,NAG,NGEN,0
C7.1600,"[13:50](https://www.youtube.com/watch?v=J2J5ssSP5yQ&t=13m50s)  
What a sarcastic explanation 😂😂😂😂😂",NAG,NGEN,0
C33.531,You r so amazing guys...love u,NAG,NGEN,0
C10.325,Supporters of pak n chaina,NAG,NGEN,0
C4.752,Nice review,NAG,NGEN,0
C7.2445,BANDiSHALA pls pls,NAG,NGEN,0
C4.1397,"Great . I was wanting u to make video on this. Shahid acting was good. But
movie can provoked many teenagers.. that is nt good",NAG,NGEN,0
C7.1924,Cmon man accept what is right,NAG,NGEN,0
C7.748.5,"Do u comment the same in every movie which shows toxic feminity? Or at that
time u think that *yaar ye toh sirf movie hai? *",NAG,NGEN,0
C33.84,Music is soooo funny 🤣😂🤣😂🤣,NAG,NGEN,0
C33.644,i am gay 😊 18,NAG,NGEN,0
C59.2153,Can i talk to u once??,NAG,NGEN,0
C10.230,Arundhati Roy. Who is she. Is she a prostitute.,NAG,GEN,0
C64.9,"Hot
<https://youtu.be/RavH920LPIM>",NAG,NGEN,0
C68.298,Bigger is bigger,NAG,NGEN,0
C7.620,It's a passionate love story...,NAG,NGEN,0
C33.516,Wow wow,NAG,NGEN,0
C65.436.1,right bro from dubai,NAG,NGEN,0
C33.237,Nice video😜😜,NAG,NGEN,0
C7.959,"I see every time ""four shots more"" and ""Veer de wedding"" for jerking off only
. But for pure emotions and real love I see these movie. Thats the truth",NAG,NGEN,0
C9.259,Yrrrr Saurabh let the Sardesai speak. Don't disturb him ....,NAG,NGEN,0
C7.1640,Bhai I hv seen arjun reddy owsm movie and,NAG,NGEN,0
C7.955,"I am not a liberal and certainly not a feminist. But still i didnt like this
movie..",NAG,NGEN,0
C4.403,I thought that only I was saying it is overrated,NAG,NGEN,0
C10.175,"who is this lady KASTURI ,why is she here",NAG,NGEN,0
C59.316,Yes bo,NAG,NGEN,0
C4.1454.3,LMFAO,NAG,NGEN,0
C10.26,You lost 8 assembly election in last one year.,NAG,NGEN,0
C10.68,Arman do you know what's a debate?,NAG,NGEN,0
C59.561.1,Nice vidoe,NAG,NGEN,0
C7.137,"I did not find anything bad or objectionable, original movie Arjun Reddy is a
very beautiful film. Meaning of actual love. Love is one of the pure and the
strongest thing in the world.",NAG,NGEN,0
C65.24,আই লাভ ইউ পরীমনি,NAG,NGEN,0
C4.1632,judgemental hai kya is different one u ll like it bhai :),NAG,NGEN,0
C33.407,After few years rape will also become positive activity...,NAG,NGEN,0
C32.120,U r giving wrong message about gays,NAG,NGEN,0
C44.164.3,@Nurislam Molla right,NAG,NGEN,0
C7.333,**2K feminist disliked the video**,NAG,NGEN,0
C7.10.1,"Why isn't it? Grown ups can have consensual sex & even live together if they
want",NAG,NGEN,0
C10.383,"Stop fucking to give knowledge on everything on Television debaters out there
everybody. New India knows how to handle such person now. Just wait and watch",NAG,NGEN,0
C4.1581,Joker review! Love from Pakistan,NAG,NGEN,0
C7.60,"Loved it❤  
And subscribed successfully",NAG,NGEN,0
C4.1647,Some lines were😂😂😂funny but true..,NAG,NGEN,0
C32.155.5,Hii ravi,NAG,NGEN,0
C7.1992,Superb pratik sir....Nice for this review 👍👍,NAG,NGEN,0
C7.213,"best review my friend ... absolutly right , it is the biggest problem in these
days",NAG,NGEN,0
C10.735,"A . Roy must be funded very heavily that why she has time to spread hate in
this beautiful country India",NAG,NGEN,0
C4.1837,i m following you from past 3 years,NAG,NGEN,0
C59.682,"Doggy ran.
.........",NAG,NGEN,0
C33.552,Superb guys 😅😆😊osm,NAG,NGEN,0
C57.41.1,Oooo,NAG,NGEN,0
C33.228,Supar😉😉😉😉,NAG,NGEN,0
C7.1449,"make it short yar,, don't need ur Discussion and Philosophy Explained",NAG,NGEN,0
C7.2059,Ap ki t shirt 😂😂😂 by the way good review,NAG,NGEN,0
C33.644.2,I am also too.,NAG,NGEN,0
C4.650,"Shwetabh is the new kabir singh
Vana vaun vaun Vana vaun vaun",NAG,NGEN,0
C4.2010,Ayushman khurana is the only hope for bollywood,NAG,NGEN,0
C4.781,Very late review but interesting and you're right,NAG,NGEN,0
C45.9,Nic,NAG,NGEN,0
C59.577,Superf,NAG,NGEN,0
C10.305,"No talk for G.D.P.  
No talk for jobs.",NAG,NGEN,0
C7.2235,Not a movie review...,NAG,NGEN,0
C33.353.4,"@Monalisha GOGOI, is there any problem?",NAG,NGEN,0
C4.1531.1,"But the director was South Indian bro. Not Bollywood. This guy also made Arjun
Reddy and then remade it in Hindi as Kabir Singh. This guy should be thrown
out of film industry🖕🖕🖕🖕🖕🖕🖕🖕",NAG,NGEN,0
C45.234,7018748435 coll mi,NAG,NGEN,0
C33.573,Nice...guys.,NAG,NGEN,0
C33.43,So funny 😂😂 great job,NAG,NGEN,0
C10.507,"who is this person Kapil ? Why u call him in this debate. He don't know
anything.plz tells him dont  
give his rubbish lectures.",NAG,NGEN,0
C10.774,"Kapil you do that in America,YOU will go-to detention camp,if you are Lucky
you might end up in GITMO.",NAG,NGEN,0
C4.221.3,Yes u r ryt. But dis is india n will remain like dis.,NAG,NGEN,0
C47.131.1,60% right,NAG,NGEN,0
C7.1892,Arjun reddy aka kabir singh is a master piece😍.,NAG,NGEN,0
C4.2234,Eagerly waiting for your opinion finally.. 😍,NAG,NGEN,0
C59.846,"if she was a beggar how can she know English,,,,, and her attitude, o my god
its too much",NAG,NGEN,0
C7.161,Next sahid Kapoor another telugu remake Vijay devrakonda' movies DEAR COMRADE,NAG,NGEN,0
C45.569.1,Please call me I'm waiting okay,NAG,NGEN,0
C4.1820,"Shwetabh is a very genuine guy he makes a video analysis of a movie which has
stopped trending this shows shwetabh doesn't care about views he only cares
about the generation he is trying to make a revolution please be like shwetabh
😊",NAG,NGEN,0
C7.1431,Nice review 👍,NAG,NGEN,0
C7.1448,😊😱😎Super Bro...😎😎😎,NAG,NGEN,0
C7.1196,Wow nyc review.well explained,NAG,NGEN,0
C4.2172.2,@ching pong 😂,NAG,NGEN,0
C32.95,Gays are not villains.,NAG,NGEN,0
C7.2466,Mulshi Pattern Review pls,NAG,NGEN,0
C7.769,Best Movie,NAG,NGEN,0
C26.278.3,You share my feelings bro.,NAG,NGEN,0
C4.1813.2,"@DEV SHARMA i jst said tht🙄  
My point wass tht shewtabh sir didnt mention shahid or his acting he was jst
talking about tht character which the writers created....",NAG,NGEN,0
C32.101,Hi I like 😙😙,NAG,NGEN,0
C7.1452,Very nice review sir😘😘😘😘😘😘,NAG,NGEN,0
C33.383,Am feeling bad for this boy !!,NAG,NGEN,0
C4.1236,"After watching this movie  
 __i started smoking___",NAG,NGEN,0
C59.453,U r ryt bro,NAG,NGEN,0
C4.2211,I am Waiting for this video 😇🙂😂,NAG,NGEN,0
C4.811,100% Similar opinion. 👍👍,NAG,NGEN,0
C7.2382,nice review,NAG,NGEN,0
C4.968,People are buying bullets,NAG,NGEN,0
C7.238.1,"@TreBonjour his father brings him in and then sends him on a friggin vacation.
If it ended with him not having his license and having to survive without help
from his dad, it would be an actual consequence.",NAG,NGEN,0
C32.133,"The complete message social relationship for young generation movie. Nice
trying",NAG,NGEN,0
C4.124,"Sir, you are amazing ..",NAG,NGEN,0
C4.1248,"I was expecting this from u I have seen this movie but I was waiting for ur
views !!!",NAG,NGEN,0
C10.267,why does bjp bhakts thing that arnab is always right,NAG,NGEN,0
C62.371,Mashallah don Islam dermo it,NAG,NGEN,0
C33.627,The girl's attitudes and conversations are very beautiful,NAG,NGEN,0
C4.1131,"Actual review of the movie starts at
[7:42](https://www.youtube.com/watch?v=N_ZMfQMZos0&t=7m42s) 👍👍",NAG,NGEN,0
C7.709,"Totally agree with you brother , you understand movie so well 🙌🏼🙌🏼🙌🏼",NAG,NGEN,0
C10.1321.4,"Rudra  
Calling her kutti is insult to bitches  
Arundhati is far wretched",NAG,GEN,0
C68.545,Your right,NAG,NGEN,0
C10.135,Well done...,NAG,NGEN,0
C10.650,"she is intellectual?  
damn she should be in jail",NAG,NGEN,0
C4.1203,I Agree with you Sir👍👍,NAG,NGEN,0
C4.799,"Please make a complete RAW ANALYSIS ON THE MOVIE ""JOKER""",NAG,NGEN,0
C59.1670,I like your talking & ranu mondaler ashob kotha gulo bolar thik hoi ni,NAG,NGEN,0
C59.106,Supar 😂😂🤣🤣,NAG,NGEN,0
C7.216,"Hello Partik just watched Spider-Man far away from home I really didn’t
Enjoyed it’s not up to that mark it’s released in New York City so just feel
like to give you review  
  
Rest everyone has der own taste I didn’t like it waste of time 😠",NAG,NGEN,0
C45.625,location please,NAG,NGEN,0
C7.2458,Unsubscribed.,NAG,NGEN,0
C7.2416,"Hi guys .. need ur support .. I make YouTube videos .. I need ur help .. pls
watch share and subscribe 🙏🏻🙏🏻🙏🏻 <https://youtu.be/IHW3y62SoLI>",NAG,NGEN,0
C4.771,"Studying 9:00 am to 7:00 pm daily , not taken a day off since 1 month ,
getting closer to my goal day by day 🙏💪",NAG,NGEN,0
C10.96,AR should be tried under sedation case.,NAG,NGEN,0
C4.1065.1,Palpendiculal in gow,NAG,NGEN,0
C10.212,Kapil needs to study and not be an ignorant fool.,NAG,NGEN,0
C10.416,Arnab do some debate good for people,NAG,NGEN,0
C4.1337.5,"@akshay Viswambharan intentional meaning of this comment was kabir singh is a
surgeon(Doctor) and he does strange things. 😂",NAG,NGEN,0
C4.1623,Bhai article 15 best movie of year 2019,NAG,NGEN,0
C4.645,Please do review on joker which is based on evil of society,NAG,NGEN,0
C7.750,"Best Reply to feminists & liberals .....!!  
[#kabirsingh](http://www.youtube.com/results?search_query=%23kabirsingh) is a
Best Movie....",NAG,NGEN,0
C10.1011,"Third gender also act properly as compare to this type of addicted frustrated
people",NAG,GEN,0
C68.220,Right bro 🙏🙏🙏,NAG,NGEN,0
C7.1829,That's true sir....hats of to u,NAG,NGEN,0
C7.2530,What a dedication for making review,NAG,NGEN,0
C4.561.3,Lol... Yeah. You then have no idea what a Surgeon is.,NAG,NGEN,0
C33.154,"gay boy add me  
+66992346914",NAG,NGEN,0
C4.1667.1,Joker was a great film...I'm pretty sure shwetabh will give great review,NAG,NGEN,0
C10.570,hahahahahah,NAG,NGEN,0
C33.782,Keep growing🙏,NAG,NGEN,0
C45.473,2nd part plz,NAG,NGEN,0
C4.1065.4,"@pranav gohel akshay is in india only for managing his business the moment his
acting carreer flops he'll take all his money to canada and wont return back
unless to attend events and will send his kids to earn in india too and then
return back to canada with money he has earned here",NAG,NGEN,0
C4.1003,"Movie revolves around hero only because name of movie is kabir singh and not
preety sikka.😒😒",NAG,NGEN,0
C4.1667.4,Plz review,NAG,NGEN,0
C4.1962.1,"All shits what Kabir do is on behalf of it's perfection in his Skill..  
So do whatever you want but first of all create a strong base on which you can
fall..  
This is also said by S.sir",NAG,NGEN,0
C58.16,Lol 😋,NAG,NGEN,0
C26.275.2,Salute to this Man!!!,NAG,NGEN,0
C10.775.2,"I think ur comment is also going to be on NSA(natonal security act) portal
best of luck ......",NAG,NGEN,0
C7.2234.5,The Undercover Rock Stars excellent work,NAG,NGEN,0
C33.677.4,I am tomboy,NAG,NGEN,0
C33.799,Nice Actress,NAG,NGEN,0
C33.511.2,pritam kumar hii,NAG,NGEN,0
C4.1965,"Kabir Singh movie is just for entertainment don't connect to this story to ur
life becoz onscreen and offscreen mai bhut difference hai",NAG,NGEN,0
C7.745,One of the best video of your channel.,NAG,NGEN,0
C26.309,"The in-laws of the Bride got paid for their misdeeds. in hindi we call it "" जो
जैसा बोएगा , वो वैसा ही काटेगा l""",NAG,NGEN,0
C4.2236,Nice,NAG,NGEN,0
C7.1653,That is so so so true sir!!!!,NAG,NGEN,0
C7.1740,"Pratik sir at his best👍😂😂👍
[#savage](http://www.youtube.com/results?search_query=%23savage)",NAG,NGEN,0
C4.531,"I didn't hate this movie......but I can understand ....why people are so much
up in arms against this movie......the problem starts when ...people who
watched this movie....starts to replicate behaviour of Kabir Singh ...in their
lives.....and then pose threat to other people around them......that's where
the core problem stems from....
does someone agree..??",NAG,NGEN,0
C58.195,You are nice,NAG,NGEN,0
C10.56,"These people want our country be destroyed. They only want violence and
destruction in the country.",NAG,NGEN,0
C36.856,"I respect homosexuals....but.. homosexuals tend to catch hiv infection...
millitary personal do donate blood.....and also have to donate blood during
emergency or war situation when other person is injured...also there is lots
of blood shed in war which makes infection to being spread  
Conclusion:- no and if recruited there should be complete testing and
prevention of infection...this includes monitoring the sexual activities of
personal (most probably impossible)....thus instead we can invest more in
straight personnel with no infections  
Note:-this is my view ,again
[#nooffence](http://www.youtube.com/results?search_query=%23nooffence)",NAG,GEN,0
C4.589,"I was EAGERLY waiting for a review of KABIR SINGH like this. The TRUE fact
nobody is talking about. Every fucking reviewer and critique are praising the
movie which was really weird for me. I think they are all sold out. They just
don't want hate since all the viewers are chutiya and they are going ham on
any video who give negative review on movie. BUT YOU ARE HONEST.",NAG,NGEN,0
C59.115,😆😆😆l like it ba ba ranu bi,NAG,NGEN,0
C68.1059,Nice video vary good dada,NAG,NGEN,0
C32.113,Nice short film,NAG,NGEN,0
C33.157,Yes sahi bola gay in Right,NAG,NGEN,0
C59.2,Very good,NAG,NGEN,0
C7.839,"I watched Kabir Singh yesterday , best performance by shahid kapoor
[#Superhit](http://www.youtube.com/results?search_query=%23Superhit)",NAG,NGEN,0
C10.658,She is well known Pro.......,NAG,NGEN,0
C59.1736,Right now,NAG,NGEN,0
C4.1088,bro you have great wisdom,NAG,NGEN,0
C59.619,Right bos,NAG,NGEN,0
C59.938,Beautiful video,NAG,NGEN,0
C7.1813,"Honest & Perfect Review Sir, best answer to Film Companion 💓",NAG,NGEN,0
C32.22,This is wrong .,NAG,NGEN,0
C7.1566,"I m extremly feeling bad after watching this..yestrday i commented on Kabir
singh  
  
A weird.heroism  
  
.but now i realised i was wrong..  
Seriously four more shots web series ..veerey di wedding...bs kabir singh.  
An eye opener",NAG,NGEN,0
C7.1657,"<https://youtu.be/sEOVutUpRA0>  
Pratik bhai my humble request please please listen this...  
I know you understand gujarati very well...you will definitely love it  
🙏🙏💓",NAG,NGEN,0
C33.502,But the video has a good meaning and hillerious took,NAG,NGEN,0
C4.267,Very true ! And best analysis covering all things :) great work Bhai .,NAG,NGEN,0
C4.1526,"Subscried bhai.. U said everything thing right, but bottom line is that these
indians mind set never changes..",NAG,NGEN,0
C4.1699,"[16:48](https://www.youtube.com/watch?v=N_ZMfQMZos0&t=16m48s) savage level
100%😂😂😂",NAG,NGEN,0
C7.265,"Absolutely correct .  
Feminism should mean equal rights for both men and women 🙆",NAG,NGEN,0
C7.1682,I was cried at the end of the movie..... Weeped like a child 😭😭,NAG,NGEN,0
C10.231,"why isn't she arrested. She must be put behind bars & prosecuted for sedition
& punished as per law .",NAG,NGEN,0
C10.392,Wht will u debate pathare,NAG,NGEN,0
C7.1002,Pratik Bhai u nailed it. Best video of your channel.,NAG,NGEN,0
C10.431.1,"Wow, finally a sane voice amongst the dimwitted imbeciles in the comment
section, bravo!!",NAG,NGEN,0
C10.584,"Kashmir was independent before partition and it remained independent till now.
Please indians read the contract of kashmir with India. India was only allowed
2 things  
1- Defense  
2- Currency",NAG,NGEN,0
C4.1524,Waiting for book,NAG,NGEN,0
C7.2002,"I'm a feminist and I love Arjun Reddy and Kabir Singh...people who think
otherwise have missed the whole point.",NAG,NGEN,0
C9.309,"Rajdeep true journalist not like ravish Kumar or Arnab Goswami. Both are same
first one leftists other one is rightist but only Rajdeep don't take side he
is true journalist.👍👌",NAG,NGEN,0
C7.1512,Great said,NAG,NGEN,0
C4.2115,Reason to watch Hollywood,NAG,NGEN,0
C4.2149,"Feminism and 3rd wave feminism are two completely different things. 3rd wave
feminism is all about attacking men and misandry.  
And of course Toxic masculinity exists,no one can deny that. 3rd wave feminism
is basically toxic feminism. They're the two sides of one coin.",NAG,NGEN,0
C7.1995,"I agree with you. This is the first video of your's that I am watching and I
completely agree with the hypocrisy of the ultra left liberal feminist
(feminazis).",NAG,NGEN,0
C10.311,Ye buddi kunhei yar? Arundathi Billy ya kungfu kutta? I can't understand yar?,NAG,NGEN,0
C26.243,"there should me a law to punish the people who keep false cases....so that
this type of incidents couldn't happen",NAG,NGEN,0
C10.551,"This anti nation lady is misguiding the peoples and telling lies,arrest this
type of activites",NAG,NGEN,0
C7.1530.1,That's why I watch your every reviews,NAG,NGEN,0
C38.80.4,@ajay bhagat These Gays And Lesbos are Basically Opposing the Laws Of Nature,NAG,GEN,0
C4.42,699 Kabirtard dislike the video,NAG,NGEN,0
C33.626.3,@gabru yeah! You're right i agree with you,NAG,NGEN,0
C33.640,Best vedio,NAG,NGEN,0
C7.1883,10/10 *,NAG,NGEN,0
C4.323,"I have not watched this movie yet. But watching this video only for Shwetabh
bhai.
Edit - I don't watch indian movies.",NAG,NGEN,0
C33.459,"Well, I have found something in India, Lesbian girls are soooo beautiful in
this country, do you agree?",NAG,NGEN,0
C4.196.2,"Those are not said with the intention of disrespecting women, if you cannot
see that, maybe you're blinded by the ideas of feminazis.",NAG,NGEN,0
C10.397,"WE CAN UNDERSTAND PEOPLE LIKE HER HAVE THEIR OWN STUMOC TO FILL AND NEED
SOMETHING TO DO FOR THEIR LIVELIHOOD. BUT BETTER THEY SEARCH FOR OTHER DECENT
BUSINESS FOR THEIR LIVELIHOOD",NAG,NGEN,0
C59.2082,God please give him past life,NAG,NGEN,0
C4.252,You changed your channel name!,NAG,NGEN,0
C4.1410,"It's been 9 years that i went to cinema hall... Because all the nonsense
garbage is in film industry",NAG,NGEN,0
C4.878.2,Here me too,NAG,NGEN,0
C10.303,"She is funded by foreign agencies, incl China and Pak. Don't believe a word
she says. She is foreign citizen.",NAG,NGEN,0
C10.985,"She tells her name as Randi, gandwa as her father, jugaad as mother😂😂😂😂",NAG,GEN,0
C7.1636,Acting.. Direction..Music. Back ground ch .. Screenplay ch sanga na,NAG,NGEN,0
C7.257,Where is the review of kabir Singh..,NAG,NGEN,0
C7.120,Dude atleast trim properly,NAG,NGEN,0
C26.280,well done .,NAG,NGEN,0
C10.460,"Illiterate Feku the Chaiwala and Amit Gunda is destroying the democracy of
India",NAG,NGEN,0
C7.201,Thanos ..... Snape....,NAG,NGEN,0
C68.1168,good news agiajuo,NAG,NGEN,0
C4.1883,Hahahahahaaah,NAG,NGEN,0
C7.1569,"One of the best movie of the year and what a acting by Shahid real rockstar
for me 👌",NAG,NGEN,0
C10.290,"I know arnab is govt funded but on this point I agree that arundhati roy not
required in India.",NAG,NGEN,0
C4.2128,"That's the sad truth, most people are easily influenced in India.",NAG,NGEN,0
C10.12,"Simple....she is funded by People's Republic of China for spreading naxalism
and maoism. She wants India's economic growth to minimize by causing chaos so,
China can easily become superpower after beating USA without having any
competition from India. Every left liberal around the world knows only India
can compete with China economically and militarily which they don't want to
see happening.",NAG,NGEN,0
C4.2080.4,Dude I watched this movie like last week!,NAG,NGEN,0
C67.8,nice drama....,NAG,NGEN,0
C7.2575,Pratik bhai we are with u against liberals,NAG,NGEN,0
C4.1828,Toooooooooo much...respected sir.,NAG,NGEN,0
C4.883,Only the good movie in Bollywood was ' Baby',NAG,NGEN,0
C4.1006.1,"@Rohan Jadhav Ya,if dat is the case,then the loser aashiques all over India
are ""cool""....dose unemployed men who drink alcohol and beat thier working
wives are also ""cool""....!!........Quit bullshiting,mate........m sure dat not
even alcohol can cure ur lack of personality.....!!.....",NAG,NGEN,0
C4.222.1,"@TANMAY jain did you even watch the video? The first half of the video he was
literally explaining that only.",NAG,NGEN,0
C26.342,"@jessicagreenwalt 498a is i.p.c. This code shows how to rob husbands house and
destroy the family. This is most uncivilised law of India and this comes from
America and Britain. Look at the divorce rate.",NAG,NGEN,0
C4.2001.2,Its not petrol... Its crime patrol...,NAG,NGEN,0
C10.202,"Please dump her Bharat know the country of Sita and Savitri not this types of
xyz",NAG,NGEN,0
C10.172,"Can be framed proper right to express, right to speech.",NAG,NGEN,0
C4.637,And i thought I'm the only person who hate this movie. Anyone else👇,NAG,NGEN,0
C33.625,"Hi dear.  
I am Gay boy want some lesbian friend for genuine friendship and documentary
interview.  
Please contact me if any lesbian friend/sister want to give her interview.",NAG,NGEN,0
C33.373,it's really good👍👍👌✌️✌️✌️✌️,NAG,NGEN,0
C33.645.3,"Lesbian,gay or transgender. Whtever.....above all these tags,everyone is a
HUMAN BEING. ..n all is equal in eyes of god....so,,everyone has the right to
live in their own way...its all about love...so everyone is equal n free ....i
totally support all of you...jus avoid any of the trolls.....bless you
....have a good life 🤗🤗👍👍🤗🤗🎀💝🎀",NAG,NGEN,0
C4.1977.1,"Wtever.  
Modern Feminism IS dog shit",NAG,NGEN,0
C4.142.1,"Because ashiqui 2 was remake of Hollywood movie A STAR IS BORN therefore that
movie is realistic",NAG,NGEN,0
C7.98,Love you sir i am from canada,NAG,NGEN,0
C26.262,Nobody can understand the pain of such husbands,NAG,NGEN,0
C4.469.4,Much more complex than Preeti 🤣🤣,NAG,NGEN,0
C4.561.4,Yes..but not possible in real life ..dear😉,NAG,NGEN,0
C59.1953,Nice bos,NAG,NGEN,0
C68.1186,Good Video,NAG,NGEN,0
C63.3,NICE TIPS,NAG,NGEN,0
C7.2191,Don't watch after 12 minutes... spoiler ahead,NAG,NGEN,0
C58.158,So so bad,NAG,NGEN,0
C33.539.3,@kiyara singh thankx 😊,NAG,NGEN,0
C26.101,He and his family was aquitted for lack of evidence in 2012.,NAG,NGEN,0
C10.370,"What a cunning and in actual a idiot women..who thinks she is intellectual..
idiot are people clapping at her idiot propaganda..",NAG,NGEN,0
C32.160.2,Hallo,NAG,NGEN,0
C33.480,"proud to be india and tqq supreme Court for beautiful judgment. And love for
lgbt.",NAG,NGEN,0
C10.343,"This lady doesn't even know that a term in India lasts for 5 years not 4
years. Saali America de yaha hero banne ke liye aayi hai. That's where the
term is for 4 years",NAG,GEN,0
C62.259,She is so much intelligent,NAG,NGEN,0
C7.1267,Awesome movie,NAG,NGEN,0
C36.525,"The process can be tested by taking them in army and recording their
activities which data can be further used for the study on effect of
homosexuality on army efficiency.",NAG,GEN,0
C4.1584,great review sir . hoping more reviews like this.,NAG,NGEN,0
C4.1007,"Can u give kgf movie review  
Becoz u have done kgf trailer review  
Sooo",NAG,NGEN,0
C7.1365,Very nice sir,NAG,NGEN,0
C10.270,"Kasturi what in your dictionary means dissent? Addressing a group of novice
individuals to fill them up with sedation and hatred towards the country and
its policy makers?",NAG,NGEN,0
C4.2004,Learn from everyone follow no one🚶....,NAG,NGEN,0
C4.976,Nowadays shortmovies is far better than Bollywood mainstream movies,NAG,NGEN,0
C33.560.2,@Zain Fatima hi,NAG,NGEN,0
C4.1250,"Men are not above women, but the opposite is also true! We are equal.",NAG,NGEN,0
C59.1857,Nice nice nice nice nice nice nice,NAG,NGEN,0
C33.626.2,Top Sameer punjabi hi,NAG,NGEN,0
C4.1252,Truely true ......,NAG,NGEN,0
C10.530,"321 melt down  
@[15:33](https://www.youtube.com/watch?v=n3d5IlngAMA&t=15m33s) \- Please, for
heaven's sake do not say hyper-bowl! The word is pronounced  
hai-PUR-buh-lee.  
Dizzy disagree. "" I dizz agree with you"". And with dizzying neck and head
moves.",NAG,NGEN,0
C4.354,"I . Just. Fell. In. Love. With . This. Guy's. personality and way of thinking.
🙌 he diced the movie plot precisely. Everything he says is very realistic.
Respect from a Pakistani girl. You go Sirrrr.",NAG,NGEN,0
C10.329,Why the eccentric lady is still in India?,NAG,NGEN,0
C4.990,"Kabir Singh is far better than Hindi garbage movies and hinduphobic chutiya
movies",NAG,NGEN,0
C7.2185,You are absolutely right bro....respect for you,NAG,NGEN,0
C7.2600.1,Go and watch Fing channel videos,NAG,NGEN,0
C45.789.1,@Kishor Biswas hi,NAG,NGEN,0
C4.600,brother please make a video on punjabi songs,NAG,NGEN,0
C58.11,Very nice pic,NAG,NGEN,0
C38.472,Nice video,NAG,GEN,0
C10.218,"Freedom of speech does not give anyone the right to incite people to commit
crimes. Kastori shankar is stupid. Nupur is absolutely right.",NAG,NGEN,0
C4.9,arjun reddy was also a morally ethically destructive film ...,NAG,NGEN,0
C7.2608,"Love your review, first to watch",NAG,NGEN,0
C59.962,osm video,NAG,NGEN,0
C32.160.1,@mr gojiya hlo ji,NAG,NGEN,0
C33.659.4,"I thought that LGBT are minority, so it shouldn't effect much right?",NAG,NGEN,0
C33.619,Nice acting guys mind blowing,NAG,NGEN,0
C7.2451.4,"@Mahesh Thakur Actually pratik is one of the few critics whom we can trust and
he is leading the Bollywood industry and audience in a good direction.",NAG,NGEN,0
C26.332,Such incidences will increase now .... no other remedy ...,NAG,NGEN,0
C4.2093.3,Ya..do one on that too,NAG,NGEN,0
C33.644.3,"Hai I'm watching, waiting for your call. Call me friends. For 377.",NAG,NGEN,0
C7.1492,Deep Analysis 👌,NAG,NGEN,0
C4.1567,"If you can see this man always emphasises on one thing that is to be rational
in every situation!",NAG,NGEN,0
C7.2567,You r awesome 😆,NAG,NGEN,0
C4.2175,i knew it was coming lol,NAG,NGEN,0
C59.1955,You are good good good good,NAG,NGEN,0
C45.571,Perfect captured bro,NAG,NGEN,0
C4.456,WOWE,NAG,NGEN,0
C4.2034,"There is no one character of doctor like kabir Singh..its a movie nothing
else. Bollywood movies has to more improve . They impact negative thoughts to
the whole youth.",NAG,NGEN,0
C10.310.1,Burnol mate?,NAG,NGEN,0
C4.1472,"Bhai 'TUMBBAD' dekho Amazon prime pe hai. You won't regret it. And if you like
then please review it here. It need more recognition.",NAG,NGEN,0
C45.694,"They Are doing for food, nothing more",NAG,NGEN,0
C10.327,This woman is high on some cheap crack.,NAG,NGEN,0
C33.451.2,"And video shows that every criminal has right to crime because we’re born
criminal and if we’re agreed to become criminal than it’s God decision",NAG,NGEN,0
C33.397,M gay n proud of myself,NAG,NGEN,0
C4.1281.2,Its worth watching instead of wasting time on PUBG,NAG,NGEN,0
C4.78,"I think Kabir Singh is appealing to alot of women/men because, despite him
being a naracissistic, abusive, uncivil, alcoholic, woman threatening,
manslut, addict...he's a rich guy, with a rich family and also, he's
apparently a very talented surgeon. If you minus all the wealth and his
profession, and he's a middle class ordinary guy with all the negative
qualities, then it would be a hit episode of crime patrol. It's similar to
those 50 shades movie, the guy is ""hot"" because he has tons of cash.
I have watched the movie to see what the hype is about, honestly, the girl was
blander than Bella Swan in Twilight. And what the heck does, ""I love the way
you breathe"" mean? Goodness gracious.",NAG,NGEN,0
C4.658.5,Getting friendzoned!,NAG,NGEN,0
C59.2350,Yess bro yess,NAG,NGEN,0
C33.384,"I m from pakistan  
Koi pakistan se girl ho to wo mujhse contect kry but i m not lesbo..bs bht
sari dosti or thora thora pyar ho..koi ho to ajao plzzz my dear friend. 😘😘",NAG,NGEN,0
C4.1412,Bhai love u a lot big fan launde kya haal best dilogue,NAG,NGEN,0
C4.1480.2,"@Truthshallsetyoufree some random guy who was born 2000 years ago is your god.
Who doesn't even know what the world is right now in the year 2019 . He is
going to preach me those things which he thought was right 2000 years ago at a
completely different place and time and you think by applying those thoughts
my life would be happy. Get a life Christian missionary, but if you are
getting paid for it then all the best. At the end it's all about self
convenience.",NAG,NGEN,0
C33.16,Nice shayri,NAG,NGEN,0
C7.248,"Boys n girls should have equal rights.  
Whats deemed right for girls should right for boys too n vice versa",NAG,NGEN,0
C7.969,<https://youtu.be/ghDIOlPnaA4>,NAG,NGEN,0
C10.219,Why does someone slap that Kasturi and tell her that it's my discent,NAG,NGEN,0
C4.2144,"It's a Smart Movie for Dumb people.  
\- My Opinion 😁",NAG,NGEN,0
C4.1968,Finally got a logical review!,NAG,NGEN,0
C9.200,<https://youtu.be/2QD6004jEI0> Raghav Juyal on CAB,NAG,NGEN,0
C10.29,Kasturi smells so bad....😃,NAG,NGEN,0
C7.1899,100/100 kabir Singh,NAG,NGEN,0
C47.128.4,Happy Nice,NAG,NGEN,0
C10.773.3,Typical maoist look,NAG,NGEN,0
C36.827,Army need man not LGBT,NAG,GEN,0
C4.2084.1,"@Thicc Man I wasn't talking about her, I just giving you the answer of your
theory on charcter study which is pointless.",NAG,NGEN,0
C7.777,What was the meaning of that two English words,NAG,NGEN,0
C10.636,"Well it's good to see all the citizens of the country fighting against one
another just like the old times before the Britishers came and became masters
of us..Took more than a hundred years to be free and now seems like we're
gonna destroy one another with our bare hands without the help of
British...Well done..",NAG,NGEN,0
C7.1406,for this reason only Bollywood has turn into a garbage industry,NAG,NGEN,0
C59.350,Owo,NAG,NGEN,0
C10.641,Nupul should not scream. It takes away her point.,NAG,NGEN,0
C4.1072,Right bro ...fuck bollywood,NAG,NGEN,0
C4.1454,Also he is topper of college... Kabir singh 🤣😂🤣😂,NAG,NGEN,0
C4.1177.1,Please,NAG,NGEN,0
C10.463,It’s black law period,NAG,NGEN,0
C4.1729,JOKER,NAG,NGEN,0
C59.1605,outstanding bro,NAG,NGEN,0
C10.669,Love Nupur mam...,NAG,NGEN,0
C44.367.2,Thanks,NAG,NGEN,0
C4.155,Best review.,NAG,NGEN,0
C68.810,She is not a perfect celliberity,NAG,NGEN,0
C7.80,"I was on verge of being impressed by your (queer) perspective of almost all
other movies like Raazi and Mulk coz I had opposite take on these 2 movies.
But this one knocked me off. I m done. I can't continue further. God bless you
and your subscribers.",CAG,NGEN,1
C10.470,"Y u r calling this chutiya chopra in debate. He knew nothing. I can't even
gabr him job of poen n my office",CAG,GEN,1
C58.361,Back to railway station,CAG,NGEN,1
C46.50,Glve the weapon in the hands of girls then see the result,CAG,NGEN,1
C55.19,I think she is mental.,CAG,NGEN,1
C43.70,T series and Indian is really gay,CAG,GEN,1
C4.651,**I stopped watching bollywood movies after watching gangs of wasseypur**,CAG,NGEN,1
C7.743,I think you are very depressed. You don’t understand ‘consent’,CAG,NGEN,1
C4.301,true brother...70% bollywood definitely chutiyapa.,CAG,NGEN,1
C7.2463,Perfect name for bollywood is porn Wood or copywood 😂😂,CAG,NGEN,1
C4.450,"No terrorism or any natural calamities would be needed to destroy the
mankind..
If people will like, appreciate and idolize such characters, destruction will
happen automatically eventually...",CAG,NGEN,1
C7.584,Feminists = Modern age facists,CAG,NGEN,1
C7.619,"Also it depends on the audience how they take the movie. Actor was a freak and
because of that he had to deal with the repercussions but people fail to see
that but condone the dominant behavior of the actor. Also don't count every
feminist in that stupid category. I appreciate the romance but not the madness
after breakup.",CAG,NGEN,1
C9.162.1,"@moon star There are some unwanted guests in your house... only you n your
wife are earning ....working hard to improve economic conditions of your
family.... how long will you keep these guests who came uninformed... using
your and your children's resources and contributing nothing to your family?  
Further....These issues are long kept unresolved inspite of supreme court's
suggestion that they should be resolved urgently .....  
Above all what right she has to mislead these guests and tell them ....You
fight with family members and be here illegally.....Shame on us we call her
intellectual.....",CAG,NGEN,1
C68.1120,Ranu mandal is very bad woman,CAG,NGEN,1
C10.90,We should never suppress a totally depraved wacko like Arundati!,CAG,NGEN,1
C7.710,"feminists talk about rights all the time it would be awesome feminists as well
as non feminist also talk about responsibilities",CAG,NGEN,1
C7.431,I wonder what feminists have said after watching fifty shades trilogy,CAG,NGEN,1
C55.73,"I can relate this to some extent with us. I don't understand the motive of
this type of girl and their parents. They themselves are parents how they can
be like this....? How they inspire their kids to torture other fr no reason.
What is the purpose of their life???? It's beyond my understanding.",CAG,NGEN,1
C25.462,"Dear Brothers and Sisters,  
I hope you all get my message well.  
Last year in April I have arranged for my sister's wedding. We all were happy
and had provided some gifts in the form of money and material to (as per their
demand) bridegroom's. After few days of marriage she was beaten by her husband
and in laws for dowry. We tried many times very carefully because we are from
Brahmin society and we can't break marriage. Then after we gone to many times
police action and other things but when we go for these actions they become
innocent and after few days they again start doing beating and torture to my
sister. One day she told ""Bhaiya if I will stay few more day, I will die
because of their torture and painless beat"". Then I have decided to go for
police and justice. We have lodged FIR after so many resistance of police. We
have almost 10-12 wandered for FIR. In May 2017 finally FIR done. But then
police took lot of money from them. Police didn't took single action against
them so that they can feel guilty about their did.  
  
HOW CAN ANYONE SAY POLICE WILL TAKE ACTION SERIOUSLY? NOW POLICE HAS MORE
CHANCE TO DO CURRUPTION.  
  
IN INDIA DOWRY IS STATUS. I CAN BET 99.99% OF MARRIAGE CASE BOY WILL NOT
MARRIED WITH GIRL WITHOUT DOWRY. BECAUSE DOWRY IS NOT ONLY DOWRY IT'S STATUS
QUOE AS WELL.",CAG,NGEN,1
C7.1591,"The so called feminists try to be superior. They are afraid of equality.
Please,bring equality. That's important and beneficial for society.",CAG,NGEN,1
C7.1549.1,"@Ekta Saikia First of all if my words were harsh then accept my apologies...i
am a researcher in engineering by profession and i just believe in the facts
and technical reasons only. so, the behavior of any male is completely depends
on how his parents raise him and what he's been taught at home ,nothing else
can change. Once opinion specially films if we teach everyone that its not
real and its just for fun and imagination.  
Please don't feel so offensive because most of the mans are very good even you
might have friends in boys on whom you can trust. one more thing i like iron
man so, what does it mean...? should i start jumping from buildings to follow
him?  
its about our born brought up lessons madam from which we are quite able to
decide what to learn and what not to...  
by the way if some guy is bad then nothing can be done because he will sees
the negativity around and will do wrong things only, for such persons, jail is
right place.  
[#please](http://www.youtube.com/results?search_query=%23please) understand my
point of view.",CAG,NGEN,1
C7.18,"Other than liberals and feminism the movie has lots of loopholes....if you
don't agree comment back",CAG,NGEN,1
C7.2097.3,"@Devanshu Dodiya it's not about seeing from someone else's perspective it's
about understanding other's perspective......read this twice and think
carefully",CAG,NGEN,1
C7.687,Shame. Such a shame on your part.,CAG,NGEN,1
C7.1586,"Totally waste of time.... This is not a movie review, not at all.",CAG,NGEN,1
C38.448.1,Hello bitch lasagna.,CAG,GEN,1
C7.2139,"Awesome tha sir loved it  
these so called famists are ruining the value of relationship and meaning of
commitment",CAG,NGEN,1
C32.74,"Whoever made this video, will take birth as transgender in his next live. I
wish.",CAG,NGEN,1
C7.174,"Do you know what feminism really is????? I think you are only aware about the
pseudo feminism.and you think that feminists are doing bad for society??
Really?!!!😂😂",CAG,NGEN,1
C25.603.2,😂😂😂 Who made her advocate of supreme court,CAG,NGEN,1
C7.1097,Agree with you!! Nowadays femisnists do such things just to get attention!,CAG,NGEN,1
C43.136,eunuch to eunuchs,CAG,GEN,1
C4.327,"Item songs are ruining our culture.
1 girl is dancing among too many men. It's a so pathetic. and insult of women.",CAG,NGEN,1
C68.1267,I think she is half mad.,CAG,NGEN,1
C33.503,"First stop aborting and killing daughters before birth and stop throughing
them in dustbins then you will have many people for trying",CAG,NGEN,1
C57.8,"There is nothing that I can consider as dance. It seems gradually after few
moments someone feels chulkani & khauzani.",CAG,NGEN,1
C26.266.1,Blind law = Foolish law,CAG,NGEN,1
C4.1307,"**Few chutiyas will still speak Shit, they will say it 's not Shahid's Fault,
look at the Acting skills of Shahid, he was just playing a character of a
spoilt brat, territorial, possessive, self destructive, angry man....dont take
it too seriously, just enjoy Shahid's Acting**",CAG,NGEN,1
C7.1403,"The problem is not the slap scene... the problem is glorification of it!!! And
on top of it in your own words you said that it is not necessary that men
should always be portrayed as saints in movies accordingly it is not necessary
that women should be projected as pure and innocent! Since men have enjoyed
the screen space in movies from the inception of movies and gotten away with
projected as heroic and manly for molesting, suppress or objectifying women,
let our leading ladies have the fun!! Or else let wrong be wrong , no matter
which sex it comes from and stay neutral rather than justifying a male
character and further inflating male ego and their superiority complex!! But
on a more serious note I don’t think every liberals or feminists comes from a
place of hating men just like how every conservative does not come from a
place of hating women!! Let night he ideologies be used where they are
needed!! Why do people have to be so rigid, timid and regressive as well as
extremists in following an ideology ( liberal or anti-liberal) for that
matter!!! Let’s be more welcoming of change for better and accommodating of
age old traditions which are actually good and holistic!!",CAG,NGEN,1
C4.2216.2,They are bhaavook emotional chutiyas!!!!🤣🤣🤣,CAG,NGEN,1
C4.925,"They can redeem themself by releasing another movie from pov of preeti showing
all abuse and her being dumb.",CAG,NGEN,1
C7.211,"I have watched this movie yesterday i don't feel anything wrong but the way
kabir approaches priti was not good.",CAG,NGEN,1
C7.905.2,"@Sam J i think, either you don't know english or you simply don't want to
understand. i clearly said that i love equality and also answered you when you
asked about superiority that i never consider myself above any women or men as
i believe in equality. even though comment like ""these people don't know"",
what is this? God bless you.",CAG,NGEN,1
C10.384.1,"Lutyens go to hell  
But Baniya modi shah go to the center of the earth. They are disgrace to
humanity. Gandi soch on hindu muslim of baniya modi shah",CAG,NGEN,1
C7.1307.1,"@Kya Bolta Hai thanks bro. But I don't want to watch a movie which glorifies
alcohol abuse and toxic masculinity. The trailer itself creates anger in my
mind. Better to skip it. Don't have anything against others who watch it.",CAG,NGEN,1
C33.579,Overacting,CAG,NGEN,1
C7.1825,"According to them it has a bad impact on society as it is glorifying alcohol
and drugs..like after watching gangs of wasseypur people started killing on
roads randomly 🤣",CAG,NGEN,1
C7.2463.2,"South Indian movies also remake Bollywood movies , but yeah most flims of
Bollywood now are shit",CAG,NGEN,1
C7.2275.1,@Pratik Borade Lekin Pratik sir I am against glorifying him,CAG,NGEN,1
C10.384.4,She must have a Pakistani father whose blood she inherited.,CAG,NGEN,1
C58.159.1,"What the fck ""his"" lol stupid i think its her",CAG,NGEN,1
C26.354,"cont... Our extraordinarily lethargic and incompetent judiciary drag these
false cases for years though they very well the truth. All these years
husbands and their family members live life like hell. They are blackmailed,
extorted, threatened of life. And all this in the name of fake empowerment of
women because this serves halwa-poori to the senseless Feminists. Why the law
should be gender based and not the crime based? Look around honestly and see
who is more victimized: men or women.",CAG,NGEN,1
C4.640,"Completely honest review. We need such honest people in today's generation who
can show us how these industries are brainwashing the youth. Twisting the
emotions and feelings just to propagate their sick agendas, and make more
money. Humanity is at stake. We need people like you to keep the youth on
track. Well done sir.",CAG,NGEN,1
C4.60,"Beautiful movie and I don't care about the social impact. If you think like
that movie like joker martin scoresee and others movies will be bad",CAG,NGEN,1
C4.1744.3,"We all knew that the movie was a little over the top. The main issue was the
selective outrage from the Feminist brigade. They critise certain movies that
potray male lead characters as Dominant and vile. But at the same time they
encourage toxic female behaviours in movies . Who treat Their male
counterparts as DOG SHIT  
  
We somehow had to defend Kabir Singh  
There was no other way around",CAG,NGEN,1
C4.960.2,So then why he signed the movie???,CAG,NGEN,1
C4.794,"Is anyone out there in the Bollywood daring to make a path breaking
psychological or sci fi thriller without imposing any propoganda or portraying
all men as stupid lovers like they have nothing to achieve more than their
soulmate that too without imitating a Hollywood movie?",CAG,NGEN,1
C7.2027,"Sir i respect u very much. But i am here for kabir singh review not for
liberals people review. Plz review the movie. Thank u.",CAG,NGEN,1
C59.1629,Attitude and attitude,CAG,NGEN,1
C26.329,"s this is what happen, if 498a is not controlled. Man this nation is going in
path of falling in pit of shit. The young Man Lifes are in risk because of
498a. Beware before getting married. marry ""good women"" not ""Devil"" because
Devil will able to change face anything anywhere.",CAG,NGEN,1
C4.905,"After so many days I see this chutyia face. wow yar u are remain same chutiya
as much as you were before. Get well soon.",CAG,NGEN,1
C4.850,"Sir I truly hated this movie because I really face kabir singh in real life
and face and bear all the consequences .",CAG,NGEN,1
C43.139,"Sb pagal sexual tharki log hain gay, lesbians.
Dats pure lust not love..i wonder if mother nd father needs any law to show
their love?
My brother, my father loves me widout any law imposed by sme gay cji deepak
mishra.
U dont need to be gay or lesbian to love sme1..u only trying to satisfy ur
fuckin sexual realtion by hiding behind sme LGBT laws.",CAG,GEN,1
C4.529.4,"What nonsense.
The illiterate people have ethics. The ones who are brainwashed with all the
shit going arround in the world, might be the ones who are physopaths.
But none, with some sense, like violence agains any kind. So stop assuming
bulshit.",CAG,NGEN,1
C7.1048,"Hello Pratik,  
You have said in multiple videos about the importance of having an opinion and
the right to express that. Now an opinion depends on different thoughts,
situations,beliefs,background,relationships,experiences etc on a very personal
level. Difference on every aspect of life is the beautiful essence of the very
existence of human being. I, personally agree with many of your thoughts but
at the same time dont agree with some opinions. My question is why is it so
important to put a tag or lebelize the ones who have different thoughts or
dont agree with yours point of view? Why does everybody (who dont share the
opinions as yours) have to be a 'feminazi', 'liberal' etc? Dont you think we
should be respectful and polite to viewers ( more so because we are all
educated and well read people) in a public domain? Aggression is good when
applied cleverly and certainly not in unidimensional rage.  
Where is the Pratik who used to review The Apu Trilogy with love, care and
utmost sincere humility?",CAG,NGEN,1
C33.659.2,"KK no problem because the population is aldready 130 crore. If this country
can reduce it further by LGBT a little bit without trouble what is the
problem?😂😂",CAG,NGEN,1
C4.565,I badly agree with you,CAG,NGEN,1
C4.816,"Your opinion exactly matches with my opinion when I have seen Arjun reddy.
Original version of Kabir Singh. It's the dumbest film lack of heroism.",CAG,NGEN,1
C7.2133,"1 feminist is on trending list , this is reply to her & u nailed it sir",CAG,NGEN,1
C32.97,"totally wrong story...i doesn't happens..he shouldn't killed his wife...He has
to tell his wife everything about him rather than to do this crime...i think a
real gay couples never do [this.It](http://this.it/) was just imagine story
that doesn't exist nd can't happens in real [life.so](http://life.so/) i don't
like this movie.. That's why l'm disliking this movie.",CAG,NGEN,1
C33.498,"l g b t is not gud for anyone because the meke a very bad desses Wich harmful
for non LGBT its too dangerous for comen people",CAG,NGEN,1
C4.749.3,"@Aspect Kracken we would love to know your opinion about Veere Di wedding. How
many girls became like those 4 from the movie??",CAG,NGEN,1
C10.773.2,"She looks like a fox from a drought affected area............she is bitch not
brought up by a good parents",CAG,GEN,1
C7.454,"Bhai bahut sahi Kaha aapne. Liberals and feminists have become clowns of the
world. They have problem with everything. I'm a big fan of you and your
honesty.",CAG,NGEN,1
C4.1372,"if movies are like our real life why making movies then ? no entertainement ,
unique problème is just we have to learn that this is not reality and we have
to stop being madarchod",CAG,GEN,1
C7.787.2,"@Samy ThakurYou are just turning a blind eye on the real issue.Feminism now
doesnt mean equal rights,now it's just a way to spread hate.check any recent
event and while we are at it liberalism too has become just a word but what
these liberals are doing is trying to break India",CAG,NGEN,1
C4.308,Trailer hi jhand tha. Bollywood is garbage except 10 ℅ movies,CAG,NGEN,1
C7.596.1,"@Meghna S you are mixing things..Sanju was a biography.. And the director had
to show Sanjay duty's life.. so ppl have truly criticised Sanjay dutt for
doing wot ever he has done in lyf.. But this one is a fictional movie.. Here
director had the scope to show wot ever he wanted to show..  
Working with mass media is a great responsibility.. Director s should be more
careful about that.  
Are regarding hypocrisy.. we should learn to respect every kind of opinion..
judging people's opinion and tagging them with names are unnecessary..  
This channel specifically is to review movies and we all come here for that..
Do you really think this kind of vedio was necessary??  
Or shall we take it as a paid publicity stunt!!!!",CAG,NGEN,1
C7.908,"Leonardo DiCaprio purchase his on screen wife in Wolf of wallstreet.  
feminists = OMG leo is so handsome he deserves Oscar for this.  
Shahid kapoor plays an intense role of kabir Singh  
Feminists = this is misogyny, patriarchy male dominance,
chauvinist,supremacist...L&L",CAG,NGEN,1
C9.30,Politics + Media + Religion + nuclear weapons = destruction,CAG,NGEN,1
C7.2460,"we don't expect better than this from the people who watch ""Bhai"" films",CAG,NGEN,1
C7.866,"Now a days you talk more about feminist and liberals rather than taking about
the movie 😂",CAG,NGEN,1
C4.395,"I keep stay away from such movies
[13:26](https://www.youtube.com/watch?v=N_ZMfQMZos0&t=13m26s) best ^_^",CAG,NGEN,1
C7.2054,"Bhai achha hua un randwo ne Arjun Reddy pe review nhi diya wrna Sandeep wanga
sir apne masterpiece pe in liberals ka reaction dekh Arjun reddy se jyada pina
shuru kr dete😂",CAG,NGEN,1
C10.736,"This Roy lady should not be allowed to enter India ban her she is dirt messing
with true Indians Jaihind",CAG,NGEN,1
C4.284,Indians are obsessed with movies,CAG,NGEN,1
C4.839,Biggest chutyea on YouTube,CAG,NGEN,1
C7.2207,"Lmao 🤣🤣🤣 Bhai World doesn't revolve around these bunch of fools, the best
thing we could do is IGNORE and PROGRESS, all they want is attention! if we
don't give that THEY'LL CRY . let's promote and practice our culture ,
sanathana dharmam full on! we'll progress. you know what watch the some of the
best Telugu films which is filled with our culture, and few movies are old but
make reviews on this people will watch and admire it and i'm sure you'll enjoy
it ,  
  
  
\- SHANKARA BARANAM,  
-SAGARA SANGAMAM,   
-GODAVARI, KHALEJA,   
\- SWATHI MUTYAM",CAG,NGEN,1
C38.509,"Lol....gaav walo Jaisi shakal walo se puchoge what can you expect ....they
can't see beyond their black penises...!!",CAG,GEN,1
C10.439,"Is Arundhati in league with the Wahabi  
Groups trying to dismember India?",CAG,NGEN,1
C4.637.3,"Yess i liked the performance of ONLY shahid... But hated hated hated this
shitty movie... I hate it more after watching it's director's interview with
film companion... He's crazzzy and himself a Kabir minded",CAG,NGEN,1
C4.1743,Bollywood is immature ironicly its distructing us,CAG,NGEN,1
C32.66,Bad message and a bad film,CAG,NGEN,1
C7.1083,"You should research on what is feminism and feminazi rather than spreading
your illogical views.",CAG,NGEN,1
C7.2414.1,@Ŵèřęŵøłf • more subscriber does not mean big brain!,CAG,NGEN,1
C7.911.2,"To be honest. Your thinking is your own opinion.. it does not mean it is
fact/reality. though i respect your opinion i think u shuld also learn to
respect other opinions as well.",CAG,NGEN,1
C4.336,"It’s correct way to serious........or literally This movie is
meaningless...............😇",CAG,NGEN,1
C10.495,All it takes is one Malayali woman to bring down the entire nation.,CAG,GEN,1
C7.2562,who cares activists......Don't give them too much emphasis on them....,CAG,NGEN,1
C9.31,"Did Rajdeesp know that NRP was already discussed debated and passed in
Parliament house  
He says he not like word urban Naxal  
Did he ever condemn chowkidar chor of rahul gandhi",CAG,NGEN,1
C32.50,"Probably the most wrong video on YouTube ever. Seriously what kind of
intuition or message is cascaded by this.Get this video down.",CAG,NGEN,1
C10.450.2,"Why do you think west gives nobel prize. It is for people who side with them
and fulfill their agenda.",CAG,NGEN,1
C7.596.2,"Similarly liberals also should stop bashing everything else. It's a mutual
coexistence.  
And to be true, liberals are hypocrites. We saw liberals silent during Sanju
movie release, now with Kabir Singh they have problems.  
So really can't trust their motive",CAG,NGEN,1
C4.2216,Who are these people who dislike even before watching ?,CAG,NGEN,1
C4.641,I hate too this movie,CAG,NGEN,1
C7.12,"Most non sense review . Wrong conception from movie and you.  
Really surprising coz I liked it other review videos",CAG,NGEN,1
C26.265,3 dislikes ....seems three the those wives who have filed false case,CAG,NGEN,1
C32.10,"This film about gay people is rubbish. How could you come up with a horrific
video like this. Shame on you.",CAG,NGEN,1
C7.2542.2,"Funny how it just happens in North India especially hindi speaking states.
Destroying Hindu culture is fashion, Salman Khan can run over people and kill
animals no one will say anything. So funny north india",CAG,NGEN,1
C7.1421,"This movie tells us that if fall in love with someone and she is not with you
than need to do is drink and drink again and again that's all",CAG,NGEN,1
C7.2438,"This movie is just a waste of time. This Movie is only movie for immature
people who don't distinguished between love and lust.",CAG,NGEN,1
C10.8,Ranga Billa parents of leftists and lutians.....,CAG,NGEN,1
C4.348,I hate Bollywood movies 😬😬😬😬,CAG,NGEN,1
C4.730,"I totally agree with you. You nailed it. Kabir Singh should not be celebrated.
It gives wrong message to the people. Finally watch someone criticised this
film with a swag and you raised very valid points. Supporters of this film
will have no place to hide and no counter arguments left.",CAG,NGEN,1
C7.1858,"Three words for those liberals who think they can change my mind according to
their view  
""I Don't Care""  
Because I don't permit anyone to impose their thought on me.",CAG,NGEN,1
C7.1488,That's why i stopped watching film companion movie reviews...,CAG,NGEN,1
C7.2065,"My previous comment:  
  
I don't think it's right to forcefully insert topics of feminism and liberals
in every video,  
it shakes the moral purpose of the video i.e. movie review.  
  
  
  
  
  
After watching for 5 mins:  
  
  
  
Your videos are great. You are great !  
  
Jai Hind ! Vande Mataram 🇮🇳🇮🇳🇮🇳",CAG,NGEN,1
C7.859,"Ye kuch reviewers, (Quint, Film Companion) is movie pe tut hi pade hai jaise
ye pure Bollywood me sabse kharab movie ho. Wo log bol rahe hai ki, Preeti ke
character ko bahot submissive bataya hai. Mujhe to nahi laga dekh ke. Infact
she was keeping her points, and stuck to them. Your analysis of other's
opinions is exactly correct. Great review.",CAG,NGEN,1
C26.299,"As you sow so shall you reap... Innocent husband has been prosecuted against
Legal Terrorism and he had shown the actual meaning of it...! Well done...!!!",CAG,NGEN,1
C33.659.5,"Yeah right, because tigers can sign a legal contract. Idiot!  
Besides, decriminalizing gay sex doesn't mean gay marriage is legal yet.",CAG,NGEN,1
C33.451,Cheapest message I ever seen in YouTube,CAG,NGEN,1
C4.409,"In kabir singh movie He decided Kaira as his gf without her concern, What a
level of female empowerment.",CAG,NGEN,1
C4.789.1,Emotions must be analysed. Or you're literally the slave of your emotions.,CAG,NGEN,1
C7.36,You are also not totally pure. You are exaggerating so much.,CAG,NGEN,1
C46.159,"Liquor should be totally banned. Administration and police must be strict and
such actions should be dealt with iron hand. People should be alert and aware.
Bengal is fast becoming hell.",CAG,NGEN,1
C7.122,"Not liberal opposing but people of Bajrang Dal, Shiv Sena, Karni Sena & anti
romeo squad gang opposing the movie",CAG,NGEN,1
C33.564,Gay sex should be banned..........,CAG,NGEN,1
C32.52,"bull shit .  
you fucking mind. gays are not criminals. this video showing wrong image",CAG,NGEN,1
C33.284,"those who r promoting this, i wish their parents were also in favour of that
so those stupids wouldn't have been born.",CAG,NGEN,1
C26.282.1,"Yes u are right...but 90 % of men supports women without knowing anything
about and these men do not know what are happening on men by women all over
the country....",CAG,NGEN,1
C4.384,Bakwas movie..bt Shahid Kapoor's acting was fantastic,CAG,NGEN,1
C26.266.2,"They killed husbands parents....they destroyed life of this man.. so they have
to be punished like this totally agree",CAG,NGEN,1
C7.1042,"I don't have problem with the love part of film but with the gross negligence
in his profession that too as a doctor",CAG,NGEN,1
C7.1413,"[#BestReviewer](http://www.youtube.com/results?search_query=%23BestReviewer)!🔥  
[#Logical](http://www.youtube.com/results?search_query=%23Logical)  
These feminists and liberals are...immature....don't know,why do they go to
watch adult movies when they are not matured.",CAG,NGEN,1
C10.78,"Does this Arundhati Roy have a brain? She is being seditious urging the
members of the Indians at large to provide false information to the Government
in the serious business of organizing and putting order to run the country.
What's her business in this? She should be mailed.",CAG,NGEN,1
C4.91,"Every one in the world got flaws and who argues against is an hypocrite just
like you asshole. An movies are based on how engaged are you watching the
story and characters response to situation, not judging their morals... How
dumb are you? I really thought this is a good channel.",CAG,NGEN,1
C7.829,"Hello mister....kabir singh is a achi cheez...u don't know how many family are
destroyed by drinking.....",CAG,NGEN,1
C4.895,"First of all we have to watch movie for entertainment only..every time we
can’t judge movie if we are not getting anything from it(i am talking about
individual)..i am agree with Shwetabh bhai for some opinion but Kabir Singh
has lots of other elements to analyse..Basically movie main character ke point
of view se dikhayi hai aur movie dekh ke hum apana dimag kharab kar rahe then
i am sorry hum movie aur real life ko samaz nhi rahe hai..you have to be very
practical about yourself,society,movie and reviews like this..end of the day
life money pe chalti hai not these movie..again person to person differ karta
hai..it’s not about right or wrong but different perception only.",CAG,NGEN,1
C7.1539,"Toxic feminism is the best comedy ever happened to the world. And now INDIA
has it too so let's have fun with it😄",CAG,NGEN,1
C10.384,"Seems like arundhuti's mother lied to about her father also , I mean whom she
thinks her father 🤣",CAG,GEN,1
C7.2441,"channel was started about movie reviews and slowly it goes political drama
channel",CAG,NGEN,1
C7.905.3,"@Rishita Pandey and yes don't need your certificate of feminism. my family and
all close ones are most happy with attitude and behaviour so f#'£k off.",CAG,NGEN,1
C68.944,Arokum mohila very bed,CAG,NGEN,1
C26.357,"When the law doesn't deliver justice, citizens take the law in hand!!!",CAG,NGEN,1
C9.291.4,@ajay singh By using this trick they are trying to divide us..,CAG,NGEN,1
C33.306,"NYC with video ... N now a days boys only want tht shit soo call bed tym n all
it's better...",CAG,NGEN,1
C58.8,"What you can’t stand someone trying restart their life. I think you’re fucking
jealous",CAG,NGEN,1
C4.454,"You are true. But people should understand that they are going to watch a
movie that is only for entertainment. I think wise people don't get influenced
by such movies. People also loved the movie due to shahid kapoor's acting. He
should also play inspiring movies too. All those actors who have list of
garbage movies, also have played inspiring movies too. The only problem is
that the list of good movies are less. So, the main problem is that the most
of the people want excuse for themselves and act like movie characters. Some
people don't even realize that they are getting influenced. And some people
are followers of those group who can't speak out like swetabh sir 🤣🤣🤣🤣 even if
they know the truth 😆😆😆",CAG,NGEN,1
C4.1188.2,Great way to justify an unreal character as if he is your father,CAG,NGEN,1
C7.2414.4,"@Gaurav Shrivastav True. But Film companion has more subscribers, more
audience. If they put up such negative views on society it's better to oppose
them.",CAG,NGEN,1
C9.301.3,"@shahzeb khan  
  
Jehadi spoke",CAG,NGEN,1
C25.583.1,Yes so ppl like u can take dowry with an open hand.,CAG,NGEN,1
C7.887,"Man I couldn’t agree more.. each n every word wch u said here is the same
thing I thought wen des so called feminists wer barking..!!",CAG,NGEN,1
C4.878,I just really really hate THIS GUY,CAG,NGEN,1
C26.352,"I congratulate the brave husband for taking such a brave act. I am also the
victim of 498a. I cant take this step for the sake of my son who is under her
unlawful custody. Since one and half year I am suffering from this agony. I
will fight till the end but not compromise.",CAG,NGEN,1
C7.810,"I want to ask Singer like Sona Mohapatra But tell me one thing, when u sang
""bedardi raja zara paas to aaja"" ...were u singing lulaby? What were u
promoting? I liked the song, nice voice nice beats.. that's it. U must have
put your best to sing the song. And remember ur husband, Mr. Ram Sampath
creating music for Delhi Belly...rember the "" Bhaag Dk bose"" song. What was he
promoting? Shahid Kapoor has acted brilliantly. Praise his acting skills the
same way u took the accolades for ur song. Going by your logic, people who
watched 'Gangs of Wasseypur'..they must have gone on a killing spree...using
filthy language.. smoking weed...",CAG,NGEN,1
C4.637.2,I also hated ths movie,CAG,NGEN,1
C32.127,Shitty story. One transgender is going to have x with a gay man?? 🤣🤣🤣,CAG,NGEN,1
C4.423,This review is shit,CAG,NGEN,1
C46.58,We want banned of alcohol in West Bengal.,CAG,NGEN,1
C7.1889,"I have not seen this movie but I am trying to imagine the marriage of the lead
characters.. Kriti dead because of angry Kabir 🤣  
  
Obsession is never healthy..we see so may extramarital affairs and other
issues in our society because of this..this movie is fiction only",CAG,NGEN,1
C7.2202,"Prateek, bulls eye! You just shut them up nicely",CAG,NGEN,1
C4.381,"I totally agree on all the points highlighted by u sir, but i would like to
add a point. According to me the movie exhibits why one shouldn't be like
kabir. It unveils how a person looses everything he loves just bcoz of his
attitude and reverts only after slight improvement in hid attitude",CAG,NGEN,1
C7.1212,I am in awe of your ability to turn every film review into anti-liberal rants.,CAG,NGEN,1
C68.1267.1,She is totally mad,CAG,NGEN,1
C4.1236.2,"And i became an anti Feminist 😂✌🏻  
The way Feminists attacked this movie made me MAD",CAG,NGEN,1
C10.76,"Arujdati Roy is a cocaine addict . she's only doing it for money to buy more ,
because she ran outta money . such a pity.. take her to deaddiction centre .",CAG,NGEN,1
C4.1269,"Bollywood and indian emotions are worst. What we do in relationship is not
love it is chutiyapanti",CAG,NGEN,1
C25.609,"How dumb neha gupta is !who is saying u can't arrest but only in genuine cases
not otherwise",CAG,NGEN,1
C7.62,"I watched it yesterday and frankly speaking I didn't like it much. And let me
clear I am not feminist. Actually strongly hate fake feminism. Hero heroine
love each other, but the family don't want them to marry, heroine forced to
marry someone else, hero turns devdas and finally in the and they met, live
happily. The storyline is now cliche and outdated but the makers of the film
added rage, kissing scenes, lots of alcohol and stereotype ending. Nothing
new.",CAG,NGEN,1
C7.719,"Are u a Movie reviewer ?? Or social activist ??? Pls review Movie keeping your
political and social agenda aside",CAG,NGEN,1
C10.715,People like Arundhuti Roy should be deported to Pacific Ocean,CAG,NGEN,1
C4.71.1,"They only want to gain some fucking views remember tere naam scene in which
criminal salman khan convince his love by kidnapping heroine no one did even
mention about that scene.",CAG,NGEN,1
C7.596,"Plz stop misinterpreting public reaction. No body spoke against celebration of
true love.. ppl spoke against how is it presented in that movie.. Ranjhna also
showcased passionate love.. No body spoke against that... Libarism is the most
inevitable upcoming change of society.. Other than bashing and being
frustrated about it try to accept it...",CAG,NGEN,1
C7.2309,"Review kahan tha bhai isme entire video was just about the arguments regarding
feminism...  
I was expecting your regular kind of review of the movie...and you make
separate videos for such discussion.  
Don't get me wrong..I am your follower since starting but its my request make
separate videos for review and opinions regarding other issues..",CAG,NGEN,1
C7.470.2,"i guess simple girls r digging their graves, coz nobody likes dem😟",CAG,GEN,1
C4.2195.3,"@Parcheta प्रचेता no you are not alien, everyone is different in one way or
the other.",CAG,NGEN,1
C7.343,OMG!!! 2k dislikes from designer liberals and feminazis 🤣🤣,CAG,NGEN,1
C43.166,"Good, ok homosexuality is legalised, but don't showcase in in by public, be
normal like every other human being, if you have to do, go together in a room.
But don't act like despo. In public it looks odd and ugly",CAG,GEN,1
C7.1041,"Yes his license cancelled for five years but is that enough for all his
negligence",CAG,NGEN,1
C7.2223,"The main point of the movie was about a guy with anger issues who is unable to
move on from someone whom he truly loved. They are separated because of the
prevailing stereotypes. Sandeep Reddy Vanga has studied psychology himself,
and he beautifully presented a story about a brilliant and intelligent
surgeon’s downfall and his resurgence. The scene where he doesn’t want to
plead not guilty because his professionalism is the only thing his father
respected about him is very emotional and brings out the good nature of
Kabir/Arjun.  
  
But liberals ko ye nahi dikhega. We live in a country where student life in
college is shown in expensive cars, flashy dance numbers, with all the
students looking like they just finished FHM or Maxim photoshoot but despise a
film about a true and genuine love story!",CAG,NGEN,1
C7.477.2,"There is nothing in this movie that can amaze any boy specially for girl this
movie is may good ..coz after having so many x they finally want that some one
new came & accept them with their dark secrets that y females are liking most
this pethetic pies of shit ..and the respect of a female Dr vanish from a
common man view ! That's it !",CAG,GEN,1
C4.718,"you spoke my mind very brave and unbiased opinion , many like bollywood t*tti
masala parata ... and they idolize these idiots , without realizing that these
actors are using the sheep crowd oly for money and fame",CAG,NGEN,1
C4.801,"There's a reason why actors are called as ""heroes"" In India. Idk what people
are going to learn from such a terrible character.",CAG,NGEN,1
C68.561,That is not ranus fault that is her education fault,CAG,NGEN,1
C26.304,"Bravo Jahangir Bhai...great job...let law, police and these bloody feminists
learn lessons...men will be men...I don't see any problem with his anger...he
did right...congrats ...",CAG,NGEN,1
C33.657,"You are illitrate people. Hahah supreme Court didn't approve same sex
marriage. It just allowed sex in privacy and you can happily walk on the road
with your partner.",CAG,NGEN,1
C4.504,If man thinks without any involvement of sex the world would be different,CAG,NGEN,1
C4.767,"I was very curious about the way this film became so famous so thought of
watching when it premiered in tv.
I got bored by interval.
I am really shocked how this movie was liked by so many people.
I agree with you this movie is far from reality and this feminist arguments
are also senseless.
I didnt like it a bit ya seriously.",CAG,NGEN,1
C4.659,"Absolutely right Man... Bollywood has fooled the generation...we are trapped
and don't want to realise that Bollywood is a core objectification of men and
especially women....and there chutiya launde, who are good for nothing but
able to buy a movie tickets, dreaming themselves as Kabir Singh and want to
replicate his actions in society....

I could not imagine what will happen when all youth turned to be kabir Singh
as this is what movies want to show..

At the end, thank you a ton for making this video and I really appreciate your
efforts to give some sense to the unguided youth....keep continuing your best
work ...I want to see one billion/💯 crore subscription for mensutra....I am
highly recommending your channel to my friends n family and to all
youth....best of luck and lots of love...",CAG,NGEN,1
C10.517,"More we look at this woman Arundhiti , Am convinced , she is the reincarnation
of Ravan's sister Supernkha..",CAG,NGEN,1
C7.581,"In the movie, Kabir Singh has slapped one woman. In real life, Kabir Singh has
slapped hundreds of feminists who are just not able to come to terms with his
masculinity.",CAG,GEN,1
C7.2020,"These liberals and leftist are worse than Transgenders because till
Transgenders have some their morals but leftist and liberals don't have.  
They have to live with transgenders and should learn some lessons from them.",CAG,GEN,1
C4.132,"Falling in love at first sight basically means that you are a really horny &
shallow person.",CAG,NGEN,1
C7.187,"Why do people take movies so seriously?? Haha.... Just grab popcorn, watch the
movie, enjoy and fuck off.",CAG,NGEN,1
C7.2120.1,"Initially he talks about hindu and other topics ......  
What about background music, cinematography, music, character....",CAG,NGEN,1
C10.53,She's the sister of Mamata,CAG,NGEN,1
C4.382,"Bollywood Kabir Singh
Swetabh gangwar bhosdike
Most genuine channel on YouTube",CAG,GEN,1
C7.173.1,"""We are a generation of men raised by women, i don't think a woman is the
answer we need""\- Brad Pitt (Fight club)  
Feminists would be like ' how dare he say that, women are the lifesource of
men & its
disrespectful....[#metoo](http://www.youtube.com/results?search_query=%23metoo)
[#destroyManhood](http://www.youtube.com/results?search_query=%23destroyManhood)",CAG,NGEN,1
C4.447,"Bollywood is basically 10 percent people want ro set a narrative of this
nation that nobody with a brain wants",CAG,NGEN,1
C38.411,"Tht uncle who is shown at
[0:52](https://www.youtube.com/watch?v=ZzsAuDkXq1M&t=0m52s) looks like those
uncle pedo's who fucks lil boys from his family.",CAG,GEN,1
C10.773,Wow! She looks like a deranged homeless person!,CAG,NGEN,1
C7.1143,"It's a love story of two Chutiyass and a true friend who always supports you ,
also in worst phase of your life EVEN you are a total asshole .",CAG,NGEN,1
C7.1144.1,congratulations!! Drink some soy milk beta male libtard.,CAG,NGEN,1
C4.256,I don't know really people have very poor choice,CAG,NGEN,1
C4.512,"Movie is all crap!!.... But Shahid's acting is all i like in it!!!.... Raddi
story...",CAG,NGEN,1
C4.452,"You're watching the movie in a completely negative way. I get it that it does
have a negative impact, but you're not giving a balanced analysis.",CAG,NGEN,1
C7.1496,"I think ye banda apne views badhane k liye aise reviews deta hai.. I mean all
the time he links everything to hindutva and feminism",CAG,NGEN,1
C4.121,"Just what you need... when you watch a hyped movie and you are the only person
who see absolute nonsense in the characters of the leads... and when you speak
the same to people around it’s all about Shahid ki movie thi.. absolute
rubbish ideas being served in the society via movies....",CAG,NGEN,1
C7.2049,Best reply to sucharita tyagi the fake feminist,CAG,NGEN,1
C26.336,"It’s a weapon to woman to legally abuse a man without the woman getting in
trouble with the law for abuse. Is the politicians so desperate about making
love to woman that they will put up with this kind of law?",CAG,NGEN,1
C25.506,ravish Kumar doesn't know the ABC of journalism,CAG,NGEN,1
C7.173,Imagine fight club has been released now. What could be feminists reactions?,CAG,NGEN,1
C59.1227,"I don't know y I think she don't know hw to sing bt I respect poor people n I
don't like attitude",CAG,NGEN,1
C10.515.2,"she was sleeping with ranga and billa and that swara baskhar was fingerring
herself watching her😂😂😂",CAG,GEN,1
C7.1881,"You are not wrong, you are just ignorant.",CAG,NGEN,1
C4.285,"It seems you didnt understand ""Kabir Singh"". Also, it looks like you lack
basic knowledge to review a movie. Kabir Singh is a powerful movie. I know it
has got its own faults but nevertheless a very raw movie. Also some points
raised by you are valid where as others are just bullshit. We Indians like to
watch stories of others, especially love stories. If you want to watch real
stories then better stick to news channels,NGC,discovery and documentaries
etc. Kabir Singh is an offbeat manic love story which you cudn't understand.
Watch the movie once more you will get answers to your questions.",CAG,NGEN,1
C4.71,"Mfs Saying Kabir Singh has toxic masculinity, where were you when Ranjhanaa
was released, that Sonam slapped Dhanush unnecessarily isn't that toxic
femininity, take Judaai for instance, sells Husband for money, is that ethical
and good for a man coming from a woman",CAG,NGEN,1
C4.774.2,"Bollywood also made great movies like super30, chhichhore, war. Better try to
watch good movies instead of shitty housefull4",CAG,NGEN,1
C4.1649.1,"We all knew that the movie was a little over the top. The main issue was the
selective outrage from the Feminist brigade. They critise certain movies that
potray male lead characters as Dominant and vile. But at the same time they
encourage toxic female behaviours in movies . Who treats her male counterparts
as crap shit  
  
We somehow had to defend Kabir Singh  
There was no other way around",CAG,NGEN,1
C4.933,"when i saw this movie on the first day a book my air ticket for Hyderabad,
when i came here i found a pic of her with her friend that is called he is my
best friend only and we didn't do anything. My life fukcs me daily here and
after 3months of the incident she broke up with me.",CAG,NGEN,1
C7.93.4,"@Pratik Borade atleast give some genuine reference, self certified video ka
kya karenge??? And conservative means who embrace culture of nation along with
flaws. Not just with political propaganda of Perfectionism, as in this
universe not is perfect.",CAG,NGEN,1
C4.658,"this guy is husband material. 💕
where are guys like these 🥺",CAG,NGEN,1
C26.254.2,this must be happened if there is misused of law,CAG,NGEN,1
C10.925,Arundhati Roy is a sex crazed woman who is just a Despo.,CAG,GEN,1
C7.1955,"It's just a movie. Take it as an entertainment material. Don't try to make a
publicity stunt.",CAG,NGEN,1
C4.222,If you hate such movies then why do you watch them...,CAG,NGEN,1
C4.529,"People are illeterate.
They actually like mental and physical abuse and violenece against women.",CAG,NGEN,1
C4.440,"Audience is not receptive to organic and unique contents regarding films in
bollywood..that is why in this very era of mainstreamism, projects like
bhavesh joshi,mard ko dard nahin hota etc. and many more (including Anurag
Kashyap films) do not get the deserved recognition !",CAG,NGEN,1
C10.616,"after 75 years of loot, someone is trying to do something good. it sems doing
good for the country is unforgivable, specifically if its modi. who is this
arundhati roy, what is she? what makes her think that she is an activist?
shame shame.",CAG,NGEN,1
C38.723.2,"I am a man but I am a lesbian by heart and I was born like that. So, any
lesbian girl, who'll be interested?",CAG,GEN,1
C33.475,"Proud of Being a Muslim and a Pakistani.Indian Human are out of my mind...LOL  
Pakistan Zindabad",CAG,NGEN,1
C7.572,1.7k dislikes by librandu dogs 😂... Sukooooon.....,CAG,GEN,1
C4.1890,Bollywood is a crap.. nepotism is on it's peak...see sensible things please,CAG,NGEN,1
C7.1280,Feminists don't like STRONG ALPHA MALE CHARACTERS 🤣🤣🤣,CAG,NGEN,1
C32.6,Stupid story 😑😡,CAG,NGEN,1
C7.1117.3,"1 - no you are not.. he loves turly so he kissed her infront of family members
in her home what is respectable man to love a women !  
2 - he accepted his ban Coz he knew if he will not so the drinking habbit will
continue so it was a clever desion !  
3 - she slapped so right reason lefting her in someone else arms for night
pleasure ..he could not get any information how she is ..& where is she !  
4 - one of the looser act it was she can't talk her family for own marriage
again here Kabir is moron didn't send their family to convey if his family not
agreed with this relationship so they both leave their home & got court
marriage simple ! Feminists absolutely right !",CAG,NGEN,1
C7.1972,"your views are biased,,,,,but the funny thing is you think its not biased",CAG,NGEN,1
C9.169,If you see her face in morning then you can't get food in whole day.,CAG,NGEN,1
C7.165,"Feminist are not bothered by water crisis, but bothered by Kabir Singh!",CAG,NGEN,1
C43.30,"who in their right mind likes another man's defecation whole that is
disgusting if you're gay smell your hand after you take a dump and tell me
that's what you love sick fucks",CAG,GEN,1
C4.632,"who says ,, kabir singh is a ' MASTERPIECE'.
than what you think about these nonsense movies
interstallar
inception
dangal
bahubali",CAG,NGEN,1
C7.2464.3,"Jayaram Akkina  
I was about to write the same thing, imagine the same story written by someone
who is from Bollywood director, then it would be considered cult classic  
I am not saying Arjun Reddy/Kabir Singh is cult, but it was far better than
many movies called as hits.",CAG,NGEN,1
C4.1794,"You are right dear... Bollywood shows completely rubbish content. Bollywood is
also responsible for love zihad",CAG,NGEN,1
C4.620,"Shahid Kapoor has clearly said that this is a chutiya character. Its the
chutiya audience which glorifies it.",CAG,NGEN,1
C7.2550.3,"Yes correct. North india is the hell on earth. South India is heaven on earth.
Proud to be a south Indian. Hate north india",CAG,NGEN,1
C10.593,is she a lady or some witch?,CAG,NGEN,1
C4.263,"Hollywood is more complicated. In late 80s and 90's female character in movies
are represented as sex objects nothing more. Hollywood produce more volger
movies. Even today American are not very much interested in frmale oriented
movies that is why female centric flims fail meserabiliy at box office.
Preeti character like character can be seen in Hollywood movie eg bella from
twilight Anastasia from fifty shades of grey. These woman dont have standing
character they often under the influence pf their male partners. Such girls do
exist.
Kabir singh movie became controversial in north only the audience in south had
no problems with the movie.
There are lot of movies released with more sexual assaults and violance than
kabir singh then why everyone is after kabir singh.
Movies don't encourage violence their are lot of violence happen in real
world.
Flim is a media that represents to the audience that this type of violence do
occur.
Person with mental issues behave violently even with the influence of movie.
Blaming movie for mental issues is not right.",CAG,NGEN,1
C26.334,"because of the false file cases the husbands lose his parents..who will pay
his loss? NCW? Indian govt?",CAG,NGEN,1
C10.676,Lunatic Fringe of Far Left .......a Waco,CAG,NGEN,1
C4.798,This is the fucking true which today's generation pretend.....😡,CAG,NGEN,1
C4.1212,"We all knew that the movie was a little over the top. The main issue was the
selective outrage from the Feminist brigade. They critise and discourage
certain movies that potray male lead characters as Dominant and vile. But at
the same time they encourage toxic female behaviours in movies . Who treat
Their male counterparts as DOG SHIT  
  
We somehow had to defend Kabir Singh  
There was no other way around",CAG,NGEN,1
C7.2097.1,"@Devanshu Dodiya Exactly ......what is his problem with leila, four more shots
please.......just see a movie and enjoy it",CAG,NGEN,1
C7.2055,"Where is review  
You are totally correct but talk about movie,acting and direction",CAG,NGEN,1
C4.317,"true, Kabir Singh is such a trash movie......I truly judge everyone who likes
this movie",CAG,NGEN,1
