Unnamed: 0,_id,tweet_id,Text,task_1,task_2,Label
998,60c5d7495659ea5e55df0b7b,hi_hasoc_2021_998,@rssurjewala #Hindus DYING #HindusLivesMatter   #KindAttnPMNarendraModi  #coronasecondwaveinindia #ModiMadeDisaster #ResignModi    #BJP #RSS LIARS   I WARNED 2 YRS BACK #RSSTerrorists BANNED BY SARDAR PATEL IGNORED  #शेर_नहीं_भेड़िया_पाल_लिया_भक्तो  #MautKaSaudagar,NOT,NONE,0
4049,60c5d7495659ea5e55df1b73,hi_hasoc_2021_4049,"सब लोग इतने पैसे डोनेट ही कर रहे हैं फिर भी आम आदमी को सिलेंडर और कन्सेंट्रेटर ख़ुद से ही ख़रीदना पड़ रहा है , तो पैसे कहाँ जा रहे हैं?   बीयर्ड ऑयल में ?   #IndiaFightsCorona  #indianeedoxygen  #IndiaCovidCrisis",NOT,NONE,0
1757,60c5d7495659ea5e55df0d1b,hi_hasoc_2021_1757,शेर-ए- सिवान शहाबुद्दीन साहब से रिश्ता क्या  لا إله إلا الله محمد رسول الله  #JusticeForShahabuddin,NOT,NONE,0
1825,60c5d7495659ea5e55df0ee1,hi_hasoc_2021_1825,"@Shikha0222 इसे कहते हैं दोगला पंती जिस सपा की दम पर 0 से 10 का सफर किया और माया अपनी इज्ज़त बचा पाई,, आज उसी सपा को मिटाने की बात कर रही हैं,,,",NOT,NONE,0
3664,60c5d7495659ea5e55df1ad1,hi_hasoc_2021_3664,"#MuddaGaramHai चुनाव नतीजों के बाद बंगाल में जारी हिंसा अप्रत्याशित, बीजेपी कार्यकर्ताओं के ख़िलाफ़ जारी हिंसा राज्य प्रायोजित, दोषियों के ख़िलाफ़ कड़ी कार्रवाई की जाए: प्रकाश जावडेकर    #BJP  #TMC #WestBengalViolence #BengalBurning @ARPITAARYA https://t.co/tHJh1WCHs2",NOT,NONE,0
4023,60c5d7495659ea5e55df18f6,hi_hasoc_2021_4023,जो शहाबुद्दीन के साथ हैं वो इस ट्वीट को रीट्वीट करें और इस हैसटैग पर ट्वीट करें #JusticeForShahabuddin,NOT,NONE,0
1212,60c5d7495659ea5e55df0bf0,hi_hasoc_2021_1212,"यदि बाबरी ढ़ांचा गिरने पर तत्कालीन भाजपा द्वासित 4 राज्य सरकारों को बर्खास्त कर उन राज्यों में राष्ट्रपति शासन लगाया जा सकता है तो आज बिहार में लोकतंत्र के ढ़ांचे को तहस-नहस कर के जिस प्रकार से नरसंहार चल रहा है, वहां की राज्य सरकार को तुरंत बर्खास्त करना चाहिए। #BengalBurning",NOT,NONE,0
1857,60c5d7495659ea5e55df0e3f,hi_hasoc_2021_1857,#कृषि_कानून_रद्द_करने_पड़ेंगे #GodiMedia #Ban_Evm #25सांसद_लापता_है #ResignModi #zeenews #AajTak,NOT,NONE,0
1794,60c5d7495659ea5e55df1058,hi_hasoc_2021_1794,कोई यहाँ भी नज़र डाले 😢 #ModiKaVaccineJumla https://t.co/HzX0PvohPQ,NOT,NONE,0
62,60c5d7495659ea5e55df0526,hi_hasoc_2021_62,#AajTak_दलाल_मोदी_का https://t.co/ZKKV8pvIu9,NOT,NONE,0
4598,60c5d7495659ea5e55df0c87,hi_hasoc_2021_4599,जानवर भी हमें बहुत कुछ सिखाती है ।   किस तरह पानी को बचाना चाहिए ये हम सभी को इस हाथी से सीखने की जरूरत।  खूबसूरत दृश्य  @ParveenKaswan @nisha_singhmarr  @CentralIfs  @PraveenIFShere  @ipskabra  @ipsvijrk  @Sanjay97odisha  @MVRaoIPS  @mvraoforindia  @polrajiv  @AwanishSharan https://t.co/V1DFa8Lv0p,NOT,NONE,0
4260,60c5d7495659ea5e55df069b,hi_hasoc_2021_4260,तिहाड़ जेल के स्पेशल सेल में कोरोना पहुंचा कैसे मुझे लगता हे ये सिस्टम का कोरोना है    #JusticeForShahabuddin,NOT,NONE,0
2915,60c5d7495659ea5e55df150e,hi_hasoc_2021_2915,इसी टाइम पे वन नेशन वन इलेक्शन होना चाहिए था ! #JusticeForShahabuddin #ExitModi #PresidentRuleInBengal #नरेंद्र_मोदी_ग्लोबल_पप्पू #BengalBurning #दीदी_ओ_दीदी #BengalElection2021 #ElectionResult,NOT,NONE,0
893,60c5d7495659ea5e55df0c9e,hi_hasoc_2021_893,कोविड टीकाकरण: राजस्थान में गांवों में कैंप लगाए जाने से टीकाकरण मुहिम पर क्या असर पड़ा है? रिपोर्ट: @divendrasingh  #Rajastan @ashokgehlot51 @RajCMO #COVIDSecondWave #CovidVaccine  https://t.co/Q1uzQig8h4,NOT,NONE,0
318,60c5d7495659ea5e55df05a4,hi_hasoc_2021_318,@yadavtejashwi ये तस्वीर अपनी ज़ेहन में बिठा लेना ये तस्वीर @RJDforIndia को बर्बादी पर ले जाएगा। #JusticeForShahabuddin https://t.co/TiBPAeIzSx,NOT,NONE,0
4726,60c5d7495659ea5e55df0958,hi_hasoc_2021_4727,@mdanis_2 @Mkkhan9090 @Anjana_Modi_ @nagrik25 @DXLucifer_Devil @Khushbu_shaikh1 @speedytohike @ProfNoor_ @iPraveenK_ @Insaafparody111 मोदी तुम इस्तीफा दो हम तुम्हारे साथ है #ResignModi  #Resign_PM_Modi  #ModiHataoDeshBachao https://t.co/spsvPTov8W,NOT,NONE,0
3650,60c5d7495659ea5e55df1a0d,hi_hasoc_2021_3650,@BramhRakshas मोदी तुम इस्तीफा दो हम तुम्हारे साथ है #ResignModi  #Resign_PM_Modi  #ModiHataoDeshBachao https://t.co/spsvPTov8W,NOT,NONE,0
3693,60c5d7495659ea5e55df1a68,hi_hasoc_2021_3693,"अगर धरना देने से सब सही हो जाता तो..  कुरुक्षेत्र में  ""श्री कृष्ण"" भी ""अर्जुन"" को यही सलाह देते.. पश्चिम बंगाल  @BJP4India @BJP4Bengal  #BengalBurning",NOT,NONE,0
1378,60c5d7495659ea5e55df0e0b,hi_hasoc_2021_1378,मुनाफ़िक़ दोस्तों से लाख अच्छे हैं खुले दुश्मन। #BycottRJD  #JusticeForShahabuddin @osama_shahab_  @yadavtejashwi  @TejYadav14  @laluprasadrjd https://t.co/oop4KGM4X8,NOT,NONE,0
2241,60c5d7495659ea5e55df1241,hi_hasoc_2021_2241,"मरहूम सहाबुद्दीन की लाश जैसे दिल्ली गेट ITO कब्रिस्तान मे सुपुर्द ए खाक हुई,❣️   Inshallah ऐसे ही बिहार में  लालू तेरी पार्टी को सुपुर्दे खाक करेगी बिहार की जनता #JusticeForShahabuddin",NOT,NONE,0
3022,60c5d7495659ea5e55df1579,hi_hasoc_2021_3022,"@Jagratichandra1 मैं तुम्हारी यादों को कैसे  ""Block"" करूँ ""कमीने""   दिल में तो ये ""Option"" ही      नही है..✍",NOT,NONE,0
4946,60c5d7495659ea5e55df0d7c,hi_hasoc_2021_4949,@yadavtejashwi सब याद रखा जायेगा.. #JusticeForShahabuddin,NOT,NONE,0
2174,60c5d7495659ea5e55df129a,hi_hasoc_2021_2174,#राजदपार्टी बेवफ़ा औरतों जैसा है जितना जल्द हो सके सभी मुस्लिम विधायक और सांसद इस्तीफा दे दे #JusticeForShahabuddin,NOT,NONE,0
3189,60c5d7495659ea5e55df16ef,hi_hasoc_2021_3189,"आज शर्म से आंखें झुक गई  @narendramodi को क्यों चुना रक्षा करने के लिए या महंगाई के लिए या रोजगार के लिए आपने क्या दिया,,, मौत #BengalBurning",NOT,NONE,0
2788,60c5d7495659ea5e55df14b7,hi_hasoc_2021_2788,#ModiKaVaccineJumla #ModiResign #IndiaFightsCorona #PMCaresFund_का_हिसाब_दो #PMDoesNotCare https://t.co/TH0wgGFB3n,NOT,NONE,0
3452,60c5d7495659ea5e55df1a2b,hi_hasoc_2021_3452,"किसी भी तरह का इस नंबर से reply नही हुआ..क्या मैं(कल की तारीख़ में अगर कोई जान या जानवर करंट आने पर मरता है,जो अभी नही आया ""करंट"" कल को आ जाये तो कौन जिम्मेदार)एक बड़े हादसे को रोकने के लिए आप से निवेदन.ऊपर बच्चे रहते हैं(जैसा कि आप वीडियो में देख सकते हैं)  @CMOfficeUP @KESCoHQ https://t.co/ixSVqEoRUU",NOT,NONE,0
809,60c5d7495659ea5e55df0bc3,hi_hasoc_2021_809,यह ख़ौफ़ की आहट हैं या मौत का सन्नाटा है   @varungandhi80  @msisodia @sahitya_tak @Javedakhtarjadu @SwetaSinghAT @Drnawazdeobandi @anupamaraag1 @juniorbachchan  #IndiaCovidCrisis #OxygenCrisis https://t.co/GoYKYdXc69,NOT,NONE,0
2830,60c5d7495659ea5e55df14f0,hi_hasoc_2021_2830,"जल गई लासे, हो गई राख  घर आके सोई गये फिर से  #गुलाम  #FightForRight #ResignModi https://t.co/SFCJwqTfh7",NOT,NONE,0
282,60c5d7495659ea5e55df06b7,hi_hasoc_2021_282,#Shamemamatabannerjee #राष्ट्रपति_जी_बंगाल_संभालो  #MamataBanarjee  #BengalBurning https://t.co/CepcxY961N,NOT,NONE,0
2682,60c5d7495659ea5e55df139d,hi_hasoc_2021_2682,"@yogrishiramdev लाला जी,  इतने फूहड़ हथकंडे अपना कर अपना नकली उत्पाद बेचने की इतनी बेशर्म प्रदर्शन के बदलें कोई और काम नही मिलता क्या ?",NOT,NONE,0
3715,60c5d7495659ea5e55df1b5b,hi_hasoc_2021_3715,@mridz_twt भाड़ में जाओ तुम प्यारी,NOT,NONE,0
321,60c5d7495659ea5e55df05d4,hi_hasoc_2021_321,जो शहाबुद्दीन के साथ हुआ वो आज़म खान के साथ नहीं होना चाहिए इसलिए आइए हम सब आवाज उठाते हैं #JusticeForShahabuddin,NOT,NONE,0
2707,60c5d7495659ea5e55df1320,hi_hasoc_2021_2707,#OPS #BanEVM #पुरानी_पेंशन_बहाल_करो #FarmersProtest #SpeakUpForFarmers #StopPrivatization #ModiMadeDisaster #NPS_भारत_छोड़ो #NPS_QUIT_INDIA #NPSनिजीकरणभारतछोड़ो #OPS_कर्मचारी_का_अधिकार #NPSनिजीकरणकेख़िलाफ़_इंक़लाब #स्वास्थ्य_क्षेत्र_मे_बजट_बढ़ाओ #Resign_PM_Modi #Vaccine_और_MSP_दो https://t.co/hYv7yPSRiX,NOT,NONE,0
3602,60c5d7495659ea5e55df1b5a,hi_hasoc_2021_3602,"@jviplav मोदी विरोधियों को बंगाल की हिंसा में भी लोकतंत्र नज़र आ रहा है... इसलिए सब के सब मुँह में दही जमाये बैठे हैं!  ""असहिष्णुता...संविधान की हत्या"" जैसे शब्द अब डिक्सनरी से गायब हैं!! #BengalBurning",NOT,NONE,0
2459,60c5d7495659ea5e55df132c,hi_hasoc_2021_2459,#JMDNewsFLASH भारत की मदद को बढ़े हाथ जर्मनी से आए 4 क्रायोजेनिक ऑक्सीजन कंटेनर #Oxygen  #OxygenCrisis  #Germany  #India  #IndiaCovidCrisis  #IndiaNeedsOxygen https://t.co/28nT8kcXyi,NOT,NONE,0
3419,60c5d7495659ea5e55df1ab1,hi_hasoc_2021_3419,"लालु जैसे बाल्टी में दूध बेचने वाले नेता,  ""तब"" बनते हैं   ""जब"" उनके पीछे ""शहाबुद्दीन"" जैसा  शेर होता है!🔥 @007QaQa @yadavtejashwi @laluprasadrjd @BagwanMaheboob1 #JusticeForShahabuddin",NOT,NONE,0
817,60c5d7495659ea5e55df0c9d,hi_hasoc_2021_817,शहाबुद्दीन साहब की मौत की गई है ना की उसको COVID-19🦠😷 था #JusticeForShahabuddin,NOT,NONE,0
3172,60c5d7495659ea5e55df14ed,hi_hasoc_2021_3172,@uhbvnpkl बस आपकी अति कृपया होगी मुझे ये बताइए line man 9812063026 और जैई 9812063027 क्या ये मौज करने के लिए है नम्बर बंद करो और आराम से सो जाओ पब्लिक भाड़ में जाए,NOT,NONE,0
1961,60c5d7495659ea5e55df1002,hi_hasoc_2021_1961,रायगड और मेवाड़ भी धरना देते यो क्या होता हमारा @BJP4India @narendramodi @AmitShah ?????  #BengalBurning,NOT,NONE,0
3246,60c5d7495659ea5e55df16a4,hi_hasoc_2021_3246,मैं किसके हाँथ में अपना लहू तलाश करूँ    की तमाम शहर ने पहने हुए हैं दस्ताने    #JusticeForShahabuddin             @SadabRaza10               @AyubRizvi1              @FaizAlam114             @masood2alam,NOT,NONE,0
2249,60c5d7495659ea5e55df1291,hi_hasoc_2021_2249,आज़म खान साहब का इलाज AIIMS में कराया जाए… शहाबुद्दीन साहब की तरह उन्हें सिस्टम भरोसे नही छोड़ सकते😢🙏 #JusticeForShahabuddin,NOT,NONE,0
3833,60c5d7495659ea5e55df1979,hi_hasoc_2021_3833,@Pratyangira1 @Tithi_Mishra @narendramodi @JPNadda @AmitShah @DilipGhoshBJP @SuvenduWB @me_locket @ABVPVoice @BJP4India @p_sahibsingh @Tejasvi_Surya @ArjunsinghWB @me_sourish_ @RSSorg @VHPDigital @devyanidilli @Dibakar65112523 @tathagata2 @Bunibroto @rashtrapatibhvn @jdhankhar1 @MukulR_Official @mithunda_off @ippatel Common RSS cadre from North India on #BengalBurning :  धरना के बाद चरखा भी ट्राई करो कहते है अंग्रेज डर कर भाग गये थे 😥😥  #PresidentsRuleinBengal  @PrinceArihan @myogiadityanath,NOT,NONE,0
1252,60c5d7495659ea5e55df0c5b,hi_hasoc_2021_1252,"महारानी कहकर पुकारो तो कहेगी, और कितनी रानियाँ रखे हो।  रानी कहकर पुकारो तो कहेगी, मै रानी तो महारानी कोई बाहरवाली होगी।  चुप रहो तो कहेगी जैसे मुंह सिला हो,आप ही बताओ क्या कहूं ?😃😃",NOT,NONE,0
4223,60c5d7495659ea5e55df1bd8,hi_hasoc_2021_4223,@AmarSinghKahar5 @beingarun28 चुनावी हिंसा पर धरना देने वालों ऑक्सिजन की कमी और कोरोना से हो रही मौतों पर भी धरना दे दो। हिन्दू तो इसमें भी खतरे में है। हिंदू तो यहाँ भी मर रहा है। बस politics ही करनी है ऐसा बोलो ना।  लेकिन शर्म इनको आती नहीं। #BengalBurning  #PresidentsRuleinBengal #PresidentRuleInBengal,NOT,NONE,0
3483,60c5d7495659ea5e55df1cb5,hi_hasoc_2021_3483,क्या कोरोना की तीसरी लहर का असर बच्चों पर होगा?  #Coronavirus #COVID19 #CovidVaccine https://t.co/MovYeAl53b,NOT,NONE,0
1638,60c5d7495659ea5e55df0ffb,hi_hasoc_2021_1638,टीकाकरण अवश्य करायें  #vaccination  #covidvaccine #18plusvaccination #cgfightscorona https://t.co/DHpwTTTMiP,NOT,NONE,0
2962,60c5d7495659ea5e55df1503,hi_hasoc_2021_2962,@ArmaanS13738198 Why you are giving us so much attention if we r fake farmers? #PrayForFarmersVictory  #देश_ऑक्सीजन_मांगता_है #ResignModi #FarmersProtest,NOT,NONE,0
1583,60c5d7495659ea5e55df101f,hi_hasoc_2021_1583,हक की आवाज को मजबूत कीजिए एक बार फिर से लिखिए #JusticeForShahabuddin,NOT,NONE,0
1623,60c5d7495659ea5e55df0e31,hi_hasoc_2021_1623,@New_India9 कुत्ता वफ़ादार होता हैं मैडम।,NOT,NONE,0
199,60c5d7495659ea5e55df05e5,hi_hasoc_2021_199,#OPS #BanEVM #पुरानी_पेंशन_बहाल_करो #FarmersProtest #SpeakUpForFarmers #StopPrivatization #ModiMadeDisaster #NPS_भारत_छोड़ो #NPS_QUIT_INDIA #NPSनिजीकरणभारतछोड़ो #OPS_कर्मचारी_का_अधिकार #NPSनिजीकरणकेख़िलाफ़_इंक़लाब #स्वास्थ्य_क्षेत्र_मे_बजट_बढ़ाओ #Resign_PM_Modi #Vaccine_और_MSP_दो https://t.co/peNJfYdTY3,NOT,NONE,0
2330,60c5d7495659ea5e55df11e2,hi_hasoc_2021_2330,शहाबुद्दीन साहब इकलौता सांसद जिन्होंने कारगिल युद्ध में पाकिस्तान के खिलाफ लड़ने की अनुमति मांगा थी।  तुम उस वक्त बकरी चोरी और साइकिल चोरी में व्यस्त थे देश और देश की आन बान शान के लिए कई किस्ते दे चुके हैं हम अपने खून की 😥😥  #JusticeForShahabuddin  #kargil,NOT,NONE,0
551,60c5d7495659ea5e55df0799,hi_hasoc_2021_551,@MinakshiKandwal @KumarVikrantS 5. डेड बॉडी देने में किसी भी तरह की कोई दलाली नहीं होनी चाहिए  ये #फैक्ट लॉजिक वाला फैक्ट है जैसे   #सरदाना की बॉडी को उसके गांव भेज दिया गया तो #शहाबुद्दीन की बॉडी को #दिल्ली में क्यों दफनाया गया उनके गांव क्यों नहीं भेजा गया...???  #SupportOsamaShahab  #JusticeForShahabuddin,NOT,NONE,0
4983,60c5d7495659ea5e55df0f44,hi_hasoc_2021_4986,@Thanos_pandith मोदी तुम इस्तीफा दो हम तुम्हारे साथ है #ResignModi  #Resign_PM_Modi  #ModiHataoDeshBachao https://t.co/spsvPTov8W,NOT,NONE,0
3741,60c5d7495659ea5e55df1c6f,hi_hasoc_2021_3741,"सीताराम येचुरी ने पीएम मोदी से पूछा- लोग मर रहे हैं, लेकिन नई संसद का निर्माण क्यों जारी है #Modi #ModiMadeDisaster #Resign_PM_Modi #ResignModi #coronavirus #Corona #CovidVaccine #COVIDSecondWave #BJP https://t.co/LlKltxhqKD",NOT,NONE,0
2285,60c5d7495659ea5e55df10bd,hi_hasoc_2021_2285,"दिल्ली कर्मचारियों का मजाक बनाया जा रहा है जबकि बिजली कर्मी दिन-रात अपनी सेवाएं दे रहे हैं गलत रूप से अवैध रूप से पुलिस के द्वारा नेताओं के दबाव से गलत एफ आई आर की गई, इसे तत्काल वापस लिया जाए एवं दोषियों पर कार्रवाई की जाए https://t.co/HTz7bx26NZ",NOT,NONE,0
3195,60c5d7495659ea5e55df1789,hi_hasoc_2021_3195,"जीतने पे ये हाल है, जरा सोचो अगर हारी होती तो क्या होता??  #BengalBurning  #PresidentsRuleinBengal  #SaveBJPKaryakartas  #SaveBengalFromTMC",NOT,NONE,0
3091,60c5d7495659ea5e55df14d4,hi_hasoc_2021_3091,"ज़िंदगी के रथ में लगाम बहुत हैं,अपनों के अपनों पर इल्ज़ाम बहुत हैं,ये शिकायतों का दौर देखते हैं तो थम से जाते हैं,लगता है उम्र कम है और इम्तिहान बहुत हैं! #ModisCrimeAgainstIndia #ResignPMmodi  #SpinelessBJP #coronavirus #wednesdaythought #Oxygen4All #BeHuman #OxygenMan #fakenews",NOT,NONE,0
2279,60c5d7495659ea5e55df1221,hi_hasoc_2021_2279,ना तुम कल हारे थे ना आज हारे हो   #JusticeForShahabuddin https://t.co/f2N3KeGHtm,NOT,NONE,0
1284,60c5d7495659ea5e55df0b4e,hi_hasoc_2021_1284,रंगा बिल्ला के खिलाफ लिखने पर ट्विटर भी नाराज चल रहा है आजकलl रोज 5-10 फॉलोअर्स कम कर रहा हैl #ModiKaVaccineJumla #ModiDisasterForIndia #ModiMustResign,NOT,NONE,0
4041,60c5d7495659ea5e55df1afa,hi_hasoc_2021_4041,"कहते है मरते है तु मरने दो , मुर्दा लोग शोर करने से कहाँ जिंदा होया करते है। साहब शोर जिंदा लोगों को बचाने के लिये है।पर आप क्या जाने जो जिंदा लोगों को भी मुर्दा समझ के छोड़ दिया करते।साहब को तू जुमला कहने की आदत है।मुर्दा घर में भी इन लाशों के लिए जगह कहाँ है।🙏#IndiaCovidCrisis",NOT,NONE,0
919,60c5d7495659ea5e55df0caa,hi_hasoc_2021_919,#25सांसद_लापता_है #ModiMadeDisaster #ModiKaVaccineJumla #ModiMustResign #BjpDestroyedIndia #bjp_mp_mlamissing @MahuaMoitra @PMOIndia https://t.co/W7eDXQivkq,NOT,NONE,0
903,60c5d7495659ea5e55df09df,hi_hasoc_2021_903,@taapsee मोदी तुम इस्तीफा दो हम तुम्हारे साथ है #ResignModi  #Resign_PM_Modi  #ModiHataoDeshBachao https://t.co/spsvPTov8W,NOT,NONE,0
3221,60c5d7495659ea5e55df16a5,hi_hasoc_2021_3221,सुना है ये मादरनीय D K bose @news24tvchannel के एंकर हैं। ट्विटर पर हैं क्या? #ChineseVirus #COVID19India https://t.co/4HlvfxyAaO,NOT,NONE,0
2990,60c5d7495659ea5e55df154d,hi_hasoc_2021_2990,थोड़ा और कोशिश करे  #JusticeForShahabuddin,NOT,NONE,0
2267,60c5d7495659ea5e55df1190,hi_hasoc_2021_2267,"इस राजनीति को देख कर मुझे इन लोगों पर गुस्सा भी आता है और दया भी आती है। अपना क्या हाल कर लिया है इन लोगों ने, अंधी राजनीति, अंधी नफरत, और अंधी कुर्सी दौड़ में  ये कभी के क्रान्तिकारी अब हास्यास्पद विदूषक हो गए हैं ।   #BengalBurning",NOT,NONE,0
1588,60c5d7495659ea5e55df107d,hi_hasoc_2021_1588,बंगाल की विधवा!  @narendramodi @AmitShah @PMOIndia @RSSorg @BJP4India #RSS #RSSTerrorists #Rss_terrorists #RSS_चीन_से_लड़ो  #rss_देश_के_दुश्मन_की_दुश्मन  #Islamophobiainindia #Islamophobia #BJP #bjp4india #NarendraModi https://t.co/ufnGacCTOM,NOT,NONE,0
3300,60c5d7495659ea5e55df1739,hi_hasoc_2021_3300,"रोहित सरदाना कोरोना पॉजिटिव क्रियाकर्म कुरुक्षेत्र (हरियाणा) शाहबुद्दीन साहब कोरोना  नेगेटिव दफन हुए ITO दिल्ली , आखिर क्यों ??  #JusticeForShahabuddin  #OsamaShahab  @ShayarImran @yadavtejashwi @RJDforIndia @patna_RJD @PMOIndia @MoHFW_INDIA  #StandWithOsamaShahab  #Osama_Shahab https://t.co/fmTd1hyDqV",NOT,NONE,0
2971,60c5d7495659ea5e55df159e,hi_hasoc_2021_2971,अब भी अगर कोई मुस्लिम नेता बिहार में MY का रागा अलापता है तो वह मुसलमानों का नेता नहीं दलाल है #JusticeForShahabuddin  #JusticeForShahabuddin,NOT,NONE,0
1617,60c5d7495659ea5e55df0d26,hi_hasoc_2021_1617,शहाबुद्दीन को इन्साफ दो  @सुप्रीम_कोर्ट  https://t.co/UXWw6LaK8H  @PunyaPBajpai @Ravishk356 @AshrafFem @PMOIndia @CMOfficeUP @ANI @BBCHindi @AltNews @nytimes @shanu_sab @Rofl_Swara @SChoudharyNews @ModiLeDubega  #JusticeForShahabuddin #JusticeForShahabuddin #JusticeForShahabuddin,NOT,NONE,0
407,60c5d7495659ea5e55df0726,hi_hasoc_2021_407,@BJP4Bihar 303 सांसद इसीलिए आपको दिया गया है कि आप घर मे बैठे रहें और आपके कार्यकर्ता अपना जान दें।  #BJP  #BengalBurning  #BengalViolence,NOT,NONE,0
2753,60c5d7495659ea5e55df12ab,hi_hasoc_2021_2753,"2024 में कोई कार्यकर्ता जब पूछ बैठेगा ख़ामोशी का कारण तुमसे, बहुत समझाना चाहोगे मगर समझा ना पाओगे !!#SpinelessBJP #BengalViolence  #BengalBurning https://t.co/xTibMQGuxQ",NOT,NONE,0
5790,60c5d7495659ea5e55df1c22,hi_hasoc_2021_5794,@Awesomely_Pari मोदी तुम इस्तीफा दो हम तुम्हारे साथ है #ResignModi  #Resign_PM_Modi  #ModiHataoDeshBachao https://t.co/spsvPTov8W,NOT,NONE,0
970,60c5d7495659ea5e55df09ba,hi_hasoc_2021_970,जातियों के कमरे में मत छिप                मूर्ख!! बाहर आकर देख हिन्दुत्व का ब्रांड बनकर जीने का मजा ही            कुछ और है!!       🚩जय श्री राम🚩 https://t.co/4KGQbygG7u,NOT,NONE,0
523,60c5d7495659ea5e55df0794,hi_hasoc_2021_523,@TimesNow @ravi4354 ONCE IN A CENTURY  @narendramodi @PMOIndia  #मनहुस_मोदी का साया मेरे देश के ऊपर से हट जाएगा आर्मी सारा काम संभाल रही है दवाई ऑक्सीजन आदि भी तेरे राजनीति से मुक्त हो जायेगी सभी के अपने अकालमृत्यु मर रहे है  #ResignModi मानवता केलिऐ #Resign_PM_Modi देशभक्त हो तो,NOT,NONE,0
2097,60c5d7495659ea5e55df121c,hi_hasoc_2021_2097,"आज हमारे साथ RJD का एक भी नेता खड़ा नहीं दिख रहा, पहले हमारी लड़ाई RSS/BJP से थी अब RJD से भी हैं! #JusticeForShahabuddin @osama_shahab_",NOT,NONE,0
3579,60c5d7495659ea5e55df19ba,hi_hasoc_2021_3579,"🥀 हरि ॐ🥀 !! सनातनी भाई-बहनों को!!     🥀 शुभ रात्रि🥀 !! दुष्ट अपकार से नहीं, उपकार से    ही शांत रहता है!! 🚩 जय श्री राम🙏🚩",NOT,NONE,0
867,60c5d7495659ea5e55df0925,hi_hasoc_2021_867,@varungrover मोदी तुम इस्तीफा दो हम तुम्हारे साथ है #ResignModi  #Resign_PM_Modi  #ModiHataoDeshBachao https://t.co/spsvPTov8W,NOT,NONE,0
1186,60c5d7495659ea5e55df0985,hi_hasoc_2021_1186,"@sambitswaraj @JPNadda बताना नही है देश को , कुछ कर के दिखाओ, धरने से, tv पर चीखने से कुछ न होगा, सीधे बंगाल जाओ, जो महिलाओं पर अत्याचार का vdo पोस्ट किए थे उनके साथ खड़े हो। नही तो वोट भी इस बार ट्विटर,tv पर ही डाल देंगे। शर्म करो वहां कार्यकर्ता मर रहे हैं, यहाँ tv पर डिबेट कर रहे हो। #BengalBurning",NOT,NONE,0
2606,60c5d7495659ea5e55df140f,hi_hasoc_2021_2606,"ज़ालिम को जो ना रोक, वो शामिल है ज़ुल्म में, क़ातिल को जो ना टोके, वो क़ातिल के साथ है। ~साहिर लुधियानवी  #बंगाल #Bengalisburning #BengalViolence #BengalRiots #BengalBurning  @rohini_sgh @meevkt @brajeshlive @ranvijaylive @vinodkapri @sakshijoshii @MamataOfficial @ndtv @PMOIndia",NOT,NONE,0
6055,60c5d7495659ea5e55df1cf0,hi_hasoc_2021_6060,@PragyaLive @bmahabharat2 सरकार नरसंहार कर रही है .... #ResignModi,NOT,NONE,0
2238,60c5d7495659ea5e55df1206,hi_hasoc_2021_2238,सवाल यह है जब शहाबुद्दीन साहब के साथ उस तरह की घटना हुई और ओसामा शहाब अकेले हर जगह अपने पिता की लड़ाई लड़ रहा था उस समय लालू परिवार का कोई व्यक्ति उनके साथ खड़ा क्यों नहीं हुआ? #justiceforshahabuddin,NOT,NONE,0
5906,60c5d7495659ea5e55df1b8e,hi_hasoc_2021_5910,तुम तो चुप ही रहो सिम्वाव जी 🤣😀 https://t.co/qeygqiE7TF,NOT,NONE,0
2033,60c5d7495659ea5e55df0fa0,hi_hasoc_2021_2033,"शुक्रिया इमरान प्रताप गढ़ी साहेब शुक्रिया अमनातुल्लह साहेब ,, इस दुख की घड़ी में ओसामा शहाब का साथ देने के लिए साथ खड़े होने के लिए,,उन लोगों का भी  बहुत शुक्रिया जो दिल्ली में ओसामा भाई के साथ खड़े हुए, बिहार इस बात को याद रखेगा,, #JusticeForShahabuddin",NOT,NONE,0
3850,60c5d7495659ea5e55df1ac5,hi_hasoc_2021_3850,@BJP4UK पहले लगता था @BJP4UK ही #SpinelessBJP है।  अब पता लगा ये तो सारे के सारे BJP वाले #SpinlessBJP हैं।  #BengalElection2021 #BengalViolence #BengalBurning #tejasvisurya,NOT,NONE,0
5986,60c5d7495659ea5e55df1acb,hi_hasoc_2021_5991,हार जीत तो ठीक है मज़े की बात ये है साहब का बांग्लादेश के लिए आंदोलन कर जेल जाना बेकार हो गया 😜🙈 @queen_priya1 @Supriya2540 #JusticeForShahabuddin,NOT,NONE,0
668,60c5d7495659ea5e55df08b0,hi_hasoc_2021_668,तुम जैसे स्वमं भू प्रदेश अध्यक्ष के रहते ये सब सम्भव है अपनी नौकरी बचाये जैसे 4 साल से मुँह में दही जमाये चुप थे वैसे ही रहो शिक्षको के चंदे पर पलने बाले तुम्हारे जैसे नेता घिन आती है तुम जैसे को नेता कहते भी शर्म है नही तुम्हे एमएलसी के टिकट तो तुम पता नही क्या 2 बेंच दो 😂😂 https://t.co/y4KpKBUGca,NOT,NONE,0
3064,60c5d7495659ea5e55df14c3,hi_hasoc_2021_3064,"एक्टर शूटिंग करें, नेताजी रैलियां करें, खिलाड़ी IPL खेलें, और आम आदमी  भूखे घर बैठकर कोरोना को भगाए। #ResignModi  #FarmersProtest #FarmLawsWorstThanCOVID",NOT,NONE,0
2528,60c5d7495659ea5e55df12da,hi_hasoc_2021_2528,सवाल यह नही कि वो मुझे वेश्या कहता है सवाल तो यह है कि मुझे वेश्या बनाया किसने ?   ◆नवनीत🌻 @navneetpdnews,NOT,NONE,0
83,60c5d7495659ea5e55df06b0,hi_hasoc_2021_83,@narendramodi अजीत सिंह के लिए आप का शोक व्यक्त करना बिल्कुल सही है लेकिन बंगाल में जो मासूम भाजपा कार्यकर्ता मारे जा रहे हैं बेटियों का बलात्कार हो रहा है क्या उस पर आपको कुछ नहीं बोलना चाहिए कृपया करके उन मासूमों के आंसू को पूछने का प्रयास कीजिए #BengalBurning,NOT,NONE,0
3955,60c5d7495659ea5e55df1c67,hi_hasoc_2021_3955,""" साहेब जनसंख्या नियंत्रण कानून ही लगा देते आपका मिशन भी पूरा हो जाता ऐसे लोगो को तड़पा तड़पा कर मार कर क्यों लोगो का घर उजाड़ रहे हो ""...  #spinelessmodi #SpinelessBJP #ModiHataoDeshBachao #ResignModi #BengalElection2021 #CovidIndia",NOT,NONE,0
438,60c5d7495659ea5e55df0863,hi_hasoc_2021_438,मैने भी इसी तरह कल अपने 50 साल उम्र की दादी को को दिया कितने अस्पतालों में कोई सुविधा नहीं है सरकार ने सबको अपने भरोसे छोड़ दिया।।  #ResignPMmodi https://t.co/iJICNXdxtX,NOT,NONE,0
3565,60c5d7495659ea5e55df1c95,hi_hasoc_2021_3565,"शेर ने जंगल मे सभी जानवरों को मुफ्त दावत देने की घोषणा की, सभी जानवरों ने जमकर दावत का लुफ्त उठाया और घर जाकर सो गये अगले दिन सभी जानवरों की गिनती की गयी गिनती में आधे जानवर गायब निकले बाद में पता चला जंगल के आधे जानवरों को शेर दावत में पकाकर मुफ्त खिला चुका है। #मुफ्त_वैक्सीन।",NOT,NONE,0
1565,60c5d7495659ea5e55df0e74,hi_hasoc_2021_1565,#ResignModi  #बीजेपी go back  In cllab जिंदाबाद,NOT,NONE,0
3812,60c5d7495659ea5e55df1b56,hi_hasoc_2021_3812,शुक्रिया @ShayarImran साहब  #JusticeForShahabuddin https://t.co/IDKGKVVpaq,NOT,NONE,0
723,60c5d7495659ea5e55df0856,hi_hasoc_2021_723,"@DrPreetiverma @AnujKant1302 दो मिनट का मौन उनके लिए भी जिनको बंगाल में चुनावी रैली दिखी ,  कोरोना दिखा किन्तु अब हिंसा , लूट अग्निकांड और महिलाओं को लुटती इज़्ज़त नहीं दिख रहीं 😡😡  #PresidentsRuleinBengal  #BengalBurning  #BengalViolence  #KhooniKhela  #WestBengalViolence",NOT,NONE,0
4089,60c5d7495659ea5e55df1ac3,hi_hasoc_2021_4089,"पलायन नही प्रतिगात करो ""सुनो द्रोपदी शस्त्र उठा लो, अब गोविंद ना आएंगे"" @MLAchandana_ @BJP4India #BengalBurning",NOT,NONE,0
1259,60c5d7495659ea5e55df09c5,hi_hasoc_2021_1259,"बंगाल के हालात देख कर आमिर ख़ान, जावेद अख़्तर, नसीर उद्दीन शाह इत्यादि को अब भारत में डर नहीं लग रहा क्योंकि मरने वाला सुअर नहीं इंसान है । @Javedakhtarjadu @AzmiShabana @RanaAyyub @_sabanaqvi #AamirKhan #naseeruddinshah @ndtv @the_hindu @AITCofficial #BengalBurning @ABPNews",NOT,NONE,0
3415,60c5d7495659ea5e55df1a31,hi_hasoc_2021_3415,सेना के हवाले बंगाल करो या हिंदूओं की सुरक्षा की गारंटी। #शर्मनाक_हिंसा #राष्ट्रपति_जी_बंगाल_संभालो #ममता_की_निर्ममता #BengalBurning,NOT,NONE,0
124,60c5d7495659ea5e55df0515,hi_hasoc_2021_124,"@nkrai17 @sk_traza98 बेटा थाली बजा यंहा भक्तों नग्नता पर पर्दा डालने की कोशिश मत कर  #ModiResign  #ModiKaVaccineJumla अनगिनत हत्याओं के जुर्म में #आजीवनजेल_जाएगा_तो_मोदी_ही  #आजीवनजेल_जाएगा_तो_मोदी_ही   #आजीवनजेल_जाएगा_तो_मोदी_ही  #आजीवनजेल_जाएगा_तो_मोदी_ही  यकीनन यदि परिजनों में बुजदिली, कायरता न हो",NOT,NONE,0
3071,60c5d7495659ea5e55df1534,hi_hasoc_2021_3071,"कोई भ्रम में ना रहे! हम अगर @BJP4India @narendramodi @AmitShah @sambitswaraj  या सरकार से तीखे सवाल शिकायतें कर रहे तो , विपक्ष को खुश होने की जरूरत नहीं bcz फेवरिट की लिस्ट में 1 से 10 तक #मोदी और  फिर लिस्ट ख़त्म.. #TMCTerror #BengalBurning",NOT,NONE,0
5979,60c5d7495659ea5e55df19da,hi_hasoc_2021_5984,@thewirehindi मोदी तुम इस्तीफा दो हम तुम्हारे साथ है #ResignModi  #Resign_PM_Modi  #ModiHataoDeshBachao https://t.co/spsvPTov8W,NOT,NONE,0
450,60c5d7495659ea5e55df0777,hi_hasoc_2021_450,ईश मेहफ़िल मे कोविड-१९ तो यूही बदनाम है. यहाँ तो इंसान ही इंसान को मार रहा है...  #Remedisivir #NarendraModi #CoronaVaccine #CoronaSecondWave #RemdesivirBlackMarketing #REMDESIVIR #remdesivirinjection #ModiKaVaccineJumla #AIIMS #who #Corrupcion #Politics #BlackMarketing #COVID19,NOT,NONE,0
1123,60c5d7495659ea5e55df0b3e,hi_hasoc_2021_1123,@shivam1b @RoflRangeela गधा सबसे मेहनती जानवर होता उसके जितना संघर्ष कोई नही करता फिर भी उसकी कदर कोई नही करता है भाई🤗,NOT,NONE,0
1239,60c5d7495659ea5e55df0a85,hi_hasoc_2021_1239,वाह क्या सिस्टम है हत्या भी हुई सबूत भी मिट गया और कातिल भी कोई नही। #JusticeForShahabuddin https://t.co/2gxz0miPty,NOT,NONE,0
3599,60c5d7495659ea5e55df1b0d,hi_hasoc_2021_3599,Punishments for Andhbhakts in  GarudPuraan  (गरुडपुराण)  https://t.co/H57S1BPjRX   #ModiKaVaccineJumla,NOT,NONE,0
5381,60c5d7495659ea5e55df13d5,hi_hasoc_2021_5384,@kapsology मोदी तुम इस्तीफा दो हम तुम्हारे साथ है #ResignModi  #Resign_PM_Modi  #ModiHataoDeshBachao https://t.co/spsvPTov8W,NOT,NONE,0
3829,60c5d7495659ea5e55df1896,hi_hasoc_2021_3829,एक बार इस बात पर भी सोचना ये भी सच हे #कोरोना_को_चुनाव_मे_बढ़त #5G_टावर_टेस्टिंग_बंद_करो #ModiSarkarHiSystemHai #ModiKaVaccineJumla #RojgarResult #PetrolDieselPriceHike #berojgar_bharat #Corona #BJP_MP_MLA_Missing #BJPFailsIndia @vinitgurjar744 @GurjarBoysPage @atulpradhansp https://t.co/HGJvBtx78E,NOT,NONE,0
2846,60c5d7495659ea5e55df166c,hi_hasoc_2021_2846,जो शहाबुद्दीन के साथ हुआ वो आज़म खान के साथ नहीं होना चाहिए इसलिए आइए हम सब आवाज उठाते हैं..  #JusticeForShahabuddin,NOT,NONE,0
456,60c5d7495659ea5e55df07e4,hi_hasoc_2021_456,Any bjp leaders in West bengal who can arrange the crowd funding for victims family? @SuvenduWB @KapilMishra_IND arranged it in Delhi.... #राष्ट्रपति_जी_बंगाल_संभालो #BengalBurning #WestBengal,NOT,NONE,0
298,60c5d7495659ea5e55df05c3,hi_hasoc_2021_298,मा. महोदय सर मौजा.हनवतखेडा पो. स्टे. खंडाळा अंतर्गत अवैध गावठी दारू व मटका जुगार सरास चालु असून त्यावर अंकुश आणणे अत्यंत गरजेचं आहे कृपया लक्ष घालावे,NOT,NONE,0
774,60c5d7495659ea5e55df0c1b,hi_hasoc_2021_774,@Rajpootfact मस्त रहो दुष्ट चुहिया जी ।🙈 दबाकर खाना खाओ और बिंदास सो जाओ । 😊😍,NOT,NONE,0
4752,60c5d7495659ea5e55df0b17,hi_hasoc_2021_4753,"@satyagodara @narendramodi भाई मीठी छुरी बनके आज मोदीजी ने विपक्ष को छलनी कर दिया। आज ऐसा प्रतीत हुआ उनके शब्दो से कि जैसे अब सब जाए भाड़ में, गाड़ी का स्टेरिंग अब मैं संभालूँगा, बैठो सारे पीछे..पप्पू चप्पू आ जाओ सब इब देखेंगे इस कोरोना ने।☺️",NOT,NONE,0
1928,60c5d7495659ea5e55df0f50,hi_hasoc_2021_1928,"जब बंगाल में रैली करनी थी तब लाखो कार्यकर्ताओं को बुलाकर रैलियां करते थे, अब जब हम जैसे  कार्यकर्ता को पीटा जा रहा है तो बोल रहे है कि कोरोना प्रोटोकॉल को ध्यान में रखते हुए धरना देंगे! ये सिर्फ हम हिन्दुओ को बेवकूफ बना रहे है!"" #BengalBurning",NOT,NONE,0
4120,60c5d7495659ea5e55df1923,hi_hasoc_2021_4120,हक की आवाज को मजबूत कीजिए एक बार फिर से लिखिए #JusticeForShahabuddin,NOT,NONE,0
2144,60c5d7495659ea5e55df120b,hi_hasoc_2021_2144,जो शहाबुद्दीन के साथ हैं वो इस ट्वीट को रीट्वीट करें और इस हैसटैग पर ट्वीट करें #JusticeForShahabuddin,NOT,NONE,0
473,60c5d7495659ea5e55df0750,hi_hasoc_2021_473,@fatehaliya @D_Tribal_ बिल्कुल बहरूप ज्यादा दिन नहीं चलता #JusticeForShahabuddin,NOT,NONE,0
209,60c5d7495659ea5e55df0646,hi_hasoc_2021_209,Bengal: पश्चिमी मिदनापुर में Union Minister V Muraleedharan पर TMC गुंडों का हमला.. #BengalBurning​ #mamatabanerjee​  #westbengal  https://t.co/IFx8UUllwD,NOT,NONE,0
1072,60c5d7495659ea5e55df0a9f,hi_hasoc_2021_1072,लगता हैं आज लोकतंत्र खतरे में नहीं हैं.!  #BengalBurning  #BengalViolence  #PresidentsRuleinBengal #BengalRiots  @Dev_Fadnavis @niranjandtweets @narendramodi @AmitShah @jitengajaria  https://t.co/ljxaEtxCTX,NOT,NONE,0
29,60c5d7495659ea5e55df0651,hi_hasoc_2021_29,@mla_sudhakar @BJP4Karnataka @narendramodi @CMofKarnataka #Hindus DYING #HindusLivesMatter   #KindAttnPMNarendraModi  #coronasecondwaveinindia #ModiMadeDisaster #ResignModi    #BJP #RSS LIARS   I WARNED 2 YRS BACK #RSSTerrorists BANNED BY SARDAR PATEL IGNORED  #शेर_नहीं_भेड़िया_पाल_लिया_भक्तो  #MautKaSaudagar,NOT,NONE,0
3404,60c5d7495659ea5e55df198d,hi_hasoc_2021_3404,#BengalBurning #राष्ट्रपति_जी_बंगाल_संभालो https://t.co/0n9yMDOWOk,NOT,NONE,0
3477,60c5d7495659ea5e55df1bd9,hi_hasoc_2021_3477,"@NijiSachiv अजित जी अब बस कीजिए अकाउंट तो हमारा भी सस्पेंड हुआ है @sanjeev292000 केवल जिहादी लिखने के जूर्म में। बहुत हुआ @narendramodi और @BJP4India का विरोध हम हिंदुओं द्वारा जो हमारा हक है पऱतु BJP को छोड़कर कोई बामी,कामी और सेकुलर पार्टियों ने आज तक आवाज नहीं उठाई #BengalBurning पर",NOT,NONE,0
3273,60c5d7495659ea5e55df17a3,hi_hasoc_2021_3273,#SuperSpreaderModi #ModiDisasterForIndia  #ResignModi #Resign_PM_Modi  #VaccineRegistration  #cowinregistration #KindAttnPMNarendraModi #किसानों_का_मोदी_को_धोबीपटका  😡 https://t.co/m20AaqSEu1,NOT,NONE,0
3654,60c5d7495659ea5e55df1a60,hi_hasoc_2021_3654,"@Shubhrastha @JPNadda अहिंसा वीरों का आभूषण होती है, अकर्मण्यो एवं कायरों का नहीं। शायद @narendramodi जी नहीं जानते कि बहुत कुछ सोचने वाला किंतु करनी में विलंब करने वाला सदैव विनाश को प्राप्त होता है। #BengalBurning #BengalViolence",NOT,NONE,0
1022,60c5d7495659ea5e55df0a9e,hi_hasoc_2021_1022,@CMMadhyaPradesh  @ChouhanShivraj @collectorshivp1   Vaccine पूर्णत: सुरक्षित है. मैने अपना 1st वैक्सीन शाॅट आज आदरणीय @CMHO सर शिवपुरी व समाजसेवी भैया हेमंत ओझा की मौजुदगी में लिया 🤘  #CovidVaccine  #LargestVaccinationDrive https://t.co/v962wkvTpq,NOT,NONE,0
2365,60c5d7495659ea5e55df1276,hi_hasoc_2021_2365,@narendramodi @JPNadda @AmitShah 🙏🙏🙏कुछ करिए सर प्लीज😢😢😢 #BengalBurning #CruelMamata,NOT,NONE,0
3954,60c5d7495659ea5e55df1c52,hi_hasoc_2021_3954,देश में #COVID19 वैक्सीन पर्याप्त मात्रा में उपलब्ध है। देखिए 6 मई 2021 तक देशभर में #COVIDVaccine की उपलब्धता और खपत के आंकड़े।  #IndiaFightsCorona #TogetherWeCan #LargestVaccineDrive #Unite2FightCorona https://t.co/cpvAQLPVir,NOT,NONE,0
1731,60c5d7495659ea5e55df0f11,hi_hasoc_2021_1731,वफादारी इसे कहते हैं #BoycottRJD |  ना कोई पद की चिंता | ना कोई पार्टी के चिंता |  बस चिंता है तो अपनों का  शुक्रिया विधायक जी ( रघुनाथपुर विधानसभा )   ❣❣❣ #JusticeForShahabuddin https://t.co/XFF3JyqAvk,NOT,NONE,0
2232,60c5d7495659ea5e55df1159,hi_hasoc_2021_2232,जब पूर्व सांसद मोहम्मद शाहबुद्दीन की करोना रिपोर्ट नेगेटिव थे तो फिर उनकी इलाज में इतनी लापरवाही क्यों? #JusticeForShahabuddin,NOT,NONE,0
1468,60c5d7495659ea5e55df0e59,hi_hasoc_2021_1468,"हमने तुमको दिल ये दे दिया, ये भी ना पूछा कौन हो तुम.... ! ! उपरोक्त पंक्ति में कवि अंधेरे में तीर मार रहा है। 🙊😜😆😆 #ModiKaVaccineJumla # @Anuyadav88 @Thanos_pandith @RachnaSinghSP @Aak__Thu @MrRohitYadav_SP",NOT,NONE,0
1946,60c5d7495659ea5e55df0e71,hi_hasoc_2021_1946,अगर शहाबुद्दीन साहब के इन्साफ नहीं मिला तो Tejashwi Yadav जी मुख्यमंत्री का सपना देखना छोड़ दिजिए  #JusticeForShahabuddin  👍,NOT,NONE,0
501,60c5d7495659ea5e55df0753,hi_hasoc_2021_501,जल्द ही सुहागरात भी चौराहे पर मनाना आधुनिकता कहलाएगा  जब यही सब आधुनिकता है तो कुत्ते-कुतिया हमसे अधिक आधुनिक हैं।  एक समय था जब कपड़े उतारने पर महाभारत हुई थी और आज किसी ने कपड़े पहनने के लिए बोल दो तो महाभारत हो रही है।   आओ जड़ो की ओर लौट चले। आधुनिकता से कहीं दूर❤️❤️ https://t.co/5bmAhYPQDX,NOT,NONE,0
707,60c5d7495659ea5e55df0791,hi_hasoc_2021_707,"कर्नाटक में दूसरी लहर का कहर, 24 घंटों में कोरोना के 44 हजार से ज्यादा मामले  #IndiaCovidCrisis https://t.co/hatDQC4kDu",NOT,NONE,0
5416,60c5d7495659ea5e55df148c,hi_hasoc_2021_5419,"He was my Real Hero बिछड़ा कुछ इस अदा से कि रुत ही बदल गई, इक शख़्स सारे शहर को वीरान कर गया।।  शाम ढले हर पंछी को घर जाना पड़ता है, कौन ख़ुशी se मरता है मर ही जाना पड़ता है। अल्लाह डॉ मोहम्मद शहाबुद्दीन साहब को जन्नत अता करें।  #justiceforShahabuddin #Sher_r_Bihar #Legendofbihar",NOT,NONE,0
759,60c5d7495659ea5e55df0ab1,hi_hasoc_2021_759,"मोदीजी आपके बाप होंगे , इस देश के बाप नही  #ModiResign #ModiGovtSeNaHoPayega  #ModiMadeDisaster  #ModiHataoDeshBachao  #ModiFailedIndia  #ModiKaVaccineJumla  #ModiAgainstDelhi #ModiStopElectionRallies https://t.co/yNiJbrOLwR",NOT,NONE,0
2161,60c5d7495659ea5e55df1162,hi_hasoc_2021_2161,@DChaurasia2312 यह बात उनको प्रधानमंत्री @narendramodi जी को बताना चाहिए था  ये नहीं कि ट्विटर को और जनता को  जनता क्या करेगी इसमें #BengalBurning,NOT,NONE,0
1478,60c5d7495659ea5e55df0f51,hi_hasoc_2021_1478,मक़तल में आ गया हूं तेरा साथ चाहता हूं तदफी़न  हो  रहा  हू  तेरा  साथ चाहता हूं ~@ShayarShahnawaz   अल्लाह घर वालों को सब्र दें! #JusticeForShahabuddin https://t.co/6KTZS9SUz0,NOT,NONE,0
552,60c5d7495659ea5e55df079b,hi_hasoc_2021_552,शेर-ए-बिहार मोहम्मद शहाबुद्दीन #JusticeForShahabuddin https://t.co/dBSg7XLbfd,NOT,NONE,0
2816,60c5d7495659ea5e55df15fb,hi_hasoc_2021_2816,मै ये कहकर जाऊंगा कि #सांसों ने मुझे हरा दिया किसी #जम्हूरियत ने मुझे नही #हराया मोहम्मद #शहाबुद्दीन साहेब !   #JusticeForShahabuddin #StandwithOsamaSahab #Politics   @MSAalamOfficial #MSAalam https://t.co/2MiOKV4Ud2,NOT,NONE,0
2866,60c5d7495659ea5e55df1581,hi_hasoc_2021_2866,राजद के नेता को खासकर के तेजस्वी यादव को ये भी देखकर शर्म आनी चाहिए की जीतन राम ने आवाज उठाने का काम कर रहे है और जिस पार्टि के लिए साहेब जिदगी खत्म कर दिये आज वो आवाज नही उठा रहा है तो इसका खमियाजा भुगतना पडेगा। #JusticeForShahabuddin @yadavtejashwi  @laluprasadrjd  @TejYadav14 https://t.co/V46zZnNWL7,NOT,NONE,0
92,60c5d7495659ea5e55df0579,hi_hasoc_2021_92,@yadavtejashwi ज़िंदगी और मौत दोनों से डर रहे है। बंदे में कुछ तो ख़ास बात थी। इसलिए ही लाश देने से डर रहे है। #JusticeForShahabuddin,NOT,NONE,0
2273,60c5d7495659ea5e55df11c9,hi_hasoc_2021_2273,तिहाड़ जेल के स्पेशल सेल में कोरोना पहुंचा कैसे मुझे लगता हे ये सिस्टम का कोरोना है    #JusticeForShahabuddin,NOT,NONE,0
1644,60c5d7495659ea5e55df1098,hi_hasoc_2021_1644,"@laluprasadrjd जैसे बाल्टी में दूध बेचने वाले नेता,  ""तब"" बनते हैं   ""जब"" उनके पीछे ""#शहाबुद्दीन"" जैसा  शेर होता है!🔥 #JusticeForShahabuddin",NOT,NONE,0
2952,60c5d7495659ea5e55df15ad,hi_hasoc_2021_2952,हत्यारा के लिए why this trend #JusticeForShahabuddin,NOT,NONE,0
289,60c5d7495659ea5e55df0544,hi_hasoc_2021_289,"कई #बादशाहों ने भी छोड़ दी थी तख्त इतनी लाशें देख कर।  लेकिन #हैवान कातिल खा रहा हैं अब भी रोटियां, चिताओं पे सेक कर।।😢😢 #Resign_PM_Modi  #ResignModi  #BanEVM #banevm_savedemocracy https://t.co/on6zjcMwBU",NOT,NONE,0
2837,60c5d7495659ea5e55df1588,hi_hasoc_2021_2837,कब खून खौलेगा आपका @AmitShah ?? कि @narendramodi को नोबेल दिला कर ही मानेंगे? #BengalBurning #BengalViolence  #BengalElection2021 https://t.co/FhBoDKqkKe,NOT,NONE,0
3474,60c5d7495659ea5e55df1b6c,hi_hasoc_2021_3474,बचपन से देखते आया हू की   चाय में बिस्किट डूब जाता है पर आज तो चाय ने पूरा देश डूबो दिया...☕ #ModiKaVaccineJumla,NOT,NONE,0
3453,60c5d7495659ea5e55df1a33,hi_hasoc_2021_3453,ममता बनर्जी ने तो सीबीआई तक कोई नहीं छोड़ा था।  ये 4 लोग पता नहीं क्या उखाड़ लेंगे।   साहेब के दिमाग को भी कोरोना हो गया है।  #BengalBurning । #BengalViolence,NOT,NONE,0
1718,60c5d7495659ea5e55df0d82,hi_hasoc_2021_1718,बता दे कि पालघर में जिस तरह पुलिस की मौजूदगी में बर्बरतापूर्ण संतों की हत्या हुई और सोशल मीडिया पर उसका वीडियो वायरल हुआ तब पता चला कि दुष्ट लोगों को हिन्दू साधु-संतों से कितनी नफरत है। नफरत की इंतहा ये थी कि पुलिस की मौजूदगी से भी इन लोगों को कुछ फर्क नहीं पड़ा।,NOT,NONE,0
5145,60c5d7495659ea5e55df0cdb,hi_hasoc_2021_5148,@yogitabhayana @LambaAlka @DelhiPolice @DCPWestDelhi तिहाड़ जेल के स्पेशल सेल में कोरोना पहुंचा कैसे मुझे लगता हे ये सिस्टम का कोरोना है    #JusticeForShahabuddin,NOT,NONE,0
3969,60c5d7495659ea5e55df1994,hi_hasoc_2021_3969,आखरी सलाम 😥 #justiceForShahabuddin https://t.co/SI31p08Krc,NOT,NONE,0
2013,60c5d7495659ea5e55df0e10,hi_hasoc_2021_2013,बाबा एक बार फिर से कहो ना 🤪 एक बार फिर मोदी सरकार 🤗🤗 @sakshijoshii  @ravishndtv  @abhisar_sharma  @Abhinav_Pan  #RohitSardana  #AkshayKumar  #ModiKaVaccineJumla  #रोहित_सरदाना  #ModiResign  #AatmanirbharBharat  #CoronavirusPandemic  #indianeedoxygen  #YogiJhootaHai,NOT,NONE,0
795,60c5d7495659ea5e55df0a0e,hi_hasoc_2021_795,@qarisohaibrjd @Habiib011 अल्लाह मरहूम को जन्नत में आला मक़ाम आता करे और घर के लोगों को सब्र करने की हिम्मत दे  #JusticeForShahabuddin #MuslimLivesMatter,NOT,NONE,0
5594,60c5d7495659ea5e55df16a3,hi_hasoc_2021_5597,@BoltaHindustan @laluprasadrjd @RJDforIndia @yadavtejashwi मोदी तुम इस्तीफा दो हम तुम्हारे साथ है #ResignModi  #Resign_PM_Modi  #ModiHataoDeshBachao https://t.co/spsvPTov8W,NOT,NONE,0
1743,60c5d7495659ea5e55df0ff5,hi_hasoc_2021_1743,कहा मार गए मुस्लिमों के मसीहा #AsaduddinOwaisi  शाहबुद्दीन के बेटे को आपकी जरूरत है अल्लाह के लिए उनकी मदद करे #JusticeForShahabuddin,NOT,NONE,0
2470,60c5d7495659ea5e55df1470,hi_hasoc_2021_2470,#OPS #BanEVM #पुरानी_पेंशन_बहाल_करो #FarmersProtest #SpeakUpForFarmers #StopPrivatization #ModiMadeDisaster #NPS_भारत_छोड़ो #NPS_QUIT_INDIA #NPSनिजीकरणभारतछोड़ो #OPS_कर्मचारी_का_अधिकार #NPSनिजीकरणकेख़िलाफ़_इंक़लाब #Resign_PM_Modi  #किसान_कार्मिक_संग_संग  #देश_ऑक्सीजन_मांगता_है,NOT,NONE,0
5099,60c5d7495659ea5e55df102b,hi_hasoc_2021_5102,"पण्डित: ""पूजाको  थाल ल्यानुस् 🎵।"" (भाई कुदेर पूजाको थाल लिएर आयो।) पूजा पछि पछि कुद्दै आइन, ""खाना त खान दे ,चोर गधा !😠😠"" (😂😂🤣🤣)",NOT,NONE,0
3529,60c5d7495659ea5e55df1a26,hi_hasoc_2021_3529,@Jhon_The_Don जितने बड़ा दोगला उतने बड़ा अन्धभक्तों का पूज्य भगवान होगा 😁,NOT,NONE,0
1462,60c5d7495659ea5e55df0ddd,hi_hasoc_2021_1462,"""हार जीत तो ठीक है मज़े की बात ये है साहब का बांग्लादेश के लिए आंदोलन कर जेल जाना बेकार हो गया...!!😜🙈  #JusticeForShahabuddin",NOT,NONE,0
3564,60c5d7495659ea5e55df1c7b,hi_hasoc_2021_3564,शहाबुद्दीन की बिहार में तदफीन नहीं हुई अब बिहार में भी राजद की तदफीन होगी । इंशा अल्लाह  #GaddarRJD #JusticeForShahabuddin,NOT,NONE,0
874,60c5d7495659ea5e55df09cb,hi_hasoc_2021_874,"शहाबुद्दीन साहब को कोरोना नहीं था,तो मौत कैसे हुई ? जब कोरोना रिपोर्ट नेगेटिव है तो बॉडी क्यों नही ले जाने दे रहे ? आखिर छुपाया क्या जा रहा है किस बात का डर है ? #JusticeForShahabuddin",NOT,NONE,0
2688,60c5d7495659ea5e55df13fc,hi_hasoc_2021_2688,रोहित सरदाना की डेड बाडी उनके सहर को दी जा सकती है लेकिन बिहार के र्पुव सांसद सहाबुद्दीन की बाडी उनके परिवार को कयो नही| @narendramodi @ArvindKejriwal @yadavtejashwi #JusticeForShahabuddin,NOT,NONE,0
1165,60c5d7495659ea5e55df0b81,hi_hasoc_2021_1165,@mohd_ali_sahil @AlamAnsari930 बहुत खूब सर जी  #JusticeForShahabuddin,NOT,NONE,0
1080,60c5d7495659ea5e55df0b1f,hi_hasoc_2021_1080,"अलविदा शेर-ए-बिहार…  अल्लाह आपकी मग़फ़िरत फरमाए, आपको जन्नतुल फिरदौस में आला मकाम अता फरमाए और अहले खाना को सब्र जमील अता फरमाए. 🤲 #JusticeForShahabuddin https://t.co/bqvsoBlKkz",NOT,NONE,0
1568,60c5d7495659ea5e55df0edb,hi_hasoc_2021_1568,"आग लगाने वालों को कहा खबर, रुख हवाओं ने बदला तो खाक वो भी होगे‌..  #JusticeForShahabuddin",NOT,NONE,0
3236,60c5d7495659ea5e55df178f,hi_hasoc_2021_3236,चुनाव के नतीजे आते ही भाजपा सरकार ने पेट्रोल और डीज़ल महंगा करना शुरू कर दिया है। आज से दाम बढ़े।  #ResignModi   #PetrolDieselPriceHike @RahulGandhi @Neerajkundan,NOT,NONE,0
844,60c5d7495659ea5e55df0a57,hi_hasoc_2021_844,"साहब ने कहा था मैं आते ही हर गांव उजाला कर दूंगा, लोगों को थोड़ी मालूम था कि यह उजाला शमशान की होगी। #ModiKaVaccineJumla #ModiAgainstDelhi https://t.co/YiZxfFODiV",NOT,NONE,0
2689,60c5d7495659ea5e55df1409,hi_hasoc_2021_2689,वाह रे भारत का संविधान जनता द्वारा नकारा गया व्यक्ति मुख्यमंत्री की शपथ ले रहा है। #BengalBurning #राष्ट्रपति_जी_बंगाल_संभालो,NOT,NONE,0
3292,60c5d7495659ea5e55df16be,hi_hasoc_2021_3292,@PuspendraTweet सेकुलर और पुरस्कार वापसी गैंग कहा है ... #BengalBurning #Bengalisburning #HinduGenocideBengal #HindusLivesMatter https://t.co/FC9eZPOgq0,NOT,NONE,0
1367,60c5d7495659ea5e55df0d30,hi_hasoc_2021_1367,अलविदा शेर-ए-बिहार…  अल्लाह ताला साहेब को जन्नतुल फिरदौस में आला से आला मकाम अता करे आमीन। 🤲 #JusticeForShahabuddin  @tshahab05 @yadavtejashwi @Siwan_Rjd @RJDforIndia @laluprasadrjd @manojkjhadu @sanjuydv @JitendraRaiMLA @iAwadhBihariRJD @chitraaum @KrDivashankar @TejYadav14 https://t.co/2uihsuXku0,NOT,NONE,0
2996,60c5d7495659ea5e55df15a8,hi_hasoc_2021_2996,@DKSinghSom कभी उसको बताया गया कभी उसको बताएगा अबे चुटिया कभी अपना इतिहास उठा कर देखा है यह सामान्य पिछड़ा वर्ग sc-st क्षत्रियों में या ब्राह्मणों में कोई लफड़ा नहीं होता है यह तो कुछ क्षत्रियों की आर्थिक स्थिति कमजोर होने की वजह से क्षत्रिय और ब्राह्मण सामान्य को छोड़कर ओबीसी में डाल दिए गए,NOT,NONE,0
3787,60c5d7495659ea5e55df1886,hi_hasoc_2021_3787,@upadhyayabhii ये लड़ाई सेक्युलरिज्म की और यही असली सेक्युलरिज़्म है भाई। #BengalBurning,NOT,NONE,0
3594,60c5d7495659ea5e55df1adf,hi_hasoc_2021_3594,अगर मोदी नही मानता किसानों की बात  तो गाँव-गाँव जाएँगे उत्तर प्रदेश  में भी चुनाव हराएँगे किसान एकता ज़िन्दाबाद...!! #ResignModi,NOT,NONE,0
3285,60c5d7495659ea5e55df17e2,hi_hasoc_2021_3285,जो शहाबुद्दीन के साथ हैं वो इस ट्वीट को रीट्वीट करें और इस हैसटैग पर ट्वीट करें #JusticeForShahabuddin,NOT,NONE,0
3179,60c5d7495659ea5e55df15c2,hi_hasoc_2021_3179,प्राचीन भारत में रथ उड़ते थे जानवर बोलते थे। फिर देश मे आरक्षण लागू हुआ औऱ इनकी यह काबिलियत खत्म हो गई। Haina bro😂😆,NOT,NONE,0
2011,60c5d7495659ea5e55df0deb,hi_hasoc_2021_2011,तिहाड़ जेल के स्पेशल सेल में कोरोना पहुंचा कैसे मुझे लगता हे ये सिस्टम का कोरोना है    #JusticeForShahabuddin,NOT,NONE,0
3786,60c5d7495659ea5e55df1c50,hi_hasoc_2021_3786,आज @BJP4INDIA के ￼आह्वाहन पर @BJP4DELHI के ￼प्रदेश अध्यक्ष @adeshguptabjp के नेतृत्व में दिल्ली के भाजपा कार्यकर्ताओं ने Mamata Banerje सरकार के विरोध में प्रदर्शन किया T.M.C उन पर हमला कर रही है जिन्होंने चुनाव प्रक्रिया में भाग लेते हुए भाजपा का समर्थन किया ! #BengalBurning https://t.co/GZDp2ATOa3,NOT,NONE,0
2414,60c5d7495659ea5e55df11ef,hi_hasoc_2021_2414,"मैं मानता हूं यूपी के CM होने के नाते योगी जिम्मेदार है कोरोना मैनेजमेंट के लिये  पर जनता जिम्मेदार नही है जो 1 साल में ये भी नही सिख पाई मास्क कैसे लगाया जाता , लोकडौन का मतलब घर मे रहना होता  आप कब जिम्मेदारी समझेंगे ?  #EconomistSanghi #BengalBurning https://t.co/0LZb4OHuWw",NOT,NONE,0
565,60c5d7495659ea5e55df084d,hi_hasoc_2021_565,"भैया, मै इस व्यक्ति को पहले से जनता था।अन्य अन्य प्रदेशों में रहने वाले मेरे मित्र इसके जहरीले व्यवहार से भली भांति परिचित थे। फिलहाल उन सभी सपों 🐉 को जाने दीजिए। स्वर्ग जैसी पार्टी को जनता पुनः सत्ता में लाएगी। @priyankagandhi  #दोगला_जितिन_प्रसाद https://t.co/516fInBvt9",NOT,NONE,0
3811,60c5d7495659ea5e55df1b35,hi_hasoc_2021_3811,(TARGET) भगवा-ए-हिंद .. 💪🏻🇮🇳🚩 #HinduRashtra #isupportmodi #Modi #BJP #Shamemamatabannerjee #tmcgoons #ShameOnMamata #ArrestMamata #BengalBurning #BengalViolence #TMCTerror  #HindusLivesMatter #राष्ट्रपति_जी_बंगाल_संभालो #BengalTrustsModi #ममता_खूनी_है #AntiHinduMamata https://t.co/Jidnh9cY1b,NOT,NONE,0
1874,60c5d7495659ea5e55df0f27,hi_hasoc_2021_1874,रक्षकों के भक्षक! कोन हो सकते हैं ये लोग? #BengalBurning #BSF https://t.co/hzqfo2YdEe,NOT,NONE,0
2417,60c5d7495659ea5e55df1244,hi_hasoc_2021_2417,"@BJP4Rajasthan अगर धरना देने से सब सही हो जाता तो..  कुरुक्षेत्र में भी ""श्री कृष्ण"" जी ""अर्जुन"" को यही सलाह देते..। 😡😡😡  #BengalBurning  #BengalViolence  #KhooniKhela  #WestBengalViolence #SaveBengalBJPsupporters  #SaveHindusInBengal",NOT,NONE,0
1934,60c5d7495659ea5e55df0d55,hi_hasoc_2021_1934,चुप रहो,NOT,NONE,0
783,60c5d7495659ea5e55df095f,hi_hasoc_2021_783,#PresidentRuleInBengal #presidentkovind #BengalBurning #SupremeCourtofIndia #PMOIndia #PMModi #BJP  #MamtaisTerrorist #बंगाल_हिंसा #खेलाहोबे #खूनी #खेला_होबे #KhelaHobe #tmcgoons #राष्ट्रपति_शासन #बंगाल_में_राष्ट्रपति_शासन_हो #बंगाल_कश्मीर_बन_गया #हिन्दू_शस्त्र_उठाओ_आत्मरक्षा_में https://t.co/9kDn2FmED4 https://t.co/4Yz83K6lb0,NOT,NONE,0
5921,60c5d7495659ea5e55df19fe,hi_hasoc_2021_5926,@_garrywalia @SPatel_Indian मोदी तुम इस्तीफा दो हम तुम्हारे साथ है #ResignModi  #Resign_PM_Modi  #ModiHataoDeshBachao https://t.co/spsvPTov8W,NOT,NONE,0
2213,60c5d7495659ea5e55df120d,hi_hasoc_2021_2213,"बहुत ही घमंड था की पलॉट मिलेंगे कश्मीर की वादि में 😜 अब बेड भी नहीं मिल रहा सहर की आवादी में 🤔  ਗਜ਼ਬ ਦਾ ਘੁਮੰਡ ਸੀ ਕਿ ਪਲਾਟ ਮਿਲਣਗੇ ਕਸ਼ਮੀਰ ਦੀ ਵਾਦੀ 'ਚ,  ਹੁਣ ਬੈੱਡ ਵੀ ਨਹੀਂ ਮਿਲ ਰਹੇ ਆਪਣੇ ਸ਼ਹਿਰ ਦੀ ਆਬਾਦੀ 'ਚ ! #ModiKaVaccineJumla #ResignModi",NOT,NONE,0
915,60c5d7495659ea5e55df0b7a,hi_hasoc_2021_915,अलविदा शेर_ए बिहार...  अल्लाह आपकी मग़फिरत फरमाए आपको जन्नतुल फिरदोस में आला मुकाम अता फरमाए और अहले खाना सब्र जमील अता फरमाए. 🤲आमीन #JusticeForShahabuddin @tahsin_faizi @AshrafFem https://t.co/PxGPBMUgUs,NOT,NONE,0
2732,60c5d7495659ea5e55df137f,hi_hasoc_2021_2732,ज़िंदगी और मौत दोनों से डर रहे है। बंदे में कुछ तो ख़ास बात थी। इसलिए ही लाश देने से डर रहे है। #JusticeForShahabuddin,NOT,NONE,0
2199,60c5d7495659ea5e55df110e,hi_hasoc_2021_2199,वक़्त की फ़ितरत ही ऐसि हें ये पलत जात हैं... @narendramodi @AmitShah @smritiirani @PiyushGoyal  Kudos to @PrashantKishor @MamataOfficial @ShekharGupta @ThePrintIndia  #KhelaHobe #Didi #MamataBanerjee #India  #ModiKaVaccineJumla #ModiResign #ModiFailsIndia  https://t.co/66xh8Z6eAy,NOT,NONE,0
42,60c5d7495659ea5e55df0599,hi_hasoc_2021_42,"हार गया ओसामा, जीत गयी राजद, जीत गया तेजस्वी, आज़ादी मुबारक हो लालू..!! 😢😢 #JusticeForShahabuddin @OsamaShahab11 @RJDforIndia @yadavtejashwi https://t.co/1ISPnkHMjx",NOT,NONE,0
1558,60c5d7495659ea5e55df0d75,hi_hasoc_2021_1558,#bangalviolence #राष्ट्रपति_जी_बंगाल_संभालो #CruelMamata  #BengalBurning  #SpinelessBJP,NOT,NONE,0
1476,60c5d7495659ea5e55df0f3f,hi_hasoc_2021_1476,"लड़ना तो अर्जुन को ही होगा कान्हा इस बार भी हथियार नहीं उठाएगा हाँ तूं अगर लड़ने के लिए तैयार होगा आ के तेरा रथ जरूर चलाएगा 100 करोड़ हो, एक एक पत्थर मारोगे तो हिमालय बन जायेगा सड़क पे मिल के निकलोगे सता छोड़ डायन भाग जायेगी मुशकिल घड़ी में ही विराथू पैदा होते हैं #BengalBurning",NOT,NONE,0
3810,60c5d7495659ea5e55df1b16,hi_hasoc_2021_3810,‼Lets Face It 𝗖𝗼𝘃𝗶𝗱-𝟭𝟵 Day 𝟰𝟮𝟳‼  𝟯𝟵𝟮𝟰𝟴𝟴 Fresh #IndiaCovidCrisis  Cases &amp; 𝟯𝟲𝟴𝟵 Deaths in The Last 24 Hours‼  #कोरोना_को_चुनाव_मे_बढ़त  #नरेंद्र_मोदी_ग्लोबल_पप्पू   𝗠𝗲𝗮𝗻𝘄𝗵𝗶𝗹𝗲 A Day Without Laughter is a Day Wasted #WorldLaughterDay  #WestBengalPolls https://t.co/MHSQI12mFU,NOT,NONE,0
123,60c5d7495659ea5e55df06d9,hi_hasoc_2021_123,#इतिहास_दोहरा_रहा_है #BengalBurning https://t.co/lD3cCiEGG3,NOT,NONE,0
1393,60c5d7495659ea5e55df0f79,hi_hasoc_2021_1393,कल जब.... #वॉशिंगटन_पोस्ट  #न्यूयॉर्क_टाइम्स सहित ग्लोबल मीडिया ने बताया कि भारत की स्वास्थ्य व्यवस्था बिल्कुल ध्वस्त हो चुकी है तो यकीन नहीं हुआ लेकिन अब करना पड़ रहा है!!  😢😢  #ResignModi  #BJP_Hatao_Desh_Bachao https://t.co/ya8PdSpn8R,NOT,NONE,0
4212,60c5d7495659ea5e55df1b71,hi_hasoc_2021_4212,#राष्ट्रपति_जी_बंगाल_संभालो  #BengalBurning #BengalViolence @MamataOfficial https://t.co/duxovxZUVY,NOT,NONE,0
5221,60c5d7495659ea5e55df1232,hi_hasoc_2021_5224,बंगाल की गलियां सुनी है ! ममता बनर्जी खूनी है !! Aur sath mein humare apne neta bhi !! #spinelessmodi #SpinlessBJP #BengalViolence #BengalBurning #Bengalisburning  @BJP4India @narendramodi @AmitShah @AmitShahOffice @myogioffice @myogiadityanath @rajnathsingh,NOT,NONE,0
2099,60c5d7495659ea5e55df123c,hi_hasoc_2021_2099,"@MajorPoonia ममता और छोटे ओवैसी में क्या फर्क है? वो कहता था:-15 मिनट पुलिस हटा लो,ममता कहती crpf हटालो!कबतक रहेगी,शरण तो मेरी लेनी पड़ेगी!  #BengalBurning  #ArrestMamata  #PresidentRuleInBengal",NOT,NONE,0
4573,60c5d7495659ea5e55df0c78,hi_hasoc_2021_4574,रोजगार छीना अब तो जान भी ले रहे है   #ModiKaVaccineJumla,NOT,NONE,0
189,60c5d7495659ea5e55df06d0,hi_hasoc_2021_189,कुफ्फार ला ऐतबार !!  #शाहबुद्दीन_साहब का मर्डर हुआ है.!! #JusticeForShahabuddin,NOT,NONE,0
3345,60c5d7495659ea5e55df17ae,hi_hasoc_2021_3345,No farmers No food #500DaysOfAmaravatiProtests #FarmLaws_NextPandemic #ModiKaVaccineJumla #ModiResign https://t.co/qG5JIHmCEH #25सांसद_लापता_है,NOT,NONE,0
1598,60c5d7495659ea5e55df0e92,hi_hasoc_2021_1598,@Siwan_Rjd कब तक असलियत को छिपा पाओगे। सीवान माफ नही करेगा लालू चाचा #JusticeForShahabuddin,NOT,NONE,0
4202,60c5d7495659ea5e55df1aa6,hi_hasoc_2021_4202,जो शहाबुद्दीन के साथ हैं वो इस ट्वीट को रीट्वीट करें और इस हैसटैग पर ट्वीट करें #JusticeForShahabuddin,NOT,NONE,0
2125,60c5d7495659ea5e55df1267,hi_hasoc_2021_2125,गलती तो नेहरु की ही होती है। मोदी तो भगवान है।  Incompetence at its worst!  #ResignModi  #COVIDSecondWave https://t.co/cHFIDFJmXp,NOT,NONE,0
868,60c5d7495659ea5e55df097a,hi_hasoc_2021_868,"पूरा एक साल लगा था टैगोर जैसा दिखने में, पर बंगाल वालों ने सब पर पानी फेर दिया! 😂😂 #ModisCrimeAgainstIndia #ResignPMmodi  #SpinelessBJP #fakenews #COVID19 #DisinvestmentSCAM #AjitSingh #thursdayvibes #COVID19 #spinelessmodi #COVIDー19 #coronavirus #COVID19 #ArrestBJPMLASatish",NOT,NONE,0
3320,60c5d7495659ea5e55df17e1,hi_hasoc_2021_3320,मैं अपने Twitter id से #RJD से जुड़ी तमाम पोस्ट डिलीट कर रहा हूं।मुझे राजद के लोगो से कोई सम्बन्ध नही। #TejashwiYadav को दिल्ली पहुँचना चाहिये था! #osamasahab के साथ खड़ा होना चाहिये था!!  #StandwithOsamaSahab  #boycottrjd #ShahabuddinSaheb  #JusticeForShahabuddin,NOT,NONE,0
1853,60c5d7495659ea5e55df0d72,hi_hasoc_2021_1853,#hindugenocidebengal  कोई दीदी नही है ये  दीदी बोलने लायक नहीं है ये  हिन्दू एकता दिखाओ  अपने हिन्दू भाई बहन को बचाओ  #hindulivesmatter #राष्ट्रपति_जी_बंगाल_संभालो #ArrestMamata  #BengalBurning  #BengalViolence https://t.co/dMTGV6zQdo,NOT,NONE,0
3765,60c5d7495659ea5e55df1a46,hi_hasoc_2021_3765,@TheAbhishek_IND नाम का है बस हिंदी सिनेमा थिरकती मदिरा में हीरो टुन... फूहड़ गाने विदेशी धुन.  https://t.co/egQ2EW6AOA    इज्ज़त के साथ बेज़्ज़ती के लिए एक सब्सक्राइब तो बनता है  सनातनी का सब्सक्राइब मिले तो और कहना हौसला बढेगा  🙏🙏,NOT,NONE,0
352,60c5d7495659ea5e55df08bd,hi_hasoc_2021_352,"@Patelji_1993 @Dr_Uditraj दोस्तों, आओ हम सब सर्वसम्मति से महान अर्थशास्त्री, धुरंधर वैज्ञानिक, अंतर्राष्ट्रीय किसान, भयंकर सवर्ण-दलित मसीहा #चुदित राज जी को खांग्रेस #अध्यक्ष एवं #पलधानमंतली बनाएं !!🙏 ""सभी #समस्याएं समाप्त"" #उदित_राज_को_अध्यक्ष_बनाओ_बे @Dr_Uditraj  #CovidVaccine https://t.co/HrWBrorcLe",NOT,NONE,0
4030,60c5d7495659ea5e55df19ad,hi_hasoc_2021_4030,"ना कर फ़िक्र ए ओसामा, की तू एक नन्हा सा चिराग है  तेरे हौसले मे छिपे है ना जाने कितने आफताब है  #JusticeForShahabuddin 🤲 https://t.co/a2eFk5VJ6E",NOT,NONE,0
4693,60c5d7495659ea5e55df0c7b,hi_hasoc_2021_4694,@ashoswai मोदी तुम इस्तीफा दो हम तुम्हारे साथ है #ResignModi  #Resign_PM_Modi  #ModiHataoDeshBachao https://t.co/spsvPTov8W,NOT,NONE,0
1640,60c5d7495659ea5e55df1033,hi_hasoc_2021_1640,यह सभ तो बिकाऊ है यह क्या बोलेंगे  #BengalBurning https://t.co/dBiHDTg3uy,NOT,NONE,0
716,60c5d7495659ea5e55df07e5,hi_hasoc_2021_716,"@vaibhavUP65 इतनी मासूम लाचारियां हैं सियासत की जहां बोलना चाहिए वहां भी बोलते नहीं जो खूरेंजी पर उतारू हैं, उनकी आगवानी में बिछे हैं जो पलकों पर बिठाए बैठा, उन्हें पूछते नहीं  #BengalBurning",NOT,NONE,0
2316,60c5d7495659ea5e55df10f3,hi_hasoc_2021_2316,कोविड हो जाने के कितने दिन बाद वेक्सिन लेनी चाहिए? किस प्रकार की सावधानी बरतनी चाहिए? कोविड क्वोरनटिन के तुरंत बाद वेक्सिन लेनी चाहिए? इसका जवाब आपके पास हो तो आप बता सकते है। #COVID19 #IndiaCovidCrisis  @ICMRDELHI @TwitterIndia @TwitterRetweets @Twitter,NOT,NONE,0
4829,60c5d7495659ea5e55df0a67,hi_hasoc_2021_4832,@ndtvfeed @ndtv मोदी तुम इस्तीफा दो हम तुम्हारे साथ है #ResignModi  #Resign_PM_Modi  #ModiHataoDeshBachao https://t.co/spsvPTov8W,NOT,NONE,0
543,60c5d7495659ea5e55df08d2,hi_hasoc_2021_543,Who are you to ask ?? Why central government will reply you ?? What is your initiative to improve the situation ??  Don't play with public sentiments.   #BengalBurning #बंगाल_में_राष्ट्रपति_शासन_लगाया_जाए #बंगाल_कश्मीर_बन_गया  #BengalViolence https://t.co/7UzkJj8XtO,NOT,NONE,0
3143,60c5d7495659ea5e55df1654,hi_hasoc_2021_3143,"बंगाल में हत्याएं हो रही,  और उधर हमारी भाजपा ए.सी. कमरे में धरना दे रही।  तो बोलो चप्पा चप्पा भाजपा।।। 😊 #spinelessmodi #spinelessbjp #JPNadda #AmitShah #BengalBurning https://t.co/6Gjb1ufrDV",NOT,NONE,0
2646,60c5d7495659ea5e55df1397,hi_hasoc_2021_2646,मोदी नहीं तो कौन?? 🤔🤔  #ModiGovtSeNaHoPayega #ModiKaVaccineJumla  #ModiAbandonedIndia https://t.co/76Uzs1hJhn,NOT,NONE,0
3977,60c5d7495659ea5e55df1a3f,hi_hasoc_2021_3977,गर्मी का मौसम है कृपया अपने वाहन चलाने से पहले ये जरूर देख ले कि कही कोई जानवर आपकी गाड़ी के नीचे सो तो नही रहा। 🐕🐶🐈 https://t.co/ztcLgQcb5Z,NOT,NONE,0
118,60c5d7495659ea5e55df0632,hi_hasoc_2021_118,@surajsh08483653 I always said that कि जे सब ममता जी की चुनाव के पहले बंगाल के हिंदुओं को चुटिया बनाने की चाल थी। एक इस मात्र केस को आधार बना कर कितनी हिंदू लड़कियों को मुस्लिम बनाया गया होगा...,NOT,NONE,0
296,60c5d7495659ea5e55df05bb,hi_hasoc_2021_296,"Covid-19 की शुरुआत से पहले वुहान के मार्केट में बेचे गए थे हजारों जिंदा जानवर, रिपोर्ट में खुलासा https://t.co/LdRfCn8m35",NOT,NONE,0
3713,60c5d7495659ea5e55df1b41,hi_hasoc_2021_3713,रोहित सरदाना का शव कोविड पॉज़िटिव होने के बावजूद उसके गांव कुरुक्षेत्र भेज दिया जाता है। शहाबुद्दीन साहब की रिपोर्ट नेगेटिव होने के बावजूद भी आखरी दीदार का हक़ परिवार से छीनकर जनाज़ा सिवान नही भेजा जाता। ये है असली इस्लामोफोबिया 😡 #Islamophobia_in_india  #JusticeForShahabuddin,NOT,NONE,0
700,60c5d7495659ea5e55df073d,hi_hasoc_2021_700,5 ट्रिलियन की #Economy का सपना दिखाने वाले आपको #वैक्सीन नहीं दिलवा पा रहा है। #ModiKaVaccineJumla https://t.co/mVwn8aRsj2,NOT,NONE,0
3521,60c5d7495659ea5e55df1987,hi_hasoc_2021_3521,@PypAyurved कया आप मोदी जी के लिए ये वाला टोनिक बना सकते हैं। आप की कृपा होगी।  #नरेंद्र_मोदी_ग्लोबल_पप्पू_है #Resign_PM_Modi  #ModisCrimeAgainstIndia https://t.co/obNwW4T5qU,NOT,NONE,0
3185,60c5d7495659ea5e55df1697,hi_hasoc_2021_3185,रोहित सरदाना कोविड पॉजिटिव थे उनकी डेड बॉडी उनके शहर जाने की परमिशन दी जा सकती है...  मगर बिहार के पूर्व सांसद मोहम्मद शहाबुद्दीन जिनकी रिपोर्ट नेगेटिव थी... उनकी डेड बॉडी ना सिवान जाने दी गई ना परिवार को दी गई!!  क्यों??? #JusticeForShahabuddin #JusticeForShahabuddin,NOT,NONE,0
240,60c5d7495659ea5e55df059e,hi_hasoc_2021_240,#NoVoteForBJP  #NoVoteToBJP  #BoycottBJP #GoBackModi #PoMoneModi  #मोदी_परत_जा #नहीं_चाहिए_भाजपा  #BJPHataoDeshBachao  #BJP_भगाओ_देश_बचाओ #SuperSpreaderModi #ModiDisasterForIndia  #ResignModi #Resign_PM_Modi  #VaccineRegistration  #cowinregistration #Vaccine_और_MSP_दो https://t.co/Nu8BpMmlNA,NOT,NONE,0
3103,60c5d7495659ea5e55df157b,hi_hasoc_2021_3103,कोरोना के आपातकाल पर रिपोर्टर परिमल कुमार की चंद पंक्तियां  #IndiaCovidCrisis https://t.co/r8TYDA0061,NOT,NONE,0
1771,60c5d7495659ea5e55df0e69,hi_hasoc_2021_1771,"@qarisohaibrjd ""शेर का एक दिन, गीदड़ के हज़ार सालों से बेहतर है"" - हज़रत टीपू सुल्तान (अलैरहमा) #JusticeForShahabuddin",NOT,NONE,0
1601,60c5d7495659ea5e55df0ebb,hi_hasoc_2021_1601,Cummins_O_Cummins...  #ResignHarshvardhan #Resign_PM_Modi #कृषि_कानून_रद्द_करने_पड़ेंगे #रोजगार_नही_तो_सरकार_नही https://t.co/c3TT4bkIKY,NOT,NONE,0
3577,60c5d7495659ea5e55df1993,hi_hasoc_2021_3577,"आक से 18+ के लोगो को कोरोना का टीका लगना शुरू ""सिर्फ TV पर""  #CoronaVaccine #ModiKaVaccineJumla",NOT,NONE,0
6079,60c5d7495659ea5e55df18ae,hi_hasoc_2021_6084,@nehrujee_ @RoflEpicDon @StandwithShruti @IncNobody @PapitaFokat @Jhon__The__Don_ @babamastram @Bjp4Parody @Anjana_Modi_ @Amrk93 मोदी तुम इस्तीफा दो हम तुम्हारे साथ है #ResignModi  #Resign_PM_Modi  #ModiHataoDeshBachao https://t.co/spsvPTov8W,NOT,NONE,0
3696,60c5d7495659ea5e55df1a85,hi_hasoc_2021_3696,देश को corona से मरने के लिए छोड़ देने के बाद भी पार्टी नहीं जीत पायी है । घमंड और अहंकार की बली तो होनी ही थी पर बेचारी जनता और डाक्टर बिना oxygen के मरने मजबूर। #Resign_PM_Modi #ElectionResults2021 भक्तों का तर्क देख हँसी आती है । यही होता है जब पार्टी से बड़ा इंसान बना देते हो,NOT,NONE,0
3298,60c5d7495659ea5e55df1717,hi_hasoc_2021_3298,"@brand_maratha TMC कि जीत पर वही लोग हंस रहे हैं जो पृथ्वीराज चौहान, राणा प्रताप, शिवाजी,भगत,सुखदेव, चंद्रशेखर आजाद, राजगुरू की #मौत पर हंसे थे ! सिर्फ पिढी बदली है ! #ShameOnMamata  #BengalBurning",NOT,NONE,0
2640,60c5d7495659ea5e55df1319,hi_hasoc_2021_2640,Prayers for India 🙏🏽  भारत के लिए प्रार्थना bhaarat ke lie praarthan #IndiaCovidCrisis,NOT,NONE,0
1626,60c5d7495659ea5e55df0eb8,hi_hasoc_2021_1626,"आप हमारे MP थे , MP रहेंगे  बहुत दुःख है कि आपको  सिवान नहीं आने दिया गया!😢  कोई बात नहीं हम सबर् कर लेंगे!  MP का जगह तो दिल्ली में ही होता है! और हम-सब का MP दिल्ली में ही सो रहा है 😭😢😰  #MISSYOUSHAHEB #JusticeForShahabuddin  #westandwithosamashahab",NOT,NONE,0
3053,60c5d7495659ea5e55df15ba,hi_hasoc_2021_3053,यूपी: कानपुर  #योगी_झूठा_है  बोल रहा है सब चंगा सी फिर ये क्या है  #देखिए_वीडियो   #UPCongressHelpDesk #UPGovt   #ModiKaVaccineJumla https://t.co/0EAHh9LWhm #25सांसद_लापता_है,NOT,NONE,0
721,60c5d7495659ea5e55df083c,hi_hasoc_2021_721,#ममता_खूनी_है   #IsupportModi   #राष्ट्रपति_जी_बंगाल_संभालो #CruelMamata #BengalBurning #ModiGovtSeNaHoPayega  Before Election         After Election          Hindu &amp; Muslim              Hindus https://t.co/lueZc4AVUg,NOT,NONE,0
3349,60c5d7495659ea5e55df17eb,hi_hasoc_2021_3349,किसपे विश्वास करे अब। #ModiKaVaccineJumla https://t.co/D9Vo9jEPog,NOT,NONE,0
3493,60c5d7495659ea5e55df1d6e,hi_hasoc_2021_3493,"देश आज महिला शशक्ति पे जोर दे रहा है, लेकिन हमारे up बिहार में भोजपुरी संगीत के नाम पर फूहड़ गाने लड़कियों के नाम पर गया जाता है।कितना दुख होता है किसी परिवार को जब उसकी बहन बेटी के नाम से फूहड़ गाने बजते हैं। कृपया इसपे सोचकर उचित निर्णय ले🙏🙏 @officecmbihar  @myogiadityanath",NOT,NONE,0
4226,60c5d7495659ea5e55df1be0,hi_hasoc_2021_4226,आज के समय मे पशु का इलाज करवाना मतलब स्वयभगवान को बुलाना जो नामी सरकारीडॉक्टर हजारो की तनखा उसके बाद हजारो रुपये  लेते इलाज के उसके बाद भी कोई गरीबआदमी उनको बुला नही पता है कोई फोन लगाए तो वो बोलते एक जानवर के लिए मे नही आ सकता @JagdishDevdaBJP  @ChouhanShivraj  @OfficeofSSC,NOT,NONE,0
3171,60c5d7495659ea5e55df14dd,hi_hasoc_2021_3171,#ModiKaVaccineJumla जुमले वाले चले थे दुनिया को कोरोना से बचाने.. 1500000 जुमला था.. रामराज्य जुमला था... बेटी बचाओ.. trillion की economy.. रोजगार शिक्षा बस जुमले थे..  हुतिया बनाना असल mudda tha..,NOT,NONE,0
667,60c5d7495659ea5e55df089a,hi_hasoc_2021_667,"@UPPCLLKO @ptshrikant कॉलोनी अवैध है तो नगर निगम वहां से हाउस टैक्स कैसे वसूल कर रहा है ?  और हाउस टैक्स वसूल करने के लिए उसे LDA का प्रमाणित मानचित्र क्यों नहीं चाहिए? इस समस्या को विभाग नहीं सुलझा सकते ,इस समस्या को सरकार ही सुलझा   सकती है।",NOT,NONE,0
1382,60c5d7495659ea5e55df0e42,hi_hasoc_2021_1382,और #बंगाल में #कमिने बनना चाहते #नगिने!   #ममता के पार्टी मे जाकर https://t.co/LEHPPYKEQq,NOT,NONE,0
37,60c5d7495659ea5e55df0533,hi_hasoc_2021_37,@narendramodi                  मंदिर नहीं #इस्तीफा चाहिए !!!!                     #CentralVistaProject नहीं  #इस्तीफा चाहिए !!!! #मोदी_इस्तीफा_दो #Resign_PM_Modi #ModiMustResign,NOT,NONE,0
2542,60c5d7495659ea5e55df1389,hi_hasoc_2021_2542,"If you behaved nicely, the communists wouldn't exist.  #कृषि_कानून_रद्द_करने_पड़ेंगे #ResignModi #FarmersProtest https://t.co/8oRBbJMMbh",NOT,NONE,0
1009,60c5d7495659ea5e55df095e,hi_hasoc_2021_1009,सावधानी: इन सभी फर्जी खबरों को कौन किस मकसद से फैला रहा है और किस स्थिति में हिंसा भड़का रहा है। देश के दिग्गज क्या कर रहे हैं। वे विपक्ष को कसने में लगे हैं। #BengalViolence #BengalBurning #बंगाल_हिंसा #COVIDSecondWave #CruelMamata #fakenews #SpinelessBJP  #Bengalisburning https://t.co/gesflaJh1B,NOT,NONE,0
1127,60c5d7495659ea5e55df0b9c,hi_hasoc_2021_1127,संसार में किसी भी देश को समझने के बहुत सरल उपाय होते है १ जमीन २ पानी ३ भोजन ४ फसल  ५ रहन सहन ६ पुष्प ७ जगल ८ पक्षी ९ भाषा १० नदी सागर ११ वृक्ष १२ जीव_जंतु १३ जानवर १३ शासक १४ प्रजा १५ स्पर्धा १६ गुरु १७ इतिहास १८ सीमा १९ सैनिक २० हथियार २१ शिक्षा आदि यह अच्छे देश की निशानी है https://t.co/Gk7RHJgTqm,NOT,NONE,0
686,60c5d7495659ea5e55df0897,hi_hasoc_2021_686,एक चोर गुंडा के मर जाने पर लोग जस्टिस मांग रहे हैं।  😂 होता है भाई आतंकवाद का भी धर्म होता है।  वो भी केवल एक ही धर्म से।  वो धर्म तो आपलोग जानते हीं हैं #JusticeForShahabuddin,NOT,NONE,0
1026,60c5d7495659ea5e55df0ad7,hi_hasoc_2021_1026,Criticizing PM @narendramodi doesn't mean I don't support him.  We are just waiting for his action in Bengal.  #isupportmodi #IsupportModi #BengalBurning #बंगाल_हिंसा #बंगाल_में_राष्ट्रपति_शासन_नहीं_तो_वोट_नही #राष्ट्रपति_जी_बंगाल_संभालो https://t.co/ouQVkTcXRl,NOT,NONE,0
2425,60c5d7495659ea5e55df10f7,hi_hasoc_2021_2425,AAP JDU+BJP+RJD ने मिलकर रास्ते से हटवाया है|  #JusticeForShahabuddin https://t.co/UzAqKuSGhE,NOT,NONE,0
2472,60c5d7495659ea5e55df12df,hi_hasoc_2021_2472,कानपुर में शवों का हाल देखिए #ModiKaVaccineJumla #YogiAdityanath #ModiResign #COVID19 #COVID19India https://t.co/2aldZlkRV6,NOT,NONE,0
319,60c5d7495659ea5e55df05ca,hi_hasoc_2021_319,@kumapratyush @KrisNair1 कुत्ता भी जिस घर मैं खाता हैं  उसका वफादार होता हैं  ज़ितिन प्रसाद,NOT,NONE,0
728,60c5d7495659ea5e55df088a,hi_hasoc_2021_728,@KMSHARMA2018 @AapGiridih @HemantSorenJMM @BannaGupta76 ये वही बनना गुप्ता है कभी टैम्पू चलाने का काम टैम्पू यूनियन चलाने वाले है कया जमशेदपुर टाटानगर के है अवैध कब्जा में बहुत चर्चा में थे जब हम टाटा स्टील में थे बहुत सुना है,NOT,NONE,0
1578,60c5d7495659ea5e55df0f98,hi_hasoc_2021_1578,रोहित सरदाना का शव कोविड पॉज़िटिव होने के बावजूद उसके गांव कुरुक्षेत्र भेज दिया जाता है। शहाबुद्दीन साहब की रिपोर्ट नेगेटिव होने के बावजूद भी आखरी दीदार का हक़ परिवार से छीनकर जनाज़ा सिवान नही भेजा जाता। ये है असली इस्लामोफोबिया 😡 #Islamophobia_in_india  #JusticeForShahabuddin,NOT,NONE,0
2017,60c5d7495659ea5e55df0e4a,hi_hasoc_2021_2017,कुछ नेकियों का क्रेडिट नही लेना चाहिए #JusticeForShahabuddin https://t.co/76e6tSW0rf,NOT,NONE,0
1353,60c5d7495659ea5e55df0adf,hi_hasoc_2021_1353,"@MamataOfficial @yadavtejashwi हम हिंदुओं को धरना नही, बदला चाहिए।  #BengalViolence #BengalBurning   https://t.co/74t3fjPDWb",NOT,NONE,0
4766,60c5d7495659ea5e55df0c2a,hi_hasoc_2021_4767,आप सब लिखते रहिए जब तक ये हैशटैग नम्बर 1 ना पहुंच जाए.. #JusticeForShahabuddin,NOT,NONE,0
1433,60c5d7495659ea5e55df0f00,hi_hasoc_2021_1433,@nadera_anjum मोदी तुम इस्तीफा दो हम तुम्हारे साथ है #ResignModi  #Resign_PM_Modi  #ModiHataoDeshBachao https://t.co/spsvPTov8W,NOT,NONE,0
1935,60c5d7495659ea5e55df0d7f,hi_hasoc_2021_1935,वैक्सीन लगवाने के बाद खुद को सुरक्षित कैसे रखें? बाबा रामदेव ने बताया   #CovidVaccine #Vaccination #ATVideo #Yoga https://t.co/AJA0lTp6Tm,NOT,NONE,0
1125,60c5d7495659ea5e55df0b72,hi_hasoc_2021_1125,Process of Making India “विश्वगुरु”।  #AatmanirbharBharat #AarogyaSetu #PMOIndia #RohitSardana #ModiResign #ModiKaVaccineJumla #25सांसद_लापता_है #COVIDEmergency #COVID19 https://t.co/WylxAgHv3d,NOT,NONE,0
1459,60c5d7495659ea5e55df0d7a,hi_hasoc_2021_1459,Double mutant of #ChineseVirus 😲 Once modi said जिसको जो भाषा मे समझ आता है हम उसी भाषा मे जवाब देंगे।  Is this tit for tat ?? https://t.co/rmj2RBWryy,NOT,NONE,0
3793,60c5d7495659ea5e55df19bf,hi_hasoc_2021_3793,क्या साबुद्दीन का RJD ने लालू जी के बदले  सौदा किया  आपकी क्या राय है #JusticeForShahabuddin,NOT,NONE,0
2849,60c5d7495659ea5e55df167b,hi_hasoc_2021_2849,@TimesNow @rajeev_mp @BagaiDr @ARanganathan72 @JhaSanjay ONCE IN A CENTURY  @narendramodi @PMOIndia  #मनहुस_मोदी का साया मेरे देश के ऊपर से हट जाएगा आर्मी सारा काम संभाल रही है दवाई ऑक्सीजन आदि भी तेरे राजनीति से मुक्त हो जायेगी सभी के अपने अकालमृत्यु मर रहे है  #ResignModi मानवता केलिऐ #Resign_PM_Modi देशभक्त हो तो,NOT,NONE,0
3979,60c5d7495659ea5e55df1a84,hi_hasoc_2021_3979,#बेटा अपने #बाप का #अक्स { Shadow } होता है   घबराओ नही #बाप अपने #बेटे को ख़ुद से #मज़बूत बना कर ही मरता है   #JusticeForShahabuddin @OsamaaShahab  @Aadakha21471997  @CSNadwi  @AbbasAnsari_786 https://t.co/BomSWAmb3Q,NOT,NONE,0
2171,60c5d7495659ea5e55df122a,hi_hasoc_2021_2171,"ये तो सिर्फ झांकी है, बीजेपी की असली बर्बादी अभी बाकी है| #BJPMuktBharat #ResignModi",NOT,NONE,0
1376,60c5d7495659ea5e55df0df6,hi_hasoc_2021_1376,अल्लाह मरहूम शहाबुद्दीन साहब को जन्नतुल फिरदौस मे आला से आला मक़ाम अता फरमाऐ #JusticeForShahabuddin https://t.co/X6pO39lz0o,NOT,NONE,0
3316,60c5d7495659ea5e55df1777,hi_hasoc_2021_3316,"#GodMorningWednesday  इसी प्रकार किसी वैश्या बेटी-बहन को प्रेरणा बनी है भक्ति करने की, सत्संग में आने की तो उसको परमात्मा पर विश्वास हुआ है। वह सत्संग विचार सुनेगी तो बुराई भी छूट जाएगी।",NOT,NONE,0
2828,60c5d7495659ea5e55df166e,hi_hasoc_2021_2828,"तथाकथित महिलावादी डफली गैंग गलत का विरोध तो छोड़ो गलत ही करती हैं, और ऐसी निर्ममता और क्रूरता जेएनयू में साफ दिखाई देता है। जेएनयू में महिलावाद और लोकतंत्र का ढोलन पीटने वाली आज बंगाल में जाकर मौन है😡😡 #BengalBurning  #ShameOnMamata https://t.co/KnaMyGEctt",NOT,NONE,0
4093,60c5d7495659ea5e55df1b3f,hi_hasoc_2021_4093,"@DtvBharat की मांग,फूहड़ भोजपुरी पर लगे लगाम, बिहार में लागू हो #भोजपुरी_पर_सेंसरशिप। @NitishKumar @yadavtejashwi @tarkishorepd @AshokChoudhaary @dralokranjanbjp @sanjayjaiswalMP https://t.co/GVvPn7GKlX",NOT,NONE,0
562,60c5d7495659ea5e55df080a,hi_hasoc_2021_562,७० साल जतन के ७ साल पतन के  #IndiaCovidCrisis,NOT,NONE,0
1807,60c5d7495659ea5e55df0d31,hi_hasoc_2021_1807,मावली विधायक @DharmNarayanUdr ने #CovidVaccine के लिए दिए 1 करोड़ #Udaipur #Corona https://t.co/WKy6x7m4y1,NOT,NONE,0
312,60c5d7495659ea5e55df052a,hi_hasoc_2021_312,Ye bhi thik h!!!! पक्का दोगला है साला😆😆 #JitinPrasada #जितिन_प्रसाद https://t.co/6PSFF3QN6B,NOT,NONE,0
379,60c5d7495659ea5e55df078d,hi_hasoc_2021_379,Osama Shahab ए भाई  तुम अकेले नही हो अल्लाह तुम्हारे साथ है-  हम सब आप के  साथ है #StandwithOsamaSahab #JusticeForShahabuddin,NOT,NONE,0
2180,60c5d7495659ea5e55df1109,hi_hasoc_2021_2180,नी शब्द #ModiKaVaccineJumla,NOT,NONE,0
2920,60c5d7495659ea5e55df1570,hi_hasoc_2021_2920,"इस देश में बहुसंख्यक हिंदू समाज ,मुख्यरूप से गरीब, उपेक्षित, दलित ,हमेशा से हाशिए पर रखे गए।इन्हें बदले में हमेशा से उत्पीड़न मिला। यह देश सिर्फ अपर क्लास वालों के लिए रहा। #BengalBurning",NOT,NONE,0
677,60c5d7495659ea5e55df0756,hi_hasoc_2021_677,"न खाऊंगा और न खाने दूंगा! अब ब्लैक मार्केट पर, Oxygen 70 हजार है और Remdesivir का इंजेक्शन केवल 1 लाख 80 हजार रुपये है! #COVID19 #LabourDay #CovidIndia #मजदूर_दिवस #india #Oxygen #COVID19India #ModiKaVaccineJumla  #ResignPMmodi #ResignModi  #MayDay #IndiaCovidCrisis #GodiMedia",NOT,NONE,0
845,60c5d7495659ea5e55df0a61,hi_hasoc_2021_845,हिंदुओं अब कब जागोगे। आज नही तो कल यह आग तुम्हारे घरों तक जाएगी। यह आग यहीं नही रुकने वाली। #HinduGenocideBengal #HindusLivesMatter #SaveHinduFamiliesinBengal #BengalBurning #BengalViolence https://t.co/7Y4kTlY3lb,NOT,NONE,0
5086,60c5d7495659ea5e55df0d9a,hi_hasoc_2021_5089,"क्यूँ न अब बेफिक्र होकर सोया जाए,  अब बचा ही क्या है जिसे खोया जाए 😭😭 निःशब्द हूँ ! 🙏🙏😭😭😭😭 #ResignModi https://t.co/M62OsabaUH",NOT,NONE,0
3724,60c5d7495659ea5e55df1c5f,hi_hasoc_2021_3724,#नरेंद्र_मोदी_ग्लोबल_पप्पू #ResignPMmodi  #ExitModi,NOT,NONE,0
1739,60c5d7495659ea5e55df0fa8,hi_hasoc_2021_1739,ज़िंदगी और मौत दोनों से डर रहे है। बंदे में कुछ तो ख़ास बात थी। इसलिए ही लाश देने से डर रहे है। #JusticeForShahabuddin,NOT,NONE,0
672,60c5d7495659ea5e55df08cf,hi_hasoc_2021_672,@aflatoon391 मोदी तुम इस्तीफा दो हम तुम्हारे साथ है #ResignModi  #Resign_PM_Modi  #ModiHataoDeshBachao https://t.co/spsvPTov8W,NOT,NONE,0
234,60c5d7495659ea5e55df06b2,hi_hasoc_2021_234,@abhishek_india1 @SHIFUJIJAIHIND @Rahul_IND1 @OmvaaniBjp @Gajjusay @TheDeepak2020In @ippatel @anil_baluni @UmeshRai_BJP Centre needs to deploy Army &amp; impose President's Rule to save West Bengal from Mamata's Khooni 'Khela Hobe' Direct Action Day Call. Jsr  #राष्ट्रपति_जी_बंगाल_संभालो #BengalBurning,NOT,NONE,0
2115,60c5d7495659ea5e55df11e8,hi_hasoc_2021_2115,हक की आवाज को मजबूत कीजिए एक बार फिर से लिखिए #JusticeForShahabuddin,NOT,NONE,0
3799,60c5d7495659ea5e55df1a41,hi_hasoc_2021_3799,"डरा रहे हैं जो भटकती आत्माओं से,  ख़ुदा बचाए हमें ऐसे रहनुमाओं से।  #ShahabuddinSaheb #JusticeForShahabuddin",NOT,NONE,0
3251,60c5d7495659ea5e55df1702,hi_hasoc_2021_3251,@Sachin88617922 #ਕਿਸਾਨਮਜ਼ਦੂਰਏਕਤਾਜਿੰਦਾਬਾਦ #KisanMazdoorEktaZindabaad #Resign_PM_Modi #FarmLaws_NextPandemic  #5MonthsOfFarmersProtest  #KisanBole_NoVoteToModi  #5MonthsOfFarmersProtest  #आज_आक्सीजन_कल_रोटी_जायेगी #NoVoteTo_EvilModi #ModiHataoDeshBachao #FarmersProtest,NOT,NONE,0
2901,60c5d7495659ea5e55df1643,hi_hasoc_2021_2901,ये बंदा ऑक्सिसन के  लिए ताड़पेगा तब उसको पता चलेगा  #ModiKaVaccineJumla,NOT,NONE,0
2044,60c5d7495659ea5e55df1035,hi_hasoc_2021_2044,#TejashwiYadav फर्जी सेकुलरिज्म का पाठ पढ़ाना बंद करो। कोन कोन साथी ट्वीटर पे ट्रेंड करने के लिये तैयार है। 8:00 बजे @yadavtejashwi @OsamaShahab_  #JusticeForShahabuddin,NOT,NONE,0
3740,60c5d7495659ea5e55df1c4c,hi_hasoc_2021_3740,"ऐ हिज्र वक़्त टल नहीं सकता है मौत का, लेकिन ये देखना है कि मिट्टी कहाँ की है।  #JusticeForShahabuddin",NOT,NONE,0
1385,60c5d7495659ea5e55df0e60,hi_hasoc_2021_1385,#बंगाल_हिंसा #SaveBJPKaryakartas  #BengalBurning  #TMCTerror  #BJP  #बंगाल_कश्मीर_बन_गया  #Bengal https://t.co/6seRBbUGRP,NOT,NONE,0
3920,60c5d7495659ea5e55df18e8,hi_hasoc_2021_3920,Coronavirus India Update: कोरोना से Narendra Modi के Varanasi में हालात ... https://t.co/yuDaFbci1E via @YouTube #ResignModi #ResignYogi #BjpDestroyedIndia #bjphataodeshbachao,NOT,NONE,0
3687,60c5d7495659ea5e55df19a3,hi_hasoc_2021_3687,@Amrk93 @sarcasticbro89 मोदी तुम इस्तीफा दो हम तुम्हारे साथ है #ResignModi  #Resign_PM_Modi  #ModiHataoDeshBachao https://t.co/spsvPTov8W,NOT,NONE,0
741,60c5d7495659ea5e55df096d,hi_hasoc_2021_741,सिर्फ 21 दिन के लिए मोदी घर पर बैठे और मनमोहन सिंह जी को वापस प्रधानमंत्री बना दे तो कोरोना से जंग जीत सकतें है ज और बैंक भी बिकने से बच जायेगी #resignModi  #DisinvestmentSCAM  #Stopprivatisation,NOT,NONE,0
5151,60c5d7495659ea5e55df0d4b,hi_hasoc_2021_5154,@yadavtejashwi @RabriDeviRJD Mohammad Shahabuddin Allah apko jannat ata farmaye    #Shahabuddin  #JusticeForShahabuddin  #ओसामा_शाहबुद्दीन_उर्फ़_छोटा_शाहबुद्दीन  Former member of parliament sab yaad rakha jayega #boycottrjd  #boycottaap https://t.co/oMyegecUih https://t.co/zjQVeTDb0e,NOT,NONE,0
1735,60c5d7495659ea5e55df0f54,hi_hasoc_2021_1735,"ये धरना, चरखा चलाने से कुछ नहीं होगा। चरखा चलाने वाले ने चरखे से खूब टोपियां बनाई।। @narendramodi @AmitShah #BengalBurning #PresidentsRuleinBengal",NOT,NONE,0
801,60c5d7495659ea5e55df0aac,hi_hasoc_2021_801,जो शहाबुद्दीन के साथ हैं वो इस ट्वीट को रीट्वीट करें और इस हैसटैग पर ट्वीट करें #JusticeForShahabuddin,NOT,NONE,0
480,60c5d7495659ea5e55df0822,hi_hasoc_2021_480,"@narendramodi @MamataOfficial ये सब क्या हो रहा है प्रधानमंत्री साहब? आपको बंगाल में राजनीतिक हिंसा के बारे में कुछ जानकारी है या नहीं,चुप क्यों बैठे हो? कांग्रेस सरकार समय में कश्मीर में हिंदुओं की जैसे नर संहार हुआ था,यही बात बंगाल में भी हो रही है।इसीलिए हिंदुओं ने आपको 303 सीट दिए थे क्या ? #BengalBurning https://t.co/DaEuy7ARqD",NOT,NONE,0
4035,60c5d7495659ea5e55df1a2d,hi_hasoc_2021_4035,गजब के लोग हैं सत्ता और विपक्ष दोनों में धरना देते हैं  #BengalBurning,NOT,NONE,0
68,60c5d7495659ea5e55df059c,hi_hasoc_2021_68,"अरे चुप रहो तुम सब~मोदीजी से इतनी जलन क्यों है भाई..?  जीवित लोगों का तो बात ही छोड़ो, मरे हुए लोगों को भी आजकल बिल्कुल मुफ्त में टीका लग रहा है, मोदीजी के गुजरात में।  बड़े आए मोदीजी के विरोध करने वालों......... हुमममममममम #मुर्दा_मोदीजी_के_साथ_हैं 😎",NOT,NONE,0
3131,60c5d7495659ea5e55df159c,hi_hasoc_2021_3131,"ये हुई ना बात ""जिन्हे अस्पताल ओ मे बेड नही मिल रहा है वो MP और MLA के घर मे जाकर डेरा डाले""    -किसान नेता #रोहित_सरदाना #ResignModi #BJP_MP_MLA_Missing #25सांसद_लापता_है #YogiJhootaHai https://t.co/CYr8mFJKq2",NOT,NONE,0
3248,60c5d7495659ea5e55df16de,hi_hasoc_2021_3248,"@KhanAmanatullah मरहूम सहाबुद्दीन की लाश जैसे दिल्ली गेट ITO कब्रिस्तान मे सुपुर्द ए खाक हुई,❣️   Inshallah ऐसे ही बिहार में  लालू तेरी पार्टी को सुपुर्दे खाक करेगी बिहार की जनता #JusticeForShahabuddin",NOT,NONE,0
2046,60c5d7495659ea5e55df1065,hi_hasoc_2021_2046,"#OxygenEmergency  दिल्ली हाईकोर्ट की केंद्र सरकार को खरी-खरी, कहा कि ""पूरा देश ऑक्सीजन के लिये रो रहा; लोगों की जानें जा रहीं, आप IIT और IIM को मैनेजमेंट दे दीजिये, वो आपसे बेहतर कर लेंगे।  #OxygenCrisis #ResignPMmodi #ModiMustResign https://t.co/ZRxygu6uPy",NOT,NONE,0
451,60c5d7495659ea5e55df078b,hi_hasoc_2021_451,जगह-जगह सोशल डिस्टैन्सिंग की धज्जियाँ उड़ाती भीड़!  #SocialDistancing #CovidVaccine #COVID19 https://t.co/shvpxVTYV4,NOT,NONE,0
3281,60c5d7495659ea5e55df1705,hi_hasoc_2021_3281,"अलविदा शेर-ए-बिहार…  अल्लाह आपकी मग़फ़िरत फरमाए, आपको जन्नतुल फिरदौस में आला मकाम अता फरमाए और अहले खाना को सब्र जमील अता फरमाए. 🤲 #JusticeForShahabuddin https://t.co/RbIRpFYciK",NOT,NONE,0
554,60c5d7495659ea5e55df07c2,hi_hasoc_2021_554,एक्शन का समय है और धरना दिया जा रहा है।  #CruelMamata  #SaveBJPKaryakartas  #BengalBurning   @JPNadda  @OfficeofJPNadda  @AmitShah  @HMOIndia  @sambitswaraj  @KailashOnline  @SuvenduWB  @DilipGhoshBJP,NOT,NONE,0
753,60c5d7495659ea5e55df0a4c,hi_hasoc_2021_753,हार जीत तो ठीक है मज़े की बात ये है साहब का बांग्लादेश के लिए आंदोलन कर जेल जाना बेकार हो गया 😜🙈  #JusticeForShahabuddin @narendramodi,NOT,NONE,0
1092,60c5d7495659ea5e55df0c82,hi_hasoc_2021_1092,"रोजी, रोटी, भूख का डर हर किसी को होता हैं परन्तु सबसे ज़्यादा डरती हैं वो वैश्या औरत, जिसे कच्ची उम्र में ज़्यादा तनख्वाह मिलने के बावजूद, सताता हैं उसे डर की एक दिन उसकी उम्र ढल जाएगी।  ~ दीपक कुमार सोनकर",NOT,NONE,0
2178,60c5d7495659ea5e55df10d9,hi_hasoc_2021_2178,हिंदुत्व की आड़ में जैसे अखिलेश ने आजम खान की मदद नहीं की। वैसे ही तेजस्वी ने शहाबुद्दीन की मदद नहीं की!  #JusticeForShahabuddin,NOT,NONE,0
633,60c5d7495659ea5e55df07c0,hi_hasoc_2021_633,मैं भी। #JusticeForShahabuddin https://t.co/YRC80iHc1C,NOT,NONE,0
258,60c5d7495659ea5e55df05cc,hi_hasoc_2021_258,"जुल्म के इस साये में जुवां खोलेगा कौन, अगर हम भी चुप रहे तो फिर बोलेगा कौन.😡 पश्चिम बंगाल का हिन्दू न्याय मांग रहा @narendramodi जी 🙏 #BengalBurning  #CruelMamata  @Kanchansinghch2 @santoshupbjp @KapilMishra_IND @KailashOnline @YogiDevnath2",NOT,NONE,0
4148,60c5d7495659ea5e55df1b9a,hi_hasoc_2021_4148,गैंग्स ऑफ वसेपुर की याद आ रही है मरहूम शहाबुद्दीन सर का बेटा अगर सीवान में अफजल बन कर उभरा तो रामाधीर यादव की सियासत ज्यादा नहीं चलेगी #JusticeForShahabuddin  #JusticeForShahabuddin,NOT,NONE,0
1975,60c5d7495659ea5e55df1080,hi_hasoc_2021_1975,याद रखना तेजस्वी हम भक्त नही है जब तुम पैजामा पहनना सीखे भी नही थे न तब साहब ने तुमहारी माँ को ताज पहनाया था भुल गए । हो ।  #Yadavtejeshvi #LaluPrasadYadav #rohniacharya #JusticeForShahabuddin,NOT,NONE,0
861,60c5d7495659ea5e55df0bf3,hi_hasoc_2021_861,हमे न्याय चाहिए हम रुकेंगे थमेंगे नही हम लड़ेंगे  #JusticeForShahabuddin,NOT,NONE,0
3721,60c5d7495659ea5e55df1c41,hi_hasoc_2021_3721,"कहाँ गए अभी अवार्ड वापसी गैंग।बंगाल में तुमलोगों को डर नहीं लग रहा है अब, ये सब देख कर।अब तो मुँह खोलो हाँ ये भारत में ही हो रहा है। @PMOIndia @narendramodi @AmitShah @JPNadda @BJP4India @BJYM @ZeeNews #BengalBurning   #BengalViolance https://t.co/Tc9nTIa7jd",NOT,NONE,0
2,60c5d7495659ea5e55df0516,hi_hasoc_2021_2,"Tough Questions Make Me Uncomfortable, Even If They Are Important For Country!!  #AndhBhakt #ResignPMmodi #ModiKaVaccineJumla #स्वास्थ्य_मंत्री_नदारद_है #Vaccine_enga_da_dei https://t.co/KLSBdPVL57",NOT,NONE,0
1294,60c5d7495659ea5e55df0916,hi_hasoc_2021_1294,"@Dpwr30 @mkrtiwari_bjp “दर्द कहाँ तक पाला जाए, युद्ध कहाँ तक टाला जाए, तू भी है राणा का वंशज, फेंक जहाँ तक भाला जाए”  #BengalBurning",NOT,NONE,0
2212,60c5d7495659ea5e55df1201,hi_hasoc_2021_2212,#bengalviolence Be careful everyone. Some unscrupulous people are posting these pictures on social media to spread tension in the state and the country.  #CovidIndia #COVIDEmergencyIndia #ममता_की_निर्ममता #SpinelessBJP #SpinlessBJP #बंगाल_हिंसा #COVIDEmergency   #BengalBurning https://t.co/s1A7UpaBju,NOT,NONE,0
3827,60c5d7495659ea5e55df1cf3,hi_hasoc_2021_3827,पश्चिम बंगाल में भाजपा कार्यकर्ताओं और लोकतंत्र की हत्या के विरोध में आज पहाड़ी ज़िला में धरना प्रदर्शन किया गया।भाजपा कार्यकर्ताओं पर जो प्रहार हो रहा है हम सभी इस विपत्ति काल में बंगाल के कार्यकर्ताओं के साथ  है । #BengalBurning  #TMC_के_गुंडे https://t.co/cw9yVieYFF,NOT,NONE,0
4266,60c5d7495659ea5e55df0595,hi_hasoc_2021_4266,मोदी तुम इस्तीफा दो हम तुम्हारे साथ है #ResignModi  #Resign_PM_Modi  #ModiHataoDeshBachao https://t.co/ogVecNq8bJ,NOT,NONE,0
3983,60c5d7495659ea5e55df1ae1,hi_hasoc_2021_3983,"#CovidVaccine WHO ने चीन की पहली कोविड-19 वैक्सीन #Sinopharm को इमरेजेंसी में इस्तेमाल की मंजूरी दे दी है, यह गैर-पश्चिमी देशों की पहली और दुनिया की छठी #Vaccine है जिसे विश्व स्वास्थ्य संगठन से मंजूरी मिली है… #CoronaVaccine  @WHO @ChinaSinopharm  https://t.co/RFOXURPNbv https://t.co/f2BqCLJYv0",NOT,NONE,0
1554,60c5d7495659ea5e55df0d2a,hi_hasoc_2021_1554,"कबीर परमेश्वर का रोगी व नारी के प्रति सम्मान कबीर साहेब ने बताया कि :- ""कुष्टी होवे संत बंदगी कीजिए।  हो वैश्या के विश्वास चरण चित्त दीजिए।।""",NOT,NONE,0
1951,60c5d7495659ea5e55df0f5f,hi_hasoc_2021_1951,"अलविदा शेर-ए-बिहार…  अल्लाह आपकी मग़फ़िरत फरमाए, आपको जन्नतुल फिरदौस में आला मकाम अता फरमाए और अहले खाना को सब्र जमील अता फरमाए. 🤲 #JusticeForShahabuddin https://t.co/ZrPIu01ByM https://t.co/QMs43G9967",NOT,NONE,0
6001,60c5d7495659ea5e55df1c32,hi_hasoc_2021_6006,@news24tvchannel मोदी तुम इस्तीफा दो हम तुम्हारे साथ है #ResignModi  #Resign_PM_Modi  #ModiHataoDeshBachao https://t.co/spsvPTov8W,NOT,NONE,0
3001,60c5d7495659ea5e55df15ff,hi_hasoc_2021_3001,तबाही है मची हर ओर ... जीत जाने का काफी शोर दर्द फैला रहे घनघोर किनके हाथों में है ये डोर...? #BengalBurning https://t.co/OaCuykIZQp,NOT,NONE,0
1498,60c5d7495659ea5e55df0cc5,hi_hasoc_2021_1498,#OPS #BanEVM #पुरानी_पेंशन_बहाल_करो #FarmersProtest #SpeakUpForFarmers #StopPrivatization #ModiMadeDisaster #NPS_भारत_छोड़ो #NPS_QUIT_INDIA #NPSनिजीकरणभारतछोड़ो #OPS_कर्मचारी_का_अधिकार #NPSनिजीकरणकेख़िलाफ़_इंक़लाब #स्वास्थ्य_क्षेत्र_मे_बजट_बढ़ाओ #Resign_PM_Modi #Vaccine_और_MSP_दो https://t.co/ItlYmhvlPU,NOT,NONE,0
2398,60c5d7495659ea5e55df122c,hi_hasoc_2021_2398,बिलकुल सही कहदिया यार 🙏🤭👍 #ResignPMmodi आख़री बार मोदीजी लोगोंकी मनकी बात सुनलीजिये प्लीज 🙄 @PMOIndia https://t.co/HDo5ty59ap,NOT,NONE,0
3860,60c5d7495659ea5e55df1bcd,hi_hasoc_2021_3860,निकालना तो  बंगलादेशी घुसपैठियों को था  पर पलायन मेरे हिंदू परिवार कर रहें है !!! #BengalBurning #BengalViolence,NOT,NONE,0
2551,60c5d7495659ea5e55df1441,hi_hasoc_2021_2551,अखिलेश कौन सा दूध के धुले है 👍 जितना योगी भाजपा गुनाहगार है 👌  उससे ज्यादा अखिलेश यादव ...😢 भूल गए या भाजपा सपा IT सेल ...👌👍 इसने शिक्षा मूत्र प्रेम में क्या दोगला व्यवहार किया  क्या इसने अपने मुहह से बीएड UPTET 2011 का नाम तक लिया? #BEdTET2011_से_किया_वादा_निभाइए https://t.co/Uw3YKEN3AI,NOT,NONE,0
3583,60c5d7495659ea5e55df1a3c,hi_hasoc_2021_3583,"वाह व्यवस्था!  अब कुछ बोलेंगे तो कहेंगे कि बोलता है... अरे चुप कैसे रहें भइया ये सब देखकर... लगे रहो @Journoaatmiya @real_hemendra  कम से कम तुम लोग तो चरण वंदना में नहीं जुटे हो, नहीं तो बाकियों का क्या ही कहना.... @SanjayAzadSln @manish_sisodiya https://t.co/IFrOY0DoXW",NOT,NONE,0
3347,60c5d7495659ea5e55df17de,hi_hasoc_2021_3347,#OPS #BanEVM #पुरानी_पेंशन_बहाल_करो #FarmersProtest #SpeakUpForFarmers #StopPrivatization #ModiMadeDisaster #NPS_भारत_छोड़ो #NPS_QUIT_INDIA #NPSनिजीकरणभारतछोड़ो #OPS_कर्मचारी_का_अधिकार #NPSनिजीकरणकेख़िलाफ़_इंक़लाब #स्वास्थ्य_क्षेत्र_मे_बजट_बढ़ाओ #Resign_PM_Modi #Vaccine_और_MSP_दो https://t.co/mOBtJEyaLR,NOT,NONE,0
833,60c5d7495659ea5e55df099f,hi_hasoc_2021_833,"पहले बर्मा से रोहिंग्या और  बांग्लादेश से घुसपैठिये आए ,,,, फिर चीन से कोरोना आया  पाकिस्तान से टिड्डियाँ,, हे भगवान ऐसे हरामी पड़ोसी देश तो क्या ,,  किसी को ना दे ।।",NOT,NONE,0
1176,60c5d7495659ea5e55df0c5a,hi_hasoc_2021_1176,मेरे कार्यकर्ता मैं जवाबदार।। @BJP4Bengal @BJP4India @narendramodi @AmitShah @rajnathsingh @nitin_gadkari  #BangalBurning #TMCViolence #BengalBurning #BengalInFlames,NOT,NONE,0
272,60c5d7495659ea5e55df05c9,hi_hasoc_2021_272,#SuperSpreaderModi #ModiDisasterForIndia  #ResignModi #Resign_PM_Modi  #VaccineRegistration  #cowinregistration #KindAttnPMNarendraModi #किसानों_का_मोदी_को_धोबीपटका   A series of decisions 🤨 https://t.co/tFzpKKXips https://t.co/SsJQEAW6eM,NOT,NONE,0
2269,60c5d7495659ea5e55df11a6,hi_hasoc_2021_2269,जिस #WuhanVirus ने समूचे विश्व को नरक बना डाला आज वहीं जश्न हो रहा है। ये जश्न क्यूँ दुनिया को नरक बनाने के लिए ? #ChineseVirus https://t.co/b0uV4Kq3Ks,NOT,NONE,0
4142,60c5d7495659ea5e55df1b39,hi_hasoc_2021_4142,@Jain_Anuj81 @Runjhunsharmas जैसे सरकार ने कहा है शादी में 50 लोगों से ज्यादा शामिल नही हो सकते तो क्या वोट डालने वालों के लिए भी ये नियम लागू है या फिर चुनावी जुमला ?  #CovidResources #BengalElections2021 #ModiKaVaccineJumla #Agartala #ArvindKejriwal #AFC @Jain_Anuj81 #IndiaFightsCorona #OxygenCrisis,NOT,NONE,0
2608,60c5d7495659ea5e55df1464,hi_hasoc_2021_2608,#SuperSpreaderModi #ModiDisasterForIndia  #ResignModi #Resign_PM_Modi  #VaccineRegistration  #cowinregistration #KindAttnPMNarendraModi #किसानों_का_मोदी_को_धोबीपटका https://t.co/KqcO6MLv2q,NOT,NONE,0
2784,60c5d7495659ea5e55df14c4,hi_hasoc_2021_2784,"कृप्या अंधभक्तो से बहस न करे🙏🏻 वो अगर कहता है कि  ""हाथी उड़ता है"" तो आप भी कहे कि हां आज हमारे घर के तार  पर बैठा था..!😆 #ModiHataoDeshBachao #ModiGovtSeNaHoPayega #modioxygendo #ModiKaVaccineJumla #ModiResign #modi_rojgar_do #BJPFailsIndia #KisanMazdoorEktaZindabaad",NOT,NONE,0
992,60c5d7495659ea5e55df0b1c,hi_hasoc_2021_992,"कौआ अगर नाच दे तो मोर नहीं होता, और हर दाढ़ी बढ़ानेवाला रविन्द्रनाथ टैगोर नहीं होता! #WestBengalElections2021    #MamataBanerjee #ResignPMmodi #WestBengalElections2021 #WestBengalPolls #ModiMustResign #KhelaHobe #didi_o_didi #mondaythoughts #KindAttnPMNarendraModi #COVID19",NOT,NONE,0
639,60c5d7495659ea5e55df0858,hi_hasoc_2021_639,@sakshijoshii @IYC @srinivasiyc मोदी तुम इस्तीफा दो हम तुम्हारे साथ है #ResignModi  #Resign_PM_Modi  #ModiHataoDeshBachao https://t.co/spsvPTov8W,NOT,NONE,0
2462,60c5d7495659ea5e55df1383,hi_hasoc_2021_2462,"सरदाना की मौ""त का बदला, कहीं शहाबुद्दीन से तो नहीं लिया गया है..? मर'ने से पहले मौ'त की खबर वायरल..? क्या साजिश के तहत इनकी ह""त्या की गई..? #JusticeForShahabuddin  @007ShoaibAnsari https://t.co/HadM3yLm5d",NOT,NONE,0
1065,60c5d7495659ea5e55df0a35,hi_hasoc_2021_1065,@ATULKUM76136165 @Bhagwa_Sherni22 मेरा दिखावे के हिंदू भाइयों से विनम्र विनती है कि अपनी छोटी मानसिकता और फूहड़ शब्दों से दूसरे धर्म के लोगों की नजर में सनातन धर्म को बदनाम करना बंद करें  प्लीज,NOT,NONE,0
544,60c5d7495659ea5e55df071d,hi_hasoc_2021_544,"@ZeeNews @AmanChopra_ @SuPriyoBabul अगर धरना देने से सब सही हो जाता तो..  कुरुक्षेत्र में भी ""श्री कृष्ण"" जी ""अर्जुन"" को यही सलाह देते..। 😡😡😡  #BengalBurning  #BengalViolence  #KhooniKhela  #WestBengalViolence",NOT,NONE,0
2809,60c5d7495659ea5e55df15a0,hi_hasoc_2021_2809,आज पूरे इंडिया को समझ में आ गया है कि सिस्टम कप प्लेट धोने लायक ही था। 😉😀  #ModiKaVaccineJumla https://t.co/bS50ju59GU,NOT,NONE,0
3449,60c5d7495659ea5e55df19af,hi_hasoc_2021_3449,"हम आतिशे सोज़ां में भी हक़ बात कहेंगे, कुंदन  की  तरह  दहर  में  ताबिंदा रहेंगे ! तारीख़ बताती है कि हर दौर-ए-सितम में, हम ज़िन्दा थे,हम ज़िन्दा हैं,हम ज़िन्दा रहेंगे ! ~अज्ञात  #JusticeForShahabuddin https://t.co/6la7QLbNve",NOT,NONE,0
643,60c5d7495659ea5e55df08cc,hi_hasoc_2021_643,"""Lighting a fire in China VS lighting a fire in India."" But i think this should have been their caption-"" एक ओर इंसानियत जल रही है, वहीं एक ओर शव...।  #IndiaCovidCrisis #shameonchina #weibo https://t.co/Eu5YTcxdXi",NOT,NONE,0
3872,60c5d7495659ea5e55df1c99,hi_hasoc_2021_3872,ममता की मुस्लिम सांसद Nusrat Jahan का बड़ा खुलासा शादी अवैध तो क्या Mamat... https://t.co/BtLHSPQkze via @narendramodi @PMOIndia @narendramodi177 @BJP4Bengal @BJP4Delhi @AmitShah @rajnathsingh,NOT,NONE,0
4273,60c5d7495659ea5e55df064b,hi_hasoc_2021_4273,#नरेंद्र_मोदी_ग्लोबल_पप्पू #Resign_PM_Modi  plz tweet .... make it in trending,NOT,NONE,0
2534,60c5d7495659ea5e55df131c,hi_hasoc_2021_2534,"मैने ना सुना , मैंनें ना देखा, मुझे क्या पता आग कौनसी बस्ती में लगी हैं। #मोदी_इस्तीफा_दो #मोदी_भाषण_रोको_आक्सीजन_नहीं  #ModiResign #ModiResignOrRepeal #ModiKaVaccineJumla #ModiMadeDisaster #OxygenCrisis #OxygenCylinders https://t.co/mVxrLXsGI8",NOT,NONE,0
1753,60c5d7495659ea5e55df0d04,hi_hasoc_2021_1753,"अवैध कब्जा कर नमाज पढ़ने का प्रयास किया, गांव के निवासी आदिवासियों ने उन्हें जमीन पर कब्जा करने से मना किया परंतु शांतिदूत नहीं माने और समझाने बुझाने आए आदिवासियों से ही हाथापाई पर उतारू हो गए,",NOT,NONE,0
1083,60c5d7495659ea5e55df0b71,hi_hasoc_2021_1083,मशहूर शायर इमरान प्रतापगढ़ी @ShayarImran भाई दीन दयाल उपाध्याय अस्पताल दिल्ली ओसामा साहब का साथ देने उनके पास पहुंच गये हैं हिना सहाब और ओसामा साहब से दिल्ली पुलिस बात कर रही है इमरान भाई आपकी यही मोहब्बत आपको लोगों के दिलों में बिठाती हैं । #JusticeForShahabuddin,NOT,NONE,0
2070,60c5d7495659ea5e55df1242,hi_hasoc_2021_2070,"@ShilpaBhartiy लालु जैसे नेता शेर तब बनते हैं  ""जब"" उनके पीछे ""शहाबुद्दीन"" जैसा सवा शेर होता है!🔥#justiceforshahabuddin",NOT,NONE,0
3668,60c5d7495659ea5e55df1afb,hi_hasoc_2021_3668,ट्विटर पर नही बल्कि खुल कर @yadavtejashwi सहित @RJDforIndia का कोई भी नेता ‘राजकीय सम्मान के साथ अन्तिम संस्कार’ के लिए माँग क्यूँ नहीं किया ? 👉#JusticeForShahabuddin https://t.co/9XvIFgSprV,NOT,NONE,0
1950,60c5d7495659ea5e55df0f5a,hi_hasoc_2021_1950,कोविड-19 के संक्रमण से बचने का नया पासवर्ड आप भी याद रखें और दूसरों को भी बताए। @JharkhandCMO  @BannaGupta76  @MoHFW_INDIA  @prdjharkhand @DrJatashankarC1  @prdpalamu  @IprdPalamu #COVID19India #CovidVaccine #COVIDEmergencyIndia https://t.co/9K26392EcP,NOT,NONE,0
1168,60c5d7495659ea5e55df0bcb,hi_hasoc_2021_1168,जो ताउम्र सबको उनका हक दिलाता रहा आज वो अपने हक की दो गज जमीं ना पा सका 😔              #JusticeForShahabuddin,NOT,NONE,0
3554,60c5d7495659ea5e55df1b84,hi_hasoc_2021_3554,@yadavtejashwi वाह तेजस्वी भाई वाह क्या खूब इलाज करवाया है ddu मे एम्स  मे क्यो नही ले जाया गया आपके पार्टी के लिए क्या नही किया था उनहोंने  ! बहुत गन्दी पॉलिटिक्स करते हो जनता कभी भी माफ नहीं करेगी आपको  #JusticeForShahabuddin  #ShahabuddinSaheb  #systemjaanlewa,NOT,NONE,0
2826,60c5d7495659ea5e55df162a,hi_hasoc_2021_2826,रोहित सरदाना की दिल्ली में कोरोना से मृत्यु के उपरांत शव का उनके पैतृक गांव कुरुक्षेत्र में ससम्मान अंतिम संस्कार हो सकता है तो शहाबुद्दीन साहब के अंतिम संस्कार के लिए उनके शव को गांव ले जाने की अनुमति नही देना कहाँ का इंसाफ है....? #JusticeForShahabuddin,NOT,NONE,0
1328,60c5d7495659ea5e55df0c01,hi_hasoc_2021_1328,#ResignModi #YogiJhootaHai  #CovidIndia #Bengal  #PrayForFarmersVictory #justice_for_rupa_tirkey  #देश_ऑक्सीजन_मांगता_है https://t.co/yZCbK3FCjU,NOT,NONE,0
1090,60c5d7495659ea5e55df0c68,hi_hasoc_2021_1090,हक की आवाज को मजबूत कीजिए एक बार फिर से लिखिए #JusticeForShahabuddin,NOT,NONE,0
4072,60c5d7495659ea5e55df19d2,hi_hasoc_2021_4072,रूस की स्पुतनिक लाइट सिंगल डोज वाली वैक्सीन होगी जिसका उत्पादन भारत में किया जाएगा. इस वैक्सीन को 79.4 फीसदी कारगर बताया जा रहा है. #SputnikLight #CovidVaccine #COVID19 https://t.co/ZRW2EQi6H2,NOT,NONE,0
2614,60c5d7495659ea5e55df12ea,hi_hasoc_2021_2614,उत्तर प्रदेश और महाराष्ट्र में कोरोना का कहर जारी    @ShivendraAajTak @saurabhv99  #UttarPradesh #Maharasthra #Coronavirus #CovidVaccine https://t.co/HPkUOYW1x4,NOT,NONE,0
387,60c5d7495659ea5e55df07c6,hi_hasoc_2021_387,आयेगा तो मोदी ही। @AnupamPKher 😂😂😂 #ResignPMmodi https://t.co/UGXAIjBBzm,NOT,NONE,0
3937,60c5d7495659ea5e55df1af0,hi_hasoc_2021_3937,"अब ना दीदी बाहर निकलेंगी ना ही दाढ़ी वाले बाबा। अब चारों तरफ सिर्फ अर्थियां निकल रही हैं। 2 मई भी बीती.. 3 मई बीत रही है। ""दोनों"" नतीजे सबके सामने है। क्या किसी के लिए ये जश्न की बात है?? #BengalElection2021  #AatmanirbharBharat  #नेता_लापता  #IndiaCovidCrisis https://t.co/L6U6rfgdX7",NOT,NONE,0
3475,60c5d7495659ea5e55df1b7d,hi_hasoc_2021_3475,"आपलोग ने कुछ नहीं चाहा ,चाहते तो बहुत कुछ हो जाता विधायक जी! सब याद रखा जायगा! #गद्दार_RJD #JusticeForShahabuddin https://t.co/wcZDpbxnoy",NOT,NONE,0
41,60c5d7495659ea5e55df057e,hi_hasoc_2021_41,कमाल है हरे भरे पेड़ काटकर सिलेंडर में सांस ढूंढ़ता है ?? इंच-इंच जगह हथियाने के बाद अस्पताल में  खाट ढूंढता है?? #CovidVaccine #COVID19 #V_Positive✌️ #lockdown2021 #savetreesavelife 🪵 #SaveCommunityOfHuminity 🙏 https://t.co/nediFTXOaH,NOT,NONE,0
3523,60c5d7495659ea5e55df19cd,hi_hasoc_2021_3523,"""सामाजिक दूरी बना के रखनी होगी. बच्चों को सुरक्षित रखने के लिए उनको घर में ही रखना है"": डॉ विवेक गोस्वामी, बाल रोग विशेषज्ञ, फोर्टिस  #Coronavirus #COVID19 #CovidVaccine https://t.co/yyyKfDmMEs",NOT,NONE,0
2657,60c5d7495659ea5e55df13fa,hi_hasoc_2021_2657,@yadavtejashwi आज साहब का परिवार अकेला है राजद ने उनके हाल पर छोड दिया है इसका अंजाम भुगताना पडेगा राजद पार्टी को #JusticeForShahabuddin #BycottRJD,NOT,NONE,0
3290,60c5d7495659ea5e55df169f,hi_hasoc_2021_3290,"वैक्सीनेशन से आप भी सुरक्षित, आपका परिवार भी सुरक्षित…!  वैक्सीन ज़रूर लगवायें!!  #CovidVaccine  #COVID19  #COVIDSecondWave",NOT,NONE,0
1594,60c5d7495659ea5e55df0d96,hi_hasoc_2021_1594,"#KabirSahib_Ke_Dohe  💫कुष्टी हो संत बंदगी कीजिए। जे हो वैश्या को प्रभु विश्वास, चरण चित दीजिए।। यदि किसी भक्त को कुष्ट रोग है और वह भक्ति करने लगा है तो उससे घृणा न करे। उसको प्रणाम करे। उसका हौंसला बढ़ाना चाहिए। भक्ति करने से उसका जीवन सफल होगा, र #KabirPrakatDiwas 24 June 2021 https://t.co/mGuchPcPyP",NOT,NONE,0
1422,60c5d7495659ea5e55df0e08,hi_hasoc_2021_1422,क्या साबुद्दीन का RJD ने लालू जी के बदले  सौदा किया  आपकी क्या राय है #JusticeForShahabuddin,NOT,NONE,0
2150,60c5d7495659ea5e55df1252,hi_hasoc_2021_2150,@chitraaum #BengalBurning में सो रही हो क्या। लेकिन ये याद रखना तुम्हारा भी नम्बर आएगा एक दिन। अगर तुम हिंदू हो तो। https://t.co/mYWolHHqBy,NOT,NONE,0
536,60c5d7495659ea5e55df0845,hi_hasoc_2021_536,इंसान इतना महान हो चुका था कि आज खुद को बचाने के लिए कुदरत से मुंह छुपाना पड़ रहा है! #COVIDSecondWaveInIndia  #covid #pandemic  #CovidVaccine https://t.co/0kLUKdsE8P,NOT,NONE,0
3135,60c5d7495659ea5e55df15d4,hi_hasoc_2021_3135,#ModiKaVaccineJumla #ModiResign #IndiaFightsCorona #PMCaresFund_का_हिसाब_दो #PMDoesNotCare https://t.co/KFMSCaLRir,NOT,NONE,0
3504,60c5d7495659ea5e55df1db9,hi_hasoc_2021_3504,Avesh khan success story- सडक किनारे गुमटी लगाकर पान बेचने वाले का बेटा आईपीएल में कमाल कर रहा है - #IPL #IPL2021live #aveshkhan #IPLSchedule #TeamIndiaVsCovid #DelhiCapitals #DelhiCovid #aveshkhan #ipl2021cdp #IndiaCovidCrisis #cricket     https://t.co/EsAkPLl53d,NOT,NONE,0
4350,60c5d7495659ea5e55df05cb,hi_hasoc_2021_4351,This Bengal election is just the starting and Modi will lose in all states.  FARMERS are winning. #ResignModi #Resign_PM_Modi #ExitModi #CoronaSecondWave #KindAttnPMNarendraModi #BanEVM_SaveDemocracy #किसानों_का_मोदी_को_धोबीपटका https://t.co/i7L7kUCFNm,NOT,NONE,0
1899,60c5d7495659ea5e55df0d1d,hi_hasoc_2021_1899,"अलविदा शेर-ए-बिहार…  अल्लाह आपकी मग़फ़िरत फरमाए, आपको जन्नतुल फिरदौस में आला मकाम अता फरमाए और अहले खाना को सब्र जमील अता फरमाए. 🤲 #JusticeForShahabuddin https://t.co/MdFNGCUPhu",NOT,NONE,0
1501,60c5d7495659ea5e55df0cd9,hi_hasoc_2021_1501,"@RamanDhaka आज इस नए दौर की महाभारत में जनतंत्र का अभिमन्यु बचेगा क्या? बुरी तरह घिरा है वह साम्प्रदायिकता के चक्रव्यूह   ताक़त समेटे बड़े-बड़े महारथी तत्पर हैं अभिमन्यु का वध करने को,  #IndiaFightsCOVID19 #IndiaCovidCrisis",NOT,NONE,0
4900,60c5d7495659ea5e55df0d80,hi_hasoc_2021_4903,"उपरोक्त सभी आर्टिकल बस एक कल्पना है सच्चाई से इसका कोई लेना देना नही है,  कृपया इसे सोचे समझें और नजरअंदाज़ कर दें।  #JusticeForShahabuddin",NOT,NONE,0
400,60c5d7495659ea5e55df08b2,hi_hasoc_2021_400,"@SonuSood @CryptoRelief_ @roundtableindia @HothurGivesBack @SoodFoundation मध्यप्रदेश के छतरपुर जिले के बक्सवाहा में 2.15 लाख पेड़  और अनगिनत जानवर कुछ हीरों के लिए काटे जाने वाले है, बचाने के लिए जुड़े। #SaveBuxwahaForest #SavePannaForest #बकस्वाहा_जंगल_बचाओ_अभियान https://t.co/OnCqwlnbLI",NOT,NONE,0
3375,60c5d7495659ea5e55df172c,hi_hasoc_2021_3375,"@janardanmis नुसरत जहां ने अपनी शादी को अवैध बताया, क्योंकि शादी तुर्की में हुई थी, इंडिया में मान्य नहीं है। इस हिसाब से तो अल्लाह भी सऊदी में पैदा हुआ था इंडिया में नहीं, तो वह भी मान्य नहीं है...!!!! 😜😂😂",NOT,NONE,0
936,60c5d7495659ea5e55df0a43,hi_hasoc_2021_936,@p_sahibsingh @MamataOfficial मेरी भगवान से यही प्रार्थना है कि एक एक दर्द का हिसाब हो @MamataOfficial से। #BengalBurning #Bengalisburning #BengalViolance #BengalViolenceWarrantsSternAction #bengalgenocid #ArrestMamataBanerjee #MamtaisTerrorist,NOT,NONE,0
5079,60c5d7495659ea5e55df0e72,hi_hasoc_2021_5082,@_garrywalia @SPatel_Indian मोदी तुम इस्तीफा दो हम तुम्हारे साथ है #ResignModi  #Resign_PM_Modi  #ModiHataoDeshBachao https://t.co/spsvPTov8W,NOT,NONE,0
1527,60c5d7495659ea5e55df0f21,hi_hasoc_2021_1527,#OPS #BanEVM #पुरानी_पेंशन_बहाल_करो #FarmersProtest #SpeakUpForFarmers #StopPrivatization #ModiMadeDisaster #NPS_भारत_छोड़ो #NPS_QUIT_INDIA #NPSनिजीकरणभारतछोड़ो #OPS_कर्मचारी_का_अधिकार #NPSनिजीकरणकेख़िलाफ़_इंक़लाब #स्वास्थ्य_क्षेत्र_मे_बजट_बढ़ाओ #Resign_PM_Modi #Vaccine_और_MSP_दो https://t.co/BwI7J7zLAs,NOT,NONE,0
2935,60c5d7495659ea5e55df14bd,hi_hasoc_2021_2935,"@kishanganj_RJD @RJDforIndia @TwitterGov @bihar_police @cyberabadpolice @Uppolice @Siwan_Rjd @katihar_RJD @ArariaRjd @AlokMehtaMP @manojkjhadu @NehaBishwas @jainendrakumar @TwitterSafety *ओसामा साहब ने सिर्फ उस ट्वीट और ट्विटर अकाउंट को फर्जी बताया है ना कि राजद का पक्ष लिए और ना की राजद का गुणगान किये है, संयम रखिए जल्द ही सब कुछ सामने आएगा।* #JusticeForShahabuddin",NOT,NONE,0
2989,60c5d7495659ea5e55df1538,hi_hasoc_2021_2989,@AliAlmoosavi @NarovaKunjarova @BJP4India @COVIDNewsByMIB Absolutely correct Malik #ResignPMmodi  #PMCaresFund_का_हिसाब_दो  #PMResign  #IndiaNeedsOxygen  #IndiaCovidCrisis #BjpDestroyedIndia  #BJPFailsIndia,NOT,NONE,0
883,60c5d7495659ea5e55df0a87,hi_hasoc_2021_883,हीरो हो गया अब तो तू।।गुंडागर्दी करता है खुद भोजपुरी समाज को गन्दा बनाया गाना गा के तब नही सोचा महोदय ने।काजल प्रिया कल्लू क्या क्या नाम लेके गाना गाते वक़्त नही सोच अब तो हम बॉयकॉट ओर ब्लॉक करेंगे तुम जैसे फूहड़ गायक को।कर न केस मेरे पे कितनो पे केस करेगा अहिरा।@khesariLY,NOT,NONE,0
1969,60c5d7495659ea5e55df1077,hi_hasoc_2021_1969,फेकू का एक जुमला #ModiResign  #ModiKaVaccineJumla https://t.co/e1oFeG9Huk,NOT,NONE,0
290,60c5d7495659ea5e55df054b,hi_hasoc_2021_290,"देश में सक्रिय मामलों की कुल संख्या 36,45,164 है और डिस्चार्ज हुए मामलों की कुल संख्या 1,76,12,351 है।  देश में पिछले 24 घंटे में कोरोना वायरस की 23,70,298 वैक्सीन लगाई गईं, जिसके बाद कुल वैक्सीनेशन का आंकड़ा 16,49,73,058 हुआ। #CovidVaccine  #COVID19India",NOT,NONE,0
692,60c5d7495659ea5e55df08d4,hi_hasoc_2021_692,@jtnladakh @BJP4India जो पार्टी अपने ही कार्यकर्ताओं की सुरक्षा सुनिश्चित नहीं कर सकती वो आम जनता की सुरक्षा क्या खाक करेगी। तो आओ लोगों के पास दो ही रास्ते बचे है या तो चुड़िया पहन के घर में हिजड़ों की तरह पड़े रहो या फिर बंगाल में जो हो रहा है उसके खिलाफ कोई सख्त कदम उठाओ। #BengalBurning,NOT,NONE,0
3909,60c5d7495659ea5e55df1b46,hi_hasoc_2021_3909,"देख को बंगाल की लोगों, खुले आम धमकी मिल रही है तुम्हें अपने ही देश में। बात अब हाथ से निकल चुकी है। #BengalBurning #BengalViolence https://t.co/BhfXIuhOXB",NOT,NONE,0
1781,60c5d7495659ea5e55df0ef0,hi_hasoc_2021_1781,#OPS #BanEVM #पुरानी_पेंशन_बहाल_करो #FarmersProtest #SpeakUpForFarmers #StopPrivatization #ModiMadeDisaster #NPS_भारत_छोड़ो #NPS_QUIT_INDIA #NPSनिजीकरणभारतछोड़ो #OPS_कर्मचारी_का_अधिकार #NPSनिजीकरणकेख़िलाफ़_इंक़लाब #स्वास्थ्य_क्षेत्र_मे_बजट_बढ़ाओ #Resign_PM_Modi #Vaccine_और_MSP_दो https://t.co/o1Cp0HoCJo,NOT,NONE,0
3879,60c5d7495659ea5e55df1cc5,hi_hasoc_2021_3879,ईजी न्यूज पर खबरें तो आसानी से मिलती रहेंगी लेकिन क्या पूरा देश  लॉकडाउन लगाए बिना आसानी से कोरोना की इस जंग को जीत पाएगा?  #COVIDEmergencyIndia #IndiaCovidCrisis #IndiaFightsCorona,NOT,NONE,0
2699,60c5d7495659ea5e55df12c8,hi_hasoc_2021_2699,@rajesh_inc @RahulGandhi @priyankagandhi @INCIndia @INCUttarPradesh @ashokgehlot51 @MukulWasnik @BhupinderSHooda उत्तर प्रदेश में एक संयुक्त ब्राह्मण संघ की जरूरत है 12 ब्राह्मणों का एनकाउंटर कर दिया गया 50लाख  युवा ब्राह्मण बेरोजगार हैं कई बेगुनाह जेल में है ब्राह्मणों के मंदिर मठों पर रसूख जाटों का अवैध कब्जा खेती की जमीन पर अवैध कब्जा हो रहा है कोई सुनवाई नहीं संगठन जरूरी है,NOT,NONE,0
6014,60c5d7495659ea5e55df1908,hi_hasoc_2021_6019,At least didi doing what she is known for...clear stand for ideology of TMC.. What happened to Modi ji...stop thinking for noble prize sir... अगर धरना देने से समस्या का समाधान होता तो श्री कृष्ण महाभारत की जगह धरना देते. #BengalBurning #TMCViolence #MamtaBanerjee #BengalBurning,NOT,NONE,0
364,60c5d7495659ea5e55df07fb,hi_hasoc_2021_364,"बुलबुल को बागबां से न सैयाद से गिला, किस्मत में कैद लिखी थी फसल-ए-बहार में… दिन ज़िन्दगी खत्म हुए शाम हो गई, फैला के पांव सोएंगे कुंज-ए-मज़ार में… कितना है बदनसीब 'ज़फर' दफ्न के लिए, दो गज़ ज़मीन भी न मिली कू-ए-यार में… #ShahabuddinSaheb #JusticeForShahabuddin https://t.co/62iVAETOkI",NOT,NONE,0
2653,60c5d7495659ea5e55df13e7,hi_hasoc_2021_2653,सीवान के जो नेता शहाबुद्दीन के नाम पर अब तक वोट बटोर रहे हैं वो कहाँ हैं क्या उनका ज़मीर बिल्कुल मर गया Osama Shahab के साथ उनको मज़बूती से खड़ा होना चाहिये #RJDSpeak4Shahabuddin #JusticeForShahabuddin #JusticeForShahabuddin,NOT,NONE,0
497,60c5d7495659ea5e55df0725,hi_hasoc_2021_497,@Chee_Newz मोदी तुम इस्तीफा दो हम तुम्हारे साथ है #ResignModi  #Resign_PM_Modi  #ModiHataoDeshBachao https://t.co/spsvPTov8W,NOT,NONE,0
2406,60c5d7495659ea5e55df1149,hi_hasoc_2021_2406,वेक्सीन सम्बधित पूरी जानकारी  #COVIDVaccination #CovidVaccine  #MaskUp  #safetyfirst https://t.co/rXmfxSSyaP,NOT,NONE,0
4179,60c5d7495659ea5e55df1d2b,hi_hasoc_2021_4179,@free_thinker #Hindus DYING #HindusLivesMatter   #KindAttnPMNarendraModi  #coronasecondwaveinindia #ModiMadeDisaster #ResignModi    #BJP #RSS LIARS   I WARNED 2 YRS BACK #RSSTerrorists BANNED BY SARDAR PATEL IGNORED  #शेर_नहीं_भेड़िया_पाल_लिया_भक्तो  #MautKaSaudagar,NOT,NONE,0
4129,60c5d7495659ea5e55df19f1,hi_hasoc_2021_4129,अगली बार नेताजी आयें तो पूछना कि अच्छे अस्पताल कब बनवाओगे?या फिर हमें बाँट के जीत जाओगे?#ModiKaVaccineJumla #ArrestPChidambaram #RishiKapoor #RohithSharma #Hitman #500DaysOfAmaravatiProtests #FarmLaws_NextPandemic #HappyBirthdayRohit #RIPKVAnand #IndiaCovidCrisis #ModiMustResign https://t.co/nwfWuMlo1X,NOT,NONE,0
2430,60c5d7495659ea5e55df117e,hi_hasoc_2021_2430,Loud Abhay Dubey : कोंग्रेस कैसे बनी देश की सबसे बड़ी विपक्षी दल और कहाँ... https://t.co/VCHExkoNw8 via  @YouTube #AndhBhakt #ModiKaVaccineJumla #ResignPMmodi #SaavdhanVishram #MaharashtraDay #KisanMazdoorEktaZindabaad  @ArvindKejriwal @AmitShah @MamataOfficial @IYC @PMOIndia,NOT,NONE,0
2111,60c5d7495659ea5e55df1194,hi_hasoc_2021_2111,@mumbaikkar @common000786 @ChottuBnD @Jalebi_Bai_ @RoflGandhi0 @Bol_Do2 @Gully_Boy19 @DombivaliMe @jatin2909 @babamastram @ParodyPTI मोदी तुम इस्तीफा दो हम तुम्हारे साथ है #ResignModi  #Resign_PM_Modi  #ModiHataoDeshBachao https://t.co/spsvPTov8W,NOT,NONE,0
3052,60c5d7495659ea5e55df15b6,hi_hasoc_2021_3052,जो शहाबुद्दीन के साथ हैं वो इस ट्वीट को रीट्वीट करें और इस हैसटैग पर ट्वीट करें #JusticeForShahabuddin,NOT,NONE,0
3847,60c5d7495659ea5e55df1a8e,hi_hasoc_2021_3847,"@narendramodi प्रिय मोदी जी,  दिए तले अंधेरा सुन ने में ही अच्छा लगता है, आप इसे साक्षात सिद्ध मत कीजिए  बंगाल में जो हो रहा है वो W-DC वाले भी देख ही रहे होंगे  आपको शायद पहले अपने घर, अपने देश को सही रास्ता, सही दिशा देने की कोशिश करने की ओर ध्यान देना चाइए #BengalBurning  #BengalViolence",NOT,NONE,0
4096,60c5d7495659ea5e55df1b65,hi_hasoc_2021_4096,"अलविदा शेर-ए-बिहार…  अल्लाह आपकी मग़फ़िरत फरमाए, आपको जन्नतुल फिरदौस में आला मकाम अता फरमाए और अहले खाना को सब्र जमील अता फरमाए. 🤲 #JusticeForShahabuddin https://t.co/NuQpodjt2Y",NOT,NONE,0
4187,60c5d7495659ea5e55df1952,hi_hasoc_2021_4187,#ModiKaVaccineJumla #ModiResign #IndiaFightsCorona #PMCaresFund_का_हिसाब_दो #PMDoesNotCare https://t.co/brIC9stAIG,NOT,NONE,0
1087,60c5d7495659ea5e55df0bc0,hi_hasoc_2021_1087,ऐसे वक्त में ओसामा भाई अकेले खड़े हैं लेकिन जिन्होंने सारी उम्र शहाबुद्दीन साहब का खाया वह कहा है??   #JusticeForShahabuddin,NOT,NONE,0
2724,60c5d7495659ea5e55df1481,hi_hasoc_2021_2724,"@Yi_Sun_Shin @AmbLindnerIndia भाइयों बहनों पैशे खिदमत है, एक और #पप्पूशास्त्र का विद्यार्थी 🤣  Don't listen to @  Its' a #ChineseAgent working as a #ChineseBot heavily funded by enemy countries to trouble India n spread #ChineseVirus. Proponent of #Pappuanomics 1 of a #INCorporated #LOLu",NOT,NONE,0
207,60c5d7495659ea5e55df0612,hi_hasoc_2021_207,#CovidVaccine  #कोरोना_बाजार https://t.co/3ofbB6HNje,NOT,NONE,0
1122,60c5d7495659ea5e55df0b29,hi_hasoc_2021_1122,"ममता को चोट लगी ब्रेकिंग न्यूज बन गई थी  BJP के बहुत सारे कार्यकर्ता मर गए , किसी चैनल को खबर तक नहीं 😠 #BengalBurning",NOT,NONE,0
3036,60c5d7495659ea5e55df1641,hi_hasoc_2021_3036,"@abuasimazmi @OsamaShahab_ लालू की रिहाई की कीमत शहाबुद्दीन साहब की जान से चुकाई गयी है, RJD की खामोशी इस बात की गवाह है। Tejashwi Yadav दिल्ली में होने के बावजूद हॉस्पिटल नही पहुँच सकें।  ये वक़्त भुला नही जाएगा।।   इमरान भाई अमानतुल्लाह खान आपको सलाम #StandwithOsamaSahab  #JusticeForShahabuddin",NOT,NONE,0
330,60c5d7495659ea5e55df06dc,hi_hasoc_2021_330,"@MajorPoonia कौन अपना घर मर्ज़ी से छोड़ता है साहब ? #BengalBurning असहाय,बेसहारा और मज़बूरों के आशियाने को उजाड़ने वालों, काल का पहिया घूम रहा है,ईश्वर सबका हिसाब इधर ही करेगा  ऊपर वाले की लाठी हमेशा कुर्सी पर बैठे नफ़रत में डूबे लोगों की लाठी से बहुत भारी",NOT,NONE,0
2110,60c5d7495659ea5e55df1186,hi_hasoc_2021_2110,साहब उनका विश्वास जितने की जिद आपको अपनो से दूर कर रही है #CruelMamata #AmitShah #NarendraModi #BengalBurning,NOT,NONE,0
1321,60c5d7495659ea5e55df0b7f,hi_hasoc_2021_1321,"ये कैसा उन्माद?'  सदियों में न हुआ होगा यह ऐसा कृत्य घृणित है, टैगौर विवेकानंद सुभाष की भूमि आज हुई लज्जित है |  #BengalBurning #BengalViolence  @BJYM @BJP4UP @JPNadda @sunilbansalbjp https://t.co/M9IO7LQxHZ",NOT,NONE,0
1404,60c5d7495659ea5e55df102a,hi_hasoc_2021_1404,@Pathani_ @ArvindKejriwal #JusticeForShahabuddin  #जस्टिस_फॉर_शहाबुद्दीन,NOT,NONE,0
3692,60c5d7495659ea5e55df1a5f,hi_hasoc_2021_3692,@khadus7656 @Rudra_Awasthi1 @Pragatipandey28 @its_bpsingh @sushilRamRam @royalyajuvendra @Puspa_ba स्नेहा जी उस जानवर को भी दर्द होता हैं जिसे ये सिर्फ अपने स्वाद के लिए मार देते है।,NOT,NONE,0
3048,60c5d7495659ea5e55df1569,hi_hasoc_2021_3048,हैदरनगर प्रखण्ड में बना 2 कंटेन्मेंट जोन।  अधिक जानकारी के लिए दिए गए लिंक को क्लिक करे: https://t.co/OtgcTKuHrR @JharkhandCMO  @BannaGupta76  @MoHFW_INDIA  @prdjharkhand @DrJatashankarC1  @prdpalamu @IprdPalamu #COVID19India #CovidVaccine,NOT,NONE,0
3197,60c5d7495659ea5e55df17f1,hi_hasoc_2021_3197,#बंगाल बना आतंकिस्तान!! #बंगाल_हिंसा #बंगाल_पर_मीडिया_मौन_क्यो #बंगाल_में_राष्ट्रपति_शासन_लागू_हो #बंगाल_बचाओ_मोदीजी #बंगाल_कश्मीर_बन_गया #BengalBurning #BengalViolence #Bengalisburning #BengalInFlames,NOT,NONE,0
4177,60c5d7495659ea5e55df1cfe,hi_hasoc_2021_4177,आप याद बहुत आएंगे 😭  #शहाबुद्दीन_साहब  #JusticeForShahabuddin https://t.co/a0EKuBprZY,NOT,NONE,0
2155,60c5d7495659ea5e55df10d0,hi_hasoc_2021_2155,@ranvijaylive ये राजनीति के लिए किसी भी हद तक जा सकते हैं।😔😔 बंगाल को 30% दीदी और 70% बीजेपी जला रही है। 😔😔  #BengalBurning #ModiHataoDeshBachao,NOT,NONE,0
2424,60c5d7495659ea5e55df10ea,hi_hasoc_2021_2424,"बंगाल में भाजपा कार्यकर्ताओं पर तृणमूल कांग्रेस (TMC) के लोगों द्वारा किये गए जानलेवा हमलों के खिलाफ आज भारतीय जनता युवा मोर्चा की तरफ से  विरोध प्रदर्शन किया। ममता बनर्जी शर्म करो,  *बंगाल को जलाना बंद* करो...🙏🏻 #BengalBurning @JPNadda @tarunchughbjp  @ImRavinderRaina @IArundev https://t.co/N5ApTW6jCK",NOT,NONE,0
5262,60c5d7495659ea5e55df113d,hi_hasoc_2021_5265,@sakshijoshii @srinivasiyc मोदी तुम इस्तीफा दो हम तुम्हारे साथ है #ResignModi  #Resign_PM_Modi  #ModiHataoDeshBachao https://t.co/spsvPTov8W,NOT,NONE,0
3689,60c5d7495659ea5e55df19c1,hi_hasoc_2021_3689,#OPS #BanEVM #पुरानी_पेंशन_बहाल_करो #FarmersProtest #SpeakUpForFarmers #StopPrivatization #ModiMadeDisaster #NPS_भारत_छोड़ो #NPS_QUIT_INDIA #NPSनिजीकरणभारतछोड़ो #OPS_कर्मचारी_का_अधिकार #NPSनिजीकरणकेख़िलाफ़_इंक़लाब #Resign_PM_Modi #किसान_कार्मिक_संग_संग  #देश_ऑक्सीजन_मांगता_है https://t.co/9RxPmsDF1L,NOT,NONE,0
1921,60c5d7495659ea5e55df0ed9,hi_hasoc_2021_1921,"""अधिक दिनो तक मौन रहे तो गूंगे कहलाओगे ज़िंदा नज़र नही आओगे तो सच में मर जाओगे"" #जस्टिस_फॉर_शहाबुद्दीन  #JusticeForShahabuddin #JusticeForShahabuddin",NOT,NONE,0
762,60c5d7495659ea5e55df0b04,hi_hasoc_2021_762,झांसों की रानी कंगना रनौत का ट्विटर अकाउंट सस्पेंड कर दिया गया है। अब उनके भक्त उनसे बात कर सकते हैं केवल Koo app पर.. 😊 🐓🐓🐓🐓🐓🐓 #ResignModi #KanganaRanaut,NOT,NONE,0
5302,60c5d7495659ea5e55df1465,hi_hasoc_2021_5305,बंगाल में दुसरा योगी चाहिए। दीदी से ना हो पाएगा। #BengalViolence #BengalBurning   @kundan_rajput09 @sudhirchaudhary @PMOIndia @MamataOfficial @myogiadityanath @aajtak @ExSecular,NOT,NONE,0
3485,60c5d7495659ea5e55df1cc7,hi_hasoc_2021_3485,"हिन्दू :- लूट सकता है, भाग सकता है, पलायन कर सकता है,अपने मां बहन की आबरू लुटते देख सकता है... लेकिन संगठित नहीं हो सकता..   आखिर हम कब जागेंगे ?? #MamtaisTerrorist #BengalBurning #राष्ट्रपति_जी_बंगाल_संभालो",NOT,NONE,0
3042,60c5d7495659ea5e55df14b8,hi_hasoc_2021_3042,जब हमारा लीडर @narendramodi ही हमारे लिए नहीं बोलता तो लोगो को कहा से पता चलेगा कि ऐसा कुछ हो रहा है। लोगो को तो ये ही पता चलेगा कि ममता ने बोला है फेक विडियोज है। 😓😓 #BengalElection2021 #बंगाल_हिंसा #BengalViolence #BengalBurning,NOT,NONE,0
4749,60c5d7495659ea5e55df0a95,hi_hasoc_2021_4750,@Sarcasm_Villa एक कुतिया का निर्माण-बेला पोर्च,NOT,NONE,0
4221,60c5d7495659ea5e55df1bbf,hi_hasoc_2021_4221,18+ को वैक्सीनः क्या मोदी सरकार देश भर में अशांति फैलाना चाह रही है! via @lagatarIn https://t.co/al69vbbWM3  #VaccineFor18Plus  #VaccineRegistration  #ModiKaVaccineJumla,NOT,NONE,0
3904,60c5d7495659ea5e55df19b6,hi_hasoc_2021_3904,#राष्ट्रपति_जी_बंगाल_संभालो  #बंगाल  #BengalBurning  #BengalElection2021 https://t.co/rq4YdL1G51,NOT,NONE,0
4989,60c5d7495659ea5e55df105f,hi_hasoc_2021_4992,नेहरू जी को 60 साल बाद भी जिम्मेवार ठहराने वाला मोदी जी वर्तमान के लिए जिम्मेवार नहीं ?? #मोदी_भगाओ_देश_बचाओ #कंगना_तुम_कहाँ_हो  #ResignModi #feku #ModiHataoDeshBachao,NOT,NONE,0
1029,60c5d7495659ea5e55df0b2b,hi_hasoc_2021_1029,"@yadavtejashwi लालु जैसे नेता शेर तब बनते हैं  ""जब"" उनके पीछे ""शहाबुद्दीन"" जैसा सवा शेर होता है!🔥#justiceforshahabuddin @asadowaisi @KhanAmanatullah @TSP4India",NOT,NONE,0
1319,60c5d7495659ea5e55df0b0e,hi_hasoc_2021_1319,"बंगाल में लगातार चल रही हिंसा, आगजनी, लूटपाट, धमकियों तथा राजनैतिक विद्वेष पूर्ण हमलों ने सम्पूर्ण देश को ना सिर्फ शर्मसार किया है अपितु लोकतांत्रिक मर्यादाओं को भी तार-तार किया है। #ममता_बनर्जी_हत्याएं_बंद_करो  #नींद_से_जागो_अमित_शाह_जी  #BengalBurning",NOT,NONE,0
4210,60c5d7495659ea5e55df1b33,hi_hasoc_2021_4210,"@KajolrajputZ @No_Sarcasmm Secular हिंदू और अल्ट्रा मॉडर्न सरकस्म वाले पढ़े लिखे लोग ये भूल जाते हैं की इनके बाप दादाओं ने मेहनत की थी जो ये दिन देख पा रहे हैं ।  हां इनकी सोच जो कीचड़ से लबालब है, वो इनको कहीं का नही छोड़ेगी ।  फूहड़ भद्दे मजाक और सरकास्म में अंतर होता है !  अंधकार बहुत नजदीक है ।",NOT,NONE,0
509,60c5d7495659ea5e55df07f9,hi_hasoc_2021_509,जो ममता से सहमत नही उसे जीने का अधिकार नही यह मानने वाली  @MamataOfficial  ने साबित कर दिया है कि वो किस किताब को पढ़कर आई है।   लेकिन याद रखना पूतना और रक्त पिपासु असुरों का अत्याचार अधिक दिन नही चलता।  #CruelMamata #HindusLivesMatter  #BengalBurning  #savebangal,NOT,NONE,0
965,60c5d7495659ea5e55df097c,hi_hasoc_2021_965,@anubhavsinha श्रीमान वैसे भी बॉलीवुड फूहड़ और दूसरे का नकल ही तो करता है घटिया बॉलीवुड कार्तिक को साउथ इंडियन का रुख करना चाहिए पूरी जनता वहां उनका साथ देगी  वैसे भी कुछ समय ही टिक पायेगा बॉलीवुड साउथ इंडियन मूवी बहुत अच्छी है और लोगों का ध्यान भी वही लगा है #बॉलीवुड  👎,NOT,NONE,0
2064,60c5d7495659ea5e55df11a8,hi_hasoc_2021_2064,"जो हैरान है मेरे सब्र पर, उनसे कह दो जो आंसू जमीं पर नहीं गिरते, दिल चीर जाते है  #JusticeForShahabuddin",NOT,NONE,0
4062,60c5d7495659ea5e55df1cca,hi_hasoc_2021_4062,@mithun_da_ @MamataOfficial बंगाल पर कांग्रेस सहित सभी विपक्षी दल गूंगे-बहरे हो गए यही भाजपा शासित होता तो गूंगे भी बोलने लगते !  #BengalBurning #BengalViolence https://t.co/ZLcDSpyjKF,NOT,NONE,0
2255,60c5d7495659ea5e55df10e2,hi_hasoc_2021_2255,"@SmokingSkills_ वो एक कहावत है न शेर का इतना लाड भी मत करो कि वो शिकार करना ही भूल जाये। जंगल में लगी आग पिचकारी से नहीं बुझती, इसके लिए सुनामी लानी पड़ती है! #BengalBurning #BJPSaveYourBengaliSupporters",NOT,NONE,0
4054,60c5d7495659ea5e55df1be8,hi_hasoc_2021_4054,@Republic_Bharat जानवर जानवर का शिकार करता है! इंसान जानवर का शिकार करता है! राजनीति का नशा इंसान का शिकार करता है!,NOT,NONE,0
1952,60c5d7495659ea5e55df0f6c,hi_hasoc_2021_1952,ज़िंदगी और मौत दोनों से डर रहे है। बंदे में कुछ तो ख़ास बात थी। इसलिए ही लाश देने से डर रहे है। #JusticeForShahabuddin,NOT,NONE,0
4740,60c5d7495659ea5e55df0bb9,hi_hasoc_2021_4741,गधा धोएर गाई हुँदैन भन्दै शुभरात्री टक्र्याउन चाहान्छु ।,NOT,NONE,0
4368,60c5d7495659ea5e55df0656,hi_hasoc_2021_4369,"@AshokShrivasta6 @OpIndia_in दो मिनट का मौन उनके लिए भी जिनको बंगाल में चुनावी रैली दिखी ,  कोरोना दिखा किन्तु अब हिंसा , लूट अग्निकांड और महिलाओं को लुटती इज़्ज़त नहीं दिख रहीं 😡😡  #PresidentsRuleinBengal  #BengalBurning  #BengalViolence  #KhooniKhela  #WestBengalViolence",NOT,NONE,0
1363,60c5d7495659ea5e55df0cb0,hi_hasoc_2021_1363,"मत गणना और मौत गणना दोनों जारी है जीत चाहे जिसकी हो,हार देश ही रहा हैं 🙏 @BhavikaKapoor5 @ShatruganSinha @INCMP @BJP4India @AnumaVidish #IndiaCovidCrisis #IndiaNeedsOxygen #ElectionResult  #NarendraModi #AIADMK #BengalElection2021 #AssamAssemblyPolls",NOT,NONE,0
4805,60c5d7495659ea5e55df0b0f,hi_hasoc_2021_4807,"बंगाल में भाजपा कार्यकर्ताओं के साथ हुई हिंसा के खिलाफ प्रदेश कार्यालय के बाहर प्रदेश अध्यक्ष श्री आदेश गुप्ता, प्रदेश संगठन महामंत्री श्री सिद्धार्थन ने कार्यकर्ताओं के साथ प्रदर्शन किया। #BengalBurning https://t.co/3ZYIEybX96",NOT,NONE,0
4572,60c5d7495659ea5e55df0c61,hi_hasoc_2021_4573,#किसानों_का_मोदी_को_धोबीपटका #ResignPMmodi https://t.co/A2JrN86ZHY,NOT,NONE,0
291,60c5d7495659ea5e55df054f,hi_hasoc_2021_291,"कुछ पत्रकार पहले वैक्सीन का विरोध करके जनता को भड़का रहे थे, आज पहले खुद के लिए वैक्सीन लगाने की मांग कर रहे हैं, उन्हें जनता से यह कहकर माफी मांगनी चाहिए कि हमने जनता से झूठ बोला था- माफ कर दो।  #CovidVaccination #Unite2FightCorona #IndiaFightsCorona #ChineseVirus  @narendramodi https://t.co/e7eIZrawT3",NOT,NONE,0
1891,60c5d7495659ea5e55df1037,hi_hasoc_2021_1891,@LambaAlka  @sardesairajdeep @deepikapadukone @priyankachopra @sonamakapoor @ndtvindia @RahulGandhi @priyankagandhi #BengalBurning #HindusLivesMatter Swara Bhaskar कहा हो सब  अब क्या तुम सबको साँप सुंग गया 😡,NOT,NONE,0
2841,60c5d7495659ea5e55df15f8,hi_hasoc_2021_2841,"कोरोना के बढ़ते संकट के बीच उत्तर प्रदेश में लॉकडाउन को बढ़ा दिया गया है. यूपी में दो दिन के लिए लॉकडाउन बढ़ गया है. यानी अब मंगलवार, बुधवार भी लॉकडाउन रहेगा जो गुरुवार सुबह 7 बजे तक जारी रहेगा.  #IndiaCovidCrisis  #IndiaFightsCorona  #IndiaNeedsOxygen  #UPCOVID  #uplockdown",NOT,NONE,0
2798,60c5d7495659ea5e55df158b,hi_hasoc_2021_2798,बहुत खुशी हुई यह सुनकर कि प्रधानमंत्री जी ने आपके और आपके परिवार का हालचाल जाना हमें और भी खुशी होती अगर प्रधानमंत्री  दोगला व्यवहार न करके समस्त स्वास्थ्य कर्मचारियों और अन्य सभी का हाल-चाल भी जानते देश में ऐसे बहुत से लोग हैं जिन्होंने ना सिर्फ परिवार के सदस्य बल्कि परिवार खोया https://t.co/31mlHkLqC2,NOT,NONE,0
371,60c5d7495659ea5e55df08cb,hi_hasoc_2021_371,"👉😂 ऑक्सिजन , व्हेंटिलेटर , सबकुछ तो विदेश से आयात कर रहे है,  तो "" मेक इन इंडिया "" में क्या सिर्फ #AndhBhakt  ही तैयार किये थे क्या ??  #ModiKaVaccineJumla https://t.co/2AEFHe3Rwk",NOT,NONE,0
6053,60c5d7495659ea5e55df1c81,hi_hasoc_2021_6058,TMC की गुंडागर्दी के जश्न में बर्फ़ी बनाने के लिए खोवा निकालती एक tmc समर्थक।  #BengalBurning https://t.co/eK0sm273bU,NOT,NONE,0
2008,60c5d7495659ea5e55df0dd1,hi_hasoc_2021_2008,@ekantipur_com दलाल धार ५/ मा २ किन लेखेको चोर सिकाउछ्स,NOT,NONE,0
3624,60c5d7495659ea5e55df1d8e,hi_hasoc_2021_3624,@Chahal_Shekhar बंगाल पर कांग्रेस सहित सभी विपक्षी दल गूंगे-बहरे हो गए यही भाजपा शासित होता तो गूंगे भी बोलने लगते !  #BengalBurning #BengalViolence https://t.co/ZLcDSpyjKF,NOT,NONE,0
2224,60c5d7495659ea5e55df10f2,hi_hasoc_2021_2224,@Sujata1978 यानिकि बंगाल में हिंसा बीजेपी ने करवाई ?  Nice Observations. 👏👏👏  #BengalBurning,NOT,NONE,0
3725,60c5d7495659ea5e55df1c63,hi_hasoc_2021_3725,जब आफताब ही डूब गया । फिर लालटेन को कौन पूछता । #boycottrjd  @yadavtejashwi @laluprasadrjd   #JusticeForShahabuddin https://t.co/aEYT7SembV,NOT,NONE,0
2188,60c5d7495659ea5e55df1193,hi_hasoc_2021_2188,अगर इसी तरह से चलता रहा तो बंगाल में भाजपा की एक भी सीट नहीं आएँगी । क्या दोष है उन कार्यकर्ताओं का जिन्होंने अपनी जान पर खेल कर आपका साथ दिया ।  @narendramodi @AmitShah @JPNadda @DilipGhoshBJP @rajnathsingh @KailashOnline @sambitswaraj #BengalBurning,NOT,NONE,0
317,60c5d7495659ea5e55df0577,hi_hasoc_2021_317,मुझे लगता है मरहूम शहाबुद्दीन को जेल वापस जाने और शहादत की वजह एक ही जुमला है- हमारे नेता तो लालू यादव है नीतीश कुमार तो परिस्थितियों के मुख्यमंत्री है! #JusticeForShahabuddin,NOT,NONE,0
2360,60c5d7495659ea5e55df1255,hi_hasoc_2021_2360,@Raghuveerdutt62 @Arunesh24797107 रघुवीर जी यही सत्य है कि वानर कोई बड़े-बड़े बाल वाले पूंछ वाले जानवर नहीं बल्कि समृद्ध और सभ्य वनवासी प्रकृति पूजक मनुष्य थे,NOT,NONE,0
242,60c5d7495659ea5e55df05ed,hi_hasoc_2021_242,@Siwan_Rjd इतनी सफ़ाई देने की ज़रूरत क्यू पड़ राही भई #JusticeForShahabuddin,NOT,NONE,0
558,60c5d7495659ea5e55df07ed,hi_hasoc_2021_558,आज इन टीकाकरण केंद्रों में किया जाएगा कॉविड वैक्सीनेशन #JansamparkMP  #CovidVaccine https://t.co/tA5BgviIZs,NOT,NONE,0
3775,60c5d7495659ea5e55df1b32,hi_hasoc_2021_3775,"""राजा यदि प्रजा का विश्वास खो दे, तो उसका पतन निश्चित है।"" श्री @narendramodi जी,, हमें सिर्फ आपसे उम्मीद है, इस भरोसे को तोड़िए मत! बंगाल के उन मासूम लोगों को बचा लीजिए,जो भाजपा का समर्थन करने की कीमत चुका रहे हैं। #BengalBurning #spinelessmodi",NOT,NONE,0
1460,60c5d7495659ea5e55df0d8a,hi_hasoc_2021_1460,ये धरना-वरना कुछ नही है!दरअसल ये चुनावी मोर्चे पर डटे हुए भाजपाई नेताओं  द्वारा अपने थके हुए तन एवम मन को योगिक क्रियाओं के माध्यम से चुस्त दुरुस्त रखने की कवायद भर है। #BengalBurning https://t.co/8lwggZ3RB3,NOT,NONE,0
2203,60c5d7495659ea5e55df1154,hi_hasoc_2021_2203,भीक नहीं लिया दोस्त से एहसान लिया  Seems entire government has lost its plot. They are clueless and running around like a headless chicken. Shambles. #ResignPMmodi #ResignModi #IndiaCovidCrisis https://t.co/V1kDa4ko5D,NOT,NONE,0
1539,60c5d7495659ea5e55df1024,hi_hasoc_2021_1539,"कोई फ़र्क़ नहीं पड़ता, इस देश में राजा कौरव हो या पांडव। जनता तो बेचारी द्रौपदी है। कौरव राजा हुए तो चीर हरण के काम आएगी और पांडव राजा हुए तो जुए में हार दी जाएगी। #IndiaCovidCrisis #IndiaNeedsOxygen #ElectionResults2021",NOT,NONE,0
1106,60c5d7495659ea5e55df0974,hi_hasoc_2021_1106,भारत चाहता है कि कोरोना की वैक्सीन बनाने के लिए दुनिया के दूसरी फॉर्मा कंपनियां आगे आएं.. #CovidVaccine   https://t.co/EYgSEh2aAC,NOT,NONE,0
1536,60c5d7495659ea5e55df0fda,hi_hasoc_2021_1536,"अब ना रोटी की फिक्र है ना रोजगार की तलाश है,  देश उस दौर में है जहां जिंदा रहना ही विकास है!!!  #ResignModi",NOT,NONE,0
909,60c5d7495659ea5e55df0ae2,hi_hasoc_2021_909,@IMinakshiJoshi दीदी आपसे उम्मिद हे आप इस विषय पर आपके बुलेटिन मे दिखाये   #Bengal #BengalBurning https://t.co/4E1jZav1Q0,NOT,NONE,0
714,60c5d7495659ea5e55df07dc,hi_hasoc_2021_714,नींद से जागो केंद्र सरकार।  #nindsejago  #BengalBurning https://t.co/rcncZHp8BA,NOT,NONE,0
2184,60c5d7495659ea5e55df114d,hi_hasoc_2021_2184,#bycottBJP  #ResignModi  #देश_बचाओ_भाजपा_भगाओ  #BoycottGodiMedia,NOT,NONE,0
5978,60c5d7495659ea5e55df19b0,hi_hasoc_2021_5983,@AnumaVidisha मोदी तुम इस्तीफा दो हम तुम्हारे साथ है #ResignModi  #Resign_PM_Modi  #ModiHataoDeshBachao https://t.co/spsvPTov8W,NOT,NONE,0
3024,60c5d7495659ea5e55df15a3,hi_hasoc_2021_3024,Infection (corona)  Or Injection ( vaccine )  चुनाव आपको करना है । 🙏🙏 #CovidVaccine #CovidIndia  #CovidCrisisIndia  #vaccinated  #COVIDEmergency2021,NOT,NONE,0
182,60c5d7495659ea5e55df0652,hi_hasoc_2021_182,शहाबुद्दीन जी को न्याय मिलना चाहिए  #JusticeForShahabuddin,NOT,NONE,0
2298,60c5d7495659ea5e55df119d,hi_hasoc_2021_2298,मोदी योगी का बस एक ही नारा ना घर बसा हमारा ना बसने देंगे तुम्हारा जब भी आएगा शादी का सीज़न लगा देंगे लॉकडाउन दोबारा नहीं दूंगा बेड और ऑक्सीजन हम क़ातिल हैं यही काम है हमारा #wednesdaythought #COVID19 #lockdown #OxygenChorIndia #KanganaVsTwitter #BengalBurning #LittleStar,NOT,NONE,0
4252,60c5d7495659ea5e55df0596,hi_hasoc_2021_4252,"केंद्र में होते हुए भी, यदि आप कुछ नहीं कर पा रहे हैं , तो याद रखना आने वाला समय आपसे पूछेगा जब हिंदू बंगाल छोड़ कर जा रहे थे तब आप क्या कर रहे थे। #पूछता_है_हिंदू☝️#BengalViolence #BengalBurning @AmitShah @narendramodi @JPNadda https://t.co/UIQNHpUuc8",NOT,NONE,0
486,60c5d7495659ea5e55df086e,hi_hasoc_2021_486,#OPS #BanEVM #पुरानी_पेंशन_बहाल_करो #FarmersProtest #SpeakUpForFarmers #StopPrivatization #ModiMadeDisaster #NPS_भारत_छोड़ो #NPS_QUIT_INDIA #NPSनिजीकरणभारतछोड़ो #OPS_कर्मचारी_का_अधिकार #NPSनिजीकरणकेख़िलाफ़_इंक़लाब #स्वास्थ्य_क्षेत्र_मे_बजट_बढ़ाओ #Resign_PM_Modi #COVID19India https://t.co/xCxE9AW0e2,NOT,NONE,0
4383,60c5d7495659ea5e55df057b,hi_hasoc_2021_4384,@boltaup @BoltaHindustan मोदी तुम इस्तीफा दो हम तुम्हारे साथ है #ResignModi  #Resign_PM_Modi  #ModiHataoDeshBachao https://t.co/spsvPTov8W,NOT,NONE,0
2631,60c5d7495659ea5e55df1453,hi_hasoc_2021_2631,@Raza_AKhan @zoo_bear @khanumarfa @pbhushan1 @suhasinih @SamiullahKhan__ @ShashiTharoor @MahuaMoitra @satishacharya @t_d_h_nair @ravishndtv सवाल ये है कि उसके ऊपर पेट्रोल डालकर आग किसने बढ़ायी  #Ambani #GodiMedia  #ExitModi #ModiResign #ModiMadeDisaster #ModiFailsIndia #ModiHataoDeshBachao #ModiKaVaccineJumla #ModiDisasterForIndia #OxygenCrisis #OxygenEmergency #COVIDEmergency #BjpResponsibleForCoronaInIndia,NOT,NONE,0
11,60c5d7495659ea5e55df060b,hi_hasoc_2021_11,#शाहबुद्दीन_साहब हम शर्मिन्दा हैं फर्जी सेक्यूलरिज़्म अभी जिंदा है  #JusticeForShahabuddin,NOT,NONE,0
2149,60c5d7495659ea5e55df124e,hi_hasoc_2021_2149,"कोरोना का सरकारी इलाज हाथ धोते रहो  नौकरी से , बिज़नेस से ,जिंदगी से ,दूकान से  परिवार से ,कमाने से , पेंशन से ,स्कूल से  बस हाथ धोते रहो  सरकार  हमारे साथ है  जब तक दवाई नहीं तब तक ढिलाई नहीं #69000_अगली_सूची_दो_सरकार #YouthofMay #BJP #IndiaCovidCrisis",NOT,NONE,0
495,60c5d7495659ea5e55df0700,hi_hasoc_2021_495,ये  #नेताजी_सुभाषचंद्र #खुदीराम  #अरविंदो_घोष  का #बंगाल है......  #उठो_बंगाल_वासियों...  #शस्त्र_उठाओ......  #अहिंसा_परमो_धर्मः_धर्म_हिंसा_तथैव_चः।”  #BengalBurning  #Bengal  #SpinlessBJP  #ArrestMamata,NOT,NONE,0
2660,60c5d7495659ea5e55df1417,hi_hasoc_2021_2660,"@narendramodi વડા પ્રધાન સાહેબ બંગાળ , जो हिंदु भाईयो की हत्या हुई है उसका भी तो कुछ करो #BengalBurning  #TMCTerror  #AmitShah  #ModiHaiTohMumkinHai",NOT,NONE,0
602,60c5d7495659ea5e55df07d0,hi_hasoc_2021_602,"सिर्फ अमेरिका के समर्थन देने से पेटेंट अधिकार का मसला हल नहीं हो जाएगा, जर्मनी इसके सख्त खिलाफ है और ये बड़ी बात क्यों है, जानिए  #patentwaiver #CovidVaccine   https://t.co/dz4HZhA4ho",NOT,NONE,0
3025,60c5d7495659ea5e55df15a5,hi_hasoc_2021_3025,"दूरदर्शिता से चलते तो , भारत में कोरोना इतना ज्यादा भयानक रूप ना लेता।  #ModiKaVaccineJumla",NOT,NONE,0
421,60c5d7495659ea5e55df08d9,hi_hasoc_2021_421,@ndtv मोदी तुम इस्तीफा दो हम तुम्हारे साथ है #ResignModi  #Resign_PM_Modi  #ModiHataoDeshBachao https://t.co/spsvPTov8W,NOT,NONE,0
1734,60c5d7495659ea5e55df0f53,hi_hasoc_2021_1734,"Tough Questions Make Me Uncomfortable, Even If They Are Important For Country!!  #AndhBhakt #ResignPMmodi #ModiKaVaccineJumla #स्वास्थ्य_मंत्री_नदारद_है #Vaccine_enga_da_dei https://t.co/LEzbkYWyLe",NOT,NONE,0
886,60c5d7495659ea5e55df0b0d,hi_hasoc_2021_886,अरे नंदू बेटा जब तेरे पास वैक्सीन थी ही नहीं तो गाँव में ढिंढोरा क्यों पिटवाया कि 1 मई से सबको वैक्सीन लगेगी? #BjpDestroyedIndia #ModiKaVaccineJumla #ModiDisasterForIndia #BjpDestroyedIndia #BjpResponsibleForCoronaInIndia #IndiaCovidCrisis https://t.co/YtJAhELxKc,NOT,NONE,0
1000,60c5d7495659ea5e55df0b8b,hi_hasoc_2021_1000,#OPS #BanEVM #पुरानी_पेंशन_बहाल_करो #FarmersProtest #SpeakUpForFarmers #StopPrivatization #ModiMadeDisaster #NPS_भारत_छोड़ो #NPS_QUIT_INDIA #NPSनिजीकरणभारतछोड़ो #OPS_कर्मचारी_का_अधिकार #NPSनिजीकरणकेख़िलाफ़_इंक़लाब #स्वास्थ्य_क्षेत्र_मे_बजट_बढ़ाओ #Resign_PM_Modi #Vaccine_और_MSP_दो https://t.co/Dpkc6h2cG5,NOT,NONE,0
5077,60c5d7495659ea5e55df0dc3,hi_hasoc_2021_5080,@baburao__aapte @Aak__Thu @PONEDO_AANKH @PunnyBhaiya @Anjana_Modi_ @TMaryada @iArpitSpeaks @sarcasticbro89 @IncNobody @Bilal_Murshid मोदी तुम इस्तीफा दो हम तुम्हारे साथ है #ResignModi  #Resign_PM_Modi  #ModiHataoDeshBachao https://t.co/spsvPTov8W,NOT,NONE,0
3237,60c5d7495659ea5e55df17e4,hi_hasoc_2021_3237,#OPS #BanEVM #पुरानी_पेंशन_बहाल_करो #FarmersProtest #SpeakUpForFarmers #StopPrivatization #ModiMadeDisaster #NPS_भारत_छोड़ो #NPS_QUIT_INDIA #NPSनिजीकरणभारतछोड़ो #OPS_कर्मचारी_का_अधिकार #NPSनिजीकरणकेख़िलाफ़_इंक़लाब #Resign_PM_Modi #किसान_कार्मिक_संग_संग  #FarmLawsWorstThanCOVID https://t.co/UPeB2pPWNI,NOT,NONE,0
3492,60c5d7495659ea5e55df1d3c,hi_hasoc_2021_3492,नहीं मिली नहीं मिली  अब तक वैक्सीन नहीं मिली  #ModiKaVaccineJumla,NOT,NONE,0
996,60c5d7495659ea5e55df0b31,hi_hasoc_2021_996,"बंगाल में BSF जवानों के घरों पर हो रहे हैं हमले, BSF अधिकारियों ने की कड़ी कार्रवाई की मांग !   #BengalBurning @narendramodi",NOT,NONE,0
4107,60c5d7495659ea5e55df1c08,hi_hasoc_2021_4107,"@TheLallantop दो मिनट का मौन उनके लिए भी जिनको बंगाल में चुनावी रैली दिखी ,  कोरोना दिखा किन्तु अब हिंसा , लूट अग्निकांड और महिलाओं को लुटती इज़्ज़त नहीं दिख रहीं 😡😡  #PresidentsRuleinBengal  #BengalBurning  #BengalViolence  #KhooniKhela  #WestBengalViolence",NOT,NONE,0
2299,60c5d7495659ea5e55df11ad,hi_hasoc_2021_2299,आज जो बंगाल में हो रहा है अगर यही किसी भाजपा प्रदेश में होता तो तमाम बुद्धिजीवी सेकुलरवादी हल्ला मचा रहे होते। #BengalBurning #BengalViolence https://t.co/uPNGOsskj3,NOT,NONE,0
3177,60c5d7495659ea5e55df1585,hi_hasoc_2021_3177,"@ShashikantIndu1 दो मिनट का मौन उनके लिए भी जिनको बंगाल में चुनावी रैली दिखी ,  कोरोना दिखा किन्तु अब हिंसा , लूट अग्निकांड और महिलाओं को लुटती इज़्ज़त नहीं दिख रहीं 😡😡  #PresidentsRuleinBengal  #BengalBurning  #BengalViolence  #KhooniKhela  #WestBengalViolence",NOT,NONE,0
3055,60c5d7495659ea5e55df160e,hi_hasoc_2021_3055,BJP IT Cell  #ममता_खूनी_है   #IsupportModi   #राष्ट्रपति_जी_बंगाल_संभालो #CruelMamata #BengalBurning #ModiGovtSeNaHoPayega   Now Public Hastag This.... #BengalTrustsModi   Before Election         After Election          Hindu &amp; Muslim              Hindus https://t.co/XLSVxnROuM,NOT,NONE,0
2510,60c5d7495659ea5e55df142d,hi_hasoc_2021_2510,देश में कोविड वैक्सीन पर्याप्त मात्रा में उपलब्ध है। देखिए 7 मई 2021 तक देश भर में #COVIDVaccine की खपत और उपलब्धता के आकंड़े। कोरोना वैक्सीन से जुड़ी नवीनतम जानकारी के लिए विजिट करें: https://t.co/EJsnMVEpwR #IndiaFightsCorona #TogetherWeCan https://t.co/XMkRfvoMuT https://t.co/bvdNYEkglH,NOT,NONE,0
216,60c5d7495659ea5e55df068b,hi_hasoc_2021_216,"@itsvs98 अंधभक्तों, अपने परिजनों की जलती चिताएं देखकर घबराना नहीं है, तुम तो बखूबी जानते हो  “शेर पालना थोड़ा महंगा तो पड़ता है!” #ModiMustResign  #ModiKaVaccineJumla",NOT,NONE,0
1451,60c5d7495659ea5e55df1075,hi_hasoc_2021_1451,देखो इनके आंखों में ना डर ना किसी बात का खौफ आखिर शेर का बेटा शेर ही होता। #JusticeForShahabuddin https://t.co/kX8AqdaEPD,NOT,NONE,0
3355,60c5d7495659ea5e55df1703,hi_hasoc_2021_3355,@Pagalnum2 चुप रहो तुम,NOT,NONE,0
3395,60c5d7495659ea5e55df171b,hi_hasoc_2021_3395,#SuperSpreaderModi #ModiDisasterForIndia  #ResignModi #Resign_PM_Modi  #VaccineRegistration  #cowinregistration #KindAttnPMNarendraModi #किसानों_का_मोदी_को_धोबीपटका https://t.co/zNTgbvMs9N,NOT,NONE,0
994,60c5d7495659ea5e55df0b23,hi_hasoc_2021_994,"अरे चुप रहो तुम सब~मोदीजी से इतनी जलन क्यों है भाई..?  जीवित लोगों का तो बात ही छोड़ो, मरे हुए लोगों को भी आजकल बिल्कुल मुफ्त में टीका लग रहा है, मोदीजी के गुजरात में।  बड़े आए मोदीजी के विरोध करने वालों......... हुमममममममम #मुर्दा_मोदीजी_के_साथ_हैं 😎 https://t.co/F7l9tQwfDM",NOT,NONE,0
616,60c5d7495659ea5e55df08c8,hi_hasoc_2021_616,"शहाबुद्दीन साहब को कोरोना नहीं था,तो अचानक मौत कैसे हुई ? उन्हें AIIMS की जगह DDU में क्यों एडमिट किया गया? जब कोरोना रिपोर्ट नेगेटिव है तो शरीर सीवान क्यों नही ले जाने दे रहे? हम तदफीन के साथ न्यायिक जांच की मांग करते हैं,  आखिर क्या छुपा रहें है? #JusticeForShahabuddin",NOT,NONE,0
2421,60c5d7495659ea5e55df1299,hi_hasoc_2021_2421,बंगाल की स्थिति ठीक नहीं है तत्काल वहां पर सेना को भेज देना चाहिए #BengalBurning #bengalhinsa #BengalViolence #BengalRiots #Bengalisburning,NOT,NONE,0
1081,60c5d7495659ea5e55df0b24,hi_hasoc_2021_1081,"@zishanAliRJD @iAnantSingh_ *ओसामा साहब ने सिर्फ उस ट्वीट और ट्विटर अकाउंट को फर्जी बताया है ना कि राजद का पक्ष लिए और ना की राजद का गुणगान किये है, संयम रखिए जल्द ही सब कुछ सामने आएगा।* #JusticeForShahabuddin",NOT,NONE,0
3512,60c5d7495659ea5e55df1d90,hi_hasoc_2021_3512,जो भी बीजेपी के खिलाफ है वो मेरा भाई मेरा परिवार है  कृपया रिटीवीट कर के फॉलो करें सब को फॉलो बैक करूँगा...🙏🏻  #ModiKaVaccineJumla,NOT,NONE,0
3935,60c5d7495659ea5e55df1ada,hi_hasoc_2021_3935,@JPNadda **तुम मुझे खून दो मैं तुम्हें आजादी दूंगा - नेताजी सुभाष चन्द्र बोस।  **तुम मुझे वोट दो हम तुम्हें मौत देंगे - भाजपा  #BengalBurning,NOT,NONE,0
48,60c5d7495659ea5e55df05da,hi_hasoc_2021_48,@narendramodi भैया पैसा कमा कर अगर पेट भर गया हो तो अब समाज सेवा कर दो क्या गलती हो गई भारतीय जनता से जो यह दिन देखने पढ़े #lackofoxygen #oxygenlangar #ResignModi #Resign_PM_Modi #ResignAmitShah   Time मिल गया हो तो बता दो वरना यह दिन भी सह लेंगे #sehlengay  #25सांसद_लापता_है,NOT,NONE,0
1755,60c5d7495659ea5e55df0d0c,hi_hasoc_2021_1755,"एहसान जाफ़री,सोहराब,जज लोया,,कौसर बी,इशरत जहान या CAA पोलिटिकल क़ैदयो के लिए,सेक्युलर वकील प्रशांत भूषण ने कभी आवाज़ नही उठाई जितनी उन्होंने #Shahabuddin को जेल मे रखने के लिए उठाई थी।   #ShahabuddinSaheb #JusticeForShahabuddin @alim_faraz",NOT,NONE,0
346,60c5d7495659ea5e55df0843,hi_hasoc_2021_346,"ममता की उल्टी गिनती चालू, Petion filed in SC for a CBI investigation https://t.co/Eo69sXaxeD via @YouTube   #Bengal #BengalViolence #Bengalisburning #BengalBurning",NOT,NONE,0
2791,60c5d7495659ea5e55df14bc,hi_hasoc_2021_2791,तांत्रिक : “बेटा...मच्छर  तुझ पर एक ‘चुड़ैल’ का ‘साया’ है “। . . “बाबा.जी बकचोदी नही  वो मेरी गर्लफ्रेंड है ।  😛🤪😂🤣🤣®® @mosquitoastic,NOT,NONE,0
5175,60c5d7495659ea5e55df0e45,hi_hasoc_2021_5178,@AskAnshul आसमानी किताब के नाजायज औलाद है।,HOF,OFFN,1
5407,60c5d7495659ea5e55df13af,hi_hasoc_2021_5410,@Sandeep_News_24 बिहार की आम जनता को बहुत ही नाराजगी है केंद्र सरकार की सिस्टम से और लालू परिवार से  यह दिन काले अक्षरों में लिखा जाएगा और आने वाला पीढ़ी इसे याद रखेगा  जो एक संसद को अपमानित किया गया अपनी मिट्टी नहीं मिलने दिया   आज हमारी बारी है तो कल तुम्हारी बारी होगी #JusticeForShahabuddin,HOF,HATE,1
5848,60c5d7495659ea5e55df1b22,hi_hasoc_2021_5852,"यही तेरी असलियत है कि चोरी रोज करेगा खेत मे लेकिन कभी भी उसे स्वीकार नहीं करेगा। गजेटियर भी तुझे दे दिया तब भी तू कुत्ता का कुत्ता ही रहा। अब भाग कुत्ते की औलाद। जा कहीं भैंस, गन्ने की चोरी कर ले, सुबह घर कैसे चलेगा तेरा। https://t.co/h1kySjw2l0",HOF,OFFN,1
5761,60c5d7495659ea5e55df1c1c,hi_hasoc_2021_5765,"भोजपुरी का 2 टके का सिंगर किसी के लड़की का नाम लेकर फूहड़ गाना बना सकते है कभी सोचा है कि वो लड़की जब घर से बाहर निकलती है, मोहल्ले में, पान दुकान पे , DJ में उसका नाम लेकर फूहड़ गाना बज रहा होता है तो कैसा महसूस करती होगी? घर आके क्या सोचती होगी..? DOP Shiva Chaudhary",HOF,HATE,1
3331,60c5d7495659ea5e55df1701,hi_hasoc_2021_3331,@anushka_s2 मूर्ख लड़की,HOF,OFFN,1
4872,60c5d7495659ea5e55df0d5f,hi_hasoc_2021_4875,What a shameless guy !! दोगला !! https://t.co/VU9uIgW7xv,HOF,OFFN,1
5113,60c5d7495659ea5e55df0e67,hi_hasoc_2021_5116,"वर्तमान स्थिति में मुझे लगता है कि हमारे राष्ट्रपति जी और हमारे प्रधानमंत्री जी ""धृतराष्ट्र"" की तरह हैं| #राष्ट्रपति_जी_बंगाल_संभालो #BengalBurning #bengalvoilence @beingarun28 @OpIndia_com @sambitswaraj @DChaurasia2312 @AsYouNotWish",HOF,HATE,1
6026,60c5d7495659ea5e55df1bbe,hi_hasoc_2021_6031,@Dr_Uditraj अमेरिका में तुम जैसे लोग दोगला राजनीति नहीं करते है इसलिए वहां मास्क नहीं लगाना पड़ रहा है,HOF,OFFN,1
4608,60c5d7495659ea5e55df0bca,hi_hasoc_2021_4609,@Kavi_Ghar सवाल यह नही कि वो मुझे वेश्या कहता है सवाल तो यह है कि मुझे वेश्या बनाया किसने ? -नवनीत,HOF,HATE,1
5706,60c5d7495659ea5e55df1805,hi_hasoc_2021_5709,"@Bhartim01768706 ये हरामी शिक्षक नहीं, शिक्षक के नाम पर कलंक है, सालों को फांसी से कम सजा नहीं होनी चाहिए",HOF,OFFN,1
5474,60c5d7495659ea5e55df14be,hi_hasoc_2021_5477,@PTI_News ONCE IN A CENTURY  @narendramodi जैसा मनहुस पैदा होता है @PMOIndia  #मनहुस_मोदी का साया देश से हट जाएगा आर्मी सारा काम संभाल रही है दवाई ऑक्सीजन आदि भी तेरे राजनीति से मुक्त हो जायेगी सभी के अपने अकालमृत्यु मर रहे है  #ResignModi मानवता केलिऐ #Resign_PM_Modi देशभक्त हो तो,HOF,OFFN,1
4287,60c5d7495659ea5e55df0647,hi_hasoc_2021_4287,"अगर जरा भी ज़मीर बचा है और जरा भी साहब से मोहब्बत थी तो #boycottRJD करो और पार्टी पद से इस्तीफ़ा दो, चाहे BJP कियु न जॉइन करना पड़े, वरना ढोंगी रोना बन्द करो! #JusticeForShahabuddin  #BoycottRJD",HOF,HATE,1
5834,60c5d7495659ea5e55df18cf,hi_hasoc_2021_5838,"@Sabhapa30724463 उप्र लागू नही होता क्यों कि मै जानवर जाती हूं अतः आप अब बताइए क्या कारण बनता है भगवान राम कहतेहैं सुनोमै चक्रवर्ती महाराज की दसरथ का पुत्र राम हूंअतः मुझे यह अधिकार है कि यदि कोई पसु समाज के द्रोही, हिंसक, व जीव को हानी पहुंचाता होतो राजा का अधिकार है कि उसै मार दिया जाय क्रमशः",HOF,OFFN,1
6087,60c5d7495659ea5e55df1b50,hi_hasoc_2021_6092,"गांधी खानदान को गांधी की पड़पोती ने सिद्ध किया बस सात साल जेल,यहां क्यों वेल पर घूम रहे है कमीने?",HOF,OFFN,1
5595,60c5d7495659ea5e55df16bd,hi_hasoc_2021_5598,@SudarshanNewsTV @SureshChavhanke सुअर तेरे कितने रूप,HOF,OFFN,1
5907,60c5d7495659ea5e55df1bb7,hi_hasoc_2021_5911,"@Sujata1978 ऐसे जानवर हर दूसरे घर में भरे पड़े हैं, सख्त अफ़सोस की बात है...सब वाकिफ़ हैं पर सब भुला दिया जाएगा चंद पलों में.. जैसे स्त्री मनुष्य ही ना हो, उसकी इज्‍जत, सम्मान, भावनाओं का कोई मोल ही ना हो... हद है   क्या वहां कोई भी ऐसा पुरुष नहीं था कि अपना जूता प्रयोग कर पाता...",HOF,HATE,1
4650,60c5d7495659ea5e55df0bc2,hi_hasoc_2021_4651,@ghaziabadpolice @Uppolice @amitpathak09 @adgzonemeerut @igrangemeerut @AmarUjalaNews @AHindinews @NavbharatTimes @Live_Hindustan @TOINoida @dgpup क्या गाजि़याबाद पुलिस इस अज्ञानी मुर्ख नरसिम्हानंद सरस्वती को गिरफ्तार नही कर सकती??क्या गाजि़याबाद पुलिस पर किसी का दबाव है क्या जो अबतक इस नरसिम्हानंद सरस्वती को गिरफ्तार नही किया गया?? देश के हर शहर से इस नरसिम्हानंद सरस्वती के खिलाफ FIR हुयी फिर भी इसे गिरफ्तार नही किया गया😡 https://t.co/e89XIYKzWD,HOF,OFFN,1
5715,60c5d7495659ea5e55df16eb,hi_hasoc_2021_5718,इस देश में आतंकी की लाश उसके घर वालों को मिल सकती है दलालों की लाशे उसके घर मिल सकती है पर यहां खत्म होने के बाद भी  आखिरी rusumaat नहीं कर सकते।😡😠 लानत हो ऐसी सरकार पे खुदा गारत करें निकम्मी सरकार को। #JusticeForShahabuddin,HOF,HATE,1
4861,60c5d7495659ea5e55df0bd2,hi_hasoc_2021_4864,भाजपा की केंद्र मे पूर्ण बहुत की सरकार है बंगाल में 18 सांसद और करीब 80 विधायक है फिर भी उस दल का राष्ट्रीय अध्यक्ष धरने पर है ये ऑस्कर वाले कहाँ मर गये नड्डा जी को अवार्ड क्यों नहीं दे रहे हैं..!! @SunitaDuggal7  @JPNadda  #BengalBurning,HOF,HATE,1
4651,60c5d7495659ea5e55df0918,hi_hasoc_2021_4652,"यह भेंस चोर दुसरो को अपना बाप बनाकर अपनी नाजायजी क्यु प्रस्तुत कर रहे हैं, ओर साथ में ट्विटर पर अपनी नेशनल ओर इंटरनेशनल बेइज्जती करवाने से बाज़ नहीं आते..!! #RajputSamratPrithvirajChauhan",HOF,HATE,1
1816,60c5d7495659ea5e55df0e36,hi_hasoc_2021_1816,बंगाल में ममता रंडी की सरकार है! सारे मुल्ले  इसके भड़वे बन गया है! आसाम का बदला बंगाल में ले रही है ममता रंडी! बंगाल का बदला भाजपा शासित राज्यों में ले हिन्दू! दूसरा कोई रास्ता नहीं है! अन्यथा हिन्दुओं को अपनी  इज्जत की नीलामी खुद अपनी ऑंखों के सामने  देखना पड़ेगा! https://t.co/JNwdhX46H8,HOF,OFFN,1
4741,60c5d7495659ea5e55df0c5f,hi_hasoc_2021_4742,@JPNadda तो आप ट्वीट करने के अलावा और कर भी क्या रहे हैं? #BengalViolence #BengalBurning,HOF,OFFN,1
5822,60c5d7495659ea5e55df1d23,hi_hasoc_2021_5826,"कनाडा में एक मुस्लिम परिवार के 4 फ़र्द को रौंदकर क़त्ल करने वाला आतंकवादी यहूदी है। यक़ीन जानिये अगर ये क़त्ल करने वाला मुस्लिम होता और मक़तूल फ़ैमिली ग़ैर-मुस्लिम होती तो दुनिया की इस्लामोफोबिक मीडिया अबतक ""इस्लामिक आतंकवाद"" का रंडी-रोना रो रही होती। #IslamophobiaIsTerrorism",HOF,HATE,1
5198,60c5d7495659ea5e55df1187,hi_hasoc_2021_5201,"ये बंगाल की CM ममता बनर्जी नही है,ये Terror की आका डायन है👹जो बंगाल मे TMC पार्टी के आतंकवादी जिहादीयोंसे बलात्कार,खुन,खराबा बंमबारी कराती है  #TMCTerror #TMCGoons #BengalBurning #BengalViolence #MamtaisTerrorist #ArrestMamta #ShameOnDiaonMamta #ShameOnTerroristMamtaBanerjee https://t.co/qh8xAtJsd6",HOF,OFFN,1
164,60c5d7495659ea5e55df0500,hi_hasoc_2021_164,@AbdurRahman_IPS @myogiadityanath जैसे ढोंगी और गुंडे लोग ज्यादा खतरा है समाज के लिए  ऐसे कमीने लोग सत्ता में बने रहने के लिए किसी भी सीमा तक जा सकते है!,HOF,OFFN,1
5962,60c5d7495659ea5e55df1cff,hi_hasoc_2021_5967,"5G नेटवर्क चीन का नहीं आ रहा है पूर्ण स्वदेशी jio ला रहा है इसलिए चिन की दलाल अपने इटालियन भाभी जी के जरिए अफवाह फैला रहें हैं ..!  5G से चिड़िया मर रही है मच्छर क्यों नही मर रहे , रोज़ खून पी रहे है ट्विटर के चमचों जवाब दो ?",HOF,HATE,1
4838,60c5d7495659ea5e55df0bcc,hi_hasoc_2021_4841,ये जो मासूम हिन्दुओं की चिताएं जल रही हैं और अर्थीयो का अपमान हो रहा है..  ये सब राजनैतिक धर्मान्धता और गलत नेताओं की गुलामी का इनाम है!  #IndiaNeedsOxygen  #indianeedoxygen  #IndianLivesMatter  #Oxygen  #OxygenCylinders  #Congress  #RahulGandhi  #ResignModi  #ModiKaVaccineJumla,HOF,HATE,1
5659,60c5d7495659ea5e55df172f,hi_hasoc_2021_5662,@iAakankshahere @ArvindKejriwal इसके फ्री के चाटुकारों व देश के गद्दारों की वज़ह इसका रंडी रोना चल रहा है वरना यह तो जिसमें कुत्ता खाये उसमें खिलाने लायक है दोगला महाझूठा 😡,HOF,OFFN,1
5592,60c5d7495659ea5e55df1782,hi_hasoc_2021_5595,"@shahtariq39 @ppbajpai तुम चुप रहो भाईजान, तुम्हे क्या है न तुम कानून के न संविधान के। तुम्हारे भाई बंध इसी tax के पैसे से 10 10 बच्चे खिला पिला रहे और योगदान 0।",HOF,OFFN,1
5977,60c5d7495659ea5e55df1991,hi_hasoc_2021_5982,@UPENDRA57815086 बिलकुल सही अंकल जी देखकर ही गुस्सा आता है जब ये विश्लेषक की तरह नही एक दलाल की तरह बात करता है,HOF,OFFN,1
5609,60c5d7495659ea5e55df1713,hi_hasoc_2021_5612,"#Elections2021 #ResignModi  #Resign_PM_Modi  Resign modi  लोगो के मरने से  डर नही लगता, सत्ता जाने से लगता है। https://t.co/RYwatRTbak",HOF,OFFN,1
5401,60c5d7495659ea5e55df13d0,hi_hasoc_2021_5404,"@KhanAmanatullah @OsamaShahab_ @PMOIndia लालू की रिहाई की कीमत शहाबुद्दीन साहब की जान से चुकाई गयी है, RJD की खामोशी इस बात की गवाह है। Tejashwi Yadav दिल्ली में होने के बावजूद हॉस्पिटल नही पहुँच सकें।  ये वक़्त भुला नही जाएगा।।   इमरान भाई अमानतुल्लाह खान आपको सलाम #StandwithOsamaSahab  #JusticeForShahabuddin",HOF,HATE,1
5771,60c5d7495659ea5e55df1d82,hi_hasoc_2021_5775,लोग मर रहें हैं #बंगाल_हिंसा में ! और ये धरना दे रहे हैं एयर कंडिशन्ड हाल के अंदर । हद्द हरामखोरी है । कोई क्यों करें इन पर विश्वास ??? #BengalElection2021  #BengalBurning https://t.co/8GNj2uMUcW,HOF,HATE,1
2272,60c5d7495659ea5e55df11c6,hi_hasoc_2021_2272,@MimrotReena सिद्ध कर दिया अग्रेंजो की नाजायज औलाद कौन है। हिन्दी व हिन्दुस्तान पर हमे गर्व है।,HOF,OFFN,1
5448,60c5d7495659ea5e55df149d,hi_hasoc_2021_5451,व्हाट्सएप पर यह वीडियो प्राप्त हुआ कहां का है यह पता नहीं चल पाया वीडियो देखकर दिल दहल गया सड़क के एक किनारे पर बैठी गोवंश को इस तरह ट्रैक्टर ट्रॉली से कुचला इस सुअर ने।  😡 @TheDeepak2020In @TheDeepak2020  @deepaksharmazad  @YogiDevnath2 @TigerRajaSingh https://t.co/KnqG5uo36H,HOF,OFFN,1
3922,60c5d7495659ea5e55df1975,hi_hasoc_2021_3922,"@vinodkapri झूठ से पैदा हुआ है ये लणैन्द्र मोदी ,  जिसकी मां की  गारेंटी तो पर बाप की कोई गारेंटी नही।। #ModiKaVaccineJumla",HOF,OFFN,1
4747,60c5d7495659ea5e55df09e7,hi_hasoc_2021_4748,@BIcYlNM7hmtJgVC @NareshSetia4 @SanatKumarKhan2 @brajeshlive मेरी ही गलती है मै वैश्या पुत्र के मुंह लग गया ।,HOF,OFFN,1
4387,60c5d7495659ea5e55df062e,hi_hasoc_2021_4388,"#CruelMamata तेरा नर्क बनते लोग यही देखेंगे, बूढे लाचार और बच्चों पर अत्याचार तुझे नष्ट कर देगा.  #BengalViolence #BengalBurning  @MamataOfficial https://t.co/53Ar1PPips",HOF,OFFN,1
3444,60c5d7495659ea5e55df18e6,hi_hasoc_2021_3444,धवन मदरचोद ज़िंदा है मर गया 😁😁😁,HOF,PRFN,1
4856,60c5d7495659ea5e55df0b07,hi_hasoc_2021_4859,@ANI जादवपुर के बीजेपी उम्मीदवार रिंकू नस्कर के घर पर टीएमसी के गुंडों ने किया हमला  #TMCTerror #BengalBurning https://t.co/LBpLaqMVjK,HOF,HATE,1
5712,60c5d7495659ea5e55df16b3,hi_hasoc_2021_5715,@PANKAJPARASHAR_ कुत्ता हरामज़ादा कहीं का,HOF,PRFN,1
1079,60c5d7495659ea5e55df0af9,hi_hasoc_2021_1079,चुनाव में लाखों की भीड ओर धरना VVIP आज जरूरत है ऑक्सीजन व ईलाज की ओर ये जनता को भडका रहे हैं।भाजपा हैं दंगा पार्टी। #OxygenShortage #Corona #bangalviolence #tmcgoons #BJP #AAP @abhisar_sharma @MamataOfficial @RahulGandhi @ArvindKejriwal #ResignModi #IndiaFightsCorona https://t.co/io58c6VdLb,HOF,HATE,1
561,60c5d7495659ea5e55df0804,hi_hasoc_2021_561,हमारे उम्मीदवार का यह दुर्दशा किया है टोलाबाज गुंडों ने #PresidentsRuleinBengal #BengalBurning https://t.co/GneJ7Fp2IW,HOF,HATE,1
5485,60c5d7495659ea5e55df14cf,hi_hasoc_2021_5488,देश के गद्दार हरामी दोगलो के कारनामे https://t.co/8Zz39ds8T9,HOF,HATE,1
1077,60c5d7495659ea5e55df0ae6,hi_hasoc_2021_1077,योगी जी.  इस BSDK वाले की सुरक्षा मे दो राफेल जहाज लगाओ...   बाकी हमे पता है इसकी शकल देखकर कोई कुतिया भी नहीं मूतेगी 🤣🤣🤣 https://t.co/pMNPNFcFb7,HOF,PRFN,1
3542,60c5d7495659ea5e55df1a9f,hi_hasoc_2021_3542,@orca2409 @ZDTnrzUWf8fR6m4 @ActivistSandeep @RahulGandhi चाटुकार भौकता रह bsdk बांग्लादेश की आबादी देख वहां तेरे जैसे चुटिया को बोलना भी मना हे बांग्लादेश का परतर करता हैं लोली वैक्सिन वैक्सिन चिल्लाता रहा और पप्पू ने राजस्थान ने 11लाख वैक्सिन खराब कर दी उस्प्पर भी कुछ बोल,HOF,OFFN,1
2045,60c5d7495659ea5e55df1061,hi_hasoc_2021_2045,"@PiyushrajGupt12 बेटा संघी देश के अजादी में तुमलोगो का कोई हाथ नही है बे ...अंग्रेजो का दलाली करने वाले लोग आज 𝓣𝔀𝓲𝓽𝓽𝓮𝓻 पे रो रहे हैं ,,, संघी को छोड़ कर सभी हिन्दू मुस्लिम सीख ईसाई सभी का अहम रोल है था ,,, तेरे जैसै संघी गांडू चुप चाप रहो बे लौड़े 𝓦𝓱𝓪𝓽𝓼𝓪𝓹𝓹 𝓤𝓷𝓲𝓿𝓮𝓻𝓬𝓲𝓽𝔂 वाले",HOF,HATE,1
4735,60c5d7495659ea5e55df0b44,hi_hasoc_2021_4736,"दो मिनट का मौन ऊन हराम-खोरो के लिए भी जिनको बंगाल में चुनावी रैली दिखी मोदी की सारी गलतिया दिखी, कोरोना भी दिखा किन्तु अब TMC के गुंडो द्वारा हिंसा, लूट, आगजनि और बलात्कार नहीं दिख रहा। #BengalBurning #secular_dogle",HOF,HATE,1
5133,60c5d7495659ea5e55df0e82,hi_hasoc_2021_5136,"@AmarUjalaNews @drharshvardhan @ArvindKejriwal मोदी ने देश का बंटाधार कर रखा है, अगर कुछ कर नहीं सकते तो कुर्सी छोर क्यूँ नहीं देते? #ResignModi #ResignHarshvardhan #ModiMadeDisaster #ModiOxygenDo",HOF,OFFN,1
146,60c5d7495659ea5e55df0570,hi_hasoc_2021_146,@AcharyaPramodk ये क्या हो रहा है?   कितने कमीने हो आप इतना कमीनापन लाते कहां से हो मौलानाचार्य  ?,HOF,OFFN,1
4959,60c5d7495659ea5e55df0efa,hi_hasoc_2021_4962,BJP dharna ....... भाई मत ही करते कम से कम शर्म नही आती।   #spinelessmodi  #BengalBurning https://t.co/FnqFzuwgAu,HOF,HATE,1
1612,60c5d7495659ea5e55df0ccc,hi_hasoc_2021_1612,@TheDon7999 @ProfNoor_ @INdHumanist शक्ल से नाजायज़ की औलाद है,HOF,OFFN,1
3180,60c5d7495659ea5e55df15e1,hi_hasoc_2021_3180,मोदी ही पप्पू है और नेशनल ही नहीं ग्लोबल है। #नरेंद्र_मोदी_ग्लोबल_पप्पू #ModiResign  #IndiaCovidCrisis  #ModiMustResign,HOF,OFFN,1
4185,60c5d7495659ea5e55df1944,hi_hasoc_2021_4185,@OpIndia_in तो मुल्ले ये बता शराब पीना भी तो हमारा अधिकार है और सुअर खाना भी।   लहौल लौड़ा कुवात्।,HOF,OFFN,1
5114,60c5d7495659ea5e55df0e80,hi_hasoc_2021_5117,@DChaurasia2312 अबे चमचे सूअर  भाजपा में ज्यादा नेता कांग्रेस के ही हैं या दूसरी पार्टी के,HOF,HATE,1
3342,60c5d7495659ea5e55df172d,hi_hasoc_2021_3342,कभी किसी ने कोरोना वायरस के लिए @RahulGandhi को चाइना को दोषी बताते हुए सुना है ? नही न !! राहुल गांधी देश में वायरस से लड़ने वाली वैक्सीन बनाने वाली कम्पनियों को टार्गेट करते ही सबने देखा ! ये कमीना चाइना का दलाल है #ChineseVirus #ChineseGandhi,HOF,OFFN,1
5980,60c5d7495659ea5e55df19e3,hi_hasoc_2021_5985,@ashokgehlot51 अनिवार्य एफ आई आर सरकार का बेहतर व साहसिक निर्णय..सिविल सोसायटी अपराध और भय से मुक्त रहे वही आदर्श शासन है.. बजरी के अवैध खनन पर लगाम के लिए जनसहयोग से अदृश्य अनैतिक गठजोड़ों और नेटवर्क को सार्वजानिक रूप से बेनकाब का विशेष अभियान चले..सिविल दावों की आड़ में जमीनों के अपराध न चले।,HOF,OFFN,1
5180,60c5d7495659ea5e55df0f7a,hi_hasoc_2021_5183,व्हाट ए मदरचोद कौम मुसल्मान https://t.co/QKetpacH5k,HOF,PRFN,1
3420,60c5d7495659ea5e55df1abc,hi_hasoc_2021_3420,"@84239Katiyar100 @RakeshTikaitBKU तेरी मा का भोसड़ा मदरचोद मिल ले पता दे रहा हु, गाओ रमाला जिला बागपत उत्तरप्रदेस,मिल अगर तेरे महू में गेर के पिसाब न कर दु तो जाटनी से पैदा नही",HOF,PRFN,1
4917,60c5d7495659ea5e55df0dfb,hi_hasoc_2021_4920,"हां भाजपा उनके साथ बस ट्विटर पर खड़ी है। बहुत बढ़िया। अपना काम निकल गया तो वहां भी ""आत्मनिर्भर कार्यकर्ता"" का मंत्र दे दिये होंगे आपसब। #अमित_शाह_नींद_से_जागो  #BengalBurning https://t.co/9GEB0SwlZv",HOF,HATE,1
5922,60c5d7495659ea5e55df1a97,hi_hasoc_2021_5927,#ModiKaVaccineJumla जो bc कल तक हम वैक्सीन नही लगाएंगे कह रहे थे वे आज हमको पहले लगाओ कह रहे हैं सालो जिस मुँह से खाते हो वही से हगते भी हो,HOF,PRFN,1
5097,60c5d7495659ea5e55df0ff8,hi_hasoc_2021_5100,@AMISHDEVGAN श्राद्ध अगस्त में है दलाल‌!,HOF,HATE,1
4363,60c5d7495659ea5e55df06d6,hi_hasoc_2021_4364,अंधभक्तों के फर्जी चाणक्य ने इस बार उल्टा गेम खेल दिया बंगाल में  विधायक पहले खरीद लिए और चुनाव बाद में लड़ा इसीलिए सारा खेल बिगड़ गया ।विनाश काले विपरीत बुद्धि।😂😂 #चड्डीगैंग   #Resign_PM_Modi  #deModitization  #आजतक  #GodiMedia,HOF,OFFN,1
6027,60c5d7495659ea5e55df1bc2,hi_hasoc_2021_6032,@INCChhattisgarh सुनो गुलामो ओर चमचों  कोंग्रेस में रहना है तो कार्यकर्ता (मतलब कुत्ता) बन कर रहो नेता बनने की तुम्हारी औकात नही तुम कल में कुत्ते थे हो और रहोगे👊  कोंग्रेस में नेता केवल #antoniomyno @RahulGandhi ओर @priyankagandhi ही है 😅😅😅 https://t.co/wX09zJxbbX,HOF,OFFN,1
4853,60c5d7495659ea5e55df0a8f,hi_hasoc_2021_4856,"रक्तरंजित बंगाल को जो आज, रक्तरंजित होने से नहीं गया रोका, यह चलन फैलेगा और जगहों पर, और बनेगा मानवता पर धोखा, अब निर्णय लेना होगा क्रूर, जालिम,नरभक्षियों पर जमकर, वरना विश्वास उठ जाएगा सबका, मजबूत सरकार से विश्वास ही हरकर। #BengalBurning @narendramodi @AmitShah @AmitShahOffice",HOF,HATE,1
3051,60c5d7495659ea5e55df159b,hi_hasoc_2021_3051,@narendramodi  मोदी जी हम तो आपको चोकिदार समझते थे ।। मगर आप तो चोर और हतियारे निकले ।। #hatiyare #muderer #aajtakgodimedia #ResignModi,HOF,OFFN,1
4860,60c5d7495659ea5e55df0bd0,hi_hasoc_2021_4863,"@TheMukeshK_ दो मिनट का मौन उनके लिए भी जिनको बंगाल में चुनावी रैली दिखी ,  कोरोना दिखा किन्तु अब हिंसा , लूट अग्निकांड और महिलाओं को लुटती इज़्ज़त नहीं दिख रहीं 😡😡  #PresidentsRuleinBengal  #BengalBurning  #BengalViolence  #KhooniKhela  #WestBengalViolence",HOF,HATE,1
5472,60c5d7495659ea5e55df161b,hi_hasoc_2021_5475,@Palshri1234567 ए लड़की तुझे दिनभर कोई काम नहीं रहता क्या ये क्या बकचोदी करती रहतीं हो यहाँ पर दिनभर  थोड़ा #BengalBurning  पर भी ट्विट करती जा,HOF,PRFN,1
3138,60c5d7495659ea5e55df1605,hi_hasoc_2021_3138,@DChaurasia2312 कव्वे देश मैं मौत के जिममेदार मोदी सरकार ही है..!!! #ModiKaVaccineJumla  #ModiGovtSeNaHoPayega  #ModiMustResign,HOF,OFFN,1
5994,60c5d7495659ea5e55df1b9b,hi_hasoc_2021_5999,@ndtvvideos ONCE IN A CENTURY  @narendramodi @PMOIndia  #मनहुस_मोदी का साया मेरे देश के ऊपर से हट जाएगा आर्मी सारा काम संभाल रही है दवाई ऑक्सीजन आदि भी तेरे राजनीति से मुक्त हो जायेगी सभी के अपने अकालमृत्यु मर रहे है  #ResignModi मानवता केलिऐ #Resign_PM_Modi देशभक्त हो तो,HOF,OFFN,1
5299,60c5d7495659ea5e55df1412,hi_hasoc_2021_5302,अब कुत्ता बोल रहे हो जिस वक्त आप की पार्टी में थे तब बोलना था। अगर आप की पार्टी में होकर BJP की बेइज्जती करते होते तो आप बोलते की @JitinPrasada जी आप ने जो कहा वो सही कहा। पार्टी छोड़ी तो कुत्ता बोलते हो थोड़ी शर्म करो चमचो।  @GulzebAhmed,HOF,OFFN,1
5787,60c5d7495659ea5e55df195f,hi_hasoc_2021_5791,@yadavtejashwi दही तो तुम्हारे मुंह मे भी जमी हुई थी 😠😠 #JusticeForShahabuddin,HOF,OFFN,1
4457,60c5d7495659ea5e55df08da,hi_hasoc_2021_4458,@REAL___HINDUVT @DEEPAKRASTOGI55 इनके दो काम बहुत compulsory  है पहला मदरसे में पढ़ना और दूसरा मस्जिद और मदरसा में बम बनाना  वा हथियार छुपाना फिर यही concept  अलग-अलग फील्ड में applied करना क्या चुराया पता नहीं  यह सिर्फ चिल्लाते हैं रंडी टीवी रवीश कुमार के नेतृत्व में 🤔,HOF,HATE,1
892,60c5d7495659ea5e55df0c91,hi_hasoc_2021_892,"@umashankarsingh मेरा मत: केंद्र की गद्दी में बैठे महान जुमलेबाज फेकू जनता के हत्यारे को किसी कीमत पर024से आगे नहीं बढ़ने देंगे,अगर जितिन जैसे और कुछ विपक्ष या कांग्रेस के गद्दार दोगला नेता बीजेपी मोदी शाह के हाथो अपने गले में कुत्ते नुमा नारंगी खटमल का पट्टा नहीं पहना तो। @ndtvindia @ABPNews",HOF,OFFN,1
5029,60c5d7495659ea5e55df0df9,hi_hasoc_2021_5032,@Ravish_sir1 @Jalebi_Bai_ तुम कमीने जैसे लोग योगी के नाम लेने लायक नहीं हो,HOF,OFFN,1
5126,60c5d7495659ea5e55df0ded,hi_hasoc_2021_5129,"@DrxYusuf @BotsHindi #Islamophobia का डर मुस्लिमो को दिखा के ही अपना आधार बनाया है,उसी के बल पर समाज को तोड़ने को बात करते हैं, आपका नंबर आजतक नही आया तो आगे भी नही आयेगा,मुलामान अब पढ़ाई करने लगा है,उसको बहलाना अब नामुमकिन हो चुका है।",HOF,HATE,1
6056,60c5d7495659ea5e55df1d03,hi_hasoc_2021_6061,बोहोत अच्छा विश्व गुरू फकीरद्र नाथ का ड़ंका बज रहा है अमेरिका मोदी के साथ जो कर रहा है एक तरफ सही है बोहोती घमंडी है फेंकु घमंड टूटना चाहिए  #ModiKaVaccineJumla #ModiMustResign https://t.co/ScW7gor1x9 https://t.co/inu4guagxw,HOF,HATE,1
3731,60c5d7495659ea5e55df1d05,hi_hasoc_2021_3731,"@nkrai17 @sk_traza98 बकवास के सिवाय कुछ बस की नही तुम राष्ट्रीय हत्यारो में तेरे उकसाने में नही आने वाला  साले मानसिक नंगे #ModiResign  #ModiKaVaccineJumla अनगिनत हत्याओं के जुर्म में  #आजीवनजेल_जाएगा_तो_मोदी_ही  #आजीवनजेल_जाएगा_तो_मोदी_ही  यकीनन यदि परिजनों में बुजदिली, कायरता न हो",HOF,OFFN,1
5816,60c5d7495659ea5e55df1cbb,hi_hasoc_2021_5820,वैक्सीन पर हायतौबा मचाने वालो की असलियत उन्होंने राज्यों को मिले वेक्सीन की उपयोग तक नहीं किया लेकिन वेक्सीन की रंडी रोना मचा रहे थे https://t.co/xBXvncNyIk,HOF,PRFN,1
1121,60c5d7495659ea5e55df0ac2,hi_hasoc_2021_1121,"@ippatel किसान के नाम पे, हवस के जानवर बैठे है वहा😡😡",HOF,HATE,1
5489,60c5d7495659ea5e55df157f,hi_hasoc_2021_5492,"मुझे उससे मोहबत थी सच्ची, पर वो निकली रंडी की बच्ची...",HOF,PRFN,1
2304,60c5d7495659ea5e55df1266,hi_hasoc_2021_2304,@Jmm_Mahila मोदी मदरचोद है कुछ नही होगा।।,HOF,PRFN,1
4543,60c5d7495659ea5e55df0ba2,hi_hasoc_2021_4544,@DChaurasia2312 राहुल गांधी और प्रियंका दीदी एक अच्छा स्कीम निकाला है दोगला और गद्दारों का पहचान ऐसे ही होता है,HOF,OFFN,1
4578,60c5d7495659ea5e55df0954,hi_hasoc_2021_4579,@AjiteshBansal1 @NayakRagini ये मोहतरमा जिस गाली गलौज और अभद्रता को नारीशक्ति कह रही हैं  सनातन संस्कृति में उसे फूहड़ औरत का नँगापन कहा जाता है....,HOF,PRFN,1
4244,60c5d7495659ea5e55df1d06,hi_hasoc_2021_4244,गोदी मीडिया और BJP IT Cell फेक न्यूज़ फैलाने में माहिर है!#GodiMedia #BJPITCell #fakenews  #ModisCrimeAgainstIndia #ResignPMmodi  #SpinelessBJP #coronavirus #wednesdaythought #COVID19 #Oxygen4All #BeHuman #OxygenMan #fakenews #coronavirus #COVID19 #BJP #ModiSarkarHiSystemHai https://t.co/QPEwe1FiN8,HOF,HATE,1
4292,60c5d7495659ea5e55df0502,hi_hasoc_2021_4292,@Abhijee51353746 @vinodkapri @bainjal यार तू इतना चुटिया है कि अपने ट्वीट खुद ही LIKE कर लेता है🤣 अब तेरे से मैं क्या बहस करू।,HOF,PRFN,1
4789,60c5d7495659ea5e55df0c36,hi_hasoc_2021_4790,पूरे गुजरात को आग के हवाले कर दिया और आग किसने लगाया सभी जानते हैं किन्तु बहुसंख्यक समुदाय के मूहँ में ताला लगा रहता है किन्तु जैसे ही किसी मुस्लिम की बात आती है तो गिद्ध भी खामियां निकालने पहुँच जाते हैं....  #JusticeForShahabuddin,HOF,HATE,1
5176,60c5d7495659ea5e55df0e4b,hi_hasoc_2021_5179,"@AslamChopdar11 @DrDeependra111 @Rajrm011 जो लोग असलम भाई को गाली दे रहे हैं, वे या तो कुपेन के कुत्ते है या फिर वो हरामी है,  हमें असलम भाई जेसा नेता चाहिए जो कभी दोहरा नकाब नहीं रखता हो",HOF,PRFN,1
4696,60c5d7495659ea5e55df08e4,hi_hasoc_2021_4697,"आपको थोड़ी शर्म करनी चाहिए, अपने आस-पास देखें। आपकी सरकार की मूर्खता के कारण दूसरी लहर आई।  देशभक्ति तब होती है जब लोग जीवित होते हैं!  The entire BJPee IT cell is utter shameless!  #ArrestPChidambaram #ModiKaVaccineJumla #BjpDestroyedIndia #BJPFailsIndia https://t.co/nlnSO39MYK",HOF,HATE,1
4498,60c5d7495659ea5e55df0748,hi_hasoc_2021_4499,@R_Singh_O08rj ये वो जात है जो हर जात का जीना हराम करती है इनके में कुछ हराम नही है बल्कि ये हरामी है साले गन्द के सिवा इनको कुछ नही आता,HOF,HATE,1
4903,60c5d7495659ea5e55df0e7e,hi_hasoc_2021_4906,"बड़ी उम्र की औरत की काम वासना बढ़ती जाती है, और फिर वो बजारु हो जाती है, वो पराये मर्दो के कदमों में नंगी लेट जाती है और पराये मर्द उसे वैश्या की तरह नंगा नचाते हैं, नितम्बो पर मारते हैं। उसके शरीर को अपने मूत्र से नहला कर उसे जलील करते हैं और तब एक बड़े घर की औरत शांत होती है। https://t.co/Se90dGgYFa",HOF,PRFN,1
5286,60c5d7495659ea5e55df1240,hi_hasoc_2021_5289,@PawanJa13418467 @arifsiddiqui82 @ActivistVed Right  अब तेजस्वी यादव जैसे दलाल बिहार चुनाव जीत जाने के बावजूद भी   अगर राष्ट्रीय स्वयंसेवक संघ से सौदा कर लेते हैं   और vvpat पर्चियों के मिलान के लिए   कोर्ट में दावा नहीं ठोकते हैं   तो उसके लिए हम क्या कर सकते हैं,HOF,OFFN,1
5968,60c5d7495659ea5e55df18bc,hi_hasoc_2021_5973,"@anjalideshbhkt गलती उस महिला की है। इससे पहले भी एक महिला के साथ ""आम आदमी पार्टी"" के सड़क छाप जानवर ने रेप किया था। तब इस महिला को समझ नही आया कि बॉर्डर पर किसान नही ""बलात्कारी"" बैठे हैं.?? इस महिला को वहां जाना ही नही चाहिए था।",HOF,OFFN,1
4289,60c5d7495659ea5e55df06bb,hi_hasoc_2021_4289,@sambitswaraj @JPNadda छूटिया Oxygen Beds Medicine  के बारे में कब tiweet करेगा। #ResignModi,HOF,OFFN,1
4378,60c5d7495659ea5e55df0654,hi_hasoc_2021_4379,@VMBJP @BJP4Bengal @BJP4India @narendramodi @JPNadda @AmitShah @DilipGhoshBJP @RahulSinhaBJP जब केंद्र के मंत्री z+ की सुरक्षा लेकर भी बंगाल दौरा सही से भी कर सकते उनपे हमला होता हैं तो उन करोड़ों कार्यकर्ता पे क्या जुर्म ढाया जा रहा होगा अफसोस अभी ये निंदा धरना देंगे 😡 इनके लिए सता ही सबकुछ है और कुछ नही कुछ तो शर्म करो #BengalBurning #bengalvoilence #ममता_की_निर्ममता,HOF,HATE,1
1218,60c5d7495659ea5e55df0ca9,hi_hasoc_2021_1218,"ये बंगाल की CM ममता बनर्जी नही है,ये Terror की आका डायन है👹जो बंगाल मे TMC पार्टी के आतंकवादी जिहादीयोंसे बलात्कार,खुन,खराबा बंमबारी कराती है  #TMCTerror #TMCGoons #BengalBurning #BengalViolence #MamtaisTerrorist #ArrestMamta #ShameOnDiaonMamta #ShameOnTerroristMamtaBanerjee https://t.co/PNyGsMsXmN",HOF,OFFN,1
5277,60c5d7495659ea5e55df1104,hi_hasoc_2021_5280,"☄☄ साउद अली पहले अम्मी, फिर बाजी,फिर कुतिया,फिर मुर्गी, इन सब के मना करने पर, गुस्से से बकरी के साथ ही खेलने लग गए।   वाह बेटे मौज कर दी..! ☺ @SaudAli32039647 https://t.co/FIpnqyxd50",HOF,PRFN,1
4420,60c5d7495659ea5e55df07ad,hi_hasoc_2021_4421,निर्ममता 😡😡  इसका एक जीवन्त उदाहरण : ज्वलंत बंगाल  नहीं संभलता तो 2 मिनट के लिए बंगाल @RSSorg को सौंप दो ।। #ShameOnMamata  #राष्ट्रपति_जी_बंगाल_संभालो #बंगाल_बचाओ_मोदीजी #BengalBurning #bangalviolence https://t.co/M2ZzelucZL,HOF,OFFN,1
3953,60c5d7495659ea5e55df1c3c,hi_hasoc_2021_3953,"अरे जाहिल गंवार अनपढ़ बद्तमीज़ फूहड़ औरत + चमची, ठीक से हिन्दी में लिखना तो सीख ले VAN KI LORRY ! 🤦🏻‍♀️😂😂 @MimrotReena   #RaGaKMKB #GaliWaliMadam https://t.co/wgJ3jgw5Dy",HOF,OFFN,1
4692,60c5d7495659ea5e55df0c7a,hi_hasoc_2021_4693,@harbhajan_singh देश को बचाना होगा @narendramodi को जाना होगा #Resign_PM_Modi  #धर्म_के_खाल_में_दानव #ResignPMmodi  #कम्यूनल_कोरोना_के_मरीज #RESIGN  #कालणेमी,HOF,OFFN,1
3742,60c5d7495659ea5e55df1c78,hi_hasoc_2021_3742,@ajitanjum कुत्ते की दुम पर केवल कुतिया ही भरोसा करती है?,HOF,PRFN,1
3458,60c5d7495659ea5e55df1a51,hi_hasoc_2021_3458,"यह भेंस चोर दुसरो को अपना बाप बनाकर अपनी नाजायजी क्यु प्रस्तुत कर रहे हैं, ओर साथ में ट्विटर पर अपनी नेशनल ओर इंटरनेशनल बेइज्जती करवाने से बाज़ नहीं आते..!! #RajputSamratPrithvirajChauhan",HOF,OFFN,1
4448,60c5d7495659ea5e55df08bf,hi_hasoc_2021_4449,#नरेंद्र_मोदी_ग्लोबल_पप्पू #ModiKaVaccineJumla #ModiMustResign Is trending meanwhile m(g)odi bhakts ÷ https://t.co/CmZVSBiueK,HOF,OFFN,1
4467,60c5d7495659ea5e55df0784,hi_hasoc_2021_4468,@AkhtarH18713098 @DChaurasia2312 तभी तो ये बलात्कारों ओर लव जिहाद में हरामी पुत्रों का नाम सबसे ज्यादा आता है कानून बनाया योगी जी ने तो फट गयी।,HOF,HATE,1
3334,60c5d7495659ea5e55df1786,hi_hasoc_2021_3334,बंगाल में हिंसा फैलाते TMC के गुंडे.   क्या यही लोकतंत्र है? कहाँ गए लिबरल शिबरल?👇👇 @KrishnaMohanSha #BengalBurning https://t.co/M5digbPgCs,HOF,HATE,1
4664,60c5d7495659ea5e55df0bff,hi_hasoc_2021_4665,"बुझा कर हजारों घरो के चिराग, वो कहता रहा अच्छे दिन आएंगे !😞           #ResignModi https://t.co/LaYV8l33B1",HOF,OFFN,1
5565,60c5d7495659ea5e55df16b6,hi_hasoc_2021_5568,",#जलता_बंगाल #बंगाल_में_राजनीतिक_हिंसा: #tmc #westbengal #bengalburning #bengalviolence #bengalisburning #isupportmodi #भारत  ट्विटर लिब्ऱांडुओं का पालतू कुत्ता है जो राष्ट्रवादी की आवाज़ बंद करता है पर जिहादियों की आवाज़ को बुलंद करता है। https://t.co/hokGK3eLjQ",HOF,HATE,1
6031,60c5d7495659ea5e55df1d14,hi_hasoc_2021_6036,@INCIndia तेरे ऊपर विश्वास कौन करेगा ? तूने अपने नाम मे गांदी लगा रखा है । दोगला कभी सचा और देशभक्त हो सकता है क्या?,HOF,OFFN,1
4398,60c5d7495659ea5e55df05db,hi_hasoc_2021_4399,"#विश्वसम्राट, भारत के #भाग्यविधाता, #रामराज्य लाने वाले महान विग्यानी और अर्थ सास्त्री श्री #मोदी की आखों के सामने खुले आम दवाओं, ऑक्सीजन, अम्बुलेंस, समशान में पर पूरे लूट लूट हो रही है  शायद वो सोच रहा है कि इस के लिए किसे ज़िम्मेदार ठहराऊँ? #ModiKaVaccineJumla",HOF,OFFN,1
5215,60c5d7495659ea5e55df10ec,hi_hasoc_2021_5218,"Nusrat - छू हिंदू, मैंने तुम्हारा काटा है..  जो मुझे चाहिए था वो मिलगया है.. अब तुम सब भाड़ में जाओ..  इलेक्शन ख़त्म.. नाटक ख़त्म.. https://t.co/MMhyHdMjSr",HOF,HATE,1
4565,60c5d7495659ea5e55df0bde,hi_hasoc_2021_4566,@AamAadmiParty ONCE IN A CENTURY  @narendramodi @PMOIndia  #मनहुस_मोदी का साया मेरे देश के ऊपर से हट जाएगा आर्मी सारा काम संभाल रही है दवाई ऑक्सीजन आदि भी तेरे राजनीति से मुक्त हो जायेगी सभी के अपने अकालमृत्यु मर रहे है  #ResignModi मानवता केलिऐ #Resign_PM_Modi देशभक्त हो तो,HOF,OFFN,1
4831,60c5d7495659ea5e55df0ab8,hi_hasoc_2021_4834,"@indiantweeter भाई आपकी ये लोग शायद सुनलें, मुझ fresher on twitter को तो रिपोर्ट कर देते हैं...  इनको बोलिये उदित राज को कांग्रेस प्रेसिडेंट बना दें तो बहुत मेहरबानी होगी। वो घास-जड़ से जुड़े जड़बुद्धि हैं, पिच्छ्त्तीस वर्षीय के सारे रिकॉर्ड तोड़ देंगे।",HOF,OFFN,1
4445,60c5d7495659ea5e55df07bf,hi_hasoc_2021_4446,"@ashutosh83B दिल्ली और बंगाल की तरह चुनाव आते आते, ये पपड़ी नीचे लेट जायेगी .... काले सुअर, देख लेना",HOF,OFFN,1
5238,60c5d7495659ea5e55df124d,hi_hasoc_2021_5241,@dineshprasain कतै त्यो दलाल समाजवाद त थिएन ? 😂😂,HOF,OFFN,1
5950,60c5d7495659ea5e55df1c80,hi_hasoc_2021_5955,@sakshijoshii @TwitterSupport @TeamSaath @ReportTweet_ अमानतुल्लाह के गरदन काटने वाले बयान पर आप चुप थे। इतना दोगला पन । थू,HOF,OFFN,1
2367,60c5d7495659ea5e55df10cf,hi_hasoc_2021_2367,@indiafirst_19 @TV9Marathi मग आई चा नवरा टॅक्स भरतो का मदरचोद आणि गांडीत दम असेल ना तर स्वतःचे नाव वापरून ट्विट करत जा तुमच्या सारख्या मदरचोद मुळेच जातीय दंगली होतात तुम्ही देशाला लागलेले कॉरोना आहेत,HOF,PRFN,1
5960,60c5d7495659ea5e55df1cde,hi_hasoc_2021_5965,"#Thanks  चीन , अमेरिका , रूस , ब्रिटेन के बाद अब हमें भूटान , थाईलैंड , पाकिस्तान तक से मदद लेनी पड़ रही है l विश्व गुरु बनने चले थे विश्व भिखारी बन गए l🤦🤦 #ResignPMmodi #ResignModi #OxygenEmergency #OxygenCrisisindia #MamataBanerjee #BoycottBJP_4Farmers",HOF,OFFN,1
5257,60c5d7495659ea5e55df1272,hi_hasoc_2021_5260,"@nidhitripathi92 @AshokShrivasta6 दो मिनट का मौन उनके लिए भी जिनको बंगाल में चुनावी रैली दिखी ,  कोरोना दिखा किन्तु अब हिंसा , लूट अग्निकांड और महिलाओं को लुटती इज़्ज़त नहीं दिख रहीं 😡😡  #PresidentsRuleinBengal  #BengalBurning  #BengalViolence  #KhooniKhela  #WestBengalViolence",HOF,HATE,1
5088,60c5d7495659ea5e55df0dc7,hi_hasoc_2021_5091,"@HansrajMeena @narendramodi दलित बहुज़नो का सबसे बरा दुश्मन बनिया { वैश्या } है , जो बहुज़नो को हर कदम पर नुक़सान ही करता है! दूसरा #ब्राह्मण।    Follow करे लाइक के साथ",HOF,HATE,1
4381,60c5d7495659ea5e55df06d1,hi_hasoc_2021_4382,@khesariLY भोजपुरी के सुपर डुपर स्टार खेसारी लाल यादव के गाना से कुछ सूअर के पैदाइश को बहुत तकलीफ है'बाकी भोजपुरी सिंगर के गाने  से कोई तकलीफ नहीं है',HOF,OFFN,1
6104,60c5d7495659ea5e55df19f9,hi_hasoc_2021_6109,@ArmaanS13738198 All the best may you succeed in your Modi's boot licking mission... &amp; he lick boots of Elitist corporate 😂 life circle of BJP 💫 #PrayForFarmersVictory  #देश_ऑक्सीजन_मांगता_है #ResignModi #FarmersProtest,HOF,OFFN,1
1061,60c5d7495659ea5e55df09f4,hi_hasoc_2021_1061,नपुंसक हिन्दुओं की नसों में खून की जगह डर का पानी भर के वोट लेते रहें और फिर मलेच्छों को अपना दामाद बना लेते हैं जैसे शाहीन बाग के मुख्य और्गिनाईज़र शहजाद अली व उसकी टीम को अपना दामाद बना लिया बीजेपी का सम्मानित सदस्य बना दिया #बंगाल_हिंसा #BengalBurning #BengalElection2021,HOF,HATE,1
5728,60c5d7495659ea5e55df1929,hi_hasoc_2021_5731,यह #बंगाल के #जादवपुर विधानसभा क्षेत्र के #भाजपा प्रत्याशी श्री रिंकू नासकर का घर है जिसे #TMC के गुंडों ने दिनदहाड़े तहस-नहस कर दिया है ! @MamataOfficial की पुलिस #शिखंडी बनी हुई है !  #BengalViolence  #TmcTerror  #BengalBurning  #CruelMamata https://t.co/dGLtwSIQeb,HOF,OFFN,1
461,60c5d7495659ea5e55df0812,hi_hasoc_2021_461,@ashutosh83B तू चीन का दल्ला है ! #chinesevirus,HOF,OFFN,1
1124,60c5d7495659ea5e55df0b4f,hi_hasoc_2021_1124,"बेवकूफ फूहड़ औरत ! यहाँ सिर्फ गाँधी का नाम लगाके विदेशी एंटोनियो मायनो ने 75000 करोड़ से ज्यादा के वारे न्यारे कर लिए और इसके पास तो असली गाँधी का लेबल था, 60 लाख के खेल में ही पकड़ी गई । https://t.co/DSuLOQIOyq",HOF,OFFN,1
5387,60c5d7495659ea5e55df145c,hi_hasoc_2021_5390,"राजनेता का व्यवहार,चाल-चलन,ईमान एक वैश्या के समान है जब तक उसे धन,दौलत का लालच मिलता रहा तब तक आपकी और जिस रोज नहीं मिला किसी ओर के साथ। आज कांग्रेस पार्टी के साथ ऐसा ही हो रहा है। हाईकमान ने इन वैश्याओं की नब्ज पहचानने में देर कर दी खैर जिसको जाना है जाने दो गंदगी साफ हो रही है।",HOF,HATE,1
5818,60c5d7495659ea5e55df1d08,hi_hasoc_2021_5822,@Shalumehta95 कबीर हरी के नाम  बिना नारी कुतिया होई गली गली भौकत फिरे टुक ना डाले कोई,HOF,PRFN,1
1712,60c5d7495659ea5e55df108a,hi_hasoc_2021_1712,टैगोर का शौक पूरा हो गया हो तो थोड़ा हिटलर का रूप भी दिखा दो वैसे भी 35%आपको हिटलर कहते ही है #जलता_बंगाल  #नींद_से_जागो_अमित_शाह_जी  #ममता_बनर्जी_हत्याएं_बंद_करो  #BengalBurning #BengalElection2021  @narendramodi @AmitShah @PMOIndia @HMOIndia @BJP4India @JPNadda,HOF,OFFN,1
256,60c5d7495659ea5e55df0580,hi_hasoc_2021_256,@RamPD78 @ndtvindia अभी भी इसके पास 19 लाख हैं। गौरव आएगा तब ये मुकदमा वापस लेगा हरामी। ऐसे लोग ऐसे ही सड़ते हैं,HOF,OFFN,1
5513,60c5d7495659ea5e55df15f4,hi_hasoc_2021_5516,@Ravishk356 धोबी का कुत्ता घर का न घाट का,HOF,OFFN,1
5422,60c5d7495659ea5e55df1352,hi_hasoc_2021_5425,@MimrotReena @RahulGandhi मतलब जानवर ही रहोगे 😎😎😎,HOF,PRFN,1
4164,60c5d7495659ea5e55df1d13,hi_hasoc_2021_4164,@meNeeleshNRane संज्या महा हरामी,HOF,PRFN,1
1613,60c5d7495659ea5e55df0cd1,hi_hasoc_2021_1613,अबे नामर्द हिन्दुओ अगर खुद के पिछवाड़े में ताकत नही है तो उसका ठीकरा मोदी पर मत फोड़ो।  #बंगाल #BengalBurning,HOF,HATE,1
4307,60c5d7495659ea5e55df05b2,hi_hasoc_2021_4308,"@Dr_PraveshYadav @SushilModi @laluprasadrjd @RabriDeviRJD जाके corona में परीक्षा दिलवा कर रिजल्ट निकाल लो और मरे हुए बच्चों के कफन पर लगा देना? यही चाहते हो ना लालू और बरखा के गिद्ध?  वैसे तो लालू और उसके कुत्ते होते बड़े बेशरम हैं और आप यह साबित कर रहे हैं.  जान, इज्ज़त चली जाए पर लालू और उसकी नस्ल की भक्ति नहीं बंद करोगे.  🤣",HOF,OFFN,1
2003,60c5d7495659ea5e55df0da5,hi_hasoc_2021_2003,@shivsagar1106 @Rofl_Swara जी नहीं। अब तो परत दर परत इन नक्कारे जुमलेबाजों की हर फांदेबाजी याद कर कर इन्हें दौड़ाया जाएगा।#ResignModi,HOF,HATE,1
5047,60c5d7495659ea5e55df1066,hi_hasoc_2021_5050,"7. कोई लेना-देना नहीं था! यह सिर्फ एक शपथ पत्र द्वारा नाम परिवर्तन का एक मामला था, और फिरोज खान, गांधी बन गये, हालांकि यह बिस्मिल्लाह शर्मा की तरह ही एक असंगत नाम है! दोनों ने ही भारत की जनता को मूर्ख बनाने के लिए नाम बदला था! जब वे भारत लौटे,तो एक नकली वैदिक विवाह जनता के समक्ष",HOF,HATE,1
137,60c5d7495659ea5e55df067d,hi_hasoc_2021_137,"इस ढक्कन को भी जीने का हक है, सुअर है, द्रोबी है, लालची है, भड़वा है पर है तो ढक्कन ही इसे भी बकचोदी करने का हक है।। कुछ समय और चलेगा फिर किसी कूड़े के ढेर पर मिलेगा फेंके हुए ढक्कन की तरफ जिसपर गली के कुत्ते मूतेंगे।। https://t.co/IOSrupFsYq",HOF,OFFN,1
2340,60c5d7495659ea5e55df1271,hi_hasoc_2021_2340,@ANI कुछ दिन बाद देखना ये दिल्ली वालों को भिखारी बना कर भीख मंगवायेगा। हरामी भिखारी है ये मुख्यमंत्री की गरिमा की माँ बहन एक कर दी है इस इंसान ने।,HOF,OFFN,1
5526,60c5d7495659ea5e55df15fa,hi_hasoc_2021_5529,#JusticeForShahabuddin गांड फाटे तो लाख उपाय मर के सहाबुद्दीन जन्नत को जाए यही जस्टिस है। उसका उसको मिल गया आपको चाहिए तो बताओ खोल के बेठो आते है।।।,HOF,PRFN,1
4832,60c5d7495659ea5e55df0acd,hi_hasoc_2021_4835,"@yadavakhilesh अरे भाई अखिलेश ,चुप रहो। कुछ आईडिया है नही।पिता जी के बनी बनाई पार्टी की दुर्दशा किये हो। 10 साल के बच्चे जैसे बयान रहते हैं। चले है CM  बनने!!!",HOF,OFFN,1
5863,60c5d7495659ea5e55df1986,hi_hasoc_2021_5867,"@free_thinker @Pooja_Chaudhuri @free_thinker how did you know they are talking about muslim community? A/c to you these words हराम के पिल्ले, सुअर का पिल्ला synonyms for muslims community? https://t.co/Lg4XccVhGN",HOF,HATE,1
5811,60c5d7495659ea5e55df1bf3,hi_hasoc_2021_5815,तिहाड़ जेल के स्पेशल सेल में कोरोना पहुंचा कैसे मुझे लगता हे ये सिस्टम का कोरोना है    #JusticeForShahabuddin #JusticeForShahabuddin,HOF,HATE,1
5193,60c5d7495659ea5e55df117c,hi_hasoc_2021_5196,@PJkanojia सही कहा दलाल दलाल दलाल रिजर्वेशन की देन है ये लोग टैलेंट तो है नही तो करेंगे क्या,HOF,HATE,1
5894,60c5d7495659ea5e55df19ae,hi_hasoc_2021_5898,@DeepakSEditor दलाल लोगों को जाने दो,HOF,OFFN,1
5870,60c5d7495659ea5e55df1aee,hi_hasoc_2021_5874,मैं बहुत पहले से इन दोगला चेहरे वाले बोलीवूढ़ियाओं की पिक्चर देखना बंद कर दिया था । https://t.co/bOYxeKhBQv,HOF,HATE,1
4956,60c5d7495659ea5e55df0e93,hi_hasoc_2021_4959,"मौजूदा हालात मे कभी किसी से बहस ना करें, अगर कोई कहे के हाथी उड़ता है तो उसको बताएं के आज सुबह हमारे घर की तार पे बैठा था!!!  मोदीजी से नफ़रत करने वाले, चमचे, लिब्रांडु, वामपंथी, तुकड़े गैंग इन सब लोगों से दिमाग़ ना लगायें।  जनता सब देख रही है  🤣😝 #IStandWithModi #ChineseVirus",HOF,HATE,1
5524,60c5d7495659ea5e55df15d7,hi_hasoc_2021_5527,@careers360 @pritharoyc कमीने लोग की कमी नही है जो ऐसा fake न्यूज़ viral करते हैं। always get verified by official website before believing any notification,HOF,HATE,1
4635,60c5d7495659ea5e55df0c75,hi_hasoc_2021_4636,"325 सांसद, 125 राज्यसभा सांसद 1600 से ज्यादा विधायक बहन बेटियों के बलात्कार और बेटो की हत्या पर धरना देंगे ।  धिक्कार है ... @BJP4India  #BengalBurning #bangalviolence #COVID19",HOF,HATE,1
5090,60c5d7495659ea5e55df0e54,hi_hasoc_2021_5093,"@QamarAalam11 मरहूम सहाबुद्दीन की लाश जैसे दिल्ली गेट ITO कब्रिस्तान मे सुपुर्द ए खाक हुई,❣️   Inshallah ऐसे ही बिहार में  लालू तेरी पार्टी को सुपुर्दे खाक करेगी बिहार की जनता #JusticeForShahabuddin",HOF,HATE,1
5477,60c5d7495659ea5e55df15aa,hi_hasoc_2021_5480,@MimrotReena @RahulGandhi गधा भी परेसान हे बब्बर सेर से..... किस ग..ग..ग..गधा ने बैठ गया हे पीठ पर मेरे..... https://t.co/ATi5EKlz4L,HOF,OFFN,1
3277,60c5d7495659ea5e55df1808,hi_hasoc_2021_3277,@me_pratii @myogiadityanath @Uppolice @UPPViralCheck सुअर के पिल्ले है साले 😑😑,HOF,PRFN,1
6048,60c5d7495659ea5e55df1b0c,hi_hasoc_2021_6053,"वह महान सन्तों, कवि और वीर राष्ट्रवादी की भूमि कभी रही होगी, किन्तु अब नहीं। अब वह नाजायज औलाद पैदा करने वाली विधर्मी नचनियों की जोमीन होकर रह गई है।",HOF,OFFN,1
5128,60c5d7495659ea5e55df0e43,hi_hasoc_2021_5131,मैं सरकार से अपील करता हु की जनगणना कराइए। ओर जो अल्पसंख्यक हो उसी को आरक्छन दे । क्यों की एक समुदाय अपने को अल्पसंख्यक बता रहे है। और सुअर की तरह भीड़ बढा रहे है।,HOF,HATE,1
4352,60c5d7495659ea5e55df05e2,hi_hasoc_2021_4353,"@SushantBSinha @derekobrienmp दो मिनट का मौन उनके लिए भी जिनको बंगाल में चुनावी रैली दिखी ,  कोरोना दिखा किन्तु अब हिंसा , लूट अग्निकांड और महिलाओं को लुटती इज़्ज़त नहीं दिख रहीं 😡😡  #PresidentsRuleinBengal  #BengalBurning  #BengalViolence  #KhooniKhela  #WestBengalViolence",HOF,HATE,1
1668,60c5d7495659ea5e55df0fc0,hi_hasoc_2021_1668,"@BabaIsraeliTW @nehasingh121121 @Uppolice @myogiadityanath @dgpup @meerutpolice @adgzonekanpur @diggorakhpur नाजायज कि औलाद हैं,, मुगल  मिना बाजार वाले।😡😡",HOF,OFFN,1
4873,60c5d7495659ea5e55df0daa,hi_hasoc_2021_4876,"“create a positive image of the government”, manage “perception through effectively highlighting positive stories and achievements”,  जोड्यानं हाणला पायजे या सगळ्यांना ...   हिटलरने तोंड लपवलं असतं तुमच्यासमोर   #ModiMadeDisaster #ResignModi #CovidIndia  https://t.co/LGj4bBPpCt",HOF,HATE,1
6080,60c5d7495659ea5e55df18e2,hi_hasoc_2021_6085,"@IncAyushKumar @Vimalbhati @SupriyaShrinate @NayakRagini @LambaAlka @Radhika_Khera 1,नेहरू एड्स का पहला मरीज था 2, पप्पू क्वात्रोछि की औलाद है 3,पिंकी का नाजायज रिश्ता एक तांत्रिक से है 4, तेरी मालकिन को वही गुप्त रोग है जो कोठेवालियों को होता है 5,तू खुद गण्डवा है",HOF,OFFN,1
4724,60c5d7495659ea5e55df092a,hi_hasoc_2021_4725,@kunalkamra88 ऐ चुटिया अपनी गांड़ मरा,HOF,PRFN,1
4500,60c5d7495659ea5e55df0877,hi_hasoc_2021_4501,हराम की कमाई से बिल्डिंग बनाकर बाहर ماشاءاللہ की तख्ती लगाकर शैतान भी सोचता होगा...   ये हरामी तो मेरे से दो कदम आगे है..!!,HOF,HATE,1
947,60c5d7495659ea5e55df0bda,hi_hasoc_2021_947,"@rohanrgupta तुम्हारे कुशासन के परिणाम आज तक पूरा देश भुगत रहा है,अनगिनत वित्तीय घोटाले,आतंकवादीयों को शह,आए दिन पूरे देश में कहीं न कहीं बम विस्फोट,हिंदुओं का दमन व आतंकियों को बढ़ावा,दुश्मन देशों से गुप्त समझौते कर देश से ग़द्दारी,तुम्हारे काले कारनामों की सूची लंबी है तुम लोग चुप ही रहो ।",HOF,OFFN,1
5846,60c5d7495659ea5e55df1abe,hi_hasoc_2021_5850,@FBDPolice इस कमीने को Hr police ki hwalat me 2 din ki seva jrur dijiye,HOF,OFFN,1
5306,60c5d7495659ea5e55df12f6,hi_hasoc_2021_5309,"कनाडा में एक मुस्लिम परिवार के 4 फ़र्द को रौंदकर क़त्ल करने वाला आतंकवादी यहूदी है। यक़ीन जानिये अगर ये क़त्ल करने वाला मुस्लिम होता और मक़तूल फ़ैमिली ग़ैर-मुस्लिम होती तो दुनिया की इस्लामोफोबिक मीडिया अबतक ""इस्लामिक आतंकवाद"" का रंडी-रोना रो रही होती। #Islamophobiaisterrorism",HOF,HATE,1
4908,60c5d7495659ea5e55df0fce,hi_hasoc_2021_4911,बॉस गधा कुतिया~  निक्की https://t.co/x83lCFf1WE,HOF,OFFN,1
5232,60c5d7495659ea5e55df11b4,hi_hasoc_2021_5235,सिस्टम अन्धा नही बल्कि । लुला औऱ लंगड़ा भी हैं ।  झूठ की भरमार हैं । झूठे बधो की बौछार हैं । @RahulGandhi #ModiKaVaccineJumla,HOF,HATE,1
1415,60c5d7495659ea5e55df0d5a,hi_hasoc_2021_1415,@Isha5384 ऐसे लोग नाजायज बाप की नाजायज औलाद कहलाए जाते है 😂😂😁,HOF,OFFN,1
5561,60c5d7495659ea5e55df17ab,hi_hasoc_2021_5564,@PremMis05662422 @ShradhaNaik2 @sunderpal25 @TheAbhishek_IND उल्टा लटका के मारना चाहिये हरामी को,HOF,OFFN,1
4801,60c5d7495659ea5e55df0abe,hi_hasoc_2021_4803,तीन अवैध कृषि कानूनों को वापस नहीं लिया गया तो आंदोलन जारी रहेगा। लोगों की खाद्य सुरक्षा छीनने को तैयार फासीवादी सरकार! #FarmLaws,HOF,HATE,1
1999,60c5d7495659ea5e55df0d3e,hi_hasoc_2021_1999,"Why did Tejashwi Yadav not go to meet Shahabuddin, only Yadav and Muslim have to take votes  कान खोल के सुन ले लालू प्रसाद यादव के परिवार हर एक मुसलमान का एक ही सवाल हैं 👇 @yadavtejashwi @MisaBharti @manojkjhadu @laluprasadrjd  https://t.co/s7isRX5uL2 #JusticeForShahabuddin",HOF,HATE,1
4922,60c5d7495659ea5e55df0ed7,hi_hasoc_2021_4925,एक बंगला बने हत्यारा!  #VinashakVista #CentralVista #ModiFailsIndia #ResignModi https://t.co/Do7S5Kxkb1,HOF,HATE,1
1942,60c5d7495659ea5e55df0e1f,hi_hasoc_2021_1942,@WeirdlyHungry चुटिया है क्या बोस्डीके। Hindus follow gotra system.,HOF,OFFN,1
5296,60c5d7495659ea5e55df13d6,hi_hasoc_2021_5299,दोगला जेएमएम आ कांग्रेसी है आ बीजेपी समझ नहीं आ रहा इनसे मतलब नहीं है झारखंडी हेमन्त भाई विश्वाश नौकरी मिलेगी क्या झारखंडी भाई अब भी विश्वाश करते लगता है भाई कुछ क्रज के साथ तीर धुनष देगा @१४ वित को नौकरी दो नहीं तो गोली दो @HemantSorenCM @MithileshJMM @Alamgircongress,HOF,HATE,1
3302,60c5d7495659ea5e55df1754,hi_hasoc_2021_3302,@Deepakkkapur भाड़ में जाओ,HOF,OFFN,1
4665,60c5d7495659ea5e55df0c09,hi_hasoc_2021_4666,#JusticeForShahabuddin सिस्टम की मुस्लिम तासूबी ना इंसाफी को देख कुदरत अपना कहर बरसा रहि है और पर सिस्टम हे के इस्लामोफोबिया से बाज़ ही नही आ रहा #shahabuddin,HOF,HATE,1
4746,60c5d7495659ea5e55df097e,hi_hasoc_2021_4747,"@SurekaMahendra @Dr_Uditraj @RahulGandhi @INCIndia @rssurjewala @ReallySwara @AcharyaPramodk @digvijaya_28 @ashokgehlot51 दोस्तों, आओ हम सब सर्वसम्मति से महान अर्थशास्त्री, धुरंधर वैज्ञानिक, अंतर्राष्ट्रीय किसान, भयंकर सवर्ण-दलित मसीहा #चुदित राज जी को खांग्रेस #अध्यक्ष एवं #पलधानमंतली बनाएं !!🙏 ""सभी #समस्याएं समाप्त"" #उदित_राज_को_अध्यक्ष_बनाओ_बे @Dr_Uditraj  #CovidVaccine https://t.co/HrWBrorcLe",HOF,HATE,1
4354,60c5d7495659ea5e55df0600,hi_hasoc_2021_4355,अब बनायो बेब सीरीज ....मदरचोद टूलकिट बॉलीवुड...मदरचोद अनुष्का शर्मा और एकता कपूर https://t.co/HtS2KMMdTx,HOF,PRFN,1
4321,60c5d7495659ea5e55df06db,hi_hasoc_2021_4322,ये साले सूअर जितना इन्हें सर पे बिठाया उतना ही सर पे मूता इन्होंने.. #BengalBurning #SpinelessBJP,HOF,OFFN,1
2338,60c5d7495659ea5e55df1243,hi_hasoc_2021_2338,@AnandPa44510218 @Vitticollis @JBhimJBharat @PandeyFitness @Bahubal68089819 @BamniyaRohit01 @sixth1008 @GREAT_PERIYAR_1 @Sujmooknayak @Namrata_4589_ तेरे को तो कोई गली की कुतिया न दे सुतिये,HOF,OFFN,1
5675,60c5d7495659ea5e55df17c4,hi_hasoc_2021_5678,@BoltaHindustan @MrVijayVarma ONCE IN A CENTURY  @narendramodi @PMOIndia  #मनहुस_मोदी का साया मेरे देश के ऊपर से हट जाएगा आर्मी सारा काम संभाल रही है दवाई ऑक्सीजन आदि भी तेरे राजनीति से मुक्त हो जायेगी सभी के अपने अकालमृत्यु मर रहे है  #ResignModi मानवता केलिऐ #Resign_PM_Modi देशभक्त हो तो,HOF,OFFN,1
5500,60c5d7495659ea5e55df155f,hi_hasoc_2021_5503,"@beingarun28 @ArvindKejriwal  @@तंकियों हत्यारों को भर इसने पार्टी बनाई है। दिल्ली की जनता से निवेदन है कि यदि कि यदि अपने देश धर्म के प्रति थोड़ा भी प्रेम ईमानदारी है, तो इस केजरीवाल को उखाड़ फेंको और इसको गिरा गिरा के कुटों।  निर्लज्ज दोगला खानदान का इंसान😡",HOF,OFFN,1
5688,60c5d7495659ea5e55df178e,hi_hasoc_2021_5691,जो लोग कुछ कर नहीं सकते हैं  वे लोग सिर्फ दूसरे को नसीहत दे सकते हैं कटाक्ष कर सकते हैं  इसके अलावा और कुछ कर ही क्या सकते हैं  बैठकर ट्विटर ट्विटर खेलिए  उधर बंगाल चल रहा है #BengalBurning,HOF,HATE,1
1933,60c5d7495659ea5e55df0cfc,hi_hasoc_2021_1933,@Dr_Uditraj @INCUttarPradesh मूर्ख dr,HOF,OFFN,1
5791,60c5d7495659ea5e55df1c2d,hi_hasoc_2021_5795,"@harmans56864205 @AmitShah @JitinPrasada भाई बीजेपी अब पार्टी कम ड्रामा company जादा हो गयी है ये  @narendramodi हेड है इस ड्रामा company का, in सबका नाटक बंद कर दूंगा इस बार, ढोगी ड्रामेबाज़ चाचा @narendramodi को वोट देकर भूल कर दी भाई, धर्म के नाम पर लूट लिया कमीने ने देश ko।",HOF,OFFN,1
4454,60c5d7495659ea5e55df0868,hi_hasoc_2021_4455,"@INCChhattisgarh कांग्रेस में कुत्ता बनकर रहना पड़ता है, नेता नहीं।",HOF,OFFN,1
5368,60c5d7495659ea5e55df143b,hi_hasoc_2021_5371,@ANI भाजपा की द्वारा 20.000 करोड़ लगा कर और चुनाव आयोग को हाई जेक करकर भी यदि भाजपा बंगाल में चुनाव हार रही हे तो ये फ़क़ीर की व्यक्तिगत हार हे #ResignPMmodi #BengalElection2021 #KhelaHobe,HOF,OFFN,1
3388,60c5d7495659ea5e55df17d4,hi_hasoc_2021_3388,@Ashishsinghgur5 @Ravishk356 @sunitayadav007 कोठे कि पैदाइश है तु हरामी है नाजायज औलाद है तु,HOF,PRFN,1
4727,60c5d7495659ea5e55df0993,hi_hasoc_2021_4728,@umashankarsingh उनकी नाजायज औलाद ट्विटर पर खुश हो रही है,HOF,OFFN,1
6021,60c5d7495659ea5e55df199b,hi_hasoc_2021_6026,"@AamAadmiParty @ArvindKejriwal EPOS machine चालू कर आधार से कनेक्ट करो, जिससे तुम्हारा फर्जी वाडा नही हो सके। और तुम भ्रष्टाचार नही कर सको और अपने रोहिंगिया और बांग्लादेशी दामादों को अवैध तरीके से राशन नहीं पहुंचा सको।",HOF,OFFN,1
5484,60c5d7495659ea5e55df15f5,hi_hasoc_2021_5487,@AkritiAmbedkar1 पंजा का दलाल हे,HOF,OFFN,1
4926,60c5d7495659ea5e55df1079,hi_hasoc_2021_4929,@Profdilipmandal ये चदरमोद* कहते हैं कि जाति के आधार पर समाज में भेदभाव होता है! लेकिन इनको हर चीज में 'जाति' ही चाहिए। ख़त्म कैसे होगा विभेद बे मंडल सुतीये? हरामी कहीं का!,HOF,PRFN,1
5430,60c5d7495659ea5e55df12c9,hi_hasoc_2021_5433,भाजपा तो गोडसे वादी थी ना तो गांधी वादी कब से  बन गई । #BengalBurning  #बंगाल_बचाओ_मोदीजी  #बंगाल_कश्मीर_बन_गया  #नींद_से_जागो_अमित_शाह_जी  #ममता_की_निर्ममता  #ममता_के_गुंडे #बंगाल_में_राष्ट्रपति_शासन_नहीं_तो_वोट_नही  #बंगाल  #बंगाल_में_राष्ट्रपति_शासन_लागू_हो  #बीजेपी_शर्म_करो,HOF,HATE,1
5452,60c5d7495659ea5e55df1572,hi_hasoc_2021_5455,तू अपनी घटिया हरकत नही छोड़ेगा कुत्ता https://t.co/qoGnV5tL51,HOF,OFFN,1
4341,60c5d7495659ea5e55df0645,hi_hasoc_2021_4342,@ANI चुप कर हत्यारिन  #Bengalisburning  #ShameOnKhooniMamta #ShameOnMamata  #Shamemamatabannerjee #BengalBurning,HOF,OFFN,1
3673,60c5d7495659ea5e55df1b98,hi_hasoc_2021_3673,@Anushkagurjar0 नाजायज औलाद तो तुम हमारी हो । बराबरी नही कर सकते तो बदनाम करना शुरू करदिया । लो देखो भैंस चोरो अपनी औकात https://t.co/fgFFR2u8DJ,HOF,OFFN,1
4359,60c5d7495659ea5e55df069d,hi_hasoc_2021_4360,@VikramS42456303 तेरी माँ की चू$ भैंसचोर हमारे पूर्वजों की नाजायज औलाद,HOF,PRFN,1
159,60c5d7495659ea5e55df0681,hi_hasoc_2021_159,@INCIndia दलाल कांग्रेस.. 🖕🖕 https://t.co/6N99IUgdTp,HOF,HATE,1
1610,60c5d7495659ea5e55df1041,hi_hasoc_2021_1610,कोंग्रेसी फूहड़ होते है कोई अच्छा आदमी तर्क के साथ बात कैसे करेगा https://t.co/MNlffwHRtk,HOF,HATE,1
61,60c5d7495659ea5e55df0513,hi_hasoc_2021_61,"जिहादिदी, बगदीदी, हिटलरदीदी!!! #CruelMamata #BengalBurning https://t.co/3qwHSnnpBR",HOF,OFFN,1
5745,60c5d7495659ea5e55df1d0c,hi_hasoc_2021_5748,शहाबुद्दीन साहब आज़म खान जी के जूतों के नोख के बराबर भी नहीं है ओवैसी #JusticeForShahabuddin,HOF,HATE,1
4973,60c5d7495659ea5e55df0d77,hi_hasoc_2021_4976,वैश्या का बच्चा वह नहीं जिसकी मां बाजार में इज्जत बेचती है वैश्या का बच्चा वो है जो हिंदू होकर हिंदू धर्म का मजाक उड़ाता है😏  #PMModi,HOF,OFFN,1
5405,60c5d7495659ea5e55df1423,hi_hasoc_2021_5408,@puneetsinghlive तू पत्रकार है के कांग्रेस का दलाल। केवल पप्पू की चमचागिरी कर रहा है।,HOF,OFFN,1
4600,60c5d7495659ea5e55df0ca3,hi_hasoc_2021_4601,"मरहूम #ShahabuddinSaheb को सुपुर्द-ए-खाक़ कर दिया गया और Tejashwi Yadav पिछले घंटे लिखा है कि वह शहाबुद्दीन शहाब की मय्यत को सिवान ले जाने का प्रयास कर रहा है😡 ये ""गिद्ध"" लाश पर भी राजनीति कर रहा है… #ShahabuddinSaheb   #JusticeForShahabuddin https://t.co/kJOrMt4o1n",HOF,OFFN,1
4599,60c5d7495659ea5e55df0c8e,hi_hasoc_2021_4600,@Ritutyagi30 @GopalSa22721269 साले हरामी पिल्ले सरकारी खाना खाते है ओर वोट काग्रेस को देते है,HOF,PRFN,1
3986,60c5d7495659ea5e55df1b1a,hi_hasoc_2021_3986,"ये बंगाल की CM ममता बनर्जी नही है,ये Terror की आका डायन है👹जो बंगाल मे TMC पार्टी के आतंकवादी जिहादीयोंसे बलात्कार,खुन,खराबा बंमबारी कराती है  #TMCTerror #TMCGoons #BengalBurning #BengalViolence #MamtaisTerrorist #ArrestMamta #ShameOnDiaonMamta #ShameOnTerroristMamtaBanerjee https://t.co/qTI0TqcIUK",HOF,OFFN,1
5591,60c5d7495659ea5e55df176e,hi_hasoc_2021_5594,"@Krishna64524734 @DKSinghSom ये कुत्ता है कौन कब से भौंके जा रहा है शर्म नहीं आती ठाकुर, सिंह और साहब एड करते हो अपने नाम में और रघुवंशी का मतलब समझते हो? अपने पापा को क्यों जगजाहिर करना चाह रहे हो तुम सामने होते तो अब तक तुम्हारी चटनी बन गई होती, और जुबान संभाल के बात किया करो",HOF,OFFN,1
5596,60c5d7495659ea5e55df1742,hi_hasoc_2021_5599,"#ModiKaVaccineJumla माओवादी और लिब्रांडुओ का चलाया गया हैशटैग है । जिनका  सपना भारत को तोड़ना हैं , दुनिया मै लोकतंत्र नहीं तानाशाही लाना हैं ,  किमजोंग उन , शी जिनपिंग इन लिब्रांडु और माओवादियों  आतंकवाद  के  आदर्श हैं । पर  ,यहीं लिब्रांडू सबसे पहले वैक्सीन लगाएंगे ।",HOF,HATE,1
5681,60c5d7495659ea5e55df16cc,hi_hasoc_2021_5684,"ये कैसा उन्माद?'  सदियों में न हुआ होगा यह ऐसा कृत्य घृणित है, टैगौर विवेकानंद सुभाष की भूमि आज हुई लज्जित है |  #BengalBurning #BengalViolence https://t.co/bFn1eQkoKX",HOF,HATE,1
3257,60c5d7495659ea5e55df17aa,hi_hasoc_2021_3257,Incompetent &amp; Failed Prime Minister.  #ExitModi #ResignModi #COVID19 #ElectionResults #Resign_PM_Modi #ModiResign #नरेंद्र_मोदी_ग्लोबल_पप्पू #COVIDSecondWaveInIndia https://t.co/yilSlSxO9p,HOF,OFFN,1
5520,60c5d7495659ea5e55df154c,hi_hasoc_2021_5523,"कनाडा में एक मुस्लिम परिवार के 4 फ़र्द को रौंदकर क़त्ल करने वाला आतंकवादी यहूदी है। यक़ीन जानिये अगर ये क़त्ल करने वाला मुस्लिम होता और मक़तूल फ़ैमिली ग़ैर-मुस्लिम होती तो दुनिया की इस्लामोफोबिक मीडिया अबतक ""इस्लामिक आतंकवाद"" का रंडी-रोना रो रही होती। #IslamophobiaIsTerrorism",HOF,HATE,1
1662,60c5d7495659ea5e55df0ef6,hi_hasoc_2021_1662,सिकंदर जैसे वीर को परास्त करने वाला हिन्दू.. नपुंसकता का कौनसा घूँट पी गया.. कभी कश्मीर तो कभी बंगाल में कायरों से पिट गया ?? उठो प्रतिकार करो!! #BengalBurning #BengalViolence,HOF,HATE,1
5742,60c5d7495659ea5e55df1c85,hi_hasoc_2021_5745,"To इस्तीफा गेंग, तुम्हें कोई भीख न दे, माँ बहन की गाली न दे, तुम्हें इस्तीफा क्यों दे?  देश के लोगो के लिए कुछ करते तो हो नहीं, खली ट्विटर पर आ कर इस्तीफा मांग रहे हो, एक काम करिए आप इस्तीफा दे दीजिए, देश आपका उपकार कभी नई भूलेगा।  #ModiResign #ModiKaVaccineJumla, #ResignPMmodi",HOF,HATE,1
4216,60c5d7495659ea5e55df1baf,hi_hasoc_2021_4216,"जो मुसलमानों के मसीहा बने बैठे थे, एक एक करके सारे दोगले चेहरे उजागर हो रहे है, फिर चाहे वो केजरीवाल, अखिलेश या तेजस्वी यादव हो!!!💁‍♂️ #JusticeForShahabuddin #BoycottRJD  @TSP4India @TSP_Lucknow",HOF,PRFN,1
2198,60c5d7495659ea5e55df10e8,hi_hasoc_2021_2198,@SampritiMishra @vinayksingh1164 सब दबे हुए कमीने है ये कुछ नही कर पाएंगे,HOF,OFFN,1
4617,60c5d7495659ea5e55df0c90,hi_hasoc_2021_4618,@naveenjindalbjp @thakurbjpdelhi कांग्रेस ने गैंगस्टर सोहराबुदीन की पुलिस मुठभेड़ में मृत्यु के बाद गुजरात के गृह मंत्री अमित शाह एक DIG व आधा दर्जन IPS अधिकारियों को जेल में डाल दिया था पिछले 7 वर्ष से अपने लगभग 500कार्यकर्ताओ की हत्या व बलात्कार के बाद भाजपा  धरना देगी #BengalBurning https://t.co/twnvE7PpNb,HOF,HATE,1
4976,60c5d7495659ea5e55df0e1c,hi_hasoc_2021_4979,@rohini_sgh शर्म नहीं आती इन लोगों को इन्होने तो अपनी आत्मा भी बेच डाली है . #IndiaCovidCrisis #indianeedoxygen #BJPDestroysHumanity https://t.co/41xiJHOr1n,HOF,HATE,1
4343,60c5d7495659ea5e55df06e0,hi_hasoc_2021_4344,Ye ha Modi ki ghatiya chaal ar Raajniti #ResignModi  #कृषि_कानून_रद्द_करने_पड़ेंगे https://t.co/lgQFRprsFj,HOF,OFFN,1
5367,60c5d7495659ea5e55df143a,hi_hasoc_2021_5370,@jannat_huda @ShilpiSinghINC @jitendradehade @VineetPunia ताकि गांधी परिवार पंजाब की तरह बच्चों की वैक्सीन बेचकर मुनाफा खोरी ना करे ये सवाल अमेरिदर से किया मूर्ख राहुल गांधी ने,HOF,OFFN,1
4235,60c5d7495659ea5e55df1c90,hi_hasoc_2021_4235,@ashutosh83B कुत्ता है तू,HOF,PRFN,1
5391,60c5d7495659ea5e55df12ce,hi_hasoc_2021_5394,वो बुज़दिल क़ौम है जो जेल में बंद एक शख़्स से डर जाए उसकी शख़्सीयत को सलाम  #JusticeForShahabuddin https://t.co/zplRIXNJvr,HOF,HATE,1
5685,60c5d7495659ea5e55df1729,hi_hasoc_2021_5688,@ThePeevedIndian मोदी जैसा आदमी आजतक नहीं देखा जो लाशों पे वोट मांगने आता है 😓😓 क्या बीत ती होगी उस मां पे जिसकी आखों के सामने उसके बच्चे को मारा जाता होगा। 😓😓 उसके बाद उसकी लाश पे वोट मांगना। छी यार कभी मोदी को वोट नहीं दूंगा कभी नहीं। 💔💔 #BengalBurning #BengalViolence #Bengal,HOF,HATE,1
5714,60c5d7495659ea5e55df16d7,hi_hasoc_2021_5717,"पश्चिम बंगाल में तृणमूल कांग्रेस द्वारा भाजपा कार्यकर्ताओं की कायरतापूर्ण हत्याओं,हमलों और हिंसा के विरोध में आज भारतीय जनता पार्टी जिला खरगोन के सभी मंडलों में कोविड प्रोटोकॉल के तहत धरना प्रदर्शन किया गया। #BengalBurning  @ChawdaJaypal @HitanandSharma @SuhasBhagatBJP https://t.co/DzFBiCmefO",HOF,HATE,1
4169,60c5d7495659ea5e55df1d12,hi_hasoc_2021_4169,@sharmapraveenok @AcharyaPramodk भाई ये जहां है वही रहने दे ये सड़क पे भी लोगो को नही टिकने देंगे ।राह चलते लोगो की जेब ही काट लिया करेंगे ये इते कमीने है।।,HOF,PRFN,1
4489,60c5d7495659ea5e55df0825,hi_hasoc_2021_4490,खुद को शेर का बच्चा कहने वाला एक खिसियानी बिल्ली का नाम तक नहीं ले पा रहा  ..प्यार एकतरफा और जहर भी एकतरफा..ये hypocrisy मास्क के अंदर छुपेगा नहीं @asadowaisi @MamataOfficial  #BengalBurning  @rbjrishabh @AdityaShaluRaj1 @Shrutii_Nayan https://t.co/Gpur1dqjho,HOF,OFFN,1
5729,60c5d7495659ea5e55df1934,hi_hasoc_2021_5732,गधे को घोड़ा बनाने से ज्यादा जताने पर लगे हैं और गधा भी खुद को घोड़ा समझने लगा है 😂😂🤣 https://t.co/UHg7IZu8rc,HOF,OFFN,1
5197,60c5d7495659ea5e55df1114,hi_hasoc_2021_5200,अगर VRS ही देनी है तो पहले उस कुनीति आयोग वाले चुटिये @amitabhk87 को बोल कुर्सी झोड़ने के लिये .. देश बेचने को बहुत बैचैन है ये दलाल .. #VRSforMODI,HOF,PRFN,1
