ID,Text,label,Label
facebook_corpus_msr_1419454,"नीतीश कुमार के काफिले को 'गलत दिशा' में ले जाने के चलते पुलिस अफसर निलंबित
http://t.co/ZLkkK5BHU0",NAG,0
facebook_corpus_msr_1419791,"Retweeted NDTV Videos (@ndtvvideos):

बड़े खतरे से बचा भारत का मंगलयान - http://t.co/MyFvNI9THp",NAG,0
facebook_corpus_msr_1419818,"Retweeted NDTV Videos (@ndtvvideos):

नोएडा के अस्पताल में सफाईकर्मी कर रहे हैं इलाज - http://t.co/J7perWjjZQ",NAG,0
facebook_corpus_msr_1420095,"वेस्ट इंडीज ने बोर्ड के साथ भुगतान विवाद के चलते रद्द किया भारत दौरा
http://t.co/TuYps74ZUS",NAG,0
facebook_corpus_msr_1420114,"वीडियो रिपोर्ट : इंदौर में असिस्टेंट एक्साइज कमिश्नर के घर लोकायुक्त का छापा 
http://t.co/HS8fY8lTBE http://t.co/xzgfcDnzJW",NAG,0
facebook_corpus_msr_1420236,"महाराष्ट्र-हरियाणा में वोटिंग जारी, मुंबई में 10 बजे तक 4 प्रतिशत मतदान",NAG,0
facebook_corpus_msr_1420532,"पाक को मुंहतोड़ जवाब दे दिया गया है, अब हिम्मत नहीं करेगा : नरेंद्र मोदी....http://t.co/LFiPVn11if",NAG,0
facebook_corpus_msr_1420533,भय बिन होई प्रित,NAG,0
facebook_corpus_msr_1420696,"Retweeted NDTV Videos (@ndtvvideos):

पीएम नरेंद्र मोदी पर बयान आक्रामक नहीं : आदित्य ठाकरे - http://t.co/WJE4psVnyt",NAG,0
facebook_corpus_msr_1420881,"Retweeted NDTV Videos (@ndtvvideos):

हमलोग : गंगा सफाई सरकार का ही जिम्मा? - http://t.co/pLT7TqeNGL",NAG,0
facebook_corpus_msr_1420884,"स्वच्छ भारत मुहीम से जुड़े सचिन तेंदुलकर, बनाई टीम, की सफाई ..
http://t.co/EvIHDalDxP",NAG,0
facebook_corpus_msr_1420889,लापता बच्ची : बस्सी ने 50 हजार रुपये नकद इनाम की घोषणा की... http://t.co/fub56lM3HE,NAG,0
facebook_corpus_msr_1421020,पटना में रावण दहन के बाद गांधी मैदान के पास मची भगदड़ में कम से कम 25 की मौत। देखें लाइव... http://t.co/4omCrGNZph,NAG,0
facebook_corpus_msr_1421399,अमेरिका में 17 कंपनियों के सीईओ से आज मुलाकात करेंगे पीएम नरेंद्र मोदी...http://t.co/dlb8cK53TU,NAG,0
facebook_corpus_msr_1421603,देखें लाइव - हमारा भविष्य हमारे पड़ोस से जुड़ा हुआ है : प्रधानमंत्री नरेंद्र मोदी - http://t.co/eLmK8LCk04 #ModiAtUN,NAG,0
facebook_corpus_msr_1421725,पृथ्वीराज चव्हाण ने महाराष्ट्र के मुख्यमंत्री पद से इस्तीफा दिया।,NAG,0
facebook_corpus_msr_1421803,"देखें लाइव कवरेज : बीजेपी-शिवसेना का 25 साल पुराना गठबंधन खत्म
http://t.co/4omCrGNZph http://t.co/l4PTvOhU4i",NAG,0
facebook_corpus_msr_1422224,"एनसीपी नेता प्रफुल्ल पटेल ने कहा, हम कांग्रेस के साथ रहना चाहते हैं, लेकिन हालात बेहद नाजुक हैं, कांग्रेस जल्द फैसला करे",NAG,0
facebook_corpus_msr_1422225,.....और जाना कहाँ?,NAG,0
facebook_corpus_msr_1422515,देखें लाइव - स्वावलंबन कार्यक्रम में प्रधानमंत्री नरेंद्र मोदी के भाषण का हिन्दी अनुवाद - http://t.co/eLmK8LCk04,NAG,0
facebook_corpus_msr_1422517,देखें लाइव - यह धरती महात्मा गांधी की है : स्वावलंबन कार्यक्रम में प्रधानमंत्री नरेंद्र मोदी - http://t.co/eLmK8LCk04,NAG,0
facebook_corpus_msr_1423125,"उमर ने कहा, हमने मुनादी करवाई थी, लेकिन लोग घर छोड़ने को तैयार नहीं हुए",NAG,0
facebook_corpus_msr_1423664,समस्याओं का हल देने के बजाए प्रधानमंत्री नरेंद्र मोदी जापान में ड्रम बजा रहे हैं : राहुल गांधी ....http://t.co/zVvsAyfteE,NAG,0
facebook_corpus_msr_1423667,Cartoon network on kro  bhai..,NAG,0
facebook_corpus_msr_1423705,"कल्याण सिंह ने कहा, जय श्रीराम के नारे लगाने में क्या खराबी है",NAG,0
facebook_corpus_msr_1423708,जय श्री राम के नारे मे कोइ बुराई कैसे हो सकती  है. भगवान की जय  तो हम करते ही है और  करनी चाहिये भी लेकिन हर  काम का एक समय  और स्थान  होता है. जिस समय और जहाँ  ये बोला गया उस समय मेरे विचार से  आवशयक नही  था.,NAG,0
facebook_corpus_msr_1424232,"ई−रिक्शा पर पेंच बरकरार, अगली सुनवाई शुक्रवार को http://t.co/QCejxWZjBJ",NAG,0
facebook_corpus_msr_1424571,बिहार उपचुनाव : भागलपुर सीट पर कांग्रेस जीती,NAG,0
facebook_corpus_msr_1425122,hasya chahiye to kisi hasya kavi sammelan me jaao bhaiaapne modi ko kya stand-up comedian samajh rakha hai,NAG,0
facebook_corpus_msr_1425154,फ्लैशबैक 1991: मनमोहन सिंह को कैसे मिली थी वित्तमंत्री बनाए जाने की खबर... जानने के लिए पढ़ें http://khabar.ndtv.com/news/india/how-manmohan-singh-learnt-that-he-was-the-new-finance-minister-646896,NAG,0
facebook_corpus_msr_1425189,मृतक नाइजीरियाई महिला में दिखे इबोला के लक्षण...http://t.co/uzUqhlv8ck,NAG,0
facebook_corpus_msr_1425289,"उत्तराखंड में भारी बारिश ने मचाई तबाही, बाढ़, भूस्खलन में 27 की मौत
http://t.co/nw82Kd8XiP http://t.co/LMbpS8ItzG",NAG,0
facebook_corpus_msr_1425579,"इंडिया 7 बजे : सांप्रदायिक हिंसा पर लोकसभा में हुई चर्चा... देखें खास शो...
http://khabar.ndtv.com/video/show/india-7-baje/7-334037?KhabarFB=007",NAG,0
facebook_corpus_msr_1425847,आज रात 7:30 बजे @NaghmaNDTV के साथ देखिये International Agenda :  ख़तरे में हैं इराक़ और चीन के अल्पसंख्यक,NAG,0
facebook_corpus_msr_1426174,"बिहार : नीतीश को सीएम बनाए जानने से जुड़ी मांझी की बात पर राजद और कांग्रेस सहमत नहीं पढ़ें, खबर.....
http://khabar.ndtv.com/news/india/jitan-ram-manjhis-remark-on-nitish-kumar-as-cm-sparks-political-debate-619367",NAG,0
facebook_corpus_msr_1426345,दिल्ली में जनादेश बेकार न जाए कोशिश जारी है : केंद्र,NAG,0
facebook_corpus_msr_1426350,"पाकिस्तानी सेना ने भारतीय चौकियों पर फायरिंग की, भारतीय सेना ने भी दिया जवाब",NAG,0
facebook_corpus_msr_1426426,इंटरनेशनल एजेंडा आज रात 7.30 बजे नग़मा सहर के साथ एनडीटीवी इंडिया पर http://t.co/YH7IwbYg36,NAG,0
facebook_corpus_msr_1426585,"जम्मू-कश्मीर में मुठभेड़ में दो आतंकवादी ढेर
http://t.co/BfSRYCMMDq",NAG,0
facebook_corpus_msr_1426990,"मुरादाबाद के कांठ में तनाव बरकरार, पूरे इलाके में धारा-144 लागू
http://t.co/xj1td5NnRP",NAG,0
facebook_corpus_msr_1427338,सुब्रत राय सहारा की जमानत अर्जी सुप्रीम कोर्ट में खारिज #SubrataRoy #Sahara,NAG,0
facebook_corpus_msr_1427756,Uniform sivil kode lane se  rastra ke sabhi varg ko ise  fyda mileaga,NAG,0
facebook_corpus_msr_1428083,Agrawal sb ki baton me tark hai Ravish G.,NAG,0
facebook_corpus_msr_1428162,"आम बजट पर प्रधानमंत्री नरेंद्र मोदी की प्रतिक्रिया, उम्मीद को भरोसे में बदलने वाला है यह बजट",NAG,0
facebook_corpus_msr_1428163,मीट एक्सपोर्ट पर सब्सिडी क्यू नहीं खत्म की गयी और टैक्स क्यू नहीं लगाया गया मीट एक्सपोर्ट पर साथ ही मीट ट्रांसपोर्ट पर भी सब्सिडी चालू है इसको क्यू नहीं बंद किया गया इसका जवाब चाहिए चाहे हमे कुछ बाद में मिले सुविधाए पर पहले मीट पर बैन लगाना चाहिए.,NAG,0
facebook_corpus_msr_1428271,देखें लाइव : देश में पांच नए आईआईटी खुलेंगे : अरुण जेटली - http://t.co/eLmK8LUtec,NAG,0
facebook_corpus_msr_1428513,"अमित शाह हो सकते हैं बीजेपी के नए अध्यक्ष, बुधवार को हो सकता है ऐलान : सूत्र",NAG,0
facebook_corpus_msr_1428515,Ye to confirm he hai ....Power Gujarat me hi rahgi..,NAG,0
facebook_corpus_msr_1429031,"कप्तान महेंद्र सिंह धोनी के आग्रह पर भारतीय बल्लेबाजों से बात करेंगे राहुल द्रविड़
http://t.co/b4gy9H0dMW",NAG,0
facebook_corpus_msr_1429034,"मोदी सरकार से इतनी जल्दी चमत्कार की उम्मीद नहीं करें : मनोहर पार्रिकर
http://t.co/2XiRBRzjZL",NAG,0
facebook_corpus_msr_1429159,"यूपी के वीआईपी जिलों में भी बिजली कटौती शुरू
http://t.co/L0i5jbfycv",NAG,0
facebook_corpus_msr_1429435,Lo ache din aaygay,NAG,0
facebook_corpus_msr_1429635,"भारत बलात्कार के मुद्दे पर 'कर्तव्य में लापरवाह' : यूएन निगरानी संस्था
http://t.co/rVmg1hqoO2",NAG,0
facebook_corpus_msr_1429731,"गोवा में विधायकों के विदेश दौरा विवाद के बाद कर्नाटक के विधायक करेंगे विदेशी दौरा...खबर पढ़ें...
http://khabar.ndtv.com/news/india/after-goa-mlas-foreing-trip-row-now-mlas-from-karnataka-planning-for-visit-532199?KhabarFB=007",NAG,0
facebook_corpus_msr_1430134,जेडीयू ने मांग की कि लोकसभा में विपक्ष का नेता कांग्रेस से होना चाहिए,NAG,0
facebook_corpus_msr_1430260,"दिल्ली के कई इलाकों में बूंदाबांदी, तपती गर्मी से फौरी राहत",NAG,0
facebook_corpus_msr_1430268,पढ़ें : फीफा वर्ल्डकप को गूगल के डूडल का सलाम - http://t.co/P9ZVKa27qU http://t.co/IjJvLacVPi,NAG,0
facebook_corpus_msr_1430337,"देखें लाइव : आरोप बुरे होते हैं, आलोचना बुरी नहीं होती : नरेंद्र मोदी - http://t.co/eLmK8LUtec",NAG,0
facebook_corpus_msr_1430748,"जम्मू-कश्मीर के शोपियां में कुछ बंदूकधारियों ने पुलिस के गश्ती दल पर फायरिंग की, तीन पुलिसवाले घायल",NAG,0
facebook_corpus_msr_1431088,apna kam jo nikalwana hai,NAG,0
facebook_corpus_msr_1431114,देखें वीडियो - लखनऊ : प्रदर्शनरत शिक्षकों पर पुलिस ने किया लाठीचार्ज - http://t.co/k8zn3mBXUw,NAG,0
facebook_corpus_msr_1431481,योजनाओं के नाम से ज़्यादा ज़रूरी है काम की क्वालिटी : नरेंद्र मोदी,NAG,0
facebook_corpus_msr_1431576,अफगानिस्तान ने बराक ओबामा के फैसले का स्वागत किया...खबर पढ़ें...http://t.co/aJO3xeLsFn,NAG,0
facebook_corpus_msr_1431859,"अरुण जेटली को वित्त व रक्षा मंत्रालय, राजनाथ को गृहमंत्रालय और सुषमा बनीं विदेश मंत्री",NAG,0
facebook_corpus_msr_1431934,राजनाथ सिंह ने ली मंत्री पद की शपथ...देखें लाइव http://t.co/SD5UZD5Tl3,NAG,0
facebook_corpus_msr_1432158,"नवाज शरीफ, नरेंद्र मोदी के शपथग्रहण समारोह में शामिल होने के लिए भारत आएंगे",NAG,0
facebook_corpus_msr_1432191,आज रात 10 बजे नेशनल रिपोर्टर: शरीफ के आने पर सस्पेंस क्यों…? #NawazSharif #NarendraModi,NAG,0
facebook_corpus_msr_1432372,"कोई भी देश एशिया का दादा न बने : चीनी राष्ट्रपति शी जिनपिंग...खबर पढ़ने के लिए लिंक पर क्लिक करें...
http://khabar.ndtv.com/news/world/no-country-should-dominate-asia-chinese-president-xi-jinping-389038?KhabarFB=007",NAG,0
facebook_corpus_msr_1432373,Ham dada hai or dada rahege,NAG,0
facebook_corpus_msr_1432374,भारत दादा रहा और दादा रहेगा,NAG,0
facebook_corpus_msr_1432375,Ham baap hain tumhare dada nhee,NAG,0
facebook_corpus_msr_1432378,sabhi indians ko apne dharm se upar uthkar only 2 child policy apnani padegi desh ko number one banane ke liye,NAG,0
facebook_corpus_msr_1432385,"नितिन गडकरी की मानहानि के मामले में अरविंद केजरीवाल ने किया जमानत लेने से इनकार, जेल भेजे गए",NAG,0
facebook_corpus_msr_1432426,सुप्रीम कोर्ट ने 2002 में अमेरिकी सेंटर पर हुए हमले के मामले में दोषी साबित दो लोगों की मौत की सजा उम्रकैद में तब्दील की।,NAG,0
facebook_corpus_msr_1432848,हम मानते हैं जनता का फैसला स्पष्ट रूप से हमारे खिलाफ है : सोनिया गांधी,NAG,0
facebook_corpus_msr_1432850,Nai. Hje ruk jao hor dekh lo,NAG,0
facebook_corpus_msr_1432952,विदिशा से बीजेपी की सुषमा स्वराज आगे,NAG,0
facebook_corpus_msr_1433650,चुनाव आयोग ने साफ किया कि एक्जिट पोल पर प्रतिबंध 12 मई तक ही रहेगा। इससे पहले चुनाव आयुक्त ने कहा था कि यह प्रतिबंध 16 मई तक रहेगा।,NAG,0
facebook_corpus_msr_1433916,श्रीनगर के बारामूला में मतदान के दौरान एक पोलिंग बूथ पर ग्रेनेड अटैक हुआ है। इसमें सीआरपीएफ का एक जवान जख्मी हो गया है।,NAG,0
facebook_corpus_msr_1435294,एनडीटीवी इंडिया पर #NarendraModi #Loksabha2014 #Loksabha2014 #LokSabhaPolls #Elections2014 http://t.co/VB7lc4olmb,NAG,0
facebook_corpus_msr_1435817,Jo tum samjho,NAG,0
facebook_corpus_msr_1436316,"अरविंद केजरीवाल बोले, लगा था कि इस्तीफा देने पर जनता तारीफ करेगी...खबर पढ़ने के लिए लिंक पर क्लिक करें...
http://khabar.ndtv.com/news/election/thought-public-would-praise-us-for-quitting-arvind-kejriwal-to-ndtv-385711?KhabarFB=007",NAG,0
facebook_corpus_msr_1436317,"मगर जनता थप्पड़ , अंडे ......",NAG,0
facebook_corpus_msr_1436320,"त्यागपत्र नही देना था , अधिकार हातमे हो तो और बहूत अच्छे काम कराके दिखाते थे",NAG,0
facebook_corpus_msr_1436323,modi ji ko sahyog karo deshit main.,NAG,0
facebook_corpus_msr_1436607,"उत्तर प्रदेश का वोट फोरकास्ट : BJP 38% (+21), SP 22% (-1) BSP 20% (-7) Cong 10 (-12)",NAG,0
facebook_corpus_msr_1437271,Esse bhadkar bhaichara aur kya ho sakta h,NAG,0
facebook_corpus_msr_1437559,"यूपी का वोट फोरकास्ट : BJP को 38% (+21) वोट मिलने का अनुमान, SP 21% (-2), BSP 17% (-10), Cong+ 14% (-8)http://t.co/SD5UZD5Tl3",NAG,0
facebook_corpus_msr_1437560,Kitne seats milengi??,NAG,0
facebook_corpus_msr_1438037,युवराज सिंह को इस पारी की जरूरत थी : महेंद्र सिंह धोनी.....पढ़ें....http://t.co/JFZV802xvg,NAG,0
facebook_corpus_msr_1438505,Jet jaigi Ajit sigh,NAG,0
facebook_corpus_msr_1438614,Y to 4 the 400 abhi or hai,NAG,0
facebook_corpus_msr_1438784,"काबुल के होटल में हमला, चार विदेशियों समेत नौ मरे.... पढ़ें...http://t.co/EUegQGPC0M",NAG,0
facebook_corpus_msr_1438911,गुस्ताखी माफ : मोदी के द्वार पर केजरीवाल... http://t.co/x8xkfus038,NAG,0
facebook_corpus_msr_1439821,नरेन्द्र मोदी जैसा हो,NAG,0
facebook_corpus_msr_1439822,Har Har Modi Ghar Ghar Modi Jaisa Ho,NAG,0
facebook_corpus_msr_1439825,Narendra modi jaisa ho,NAG,0
facebook_corpus_msr_1439826,Jo sabhi dharmo ke manne walon ko ek sath lekar chale Aur  taraqqi ki rah pakde.,NAG,0
facebook_corpus_msr_1439827,Ak Jaisa ho..,NAG,0
facebook_corpus_msr_1442109,"सही किया, पद लोभियों के लिए आम आदमी पार्टी में कोई जगह नहीं।",NAG,0
facebook_corpus_msr_1442169,"वन्दे मातरम्।
 सुजलां सुफलां मलय़जशीतलाम्,
 शस्यश्यामलां मातरम्। वन्दे मातरम् ।।१।।
 शुभ्रज्योत्स्ना पुलकितयामिनीम्,
 फुल्लकुसुमित द्रुमदलशोभिनीम्,
 सुहासिनीं सुमधुरभाषिणीम्,
 सुखदां वरदां मातरम् । वन्दे मातरम् ।।२।।
 कोटि-कोटि कण्ठ कल-कल निनाद कराले,
 कोटि-कोटि भुजैर्धृत खरकरवाले,
 के बॉले माँ तुमि अबले,
 बहुबलधारिणीं नमामि तारिणीम्,
 रिपुदलवारिणीं मातरम्। वन्दे मातरम् ।।३।।
 तुमि विद्या तुमि धर्म,
 तुमि हृदि तुमि मर्म,
 त्वं हि प्राणाः शरीरे,
 बाहुते तुमि माँ शक्ति,
 हृदय़े तुमि माँ भक्ति,
 तोमारेई प्रतिमा गड़ि मन्दिरे-मन्दिरे। वन्दे मातरम् ।।४।।
 त्वं हि दुर्गा दशप्रहरणधारिणी,
 कमला कमलदलविहारिणी,
 वाणी विद्यादायिनी, नमामि त्वाम्,
 नमामि कमलां अमलां अतुलाम्,
 सुजलां सुफलां मातरम्। वन्दे मातरम् ।।५।।
 श्यामलां सरलां सुस्मितां भूषिताम्,
 धरणीं भरणीं मातरम्। वन्दे मातरम् ।।६।।",NAG,0
facebook_corpus_msr_1442318,Agar Congress aur samarthak dalon ke 272 saansad aayenge tab veh aap ko hi jaroor chunenge.,NAG,0
facebook_corpus_msr_1446385,Jai hind,NAG,0
facebook_corpus_msr_1446998,maine,NAG,0
facebook_corpus_msr_1450808,Aj kya Mr. Rahul Gandhi ko yaad nahi aati us Ganon ki janha wo Tasla udha kar sukhi roti kha kar raat bitayi thi. Hum sab bhul gaye hai ki is desh me Dr. Rajinder Prasad or Lak Bahadur Shashtri jaise log bhi the.Me kisi party vishesh ke bare me nahi keh raha par hame khud kuch karna hoga nahi to Dolar se mehnga Petrol or Pyaj Kharidna hamahi Majburi ban jayegi or hum siwaye face book par dekhne or likhne ke siwa kuch nahi kar payenge.,NAG,0
facebook_corpus_msr_1453606,"Agar kisi par koi sangeen aarop lagata hai to kya bina jurm sabit huye use goli mar dena chahiye. Mr. Vivek agar aisa hota to koi b kisi par kuchh b araop laga deta aur usee goli mar deta. Very funny vivek thought... kisi ke sath koi na-insafi nahi ho isi liye to court of kanoon banaya gaya hai. Agar Mr. Asharam par jurm sabit ho jati hai to unko jaroor saza milegi, agar court aur sarkar saza nahi de paye to janta inhe jarur saza dengi...",NAG,0
facebook_corpus_msr_1454358,jai hind........,NAG,0
facebook_corpus_msr_1456150,agar vo atankavaadi thi to usaka sahi hasr hua................,NAG,0
facebook_corpus_msr_1456309,Congress ki den hai ye,NAG,0
facebook_corpus_msr_1457530,"फोटो गैलरी : विद्या बालन भी पहुंचीं कान्स फिल्म फेस्टिवल में, जूरी में शामिल होकर...

देखें : http://khabar.ndtv.com/photos/show/vidya-balan-makes-grand-entry-at-cannes-15188?KhabarFB=007",NAG,0
facebook_corpus_msr_1457890,WO TO CHINA INDIA KA KABADDI KA MATCH HONY WALA HAI  TEAM AAYE HAI,NAG,0
facebook_corpus_msr_1459770,bilkul sahi kaha b j p ne,NAG,0
facebook_corpus_msr_1460069,faisle ke 11 saal ke baad fansi hua. Kya yeh enogh nahi tha..,NAG,0
facebook_corpus_msr_1464695,suchi h to kr do apne aap ko  surrender court tujhe riha kr degi...............,NAG,0
facebook_corpus_msr_1465009,Taki party ko ......Don........san......meely rahy......,NAG,0
facebook_corpus_msr_1466510,sahi kaha aapne,NAG,0
facebook_corpus_msr_1467344,sare jahan se acha hindusta hamara,NAG,0
facebook_corpus_msr_1468760,rajesh ji ni rhe ab.......?,NAG,0
facebook_corpus_msr_1471369,आपके टीम को भी तो निशाना बनाया जा रहा है,NAG,0
facebook_corpus_msr_1471613,ye lo mahan INdia,NAG,0
facebook_corpus_msr_1471779,Chaliye negi ji hmne bi bdi shiddat se lke kr liya.khuda khair kre ??,NAG,0
facebook_corpus_msr_1473369,वर्दी वाले गुंडे?????,NAG,0
facebook_corpus_msr_1473401,मैडम कुछ केन्द्र सरकार के बारे में भी.....,NAG,0
facebook_corpus_msr_1473843,तेल कंपनियों की ओर से यह नया साल मुबारक कहने का एक तरीका है।,NAG,0
facebook_corpus_msr_1476308,"राजीव गांधी की पुण्यतिथि पर कांग्रेस का यह विज्ञापन किसी ने देखकर भी नहीं देखा होगा। वैसे इन दिनों कांग्रेस की तरफ न देखने का चलन हो गया है। लेकिन इसकी पंक्तियों को देखकर लगा कि कांग्रेस के भीतर कोई है जो पार्टी को जानता और जीता है। एक्सप्रेस में छपे इस संदेश का हिन्दी अनुवाद इस तरह से किया जा सकता है- लोकतांत्रिक तरीके से राष्ट्र निर्माण के लिए अथाह धीरज, प्रयास और समाधान की भावना की ज़रूरत होती है। conciliation का एक मतलब मध्यस्थता भी है लेकिन मैंने समाधान चुना है। संवाद और संचार के मामले में पिट रही कांग्रेस की तरफ से यह सबसे सटीक और शानदार संदेश था। देर तक सोचता रहा कि इस विज्ञापन पर किसने मुहर लगाई होगी। कौन खोज कर लाया होगा। क्या यह संदेश कांग्रेस का इरादा है या यूं ही किसी ने चुन लिया होगा। यह संदेश एक ख़ास रणनीति के तहत ही जनता के बीच भेजा गया होगा।

असम जीत के संदर्भ में मैंने दो लेख लिखे। एक भारतीय जनता पार्टी के परिश्रम के जज़्बे को रेखांकित करते हुए और दूसरा लेख इस पर था कि भारतीय जनता पार्टी की जीत के पीछे संघ के प्रचारकों की साधना और सादगी का लाभ कैसे बीजेपी उठाती रही है और संघ अपने पसीने से बीजेपी को सींचता रहा है। अख़बारों में इन चुनावों के संदर्भ में कई विश्लेषणों को पढ़ा। सारे विश्लेषण जीत के आधार पर ही होते हैं। किस तरह जीता गया अब यह सवाल गौण हो गया है। वर्ना कोई इस बात की समीक्षा करता कि नेताजी सुभाष चंद्र बोस की विरासत का राष्ट्रवाद के नाम पर भगवाकरण कर बंगाल में बीजेपी को क्या मिला। तमाम फाइलों के पन्ने सार्वजनिक किये गए, किसी को पता चला कि नेताजी की मौत कैसे हुई थी। सरकार ने बताने का जिम्मा जनता और टीवी एंकरों के सर डाल दिया। टीवी एंकर भी कुछ दिनों तक खूब नेताजी की स्टोरी करते रहे लेकिन बाद में वे अकबर और महाराणा प्रताप में बिजी हो गए।

http://naisadak.org/cong-mukt-bhrat/",NAG,0
facebook_corpus_msr_1476309,"समस्या चिंता जनक तो हो ही गया है, सोनिया  + राहुल दोनों नाकामयब होगये हैं",NAG,0
facebook_corpus_msr_1476311,Congress ummeed abhi zinda hai saans abhi baaki hai larho insaaniyat ko bachane ke liye is azimusshan mulk me imaan abhi baaki hai aaj unka hai kal hamaara hoga insaha Allah,NAG,0
facebook_corpus_msr_1476312,"आपणे एक बात सही कही है, पार्टीया चूनाव नही जितती लोग करवट बदलते है. इनसे उब जाएगे तो दुबारा कॉग्रेस लाएगे. १९९५ से २००४ तक क्या हाल थी",NAG,0
facebook_corpus_msr_1476314,"किसी भी देश की शासन व्यवस्था में एक सामाजिक सोच तो होती ही हे, कोई भी पार्टी 60 वर्षो तक जनता को झांसे नही दे सकती।जनता को कुछ सम्भावनाये दिखी तो उसने कांग्रेस को कई बार सत्ता रखा।निश्चित रूप से जनता ने विकास के पैमाने पर ब्रष्टाचार को भी एक निहित पैमाना मान ही लिया हे, कई बड़े घोटालो के बाद कांगेस सत्ता में लोटी हे।ये कोई जनता को एक तरफ कर के देखने का मामला नही हे।निकट भविष्य में जनता पुनः कांग्रेस में विश्वास दिखा सकती हे,क्योंकि दाग तो उन पार्टिया पर भी थे जिन्होंने चुनाव लड़े और जनता की मदद से जीत भी गए।",NAG,0
facebook_corpus_msr_1476319,समाज पूरा नफे नुकसान की चिंता करता है। एक दिन में न भारत बना है नहीं एक दिन में बन कर खड़ा हो जायेगा। बस हम पाँच साल इस जिम्मेदारी को अलग अलग पार्टी को सौंप देते हैं।,NAG,0
facebook_corpus_msr_1476558,"लोकतंत्र को ज़िंदा रखने के लिए जरुरी है नागरिकों का लड़ना और धरना

आप सबको मेरी एक राय है। आप सबको बंगलौर की महिलाओं सीखना चाहिए। उन आँगनबाड़ी की महिलाओं से सीखना चाहिए जो 3000 रुपये कमाने के बावजूद , पांच – पांच सौ रुपये जमा करके अपने हक़ की लड़ाई लड़ने के लिए 40 साल से दिल्ली आकर प्रदर्शन करती हैं। इतना भी आलसी मत हो जाइये की सब कुछ मुझ पर या मेरे जैसे टी वी वाले पर ही छोड़ दिया जाए।

लोकतंत्र में नागरिक होना, और अपने अधिकार के लिए लड़ना और उसे हासिल करना मजाक नहीं है। प्रतिदिन आई आई टी की प्रवेश परीक्षा से भी ज्यादा मेहनत करना पड़ता हैं। अपने अधिकारों के लिए संघर्ष करिये। मीडिया मिले न मिले, आप ईमादारी से संघर्षरत रहेंगे तो एक दिन अपना मुकाम पा लेंगे । उन बैंगलोर की महिलाओं ने अपने संघर्ष से हासिल तो कर लिया। उनको तो किसी टी वी चैनल ने स्टूडियो में नहीं बुलाया। कोई मीडिया नहीं मिला।

और कुछ नहीं तो कभी कभी इन आंदलनों में जाकर अभ्यास करिये संघर्ष का। जेल भड़ो  आंदलनों में जाइये, जेल भी जाइये ताकि आपकी हिचक टूटे और आप खुद के अलावा लोकतंत्र को भी समृद्ध करने के बारे में भी सोंच सके।

http://naisadak.org/jaruri-hai-dharna-aur-ladna/",NAG,0
facebook_corpus_msr_1476559,waah,NAG,0
facebook_corpus_msr_1476561,"सही बात है , बंद कमरों से राजनीति नही हो सकती इसके लिए सड़क में उतरना ही अंतिम उपाय है।",NAG,0
facebook_corpus_msr_1476568,देश ने सच का आईना दिखाने वाला सही पत्रकार पाया है आप लिखते रहिऐ कलम की सियाही हम है!,NAG,0
facebook_corpus_msr_1477091,"आपके भीतर जो डर बैठा है

मंगलवार को पत्रकारों के मार्च से लौट कर कब सो गया पता नहीं चला । कई टाइम ज़ोन पार कर आया था इसलिए कई मुल्कों की रातों की नींद जमा हो गई थी । इसी को जेटलैग कहते हैं । अचानक नीचे से हुंकार भरी आवाजें आने लगी । इन आवाज़ों को सुनकर लगा कि मैं किसी दूसरे मुल्क में हूँ । किसी और टाइम ज़ोन में हूँ । शाम के वक्त आसमान से टपकती बूँदों से धरती जितनी तर हो रही थी उससे ज़्यादा मैं इन नारों की आक्रामकता से सूखने लगा । घर में घुसकर मारने के नारे लगाये जा रहे हैं । उन नारों से जो शोर पैदा हो रहा था वो मेरे भीतर बैठ गया । मारने के नारे और टीवी पर गोली मार देने के बयानों के बीच बची हुई जगह मिल नहीं रही थी । हर किसी की पीठ पर बंदूक तनी नज़र आ रही थी ।

http://naisadak.org/aapke-bheetar-jo-dar-baitha-hai/",NAG,0
facebook_corpus_msr_1477104,Waise bandhu jet lag se bachne ke liye Raat ko 10 baje ke baad so jao,NAG,0
facebook_corpus_msr_1477109,Insaaniyat Ke Sath Hai,NAG,0
facebook_corpus_msr_1479508,रवीश जी आपने बहुत ही उम्दा विश्लेषण किया है। मेरे मन और मेरी माँ की भवनाओं को आपने शब्दों के माध्यम से जीवंत कर दिया। कोटिशः धन्यवाद,NAG,0
facebook_corpus_msr_1487722,hahaha IBAAD BHAI,NAG,0
facebook_corpus_msr_1487730,"Mi.jitna.bhi.Karla.jitaga
Rps.hi",NAG,0
facebook_corpus_msr_1490541,agra h sabse bara pagal khana,NAG,0
facebook_corpus_msr_1490558,"Fraud, thts it. Aise main bhi keh deta hu, modi amit shah jaitley are bigger frauds. Lol",NAG,0
facebook_corpus_msr_1490594,Ambulances ko inform jr du,NAG,0
facebook_corpus_msr_1490606,Jitne bhi Khulasa Karna ho Abhi Kardo. Baar baar time waste karne ka nahi,NAG,0
facebook_corpus_msr_1490617,Khisiai billi khamba noche,NAG,0
facebook_corpus_msr_1490619,Pagalpan ki had hoti h,NAG,0
facebook_corpus_msr_1490621,Khisiyayi billi khamba noche,NAG,0
facebook_corpus_msr_1492015,Hathoda,NAG,0
facebook_corpus_msr_1492992,"Wrost DLS MATHOD 
.
Ran kam kiya!!! 
Over kam kiya!!! 
Tho phir wicket kam kyun nahi kiya?????",NAG,0
facebook_corpus_msr_1492999,Kya lieing bA,NAG,0
facebook_corpus_msr_1493000,gambhir ki dahard ami kkr,NAG,0
facebook_corpus_msr_1493628,Modi sarkar phir Champion...,NAG,0
facebook_corpus_msr_1493630,Mst hai bro,NAG,0
facebook_corpus_msr_1493794,"Hahaha.......
 Bechari.......😘😘😘😘😘",NAG,0
facebook_corpus_msr_1493872,Jai Hind!! Jai Bharat!! Har har Mahadev!! Jai Shree Ram!!,NAG,0
facebook_corpus_msr_1493896,Jai Hindi,NAG,0
facebook_corpus_msr_1521801,3 kerla paratha,NAG,0
facebook_corpus_msr_1521821,Beta tu machi kha sirf.,NAG,0
facebook_corpus_msr_1521822,Macher Jhol khabo,NAG,0
facebook_corpus_msr_1521933,Mera Beef mahaan!,NAG,0
facebook_corpus_msr_1521953,Vote kya nahee karata....,NAG,0
facebook_corpus_msr_1521958,Sachi,NAG,0
facebook_corpus_msr_1525123,Pory Kashmir ki ik awaz azaadi,NAG,0
facebook_corpus_msr_1525393,Nhi bhai sanghi bhi na bole bs sarkar kisi ki bato me na aaye aur apne vivek se manavata wali kam kare jisse kisi ko bhi nuksan na ho,NAG,0
facebook_corpus_msr_1525412,Samjhe utsav beta ab chu hi rah tu,NAG,0
facebook_corpus_msr_1561720,yogiji ke MLA. ne kia hai toh sahi hi kiya hoga..,NAG,0
facebook_corpus_msr_1561741,To sir aap bun jo...🤐,NAG,0
facebook_corpus_msr_1561846,M. L. A. साहब  ने गलत  किया  ईस के लिए उनको  अघिकारी से क्षमा  मागनी  चाहिए,NAG,0
facebook_corpus_msr_1561876,राम राज्य,NAG,0
facebook_corpus_msr_1561884,No gunda gardi.,NAG,0
facebook_corpus_msr_1561895,Acche Din,NAG,0
facebook_corpus_msr_1561920,Thalle cment padi Zara. Att kraandi janta b,NAG,0
facebook_corpus_msr_1561921,Shalabh Saxena dadagiri,NAG,0
facebook_corpus_msr_1583965,Bhai Dhoni dhoni hai unke jessa koi nhi,NAG,0
facebook_corpus_msr_1588064,Lagta hai Naye EVM se voting hua tha,NAG,0
facebook_corpus_msr_1600601,Song choro film banao film..😂😂,NAG,0
facebook_corpus_msr_1600605,Pak Army Zinda Baad :P,NAG,0
facebook_corpus_msr_1600611,"Is ko kahta han  ghus Ka marina,Yar Kia mazaq ha",NAG,0
facebook_corpus_msr_1600612,Rondoooi,NAG,0
facebook_corpus_msr_1610611,"Pani bijli r makan Dene se rahe 
to jameen hi saff Kara di.",NAG,0
facebook_corpus_msr_1610618,Abhi tak to koi aur k pas mcd thi na 😂😂😂,NAG,0
facebook_corpus_msr_1610620,Vidya  mustache is like two antennas now bzz bzz,NAG,0
facebook_corpus_msr_1610622,तो इतने साल से क्यों दिखाई नहीं दे रहा था?,NAG,0
facebook_corpus_msr_1614003,KYA MOVIE HAI.... DIL KHUSH HO GAYA....DOBARA DEKHNE JAOUNGA PARSO,NAG,0
facebook_corpus_msr_1614055,Kattapa ne bahubali ko kyu mara,NAG,0
facebook_corpus_msr_1614057,एस एस राजमौलि का नाम फ़िल्म का इतिहास लिखा जाएगा तो स्वर्ण अक्षरों में लिखा जाएगा ।,NAG,0
facebook_corpus_msr_1614058,Tamanna ka role he ni hai baahubali 2 me😣,NAG,0
facebook_corpus_msr_1614088,hm toh keh he rhi thi 😊😊,NAG,0
facebook_corpus_msr_1616605,Garda pick bro,NAG,0
facebook_corpus_msr_1617919,Om shanthi,NAG,0
facebook_corpus_msr_1617934,God inki atma ko shanti pradan kare,NAG,0
facebook_corpus_msr_1618055,# JaiMahishyamatiBahubali devsena se pyaar krta tha... Ye bt shivgami devi ko pta ni tha...Fir Bhallaldev ko ye pata chla aur usne shivgami devi ko bola ki use rajgaddi to ni mili... But devsena chahiye.. Shivgami devi ne use vachan de diya...fir devsena ke rajya me shadi kelie sandesh bhej diya... Devsena ne mana kr diya.. ispe bharak ke shiv gami devi ne devsena ke rajya pe hamla kar diya.. Bahubali ne devsena ke rajya ko bacha liya...aur dono me pyaar ho gya...Bahubali ko laga ki shivgami devi ne usse shadi kelie sandesh bheja tha... Isliye wo devsena ko leke mahismati aa jata h..fir sacchai pta chalti h to shiv gami devi ne bola ki wo apna wachan ni tod sakti... Isliye ya to bahubali ko devsena milegi ya fir raj gaddi.. Bahubali senapati bnn jata h... Fir ak din bhallaldev ne bahubali ko senapati ke pad se nikal diya...idhar devsena ke pregnant hone ki baat pta chlti h..naya senapati bada badtameez hota h.. wo devsena ko pareshan krne ki kosis krta h... Devsena uski ungli kaat deti h... Fir devsena ko bandi bna kr raj mahal laya jata h.. Bahubali aata h use bachane... Jb use pata chalata h ki senapati ne devsena ke sath badtimiziki wo use maar dena h... Bahubali ko bhare shabha me senapati ko marne ke jurm me raj bhawan se bahar nikal dete h.. Bahubali khushi se mahesmati ke logon ke sath rhne lagta h..usko janta bahut support krti h.. bhallaldev Bahubali ko marwane kelie apne admi bhejta h .. lekin wo ni mar pata... Ye bat Bahubali ke ak dost ko pata chal jata h... Wo uska picha krte krte mahesmati chla jata h... Wahan use pata chalta h ki bhallaldev apne baap ka v sath chor chuka h... Aurwo Bahubali ko marna chahta h... Bhallaldev ka baap usko bolta h ki tum Bahubali ko bologe ki uska bhai usko marna chahta h to wo viswas ni krega.. Isliye Bahubali ko bachane kelie tum bhallaldev ko mardo... Bhallaldev aur uske papa mile rhte h..jab Bahubali ka dost bhallaldev ko marne jata h to usko maar dete h.. aur shivgami devi ko khte h ki Bahubali ne bhallaldev ko matne kelie isko bheja tha.. aur jo raja ka virodh kre.. usko marna pdega... Shivgami devi bahubali ko marne katappa ko bolti h... Katappa mana kr deta h... Fir wo bolti h ki agar tum ni maroge to main mar dungi.. Katappa ko rajdroh ke jurm me mrityu dand milti h... Bahubali ko ye pata chal jata h.. wo katappa ko bachane jata h... idhar devsena maa bnne wali rahti hai.. Bahubali katappa ko bacha leta hai..Tabhi kalkeya ka bhai aa jata h aur maheshmati pe akraman kr deta h.. Bahubali unkohara deta h...usi waqt katappa usko maar deta h..fir bhallaldev dev aata h.. aur wo galti se katappa ke samne hee sab sach bol deta h.. Katappa sb jake shivgami devi ko batati h... Shivgami devi fir Bahubali ke bete ko raja bna deti h... Bhallaldev unko marne kelie jata h... Katappa shivgami devi aur mahendra Bahubali ko bacha leta h..aur maheshmati se bhaga deta h..Ye sb jaan ke mahendra Bahubali maheshmati pe akram kr deta h.. aur bhallaldev ko maar deta h...The End,NAG,0
facebook_corpus_msr_1622394,"Koi kota koi institute kuch ni kr sakta but vo way jarur dekhaty baki mehnat k anusar phal melta hai. ""mr . A""",NAG,0
facebook_corpus_msr_1622404,Teacher ka beta hai,NAG,0
facebook_corpus_msr_1622412,जियो शेर,NAG,0
facebook_corpus_msr_1622535,Jai hind bharat mata me vir sapooto ko shat shat naman,NAG,0
facebook_corpus_msr_1622538,Jai hind,NAG,0
facebook_corpus_msr_1622539,RIP.....Jai Hind,NAG,0
facebook_corpus_msr_1639564,"Namo Namo, BJP BJP",NAG,0
facebook_corpus_msr_1646790,Kya kre Sir hamre srkaro ne kbi politics se upr utkr action lene ka hosla dekaya hi nhi,NAG,0
facebook_corpus_msr_1646795,Afsos yahi hai k ye sarkare vipaksh me rahte hai tabi damkham dikhate hai aur Sarkar bannane k baad kewal ninda me hi khush ho jate hain,NAG,0
facebook_corpus_msr_1646805,Good job hamare kuch log behere ho gaye,NAG,0
facebook_corpus_msr_1646806,Koi nhi hai hi is beraham duniya me🙈🙉🙊,NAG,0
facebook_corpus_msr_1646807,News main rhane ka accha mauka hai desh aur army army aur bharat mata,NAG,0
facebook_corpus_msr_1646810,Aabe isse kaunsa award chaiye,NAG,0
facebook_corpus_msr_1646813,Kanhaiya to JNU me khushiya mana Raha hai Lal salam,NAG,0
facebook_corpus_msr_1647547,20 lakh freedom fighter KO day do,NAG,0
facebook_corpus_msr_1648440,Arre Kya hoo gaya insaan hein hai yaar hoo gayi galti itna stretch,NAG,0
facebook_corpus_msr_1649487,Ya Allah,NAG,0
facebook_corpus_msr_1651942,iiski price kya h,NAG,0
facebook_corpus_msr_1658879,jaiii ho yogiii ji😊,NAG,0
facebook_corpus_msr_1674393,Kkr ki haar,NAG,0
facebook_corpus_msr_1674398,Harbe Kolkata 😂😂😂,NAG,0
facebook_corpus_msr_1674404,Rcb jitega,NAG,0
facebook_corpus_msr_1674405,Har jayega Kolkata aaj,NAG,0
facebook_corpus_msr_1674408,Rcb jeete ga,NAG,0
facebook_corpus_msr_1674410,kolkata jitega...dekho,NAG,0
facebook_corpus_msr_1674418,ha har jay gi kkr,NAG,0
facebook_corpus_msr_1674443,Hi ji,NAG,0
facebook_corpus_msr_1679261,Rly base kitchen se hi supply ho,NAG,0
facebook_corpus_msr_1682416,"India`s Best {{ Love Problem Solution Astrologer  }} +91-9001336091 लव मैरिज ,वशीकरण, सौतन दुस्मन छुटकारा ,पति पत्नी अनबन गृहक्लेश ,कर्जा मुक्ति ,लॉटरी नंबर ,निःसंतान,जटिल समस्या का समाधान एक बार फ़ोन जरूर कर Whatsapp & Call Now +91-9001336091",NAG,0
facebook_corpus_msr_1682417,msst,NAG,0
facebook_corpus_msr_1692580,"अगर आप भी केजरीवाल को गाली देते हैं या केजरीवाल का मजाक उड़ाते हो, तो जी भर के उड़ाइये... खूब उड़ाइये.... जब गाली देकर औऱ मजाक उड़ाकर आपका दिल भर आये तो जरा ठंडे दिमाग से सोचना... ⭕ आपके लिए 20000 लीटर पानी मुफ्त करने के लिए पुरानी सरकारों के पास पैसा नही था, पर ये केजरीवाल के पास कहाँ से आ गए ? ⭕ आपके बिजली के बिलों को कम करने के लिए बाकी सरकारों के पास पैसा नही था,फिर केजरीवाल के पास कहाँ से आया ये पैसा ? ⭕ सरकारी स्कूल जो कबाड़खाने बने हुए थे, उनकी जगह नये, प्राइवेट स्कूल से भी अच्छे स्कूल बनाने के लिए पैसा कहां से आया ? ⭕ सरकारी अस्पतालों और 160 मोहल्ला क्लीनिक बनाने के लिए केजरीवाल कहाँ से पैसे लाया ? ⭕ सरकारी अस्पतालों में दवाइयां मुफ्त करने के लिए केजरीवाल ने कहाँ से पैसा लाया ? ⭕ अभी तक 3 बजट केजरीवाल सरकार की तरफ से पेश हो चुके हैं, पर कहीं भी टैक्स नही बढ़ाया गया, फिर भी 2 साल से दिल्ली को फायदे में लाने के लिए केजरीवाल ने पैसा कहां से लाया ? ✴✴✴✴✴✴✴✴✴ इस सब के अलावा एक बात और सोच लेना.... 2 साल पहले तक सत्ता से दूर रहने वाली BJP अब थोक में कांग्रेसी MLA कभी उत्तराखंड, कभी मणिपुर, कभी अरुणाचल, कभी गोवा में ले रही है। अगर खरीदे गए हैं तो इतने पैसे कहां से आरहे हैं? इसलिए बिकाऊ और चाटुकार 👅👅चैनलों पे आने वाली बकवास पे आंख बंद करके भरोसा मत करें..... कभी खुद का दिमाग भी इस्तेमाल करके देखें। इसे जनहित में ज्यादा से ज्यादा शेयर करने की कृपा करें। 🙏 ||🙏🙏 जय हिंद🙏🙏 ||",NAG,0
facebook_corpus_msr_1692595,Agar shunglu committee ke baat sach he to shiela dixit ji ko kyu jail bhejto ho abhi tak.cbi ed delhi police nd recently ACB bhi central ke paas he .ek Fir bhi unke naam nehi hua he abhi tak.Prashant Singh,NAG,0
facebook_corpus_msr_1692597,Abp aka Anand bazaar patrika which has allegiance with BJP since ages. Not known to many i believe. Had to show this result..,NAG,0
facebook_corpus_msr_1692602,Baki state k log padhe likhe nai h? Tumhari modi se dushmani h.. Bas,NAG,0
facebook_corpus_msr_1692604,Baaki state mein kaise EVM se jeet rahe ho woh sab saamney aa chuka hai......,NAG,0
facebook_corpus_msr_1692606,"Ye bhi to batao... janta ka 96 crore ads pe udaya.... apne image makeover ke liye Perfect Relations company hire ki janta ke paise se.... apne relatives ko post aur contracts diye... janta ka paisa dusri states mein campaigning me udaya... apni buri zaban ke 4 crore bhi janta ke paise se de deta had it not come out in public... khansi ka ilaaj karaya, samose khaye... 16000 ki thali Taj hotel se order kar ke chatt kar li...!!!! Apne corrupt aapiyon ko protect kiya... even Kumar Vishwas pointed that out.....Kahan ka imandaar hai ye??? Koi bewakoof hi isko vote dega jisko free ki cheezein pasand hain...!!!!",NAG,0
facebook_corpus_msr_1692647,अगर ऐसा हुआ तो लोकतंत्र मे फिर से एक असाधारण जनमत की हत्या होगी कयोंकि जगजाहिर है की भाजपा बूरी तरह से हार रही है।,NAG,0
facebook_corpus_msr_1692657,All AAP candidates will lose their deposits . Forget them winning any deposits and you speak about winning seats.,NAG,0
facebook_corpus_msr_1692658,Bjp 30 aap ko 299,NAG,0
facebook_corpus_msr_1692659,Bhai 272 seet hi total😁😁,NAG,0
facebook_corpus_msr_1692665,पिछ्ले दो बार से तो दिल्ली के एक्सीट पोल गलत ही साबित हुए...इस बार हैड्रीक होगी।,NAG,0
facebook_corpus_msr_1692667,Sahi bhai,NAG,0
facebook_corpus_msr_1692679,Bjp ko itna seat nhi aayega,NAG,0
facebook_corpus_msr_1692687,Bjp jindabad,NAG,0
facebook_corpus_msr_1692690,AAP plz chale jao....😀😁😂😃....,NAG,0
facebook_corpus_msr_1692696,Under 10 rhegi aap,NAG,0
facebook_corpus_msr_1692698,Jai sri ram.....,NAG,0
facebook_corpus_msr_1692702,Abp ka ye servey ulta sabit hoga likhlo,NAG,0
facebook_corpus_msr_1692707,Evm ma gaar baar,NAG,0
facebook_corpus_msr_1692718,Voting evm se hogi ya balot paper se,NAG,0
facebook_corpus_msr_1692720,"Ghalat ,",NAG,0
facebook_corpus_msr_1714372,Jai ho:-),NAG,0
facebook_corpus_msr_1717547,👏 जब कही ना हो काम तो हमसे लो समाधान ! बडी से बडी समस्या का  समाधान समस्या केसी बी हो जड से खतम ! सबी जगह से धोखा खाअे ऐक बार जरूर संपरक करे [+91-9782165075] all problem solution babaji love vadhikaran specielist baba ji one call change your life 👍,NAG,0
facebook_corpus_msr_1722811,Kanta leone,NAG,0
facebook_corpus_msr_1722813,dekhega india tabhi to seekhega india,NAG,0
facebook_corpus_msr_1722922,"दिक्कत तो लाउडस्पीकर के इस्तेमाल पर है फिर वो चाहे नवरात्रि में हो, गणेशोत्सव पर हो, अज़ान में हो, नेताओं के कार्यक्रम में हो या किसी पार्टी या अन्य किसी उत्सव पर हो। किसी एक पंथ पर निशाना लगाने के बजाए सबके द्वारा लाउडस्पीकर के इस्तेमाल पर आपत्ति उठानी चाहिए थी सोनू निगम को।",NAG,0
facebook_corpus_msr_1723136,kishan jai hind,NAG,0
facebook_corpus_msr_1723556,"Shankh bajte hain mandiron m bajen
Masjidon ki azaan ko mat roko 
(MAJID deobandi)",NAG,0
facebook_corpus_msr_1723766,"अजाण 5 वेळा होते मानतो ,एका दिवसाला ,महिन्याला 150 मग आमचे गणपती 11 दिवस ,नवरात्र 10 दिवस दहीहंडी 1 दिवस तरीही आमच्या सणात desibal check होणार मी हे नाही म्हणत कि त्यांची अजाण बंद करा तो धर्म आहे कोणाच्या धर्म बद्दल बोलणं आपल्याला नाही जमत पण कमीत कमी त्यांच्या sound तर कमी होऊ शकतो.",NAG,0
facebook_corpus_msr_1723955,nearu lazmaya beni choti loti loti,NAG,0
facebook_corpus_msr_1723981,Satyamev Jayate,NAG,0
facebook_corpus_msr_1724010,सोनू निगम बधाई के पात्र हैं जो बात सही लगा उसे उठाया है।,NAG,0
facebook_corpus_msr_1724070,सोनु निगम की पुलिस मे रिपोर्ट हो चुकी हैं कीसी की धार्मिक भावना को ठेस पहोचाने की,NAG,0
facebook_corpus_msr_1724107,Atif Malik agar india se zyada aman hai to achhi baat hai magar lekin har kisi ko apna mulk pyara hota hai,NAG,0
facebook_corpus_msr_1724149,Deobndi zeada ya brelvi India m ?,NAG,0
facebook_corpus_msr_1724154,Bole tw zeada kon log h India m deobndi or brelvi?,NAG,0
facebook_corpus_msr_1724156,25 karod muslim hain,NAG,0
facebook_corpus_msr_1724157,Aap Uter Pradesh k ho ?,NAG,0
facebook_corpus_msr_1724262,Hamara dessh........,NAG,0
facebook_corpus_msr_1724302,Ye to sach hai bhai,NAG,0
facebook_corpus_msr_1724308,Soba othan nal tari pan nikal jandi ay,NAG,0
facebook_corpus_msr_1724316,Nindh aata hai dimak mai.,NAG,0
facebook_corpus_msr_1724340,Ra sonu nigam tera baap ni rokhata,NAG,0
facebook_corpus_msr_1724347,Mera bharat Mahan,NAG,0
facebook_corpus_msr_1724348,Punya Prashanta Subudhi yeh kya hai bhai???,NAG,0
facebook_corpus_msr_1728893,Aap extra..pay kr  diya kro..nhi badhta hai agr,NAG,0
facebook_corpus_msr_1729306,Jay garvi gujarat,NAG,0
facebook_corpus_msr_1729778,Khas km jahan pak,NAG,0
facebook_corpus_msr_1731418,Ni hme bht baria lag raha hai hm yadav ya aur koi ni yogi ji bht mast kaam kr rahe hme bht khushi mili .sb line pe hai .sbka sath sbka vikas dikh raha hai,NAG,0
facebook_corpus_msr_1731481,क्या बात हे गुरु आज बहूत भड़के हुये लग रहे हो.....😆😆😆,NAG,0
facebook_corpus_msr_1731548,सही कहा आपने ।,NAG,0
facebook_corpus_msr_1731554,वो कैसे ?,NAG,0
facebook_corpus_msr_1731566,bdi jldi pta chl gya ise😁😁😁😁😁😂😂😂😂,NAG,0
facebook_corpus_msr_1731643,LalooBole!!,NAG,0
facebook_corpus_msr_1731656,Ka bolat hauye re,NAG,0
facebook_corpus_msr_1731672,Pote atyar sundhi su karyu che e jo,NAG,0
facebook_corpus_msr_1731719,Bhopri kahi ka,NAG,0
facebook_corpus_msr_1737006,Sahi baat !,NAG,0
facebook_corpus_msr_1737103,i am big fan for you .keyoki jis party ka netiritvakar rahe hai aur us aam admi ke liye lad rahe hai jo apne adhikaro ko nahi samjhata haiaur samjhe ga kaha se use samhane nahi diya gaya .jaha uske adhikaro ka jikar iya gaya hai usse usko dur rakhkha gaya tha.lekin maine aap ke video ke madhyam se aap ki vichar dhara ko samjha aur jis yuva shakti ki bat karte hai vo vastav me agar mauka mile to bade se bade sur veero ko dhul chata sakte hai.,NAG,0
facebook_corpus_msr_1737107,"💰जो भाई /बहन पार्ट टाइम मे वर्क करना चाहते है अपने घर बैठ कर andriod फोन, कम्प्यूटर या लैपटॉप से उनके लिये मेरे पास एक जॉब है 📲 Requirmnt :- 200-300 boys/girls 💰💰💰💰इनकम :- 15000-35000🎯🎯🎯🎯वो मुझे मेरे whatsapp no :- 9596638878 पर JOB लिख कर मेसेज करे",NAG,0
facebook_corpus_msr_1737114,Sahi toh bola..,NAG,0
facebook_corpus_msr_1737117,Tama munda kharap hei galani,NAG,0
facebook_corpus_msr_1737119,"Sabu Dekhucu aau dekhibu,,, Odisha re bhi bjp asiba",NAG,0
facebook_corpus_msr_1737120,Seia ta chariade asu but kichhii farak padu nahii,NAG,0
facebook_corpus_msr_1737121,Khali petrol one rupees badhuxxi one rupees kamuchhi ha ha ha,NAG,0
facebook_corpus_msr_1737122,"Farak thik paduchi,,, tame Akhi band karideicha",NAG,0
facebook_corpus_msr_1737127,Bhai party BDLNE KE MOOD ME H,NAG,0
facebook_corpus_msr_1737137,der se aaye par durast aaye,NAG,0
facebook_corpus_msr_1737139,sirf kejrwl pe ni bole bhai,NAG,0
facebook_corpus_msr_1737142,Kyu jut bolteo bjp ko attack kiya hai,NAG,0
facebook_corpus_msr_1737168,Finally he cameout with rss face,NAG,0
facebook_corpus_msr_1737169,Kb tk out rahega party se. Gujrat cm nhi bn na chahta,NAG,0
facebook_corpus_msr_1737172,AAP Ki Support hi krna,NAG,0
facebook_corpus_msr_1737175,"Correction- hote instead note, hain instead gain,hote  instead note,hote  instead vote,gaye instead",NAG,0
facebook_corpus_msr_1737176,"Aap aap ho gaye bavajah, him tum ho gaye be vajah",NAG,0
facebook_corpus_msr_1763597,Loot te samay nahi socha tha ki kabhi iska hisaab bhi dena padega. Paapo ka ghada overflow kr gaya hai .... ab kyo ghabra rahi hai. Inka to tagda baja baja hai ... :),NAG,0
facebook_corpus_msr_1763616,Aur aapka Millionare Bhai,NAG,0
facebook_corpus_msr_1775252,Srinivas prasad rahe na ghar ke na ghat ke..,NAG,0
facebook_corpus_msr_1777539,Ab hoga asli khel,NAG,0
facebook_corpus_msr_1787328,ye admiko......yudha...me pakada hai...........modi wants to shatter...public........,NAG,0
facebook_corpus_msr_1787330,Hindustan jindaaaa badddd,NAG,0
facebook_corpus_msr_1787333,India ko jo karna hai kar lay,NAG,0
facebook_corpus_msr_1804789,Vishal Sharma raghu ram rajan sir ka twitter account check karo mere bhai,NAG,0
facebook_corpus_msr_1804797,Chal man ge bai but eh ta Das oh revolution gyi kithe Hun na Ramdev dikhda oppose krda na hi anna.. moreover ehna wala khda issue resolve krta bjp ne... na black money ayi te na hi jan lokpal.. Anna Hazare is just a shadow of rss,NAG,0
facebook_corpus_msr_1804800,Tu anna te aa,NAG,0
facebook_corpus_msr_1804801,Aap de minister ta corruption ch fade ja rahe aa te kujh ration card bnan ch busy aa ?,NAG,0
facebook_corpus_msr_1804802,Hun kyu ni krda dharnA,NAG,0
facebook_corpus_msr_1804805,Aaja peg laga le burraaaahhha,NAG,0
facebook_corpus_msr_1804806,Hhaahha salya Hun Das rha,NAG,0
facebook_corpus_msr_1804807,Phla bula lainda,NAG,0
facebook_corpus_msr_1804808,Hahahah,NAG,0
facebook_corpus_msr_1804825,लगे रहो,NAG,0
facebook_corpus_msr_1805190,Tumhari hai??,NAG,0
facebook_corpus_msr_1805202,पत्रकार बंधू जो सत्ता की चौकीदारी करते उन्हें लोकपाल की नियुक्ति केंद ने अभी तक नहीं की इस सवाल को अन्ना जी के सामने रख कर सवाल नहीं करते आप चुप क्यों है इसी बिल के लिए देश में बड़ा आंदोलन किया अब उस पर क्यों नहीं बोलते।,NAG,0
facebook_corpus_msr_1805203,"बहुत अच्छा किया अन्ना जी , ""आप"" ज्वाइन करना जीवन की सबसे बड़ी गलती है,केजरीवाल के साथ साथ आपका भी नाम ख़राब हो जाता ।",NAG,0
facebook_corpus_msr_1805293,कहाँ से ढूंढ लाए है अन्ना को ?,NAG,0
facebook_corpus_msr_1805305,apako desh se jyada apani image pyara tha kahi mera image na kharab ho jaye isliye nahi  aaye the vahi ho raha hai aur jinhe apani image ki parwah nahi wo log lad rahe hai,NAG,0
facebook_corpus_msr_1805362,Rozi roti to sabko lagu hai bhai..,NAG,0
facebook_corpus_msr_1805367,Achcha hua ab BJP join kareny ka aasaan mauqa hai,NAG,0
facebook_corpus_msr_1805390,Chachu  12000/  ki  thali  bhi  nhi  mili,NAG,0
facebook_corpus_msr_1805392,Sir durghatnaa se der bhali,NAG,0
facebook_corpus_msr_1805407,Kalla badua,NAG,0
facebook_corpus_msr_1805421,Anna Ji kejrival ke khilaf bol   kar apna man na girave,NAG,0
facebook_corpus_msr_1805422,Glucose pila diya kisi ne Anna ji ko😁😂,NAG,0
facebook_corpus_msr_1805423,ये आदरणीय सिर्फ उमर की वजह से रह गये है...,NAG,0
facebook_corpus_msr_1805430,kyonki  aap pehle se hi bjp me hain,NAG,0
facebook_corpus_msr_1805456,Ab tak kaha tha bhai toh ?,NAG,0
facebook_corpus_msr_1805492,Bachgaya bechara,NAG,0
facebook_corpus_msr_1805500,Annaji kya bolenge koi nenhi bol sakta,NAG,0
facebook_corpus_msr_1805505,Yes ur rite nhi tuu aap se bjp kr deta,NAG,0
facebook_corpus_msr_1805531,Tumhare lokpal ka kya hua Anna ji,NAG,0
facebook_corpus_msr_1805561,Abhi tum lokpal kyon nahi lagwa lete,NAG,0
facebook_corpus_msr_1805590,Kaha hai sir aap,NAG,0
facebook_corpus_msr_1805651,Chotta dalla ganna,NAG,0
facebook_corpus_msr_1805656,Pranaam,NAG,0
facebook_corpus_msr_1805674,Evdha fan aahe ka bhau tu kejriwalcha,NAG,0
facebook_corpus_msr_1805680,Ankur chalte hai kal,NAG,0
facebook_corpus_msr_1805691,"चुनाव है,सब चलेगा।",NAG,0
facebook_corpus_msr_1805692,hum haina annaji lokpal   k andolon fir suru karo,NAG,0
facebook_corpus_msr_1805724,Jana be l@€ de,NAG,0
facebook_corpus_msr_1805737,NAHI sap galt hai,NAG,0
facebook_corpus_msr_1805749,Bjp yemanna sakkani.party anukunnava,NAG,0
facebook_corpus_msr_1805753,Kapil Gupta aap bhi,NAG,0
facebook_corpus_msr_1805767,Veera jehra Kejriwal bare bold a ha oh kise da Paltu ban janda ha ? 76% Punjab de bandiya ne ve dukarta ki Punjab kise da paltu ha?,NAG,0
facebook_corpus_msr_1818448,Ab movie rakshak bhi bana lo... 😁😂,NAG,0
facebook_corpus_msr_1819423,Sahi hai Bhai. Babbar khalsa jaise samaj sevi sanghatan ki zaroorat hai Bharat ko.,NAG,0
facebook_corpus_msr_1853648,Mi 99 cha 31 march la richarg marla ahe aani 3 mahine richarg karaychi garaj.nahi na,NAG,0
facebook_corpus_msr_1853670,Yar aisi kya rocket science h isme,NAG,0
facebook_corpus_msr_1853692,Hindi me baat karo,NAG,0
facebook_corpus_msr_1853695,जय हो,NAG,0
facebook_corpus_msr_1853697,Kuch bolneka mouka to do,NAG,0
facebook_corpus_msr_1853706,Sir free hi rhne do,NAG,0
facebook_corpus_msr_1853737,Sir free hi rhene do,NAG,0
facebook_corpus_msr_1853753,Jio jio reliance !!,NAG,0
facebook_corpus_msr_1853760,Jay ho ambani,NAG,0
facebook_corpus_msr_1853762,Sir/ Madam AAP log Hindi me Bolo.,NAG,0
facebook_corpus_msr_1853776,Abe kya aatak gaya 😂😂😂,NAG,0
facebook_corpus_msr_1876672,Ke peg ghunghroo..😜,NAG,0
facebook_corpus_msr_1887207,Haaaa .,NAG,0
facebook_corpus_msr_1887255,"जम्मू आणि काश्मीरमध्ये लष्कर आणि पोलिसांवर जी दगडफेक होते त्यासाठी आंदोलकांना पैसे दिले जातात असा खुलासा एका स्टिंग ऑपरेशनद्वारे केला गेला आहे. दगडफेक करणाऱ्या आंदोलकांनी ही बाब कॅमेऱ्यासमोर सांगितली आहे. एका आंदोलकाने सांगितले की तो २००८ पासून दगडफेक करण्याचे काम करत आहे. त्याला एका दिवसाला ५०० रुपये ते ५,००० रुपये मिळतात असे देखील त्याने सांगितले. बुरहान वानीच्या मृत्यूनंतरही आपण दगडफेक केल्याचे त्याने सांगितले आहे.   आज तकने केलेल्या स्टिंग ऑपरेशनमध्ये त्यांनी ही बाब सांगितली आहे. जाकिर हमद भट या दगडफेक करणाऱ्या आंदोलकाने सांगितले की आम्हाला या कामासाठी पैसे, कपडे आणि बूटही दिले जातात. हे पैसे कुणाकडून येतात या बाबत आम्हाला फारशी माहिती नाही असे त्याने म्हटले. मला असिफ नावाचा एक मित्र पैसे आणून देत असे. मी फेकलेल्या दगडामुळे अनेक पोलीस अधिकारी आणि जवान जखमी झाल्याचे फारुक या आंदोलकाने सांगितले.
जर पोलिसांनी आम्हाला पकडले तर आम्ही पैशाबाबत कधीही सांगत नाहीत असे फारुकने म्हटले. या दगडफेक करणाऱ्यांवर प्रशासनाची करडी नजर असते. त्यामुळे दगडफेक झाल्यानंतर आम्ही घरी काही दिवसांसाठी जात नाहीत असे त्यांनी सांगितले. दगडफेकीबाबतच्या सूचना एका व्हॉट्सअॅप ग्रुपद्वारे दिल्या जातात अशी माहिती पोलिसांनी दिली. हा व्हॉट्सअॅप ग्रुप पाकिस्तानमधून चालवला जातो असे त्यांनी म्हटले. व्हॉट्सअॅप द्वारे पोलीस आणि लष्कर कुठे आहे याबाबत सांगितले जाते. त्यांची स्थिती काय आहे याबाबतची माहिती दगडफेक करणाऱ्या आंदोलकांना आधीच मिळते असे ते म्हणाले. ज्यावेळी संघर्षाला सुरुवात होते. त्यावेळी कोणत्या ठिकाणी जाऊन दगडफेक करायची किती वेळ करायची याचा सूचना व्हॉट्सअॅपवर दिल्या जातात असे पोलिसांनी सांगितले. लष्कर आणि आंदोलकांमध्ये झालेल्या संघर्षात अनेक जण जखमी झाले. आंदोलकांना पसरवण्यासाठी लष्कराने पेलेट गन्स वापरल्या. त्यामध्ये कित्येक तरुणांना आपले डोळे गमवावे लागले आहेत.",NAG,0
facebook_corpus_msr_1887290,Par time job 15000 se 20.000 ke ley online job beef ke shop band ho rahe hai new shop open ho rahe hai egg online shopping bout joro sale ho rahe hai sampler ke kame hogi hai,NAG,0
facebook_corpus_msr_1887324,Vacancy hoga to hum hungei,NAG,0
facebook_corpus_msr_1887326,सच्चाई किया है,NAG,0
facebook_corpus_msr_1887339,2013  का आंकड़ा भी दो।,NAG,0
facebook_corpus_msr_1887358,Hm tyar h,NAG,0
facebook_corpus_msr_1887388,Aisa kyun,NAG,0
facebook_corpus_msr_1887399,Mira Bharat mhan,NAG,0
facebook_corpus_msr_1891382,^par kuch logo problem hey,NAG,0
facebook_corpus_msr_1893429,Me ek Muslim hu me  batana chata hu ki ye tlaak nhi hui  ek baar me  3 tlaak nhi hoti he    Quran  ko dekho kisi se  fatwa lene  ki zrurat nhi he YouTube  par puri jaankari  miljayegi Hindu bhai bhi dekhe,NAG,0
facebook_corpus_msr_1897107,Saif Ali yeh bhi lo,NAG,0
facebook_corpus_msr_1902071,Satnam shri wahguru ji,NAG,0
facebook_corpus_msr_1904083,"अब RS 15000-50000/महीना कमायें. 100% Free कंपनी गवर्नमेंट से register Hai और 

कम्पनी आपको हर माह आपके बैंक एकाउंट मे रूपया देगी... बस 

आप इस whatsApp no. +919662601823
 पर ""JOIN"" लिख कर send कीजिए.",NAG,0
facebook_corpus_msr_1906918,Achha khabar nhi dekhai to tujhe pata kese chala,NAG,0
facebook_corpus_msr_1906931,Attanvaak ka koi dharm nahi rahta,NAG,0
facebook_corpus_msr_1906955,Theek waise he jaise tm n pakistan banaya,NAG,0
facebook_corpus_msr_1906961,Jo ho raha hai ek dam sahi hai,NAG,0
facebook_corpus_msr_1906971,Hahahaha.....  Ye sahi tha,NAG,0
facebook_corpus_msr_1906977,आजा भाई गोरखपुर में हूं अभी,NAG,0
facebook_corpus_msr_1906993,are bhai phle aap ne kyu bhdkaya unko?????,NAG,0
facebook_corpus_msr_1906998,Mera desh badal raha hai,NAG,0
facebook_corpus_msr_1907008,ye to hona hi tha,NAG,0
facebook_corpus_msr_1907014,Bahut bura hua,NAG,0
facebook_corpus_msr_1907017,Muje lagtahey hey Hindu or Muslim vitar danga vadkane chate hey,NAG,0
facebook_corpus_msr_1907026,Khaa naa rha hai hindustan,NAG,0
facebook_corpus_msr_1907054,जय श्री राम,NAG,0
facebook_corpus_msr_1917081,Mogambo khush hua....,NAG,0
facebook_corpus_msr_1919950,Sayana kawwa hamesha guu khaata hai,NAG,0
facebook_corpus_msr_1931144,"बूचड़खाने बंद होने के बाद जो लोग बेरोजगारी का रोना रो रहे हैं उन्हें जल्द ही राममन्दिर निर्माण के काम में लगाया जायेगा
।।जय श्री राम।।",NAG,0
facebook_corpus_msr_1931146,"मंदिर वही बनाएँगे। 
। जय श्री राम । 
जय हिंद।",NAG,0
facebook_corpus_msr_1931147,"मंदिर वही बनाएँगे। 
। जय श्री राम । 
जय हिंद।",NAG,0
facebook_corpus_msr_1931153,kya baat hei!!!,NAG,0
facebook_corpus_msr_1931163,राजनीतिज्ञ,NAG,0
facebook_corpus_msr_1937583,Kaun hai  yeh sukan mas..?,NAG,0
facebook_corpus_msr_1943101,Bas bas...,NAG,0
facebook_corpus_msr_1945525,Sahi baat bhai.,NAG,0
facebook_corpus_msr_1945557,ab ye kaun h,NAG,0
facebook_corpus_msr_1945593,Yeh kaun hai yaar.,NAG,0
facebook_corpus_msr_1945597,baat main wzn hai lekin kuch logu co hzm nhi hogi habaha,NAG,0
facebook_corpus_msr_1946726,Ye bat aj muje v achi lagi.,NAG,0
facebook_corpus_msr_1946728,"Jaise jalane ki parampara samapt kar di gayi, waise triple talaak bhi samapt kari jani chahiye, agar talaak lene hai toh court se lo, jaise sabhi dharam mein hota hai",NAG,0
facebook_corpus_msr_1946733,Bilkul sahi kaha aapne,NAG,0
facebook_corpus_msr_1946736,"Imran bhai, satyavachan. Salaam",NAG,0
facebook_corpus_msr_1946740,Bhai bilkul sahi kaha,NAG,0
facebook_corpus_msr_1946745,बहुत बढ़िया बात कही है,NAG,0
facebook_corpus_msr_1946747,Bhut khoob,NAG,0
facebook_corpus_msr_1946752,"Bhai ye moulwi ya pundit, sadhu aur political log ki baat choro Har insaan apne dharam k according kerta hai woh hum hon ya koi bhi.  Iss baat ko ignore Karo. Ye koi issue hai hi nahi na iss mein kisi ko problem honi chahiye. Yogi jee apne dharam k according hi lenge oath jaise hum kerte hain apne dharam k according.",NAG,0
facebook_corpus_msr_1946754,"Har mazhab ke log apni reti rewaz ke hisab se kaam karte hain
India Mae agar molvi aur pandit sahi hote to aaj hamlog world me top hote esi liye hamae khud educate hona chahye aur molvi Aur pundit ghalat bole to uska oppose karna chahye",NAG,0
facebook_corpus_msr_1946764,Bhai  ye cheez  logon  ko  bhi  samjhao. ..aap  jaise  positive  soch  ke  insaan  kamm  hain. . Jai Hind,NAG,0
facebook_corpus_msr_1946775,Good faisal bhai,NAG,0
facebook_corpus_msr_1946816,Matter ye hai ki mlm company hai pesa marketing pvt.ltd. usme join karo and work karo,NAG,0
facebook_corpus_msr_221583,"कल का रटा रटाया स्टेंटमेंट सर जी का आ जायेगा..... हम तो पहले ही बोले थे जी बीजेपी वालो ने #EVM
हैक कर लिया था जी.!  ये लोकतंत्र की हार है जी..!!! 

#दिल्ली_MCD",CAG,1
facebook_corpus_msr_221587,"अभी अभी केजरीवाल ने अपने घर मे दो ईंट लेकर ईंट से ईंट बजा दी
UP के CM योगी ने खुद 35 विभाग की जिम्मेदारी ली है पर दिल्ली के CM ने एक भी विभाग नही लिया क्योकि केजरीवाल काम ही नही करना चाहते है",CAG,1
facebook_corpus_msr_221588,Tum log smjh lo jab tk hindu dharam ko gaali dena aur Muslim appeasement krna bndh nhi kroge tb tk nhi jeetoge,CAG,1
facebook_corpus_msr_221593,Narendar sir jee janta apko chuni hy toh ap unke bhrose pe khte utari ye  aur mcd ko majbut baniye,CAG,1
facebook_corpus_msr_221595,Bas Rohit sir thodi hi der me Akku aane hi wala hai... bolega EVM ghotala hua....,CAG,1
facebook_corpus_msr_221596,Jab election commotion ne chalnge kiya tha ki akar evm ko hack kar k batao to Sab ke pichvade me bamboo aa gaya tha ab kuch log evm pe gyan baat rahe hai,CAG,1
facebook_corpus_msr_221597,"केजरीवाल को evm से इतनी ही नफरत हे तो विधानसभा से इस्तीफा देके बैलेट पेपर से विधानसभा चुनाव कराके देख ले 
औकात पता चल जायेगी खुद को",CAG,1
facebook_corpus_msr_221598,"केजरीवाल को evm से इतनी ही नफरत हे तो विधानसभा से इस्तीफा देके बैलेट पेपर से विधानसभा चुनाव कराके देख ले 
औकात पता चल जायेगी खुद को",CAG,1
facebook_corpus_msr_221604,"Rohit ji please bjp se bolie ki abhi abhi 20 jawan sahid huye he 
So jeet ka jasn na manaye bjp
Taki sahido k prati sambedna prakat kiya ja sake",CAG,1
facebook_corpus_msr_221606,केजरीवाल सर 2 ईंट लेके टीवी के सामने बैठे हैं..जैसे ही कहीं रुझान आया करेगा वो ईंट से ईंट बजा लिया करेंगे 🙏😄,CAG,1
facebook_corpus_msr_221607,"To q nhi hta de te evm taki sak hi na rhe
Bjp ko pta h evm ke bina nhi jeet sakte",CAG,1
facebook_corpus_msr_221610,Kejriwal ab bhi tym h sudhar ja warna teri abhi jamant japt ho rahi h ageee pata nahi kya kya japt hoga tera......!!!!!,CAG,1
facebook_corpus_msr_221611,Kejriwal ab kahega vote to jaru par para lekin modi ne masin me garbari kar diya,CAG,1
facebook_corpus_msr_221613,"Lg खराब, evm खराब, मोदी खराब , चुनाव आयोग खराब, बस ये नक्सली केजरी सही ...इसको देखकर एक ही गाली नज़र आती है ...चुतियानरेश",CAG,1
facebook_corpus_msr_221614,"ये तो बड़ा नालायक़ है ये कंजरी,
किसी भी भेड़िये को सिलाई मशीन बाँटने पहुँच जाते हैं कंजरी जी.",CAG,1
facebook_corpus_msr_221615,"kuchh samay tak aap janta ko dhoka de sakte hai ,Lambe samay tak nahi.jai ho bjp.",CAG,1
facebook_corpus_msr_221621,"केजरीवाल तो कल ही अच्छे तांत्रिक ताबीज बनवाए हैं!
 ताबिज काम नहीं कर रहा है!
 वो TV के पास ईट लेकर बैठे हैं  ईट से ही TV को बजा देंगे",CAG,1
facebook_corpus_msr_221624,Jab bjp ko hi vote Pad rhi h den Kejriwal full fmly k sath q gye the vote,CAG,1
facebook_corpus_msr_221627,"बीजेपी
मतलब जो फ़र्ज़ी किसानों को पैसे देकर 1 महीने ड्रामा कराया था, वो पैसे भी डूब गए कंजरी के.",CAG,1
facebook_corpus_msr_221630,Bhaiyo bahut jald media m ye khabar aane wali h ki iss haar k piche modi ka hath h. 😂😂,CAG,1
facebook_corpus_msr_221636,"Ye public hai kejribalji sab janti hai ,free krne se kuch  nhi hora kaam bhi kro",CAG,1
facebook_corpus_msr_221642,Banaras me muslim ko ticket zaroor dilwana amit Shah gee is bar,CAG,1
facebook_corpus_msr_221643,"सुप्रीम कोर्ट खराब है, चुनाव आयोग बिक चुका है, मोदी साईकोपैथ है, कुछ लोग पागल हो रहे है,ले. गवर्नर बीजेपी का चमचा है, ईवीऐम खराब है । केजरीवालजी जनता ने आपको अपनी जगह दिखा दी । खराब आप हैं ।",CAG,1
facebook_corpus_msr_221644,"Yhe sach hai EVM hack ki hai, jaise MLA election m Aap ne ki thi, Aap party janti hai Kaise ki jati hai EVM hack, Isliye Yhe itna confidence se bol rahe hai.",CAG,1
facebook_corpus_msr_221652,कोनसा सिद्वान्थ आप एक बार रोहित जी केजरीवाल का अर्थ जानलो आपको अपने आप पत्ता चल जायेगा की केजरीवाल क्या है,CAG,1
facebook_corpus_msr_221653,"भाईसाहब केजरीवाल जी ने तो हमारी सर्वोच सेना को भी नही छोडा़ उनसे भी सबूत मांग रहे थे।
यह सबूत है केजरीवाल जी को लेलो लेना ही पडेगा",CAG,1
facebook_corpus_msr_221654,Kejari Modiji ne teri khansi mitadi firbhi samaj nahi paya isliye AAP All Abolished party banadiya,CAG,1
facebook_corpus_msr_221655,Kejariwal ki party ko jab log buri tarah se pitana suru karenge tab inko pata chalega .Aap ka deshdrohi aatanki chehara samane aa chuka hai,CAG,1
facebook_corpus_msr_221659,"तूम लोग केवल अपडेट देते रहो , 
हमे भी जीने का अथिकार है...आखिर हँसा-हँसा कर मारने का विचार तो नहीं बना लिया है आपने",CAG,1
facebook_corpus_msr_221660,"आम आदमी पार्टी के लिए अच्छी बात ये है कि वो 'अन्य' से आगे चल रही है।
कल से केजरी रायता फैलाने का काम करेंगे??
#आप_साफ़",CAG,1
facebook_corpus_msr_221662,kanjrwal को नैतिकता पर इस्तीफ़ा देना चाइये क्योंकि इनमे तो शर्म बकि है बाकी तो बेशरम है ये ईमानदार है इस्लिये आज केजरीवाल इस्तीफा देगा  मानेगा नही अपनी ईमानदारी की परीझा देगा ।,CAG,1
facebook_corpus_msr_221670,Congress or khujaliwal dono janta ko gali de rhe h janta sb sun rhi h 2019 m v patta chalega,CAG,1
facebook_corpus_msr_221672,Bahut dukh ho raha h loko ko itna paresan karne k bawjud kaise jit gyi bjp - Kejriwal,CAG,1
facebook_corpus_msr_221673,Agar bjp jeet gyi to sb bekar ho jayega... Sb kuch ek K hath m doge to humare liye kya rahega.  Socho p. M koi baap ni,CAG,1
facebook_corpus_msr_221674,दिल्ली वालो केजरीवाल के याहा ईट को कोरीयर किजीय जब बिहार मे डिनए कि बात मोदी जी ने कहा था तब नीतीश लालू के कार्यकरता पूरे बिहार से बाल  अौर नाखून भेजे थे।,CAG,1
facebook_corpus_msr_221693,"दिल्ली एम० सी० डी० चुनाव में ईंट से ईंट बज रही है, अब पता नहीं कब ईंट से ई० वी० एम० बजने लगे?😜😜",CAG,1
facebook_corpus_msr_221696,Kya bjp ke jitne se Delhi me AAP sarkar ( gusse me ) light ke Price ko bada skti Hai.  ??????,CAG,1
facebook_corpus_msr_221697,केजरी वाल शायद कल हिमाचल पर जा कर आन्दोलन कर सकते है 😫😫😠कयो यह कया हो रहा भोले नाथ ज़बान भी काली कर दी,CAG,1
facebook_corpus_msr_221699,Sir ....bjp sahido ka badla kb laigi ....56 inch ka seena ....bakvas,CAG,1
facebook_corpus_msr_2241611,"आज मैं सुबह उठकर मोदी के कागजो पर बनाए शौचालय मे जाकर, मोदी राज मे 2 रू मे सस्ता चाय नाश्ता करके, जेब मे 15 लाख रखके, बुलेट ट्रेन से, मोदी जी द्वारा पैदा की गयी 2 करोड़ नौकरियों मे से एक मे इंटरव्यू देने क्योटो यानि बनारस गया था। 

इंटरव्यू मे पास होने पर मेरी पोस्टिंग स्मार्ट सिटी गुरूग्राम मे कर दी गयी। मुझे पहले दिन ही मोदी जी द्वारा बनाए गए आवासो मे से एक मकान मिल गया। फिर उसी दिन मुझे 680 रू वाला गैस सिलेण्डर सिर्फ 68 रू मे मिला। 
फिर मै दोस्त की बाइक मे 25 रू लीटर वाला पेट्रोल भरा के सारा शहर घूमा।

थैंक्स टू मोदी जी। अच्छे दिन।
ये सब सिर्फ मोदी जी की वजह से हुआ।

पर बेड़ागर्क हो मेरे दोस्त का जिसने मुझे नींद से जगा दिया।
😡😡😡😡",CAG,1
facebook_corpus_msr_2241629,ik ney lakhon talaab khulwane ka jhooth parosa ab yeh bhii kahan pichey rahengey........?,CAG,1
facebook_corpus_msr_225579,Samjhao nahi samjhaye. Vyakaran Sudhariye apna. Desh ke rashtrapati se kaise bat karte hai . Jaake sikhiye,CAG,1
facebook_corpus_msr_225580,Bete ab humari age to gye sudharne ki ab tum dhyan dena ki koi ungli na uthaye. ..ok,CAG,1
facebook_corpus_msr_225582,Sabut hai to kot ja na,CAG,1
facebook_corpus_msr_2260834,"समय था कि अफगानिस्तान में बौद्ध मंदिरों को तोपों से उड़ा दिया गया था । और आज वहां के राष्ट्रपति हमारे मुल्क के इतने पक्के दोस्त हैं कि हमारे देश पे आतंकवादी हमला हुआ तो उन्होंने दक्षेस सम्मलेन में पाक जाने से मना कर दिया । एक समय था जब ईरान हमारी एक नहीं सुनता था, आज उन्हीने भारत को चाबहार बंदरगाह बनाने और ईरान में अपनी फौजें रखने की इज़ाज़त दे दी । एक समय था कि नार्थ ईस्ट में terrorists हमला करके म्यांमार भाग जाते थे । आज वहां की सरकार के सहयोग से इंडियन आर्मी ने वहीँ जा के उनके terrorist capms तबाह कर दिए । एक समय था जब खाड़ी देश पाक का साथ देते थे । दाऊद बरसों तक दुबई में शरण लिए रहा। आज सऊदी अरब ने दाऊद की संपत्ति ही जब्त कर ली । एक समय था जब खाड़ी देश भारत को कमजोर और गरीब समझते थे, आज अचानक क्या हुआ जो उन्हीने भारत के PM के आगमन पे अपने यहाँ पहला हिन्दू मंदिर बनाने के लिए जमीन देदी । आज अचानक क्या हुआ जो बुर्ज खलीफा तिरंगे में रंगा दिखने लगा । आज अचानक क्या हुआ जो हमारी 26 जनवरी की परेड में UAE का फौजी दस्ता शामिल हुआ । आज अचानक क्या हुआ जो भारत में इतनी हिम्मत आ गयी कि चीन के अरुणांचल के बॉर्डर में सड़कें बना ली, हवाई पट्टी बना ली, 100 मिसाइल भी तैनात कर दिए और टैंक की डीवीजन पोस्ट कर दी । आज अचानक क्या हुआ जो USA के नवनिर्वाचित प्रेजिडेंट ने सबसे पहले भारत के PM को फोन करके आभार व्यक्त किया । आज अचानक क्या हुआ जो ऑस्ट्रेलिया, इंडिया को यूरेनियम देने को राजी हो गया । आज अचानक जापान ने इंडिया के साथ युद्धाभ्यास किया । तब मन ने जवाब दिया कि ये सब परिवर्तन आये मात्र ढाई साल में नरेंद्र मोदी के आगमन के साथ । प्रश्न-- क्या भारत में नरेंद्र मोदी के आलावा वर्तमान नेताओं जैसे कि लालू, मुलायम, अखिलेश, सोनिया, ममता, केजरीवाल आदि में कोई नेता है इस कैलिबर का जो इस प्रकार विश्व को झुका ले । इसलिए बंधुओं : अब फैसला आपको करना है कि साइकिल पे घर में ही युद्ध करने वाले चाहिए या घर द्वार त्याग के मातृभूमि को समर्पित ऐसा ओजस्वी नेता चाहिए ?",CAG,1
facebook_corpus_msr_2260854,Dupti nao mei paer daal raha hai,CAG,1
facebook_corpus_msr_2260856,"""जनता दाल(u)"" में जरूर कुछ लाल है :p",CAG,1
facebook_corpus_msr_2260861,लगता है यह चमत्कार दो दिन मे हो गया । पहले कुछ नही हुआ ही नही ।,CAG,1
facebook_corpus_msr_2280116,Saleem Gafar islam chod de beta,CAG,1
facebook_corpus_msr_233512,Rohit Sir in sabko kyun bulate ho aap ...ye sabhi politicians hain ye kisi k nhi sirf kursi k bhukhe hain...kisi ka ghar uajar gya or ye yahaan apni apni baktuti de rhe hain...,CAG,1
facebook_corpus_msr_233520,Kyunki jyadatar netaon ke pas Levi ke paise ka kamition pahunchata hai... Kuch netaon ke pale huye hain .. Warana inka khufiya tantra desh ke intelligence bureau SE strong kaise hai,CAG,1
facebook_corpus_msr_233533,"Rohit ji, hamari soldiers job sahid hote hai to bohot dard hota hai, govt ko ab kuch korna chahiye, kiya humri sena  aisehi apna bolidan deti rahenge?",CAG,1
facebook_corpus_msr_233534,Sab neta bhadwe hai.  Kya admi army force mea marne jate had. Manaw adhikar ayog ki maa ki chut . Gush kar sab ko khatam karo. Nahi to chudiya pahano.,CAG,1
facebook_corpus_msr_233535,आप हापीज सईद की बात करते हो इंडिया में नक्सली को आप खत्म नही कर सकते हो इससे ओर क्या शर्म की बात होगी,CAG,1
facebook_corpus_msr_233539,"Mr.  Rohit Sadana aap anchor ho anchor hi raho.
Aap to aise logo ko bol Rahe ho jaise aap anchor Nahi primary school ke teacher ho  jo apne student ko jaise nasihat deta hain dant Kar us Tarah bartaw Kar Rahe ho..",CAG,1
facebook_corpus_msr_233548,"Adhiktar politician &, their parties besharam ho gaye hain , aap debate me unhen kyon bulate hain . You Media people unhen invite na karen .",CAG,1
facebook_corpus_msr_233551,Munjhe to samjh nahi aata ki ankhir india me sab khuc ho jaane pe bahas hoti r log do dino me is chiz ko ninda karke bhul jayenge in sab ko sab pata hai r govt chaye to khuc hone se pahele q action me nahi aati hai,CAG,1
facebook_corpus_msr_233552,"Tum logo se ghanta kuch nhi hoga bs rajneeti k alawa hamare desh k 25 jawan shaheed huye thoda uspe dhyan do rajneeti chodo,",CAG,1
facebook_corpus_msr_233554,"Grah mantri ji sirf dukh jataney se kuch nahi hoga, yadi jitne Jawan mare yadi utney saansado ki maut hogai hoti toh kya Rajnath singhji yahi kehtey bahut dukhad hèý",CAG,1
facebook_corpus_msr_233557,"#शहीद वीर #सैनिको हम #शर्मिंदा है....
क्योंकि #ग्रहमंत्री के पास सिर्फ #निंदा है       लेकिन मुझे नरेन्द्र मोदी पर गर्व है..........",CAG,1
facebook_corpus_msr_233561,abhi yadi naxali muslman rahte to modi ji basar me nuclear attack kar chuke hote kab ka....lekin lekin lekin naxali galti se humare apne st sc bhai bahan hai isliye haath baandh kar baithna pdta hai chupchap....,CAG,1
facebook_corpus_msr_233564,antakvad or nakshliyoke AKAO ko chun chun ke bhunj dalo....aisa KHOF fela dena chahi ye ke koyi  antakvadi ya nakshli banneme so bar soche !!!,CAG,1
facebook_corpus_msr_233569,"""कुछ दिनों बाद कड़ी निंदा होना भी बंद हो जाएगी क्योंकि कड़ी निंदा करने के लिए जिंदा रहना भी जरूरी है""",CAG,1
facebook_corpus_msr_233570,Netao ke kitne bete marte hai jo unko dard ho puncho un Maa bap se jinhone apne bete khoye hai. Aise logon ko goli maro. Intjaar kis bat ka.nahi to Marne do jawano ko.,CAG,1
facebook_corpus_msr_233588,"sir aap log 25 death ki bat kar rahe hain ,unke saath jure hue family members jo karib 5 tmes hote hain wo bhi adhmari life jine ko majboor ho jate hain ,unki baat koi nahi karta",CAG,1
facebook_corpus_msr_233600,Sharam karo app log... Ek dusre ko blame karne main laga hain... Yehi kam reh gaya hain netao ka.... Is mehangai ki zamane main sasta hain toh srif r srif sena ka khun... Dub maro sare politician... Shame....,CAG,1
facebook_corpus_msr_233608,"Modi g bahar Desh larai korne sa peh LA Desh ka gandagi peh LA saf hona sahi a... Plz plz
  Adhi larai.... Kya drma hai. 
 Asy he sal ta rehin Gaa kya...
JAI hind JAI BHARAT. 
JAI  C. R. P. F",CAG,1
facebook_corpus_msr_233615,Are badi badi batey chhodey CRPF ko chhut de aur pakad pakad ke jaise chahe waise mare ....saale gaon walon ka bhi supporrt hai unhe bhi maro ....kuchh bhi karen karne do,CAG,1
facebook_corpus_msr_233617,Jay hind   Ab 70 sal ho Gaye ab bhahumati se sarkar aayi he to sabhi aatanki ko khatam karo   Please bate bahot hogai. Kuch karo yar.  Agar Dil me javano ke prati Daya ho to Baki 70 sal se bate hi ho rahi he.,CAG,1
facebook_corpus_msr_233619,Aj kashmir aur sukma mai jo ho raha hai sirf ninda sa nahi hoga kuch asa action kijiya kashmir pattar dhake to vi dar jaye aur naksali o ko crpf aur army ka habale da dijiya unka nam mit jayaga!,CAG,1
facebook_corpus_msr_233639,"inko maar kyu nhi dete govt 
hmare sena ke jawaan kab taq aise shaeed hote rahe ge 😢",CAG,1
facebook_corpus_msr_233660,Political ke parivar valo ko naksalio ke samne bhej do tub pata chalet a.,CAG,1
facebook_corpus_msr_233661,Mujhe lagata hai ki indian army ko do din ke liye hadtal pe chale jana chahiye jiske bad in neta o ko pata chalega but hamari army aisa kam nahi karegi...,CAG,1
facebook_corpus_msr_233665,"Bahut dukh hai hamy. 
Nerdosh jawano ne unka kya begara tha.",CAG,1
facebook_corpus_msr_233666,Hamare bharti bhai jo hua wo galat hua h is ke zimmedar hamare deske nata h plz hame insan banna chahiye kisi ek nata sawa so karod ki kismat nahi likh sakta bal ki ham is des keliye insanyat ke liye kuch karna hoga,CAG,1
facebook_corpus_msr_233675,Kasmir se lekar chattisgarh tak aese humle hote rahe ge to saniko ka manobal kam hoga,CAG,1
facebook_corpus_msr_233678,Are sir debate krne ke liya sahi person ko Lao koi logic ni enke batto me sirf faltu ka data la kar desh ko andhaa banaa rahe hai ...es baar baar debate me logic wale kise person ko bualo ..development se mind change hotaa koi v..,CAG,1
facebook_corpus_msr_233680,rohit ji ye proffecer log  ko kyo bulate hain ye log asli mudde se bhatkate hain aur naxaliyon ka support karte hain.,CAG,1
facebook_corpus_msr_233681,Modi ji kya kr rhe h pl...Shoot them... Hamare jawan kimti h,CAG,1
facebook_corpus_msr_233696,G bilkul nahi har naksali chetra me koi devlop ho to sarkar or bipakch do neta ko waha bheje,CAG,1
facebook_corpus_msr_233700,Sir ye BJP jo apni badaai krne me juti hai naa ...waqt rehte agr hr mudde pr sachet nhi hui toh janta arsh or farsh dono ko samjhti hai Aur shayad ye bhi. ...,CAG,1
facebook_corpus_msr_233704,"Sanjay Singh ....Es desh me koi dalit nhi hai..
Sabi Indian hai....",CAG,1
facebook_corpus_msr_233715,Ye sb politicians krwate hai kyuki inhe to Jana ni Jan dene inhe B's vote bank dikhta hai,CAG,1
facebook_corpus_msr_233719,Ek hi vikalp hei.   Send the army .  Those chirkut naxals should be taught lesson in their way.    Goli ka goli hi hotha hei.    Naxals harami...   get your coffins ready.,CAG,1
facebook_corpus_msr_233721,"benchod tum log india me dange kara ke hi rahoge lagta h kuch to kaam karo  nahi to kabhi koi b,j,p ke mu par thukega bhi nahi",CAG,1
facebook_corpus_msr_233722,Sirf Patra  ji bato se desh nahi chalega hum Bjp balo ko log galia nikalte hai kush karo other wise forget 2019,CAG,1
facebook_corpus_msr_233728,Modi ko Action lena chahi ye surgical strike naksalwadi pe karna chahi ye. Pavan kheda ka volume bandh karo jab Aur bol rahe ho tab,CAG,1
facebook_corpus_msr_233730,Bjp jab karti hai kuch log bolna suru karti ye peache hat jati hai....,CAG,1
facebook_corpus_msr_233734,Ye mine ka Bikash me Levi milta hai Jo hamare jawano me khilaf use hota hai,CAG,1
facebook_corpus_msr_233735,Neta jainge nahi .. army ko allow nahi karenge ...police wasooli se free nahi hai...to ye ghatna to hona hi hai....ichhasakti ki kami hai netao me naksaliyo k khatme k liye,CAG,1
facebook_corpus_msr_233738,Kitne bhi jawan aa Jaye lekin jab tak apne desh ka system thik nhi ho jata tab tk aisi shahadaten hoti rahegi,CAG,1
facebook_corpus_msr_233742,Rajnath Singh ke beta Shahid hoga to mala pehnana  malum padega,CAG,1
facebook_corpus_msr_233753,Dusre desh me ghus kar mar k aa jate ho par apne desh me hi ni mar paate.... Ise hm kya samjhe,CAG,1
facebook_corpus_msr_233754,Kyaaa dikkat ke  Govt ....ko ..attack karne ...me....ab  e kam Bhi jantaaa hi karegii.,CAG,1
facebook_corpus_msr_233758,CONGRESS K PERVAKTA TO  SIRF RAJNITI KA MUDDA TALASHTE HAI OR BJP. SIRF NINDA KARTI HAI,CAG,1
facebook_corpus_msr_233760,Ye sab rajniti krre he ro kangres ke prvkta to hamari sarkaar ni he to pisle 60 saal me kya kre,CAG,1
facebook_corpus_msr_233761,Sub apni rotiya sekte hai...koi to jawano ka dard samzo....aur unhe latest technology we less kr do...,CAG,1
facebook_corpus_msr_233762,Aur kitni shahadate denge jawan....sabhi jawano ki takat badao....aur intelligence agency kya kr  rhi thi...,CAG,1
facebook_corpus_msr_233768,"Keval paramiltry marte rahe 

Kya is baar paramiltry  ko saheed mangi  sarkar",CAG,1
facebook_corpus_msr_233769,Tum log koe sharam nahi ati chache jo bhi jojay .bas tv par ladai karo ge our public ko bekuf samjho te ho,CAG,1
facebook_corpus_msr_233773,Thuu h in partiyo pe jinko hunne vote diya lekin in subne Gand hi Mari h,CAG,1
facebook_corpus_msr_233800,Is desh ka naas kar diya in netao ne.  Kbhi bhi terrorisiom ke khilaf ek nhi ho skte,CAG,1
facebook_corpus_msr_233801,Ye log kuch nahi karenge bs kursi garam karenge asli naksli yahi hai raj neta,CAG,1
facebook_corpus_msr_233803,Rohit her Inhe boliye  ki ek dooshre per Dosha Ropan Karna bund Kare aur positive  such se gal nikalne ka kaam kare,CAG,1
facebook_corpus_msr_233804,Aakhir hamara ministers ki kya majboori ha ki.crpf army ko karwai kyo nahi karna data,CAG,1
facebook_corpus_msr_233813,Sach baat jin maa baap bhan or patni or bachho k father gae wo wapis aayghe kya ji... Sarkar enko bnati h or fir mare jaate h nojwan bhart maa k orr nirdos bachho ko... News bi sarkar ki behas krti h ji order lyne k ley nhi ladtte ki ye hoe kyonki nai news bnani h,CAG,1
facebook_corpus_msr_233814,"Kisi ko pranam krne ki ichchha Hoti h to main Z NEWS chenal pr debate dekhkr Rohit sardana ko pranam kr Deta hu. O
Jis trh se nispks debating krte h .
Aaj nkslite pe debet ho rhi thi aur dono partiyo bjp congres ko dhote huye dekhkr unko bar bar Naman krta hu.",CAG,1
facebook_corpus_msr_233816,Sandeep patraji act nahi action apna nara hai.or koi tulna mat karo action dukhavo ye babat me to aap fail ho.muje dukha se ye kahena pad raha hai kyoki mai bhi kuttar modi  bhakt hu.or pavan tu to bol hi mat tum madhar c....do ki vajah se hi naksalvad or aatankvadi peda hua hai,CAG,1
facebook_corpus_msr_233817,Hone do sir apne log hai? Hone do kisi ka ghar barbad hota to neta log ninda wali karywahi kar rahe na wo to apne ghro me safe hai meri bat yad rakhna ak din LTT  jesa hoga tab kon si karywahi karte hamare neta  us pariwar se pucho jisne apna bhai beta bap khoya,CAG,1
facebook_corpus_msr_233821,Congress walo se ye puchiye ki wo support kyo krta h terroristo ka kaha Nara lagta h waha pe to Congress wale sbse phle chle jate h us time kyo ni sochte h ki hm support kyu kr rhe h,CAG,1
facebook_corpus_msr_233823,Inse puccho Naklashliyo ka khatma kb hoga or hmare jvano ki Shurksha Chahiye puri ye kya jane,CAG,1
facebook_corpus_msr_233826,"Modiji aye tab se india me aek lion aaya aesa lagata tha to fir jo Javan chal base he unki shadat our parivar ka dukh dekhake hi aatankiko khatam karo. Bate bahot ho gai.  
Hi Sab lagavo ki kit ane ab tak Javan shahid huve. Please something do it. Jay hind",CAG,1
facebook_corpus_msr_233839,"Akhir kab tak ham Apna sainik khote rahenge, Sarkar inlogo (naxal,terrorist)  k samne Itna kamjor q ho jate hain,ye political mudda hai jispe har bar har party apne ajenda me samil karte hain, pr isko khatm karne k liye kuch v Kadam nhi uthana, akhir q, we have to take strong action on this",CAG,1
facebook_corpus_msr_233845,सर एक बात पूछना चाहुगा जब गिल यहाँ आये थे उन्हें राज्य के मुख्यमंत्री ने कहा आप मस्ती करिये वेतन लीजिये इन सब में मत पड़िये,CAG,1
facebook_corpus_msr_233854,Same you modi ji and rajnath sir iske Liya humane apko vote nhi diya badla chayia ab,CAG,1
facebook_corpus_msr_233856,Inko pta nhi h aaj wo kiski wajha se yha saanti se debat kar rhe h,CAG,1
facebook_corpus_msr_233858,Aur netao ke pass siwa rajniti ke siwaa koi hal nhi h army ko free kro aur 2 din me ilaaj dekho,CAG,1
facebook_corpus_msr_233862,are aap chunav hi ladlo kyuki aap dono hi bade wale h sambit patra aap to apne aap ko bahut samajhdar samjhte ho yar kya h ye or ye badla liya jayega is sentence ko change kar do   band karo ye sab   or armed forces ko power do aap    apni dukano ko band kar lo aap,CAG,1
facebook_corpus_msr_233863,Jung pahle desh me hi ched do. Dusman desh ke andar hi he. Use khatam karo. Who is financing them ? Koi movement   fund bigur nahi chalti. First closedown all financial support .,CAG,1
facebook_corpus_msr_233868,Kya jawan aise hi shaheed hote rahenge aur sarkar har baar kewal ninda hi karti rahegi kya hamari jindagi ki koi keemat nahi,CAG,1
facebook_corpus_msr_233870,Home minister ko action Lena chahiye na ki nindA kerna chahiye is ka sleeper cell nakam ker dete ho but naksali ka nhi iska mtlb kya hua,CAG,1
facebook_corpus_msr_233873,Aap ke ghar bale nahi mar rahe h na is liye aap log sirf ninda hi karte rahiye,CAG,1
facebook_corpus_msr_233874,Bat sahi h ki hm apne desh k naksaliyon s nhi nipt sk rhe h to terrorist s kese bachenge how😠😠😠,CAG,1
facebook_corpus_msr_233876,कौनसी असमानता की बात कर रहे वो देश के syestm से परेशान है देश के संविधान से सहमत नही है क्यू की उस संविधान से उन्हें अब तक उन्हें इंसाफ नही मिला शोषण मुगल और ब्रिटिश राज में होता था उनखा शोषण होता तो वो आर्मी की नही मारते जो उनखा शोषण करता उसे मारते वो देश के systm से परेशान है सविधान से परेशान है,CAG,1
facebook_corpus_msr_233879,Jo log sirf amiro Ko dekhte hai o kabhi nhi garibo Ko dekhte hai,CAG,1
facebook_corpus_msr_233881,निंदा नहीं उन्हें खोजो और जिंदा जलाओऔर पुलिस को साथ रखो।DGभी IPS नहीं उनके केडर से बनाओ।,CAG,1
facebook_corpus_msr_233882,राजनीतिक कारण हैं देश में बिपक्ष अपनी राजनीतिक को कैसे छोड़ दे अव हल़ला मचा रहे  हैं सैनिकों ने 25 मार दिये  होता मोदी ने निदोश मरवा  दिये,CAG,1
facebook_corpus_msr_233900,aap kuch bhi nahi kar rahe hi hamne BJP ko is liye vote nahi diya ki TV par sahido ka majak urao,CAG,1
facebook_corpus_msr_233901,desh ke dushmanon se bharatvarsh hamesha chhalni hua hai desh ke gaddaron ko jaanboojh kar kyu chhoot de di jaati hai deshbhakt kyu apna sarvasva balidaan karte aa rahe hain ab to lagaam lagao deshbhakton ke jaan ki keemat ada kare desh ke karndhaar maaf nahi karenge ab gaddaron ko vande matram jay hind ki sena jay hind,CAG,1
facebook_corpus_msr_233902,Kya hai ye ninda ninda ninda ninda what nonsense bhagao in sabko yeha se faltu me mood kharab kr rhe sab ke sab,CAG,1
facebook_corpus_msr_233903,Netao ke ghar vale ko bhejo tabhi malum padega ki sahadat Kya hoti he,CAG,1
facebook_corpus_msr_233907,Ye Congress wala kya bol rha aasu to bahate ho salo jnu me ja ke kya krte h ye Congress walo avi 5ko goli maro fir dekho Congress ki reaction,CAG,1
facebook_corpus_msr_233910,"ye poltical gapori logo ko mat bulao sir ,inka beta thore na mara hi ,ye to maja le rahe hi Ac me baith kar",CAG,1
facebook_corpus_msr_233913,Ab bate band kro or kuch kar k dikhao bhut bardash kr liye jin k sahid ho gye un pe kya gujar rhi h unka dard koi nhi samz sakta h,CAG,1
facebook_corpus_msr_233914,Shanti shanti.....Kadi ninda sarkar ki kamjori hai. We never expected this from Modi Govt.,CAG,1
facebook_corpus_msr_233918,Inko ye kab samajh me aayega k sirf nidda karne se kuch nahi hoga aap nidda mat kariye sidha action lejiye,CAG,1
facebook_corpus_msr_233919,Modi aur rajnath  kab tak ninda karenge fir aap aur Manmohanj  me koi fark to  nahi  hai na .,CAG,1
facebook_corpus_msr_233921,Congress aur BJP se upar uth ke soch lo mere desh ke netaon..🙏🙏🙏,CAG,1
facebook_corpus_msr_233926,Jb jaan jawano ki hi jaani hai toh unhi ko adhikar milna chahiye aatankwad or naksliyo se niptne ka...Army ko hi power milni chahiye netao ko nhi kyuki ye sirf baate krte hai....,CAG,1
facebook_corpus_msr_233929,In sabhi nakslio ko aisi maut maaro ki ye saale paani maangne ke layak na rahe,CAG,1
facebook_corpus_msr_233931,Rajnath Singh ji ke bhi bête hai ye agar aaj uun me hote to ye sochte nahi action turant hota,CAG,1
facebook_corpus_msr_233933,Sir bhout hua Kerala dehko bangal  dekho up dekho jamu and Kashmir dehko kya ho RHA hi mere hindostan m kya ye ek Islamic desh bna jayega kha gya modi Ji ka 56 inch ka sina  kiu har  jga hamre army ke  jwan  mare  ja rehy kiu modi Ji kuch krte nehi,CAG,1
facebook_corpus_msr_233938,Jwano ki jaan se to raajneeti hoti hai...ye nahi karengey to kaise chalega,CAG,1
facebook_corpus_msr_233941,"jo kahrahe he goli ka jawab goli nahi , unhe ya unke bato ko us area me bejo phir dekho kese palatte he",CAG,1
facebook_corpus_msr_233942,ye pawan ji congress ki policy hi logo ko badhawa de rahi he rajniti band karo,CAG,1
facebook_corpus_msr_233945,"Ab koi v ho naksali ho ya fir aatanki ab bahut huva khoon ka badla khoon se hoga, 
Ye sarkar me bahut kuch kami hai,sudhar ki jarurat hai...",CAG,1
facebook_corpus_msr_233952,sabse bade jimedar tum ho beti chodo 3talak bas uske alawa kuch nahi dikhta marta  jawan bhuka kisan kuch nahi,CAG,1
facebook_corpus_msr_233966,Bhaiya etna news bas jab koie jawan marta h tabhi aata h sare news channel par aur logo me gussa tbhi aata h..... aisa ku??,CAG,1
facebook_corpus_msr_233967,Modi ji se jitni ummid thi wo sab dhere dhere khatam ho rahi h. .......modi ji aur BJP government ko dekh ke aisa lag raha h ki inka kaam karne ka tariqa sirf chunaav jitna h taki har state mien BJP ke ache din aaye baki jawano ka ya is desh ka kuch ho inhe koi farak nhi h,CAG,1
facebook_corpus_msr_233970,Yr in logo ko ladne se time nile to koi batato in bhnchodo ko ki koi mara h desh m bc maxak chl ra h kya,CAG,1
facebook_corpus_msr_233976,Tum log bas esi tarah aapas me bakwash kar ke chup ho jate ho yahi kam kuch karte nahi,CAG,1
facebook_corpus_msr_233977,In me sabse jada atankvadiyo or naksaliyo ko kon si party samarthan deti he.,CAG,1
facebook_corpus_msr_233989,Inn netao k Ghar see ek ek person ko front pe bhjeo fir poocha kya karna hai problem ka,CAG,1
facebook_corpus_msr_233993,Rajnath singh l. K. Advani name badey or dershan khotey,CAG,1
facebook_corpus_msr_233996,Kuch nahi ho sakta is desh ka jaha naksali ke hath me banduk kashmiriyo ke hath me padhar aur sena ka hath bandh diya jata hai...,CAG,1
facebook_corpus_msr_233997,Aaj kya kadam uthaya naksali yo ke khilaf kadi ninda ke awlava,CAG,1
facebook_corpus_msr_23430,"ha...ek ungli unki taraf hai teen tumhari taraf......विद्रुप स्थिति यह है कि आज हम बुरा बोले या कुछ बुरा करे, समाज में इसको भी जगह मिल जाती है। ।।।।।।। उसी सस्ती लोकप्रियता का आज आप चटखारे ले कर मज़ा ले रहे है।",CAG,1
facebook_corpus_msr_23438,tere bolne se kya fark parta hai,CAG,1
facebook_corpus_msr_2349557,Teri baat Shi h bro ajkal guma pheera ke present Kiya Jane lga h,CAG,1
facebook_corpus_msr_2377401,Ur ryt bro najane ye log kaha Kaha se ye report late hay samajme nhi ata mujhe,CAG,1
facebook_corpus_msr_2379856,"छक्कों से और क्या अपेक्षा की जा सकती है,",CAG,1
facebook_corpus_msr_2379872,Dilip Kumar Rai fahim ki keh k le le tumne !!!! :P,CAG,1
facebook_corpus_msr_2379877,"Yaqub memon ke marne ke baad namaje janaja rakhne wale rohit vemula ke liye desh ke jawan ladke ladkiya laathi kha rae h,college ki padhai chorkar aandolan kar rae h..jab desh mai aatankwad ke liye ekta nahi h tab kese desh aage badhega....rohit ki maa ne dalit se shadi nahi ki thi isliye wo dalit bhi nahi tha......jab rahul gandhi ki maa christian h aur baap gandhi the fir rahul gandhi hindu honge ya christian????. Yuva logo se appeal h ki ye ISI walo ki chaal h jo tume galat raste le jaate h",CAG,1
facebook_corpus_msr_2379948,"Zabardast, sujha do jnu walo ki.",CAG,1
facebook_corpus_msr_2380010,Sanghiyo sarkar tmhari hai kuch bi krlo,CAG,1
facebook_corpus_msr_2380019,koi secular or Award Vapsi nahi dikh rahe he.,CAG,1
facebook_corpus_msr_2383806,Na Bhai in UP ... Mohammad Naved....Aur agr nhi jiti toh bhujtegi whi parivaar ka drama,CAG,1
facebook_corpus_msr_2383827,Ha Bhai bda h tbhi toh waha experiencd bnde ki jarurt h na ki ek hi parivaar ki party ki Jo sirf apne jghde me hi pdhe rhte h aur election aane pe drama krne lgte h😫😫,CAG,1
facebook_corpus_msr_2383828,"तुम्हे बीजेपी की बहुत चिंता है? अपने आकाओं की सुध लो, जो अबकी निपटने वाले हैं।",CAG,1
facebook_corpus_msr_2383829,"गुंडों से उप त्रस्त है, अबकी गुंडों की सरकार नही बनेगी चाहे कितना भी मुसलमानी का तलुआ चाट लें।",CAG,1
facebook_corpus_msr_2405050,Sumukh yeh chutiyappa padh 😂😂😂,CAG,1
facebook_corpus_msr_26268,Congress ne diya hoga flight ka ticket.......,CAG,1
facebook_corpus_msr_26269,"Ek chowkidhar ka ladka kanhaiya delhi to hydrabad in flight.wow ""ache din aa gaye"". Jai ho modi .sach mein log sahi kahte hain modi 10 saal pm rahe toh. Modi america or china ko piche kar denge. Ache din ayenge.",CAG,1
facebook_corpus_msr_26276,ye bhasa he deshbhakto ki,CAG,1
facebook_corpus_msr_288060,"कितनी अजीब बात है कि एक काल्पनिक केरेक्टर बाहुबली की मौत का राज जानने के लिए पूरा देश थिएटरों पर उमड़ा पड़ा है ।काश कि इतने लोग मिलकर सरकार के सामने खड़े होकर यह पूछते कि बताओ आतंकवादी और  नक्सलवादी हमारे फौजियों को कैसे मार  रहे हैं, तो देश की तस्वीर ही बदल जाती ।",CAG,1
facebook_corpus_msr_288067,Aap apne tv channel  par Pakistan walo ko ku bulte hai. Apne channel ki TRP bdne ke liye. Aap bhi kuch action lo,CAG,1
facebook_corpus_msr_288073,Tumse na ho payega jetli.....,CAG,1
facebook_corpus_msr_288074,Jetli ki jetli bhar Gai.....,CAG,1
facebook_corpus_msr_288075,"नाराज़ शहीद परमजीत के परिवार ने पूछा- ‘पाकिस्तान को मुंहतोड़ जवाब क्यों नहीं दे रही है सरकार’

http://abpnews.abplive.in/india-news/why-the-government-is-not-giving-a-shattering-reply-to-pakistan-ask-family-of-paramjit-608635",CAG,1
facebook_corpus_msr_288080,Gowraksha me buzzy hai rakshamanthri,CAG,1
facebook_corpus_msr_288084,सर ये निंदा कब तक ??,CAG,1
facebook_corpus_msr_288091,Sarkar Kya Kar Rahi hai,CAG,1
facebook_corpus_msr_288092,Lagta hai is P.M ko 3 talaq dena hi padega 2019 me,CAG,1
facebook_corpus_msr_288094,अंजना ओम ने भाजपा की रोटी खा रखी है,CAG,1
facebook_corpus_msr_288098,Modi ji kuch kijiye,CAG,1
facebook_corpus_msr_288101,Shidhu nadika pani ban kar do,CAG,1
facebook_corpus_msr_300234,lekin halaat bhot sudhar gye h dalit k liye desh k kanoon ne or suwidhao ne career banana bhot aasan ho gya h...par yaha jo hua wo galat h village me esa ho raha h aaj bhi par shehar or jyadatar jagah s.c maje ki life kaat rahe h such yahi h,CAG,1
facebook_corpus_msr_300240,Bhai upper cast k sath bhi hota h ye.jruri nhi dalit k sath hi ho.,CAG,1
facebook_corpus_msr_300249,Speakers kaha se laaye yeh sab bilkul dam nahi hai in ke points mein,CAG,1
facebook_corpus_msr_300252,"भेदभाव दलितों के साथ न कभी था और न अब है
भेदभाव गरीब के साथ होता था होता है और रहेगा
ये सब आरक्षण को कायम रखने के लिए हो रहा है",CAG,1
facebook_corpus_msr_300253,JB tk reservation rahega... Reservation nam ki cheej hi bar bar yad dilati h k kon dalit h,CAG,1
facebook_corpus_msr_300256,"उनका आरछन धार्मिक है ,
उन्होने धर्म को मजबुत किया !
तुम्हरा आरछन संवैधानीक है ,
      क्या तुमने कभी
संविधान को मजबूत किया !!",CAG,1
facebook_corpus_msr_300258,Mera midea wale se nivedan hai ki is news ko adhik se adhik logo ko dikhae ta ki news soya kanoon jag jae,CAG,1
facebook_corpus_msr_300276,Sabse jyada break up Chanel aaj tak,CAG,1
facebook_corpus_msr_300283,Band kro ye sab....... Aache se mehnat kro........ Aapne karmo se hote h sab......,CAG,1
facebook_corpus_msr_300292,desh badalna ha soch badalna ha PM BADALNA HA,CAG,1
facebook_corpus_msr_300300,Hamara desh so raha hai,CAG,1
facebook_corpus_msr_300304,Insaan bnney ki koshish kro ho Skta h aap kamiyaab ho jaye,CAG,1
facebook_corpus_msr_300308,Naksaliyo ki baat abhi dunia ne nhi suni,CAG,1
facebook_corpus_msr_300324,Nakslwaad ki baat kar bhai,CAG,1
facebook_corpus_msr_300379,Kade se Kade action lena chahiye,CAG,1
facebook_corpus_msr_300385,Naksal waad ko Khatam kar do,CAG,1
facebook_corpus_msr_300388,Jaada dalit dalit mat bol,CAG,1
facebook_corpus_msr_300410,Police to sabhi jagah waise hi hai,CAG,1
facebook_corpus_msr_300412,Ac me baith ke bate karne se kuch nahi hota,CAG,1
facebook_corpus_msr_300414,Unko sirf apni karni hai,CAG,1
facebook_corpus_msr_300415,Public ki koi nhi sunnne walA,CAG,1
facebook_corpus_msr_300497,कभी बंगाल पर भी बोलो #NEWSTREDRS,CAG,1
facebook_corpus_msr_300536,"Kya general ke sath sub aacha ho reha hai..??? JIS din aarthik Aadhar per reservation milega...
Jati ka koi sawal hi nahi rehega.",CAG,1
facebook_corpus_msr_300553,Iska jimedar midiya bhi hai,CAG,1
facebook_corpus_msr_300554,"सबको समान अधिकार दो, 
और जातिगत आरक्षण बन्द करो। 
धन्यवाद्।",CAG,1
facebook_corpus_msr_300555,Pura govt dalito se bhara bhara pada hai,CAG,1
facebook_corpus_msr_300561,"आरक्षण आगे भी सदीयों तक रहेगा साबित हुआ ,विकास विकास",CAG,1
facebook_corpus_msr_300566,दिक्कत है??,CAG,1
facebook_corpus_msr_300567,फोन बेच???,CAG,1
facebook_corpus_msr_300568,Jab tak reservation rahega tab tak,CAG,1
facebook_corpus_msr_300577,Bahut hi sharmnak baat hai,CAG,1
facebook_corpus_msr_300591,Janboojh Kar inke sath istarah ki ghatnaye hoti Hai,CAG,1
facebook_corpus_msr_300596,Bhesh badal raha hai?,CAG,1
facebook_corpus_msr_300600,Abhi Puri tarhse sudarna nhi hoti,CAG,1
facebook_corpus_msr_300602,Jb tk aap jaise news wale hai,CAG,1
facebook_corpus_msr_300609,Modi modi kuch bhi ho modi.modi,CAG,1
facebook_corpus_msr_300610,"कुछ हमारे संग चले आएंगे ,
कुछ देख कर रंग ढंग चले आएंगे ,
बाकी जो बचे हो कर तंग चले आएंगे """,CAG,1
facebook_corpus_msr_300613,Kya Bjp sarkar Dalito ke sath Bhedbhav ki Niti Rakhati he?,CAG,1
facebook_corpus_msr_300614,समाधान करे।अब मुद्दा देश के विकास का हे ।दोषी को शर्मिन्दा हो। ये मानसिक बिमार है।,CAG,1
facebook_corpus_msr_300616,Jab tak aap log hai is desh mai,CAG,1
facebook_corpus_msr_300617,Kaha hai woh aarakshan par ungli uthanae wale,CAG,1
facebook_corpus_msr_300630,Dalit ko koy hak nahi  ha Kya?,CAG,1
facebook_corpus_msr_300631,गलत बात,CAG,1
facebook_corpus_msr_300642,उन लोगों को सारम करनी चाहिये जो इस तरह के काम को आजम दे रहे है,CAG,1
facebook_corpus_msr_300645,कया आप दलीद पायादा होते है जनम लेते समय कोन सा धरम मे जनम लीये है पाता चलत है ये बता सकते है,CAG,1
facebook_corpus_msr_300682,Ye aaj tak ki trp kam ho gae hai,CAG,1
facebook_corpus_msr_300683,Media jag gaya re,CAG,1
facebook_corpus_msr_319241,Enki filmo ka bahishkar karna chahi,CAG,1
facebook_corpus_msr_319248,Nahi dekhuga Pakistani mulla ki movie,CAG,1
facebook_corpus_msr_322447,रामचँद्र कह गए सिया से...भारत मेँ ऐसा गदर्भराज आएगा...एक गधा दिल्ली बैठेगा....एक यूपी मेँ राज चलाएगा...जुमलोँ से फिर देश चलेगा....अँधोँ मेँ काना राजा कहलाएगा,CAG,1
facebook_corpus_msr_322709,Bhakt aya bhakt aya... Ndtv Sachai dikhata hai or bhakton ki jal jaya karti hai,CAG,1
facebook_corpus_msr_322717,Esai khatai hai..suchaa bhaktt.. Asi chez ko juro kai hosh ourrjaay...,CAG,1
facebook_corpus_msr_322720,Gali mat de bhai. Agar kumar ko lagta hai ndtv paid media hai to prove.karo,CAG,1
facebook_corpus_msr_322754,q?surgical strike se tumhe kya problem hui?balki tum log ko toh khush hona chahiye tha terrorists kam hue tumhare country se.aye din jo bomb blasts hote hai pakistan me ye sab tum log k terrorists hi toh karte hai.surgical strike me tumhare jawan mare the ya atankwadi decide kar lo yar,CAG,1
facebook_corpus_msr_322756,Bahi jan hum ko choro apni parwa kro hamsha india ny dhoka diya aur hamsha jhot bola but ab tm logo ny real surgical strike dahka kal with proof,CAG,1
facebook_corpus_msr_322759,Modi sarkar 1 bhi pakistani head le aaye ...Yahi bahut badi baat hogi....Haan Mann ki Baat me Modi ji pakistani 50 head kya....500 head le aayenge.....,CAG,1
facebook_corpus_msr_322763,जब चाहा पत्थरबाजों ने मार गिराया जब चाहा दूसरे मुल्क ने सर काट डाला। Indian Army को भेड़ बकरी बना डाला है ये राजनीतिज्ञों ने।,CAG,1
facebook_corpus_msr_322768,"Ap   logu  ko  kashmir  ka  log   yad  nahi  ata  
Wo  b  ak  insan   ha
Jo   laku  ka  hesb   sa  mara  ga",CAG,1
facebook_corpus_msr_322769,Kashmir main her ek maa aur behen iss से b ziyada khoon के aansu her din bahate hain.,CAG,1
facebook_corpus_msr_322771,Kisi ke bhi aansun kam ya zyada nahi hai... Idiot,CAG,1
facebook_corpus_msr_322772,Rajan Khera हम AAZAAD ho k he rahenge woh to hamara haq hai POK ko पाकिस्तान chodne k liye tayaar hai but इंडिया hatdarmi pe hai,CAG,1
facebook_corpus_msr_322780,Naxal hamlay main saheed jawanu ki kisi family ko nhi dikhaya gya.....,CAG,1
facebook_corpus_msr_322782,Haha khud gurden kat k ilzam Pakistan pay Indian foji ne khud gurdnain kati hain apne satyoo ki Pakistan to fire kr k Mary thuh,CAG,1
facebook_corpus_msr_322786,Indian army m jo gharib foji hota h usko khud marwa k pakstan p alzam lagaia jata h,CAG,1
facebook_corpus_msr_322816,"Revange tow banta hey jai hind 
Chodna nahi desh key jawano",CAG,1
facebook_corpus_msr_322840,Betya ye Pakistan 🇵🇰 ha India ka mom k gar nahi,CAG,1
facebook_corpus_msr_322972,"...दिल खोलकर
.
.और
.
.बिना डर के
.
.लिखते हैँ फेसबुक पे सच्चाई
.अगर
.
.गुमराह करते
.तो
मोदी जी की जगह होते",CAG,1
facebook_corpus_msr_322973,Sala ndtv hai to bekar. Sari hwa me bate krta hai  yhe t.v,CAG,1
facebook_corpus_msr_322979,"दो ही चीजेँ रह गई है...मोदी जी के पास....देने के लिए भाषण और करने के लिए मन की बात....एक जुमलेबाज ने तोङ दिया देश का विश्वास.......अच्छे दिन की बहनो-भाईयो,   अब मत करना आस",CAG,1
facebook_corpus_msr_323406,"वैसै डांस अच्छा किया है, एन डी टी वी से परहेज करने वालों, यदि मोदीजी भी  ये क्लिप  देखे तो वो भी तारीफ ही करेगें।",CAG,1
facebook_corpus_msr_323422,Ye kya hai..kuch bhi news..esa bhi kuch khas nahi dance,CAG,1
facebook_corpus_msr_323794,Jab usko dhoyegi to 2kg surf chahiye saaf karne ke liye,CAG,1
facebook_corpus_msr_323796,Safaayi hi karni hai to India me Karti pagli kahin ki,CAG,1
facebook_corpus_msr_323811,Yahi India main zadu laga leti. Ekhada safai award mil jata.,CAG,1
facebook_corpus_msr_323824,इतना कपडा होने के बाद भी बदन नही ढक पाई,CAG,1
facebook_corpus_msr_323831,jhaadu bhi dress bhi.. 2in1..  Indian by heart! 😝,CAG,1
facebook_corpus_msr_323866,Itne kapre ms to 3 ke dress ho jate :-D :p,CAG,1
facebook_corpus_msr_323985,"...दिल खोलकर
.
.और
.
.बिना डर के
.
.लिखते हैँ फेसबुक पे सच्चाई
.अगर
.
.गुमराह करते
.तो
मोदी जी की जगह होते",CAG,1
facebook_corpus_msr_323986,"कटप्प्पा ने बाहुबली को क्यो मारा था अगर जान गए हो तो ज़रा इन सवालों पर भी ग़ौर कर लें !!

तीन साल में 

1- कितने करोड युवाओं को रोजगार दिया ?
2- गंगा मैया कितनी साफ हुई ?
3- बुलेट ट्रेन के कितने कोच तैयार हुए ?
4- मेक इन इंडिया का क्या परिणाम रहा ?
5- कितने दागी नेता जेल गए ?
6- धारा 370 पर क्या हुआ ? 
7- कितने कश्मीरी पंडितों को उनके घर मिले ?
8- डीजल पैट्रोल कितने सस्ते हुए ?
9- मंहगाई कितनी कम हुई ?
10- आम जनता के लिए क्या किया गया ?
11- लाहौर और करांची पर कंहा तक कब्जा किया ?
12- सेना को कितनी छूट दी गई ?
13- चीन थर थर कांपा क्या ? 
14- देश ईमानदार देशों की श्रेणी में आया क्या ? 
15- किसानों की फांसी बंद हुई क्या ? 
16- जवानों का खाना सुधरा क्या ? 
17- बिहार को 125 लाख करोड़ का पैकेज दिया क्या ? 
18- अलगाववादी नेताओं की सुविधाएं बंद की क्या?
19- ओवैसी और वाड्रा जेल गए क्या ? 
20- मोदी के विदेशी दौरों से कुछ फायदा हुआ क्या ? 
21- राम मन्दिर बना क्या ?
22- गुलाबी क्रांति गौ हत्या रुकी क्या ?
23- डॉलर का मूल्य रूपये के मुकाबले कम हुआ क्या ?
24- कितने स्मार्ट सिटी तैयार हो गये ?
25- कितने गाँवों की काया पलट हुई संसादों के गोद लेने से ?
26- महिलाओं पर अत्याचार रुक गया क्या ?
27- बीफ एक्सपोर्ट में भारत को एक नम्बर किसने बनाया ?
28- 100 दिनों के अंदर विदेशों से काला धन आया क्या ?
29- कितने लोगों को 15 लाख मिले ?
30- नोटबन्दी से आतंकवाद और नक्सलवाद का कमर टूटा क्या ?
31- देश के अंदर से घूसखोरी बंद हो गई क्या ?
32- भारत में कितनी खुशहाली आई ?
33- स्वच्छता अभियान का क्या परिणाम रहा ?

बाकी जो छूट गया हो,  वो आप एड कर लो,और ढूंढो!!!",CAG,1
facebook_corpus_msr_324001,Bhai bohat afsoos hota Hai jab ye gareeb muth SE lad rahe Hai aur ye government Sirf dharam ki rajniti kar Rahi Hai ..... Kya aaiyse hoga apna desh age,CAG,1
facebook_corpus_msr_324006,Bas bags hi pack kar rahe hain but Pakistan main atheists ko nahi lete 🤷🏻‍♀️ #PhitteyMuh How about Nepal !?,CAG,1
facebook_corpus_msr_324020,"Abe sharm aani chahiye tum logo ko jitna tym is scene ko shoot krne me waist kr rhe itme me tum log b to usko help kr skte the...........
I agree k waha pe hospital staff ne bht galat kiya h, uske against to action hona hi chahiye but I request u k kbhi aap log b kisi ki help kr diya kro bajay video banane k to shayad kisi insaan ki jaan bach jaye...........",CAG,1
facebook_corpus_msr_324029,Sarkar ka priority list mein ' Gau Mata ' sarbopori hai !,CAG,1
facebook_corpus_msr_324031,Problem yahan nahi hai ki usne nahi kiya..problem yahan hai ki kisi ne kuch nahi kiya..wo media house Bhi video banata raha..kisne kya kiya..humara samaj Mara hua hai..ye chije roj hoti hai..report kabhi kabhi banti hai.. problem humara hai..Jo jaha hai chor hai aur dusre se imandari ki apeksha rakhta hai,CAG,1
facebook_corpus_msr_324059,agar neechi jathivalonko Ambulance diya to baad me unche jathivalonke shav nahi leja saktana isiliye,CAG,1
facebook_corpus_msr_324068,indian sarkar apna janta mar raha hai dekhta nahi sala auro ki desh me ungli karta rahta hai,CAG,1
facebook_corpus_msr_324077,Mere desh agy badraa hai yogi ji apkey jai hoo cow ko cow shalaaaa hai insaan ko kuch nahi,CAG,1
facebook_corpus_msr_324080,Iss mai itna chilla na ki kya zrurt  hai.  .. ...... Aade ambulance tou  gau mata ko diya hain......   Mata bda hai k bachcha,CAG,1
facebook_corpus_msr_324096,अब बस बहुत हो गया इस बार मोदी जी अपने सैनिकों को ऑर्डर कर दें की जब तक भारतीय जवान पकिस्तान के प्रधानमंत्री नवाज शरीफ को लेकर भारत ना आ जाएँ तब तक जितने भी आतंकी रास्ते में आएं उनका सफाया करते हुए आगे बढ़ते जाना है क्यूंकि जब तक किसी देश का राजा गिरफ्त में नहीं आता तब तक कोई भी युद्ध समाप्त नहीं होता यही इस नीच पाकिस्तान के साथ करना होगा तभी इसको समझ में आएगा भारत से पंगा लेने का नतीजा क्या होता है,CAG,1
facebook_corpus_msr_324109,Ab kya America main bhi BJP ki sarkar chahiye ? Tab kya aam aadmi ko ambulance ki suvidha uplabdh hogi,CAG,1
facebook_corpus_msr_324122,"Jo hokumta Hospital se ghar tak shav ko lay janay k liye Ambulance ki vevastha nahi karsakti vo hokumta apni sainikon ko bhi marva sakti hai.

Bhagwa Atanki ka sashan hai. Election Commissioner k office mn bhi bhagwa atanki ghoos gaya hai aor election mn dhandli karwa raha hai. 

BhagwaAtank Police Universities Bank or atank macha raha hai. Mandir va Masjid mn bom/ beef phenkwa raha hai..",CAG,1
facebook_corpus_msr_324141,"Bacha hi mara hai na , gaye toh nhi mara..",CAG,1
facebook_corpus_msr_324174,अब एंबुलेंस गाय ले जाने के लिए लगा दी गई है,CAG,1
facebook_corpus_msr_324203,Doob maro gandey naale me...Jo bade bade daawe karte hain,CAG,1
facebook_corpus_msr_324501,Indian people's ne sab namoono ko hi vote dlne ka theka le rkha hai.,CAG,1
facebook_corpus_msr_324502,Mezak nehi Sach hae mazak to saare UP ka hi ho reha hae,CAG,1
facebook_corpus_msr_324506,"Cm to theek bana h lekin pm zaroor namoona ban gaya h ..,.",CAG,1
facebook_corpus_msr_324646,Ac aur security me beth ke bhasan dene me kaun sa zoor lagta hai.... waise b humare desh me Gau mata ke bhane logo ko maarna dharam hai.. usse agge humare soilders ki kiya aukat !!,CAG,1
facebook_corpus_msr_324648,"Samajh nahi aata k kon c success ki party mana raha hai humara pm modi?bc ek surgical strike kr di th election jeet gya bt uske baad kitne army officers mar gye ye kabhi socha hai??sala kabhi naxalites kabhi pakistani th kabi terrorists sab k sab attacks kar rahe hain kyu??wo kyu nahi darr rahe modi se ??bc 2rs k paki mulle hume fb pe bakwas kr jate hain bc ye sab sunne k liye bjp ko vote dala tha kya?bhai war krne k kon se parameters hain jo abhi tak pakistan ne cross nhi kiye ??ab th wo loc k b 250 meter andar ghus aye hain bc jb modi k ghar me ghusne lagenge sirf tabhi maroge??sainiko ki life ki koi value nahi hai sala aab parties bas election jeetna janti hain ya koi jung b jeetna janta hai??sale ye chutiya bhakt or chutiya pm k chakkar me ye jo politics ho rahi hai or ye sale army ko orders nhi de rahe jwaab dene k liye use pakistan apni jeet smjh raha hai..ek fuddu pm k orders ki wajah se humare jaanbaz army officers bechare ban k reh gye hain shikaar ban k reh gye hain jinka roj shikar ho raha hai,are yar ab th politics chor k desh k liye soch lo ab th tum jeet b gye ho..bhai unke b maa baap bhai bhain bache hain jo roj mar rahe hain..pal pal marne se acha hai ek baar hi faisla kar lo ya idhar ya udhar bas ...",CAG,1
facebook_corpus_msr_324657,"💊💊💊💊💊💊💊💊💊💊
स्मृति इरानी जी / चूडियाँ संसद में, ले जाकर / उन्हें पहनाओ / जो कश्मीर में, पैलेट गन का / विरोध कर रहे हैं / इंसाफ तभी होगा /
💊💊💊💊💊💊💊💊💊💊",CAG,1
facebook_corpus_msr_324670,बेकार की झूठी बातो से जनता को भरमाना बन्द करो ।पाकिस्तानी सबूत के रूप मे हमारे सैनिकों के शीष काट कर ले गये हैं।भारतीय जनता अब इसी प्रकार का सबूत चाहती है।,CAG,1
facebook_corpus_msr_325249,Shaad Aab Dastgeer islye nay mil raha petrol..petrol pump wale chori upar se sena jori strike kar rahe...bjp raid maris chori k lye..sabka sath sabka vikas..# petrolscam,CAG,1
facebook_corpus_msr_325311,"😂😂
Bro aap chale mat aana lucknow galti se bhi..wrna station/airport pe hi log aap ko bech khayenge 😉😜",CAG,1
facebook_corpus_msr_325337,"Janta ney aapko kaam karney k liye itna prachand bahumat dia hai shriman, aarop laganey k liye nahi....waise hamarey ilakey mein bijli-paani ki kos shamashya nahi",CAG,1
facebook_corpus_msr_325340,Sahi bole BJP ne bhi to ye hi kiya tha  ab kyu galat hai tum bhi Bihar Ko package de kar aye election harne ke Baad nahidiye,CAG,1
facebook_corpus_msr_325342,"bjp jeeti hai na , ab kuch kerke dikhao , aap per dhigra kyo phode rahe ho",CAG,1
facebook_corpus_msr_325352,Vishal Singh... Inke nai bakwas k liye 2 sabd bol do...,CAG,1
facebook_corpus_msr_325353,Bhai aam aadmi party pe jis tarah se apne lose motion ka blame bhi MODI pe dalti hai us hisab se BJP ka bhi thoda haq banta hai AAP ko kahi kahi blame karne ka😂😂😂😂😂,CAG,1
facebook_corpus_msr_325355,"But ye sirf ek stunt hai bjp ka...taki jo kashmir n chattisgarh mai jo hua usse aam logo ka dhayan divert karke new vivad ki taraf mod de...baaki sab jante hai..
#Bikchukihaigormint",CAG,1
facebook_corpus_msr_325360,"जब तक गुँडों लफंगों को राजनैतिक दलों में प्रश्रय मिलता रहेगा , राजनीति नहीं सुधर सकती ।",CAG,1
facebook_corpus_msr_325362,आइला ये वही सरदार है जो बुर्का पहन कर मोदी की फ़ोटो को लड्डू खिला रहा था ।,CAG,1
facebook_corpus_msr_325364,हमारे देस के नेताओ को आपस में लड़ने से ही फुर्सत नहीं हे तो काम क्या करेंगे घंटा,CAG,1
facebook_corpus_msr_325366,Ninda krne se kya hoga....uske liye ninda mantri Rajnath singh rkhe huye hain,CAG,1
facebook_corpus_msr_325367,Or ha inlogo ki NIDA karne Zinda ho jayege sab age koi nahi marega tum govt action nahi le rahi I Ko chipane Ko in logo ka Sahara lene me lage ho,CAG,1
facebook_corpus_msr_325369,Tum yaar bewaqoof ho. Jao jaa ke bahubali dekho itna hi tera IQ hai.,CAG,1
facebook_corpus_msr_325398,"Sir aapnay kaha aur hogya
Buddhay aapkay ghar ma koi sunta nae ha 
Chalay PAK army ko danda dainay",CAG,1
facebook_corpus_msr_325401,Pehly kehty thy 8 ab 3 pehly pak foj phir lashkar . khud hi apni adaon p Zara ghor karo hm kahengy to shikayat ho gi,CAG,1
facebook_corpus_msr_325402,बेकार की झूठी बातो से जनता को भरमाना बन्द करो ।पाकिस्तानी सबूत के रूप मे हमारे सैनिकों के शीष काट कर ले गये हैं।भारतीय जनता अब इसी प्रकार का सबूत चाहती है।,CAG,1
facebook_corpus_msr_325616,Haan hum ne khud hi apne soldiers ko maara kaata.. Hai na??,CAG,1
facebook_corpus_msr_325661,"...कल पाकिस्तान 250 किमी घुसकर दिल्ली में बैठे भ्रष्ट,गद्दार कर्मचारियों और अधिकारियों(जिन पर हमारे नेता आँख बन्दकर भरोसा करते हैं) को मारेगा और हमारे कमजोर सिपाही कुछ नही कर पायेंगे भूख के कारण...

भ्रष्ट, गद्दार कर्मचारियों और अधिकारियों ने सैनिको को घटिया राशन भेजकर सैनिको को कमजोर कर दिया है जिससे हमारे सैनिक कमजोर हो गये है और पाकिस्तान का सैनिक भारत में 250मीटर घुसकर हमारे कमजोर सैनिक का सर काटकर सबूत के रूप में ले गया ...",CAG,1
facebook_corpus_msr_325669,pahle desh ke andar to nayay ki baat puri kar le,CAG,1
facebook_corpus_msr_325744,gajab dharam hai.. jismein na insaan mehfoos na jaanwar... jahil log maut pe clapping kartey hain...,CAG,1
facebook_corpus_msr_325787,Modi ji sirf Bhashan me dahadte hai...Action ke time pakistan jake biryani kha aate hai...baki desh ki janta ke liye Mann ki Baat....,CAG,1
facebook_corpus_msr_325797,56 inch ka chhati sirf elecation me chalta Hai jab border ka bari Ata hai to 56 ke Bajay 28 inch Ho jata Hai,CAG,1
facebook_corpus_msr_325803,"KAHAN HAIN WO DALAL JO PICLI GOVT KO GALI DETE THE. AB SIRF HUM LOGON KO BHASHAN DETE HAIN,",CAG,1
facebook_corpus_msr_325804,Bus yeha bitha ker bathe kerwa loh result zero sirf falthu Ki bakwas channel per beth ker jung jithlo,CAG,1
facebook_corpus_msr_325811,"पोस्ट को तबाह करने से पहले पाकिस्तानी सैनिको को को जिन्दा मारो तब बात बनेगी अन्यथा पकिस्तांनी सैनिको के अहेवानीयत का खून हरामीपना करे बिना नहीं रुकेगा। लातो के भूत बातो से नहीं गोलियों से ही मानेगे। कश्मीरी पत्थरबाज ,नक्सली और पाकिस्तानी सैनिको को सिर्फ गोली की भाषा समजाओगे तभी भारत और भारतीय सुरक्षित रहेंगे।",CAG,1
facebook_corpus_msr_325813,EAH DAKHO PAKISTANI TE INDIA KENE SOHNE TOOFE DE REHE HAAN,CAG,1
facebook_corpus_msr_325832,Debate h krte rho aj BAT ne debu b kiya.:D,CAG,1
facebook_corpus_msr_326291,Pakisthan na modiji se darta hai na Indian public ...Pak ek ke bad ek iss taraha Ganda kam karta rehega or hum boltay rehengey Kadi se Kadi...Jawab dengey....Suntay Suntay budapha as geye...Or kitna din aise hi Sarah katwangey....Same full....,CAG,1
facebook_corpus_msr_326306,निंदा तो पिछली सरकार भी करती थी हमने निंदा के लिए सरकार नही चुना है अगर कार्यवाही नही कर सकते तो गद्दी पर दूसरे को बैठाओ जय हिंदुत्व,CAG,1
facebook_corpus_msr_326333,tumhare country ka news channel ka facebook page nai hai kya jo yahan aya hai coment karne.,CAG,1
facebook_corpus_msr_326338,"Jàban mar Raha hai
Kisan mar Raha hai 

# Ache _ din",CAG,1
facebook_corpus_msr_326343,Jo insaan gali dekar bolta ho social  media par Kiya discuss karengey,CAG,1
facebook_corpus_msr_326380,Beta itna boojh mat dalo apne nanhe se demag par.,CAG,1
facebook_corpus_msr_326388,Kiya kor rahe bjp sarkar Q nahe action lay raha ha abi nahe to kob laygy,CAG,1
facebook_corpus_msr_326399,FOZIO KO KAMAN DE DENE CHAHIYE WO JANE DUSHMAN JANE BAS.Y NOTANKI NHI CHAHIY BAHUT HUA PUBLIC ROAD PR AANE M AB JYADA WAQT NHI LGTA H HUM JIS DIN ROAD PR AAYE NA MAA KASAM SARE MASLE EK GHANT SOUL KR DENGE,CAG,1
facebook_corpus_msr_326404,Jab hum hukumat me nahi they Modi ji ne kaha tha ek sir k badle 10 sir layenge Hum unke is bhadr bhardkaoo bhasha ki bi kadi shabdoun me ninda karte hain.. Hum modi ji se agra karte hai apni bhasha santulan banke rahke ..,CAG,1
facebook_corpus_msr_326413,Kashmir ki azadi tak jung rahay gi jung rahay gi.,CAG,1
facebook_corpus_msr_326440,"बाहुबली की काहानी वाकई शानदार है ये भारत के  अनदर हो रहे शासन को बताती है कट्प्पा जैसे सब जानते हुए भी चुप था मायुशम्ती सब जानते हुए भी चुप थी वेसे ही आज भारत की सरकार चुप है भारत के लोग चुप है पाकिस्तान हमला करता है हमारे लोगो को हमारी सेना को मारता है हम चुप है 

क्या अपने सेनिको को बचाने के लिये  हमे सरकार की जरूरत है नही 

बिलकूल नही हमे जरुरत है तो एक दहाड की एक शोर

 की एक जोर दार शोर जो पाकिस्तान के खिलाफ हो

 सरकार के खिलाफ है क्या वो सेनिक हमारे नही है

 शायद लिये की हमारे घर से नही है पर वो हमारे ही घर

 से हमे चेन से सोने देते है ओर खुद हमारी सेवा करते करते मर जाते है",CAG,1
facebook_corpus_msr_327006,"Haha,nashe toh acche waale Kiya kar..Saste nashe mein kya Majaa aata..Kal se chaawal khaana chodde kyunki woh farmer bhi Hindu ho sakta hain  jo Modi Ko support Karta hoga..Bhai,tumhare liye burnol bhejoo Amazon se 😌😂😂😂😂😂",CAG,1
facebook_corpus_msr_327010,"Really, agar burnol ka sale badana hai to kisi ko personaly abuse mat karo, bas Feku ki fekugiri point out kar do, andhbhakto ki aise sulgegi ki burnol to burnol, fire extinguisher bhi kam padta hai....

Itno ki ek saath jali ↑",CAG,1
facebook_corpus_msr_327018,"Hamare Senik kab tak shaheed honge...

Kab tak hum media Bazi...Se hero Banege

 Media ki Bato jesa zoordaar Hamla sach mei karenge..

 Pakistan Ko Okaat mei rakhna bhi bas ki baat nhi...

. Desh ki Janta Ko KB tak media se Bewakuuf Banwate Rahoge",CAG,1
facebook_corpus_msr_327031,Hina Mehmood ..Naam toh Mardo waala rakh leti meri Jaan ..Ki woh bhi Isi ne dhakne bola ???Photo kyu daali hain Safi shakal waali ??,CAG,1
facebook_corpus_msr_327034,Mohammad Imran le bhai abb toh log isko bhi BHAKT bolenge 😂😂,CAG,1
facebook_corpus_msr_327071,Bacha bazi tere papa Afghanio ka kam hn or heera Mandi me hinduo ki naukri lgi hui hn :D,CAG,1
facebook_corpus_msr_327607,"Hamare Senik kab tak shaheed honge...

Kab tak hum media Bazi...Se hero Banege

 Media ki Bato jesa zoordaar Hamla sach mei karenge..

 Pakistan Ko Okaat mei rakhna bhi bas ki baat nhi...

. Desh ki Janta Ko KB tak media se Bewakuuf Banwate Rahoge",CAG,1
facebook_corpus_msr_327611,Bag pack karo or rasta naapko kashmir ke liye kyunki tum delhi afford ni kar sakte,CAG,1
facebook_corpus_msr_327618,Modi .......agar thodi bhi sharam bachi ho....toh turant HM n DM ka istifa lo........warna hum yeh maan lenge ki tumne desh ke jawaano ko desh ko n desh ki janta ko granted le liya hai....kyoki woh ullu banke tumhe jeeta rahe hai...n dalaal media tumhare nikkamme pan n naakaami ko chupaane main din raat lagi rehti hai,CAG,1
facebook_corpus_msr_327630,haha beta ma bhen ki bt tune hi suru ki .. dusre ki ma ko respect de na bhdve tb kyu start krte h saare Lindus ba ma  bhen ki gaaliyo se bt??,CAG,1
facebook_corpus_msr_327840,"Hamare Senik kab tak shaheed honge...

Kab tak hum media Bazi...Se hero Banege

 Media ki Bato jesa zoordaar Hamla sach mei karenge..

 Pakistan Ko Okaat mei rakhna bhi bas ki baat nhi...

. Desh ki Janta Ko KB tak media se Bewakuuf Banwate Rahoge",CAG,1
facebook_corpus_msr_327850,"Kardi  Strike 
Maante ho na!

Laat main dum hota toh,

Apne 
Baaps ki 
Mutilation Rok leta phir😂😂😂😂😂😂😂😂",CAG,1
facebook_corpus_msr_327901,"jis din pakistan ki koi news nhi hoti lagta h India m us din zee news, ndtv, times now koi nhi dekhta",CAG,1
facebook_corpus_msr_327907,"Bahot ho Chuki dosti, Adani power ke liy jawano ki Jan ka saoda nahi kiya ja Sakta.",CAG,1
facebook_corpus_msr_327908,"बैट को नही मारो वो सब आतंकी है एक मारो तो दस जिहादी तैयार हो जायेगे
बस इनके सैनिक जो पोस्ट पर या एल ओ सी पर लगातार मारो ओफेन्सीव डीफेन्स पहले हमला फिर सभला करो",CAG,1
facebook_corpus_msr_327911,"पहले हमें सारी चालाकियों से पूरे देश में कमल खिला लेने दो,फिर सोचेंगे सेना के बारे में।",CAG,1
facebook_corpus_msr_327915,अब तो आर पार की लडायी होनी चाहिये .. अगर मोदी सरकार ऐसा कोई deccision नहीं ले रही हैं तो इसका मतलब हैं की ये खुद इसमे involve हैं,CAG,1
facebook_corpus_msr_327928,Bhai US and NORTH KOREA mai war hone hi wala hai...  Chalo hum bhi lage hatho do nuclear bomb Pakistan pe test kar hi lete hai...  Jite jee toh ye koi kaam ki com toh hai nahi kamse kam marne ke lakho saal baad sale fuel ban ke gaddi chalane ke kaam toh ayenge...,CAG,1
facebook_corpus_msr_327932,Arun jetely ji kahte he ki shahadat vyarth nahi jayegi ? kya pakistan ka kashmir bharat me mila diya jayega?,CAG,1
facebook_corpus_msr_327936,56 Inch ka seena wah modi tie tie fish... Media ki chapar chapar bandh,CAG,1
facebook_corpus_msr_327942,"विदेशों में बैठकर गुलामी कर रहा मुसलमान अपनी अय्याशी के लिये बीवी को मोबाइल से बिना ग्वाह और बिना सबूत के 

तलाक... तलाक  ... तलाक 

और मुसलमान औरत बच्चों को लेकर इंसाफ के लिये अदालतों के चक्कर लगाती है और तलाकशुदा मुसलमान औरत को कोई सहारा नही देता है ... 

मलाला युसुफ जई को माथे पर गोली मारा जिससे मुसलमान औरते तालीम हासिल नहीं करें और केवल मुसलमान मर्दो की हवस मिटाती रहे  ...

इराक और सीरिया में जिन्दिगियाँ बर्बाद हो रही हैं स्कूल बन्द हैं और छोटे छोटे बच्चों को अब्बू  गोद में लेकर दफना रहे हैं आई.एस. आई.एस.को ईसाई देशों ने डालर का लालच देकर गरीब, बेरोजगार मुसलमानों को आतंकवादी बनाकर पूरी दुनिया मे मानवता को शर्मशार कर रहे हैं ...

ईराक,सीरिया के मानवो पर ईसाई देश अपने हथियारों का परीक्षण कर रहे हैं ...

शिया,सुन्नी, कुर्द,यजीदी,बलूच,रोहिंग्या एक दूसरे की लड़कियों का बलात्कार और एक दूसरे को मार रहे हैं...

यही हालात पाकिस्तान और काश्मीर की है जहाँ अलगाववादी,हुक्मरान स्कूल बन्द कर रहे हैं, जिन्दिगियाँ बर्बाद हो रही हैं, लेकिन हुक्मरानों और अलगाववादियों के बच्चे विदेशों में आलीशान बँगले,होटल बनाकर रह रहे हैं और गरीब,बेरोजगार मुसलमानों के लड़के आतंकवादी संगठन के स्लीपर सेल बनकर अपने ही मुल्क को बर्बाद कर रहे हैं ...",CAG,1
facebook_corpus_msr_327962,Bhai fake ha ab army na mutilated kasa kya ....iska mutlb to ya hua ka army na gus ka MRA ....otherwise firing sa to asa mumkin nh h,CAG,1
facebook_corpus_msr_328023,Abhi abhi kadi ninda se pakistan ki aadhi army ne suicide kar liya,CAG,1
facebook_corpus_msr_328060,"दलित ने बेटी की शादी में बजाया बैंड, दबंगों ने कुंए में मिलाया केरोसिन - Kohram News
भोपाल | भारत में बरसो से नीची जाति के लोगो के साथ भेदभाव होता आया है. हालाँकि सरकारे दावा करती आई है की अब नीची जाति और ऊँची जाति के बीच कोई मतभेद नही है लेकिन देश के किसी…
KOHRAAM.COM|BY KOHRAM NEWS",CAG,1
facebook_corpus_msr_328578,"चुनावी चंदे का पारदर्शी खेल और आंखों पर पर्दा !!

मार्च में जब वित्त मंत्री लोकसभा में वित्त विधेयक पेश करते हुए यह कह रहे थे आज़ादी के सत्तर साल बाद भी देश राजनीतिक दलों के चंदों क लिए पारदर्शी प्रक्रिया विकसित नहीं कर सका है जो मुक्त और निष्पक्ष चुनावों क सिस्टम के लिए अनिवार्य है।
ज़्यादातर लोगों का ध्यान इसी नेक बात पर रहा कि सत्तर साल बाद कुछ नया और बेहतर हो रहा है लेकिन वित्त मंत्री जिस सिस्टम की बुनियाद रख रहे थे, उसके ही पारदर्शी होने पर सवाल उठने लगे हैं।
मुख्य चुनाव आयुक्त नसीम ज़ैदी ने कहा है कि चुनावी चंदे में कोरपेरेट कंपिनयों की तरफ से चंदा देने की सीमा हटाने से पारदर्शिता को नुकसान पहुंचा है। नए कानून के अनुसार कारपोरेट कंपनियां अपने मुनाफ़े का कितना भी प्रतिशत किसी दल को चंदे के तौर पर दे सकती हैं। पहले वो 7.5 प्रतिशत से ज़्यादा नहीं दे सकती थीं और उन्हें अपने बहीखाते में दर्ज करना होता था ताकि उसकी आडिट हो सके। अब उन्हें यह छूट होगी कि बहीखाते में भी दर्ज न करें कि किसे चंदा दिया है और कितना दिया है।
न भी दिमाग़ लगाकर सोचें तो पारदर्शी सिस्टम बनाने के नाम पर इससे बड़ा छल क्या हो सकता है। नमीस ज़ैदी साहब का जो बयान इंडियन एक्सप्रेस में छपा है, उसकी भाषा चिंता की है जबकि वे बात ख़तरे की कर रहे हैं। ज़ाहिर है उनकी अपनी सीमा या मर्यादा होगी मगर ख़तरे की भाषा ख़तरे की होनी चाहिए।

कंपनी एक्ट में बदलाव से अब होगा ये कि कोई कंपनी किसी पार्टी को चंदा देगी, बदले में उसे ठेका मिलेगा, ठेके का प्रोजेक्ट पांच सौ का हज़ार करोड़ कर दिया जाएगा ताकि उसे पचास की जगह तीन सौ करोड़ का मुनाफा हो सके और यह पैसा सीधे किसी पार्टी के खाते में चला जाएगा या किसी नेता का हो जाएगा।
मुख्य चुनाव आयुक्त ने कहा है कि इस सुधार से बहुत सी फर्ज़ी कंपनियां बन जाएंगी जिनके ज़रिये पार्टियों को चंदा दिया जाने लगेगा। इस वक्त सरकार फर्ज़ी कंपनियों के ख़िलाफ़ कार्रवाई कर रही है जिन्हें हम सेल कंपनी कहते हैं मगर इस कार्रवाई का ये मतलब नहीं है कि सेल कंपनी बनने की संभावना समाप्त कर दी गई है। जो पुरानी हैं उनके ख़िलाफ़ कार्रवाई कर वाहवाही लूटी जा रही है। इन कंपनियों के ज़रिये विदेशी पैसा भी भारत के चुनावों में बहने लगेगा।
यह वक्त ही ऐसा है कि सरकार कुछ भी करती है, लोगों को संदेह कम होता है। यही इस सरकार की सबसे बड़ी कामयाबी है। वर्ना पहले 20,000 तक चंदा देने वाले का नाम दर्ज नहीं होता था। अब इसे घटाकर 2000 कर दिया गया है। सुनने में तो ये क्रांतिकारी कदम लगता है मगर साधारण दिमाग़ से समझा जा सकता है कि दो हज़ार के दस नोट अलग अलग नाम से दिये जा सकते हैं। सरकार हर बात में डिजिटल ट्रांसेक्शन की वकालत करती है, सबसे पहले वो तमाम राजनीतिक दलों के लिए सौ फीसदी डिजिटल चंदे की बात क्यों नहीं लाती है। 2000 की सीमा को भी ख़त्म कर देना चाहिए।

खुशी की बात ये है कि सभी राजनीतिक दल केंद्र सरकार के इस बदलाव का विरोध नहीं कर रहे हैं। आप पारदर्शी पारदर्शी का जाप सुनते रहिए।",CAG,1
facebook_corpus_msr_328584,"Hahaha.... Phir usko tu ek latter lik Kar de k Sirf Hindi me hi speech de ..... World leaders will follow him like ....China, Korean, Japan, Russia , Trump wo log ko bi Hindi ati Hai ..... Jisa k tum ne kahan ..... Wo kisi bi Indian ki nahi sunega ..... Ek PM Tha Jo kabhi bolta hi nahi Tha aur ye ek PM Kai Jo kabhi rukta hi nahi Hai ......",CAG,1
facebook_corpus_msr_328592,56 inch wali baat nahi lagi. Ye log badal kun jate hain,CAG,1
facebook_corpus_msr_328627,Ab bhi mudda mandir mazid hi rhega Ya kuch aur bhi hai sochne k like...,CAG,1
facebook_corpus_msr_328660,Lol @ Modi English. Hindi bolne mein sharm aati hai..,CAG,1
facebook_corpus_msr_328663,MP state ko bhi ek yogi Ji chahiye.....kuch sahi nhi ho rha h,CAG,1
facebook_corpus_msr_329596,रामचँद्र कह गए सिया से...भारत मेँ ऐसा गदर्भराज आएगा...एक गधा दिल्ली बैठेगा....एक यूपी मेँ राज चलाएगा...जुमलोँ से फिर देश चलेगा....अँधोँ मेँ काना राजा कहलाएगा,CAG,1
facebook_corpus_msr_329599,Aajkal up me wo anti-romeo ka daar chala gya kya???,CAG,1
facebook_corpus_msr_329681,"Maharashtra me beef ban hai aur aur kanoon ke Khilaf kaam karne balo Ko jail me hona chahiye .
Bihar me sarab ban ke Baad jail me jagah nahi bachi hai kaidiyo ke liye.",CAG,1
facebook_corpus_msr_329714,Jab hindustan gulam tha...tab bhi aise hi log they jo british ko support karte they...isiliye to hindudtan ko azad hone me 200 sal kag gaye...,CAG,1
facebook_corpus_msr_329724,Bhai aakhir smjh to le Wo kahna kya chah rha hai,CAG,1
facebook_corpus_msr_329727,Khane pine k base pe deshbhakti k certificates bantne lge..... 😂😂😂,CAG,1
facebook_corpus_msr_329745,yahi to main mudda hai hamara desh ka...berojgari padhai medical gareebi sab se badi chij yahi hai...kya hum log  ye kyun nhi samjh rahe k hume asal muddo se bhatkane ki koshish hai politician ki aur wo isme kamyab ho rahe hai...,CAG,1
facebook_corpus_msr_329747,haa yar hum kaha ja rahe hai ...dusre muluk ko dekho sabse kitna aghe nikal raha teri se r hum kaun kya khayega peeyega is me ultjhe hai...apas me hi mek dusre ke dusman bane hai...har bat me hindu musalman kya hai yar insaniyat v khatam ho chuki hai hamari...hum yuwa ko hi sochna padega k hum r hamara desh kaha ja raha,CAG,1
facebook_corpus_msr_329753,"Agar khaya toh kya problem ho gayi.....Kajol ne apne paise se khaya...kisi ke baap ke paise se nahi khaya....

Ab government ye bhi check karegi ke mere dining table pe kya khana hona chahiye...???",CAG,1
facebook_corpus_msr_329755,"एं   yeh bresht  Hindu 
Log beaf khane ki baat kerte hain voh harami  avlade honge  .ager  Pakistan main koi sor ka meat ख्येंगा  us sangsar kerte hain hindustan main kuch harami hindu beaf khane baat kerte hain un per lanat hoini ho",CAG,1
facebook_corpus_msr_329758,Jay Bhim Jay Bhim  yeh hindu dharm kalpnic dharm hey inke Bhagvan 33 karod devta he  oos jamaneme itne log bhi nahi the inke pas koi thos saboot bhi nahi he.Jay Bhim Jay Bhim,CAG,1
facebook_corpus_msr_329760,Namak to think tha par tumari ungli ke tukde dikhai nahi diye. Uske bina to koi bhi dish adhuri hay.,CAG,1
facebook_corpus_msr_329761,Tum jaese logo Ko ...kisi Khushi sehen nahi Hoti naa...aur ek baat Beef mein jo maza hai wo Chicken mein 😉 Kahan ....,CAG,1
facebook_corpus_msr_329762,"jiska Husband Ajay Devgan apni chest par Bhagwan shankar ki  photo  Banwata hai   uski   Biwi Aisa  Bhrast  kaam nahi kar sakti.. 

     Agar kisi Rehan mulla ne ye kiya hai to

                          usko Dhyan Rakhna tha Hindu ke saamne  Beef nahi rakhna chahiye... Apni personal zindgi mai wo kuch bhee kare",CAG,1
facebook_corpus_msr_329765,"90% Indian beef khate hai, Adivasi, Christian, Balmiki samaj, jain,budh dharam ke log, muslim, hindu me kai jati beef khati hai phir ye drama kyu,Goa ke CM,Arunachal pradesh ke CM rijju , sab beef khate hai phir itna tamasha kyu. Jiyada buchadkhane ka license or factory ka malik JAIN OR HINDU hai phir itna darama kyuu.",CAG,1
facebook_corpus_msr_329779,Yadi Sahi hai. To Kajol reyan sahit tamàm dosto Ko jail me hona chahiye. Kyoki Maharashtra me beef ban hai .,CAG,1
facebook_corpus_msr_329789,Sab khatey hain..bolta koi nhi...jao kabaab shop...zyada tar non-muslims hi dikhai dega...,CAG,1
facebook_corpus_msr_329801,Aur khao ji kajol 😅😅😅 beef inlogoku kya malum baigan .....beef ka taste 👅 👅 👅,CAG,1
facebook_corpus_msr_329803,"Koi Kam to Hai nahi Kon Kiya khaya , kon kaisa letting Kiya to usko Q nahi dekhta",CAG,1
facebook_corpus_msr_329804,अब दूसरों के घर मे क्या पक रहा है और क्या नही..यही काम रह गया media वालो के पास..?कुछ तो डांगके खबर दिखाओ..,CAG,1
facebook_corpus_msr_329807,Jab khud hi Bol rhi hai ki beef bna hai phir bhas kyon khati hogi tab to bna hai,CAG,1
facebook_corpus_msr_329809,"Bhai kha liya to kya ho gya,bakra,murga sb kha jate ho to unke baare mai kyu ho halla kyu nhi karte",CAG,1
facebook_corpus_msr_329826,Bht he srm ki baat hai aaj aise logon k wjh se he hamare desh me desh viridhi takaton ko sahara mil rha hai hamare apne he saale kmine hai to kya hoga,CAG,1
facebook_corpus_msr_329827,Kam ka news dikhao logo Ko kon kya kha rha h Wahi batate raho....,CAG,1
facebook_corpus_msr_329830,अजय क्या कहेगे वैसे एक बात तो ठीक है जया बच्चन मोदी जी को आइना दिखाती है और उनके पति कुछ दिन तो गुजारिये गुजरात में भक्ती में लीन है ऐसे ही ट्विंकल खन्ना भी है,CAG,1
facebook_corpus_msr_329839,Pata kro wo kaun log hai......jo sauteli cow mata ko  America Europe Gulf me Mumbai se export karta hai....,CAG,1
facebook_corpus_msr_329844,India me 72 percent log meet Katey hai Muslim to bus 18 percent hai ye baki kon hai,CAG,1
facebook_corpus_msr_329845,"Pet me.ja kar chek kar lo.
Khaya toh khaya pehli thodi hain jisne  beef beef khaya",CAG,1
facebook_corpus_msr_329849,भक्तों के राष्ट्रवादी  पापा की  दुल्हनियां ने बीफ खाया लेकिन बेचारे भक्त कुछ नही कर पा रहे आज भक्तों को अखलाक याद आएगा,CAG,1
facebook_corpus_msr_329872,खा लिया तो क्या आफ़त आ गयी ! जो मर्ज़ी खाए वो !,CAG,1
facebook_corpus_msr_329877,Gau-bhakto jaldi jao or Ajay devgan k ghar pr attack Karo  c'mon,CAG,1
facebook_corpus_msr_329899,यह देश के  विकास  व प्रगति।   का। विषय है?,CAG,1
facebook_corpus_msr_329901,Aur kuch mila nahi publicity karne ke siwa aur ab to kuch hindu bhi ise support karenge,CAG,1
facebook_corpus_msr_329903,"Kuch bhi khaye apne baap ka kya jata 
Mai to khata hu",CAG,1
facebook_corpus_msr_330247,"...दिल खोलकर
.
.और
.
.बिना डर के
.
.लिखते हैँ फेसबुक पे सच्चाई
.अगर
.
.गुमराह करते
.तो
मोदी जी की जगह होते",CAG,1
facebook_corpus_msr_330860,Esi res to rojana hoti rahti h agar kisi ko dekhni ho to chohtan se barmer chalne vali lok parivahan bas aap dekh sakte h,CAG,1
facebook_corpus_msr_331178,Mohit Agrawal in private people are getting jobs....nd in government dusre sates ka bhi bata do....waha ki sarkar kitna govt. Jobs bana rahi hai,CAG,1
facebook_corpus_msr_331179,Nd jobs ke alawa bhi jo itne works hue hai unka bhi hisab de do...,CAG,1
facebook_corpus_msr_331219,Ashesh Patnaik Acha hua you didn't say I am cow god warna kudey kachre me utha k phek dete log😂😂 or khud hi k log lynch krke kha bhi jaate 😅😅,CAG,1
facebook_corpus_msr_331221,Mere state Odisha mein cow and goats ko chori nehi kar sakte....ye villagers kya assets hai unko chori karoge Jan bujh kar to kya chod Denge....,CAG,1
facebook_corpus_msr_331233,chacha ji insan ko marna thik hai ya nahi wo bataye sirf?,CAG,1
facebook_corpus_msr_331336,अढाई साल मेँ टूटी आस...और चलो मोदी के साथ....ना रोजगार ना विकास....बस नोटबंदी और बकवास...सबके साथ समान विनाश...बस भाषण और मन की बात....,CAG,1
facebook_corpus_msr_331362,"भगवा आतंकवाद की शुरुआत हो चुकी है
दक्षिण एशिया में एक और पाकिस्तान तैयार हो रहा है",CAG,1
facebook_corpus_msr_332494,अढाई साल मेँ टूटी आस...और चलो मोदी के साथ....ना रोजगार ना विकास....बस नोटबंदी और बकवास...सबके साथ समान विनाश...बस भाषण और मन की बात....,CAG,1
facebook_corpus_msr_332495,Iska to mms dekh liya ab pics kon dekhega iski,CAG,1
facebook_corpus_msr_332501,अढाई साल मेँ टूटी आस...और चलो मोदी के साथ....ना रोजगार ना विकास....बस नोटबंदी और बकवास...सबके साथ समान विनाश...बस भाषण और मन की बात....,CAG,1
facebook_corpus_msr_332700,"दो ही चीजेँ रह गई है...मोदी जी के पास....देने के लिए भाषण और करने के लिए मन की बात....एक जुमलेबाज ने तोङ दिया देश का विश्वास.......अच्छे दिन की बहनो-भाईयो,   अब मत करना आस",CAG,1
facebook_corpus_msr_332797,"*कितनी अजीब बात है कि एक काल्पनिक चरित्र बाहुबली की मौत का राज जानने के लिए पूरा देश थिएटरों पर उमड़ा पड़ा है*

*काश कि इतने लोग मिलकर सरकार के सामने खड़े होकर यह पूछते कि बताओ आतंकवादी और नक्सलवादी हमारे फौजियों को कैसे मार  रहे हैं, तो देश की तस्वीर ही बदल जाती ।*😔😔😔
#साभार",CAG,1
facebook_corpus_msr_332829,Antony fady...aka..abdulla..itna..bhi sharm kyu apne real naam PR..suicide bhi kr  sakta tha..convert hone se to behtr tha,CAG,1
facebook_corpus_msr_332864,Anti modi..movie bhi bn rhi hai...fake profile walo ke liye,CAG,1
facebook_corpus_msr_332866,"uski to biklu nhi dekhni muje director ka beta jisme hai chotu sa,  kia naam hai oska?",CAG,1
facebook_corpus_msr_332873,Tumhe..to bahut hard work krna padega..apni language PR..iss  planet ki nhi lgti kya likhti ho..aur apni..yaadast..kuchh bhi yaad nhi rehta..,CAG,1
facebook_corpus_msr_332875,Varun dhawan ki fan sirf beauty with brain..wali ladkiya hai..baaki SB..ke smjh se durr hai..kyunki WO dumb hai,CAG,1
facebook_corpus_msr_332931,"दो ही चीजेँ रह गई है...मोदी जी के पास....देने के लिए भाषण और करने के लिए मन की बात....एक जुमलेबाज ने तोङ दिया देश का विश्वास.......अच्छे दिन की बहनो-भाईयो,   अब मत करना आस",CAG,1
facebook_corpus_msr_332936,अढाई साल मेँ टूटी आस...और चलो मोदी के साथ....ना रोजगार ना विकास....बस नोटबंदी और बकवास...सबके साथ समान विनाश...बस भाषण और मन की बात....,CAG,1
facebook_corpus_msr_332940,mere dad Airforce me....abhi tak unko 7th pay commsn ki increment salary nhi mili h...,CAG,1
facebook_corpus_msr_332946,Es sale ka hi plan hoga. Ea pe vishwash krna Delhi walo k liye dhokha h. Bihar se jyda garib h kya Delhi me kuch krna h to pahle Bihar k liye kuch krta,CAG,1
facebook_corpus_msr_332982,Jis tarah Haath mein sharab ki bottle leke ghoomnay se sharabi kehlate hai ussi tarah haath mein BJP ka tiranga leke ghoomnay se fasaadi kehlatay hai.,CAG,1
facebook_corpus_msr_333003,"To Kya hua gaye to ab halat ye ho gaye h ki Muslim population wale ilake me rally nikal ne ke liye sochna parega , hadd h yaar",CAG,1
facebook_corpus_msr_333010,NDTV हम जानते है आपकी खबर सिर्फ कुछ चुनिंदा लोगो के लिए होती है। ये तो एक और कुछ पार्टियों का चैनेल है। पाकिस्तान की न्यूज को हेड लाइन दिखने वाला चैनेल,CAG,1
facebook_corpus_msr_333013,"*कितनी अजीब बात है कि एक काल्पनिक चरित्र बाहुबली की मौत का राज जानने के लिए पूरा देश थिएटरों पर उमड़ा पड़ा है*

*काश कि इतने लोग मिलकर सरकार के सामने खड़े होकर यह पूछते कि बताओ आतंकवादी और नक्सलवादी हमारे फौजियों को कैसे मार  रहे हैं, तो देश की तस्वीर ही बदल जाती ।*😔😔😔
#साभार",CAG,1
facebook_corpus_msr_334040,अढाई साल मेँ टूटी आस...और चलो मोदी के साथ....ना रोजगार ना विकास....बस नोटबंदी और बकवास...सबके साथ समान विनाश...बस भाषण और मन की बात....,CAG,1
facebook_corpus_msr_334044,Agar wakai bheja gaya to woh zarur jayenge......nahi karayenge........lekin tab naxals se jyada kanhaiya aur umar khalid ko dard hoga.......,CAG,1
facebook_corpus_msr_334127,"Yane ke ab modi raj me Police ka kohi kam nahi hai.
Police ke jagah india me tatta katith go raksh ko ke hath me desh ko diya jaye.

Aur government se kaho ke wo chudiyan pahen kar ghar me baith jaye.",CAG,1
facebook_corpus_msr_334128,"मेरठ के किसी कर्नल साब के घर से 140 हथियार, पचास हज़ार कारतूस , हिरण के कई दर्जन सर,तेंदुए की खाल, 150 किलो  प्रतिबंधित मांस  और एक करोड़ नगद बरामद हुआ l

 ऐसे थोड़े ही पाकिस्तानी आतंकी भारत में घुस आते हैं या नक्सलियों के पास हथियार पहुँच जाते हैं

कर्नल साहब जन्मजात देशभक्त वाले धर्म से हैं",CAG,1
facebook_corpus_msr_334131,Ye loog Dangaai h or inke peche bade bade Netaao ka haat h ye atankvaadi ghatna h in aatankvaadiyo ko faansi honi chhiye magar afsoos inki giraftaari tak ni ho paati ye loog AAG se khael rahe h....,CAG,1
facebook_corpus_msr_334132,Ndtv walo ko sab me cow protectors  hi dikhta hai ...,CAG,1
facebook_corpus_msr_334217,"भाई मोदी जी और योगी जी के चरण से pasitive vibe निकलता है जो किसी भी अपराधी ,देशद्रोही को पवित्र कर एक महान व्यक्ति बना सकता है",CAG,1
facebook_corpus_msr_334234,"Hatyare sja mile chahe wo Koi v lekin aisa nahi Hoga 

Kyoki wo to bjp Ka MLA h uske liye sb maf h",CAG,1
facebook_corpus_msr_334236,Ye kon sa dudh ka dhula hai e bhi to apharan or hatya or boom damaka me tha wo alag si bat hai Jis ki lati ouska bhains,CAG,1
facebook_corpus_msr_334237,"Cameraman to bikau hay. Ajit Pawar ko to urine bhi nahi aata, nahito vo dam me apna urine dal ke gao wall ko pani ki jagah urine pilane wala tha.",CAG,1
facebook_corpus_msr_334239,Is khabis Ka ye khyal hy k use usi k jaisa nature rakhne wala saitan hi bacha lega,CAG,1
facebook_corpus_msr_334241,आपके कैमरा मैन ने पकडवाया क्यों नही तमाशा क्यों देखता रहा,CAG,1
facebook_corpus_msr_334246,Mil gye gundey apas me    AA gye ache din,CAG,1
facebook_corpus_msr_334250,Jai Ho NDTV Ki Jo ki BJP ke liye kam kar Rahi hai,CAG,1
facebook_corpus_msr_334253,Lagta hey yogi ne BBC ki batti gol kar rakhi hey up mey.,CAG,1
facebook_corpus_msr_334291,"Neel patel, ek baat batao, Gujrat  incident mei pehle kinke Murder hue the, Hindu o ka ya Muslims o ka???",CAG,1
facebook_corpus_msr_334358,शुक्र है 1947 से पहले चड्डी गैंग इतना प्रभावशाली नहीं था वरना हम अंग्रेजो से लड़ने की बजाये आपस में ही लड़ते रहते😇😇😇,CAG,1
facebook_corpus_msr_334359,Kaha gaye wo bhakt jinhone kejriwal aur lalu ke ek manch pe aane pe apni chudiya tod li thi 😂😂. (ps : yogi is nothing like kejriwal).,CAG,1
facebook_corpus_msr_334372,Chhor na bhai tujhe kya karna hai tujhe tera reservation mil raha hai na muft ke maze le aur chill kar,CAG,1
facebook_corpus_msr_334381,Ab samche me aaya media   chor tripathi ji yogi ji langotiya yaar par neegative mt likhna nahi to modi ji paisa nahi denge aur bhakt to pakka gaali denge,CAG,1
facebook_corpus_msr_334382,NDTV ko or kuch kam NAHI hai only yogi and modi ko popular Karne ke alawa,CAG,1
facebook_corpus_msr_334383,"Aur inke sarkaar chali hai women ko insaaf delane, wife ko marne wale sath main khade hai.",CAG,1
facebook_corpus_msr_334384,"Party koi hoi
Neta koi ho
Kirya kalaap sbke ek jaise hi hote
They know Vote  only",CAG,1
facebook_corpus_msr_334393,"desh ki chor, lutere, badmas, murderer ke final destination he BJP ...",CAG,1
facebook_corpus_msr_334399,ndtv  apko   rapit  prajapati  trrori  jakir  naik  yaub  mnon  azam  khan  chalta  hai,CAG,1
facebook_corpus_msr_334410,To kya gurbak.....gomata to khun nahi kya ....to shor kahe ?,CAG,1
facebook_corpus_msr_334416,Kam se kam chara to nai kha rha hai na..,CAG,1
facebook_corpus_msr_334443,Gunde gundon ke sath stage share nahi karenge to kiske sath karenge?,CAG,1
facebook_corpus_msr_334838,ha bhai kab ayegi....rah dekte dekte umar gujar gaya....rupa di locket di bhi bura ho gayi,CAG,1
facebook_corpus_msr_335109,"#पढ़िए

खुदा ना करे, लेकिन अगर पच्चीस जवान कश्मीर में शहीद हो गए होते ?
सोच कर ही रूह काँप उठती है कि देश में क्या हंगामा बरपा हो रहा होता। किरण रिजिजू सेना को बदले की कार्यवाही के लिए तैयार रहने को कह रहे होते , तरह तरह के देशभक्त कश्मीरियों की ईंट से ईंट बजाने की कसमे खा रहे होते , न्यूज़ चैनल कैप्शन चला रहे होते - "" आखिर कब तक पत्थरबाजों पर रहम किया जायेगा , आखिर कब तक सरकार सोती रहेगी "" अब वक़्त आ गया है कि घर में घुसकर मारा जाये "" वग़ैरा वग़ैरा। राजनाथ सिंह कश्मीरियों पर सर्जिकल स्ट्राइक की प्लानिंग कर रहे होते। प्रधानमंत्री किसी स्टेज से दहाड़ रहे होते कि "" भाइयों बहनों हमें बदला लेना चाहिए कि नहीं लेना चाहिए ?"" फिल्म इंडस्ट्री के देशभक्त लोग ट्वीट करके भड़ास निकाल रहे होते। इंडिया गेट पर कैंडल मार्च निकाला जाता , जवानों को घड़ियाली आंसू बहाकर श्रद्धांजलि दी जा रही होती। 
लेकिन यहाँ प्रधानमंत्री ने सिर्फ कड़ी निंदा की है . 
और देश ? 
पूरे देश को जैसे सांप सूंघ गया है। देशप्रेम के नाम पर भुजाएं फड़काते और उबाल मारते खून में जैसे कोई गर्मी बाक़ी ना बची हो। सोशल मीडिया पर देशप्रेम का मतलब समझाते और दूसरों को ग़द्दार कहकर गालियां बकने वाले वीर जवान जैसे अपने बिलों में जा घुसे हैं। गौ माता के नाम पर बेक़सूरों का क़त्ल करने वाले जंग जू रण बाँकुरे वीर योद्धा मैदान छोड़कर भागे हुए हैं। नोटबंदी को नक्सलियों की कमर तोड़ने वाला क़दम बताने वाले नज़र नहीं आ रहे। कोई सरकार से सैनिकों की बेजा शहादत के बारे में सवाल नहीं उठा रहा। कोई नहीं पूछ रहा कि ये क्यों और कैसे हुआ ? मोदी सरकार की डफली-राग बजाने वाले न्यूज़ चैनल सिर्फ खबर देने तक सीमित हो चुके हैं। कोई डिबेट नहीं , कोई एंकर मुंह में झाग आने तक सरकार को नहीं कोस रहा। शहीद सैनिकों के लिए कोई चंदा नहीं हो रहा कोई सामूहिक प्रार्थना सभाएं नहीं हो रहीं , शहीद सैनिकों की आत्मा की शांति के लिए कोई यज्ञ नहीं किया जा रहा। सब खामोश। 
इतना सन्नाटा क्यों है भाई ?
क्या इसलिए कि ये शहादत नक्सलियों ने बख्शी है इसलिए सैनिकों की जान की क़ीमत कम आंकी जा रही है ?
अफ़सोस कि हमारी  देशभक्ति भी धर्म और मज़हब देखकर जागती है। तब ज़ोर मारती है जब सामने दुश्मन दूसरे मज़हब से हो। दुश्मन अगर अपने मज़हब से हो तो चलता है।  
अर्थात 
हिंसा को धार्मिक चश्मे से देखा जाता है कि अगर मारने वाला मुसलमान है तो हमारे जवानों का खून अचानक से ज़्यादा क़ीमती हो जाता है और अगर किसी और ने मारा है तो बस निंदा करने लायक है। 
मेरा भारत महान।",CAG,1
facebook_corpus_msr_335113,Muhmmad Nafeesh Barkatee वैसे तेरा पूरा पैराग्राफ भी किसी हिन्दू-मुस्लिम से कम है के ???,CAG,1
facebook_corpus_msr_335114,"मेरठ के किसी कर्नल साब के घर से 140 हथियार, पचास हज़ार कारतूस , हिरण के कई दर्जन सर,तेंदुए की खाल, 150 किलो  प्रतिबंधित मांस  और एक करोड़ नगद बरामद हुआ l

 ऐसे थोड़े ही पाकिस्तानी आतंकी भारत में घुस आते हैं या नक्सलियों के पास हथियार पहुँच जाते हैं

कर्नल साहब जन्मजात देशभक्त वाले धर्म से हैं",CAG,1
facebook_corpus_msr_335118,"Array un gaowalo se pucho puri story kya hai? 
Yeh sahab ghur main chori karke bhage the.",CAG,1
facebook_corpus_msr_335120,Mujhe lagta hai ki ab ya baat utha di gayi hai kyunki Baba ke dimag mein school kholne ka kuch chukkar chal raha hai😎,CAG,1
facebook_corpus_msr_335122,Life mai success pane k liye Ghar chur k vagna bahut jaruri hai (as/latest scenario),CAG,1
facebook_corpus_msr_335123,ham inki bhagne ki aadat bachpan se hai bacpan me ghar se bhage the phir dharna chod ke shalwar pahen ke bhage the bhagode baba,CAG,1
facebook_corpus_msr_335124,"sirf organic chemistry pad ke ghar aa jate the baba , mujhe yad hai wo din",CAG,1
facebook_corpus_msr_335134,Ek baar ghar se bhage the to dusri baar salvaar pahen k bhaage the,CAG,1
facebook_corpus_msr_335302,"MAL, MP, Sarpanch and MC sabhi election ek sath hone chahiye ta jo party's ko koi bahana na mile k ji hmari centre main govt nahi agar hoti to state ho taraki k rah pe lejate ja, center ki govt k pass bahana nahi hoga k state govt hmari sun nahi rahi is liye kam nahi ho raha, esa hi sarpanch aur MC karte hai, janta ka kuj hota nahi aur mantri crorepati ban jante hai",CAG,1
facebook_corpus_msr_336125,रामचँद्र कह गए सिया से...भारत मेँ ऐसा गदर्भराज आएगा...एक गधा दिल्ली बैठेगा....एक यूपी मेँ राज चलाएगा...जुमलोँ से फिर देश चलेगा....अँधोँ मेँ काना राजा कहलाएगा,CAG,1
facebook_corpus_msr_336156,Bhai nhe hoga rhene de.......15  saal wohi hai...baad kei luck apnao...,CAG,1
facebook_corpus_msr_336157,:) na ho payega Tm logo se. .ac me baitho mSt or nominated krte Raho apne nalayak bacho..,CAG,1
facebook_corpus_msr_336158,"Sharad pawar ji ka naam aa gaya yani game over , kuch nahi honewala.",CAG,1
facebook_corpus_msr_336163,दो स्वार्थी महामहिम नेताओ का मिलन देश और जनता के लिए दुर्भाग्यपूर्ण क्योकि इन दोनों के सोच राहु केतु जैसे है,CAG,1
facebook_corpus_msr_336167,Agar opposition ek hogaye to Sirf chaddi hi NAHI kapde BHI utardena chahiye.   .jaise gaddhe ke sar  se Singh ghayeb,CAG,1
facebook_corpus_msr_336179,how  kamjor   they  r   they  not   speak  single  word   on  tripal  talaq          kuiki   unko  malum   hai  mulim  mahlao  ka  vote  unko  nahi  chahiye,CAG,1
facebook_corpus_msr_336335,ha to sisodiyia sir ne kia galat kaha??? ab tum media bjp ki dalali karke 136/180 rank pe phoch gaye ho!!!!!! to tum media kumar vishwas ki baaato ko ghuma ka BJP ka fayada hi karvate ho!!!!!! sisodiya sir ne interview ko lekar baat kari thi naaaki us sanik vaaali video lekar !!!!!,CAG,1
facebook_corpus_msr_336938,देस लीये एक दीन की कमाइ दी बाकी सब कमा ते हे आतंकीयो के लीये देस के लीये कुछ देते नही हे इस लीये उनकी पीकचर देखना ही बंध कर दे,CAG,1
facebook_corpus_msr_336941,"मदीना के मस्जिद में बम बलास्ट हुआ ,, भारत के शांति दूत उसे गैस सिलेंडर का विस्फोट बता रहे थे ,,, कुछ ने कहा मैं तो बगल में ही हुं,,,😊😊 उस समय नाले के किनारे पंचर बना रहे थे शांति दूत ,,,😊😊",CAG,1
facebook_corpus_msr_336942,"कितनी अजीब बात है कि एक काल्पनिक केरेक्टर बाहुबली की मौत का राज जानने के लिए पूरा देश थिएटरों पर उमड़ा पड़ा है ।काश कि इतने लोग मिलकर सरकार के सामने खड़े होकर यह पूछते कि बताओ आतंकवादी और नक्सलवादी हमारे फौजियों को कैसे मार  रहे हैं, तो देश की तस्वीर ही बदल जाती ।",CAG,1
facebook_corpus_msr_336944,"बाहुबली की सफलता से 
सारे मुल्लो की फट के 
फतेहपुर सीकरी हो गई है",CAG,1
facebook_corpus_msr_336949,Pehela bat ye hay ki main ek insan hun aur dharm Hindu aur I respect all religion tum log jese yaha jati dharm ke naam pe rajniti nahi karna aya hun mera man main ye bat utha to main isko post kiya. Tum jese kuch log ke wajha aaj hindustan do tukde ho raha hay pehele Insan bano,CAG,1
facebook_corpus_msr_336955,ye hi agar 2.2 rupaye bhi agar desh ke bhali me laga hota to,CAG,1
facebook_corpus_msr_336960,Abe bewacoof media Salman shahrukh ke koi film aaye hai iske sath jo comptition kar rahe ho.tum jaiso ko he katzu ne sahi kaha hai.,CAG,1
facebook_corpus_msr_336962,"कटप्प्पा ने बाहुबली को क्यो मारा था अगर जान गए हो तो ज़रा इन सवालों पर भी ग़ौर कर लें !!
तीन साल में
1- कितने करोड युवाओं को रोजगार दिया ?
2- गंगा मैया कितनी साफ हुई ?
3- बुलेट ट्रेन के कितने कोच तैयार हुए ?
4- मेक इन इंडिया का क्या परिणाम रहा ?
5- कितने दागी नेता जेल गए ?
6- धारा 370 पर क्या हुआ ? 
7- कितने कश्मीरी पंडितों को उनके घर मिले ?
8- डीजल पैट्रोल कितने सस्ते हुए ?
9- मंहगाई कितनी कम हुई ?
10- आम जनता के लिए क्या किया गया ?
11- लाहौर और करांची पर कंहा तक कब्जा किया ?
12- सेना को कितनी छूट दी गई ?
13- चीन थर थर कांपा क्या ? 
14- देश ईमानदार देशों की श्रेणी में आया क्या ? 
15- किसानों की फांसी बंद हुई क्या ? 
16- जवानों का खाना सुधरा क्या ? 
17- बिहार को 125 लाख करोड़ का पैकेज दिया क्या ? 
18- अलगाववादी नेताओं की सुविधाएं बंद की क्या?
19- और वाड्रा जेल गए क्या ? 
20- मोदी के विदेशी दौरों से कुछ फायदा हुआ क्या ? 
21- राम मन्दिर बना क्या ?
22- गुलाबी क्रांति गौ हत्या रुकी क्या ?
23- डॉलर का मूल्य रूपये के मुकाबले कम हुआ क्या ?
24- कितने स्मार्ट सिटी तैयार हो गये ?
25- कितने गाँवों की काया पलट हुई संसादों के गोद लेने से ?
26- महिलाओं पर अत्याचार रुक गया क्या ?
27- बीफ एक्सपोर्ट में भारत को एक नम्बर किसने बनाया ?
28- 100 दिनों के अंदर विदेशों से काला धन आया क्या ?
29- कितने लोगों को 15 लाख मिले ?
30- नोटबन्दी से आतंकवाद और नक्सलवाद का कमर टूटा क्या ?
31- देश के अंदर से घूसखोरी बंद हो गई क्या ?
32- भारत में कितनी खुशहाली आई ?
33- स्वच्छता अभियान का क्या परिणाम रहा ?
बाकी जो छूट गया हो, वो आप एड कर लो। मैं फेंक नही रहा हूँ जानकारी चाह रहा हूं।",CAG,1
facebook_corpus_msr_336965,Bhai tmlog haz ka subsidy kyu nai wapas kar dete......jo tax de raha h jo haj nai karta usko kya bhook mit raha h haj se???,CAG,1
facebook_corpus_msr_336970,"बाहुबली की सफलता से 
सारे मुल्लो की फट के 
फतेहपुर सीकरी हो गई है",CAG,1
facebook_corpus_msr_336978,"नोमान खतरि na tumhari aukat kel,thi na aaj hai or na hi aage kabhi rahegi http://hindutva.info/top-11-greatest-warriors-in-indian-history/",CAG,1
facebook_corpus_msr_337001,hawa nikal jaygi ...raw one ki nikli thi jese 😂😂😂😃😃,CAG,1
facebook_corpus_msr_337009,काश इतना पैसा सेना के कार्यों मे लगाए हमारा देश कहा से कहा पहुँच जाए,CAG,1
facebook_corpus_msr_337016,Abe der ni bas 50 lakh mujhe v de do,CAG,1
facebook_corpus_msr_337020,HUMARE DESH KI MIDIYA KITNI GIR CHUKI HE JAHA DESH KE JAWAN ROJ MAR RAHE HE WAHA FILM KA KITNA KALECSHN HUA YE CHALA RAHE HE KITNA GIROGE PESA KHAKAR,CAG,1
facebook_corpus_msr_337035,"सही कथन।
सही कदम।
बिश्वास बाबु आप सही जा रहे है।
सही को सही 
गलत को गलत

आप पार्टी केजरीवाल की ltd कंपनी नहीं है।

अण्णा को जिसने भुला दिया वह किसी और का कैसे हो सकता है।",CAG,1
facebook_corpus_msr_337037,"Tum log sirf question krte ho Answer tumari party m koi deta hi nahi 
Khujliwal & Sons 😂😂😂",CAG,1
facebook_corpus_msr_337039,कुमार अब गलती कर रहे है और पार्टी को नुकसान हो रहा है और उनके विरुद्ध आरोप पर बल भी मिल रहा है ।पार्टी कोई बनाने बन जाने के बाद सबकी होती है न कि बपौती ।,CAG,1
facebook_corpus_msr_337040,Kumar vishwas sahab yeh kahiye na ki bjp ki taraf se rupya mil gaya h,CAG,1
facebook_corpus_msr_337278,phone achcha he par ye to history ki book me dikhege ab,CAG,1
facebook_corpus_msr_337289,Har neta ka ek beta bsf me dalo  sab theek hojaega,CAG,1
facebook_corpus_msr_337290,Hamare neta Pakistan ki briyani khayenge aur birthday gift me mango aur sari bhejenge aur kuch kaam nahi ata .,CAG,1
facebook_corpus_msr_337293,"कोई बात नहीं हमारी सरकार है न बम फोड़ने के लिए .....

छ. ग. के सुकमा में हुई नक्सली हमले की मोदी जी और रमन जी ने कड़ी निंदा की है, इस कड़ी निंदा से नक्सली थर थर कांप गये । और करीब 2000 घायल हो गए है ।

कड़ी निन्दा से नक्सलियों में दहशत छा गयी है और वो लोग बोल रहे हैं की हमे कड़ी निंदा से बहुत डर लगता है, हमारी कड़ी निंदा बन्द की जाय वरना हम आत्मसमर्पण कर देंगे।

भारत के दो बड़े खतरनाक बम को छत्तीसगढ़ सरकार ने नक्सली हमले में उपयोग किया
(1)कड़ी निंदा
(2)ठोस कदम
इन दो बमो से नक्सली समाप्त हो जाएंगे।
            नमस्कार........
                      मनोज कुमार...",CAG,1
facebook_corpus_msr_337299,"सेना की शहादत पर-किसान की मौत पर, भ्रष्टाचार-महंगाई पर किसी अंधभक्त का खून नहीं उबाल मारता पर अंधभक्तों का खून उबलता है गाय के नाम पर, देवी-देवताओं के अपमान पर !

और हकीकत ये है कि हर कचरे गिराने की जगह देवी-देवताओं की फटी-फूटी तस्वीरें और भूखी-प्यासी गऊ माता खड़ी मिल जायेगी #फैक्ट",CAG,1
facebook_corpus_msr_337302,"संयुक्त राष्ट्र द्वारा न माने गए मोदी सरकार के सर्जिकल स्ट्राइक के दुसरे ही दिन पुरी युपी में बड़े-बड़े बैनर लग गये !! जैसे बैनर पहले से ही प्रिन्ट करके रखे हो !!

हाल ही में पुरी  दिल्ली में MCD जीत के बाद भाजपा ने अपनी जीत को सुंगरू के शहीद जवानों को समर्पित करते हुए बैनर लगाये है !! जैसे इस जीत से 26 जवानों की शहादत का बदला ले लिया गया हो !!

कितने शर्म की बात है कि रोज कश्मीर में हमारे जवानों के हाथ में राइफल होने के बाद भी कुछ पेड लफंगे लात मारते है, चांटा मारते है ! आये दिन नक्सली हमले होते है !! 

*मोदीराज में नारे हिंदुत्व के बाद राष्ट्रवाद की नयी परिभाषा बन गये है !! राष्ट्रवाद नारों तक सिमित रह गया है और वोट बटोरने का साधन बन गया !!*

जिन जवानों के नाम और बहादुरी से वोट बटोरे जा रहे है उन्हे पेट भर अच्छा खाना तक नसीब नहीं करनाते है, ये नारे और पोस्टर वाले फर्जी राष्ट्रवादी !!

इन से तो कोइ उम्मीद नहीं है क्यूँकि इन्हें अपनी सत्ता बचानी है कश्मीर में !!

लेकिन जनता क्यूँ चुप है ?? क्या आप तब भी चुप रहते थे जब प्रधानमंत्री मनमोहन थे ??

सोचियेगा जरूर !! 🙏🏼",CAG,1
facebook_corpus_msr_337303,"ये देखो इन मुर्ख अंधभक्तों की करतूत  #शेम  😡
https://m.facebook.com/story.php?story_fbid=1569196503091925&id=100000047707240",CAG,1
facebook_corpus_msr_337323,"Amanatullah nay unhy bjp ka agent kaha to yaha saary muslim amanatullah k support mai ankh band kar k aa gaye, aur mazy ke baat yah hai ke is party ke neev jaate dharam say upar uth k jaisy principal's k sath hue the👎👎",CAG,1
facebook_corpus_msr_337324,"Bjp me chale jana jaisa sab matlab prasto ne kiya ek aur sahi aaj waqt bhi yahi bata raha ha, jab tak opposition me rahe mukhal urdate rahe problems aayee to bjp to ha hi phir woh bhi swahat k liye tayyar ha",CAG,1
facebook_corpus_msr_337325,Waise v AAP party bjp ki aankhon me tab se.khatak rahi hi jab se modi lahar hote hue v bjp ko 70 me kewal 3 seat mila media se lekar LG tak kejriwal ke peeche pade hue the aakhir kaar AAP me phoot daalne me wo kaamyaab ho gye kursi ka rajneeti bhut gandi hoti hi,CAG,1
facebook_corpus_msr_337327,Kumar vishwas jaise thali k baigano ka yhi haal hota h bhai. Aise firkaparast logo ka na koi vichardhara hoti h na koi dharm. Pehle inke najar bjp sbse behtar party thi fir Aap ho gyi ab dekho kis or unt karvat badle.,CAG,1
facebook_corpus_msr_337331,"kumar vishwas ji ne sahi to kaha to in sab ko galat kyu lag raha,kejiriwal ji ne  vikas kiya he par bjp or khas tor se pm modi ji ki burai jada ki   wo dilli ki janta ko pasand nahi aaya",CAG,1
facebook_corpus_msr_337335,बिस्वास जी वो व्यक्ति पार्टी में अपने से आगे किसी को नहीं देख सकता। वो चमचा परस्त लोगो को बहूत पसंद करता है।,CAG,1
facebook_corpus_msr_337336,"Agar Delhi ko Bachana chahate he to Anna Lao ,CM banao,Delhi bachao,Kejri ko bhagao.",CAG,1
facebook_corpus_msr_337337,Anna ko lakar kuch nahi hone wala usko lokpal tak dikhai nahi de raha hai,CAG,1
facebook_corpus_msr_337342,आम आदमी पार्टी में खिंची अंदरूनी तलवारे अब खुलकर सबसे सामने आ गयीं है. आज आम आदमी पार्टी के बड़े नेता कुमार विश्वास ने पार्टी में चल रही अंदरूनी कलह पर मीडिया से बात की. कुमार ने साफ कहा कि वो किसी से माफी नहीं मांगेंगे.किसी का मतलब मंद बूधी युग पुरूष ही होगे,CAG,1
facebook_corpus_msr_337345,"पुरानी फिल्मों में देखा, अक्सर डाकुओ में लूट के माल की हिस्से की लिए लड़ाई होती थी , आज भी हालात जस के तस ।।",CAG,1
facebook_corpus_msr_337354,सभी यही कहते हैं और घूम फिर कर bjp जॉइन कर लेते हैं क्यो की तड़ीपार अंकल सूटकेस लिए बेठे हैं,CAG,1
facebook_corpus_msr_337357,"विश्वास भाई वह केजरीवाल है जिसने अन्ना हजारे को इस्तमाल करके सत्ता हासिल की और उन्हें भूल गया फिर अपने रास्ते से शान्ति भूषण प्रशांत भूषण,  योगेन्द्र यादव, किरन बेदी,पंजाब से डा: गांधी, खालसा दोनो सांसद फिर सुच्चा सिंह छोटेपुर किस किस का नाम लिखें सबको भूल सकता है तो आप किस खेत की मूली हो ? सत्ता का नशा बहुत बुरी तरह से हावी है  केजरीवाल पर ।",CAG,1
facebook_corpus_msr_337360,Galat logo ke sath gaye the to galat hoga hi boye pedha babul ke to aam kanha se khavoge,CAG,1
facebook_corpus_msr_337361,Bjp ka agent hai isme koi shak ni hai.ab bahana banake party se niklega ye,CAG,1
facebook_corpus_msr_337364,Neta ka sara gun sikh liye hai wishwash ji kuch na banuga to fir rajnitik me kyon aay hai kisi anath aashram me chale jaay desh ka bhala hoga aur kejriwal ka sapot v hoga wahan ka v sara  dhan aap  party ko bhejhte rhiyega,CAG,1
facebook_corpus_msr_337365,arey ye paltimaar se taalluk rakhta hey...palti inke khoon mein hey...mazak mein lo gavaiye ki baato ko...kabhi bhi palti maar sakta hey.,CAG,1
facebook_corpus_msr_337366,Ji ham janty han ke Aap Aam Aadmi party ko barbad karne ka fhasila yo phale hi kya tha ab sapath lege,CAG,1
facebook_corpus_msr_337367,ये  सब  राजनीती  का  हिस्सा  हैं  पा ट्री  पर  कब्जा  करने  की  कोंशिश  कर  रहे  हैं  यही  नेताओ  की  फितरत हैं  इनकों  बी  जे  पी  से  कुछ  टिप्स जरूर मिला  हैं,CAG,1
facebook_corpus_msr_337370,जब माओ बिचार से पोषित केजरीवाल के साथ प्रखर रास्ट्रवादी ब्यक्ति साथ दे तो ये तो एक दिन होना ही था अब केवल केजरीवाल के पास बामपंथी रह गए हे या माओइस्ट।,CAG,1
facebook_corpus_msr_337372,Kumar bisbaas ek samjhdar insan h fir in farji aam admi k chakar me kyo pade h. Bebkuf k sath rehne bale bhi bebkuf ban jatye h .,CAG,1
facebook_corpus_msr_337378,Isko to ussi waqat se bjp ka higya tha jab dekha ki kiran bedi rajyapal ban gai..,CAG,1
facebook_corpus_msr_337379,"Viswas aap m rehkr country ki seva nahi kr sakte.bjp m aayenge to ye country unko palko p betha   
Legi",CAG,1
facebook_corpus_msr_337380,Maine k ha tha tu aam mt bn tu khas bn pr tu nhi mana ye kejriwal marwari hai jo apne baap ke nhi hote wo kisi our ka kya hoga.,CAG,1
facebook_corpus_msr_337381,Suhag rat k din patnni ne apne pati se kaha humare bich koi nahi rahega sirf biswas rahega..ak din patnni ku patnine ak ladke k sath range hat pakad liya ..bad me pata chala woh uski bf biswas hai..jo suhagrat k din patnni ne bola tha..kav kisi se biswas mat karna,CAG,1
facebook_corpus_msr_337382,अरविन्द केजरीवाल की सत्ता पिपासा और धूर्तता के कारण आने वाले समय में आम आदमी पार्टी विश्वास खो चुकी होगी.,CAG,1
facebook_corpus_msr_337383,Are natawo thoda bhi lman bacha hai to desh ke liye ek ho jawo nahi to desh ki janta kahi ka nahi chhodagee,CAG,1
facebook_corpus_msr_337386,jab jahaj samundar mein thoda dagmagataa hai to sabse pahle usme se choohe nikal kar baagte hai. biswaas jee ye party ko mazboot karne ka time hai uskee jadhe katne ka nahi.shame,CAG,1
facebook_corpus_msr_337387,Agr Kumar sir AAP ko lead krenge toh mera AAP ko pura samarthan hai...kejriwal jaise ko bahar kro party se,CAG,1
facebook_corpus_msr_337392,hahhaha...ye sangharsh khujli gang ko bahut aage patal lok tak le jaega,CAG,1
facebook_corpus_msr_337395,Delhi ko pagal panate ho aap is me bhi aap ka koi political stand hoga Kumar wishvas,CAG,1
facebook_corpus_msr_337396,कुमार विस्वास जी चट्टान की तरह बहुत मजबूत हे हमे पुरी ऊमीद हे की कुमार विश्वास पार्टी मे बने रेहग ओर ऊनह किसी पद की जरूरत नही हे ओर कुछ मिसटेक हूई हे जब जब पार्टी पर मुसीबत आई कुमार विश्वास जी ने भरपूर साथ दिया है,CAG,1
facebook_corpus_msr_337400,"ghante ka AAP ....or ghante ki politics...
Are kumar viswas ap yaha the main to apko aagre me dundh raha tha.....",CAG,1
facebook_corpus_msr_337404,"आप का संगठन .... #विश्वास के अभाव में .... अल्पमत (अविश्वास ) में ...!! 
योगेंद्र यादव ... भूषण..... के बाद कुमार का गेम खत्म वही पुराना पैटर्न!!",CAG,1
facebook_corpus_msr_337423,"Sher paltu nahi ho sakta.Bandhu aapko aazad hona hi hoga.
Badhai",CAG,1
facebook_corpus_msr_337428,"अबे मोदिया वालों,

क्या ""आप"" पार्टी ही राष्ट्रीय बहस का विषय है ?",CAG,1
facebook_corpus_msr_337429,Kumar vishwas ne jo Kha wo Sahi hai... Awaz uthegi... 100% uthegi,CAG,1
facebook_corpus_msr_337430,yeh aisa insaan hai jis thaali me khata hai isme hi छेद krta hai,CAG,1
facebook_corpus_msr_337432,बदले बदले सरकार नजर आते हो राज बड़ा है ????,CAG,1
facebook_corpus_msr_337435,इतना बडा कवि पार्टी की बात बाहर हवा मेँ तो नहीं उछालना चाहिए !,CAG,1
facebook_corpus_msr_337440,Bjp me aa jao agr poltics krni h to nhi apna boria bistar bandh k ghr beth jao,CAG,1
facebook_corpus_msr_337450,Garh ka yudh band karo ........sab milkar Pakistan se lado,CAG,1
facebook_corpus_msr_337459,"Sir ji , kahan galat logo ke pas fase ho. Bahar niklo aap.",CAG,1
facebook_corpus_msr_337464,Dhobi ka kutta na ghar ka na ghaat ka 🤣,CAG,1
facebook_corpus_msr_337478,"जब से आप सरकार दिल्ली मे आयी है 
जनता परेशान है इनकी नौटकी से",CAG,1
facebook_corpus_msr_337484,एक भावुक संवेदनशील कवि-हृदय कूमार विश्वास अरविंद केजरीवाल जैसे धूर्त के साथ कब तक चल सकता था ?,CAG,1
facebook_corpus_msr_337494,Bhai kejri bhi yahi bolkar politics me aaya ...... 😁😁😁😁😁😁,CAG,1
facebook_corpus_msr_337501,"बीजेपी में जाने की फुल्ल तैयारी हैं 
आप वालों आप तो कुमार पर भी विश्वास नहीं रहा 😂😂😂",CAG,1
facebook_corpus_msr_337513,"Kursi Kay liya machal Raha Hai, yeh bhi BJP may jaiga.....",CAG,1
facebook_corpus_msr_337514,AAP K FAISLE aur PAAP raat mein hi hote HAIN😂😂😂😂😂,CAG,1
facebook_corpus_msr_337517,N bne vhi thek hai ek kejri se desh presan hai,CAG,1
facebook_corpus_msr_337518,Isko kya ho gaya He manoj tiwari ji ke sumpark Me he,CAG,1
facebook_corpus_msr_337520,आप पार्टी में केजरीवाल को छोड़ के किसी को किसी को भी अपनी बात रखने का हक़ नहीं है।,CAG,1
facebook_corpus_msr_337525,Aap party aise achhe logo se hi abhi tk tiki hui h,CAG,1
facebook_corpus_msr_337531,पार्टी कैसे ज्योइन करते है राष्ट्र कवि जी ? 4 साल से आप का नाटक देख रहे है अब क्या चाहते हो ?,CAG,1
facebook_corpus_msr_337535,जो भी हो रहा है ठीक नही हो रहा है,CAG,1
facebook_corpus_msr_337538,Kua kejaribal ke parde ke pichhe bethhe logo ne dumbde diya kya.,CAG,1
facebook_corpus_msr_337570,Kumar viswas ji roaj media me aap ke bare me ulte sedhe news aa rehe hai please aap ne ye party benai hai aap sub ko dant sekte ho per tutne na doo please aap dhyan dejiye,CAG,1
facebook_corpus_msr_337571,सभी जानते हैं कि ये आरएसएस और भाजपा का दलाल है। कभी इसने मन से आम आदमी पार्टी का प्रचार नही किया । सिर्फ बुराईयां और कमियां निकालता रहा । इसको तो केजरीवाल जी पहले ही निकाल देते तो अच्छा रहता । अभी भी नौटंकी कर रहा है और भाजपा का इशारा मिलते ही ये अपना रंग दिखा देगा।केजरीवाल के सामने इसकी कोई औक़ात नही है । इसको तुरंत आप से भगा देना चाहिए।,CAG,1
facebook_corpus_msr_337573,Ab raat ko alag party bna lo adhiktr MLA aapke hi Saath hoge,CAG,1
facebook_corpus_msr_337574,Kumar sahab kejri to anna lokpal manthan main se nikla aisa amrit hai jis ki ek boond pene se insan doosre par iljam laga laga ke hi santimental ho jai....acha hai ki aap ne nahi pe nahi to hamain aap jaisa kavi kaise sunne ko milta..,CAG,1
facebook_corpus_msr_337575,Bhavuk to hoga hi jis party ke liye itna kiya usme hi inn par bjp ke saath bikne ka aarop...,CAG,1
facebook_corpus_msr_337576,अरविंद केजरीवाल सी एम बन गया   तो कुमार विश्वास को छोटा भाई कहता है जबकि उम्र मे कुमार विश्वास बढ़ा है,CAG,1
facebook_corpus_msr_337577,"Uncle itne bade Ho Gaye Tum Akal tab bhi nh aayi bhakt nh insaan bano 

Thakur Saurabh Singh Panwar😂😂😂",CAG,1
facebook_corpus_msr_337581,"Ye to modi ka uncle ho gya hai 
Baccho jaise Rone lagta hai",CAG,1
facebook_corpus_msr_337582,रात रात होते फैसला कांग्रेस युक्त भगोडो की पार्टी मैं होंगे शामील भक्तो की प्रतिक्रिया वाल्या का वाल्मीकि बन गये,CAG,1
facebook_corpus_msr_337583,Saaf saaf bola na part change krni h vrna tunhe kon sa acha kaam kia h aj tak desh ke lie,CAG,1
facebook_corpus_msr_337584,यह बात तो हम मानते हैं कि हमारे जवान जब जब शहीद हुए हैं तब नेता लोग और मीडिया कर्मी भी 1 से 2 दिन जिस तरह पानी हद से ज्यादा तूफान की तरह आता है और एकाएक सिमट जाता है उसी तरह जब हमारे जवान शहीद होकर हमारे देश आते हैं तो मीडिया वाले और नेता लोग एक-दो दिन हुई आगबबूला होते हैं और उसके बाद शांत हो जाते हैं फिर जवान शहीद होता है फिर आप बोले होता है फिर शांत होते हैं लेकिन इस पर कोई कार्यवाही अभी तक नहीं देखा हूं,CAG,1
facebook_corpus_msr_337585,सभी यही कहते हैं और घूम फिर कर bjp जॉइन कर लेते हैं क्यो की तड़ीपार अंकल सूटकेस लिए बेठे हैं,CAG,1
facebook_corpus_msr_337586,"6 mahine se chal Raha Hai ye natak ise bjp me Jana Hai ab mcd chunav dekh ke ye samajh gya Hai ke iski dal ab Sirf bjp me hi gal sakte hai.
       Is liye iska ye natak Hai aur Kuch nahi",CAG,1
facebook_corpus_msr_337588,"Modi das sar lanewala tha Pakistani ke ab to satta me bhi Hai kyun nahi la Raha bolke ager kejriwal se pahle mode ko hatyenge to jyda accha hoga.
      Kejriwal ne to nahi kahat that ke Pakistan ke jawno ke das sar layenge Kam se Kam kejriwal ne adhe Wade pure kiye Hai par mode ne to men 15 Wade jumle bolke uda diye Hai behtar Hoga mode ko hataye.",CAG,1
facebook_corpus_msr_337594,Sabkoi natak karne koi mastri Hai leking kejirwal eshke Maha Master Hai,CAG,1
facebook_corpus_msr_337598,Mai to kah rh hai ki AAP ko chhodkar BJP ko join kr lo.......,CAG,1
facebook_corpus_msr_339353,ABD..NE DHONA START KIYA TO SALA UNGLIYA GINTA REH JAYEGA,CAG,1
facebook_corpus_msr_339364,"Bar Bar Comment Kar Raha Hu. Problem To Nahi Ho Raha Hai Na ABP News? 

 Visit : MultiBot.Ga",CAG,1
facebook_corpus_msr_340059,"अल्लाह ताल्लाह के फजल से
पाकिस्तानी जेल में सज़ा काट रहे
आतंकी जकी-उर-रहमान-लखवी
की पत्नी पेट से है !😉

अल्लाह बडा हलालु है 😂",CAG,1
facebook_corpus_msr_340559,"Bar Bar Comment Kar Raha Hu. Problem To Nahi Ho Raha Hai Na ABP News? 

 Visit : MultiBot.Ga",CAG,1
facebook_corpus_msr_340567,Modi n kuch nhi kia Pakistan k khilaf to or kya bol skti hu ? Sar s leke pao  tak modi ji ki serf jumla hai ! Ab to ankh kholo andh bhakto ...,CAG,1
facebook_corpus_msr_340571,"Haan sangmarmar ka AC laga hua ghar aur apni Haseen Pari si khubsurat wife aur haan apne Jigar ke tukde apne aulaad sab ko unhone desh ke liye chhod diya aur khud jhopdi me reh rhe hain, namak roti khate hain, saste dhoti aur kurte me guzara krte hain, aur to aur apni salary garibo me batwa dete hain. Aise hain hamare Mahan Modi ji.

Bhai ye sab bhi bolna sun kar achha feel ayega. 😊",CAG,1
facebook_corpus_msr_340572,Suna tha bhakt sirf andhe hote hain tujhe dekh kr samjh aya wo gunge aur behre bhi hote hain.,CAG,1
facebook_corpus_msr_340574,"Pragati Prerna tumlogo ne to pehle hi usko bhagwan ka darja de diya hai to fir kya Buddha aur kya Mahaveer. Per ek baat yaad rakho Lord Buddha ne achhe cause aur duniya me shanti lane ke liye apna aiso araam wala mahal chhoda tha. Per isne ashanti faila kr logo ki jaan le kar Gaddi hasil krne ke liye apna mitti ka ghar chhoda aur aaj aiso aram ki zindagi ji rha hai. 

Samjhdar ho to dono me fark karna sikho. Budhha ko Modi se compare kr di.",CAG,1
facebook_corpus_msr_340575,"Banty Khan
Aap glt smjh rhe h
Aapki hatred bol rhi h
Surgical strike huyi thi tp aadhe desh ne mana hi ni hui thi
Modi ji kre to kya kre
And wo bhgwaan nih insaan h 
Aaplog isiliye inse chidhate h kyuki aap inko hindu supporter smjhte h 
Lekin 1 baar v unhone kvi aisa koi coment ni kiya
Dekhiye personal hatred alg jgh h
Desh level pe baat aur hpti h
Hr chiz me religion ghusane ki jo aadat ho gyi h sbki glt h",CAG,1
facebook_corpus_msr_340576,ye pragati mp bjp ke it cell ki isis agent lg rhi h.....edhar mere desh ke senik sahid ho rhe h.aur ye neta bss ninda kr rhe h..kb bdla lenge pak se,CAG,1
facebook_corpus_msr_340577,"Banty Khan kisne bola modi ji kuchh nahi kar rahe hai Man ki baat ghor ninda teen talaaq Muslim bahano ki pida yeh sab chal raha hai News dekho jawano ke sar katna inke hisab se koi baal kat kar le gaya hai wapas aa jayenge 
Nindanath singh ji ninda kar denge bas ho gaya 
Defence minister ki Post khali hai Arun jatly ko sambhal raha hai usko kuchh knowledge hi nahi defence ministry ke baare Me toh yeh sab hi hoga",CAG,1
facebook_corpus_msr_340578,Pragati Prerna Aap ko Kya lagta hai jab Pakistan India pe Itom Bomb se hamla karega to sirf Hindu hi mareinge?? Aap har baat ko ankh band kr ke kaise maan sakti hain ki Modi ne jo kiya wo sahi tha aur jo kr rha hai wo bilkul sahi hai? Modi se sawal krna desh virodhi kaise hai? Aaj jo sainik marr rhe hain Pakistan unka dharm puchh kar maar rha hai kya? Aap jaisi educated Youngsters agar aise blind supporter banjayeinge to desh ka kya haal hoga kabhi socha hai aapne? Aur kis Surgical Strike ki baat kr rhi hain aap Jise Sena ne Kiya aur BJP ke Netao ne Poster me apna photo laga kr uska credit liya. POK jo ki bharat ka abhinna Hissa mana jata hai usme Surgical Strike hua aur BJP walo ne kaha Hum Pakistan me ghus ke mare. Kya ye Khud POK ko Pakistan ka hissa nhi bata rhe hain. Ankh kholiye sach ko dekhiye ab ye Hindu Musalman  Jaat Dharm se uper uth kr sochne ka waqt hai samjhi Mohtarma.,CAG,1
facebook_corpus_msr_340579,Arre wiwi ko chod ke dusra nikah nehi kiya hai....desh ki sewa kar raha hai....statesmanship ke Liye ram v sita ko chode the....modi ji ki wiwi ko problem hoti to court mein roti aaj jeise Muslim mahilayen roo rahi hai....,CAG,1
facebook_corpus_msr_340580,Are Bhai Pakistani army ghanta bhi nahi kar sakti Indian Army ke jawano ke hath bandh rakhe hai in harami ministers ne ek baar khuli chhut dekar toh dekho army ko kya hota hai Pakistan ka,CAG,1
facebook_corpus_msr_340582,Adyasha Das Sharm ati hai mujhe ye soch kar ki aap aaj ke zamane ki educated Pidhi hain. Aap Sri Raam se Modi ki tulna kr rhi hain. Ek tarf Prushottam Raam jisne apna Raaj path tyag kr Banwash leliya aur dsuri tarf ye Behrupiya jo Jangalo se akar Gaddi hasil kar li. Aap ja kar uski wife se puchhiye jiski Jawani Tadap 2 kar khatm ho gayi. Bhagwan na kare aap ke sath aisa ho per iska dard tabhi samjh asakta hai. Aur ye kaam koi Muslim kare ya Hindu Galat hamesha Galat hi mana Jayega. Dogli niyat insaniyat ke khilaf hoti hai. Two wrong things can not make a right.,CAG,1
facebook_corpus_msr_340583,"Bhai game to ye log khel hi rahe hain, aur Dao pe laga hai hamare desh ke sainiko ka sar. Bas aap bhi is game ka unke sath anad lijiye aur bich bich me Ninda Naamak comment kr diya kijiye. Baki ab to sabko pata hai ki desh me Namak se bhi sasti hamare sainiko ki jaan hai.",CAG,1
facebook_corpus_msr_340584,Banty Khan....modi ji ki wiwi ko problem hogi to WO protest karegi yato phir court mein jayegi tab dilana usko insaf....hum Sab milke Denge....usse pehele kuch Maat kaho....,CAG,1
facebook_corpus_msr_340586,Ya mulla ha samjeee ga ni koi effort Na kre,CAG,1
facebook_corpus_msr_340587,Ab main gali galauz krne walo ka to jawab bilkul nhi de sakta. Jo mann kare socho. Tumhari marzi.,CAG,1
facebook_corpus_msr_340589,"Kr koi ku6 ni rha h 
Na aap ba hum pr abhi political party wala comment mra ni tha 
Jiske ye likha h usse puchiye
And desh chalana baccho in ka kam nih
Wrna aap aur hm v chla lete desh
To respect kriye kyuki logo ne hi unko satta di h
Wrna congress ne kya kiya itne saalo me sb jante h",CAG,1
facebook_corpus_msr_340591,"Pragati Prerna Aapko pata hai Congress ko jab satta  mili thi tab desh ko Angrezo ne loot liya tha, Desh Riyasato me bata hua tha, Desh ki suraksha ke liye Army nhi thi, Matra 5-6 Tanks they, Yahan ek Sui banane ki bhi Factory nhi thi. Bijli ka namo Nishan nhi tha zyadatar ilake me. Aisi halat se utha kar desh ko supreme power ke level tak uthane wali Congress party hi hai, Purtagal ke logo ko hara kar Goa ko India me Milane wale Nehru, Pakistan ke tukde kar ke Bangladesh banane wali Iron lady Indira Gandhi, Pakistan ko Dhul chatane wali sarkar BJP ki nhi Congress ki thi. Madam History padhiye FB aur Whatsapp ke msg se Gyani nahi banta hai koi. Aaaj bhi agar imandari se tulna ki jaye to BJP Congress ke yogdan ke samne dur door tak nazar bhi nhi ayega. Ankh band kr ke nhi fact ke adhar pe baat kijiye.",CAG,1
facebook_corpus_msr_340595,N yaha normal debate kro. Kuch log apne ghar k sanskar yaha na dikhaye,CAG,1
facebook_corpus_msr_340596,N Kailash Mehra Pragati Prerna student h uski profile se pta chal rha h. Kisi ko bhi isis agent mat bnao. N tumhe to isis Aur isi me difference bhi nhi pta h. Isi pakistan ki intelligence agency h aur isis bagdadi ki. But ab bhi agar modi ne kuch bada action na liya to use chudiya pahen leni chahiye,CAG,1
facebook_corpus_msr_340599,"सरहद पर दहशतगर्दों का क़ब्ज़ा है,
मुल्क पे झूठे हमदर्दों का क़ब्ज़ा है !
एक के बदले दस सर की उम्मीद न रख,
दिल्ली तुझ पर नामर्दों का क़ब्ज़ा है !!

अलविदा कैप्टन paramjeet singh 
आपने अपने लहू के एक एक क़तरे से हिंदोस्तान की नींव को मज़बूत किया है ! सलाम आपकी शहादत को",CAG,1
facebook_corpus_msr_340600,"salam karte hain Paramjit Singh Ko Hum,,,, Hindustan Zindabad,,,, 
Khatam kar do Pakistan ko
Tabah kar do Pakistan ko,,,, 
Hum  Shahadat ka Badla chahiye,,,,",CAG,1
facebook_corpus_msr_340620,Muslim  hindu sab milke raho 👐👐or  insaniyat bachawo . Dharam or desh to bik chuke hai . Ab thori insaniyat sikho . Bjp . Congress  .ye sab ham garibo ke kaam ka nahi hai . INSANIYAT BACHAWO kiyu ke hamare baccho  ko aage duniya dekhni hai . Agar insaaniyat baki naa rahi . To hamare  bacche kiya dekhenge ...? 🐐🐆🐵🐘🐪🐻🐼🐯🐡🐝🐫🐪🐛🐛🐜,CAG,1
facebook_corpus_msr_340621,Daly hum dakta han jo ind ka muslim ke halit hote ha mara bio samj jow abe be waqat ha abe to ak modi our ak yoge kota na ase halat bnai ha bd ma ho ga kia pata chala ga sub ko pir kana kan sa dash acha ha,CAG,1
facebook_corpus_msr_340623,shaheed sirf musalmano ma hote hain indian army ma nh,CAG,1
facebook_corpus_msr_340625,"Kitne Paramjit ko Salam karenge, aur kitne Shaheed hona hai,Desh aisa chakra rahega kab tak, govt,should take action,,, to solve the problem,Bhari jawan sirf Shaheed ke liye hai  kiya marne du unhe,. Badlà lene se kya hota, surgical strike kiya kya hua, unko kuch firk nàhi padta, some strict action should be taken.",CAG,1
facebook_corpus_msr_340626,Kuch country move ma sirgicalstick kar ka pore dunya ko dakata han ka hum na such ma kar de our kuch country sch ma stick be kar data ha .kashmir ma jo zulam karta han wo pore ind ko la duba ga,CAG,1
facebook_corpus_msr_340629,Jitne state nahi Jeet rahe...Us se jyada....Sainik mar rahe he...Aisi...Jeet ka kya...Fayda...Aakhir kaisi..Rajneeti he ye Amit Shah ji...Dilli ke..Parshad ki badhai ke saath saath..Sainiko Ko bhi do sabd bol dete...To achha lagta,CAG,1
facebook_corpus_msr_340632,Or jawo desh ko sambhalne . Modi ji aaye inki body  ko dekhne ke liye?? Or baccho ko bivi ko kon ab modiji sambhalenge?  Marne wala margya . Or ese hi marte rahege . agar hak ki awaz nahi uthawoge to.,CAG,1
facebook_corpus_msr_340633,"सरहद पर दहशतगर्दों का क़ब्ज़ा है,
मुल्क पे झूठे हमदर्दों का क़ब्ज़ा है !
एक के बदले दस सर की उम्मीद न रख,
दिल्ली तुझ पर नामर्दों का क़ब्ज़ा है !!

Jai hind 🇮🇳",CAG,1
facebook_corpus_msr_340638,hamare desh ke sipahi aise he shahid ho jayenge pr modiapma 56inch ka sina lekar desh bhar me ghumenge or bhashan denge ki hamne 3 salo me ye kiya wo kiya pr asal me 3 salo ke kuch bhi nhi kiya sirf bhashan diya or hindu muslim dono ko aaps me ladane ka kaam kiya,CAG,1
facebook_corpus_msr_340639,dukh is bat ka hai koi aatnki mare to desh ka 25 % log sahadad mein pahuch jate hai . or jab desh ka rakshak mare to kya hum uske shanti ke liye bhi nai ja sakte ''  yahi desh ke logo mein ekta me anekta pardarshit karta hai ?,CAG,1
facebook_corpus_msr_340640,Zyada log pahunch jane se Pakistan haar maan lega kya?? Tum log ki wajah se aaj Government itni azadi se maje le rahi hai. Koi sawal krne wala nhi koi awaz uthane wala nhi. Kyunki tum free ke supporter ho unke tarf se puchhne walo  ko galiyan dene  ke liye.  Bhai sidhi baat samjho Jo marr rahe hain wo kisi ek dharm ke nhi wo sab hamare bhai hain. Galat ko galat kehna sikho.,CAG,1
facebook_corpus_msr_340641,mein bhi wahi kah raha hu galat ko galat manna chaiye  . sahi ka support karo .,CAG,1
facebook_corpus_msr_340642,To kya Modi Govt ke Ghor  Ninda se santusht ho tum? Khush ho gaye Bhagwan ne ninda kr diya ab sainiko ki atma ko badi shanti mil gayi hogi? Yaar maan kyun nhi lete ki ye sarkar har Morche pe fail ho rhi hai.,CAG,1
facebook_corpus_msr_340644,Ab tak mujhe modi pe garw ho raha tha........ lekin sale kahi dub ke mar bhosdi ke dam h to mujhe pakistan bhej akele kafi hu un mullo ko maut ke ghaat utarne ke liye,CAG,1
facebook_corpus_msr_340648,Acha to pir badar pe ajana koi our tabadila na karna teek he kaee apke bi maa ka hart attack ma ojae,CAG,1
facebook_corpus_msr_340651,Ham sine pe waar karte h tum log ki tarah darpok nahi salo tum logo ke liye hamare hindustan ke musalman hi kafi h,CAG,1
facebook_corpus_msr_340654,पुलिस पे हमला फ़ौज पे हमला.नक्सलवाद बढ़ रहा है पाकिस्तान डर रहा है कुल्भुशण मर रहा है कश्मीर जल रहा है मीडिया पिँघल रहा है......  देश बदल रहा है.,CAG,1
facebook_corpus_msr_340656,"Deshdrohi ho mtlb
Mr jao tm  log
Tmlog k bina desh accha rhega
Tmlog k bkwas jaan k bdle jawano ki jaan jyada valuable h
Tmlog ko mar k jawan wapas le aate na to kb k tm log mr chuke hote smjhe
Gaddar kahi k
Sale aaj bhi dharm 2 kr rhe h",CAG,1
facebook_corpus_msr_340657,Naksalwadi bhi hum hi log hai kya be. Humko deshdrohi bolne se pehle khud ko dekho kya kiya aaj tak desh ka liye.,CAG,1
facebook_corpus_msr_340658,Tumne aajtak me desh ke liye kya kiya tumhara koi sahyog hai to batai siva fb me line likhne ke.,CAG,1
facebook_corpus_msr_340661,Maire punjab k veer jawan ko maira sat sat naman jai hind bhagwan aap ke aatma ko shanti de,CAG,1
facebook_corpus_msr_340662,"ऐ मेरे भाई,मेरे ख़ून का बदला ले ले..
हाथ में रोज़ ये तलवार नहीं आयेगी..!
श्रद्धांजलि 💐🇮🇳 जय हिन्द @adgpi
#BadlaLo",CAG,1
facebook_corpus_msr_340663,"कितनी अजीब बात है कि एक काल्पनिक केरेक्टर बाहुबली की मौत का राज जानने के लिए पूरा देश थिएटरों पर उमड़ा पड़ा है ।काश कि इतने लोग मिलकर सरकार के सामने खड़े होकर यह पूछते कि बताओ आतंकवादी और नक्सलवादी हमारे फौजियों को कैसे मार  रहे हैं, तो देश की तस्वीर ही बदल जाती ।",CAG,1
facebook_corpus_msr_340664,Vote ke age modi 20 sar la raha tha fik kiya hua modi ko. ek on feku Hai Modi,CAG,1
facebook_corpus_msr_340665,Salute paramjeet sir modi G kuch action lo inke harkato ko dekh kar nahi to apse bharosa uth jayega hamara ye pure desh ki awaj hai,CAG,1
facebook_corpus_msr_340667,कटप्पा ने बाहुबली को क्यों मारा ये जानने के लिए पूरा देश सिनेमा जा रहा है. पर हमारे 25 सैनिकों  को नक्सलियों ने क्यों मारा कोई नहीं पूछ रहा है....,CAG,1
facebook_corpus_msr_340668,modi g agar kuch kar dikhna hai tow  dushmano ko aisa jawab dow  ki  sawarg mein bethe shaheed bhi aapko salute kare,CAG,1
facebook_corpus_msr_340672,"""मोदी जी किसीसे नहीं तो अपने पड़ोसी श्रीलंका से ही सबक ले लो!तमील वंहा 35%है फिर भी उसने लीट्ठे को खत्म कर दिया जो सारे #आतंकवादी संगठनों का बाप था!""",CAG,1
facebook_corpus_msr_340680,Kuch nahi kar sakti modi sarkar ko churiya bhajo jab coungres ki sarkar thi tu bolo ta tha Pakistan ko uski bhasma jawab do yeh love letter likha band karo  ager yaad ho modi jee app na kaha tha jaanta k addlat  maie  yah bhoil gaya  pm ban na k bad app bhoot kuch bhol gaya hoo   huma sab yaad hai,CAG,1
facebook_corpus_msr_340681,अब नहीं देखा जाता आश्वासन पर आश्वासन कोई कुछ नहीं कर रहा भगवान भरोसे देश चल रहा है आगे भी वही रखवाला है,CAG,1
facebook_corpus_msr_340685,Humlog galat soch me ji rahe hai koi bhi rajneta sirf vote aur note ke liye hi rajneeti krta hai. agr smsya khtm ho jayegi to mudda kya hoga. jagna hame hai ye srkar bhi nikammi hai,CAG,1
facebook_corpus_msr_340686,un parivaaro ke liye kuch kare desh ke  political  leader   jin parivaro ke shaheed huwe  hain     aur naki kursi ke liye,CAG,1
facebook_corpus_msr_340687,Bhagavan es veer ki aatma ko santi de or sath hi mere desh ko jagne or sarkar ko jagae.....,CAG,1
facebook_corpus_msr_340688,Humane javan sahid ho rahe aur humare neta log road show kar rahe...???,CAG,1
facebook_corpus_msr_340690,Hamare Jawan ka Sar Kaat Ke Le jate hai Bas Hum Log Dekhte Rahe ....Jai Hind Jai Bharat,CAG,1
facebook_corpus_msr_340691,Keske mhu lag rahi ho .. keechad Mein Pathar Maro Ge To kapade Khud Ke kharab Honge,CAG,1
facebook_corpus_msr_340697,Bharat sarkar ke jo hathiyar hai kya wah sirf dikhane  ke liye hai,CAG,1
facebook_corpus_msr_340698,Pakistan  se aar par honi chahiye jo raj neta sabut mange usko des drohi samjha jaye,CAG,1
facebook_corpus_msr_340704,Toilet banane ki uqaat ni Tumhari or baat pakistan ko karte ho 😂,CAG,1
facebook_corpus_msr_340709,"Tmlog sb k sb itne low standard k ho chuke ho 
1 ladki ko orally abuse kr rhe ho social media me
Tmlog kitna aur kya2 kr skte ho bhut acche se pta h",CAG,1
facebook_corpus_msr_340732,"Ye log india aaye pic click kr rhe the na
India e inko ghusne diya hoga jaise
And age mre desh k h na to v dedication dekho 
Tmhare jaha k  jaise china k tukdo pe mi pal rhe",CAG,1
facebook_corpus_msr_340733,"Tm to sale india ki khate ho 
Pani v yhi ka h
Gareeb h sb k sb",CAG,1
facebook_corpus_msr_340739,ना मुफ्त डाटा चाहिये  ना मुफ्त आटा चाहिये  बस हमे तो सिर्फ अब पाकिस्तान मे सन्नाटा चाहिये 💐 शहीदों को नमन,CAG,1
facebook_corpus_msr_340767,"Sala Pakistan ko khatam krne mai mere ummid se 5 min.kafi hai ,q ki pak jitna bra h utna bra mera Bihar hai ,jyada time waste v NHI hoga ....",CAG,1
facebook_corpus_msr_340774,Modi ji ab bhi kuch kar sako to karo nahi to ek din Asia ayega ki apko Sena ke liye jawan nahi mileage...,CAG,1
facebook_corpus_msr_340775,"आज ऐसा महसूस किया मोदी उर्फ मनमोहन।
कोई परीवरतन नहीं।
जवान बेवजह पहले भी शहिद होते थे आज भी होते हैं।
जय हिन्द।",CAG,1
facebook_corpus_msr_340778,"सरहद पर दहशतगर्दों का क़ब्ज़ा है,
मुल्क पे झूठे हमदर्दों का क़ब्ज़ा है !
एक के बदले दस सर की उम्मीद न रख,
दिल्ली तुझ पर नामर्दों का क़ब्ज़ा है !!",CAG,1
facebook_corpus_msr_340779,Muhammad awais gujjar ham aap kee baat as sahmat ha ya sala India hendhuo ka ha marna do Islam  ka. Sath do,CAG,1
facebook_corpus_msr_340780,"Salaam tumhe.....
Shaheed Paramjit Singh.....
Hum Majboor hai ek Besham Shasak k haaton....
Jo khali chillata hai lekin kaam nahi karta....",CAG,1
facebook_corpus_msr_340782,Anwe marwai jande foji apne ...koi jindgi ni maar k agaah hunde baad ch gharde rul jande koi support ni gandi raajneeti...,CAG,1
facebook_corpus_msr_340787,Aaj ek jawan or mara gya ye ninda pe ninda krege 1 mare ya 25 inki ninda se hi sub kuch thik ho jati h inko v maaro or ninda kr do,CAG,1
facebook_corpus_msr_340788,"Party koi v govt. Me sub ek jaise hi h , ye pakistan kon h inki jo itne years se koi action nai le rha govt. Bjp ho ya congrees sub bus ninda kro or shok kro ok media me aa kr ninda kro or apne ghar chale jao",CAG,1
facebook_corpus_msr_340791,aap ye galat bol rahe ho koi bhi sarkar jo india me bane 3 saal mein aisa kam nahi ki .or kanha se log ninda kar rahe hai . pakistan or hindustan ek desh hai karwahi hogi or desh ke sipahiyone pakistan 10 pakistani ke santh post bhi tabha kiya . ek bat mat bhula dono desh parmanu desh hai isee arbo mein logo ki jaan jayega .agar aisa na hota to america uttar coria par ghuss kar kab se hamla kar deta hai.,CAG,1
facebook_corpus_msr_340794,"मोदी जी जब गुजरात के मंत्री थे तब जवानो के सिर काटे गये थे उस समय pm जी ने बोला था की एक सिर के बदले दो सिर लायेगे ,ईट का जवाब पत्थर से देंगे वो सब कहा है कब तक चुप रहेगे /",CAG,1
facebook_corpus_msr_340795,Desh Ko yaha Bewakuuf Banaya ja Raha h...vikaas .. Rozgaar...mengai ..Seniko ki shahadat...kamzoor hota Desh....Kuch nhi Dikhta,CAG,1
facebook_corpus_msr_340796,"salam karte hain Paramjit Singh Ko Hum,,,, Hindustan Zindabad,,,, 
Khatam kar do Pakistan ko
Tabah kar do Pakistan ko,,,, 
Hum  Shahadat ka Badla chahiye,,,,",CAG,1
facebook_corpus_msr_340805,Modi ji.es pakistan ko .nkshe se hi khtm kro.wrnaa ase hi roj mrte rhe gai.apne bhaei.,CAG,1
facebook_corpus_msr_340807,"एक तरफ़ सैनिक मारे जा रहे हैं 
और 
यह भगवधारी जीत का जशन मनाने में लगे हैं",CAG,1
facebook_corpus_msr_340812,कुछ ऐसे दलाल भी मौजूद है भाई जो सिर्फ अपना स्वार्थ सिद्ध करते है देश का नहीं!,CAG,1
facebook_corpus_msr_340813,"चार चार हज़ार वाले हैं 
ज्ञान का कोई मतलब नहीं 
झूठी देशभक्ति के नाटक करवा lo",CAG,1
facebook_corpus_msr_340820,aaj subah hi 7 jehadiyo ko 72 hurro ke pass bheja hai ☺ abhi to shuruvat hai lahor me bhi bomb fekna hai,CAG,1
facebook_corpus_msr_340821,Haha ya koi Hindi film ni dakh raha ho ap ya Pakistan army ha is ko marna aasan nahi,CAG,1
facebook_corpus_msr_340825,Tumhari army k pas guns han lakin hum kashmiri pathar sa muqabla karta han lakin tum log phr b darta ho,CAG,1
facebook_corpus_msr_340831,Ajeeb baat hai har Muslim modi ko kos raha hai Pakistan ko nhi,CAG,1
facebook_corpus_msr_340837,Gost  khate thoda  bahut garm  b ho aadmi,CAG,1
facebook_corpus_msr_340857,sarkar bahut paryaas kar rahi he Pakistan se badal lene ka.,CAG,1
facebook_corpus_msr_340888,Sir politics ke chakker me logo ke dil se dur ho jaoge,CAG,1
facebook_corpus_msr_340892,Sale ananswami tarkfate or  bhi he Jo pak anahi nahi chate bhikh msngo,CAG,1
facebook_corpus_msr_340908,Kaha gaya 56inch ka seena 5.6inch ka to nhi ho gaya kahi hud ho gayi,CAG,1
facebook_corpus_msr_340915,modi gi ab kis ka intzar kar rhe ho 200 ser kat dalo,CAG,1
facebook_corpus_msr_340920,"pakistan .................surgical strike??
hahahahahaa

aajtak pakistan ne kiya hi kiya h apne dum pe???",CAG,1
facebook_corpus_msr_340955,"Chl re 
Apne desh k page me bol jake smjha",CAG,1
facebook_corpus_msr_340956,कौन सा देश है मेरा pragati (जोगन)जी जरा नाम तो बता दो,CAG,1
facebook_corpus_msr_340957,"Ku6 v h kyu btaye aapko 
Hm jo india k khilaaf bolte h unse baat hi ni krte",CAG,1
facebook_corpus_msr_340958,दंने हो जोगन जी सिर्फ एक बात बता दो जो इंडियन पाकिस्तान का खा कर आया उसे आप क्या बोलो गी,CAG,1
facebook_corpus_msr_340960,आप बताओ तो सही मैं ने कहा भारत के खिलाफ बोला है आप को तो पता ही है pragati जी 2014  मे भी इस तरहा के हमले होते थे और तब तो आप की स्मृति ईरानी  pm और गृहमंत्री  को चुडिया भेजने का बोलती थी आज तो वह मंत्री  बन गई,CAG,1
facebook_corpus_msr_340961,"Isilye to 
Thoda strict government ho jaye to pakistan kisi layak ni rhega",CAG,1
facebook_corpus_msr_340962,आज आप ने साबित कर दिया खूबसूरत  लडकी के पास दिमाग नही होता,CAG,1
facebook_corpus_msr_340963,आप किस  की वकालत कररही हो मोदी खुद पाकिस्तान मे जा कर  नवाज के घर केक खाके आया है  अडवानी जी खुद जिन्ना की तारीफ कर चुके है,CAG,1
facebook_corpus_msr_340964,To fer pragati ji India m kisi ko government ke khilaf bolne ki adhikar nhi hai kya ? Ye bolna chahti ho ap ?,CAG,1
facebook_corpus_msr_340965,"Ha to kyq. Chahte ho goli mar du
Mere pas power hota na to pakistan world map se har jata
Dekho re comment pe kaise jahil ans sexist womenizer comment kiye h in logo ne
Mn kr rha apne haatho se inke tukde kr k khila du kutto ko
Bde aye india me nazar dalne wale
😑",CAG,1
facebook_corpus_msr_340967,Pragati जी आप क्या बोल रही हो शाहेद आप को भी समज नही आरहा होगा,CAG,1
facebook_corpus_msr_340973,हमे भारत के जवानो पर गर्व है पाकिस्तान कि ओकात  ही नही हम से जित सके,CAG,1
facebook_corpus_msr_340977,Nayna जि आप जैसे नेक और समझदारो  कि वजहा से ही भारत की अखठता कायेम है और भाई चारा है,CAG,1
facebook_corpus_msr_341035,Tum jaise chutiyon nahi samjhenge thare baba ki hukumat hai phir bhi sirf ninda ho rahi hai,CAG,1
facebook_corpus_msr_341041,"शव को दिखाना चाहिए उनके  परिवार को क्यो नही
 दिखाया जा रहा है उसपे सवाल उठेगा बाद में",CAG,1
facebook_corpus_msr_341076,Koi Indian politican k  ghar ka sahid nahe hua,CAG,1
facebook_corpus_msr_341083,Rip bagwan apki atma ko shanti de sbko neta giri krni he idr bs,CAG,1
facebook_corpus_msr_341092,Abhi netao ke beto ko bhi army mai dala jaye,CAG,1
facebook_corpus_msr_341100,Jai hind modi yad rakhna AK AK jwan ka hay lagega aapko,CAG,1
facebook_corpus_msr_341114,Inhe maro salon ko mullon ko sale itni neech harkat hea rabba,CAG,1
facebook_corpus_msr_341122,ईट का जबाब पत्थर से देने का समय आ गया है,CAG,1
facebook_corpus_msr_341133,Kas Gujarat ola modi hota to Pakistan ki itni himmat nahi hoti,CAG,1
facebook_corpus_msr_341161,"yaha ek sipahi ki chita thandi ho nhi paati k..dusri dukhad khabar samne aa jati h...
mt baandho mere desh k sainiko ko... aye sarkar ye sher h...kbhi inhe bhi shikar pr bhejo...",CAG,1
facebook_corpus_msr_341162,ऐसी अंतिम विदाई किस किस को दोगे सरकार कोई कार्यवाही नहीं कर रही है मात्र रूपयों के चेक देने से भरपाई नहीं होती हमारे सैनिक कव तक मरते रहेंगे कोई ठोस जवाव व जघन्य कार्यवाही करो  जिससे पाकिस्तान में हा हा हा कार मच जाऐ |,CAG,1
facebook_corpus_msr_341842,अढाई साल मेँ टूटी आस...और चलो मोदी के साथ....ना रोजगार ना विकास....बस महँगाई और बकवास...सबके साथ समान विनाश...बस भाषण और मन की बात....,CAG,1
facebook_corpus_msr_341868,Baki iski kamar se achi tho mere mohalle me kachara nikalene wali kamar hai..,CAG,1
facebook_corpus_msr_341869,"सीन 1 : केरल में लंबे इंतजार के बाद 140 में से बीजेपी ने एक सीट जीत ली ..मिडिया ने कहा कि बीजेपी की बड़ी कामयाबी ..
सीन 2: पंजाब में आप ने पहली बार चुनाव लड़ा 20 सीट जीती , मुख्य विपक्षी दल का दर्जा प्राप्त किया ...मीडिया ने कहा कि पंजाब में आप का फ्लॉप शो ..
सीन 3 : दिल्ली MCD चुनाव में आप पहली बार लड़ते हुए 272 में से 48 सीट जीत कर दूसरे स्थान पर रही ...मीडिया की प्रतिक्रिया ..आप की करारी हार , आप का खेल खत्म ...
सीन 4: तमिलनाडु में बीजेपी 232 में से एक भी सीट नही जीत पायी , मीडिया ने कहा बीजेपी की बड़ी कामयाबी ...सीट भले ही नही मिली लेकिन वोट प्रतिशत में बढोत्तरी हुयी ...
सीन 5 : गोवा में आप कोई सीट नही जीत पाई पहली बार इलेक्शन लड़ते हुए ....मीडिया ने कहा कि केजरीवाल का गोवा में घटिया प्रदर्शन ....
सीन 6: पहली बार लोकसभा लड़ते हुए पंजाब में 4 सीट जीती ...मीडिया का प्रचार कि भगौड़े को जनता ने नकारा ...
     इसलिए मीडिया को समझदार लोग बिकाऊ बोलते हैं ...",CAG,1
facebook_corpus_msr_341875,"वाह रे ज़माना , नंगापन को English में Hot बोला जाता है ा",CAG,1
facebook_corpus_msr_341882,yhi sb pura country ko barwad kr diya hai hatao ye sb ko,CAG,1
facebook_corpus_msr_341884,"Jara gao mebi aaya Karo
Phir dekho
Jo phana hai o bi nahi dikhega",CAG,1
facebook_corpus_msr_342609,"देखिये आप मुद्दे से भटक रहे है..
असल मुद्दा देश सुरक्षा थोड़े ही है ,
असल मुद्दा तो - गाय, अजान,तलाक,लव जिहाद,  खतरे में हिन्दू, ये सब है।
आप ऐसे बेवफाई नहीं कर सकते। ☺☺",CAG,1
facebook_corpus_msr_342610,बहन आप कुचभी बोलो ईन लोगोको कुच फरक नही फडने वाल आप आतिंम संस्कार रहे हो ए लोग दिली मे जित का जसन मे डूबे हे जय हिंद,CAG,1
facebook_corpus_msr_342611,modi ji nirnayak yudh ki tayeri jald se jald kijiye sabra ka baandh tut raha hai,CAG,1
facebook_corpus_msr_342612,"5/2/17, 11:54:47 AM: Parwez hasan: देश भक्ति दिमाग में रह गई खून में नहीं है वरना जवानों की बेइज्जती पर अब तक तो दुनिया के नक्शे से पाकिस्तान मिट जाता था",CAG,1
facebook_corpus_msr_342613,ab bekawuu Media nhi chilawoge modi modi des ka sabse kamjor p.m hai modi g,CAG,1
facebook_corpus_msr_342638,esh ko abhi sahi malum howa baba ji ka thalu ka matlam,CAG,1
facebook_corpus_msr_342639,Kuch . bhi upasna ji log pagal hai show dekh nhi rahe hain  app kya 3 ri ankh kholkr dekh rhi hai apke sath me kapil bhi dekh rha hai,CAG,1
facebook_corpus_msr_342645,Marji hai sunil ji ana ho to show mei a jana,CAG,1
facebook_corpus_msr_342647,दोनों दलाल है और इन दोनों का दलाल मिडिया है।,CAG,1
facebook_corpus_msr_342649,"हमें क्या करना है, जो हर रोज़ 10 बार इन लोगो की न्यूज़ बताते हो",CAG,1
facebook_corpus_msr_342674,Jab ka karna hi hai to itna bara tamasa karne ki kya jaroorat thi,CAG,1
facebook_corpus_msr_346535,"अल्लाह ताल्लाह के फजल से
पाकिस्तानी जेल में सज़ा काट रहे
आतंकी जकी-उर-रहमान-लखवी
की पत्नी पेट से है !😉

अल्लाह बडा हलालु है 😂",CAG,1
facebook_corpus_msr_346551,"बाहुबली देखके एक बात बड़ी खली ...
वो ये कि इससे पहले तक हम इतना घटिया सिनेमा देखते ही क्यों थे ?
क्यों हमने शाहरुख सलमान जैसे घटिया बुड्ढों को स्टार बना रखा था ....
क्यों हमने pk और fan जैसी फिल्मों पर इन्हें दूध से मक्खी की तरह नही निकाल फेंका...
हम थिएटर में गये ही क्यों ...कचरा देखने
बाहुबली जैसी फिल्में आँखें खोलती हैं भाईसाब 
ये कि हम हक़दार किस भव्य शानदार सिनेमा के हैं ..
और हमे दिखाया क्या जा रहा है ...
फूहड़ गाने....ब्रेस्ट एंड बट्स हिलाती हीरोइने....अश्लील दृश्य ..
नही ....हमे बेहतर सिनेमा चाहिए .
और ये तो हम खुद ही चुनेंगे ...बिलकुल वैसे जैसे सरकार चुनते हैं .
अच्छी फिल्मों को ज़बर्दस्त मैंडेट ...
और पटकथा देश की संस्कृति से छेड़छाड़ करती हो तो ""पद्मावती"" की ज़मानत जब्त ।",CAG,1
facebook_corpus_msr_346571,Jinke record bante h unke hi tutte h or jinke record bne hi na to unke ky tutege jaise akshay kumar hritik roshan hahahahhaha,CAG,1
facebook_corpus_msr_346574,Record dekh le Akshay k contribution sabse jada hai bollywood me finance k mamle me.,CAG,1
facebook_corpus_msr_346577,Dono ko on stage le ouh aur mawawala jaye.real kon aur filmi kon.. Result janta degi,CAG,1
facebook_corpus_msr_346578,"कटप्प्पा ने बाहुबली को क्यो मारा था अगर जान गए हो तो ज़रा इन सवालों पर भी ग़ौर कर लें !!

तीन साल में 

1- कितने करोड युवाओं को रोजगार दिया ?
2- गंगा मैया कितनी साफ हुई ?
3- बुलेट ट्रेन के कितने कोच तैयार हुए ?
4- मेक इन इंडिया का क्या परिणाम रहा ?
5- कितने दागी नेता जेल गए ?
6- धारा 370 पर क्या हुआ ? 
7- कितने कश्मीरी पंडितों को उनके घर मिले ?
8- डीजल पैट्रोल कितने सस्ते हुए ?
9- मंहगाई कितनी कम हुई ?
10- आम जनता के लिए क्या किया गया ?
11- लाहौर और करांची पर कंहा तक कब्जा किया ?
12- सेना को कितनी छूट दी गई ?
13- चीन थर थर कांपा क्या ? 
14- देश ईमानदार देशों की श्रेणी में आया क्या ? 
15- किसानों की फांसी बंद हुई क्या ? 
16- जवानों का खाना सुधरा क्या ? 
17- बिहार को 125 लाख करोड़ का पैकेज दिया क्या ? 
18- अलगाववादी नेताओं की सुविधाएं बंद की क्या?
19- ओवैसी और वाड्रा जेल गए क्या ? 
20- मोदी के विदेशी दौरों से कुछ फायदा हुआ क्या ? 
21- राम मन्दिर बना क्या ?
22- गुलाबी क्रांति गौ हत्या रुकी क्या ?
23- डॉलर का मूल्य रूपये के मुकाबले कम हुआ क्या ?
24- कितने स्मार्ट सिटी तैयार हो गये ?
25- कितने गाँवों की काया पलट हुई संसादों के गोद लेने से ?
26- महिलाओं पर अत्याचार रुक गया क्या ?
27- बीफ एक्सपोर्ट में भारत को एक नम्बर किसने बनाया ?
28- 100 दिनों के अंदर विदेशों से काला धन आया क्या ?
29- कितने लोगों को 15 लाख मिले ?
30- नोटबन्दी से आतंकवाद और नक्सलवाद का कमर टूटा क्या ?
31- देश के अंदर से घूसखोरी बंद हो गई क्या ?
32- भारत में कितनी खुशहाली आई ?
33- स्वच्छता अभियान का क्या परिणाम रहा ?

बाकी जो छूट गया हो,  वो आप एड कर लो,और ढूंढो!!!",CAG,1
facebook_corpus_msr_346579,Ye Sab kam upne ap ho jayega jab Bharat Hindurastra ho jayega,CAG,1
facebook_corpus_msr_346580,koi aur kaam nhi h kya jo tere faltu ke sawalo ke peeche lage rhe,CAG,1
facebook_corpus_msr_346584,"Yàar news Bale pagal ho gye ho ,bar bar salman ,amir k name leme ki kya jaroorat h",CAG,1
facebook_corpus_msr_346585,Bahubali salman amir sharukh ka record tod sakta h lakin aksay nahi q bhand media,CAG,1
facebook_corpus_msr_346586,is post pe ek khaas baat hai ke akshay kumar ka koi bhi baat nahi kar raha hai. sirf khan actor ki hi baat ho rahi hai.. .ke bhubali ne khans actor ki filmo se bhi ziyada kamai ki.. .means khan actors me kuch baat hai  dum hai. jo bhubali ke samney takra gaye...baki akshaykumar amitab bachan to pani kum chai hi hai.,CAG,1
facebook_corpus_msr_346588,mat dalo ye bahubali ki kamai wali ye post aye news walo ;) pata nhi kitni ki jal kar rakh ho jati hai :p :p,CAG,1
facebook_corpus_msr_346595,"Khans ko naya bap mubarak ho😂😂
Ab ispe v kai mulle comment krenge pakka jalegi dekh ke 😂😂",CAG,1
facebook_corpus_msr_346604,is post pe ek khaas baat hai ke akshay kumar ka koi bhi baat nahi kar raha hai. sirf khan actor ki hi baat ho rahi hai.. .ke bhubali ne khans actor ki filmo se bhi ziyada kamai ki.. .means khan actors me kuch baat hai  dum hai. jo bhubali ke samney takra gaye...baki akshaykumar amitab bachan to pani kum chai hi hai.,CAG,1
facebook_corpus_msr_346606,Haaam jaaaan kar aachaar dalenge... Saaaara paisa toooo woooo hi le jayega.... Mujhe v kuch deta tooooo.... Uska collection jaaan lete,CAG,1
facebook_corpus_msr_346607,मूवी होती है मनोरंजन के लिए आप उसे धर्म के चश्मे से क्यों देखते है।,CAG,1
facebook_corpus_msr_346608,Ab shayad media wale is trah ki baate likh kar actaro main bhi ladai karayege,CAG,1
facebook_corpus_msr_346614,Is baat ke to khushi hai 3no Khan ko okat dekha di,CAG,1
facebook_corpus_msr_346619,"हिंदुत्व को बदनाम किये बिना भी फिल्म हिट हो सकती है। 
#बाहूबली2",CAG,1
facebook_corpus_msr_346625,"Aaj kal news wale publicity pane ke liye kya kya karte hai,",CAG,1
facebook_corpus_msr_346629,Ama vo south ki movie hai na ki Bollywood ki,CAG,1
facebook_corpus_msr_346648,"Abhi tublight baki hai 
Sale log ka fuze ura diya jayega",CAG,1
facebook_corpus_msr_346655,Dhul inke nasib m shi inko to bahubali tatti chatyega,CAG,1
facebook_corpus_msr_346666,Shi bat kya uske piche   koi nhi jata aphvah chij logo jade psnd he piche ja rha he socho,CAG,1
facebook_corpus_msr_346725,"yr ap logon mein Pakistan or Pakistan k logo k lye iteni nafrat q hai? kiya hum log apki tarah insan nhe hai? kiya Hindu sarif India mein hai? ap Pakistan k province Sindh mein jaa kr dekho k kiteni Hindus hai or kise peaceful tareeqi se life spent kr rhe hai, mere ghar k samni 2 Hindus ka ghar hai hum  apas mein milte julti hai kabhe kabhe mein un k ghar jata hun kam k silsly mein pr ap logo pata nhe ku extremists ho yr hum be apki tarah insan hai, kiya Hinduism  mein insan ko marni ka hukum hai??",CAG,1
facebook_corpus_msr_346850,"अल्लाह ताल्लाह के फजल से
पाकिस्तानी जेल में सज़ा काट रहे
आतंकी जकी-उर-रहमान-लखवी
की पत्नी पेट से है !😉

अल्लाह बडा हलालु है 😂",CAG,1
facebook_corpus_msr_346851,"तेरी ये सोच कैसी निसाने पे गोली
मारे ऐसे पत्रकारो को धाय धाय गोली
सरकार को निकम्मा कहे गद्दारो की टोली,आखो से जो न समझे 👹 गठबन्धन की खाली बोरी की खोली
झूट को सच बनाये बेइमानो की चोली
आँखो के सामने दिखे मोदी की बोली
हर हर मोदी?????
घर घर मोदी?????🌷👳👍",CAG,1
facebook_corpus_msr_347623,"किसी को लगता हिन्दू खतरे में है,

किसी को लगता मुसलमान खतरे में है,

धर्म का चश्मा उतार कर देखो यारो...

पता चलेगा हमारा हिन्दुस्तान खतरे में है !!",CAG,1
facebook_corpus_msr_347628,पुलिस पे हमला फ़ौज पे हमला.नक्सलवाद बढ़ रहा है पाकिस्तान डर रहा है कुल्भुशण मर रहा है कश्मीर जल रहा है मीडिया पिँघल रहा है...... देश बदल रहा है. eshe acche din nahi chaye modi ji,CAG,1
facebook_corpus_msr_347632,kis dunia me ho? abhi abhi pakistan se aayeho kya?,CAG,1
facebook_corpus_msr_347633,"Kab tak hamare sainik shaheed hote rahenge. Sarkar khali bayanbaji kar rahi hai. 
Mananiya PM ji Pakistan ko mitane ki taiyari kariye. Hum aapke sath hai",CAG,1
facebook_corpus_msr_347634,Hamare Sainik kab tak Shahid hote rahenge Modi ji Naxalite Aatankvad &Pak. KO Sabak Shikha Chahiye Purs desh Aapke Saath hai.,CAG,1
facebook_corpus_msr_347636,"हेमराज के सिर काटने पर, फर्जी 56"" सीना ताने मोदी जी कहते थे 1के बदले 10सिर लायेंगे, अब 2के बदले 20सिर कब ला रहे हैं ?
#ModiWeakestPMever",CAG,1
facebook_corpus_msr_347638,"कांग्रेस जब चुप था तो यही BJP जवानों के मरने पे action की बात करती थी लेकिन आज आज तो सरकार आप का है। पाकिस्तान को
निस्टोनबुद करने के बजाए घोर निंदा की जा रही है मोदी सरकार द्वारा।",CAG,1
facebook_corpus_msr_347639,Jai hind sardar Sh. parmjeet singh ji aapki shadaat aase nhi Jane de gye muh tood Jawab degye pakstanion ko. Hume bhart sarkar per nhi aapne jawano per bharosa hai ki wo aapne sathi ki shadaat ko aase nhi Jane de gye.jai hind,CAG,1
facebook_corpus_msr_347641,Mare bahiyo fb par post dall kar yaa comment karke kya milega.... Kya modi aapka comment padegge fb par.... Yee sab aap oor hamaare jashe Bhai hi padhage oor thoda saa shok jaahir kar fir agli post Dakhne lag jaaege.... Joo Karna h baahr karo jiska parsaasan ko pta chle....,CAG,1
facebook_corpus_msr_347642,"Pakistan ke kafiro KO sidha guskor marna cha hi he, ye lato ke bhut he bato se nahi somjenge , o sahed bul goe ki Mother India ke torof Jo v akh uta kor dakhte he uska vosm ho jata he , unko sahed pata nahi ye Hindustan he boluchistan nahi,  Baharot Mata ki jai😡😡😡😡😡",CAG,1
facebook_corpus_msr_347644,Vyarth Jani bhi nahi chahiye inki shahadat...bahut dukh hota hai jb hamare Sainik saheed ho jate h proud to hamesha rahega mgr in pakistani's ko jawab Dena hi hoga,CAG,1
facebook_corpus_msr_347647,मुझे तो लगा था... चुनाव परिणामों के बाद एक ओर सर्जीकल स्ट्राइक होगी? अगर देश मे चुनाव समाप्त हो गये हो तो.... नियंत्रण रेखा पर घुम कर आ जाओ..... हमारे देश के जवान शहीद हो रहे.......,CAG,1
facebook_corpus_msr_347651,"काश इन शहीदो  मे  कोई  भारतीय  नेताओ के  परिवार का सदस्य  भी  होता, तो पाकिस्तान को  अब तक सही  जवाब  मिल गया  होता ।",CAG,1
facebook_corpus_msr_347654,Atmik naman.haqiqi tasvir sarkar ki sachai bayan kr rahi hai shabdo ki koi jarurat nahi,CAG,1
facebook_corpus_msr_347655,"शहीद परमजीत सिंह को सलाम ।

परिवार के सभी सदस्यों को हार्दिक संवेदना और नमन।।

अब तो खुल कर सबक सिखाने का काम किया जाए ।

छुप कर सर्जिकल स्ट्राइक से कुछ नहीं होगा ।।",CAG,1
facebook_corpus_msr_347656,मोदी जी या तो बदला लो या तुम भी मनमोहन बनना चाहते हो क्या फायदा तुमको केंद्र म बैठने का वो भी पूर्ण बहुमत से ।। 2019 म आपको भी भरी परेसानी होगी अगर आप ने बदला नही लिया,CAG,1
facebook_corpus_msr_347658,"Agar abp news me dam hai To desh ke kilaf news na de, kyoki media jo hai, unko to bas news chahiye, unko desh se matlab ni hai, unko bas matlab hai paiso se.",CAG,1
facebook_corpus_msr_347659,Jai Hind parmatma ona de parvar nu a dukh sahan da hosla deve bhut he galat pak ne kita,CAG,1
facebook_corpus_msr_347661,"Sahadat ka Badla lo yaro
Kuch golia practice k nam par to chalau shalo per",CAG,1
facebook_corpus_msr_347662,Vaishyalaya- sahab jisam kharidna hai to yaha aao per Imaan ni bikta yaha agr Imaan kharidna hai to wo dekho aagy building hai sary media office hai wha se kharid loo per hummy itta gira Mt banao sahab.,CAG,1
facebook_corpus_msr_347668,Jai Hind..... Paramjit Hum sharminda hain.... Pakistani qatil aur Hindustan mein hi unlogo ka supporters abhi bhi bahar hain...,CAG,1
facebook_corpus_msr_347671,"Pok main army ja kr usko India main Mila le

Bs ek yaahi rasta hai..pura j&k India ka hoga

Aur modi ji apki tabhi 56 inch samjhunga main

Nhi toh apko vote nhi dunga main av se",CAG,1
facebook_corpus_msr_347673,desh abhi to bas slam hi karega ...jawan sahid hote raheinge ...or hum slami dete raheinge ...or humare 56 inch wale ...kaddi ninda karte raheinge....yehi desh ki kismat hei......kash aaj humare PM vipaksh mei hote to pakistan ki dhajiya uda dete ///muskil ye hei abhi ye nahi kar sakte....kyuki .......khud socho yar...kuch kam khud bhi kar liya karo....sab hum hi bataye kya,CAG,1
facebook_corpus_msr_347674,Esa Kuch Hoga To woh Din Dur Nahi K Phir Gulami waley Din Dekhney Ka Maahol Ho Jaye,CAG,1
facebook_corpus_msr_347676,mere kyal se hamare sare jawano ke aise hi marna chaiye. kyou ki hamare sarkar kuch nehi kerne wala hain,CAG,1
facebook_corpus_msr_347679,Yeahi hi achche din modiji. Toh aise achche din Hume nhi chahiye..... JO hamare jawano ki jaan de kar mile nahi asie chachiye ....,CAG,1
facebook_corpus_msr_347684,hamare foji bhaiyo ki jindagi ki kimat sarkar ki nazar m kuch bi nahi h ...agar hoti to hamare rakwale uhi nahi saheed hoto .....kuch kro nikami sarkar kahlane m maza ata h kya b j p walo ko ...,CAG,1
facebook_corpus_msr_347686,PM ko chunavi rally s fursat mile to army n desh ka bare m kuch kare.....prachar vahan ban gaye hein Modi,CAG,1
facebook_corpus_msr_347713,Please modi ji ab action hum log kb tak apne jawan gabate rahenge m samjhta hoon ki aap pr bhi dawab h  lekin hume biswas h aap luch jaroor karenge plzzz modi ji kuch kare aap ko bhi koi rokta h but aap jawab doge,CAG,1
facebook_corpus_msr_347716,Pakistan ko Uski Aukaat dikhane ka time aa gya Hai,CAG,1
facebook_corpus_msr_347718,"बेड़ियाँ  अब  काट  दो 
🏇🏇🏇🏇🏇🏇🏇🏇

मेरी साँसों में उठता बवंडर,
सपनों में दिखता है खंडहर,
बिना बोले ही महादेव हर हर,
हमारा शौर्य बिखरता झर झर।

जो मौत से कभी न डरते,
बिना लड़े बेचारे मरते,
भारत माँ के आँसू झरते,
आततायी खुले विचरते।

कड़ी निन्दा के पन्ने फाड़ दो,
आततायी! जहाँ मिले उसे गाड़ दो,
उनके सारे कैम्प उजाड़ दो,
उनकी पूरी बस्ती झाड़ दो।

ना करो आश्वासनों के अब कोई छल,
यदि सैन्य बल का गिरेगा आत्म बल,
तो पूरा देश होगा निर्बल,
अशान्ति की होगी दलदल।

अब फैंक दो तुम सारे माइक्स,
कर दो सर्जिकल स्ट्राइक्स,
इतनी अपनी हवा बनादो,
दौड़ें केवल अपनी बाइक्स।

जय हिन्द।",CAG,1
facebook_corpus_msr_347720,Jb koi neta mara jayega tb sayad samch me aayega kisi ka dard......,CAG,1
facebook_corpus_msr_347722,मोदी जी56 इंच सिर्फ बोलने के लिए ही है क्या,CAG,1
facebook_corpus_msr_347732,"और ये बिडम्बना देखिये मनमोहन सरकार के 10 साल के कार्य काल मे 150 जवान शहीद हुए थे।
लेकिन मोदी सरकार 3 साल के कार्य काल मे  180 जवान शाहिद हो गए है।
और तो और BJP का कहना है।
मनमोहन सरकार जवानो के मरने पे निंदा जाहिर करती थी।।
और हम घोर निंदा जाहिर कर रहे है।।",CAG,1
facebook_corpus_msr_347749,Jab tak bikaoo media hai tan tak feku narender modi,CAG,1
facebook_corpus_msr_347814,Sirf Gaumata Ko Bachana Hi Hamara Farz Nahin Banta Balki Hamari Dhartimata Ko Bachana Hamara Pehla Farz Banta Hain .Unke Ghar Mein Ghus Kar Maro Saalo Ko 2 Ke Badle 200 .Jai Hind .,CAG,1
facebook_corpus_msr_347918,Jai  Hind  1 Sir  ke  badle  100 Pakistani  Sir  chahiye jai  hind,CAG,1
facebook_corpus_msr_347944,क्या कर रहे  है हमारे  pm नरेंद्र modi जी बस उनका भाषण रहता है और कुछ नहीं,CAG,1
facebook_corpus_msr_348266,ऐक बदले हाजार मोरो तो बात बनेगी ईस्त्राईल का अनुकरण करणा होगा.,CAG,1
facebook_corpus_msr_348277,राज नाथ जी हमें कड़ी निंददा है आप कुछ ना कर पा रहे हो सिर्फ निंददा से क्या होगा,CAG,1
facebook_corpus_msr_348299,Modi jee wait nhi dukha do doglo ko 56 incj,CAG,1
facebook_corpus_msr_348523,परमजीत हम शर्मिन्दा है तेरे कातिल अभी जिन्दा है  जय हिंद.,CAG,1
facebook_corpus_msr_348654,जय हिंद मोदी जी ये रोज 2 जो फौजी भाई सहीद हो रहे है इसको एक ही बार खत्म कर दो,CAG,1
facebook_corpus_msr_348688,"पाकिस्तान की 2चोटियों को तबाह किया उससे क्या होगा क्या उन चोटियों पर कब्जा किया क्या।
देश गुस्से में है।
पाकिस्तान को जवाब दिया जाएगा।
अगर जवाब दिया जाता तो आज ऐसे दिन नहीं देखने को मिलते।
अगर सरकार ने यूध्य का आदेश नहीं दिया तो फिर किसी सूभाषचंद्र बोस को आना होगा।
क्योंकि गांधी वादी सोच देश व सेना दोनों के लिए खतरा है।
जय हिन्द",CAG,1
facebook_corpus_msr_348701,"तेरी ये सोच कैसी निसाने पे गोली
मारे ऐसे पत्रकारो को धाय धाय गोली
सरकार को निकम्मा कहे गद्दारो की टोली,आखो से जो न समझे 👹 गठबन्धन की खाली बोरी की खोली
झूट को सच बनाये बेइमानो की चोली
आँखो के सामने दिखे मोदी की बोली
धैर्य समय को पहचान गया इसी मे सबकी है भलाई ,
जित हमारी पक्की है मांद में बैठे छुप के विरोधी की चलाकी, सेना को बरगलाये राजनीती की फूटी ढोल है।
सहादत जवान की अंशु का रक्त बहे सुनी माँ की ये गोदी
दिल से जवान बोलो जय जय  भारत माता दुर्गा की जय
हर हर मोदी?????
घर घर मोदी?????🌷👳👍",CAG,1
facebook_corpus_msr_348718,"भारतीय मीडिया अपनी गिरेबान में झांके तो तुम्हारी औकात कोठे वाली मजबूर औरतों से भी बुरी है,,,कोठे वाली औरतें तो मजबूरी में ये काम करती हैं और तुम्हारी तो कोई मज़बूरी नहीं सिर्फ पैसा और अपने गोरखधंधे के लिए मोदी और सत्ता के आ.... उठाते हो।
भारतीय मीडिया भारत को बरवाद करने में अपनी पूरी भूमिका निभा रहा है।
किसान और जवान मर रहे हैं, मोदी के पास निंदा के अलावा कुछ नहीं फिर भी उसका गुणगान कर रहे हो।
मीडिया को हमेशा सरकार के विरोध में काम करना चाहिए जिससे सरकार निरंकुश न हो और जनविरोधी काम न कर सके संतुलन बना रहे।
पर भारतीय मीडिया की औकात तो वर्ल्ड रैंकिंग में दिख ही रहा है।",CAG,1
facebook_corpus_msr_348720,"इस देश का जबान मार रहा है
और नेता कहते हैं जबान तो 
होता ही है मरने के लिए इन
नेताओं को एक दिन के लिए
सीमा पर बंदूक देकर बैठा दो
साले खुद कहेंगे पाकिस्तान को 
उड़ा दो जब किसी दूसरे के दर्द 
होता है इन के कुछ महसूस नहीं
होगा जब इनके ऊपर आएगा
टैब पता चलेगा दर्द क्या होता 
साले बड़ी बड़ी बातें करके रात 
को ac चलाकर सो जाते हैं एक 
रात जागेंगे तो पता चलेगा सीमा 
पर रात भर जागेंगे टैब पता चलेगा 
इन्हें चैन से सुलाने के लिए जबान 
खुद रात भर जागते हैं तब ये चैन से सोते हैं
और बात करते हैं जबान तो होता नही है मारने के लिए",CAG,1
facebook_corpus_msr_348741,"Pakistan murdabad
Jay hin jay jawan
Pakistan ko us ka aukat dikha do modi ji",CAG,1
facebook_corpus_msr_348748,Jay hind bahut ho Gaya .56 inch ko     bolo .kaha Gaya wada,CAG,1
facebook_corpus_msr_348750,me modi ji se kahena sahata hu kipakistan ka naksa hi mita do fir kon aatakvad aayga,CAG,1
facebook_corpus_msr_348759,Amit G jawano k sath barbarta ho Rahi hai aap kah Rahe ho Vijay Rath aage bad raha hai. Pakistan me Kab Vijay Hoi?,CAG,1
facebook_corpus_msr_348760,Ye sale bjp wale bas shant chaheye inko ..aane do is baar kise bjp wale ko..,CAG,1
facebook_corpus_msr_348761,jab Sainik shahid ho rhe h to ye vijay divas manana jaruri h kya,CAG,1
facebook_corpus_msr_348763,Bjp ke raj me bhi bahanebaji he ho rahi hai koi kaam hua nahi hai abhi tak .,CAG,1
facebook_corpus_msr_348764,Bjp चाणक्य अमित शाह जी आँखे खोलो और कुछ शर्म करो और कितने जवानो को शहीद करवाओगे bjp से ऊपर देश है कुछ तो शर्म करो,CAG,1
facebook_corpus_msr_348765,Bjp ko pata chalega 2019 ka election me. Bar bar jumla baji karke admi ko bekub banaya. Ab admi Jan chuka hai. Congress phir satta me ayega.,CAG,1
facebook_corpus_msr_348768,"Tum mullo ko tho bhuat khuse kA den hai Keya bhai  Tumra pak,,,  bhai log bhut acha kam Keya hai",CAG,1
facebook_corpus_msr_348770,"Amit shah ji sarkar se bolo kuch desh K hit me bhi Karo Kashmir ka socho warna modi ji and company ka hal karab hone wala h, aap se bhi bura",CAG,1
facebook_corpus_msr_348773,"Gundo ko sirf vote say MATLAB hai, desh k jawan marey ya bhar may jaye inhey Kay farak padhega.",CAG,1
facebook_corpus_msr_348774,"Nikli aawaj , bahut dino ke sanshy ke baad. Perhaps he now believes that dilli mcd me bjp jiit gayi hai . Ha ha",CAG,1
facebook_corpus_msr_348775,"ज्यादा खुश होने की बात नहीं है टकले अंकल, आप लोगों की कश्मीर और पाकिस्तान पर यही नीति रही आप लोगों का विजय रह बहुत जल्दी ही back gare में चलने वाला है",CAG,1
facebook_corpus_msr_348776,Sab neta apne party or kursi ke chakkar me pade hai koi ye nahi soch raha hamare jawano ke sath kya ho raha hai,CAG,1
facebook_corpus_msr_348777,Humare desh Ki sena shaheed ho rahe hai us par kab jeet milegi taki humare jawan surksheet rahe,CAG,1
facebook_corpus_msr_348778,Kewal vijay rath hi nikalo tumhare gher me matm nikle to bhi vijay rath nikalni sahid ji,CAG,1
facebook_corpus_msr_348781,Yar tho Tum Muslim Kon sa  indea kA sat detha hai tum mullo ko tho bhut khuse hotha hai,CAG,1
facebook_corpus_msr_348782,"Desh ka jawan shaheed ho rhe hai
Aur ye khushi me vijay divas mana rhe hai
Inko apani rajnit se matlab hai
Qki inke pass kadi ninda jo hai",CAG,1
facebook_corpus_msr_348783,"Jis speed se bjp aage badh rhi hai.. Usi speed se break v lag jayegi.. Bjp pe.. Agar action nhi liya Pakistan k khilaf to..
Agar action nhi liye to laat Mar Degi janta",CAG,1
facebook_corpus_msr_348784,Salao 1kaam to batao jis s aam inshano ka fayada keya ho tume or ye media Dalai kar kar kar hakeekat kuch dekhata nai ha,CAG,1
facebook_corpus_msr_348785,Taxpayers ke pasine ki kamai ke loote hue paiso se MP /MLA /ministers /♢Puri sarkar ka saudagar .,CAG,1
facebook_corpus_msr_348786,2008 में एक फ्रेंच डिप्लोमेट के मुताबिक पुतिन ने कहा था जार्जिया के प्रेसिडेंट को टट्टों से लटकाकर मार दूंगा.,CAG,1
facebook_corpus_msr_348791,AGLE 20 SAAL IS RATH KO KOI NAHI ROK SKTA.. BAS MUSLIMO KI NASS BANDI KRWA DO,CAG,1
facebook_corpus_msr_348802,ये जीत का पर्व मना रहे है और बोर्डर पर सेना के जवान सहिद हो रहे हैं ।इन्हें शर्म आनी चाहिये।,CAG,1
facebook_corpus_msr_348803,इस विजयरथ को पाकिस्तान बोर्डर तक ले जाओ वहाँ जाके पाकिस्तान को  मोदी लहर दिखाओ,CAG,1
facebook_corpus_msr_348805,"बहानेबाजी तो आप कर रहे है, जवान और किसान शहीद होते जा रहे है ,और आप जुमला पे जुमला फेके जा रहे है।",CAG,1
facebook_corpus_msr_348818,भाजपा का विजय रथ बढ रहा है और हमारे सैनिकों का खून बह रहा है,CAG,1
facebook_corpus_msr_348823,sainik mar rahe hai aapko sirf chunaw hi dikh rahe hai,CAG,1
facebook_corpus_msr_348831,"कितनी मेहनत कर रहा है मिडिया ...136 पर आकर चैन से नही बैठ रहा
#बेशर्म",CAG,1
facebook_corpus_msr_348834,Ye toh blackmoney aur EVM  ke saudagar ka kamaal hai.,CAG,1
facebook_corpus_msr_348837,एक बार बेलेट पैपर से चुनाव कराकर देख लेते तो हमे भी यकीन हो जाता,CAG,1
facebook_corpus_msr_348841,"एक बार जोर से बोलो "" EVM मशीन "" की जय",CAG,1
facebook_corpus_msr_348843,"विजय पर्व किस पर मना रहे है 26 जवान शहीद पर य आज दो शहीद जवान के शव पर बरबरता ?। धिक्कार है एसे हिन्दू  लीडर पर ,बिना बुलाए पकिश्तान भात खाने  जा सकते है । वाह रे सरकार के अंधभक्तो ,आज हमारा देश अपना जवान को खो रहा है ,माँ अपना बेटा खो रहा है ,",CAG,1
facebook_corpus_msr_348855,"Gorkha hu. Aur Gorkhe ki tarah bolunga... apni khukuri se in napak Pakistaniyo ka sar kalam karne ke liye betaab hu. Bharat jindabad tha, hai aur rahega. Jai Hind! Maa Tuje Salam! Vande Mataram!",CAG,1
facebook_corpus_msr_348861,2008 में एक फ्रेंच डिप्लोमेट के मुताबिक पुतिन ने कहा था जार्जिया के प्रेसिडेंट को टट्टों से लटकाकर मार दूंगा.,CAG,1
facebook_corpus_msr_348862,बात तो सही है पर तुम पहले पाकिस्तान को आर्थिक मदद करणा बंद करो तुम्हे लगता है जेहादियो के खिलाफ पाकिस्तान काम करेगा लेकीन पाकिस्तान जेहादी पैदा करता है,CAG,1
facebook_corpus_msr_348863,Indian army jo bhi karna chahe krne diya jaye koi bhi order usse na diya jaye politician ke through Jinhe proof chaiye pls aap apna ac room chod  kr   border PR 1hr . Khade ho kr  dikhaye proof apko apke samne  mil jayega. . Jai hind .,CAG,1
facebook_corpus_msr_348931,"काश मोदी जी आज प्रधानमंत्री होते !!!
तो एक सर के बदले 10 सर लेकर आते ।",CAG,1
facebook_corpus_msr_348933,Bhai wo bad me phele jin se paise liye hue unka kaam krne do koi Marta h karne do,CAG,1
facebook_corpus_msr_349254,जो लोग दूसरी शादी करने के लिए अपनी बीवी को जलाकर मार देते हैं या फांसी लगा देते हैं वह कम अक्ल अक्ल के अंधे आज मुस्लिम औरतों के अधिकार की बात कर रहे हैं पहले अपनी औरतों को तो अधिकार दे दो बाद में हमारी औरतों का अधिकार दिलाना जाओ पहले अपनी औरतों के साथ में इंसाफ करो हमारा मतलब बस हमी तक छोड़ दो,CAG,1
facebook_corpus_msr_349257,Iss comment pe jo bhi hindu religion ko gaali de rha hai agar kuch sawaal pooche pe aya toh unki dimag ki batti bujh jayegi aur frse galiya bakne lagenge...😂😂😂,CAG,1
facebook_corpus_msr_349258,Ayesha kaun thi?? Jiska jikr Quran me kiya gaya hai??,CAG,1
facebook_corpus_msr_349260,Acha  mujhe ye  bta  eid  kyo  mnate hai,CAG,1
facebook_corpus_msr_349270,"U.P se hai aur maarte maarte mor bna dete hai😂😂😂
Jai shree Ram...jai hind... Vande Mataram 🇮🇳🇮🇳🇮🇳",CAG,1
facebook_corpus_msr_349273,"Sameer ji apne jo pic post kiya hai uska matlab apko pta naa ho toh pls logo k beech me chaos naa create kare...chaliye ab apke pic pe aate hai..
Humare hindu religion me kundli ka bahut mehtva hota hai aur jab kisi ki kundli me 2 vivah ka yog banta hai tab bachpan me hi uska ek vivah krwa ke sath me Brahmin bhoj krwake wo 2 vivah wala dosh theek kiya jata hai... Jisse jab uski bade hoke shadi ho toh koi badha naa aye...but aap log isko shyd kbhi nhi smjh paoge kyuki apke religion me toh 3 biwiyan rakhne ko hi bola gya h... 😂😂😂",CAG,1
facebook_corpus_msr_349296,Arham Ansari ab bta kon hai tu  Hindu  ya convert kiya hua Muslim,CAG,1
facebook_corpus_msr_349300,Acha kya kisi mard aur aurt my jhagda nhi hota kya! Kya kisi dosre dharm Mai khbi talaq howa hi nhi kya???? Ye kesi baat karte ho? Ao log kyu dosre ki thali my jhankte ho apna dekho dosre pe kyu ungli uthay ho apne my jhank k dekho jawab mil jayega,CAG,1
facebook_corpus_msr_349305,ATANKI kathmullo ko Allah nark veje.aur bechhari mullio ko jannat,CAG,1
facebook_corpus_msr_349306,Abhe hm to jannat me jaynge hi tumhe to yhi pr jla denge kattar vadi hinduo   ya samunder me fek denge machli aur   magarmach ko khane ke liye,CAG,1
facebook_corpus_msr_349307,Social sites pe dekhenge toh pata chal jayega sabko kee Bharat Mai Neharu naamak Aatanki ne Muslim O ko Jagah dekar barbaad kar diya hai... 😢😢😢😢,CAG,1
facebook_corpus_msr_349308,इस्लाम में चौपायों से करना जायज है लो भाई देख लो,CAG,1
facebook_corpus_msr_349314,"Dhatu kii milavat katke paida hua hai tu???

😁😁😁😁😁
Haa Hahahaha Dhatumay jeev jantu",CAG,1
facebook_corpus_msr_349316,Tum log sbse bde namard ho tum sirf fb or twitter pe hi gali galooj kr skte ho baki tmhari koi oqat nhi h yad rakho tm logo ne musalmano ki gulami ki h hzar sal ... Or tm kuch nhi kr pae the hahahaha.....,CAG,1
facebook_corpus_msr_349335,चाहे कुछ भी हो धर्म की आर में मुस्लिम महिलाओ का #हलाला कहीं से भी जायज नहीं है और इसका विरोध वो हर भारतीय करेगा जिसके मन में महिलाओं के प्रति थोड़ा भी सम्मान हो ।,CAG,1
facebook_corpus_msr_349346,जो लोग ख़ुशी ख़ुशी अपनी बहन बेटी का दूसरो से हलाला करा के खुश होते है बो हमे ज्ञान दे रहे है वाह,CAG,1
facebook_corpus_msr_349372,"70 saal ki azadi ke baad j pehli baar koi PM agar muslim ko lekar kuch accha karne ki kausih kar rahe to bpaksh ko bardast nahi ho raha hai,are bhai tum to muslim hokar bhi muslim ki bhalai nahi kiye ho, muslim ko sirf vote bank banake rakh diya , aaj koi tarrakki ki baat kar raha hai toh mirchi lag rahi hai.",CAG,1
facebook_corpus_msr_349373,Ye ovesi teen talak aur halala ki baat karta rahega bjp wale bhi esi me busy rahenge aur eske chakkar me hamare sainik marte rahenge mujhe to lagata h esko Pakistan wale ne bol diya h ki tu teen talak ka mudda utha ta rah aur ham   Bharat ki Sena ko marte rahe,CAG,1
facebook_corpus_msr_349411,"Beta rehan khaan #gand main nahi #lund main #dum hona chahiye bat karata hai aur tum  तुम लोगों को संयम,सहानुभुती,प्रेम,दया बिल्कुल नही है ।",CAG,1
facebook_corpus_msr_349412,"Kam se Kam baat to kar rahe hai, Tum logo ne aaj tak kabhi nahi ki.",CAG,1
facebook_corpus_msr_349413,Khudko muslimo ka raahbar kahnevale kuchh to sharm karo .,CAG,1
facebook_corpus_msr_349414,"भारतीय मीडिया अपनी गिरेबान में झांके तो तुम्हारी औकात कोठे वाली मजबूर औरतों से भी बुरी है,,,कोठे वाली औरतें तो मजबूरी में ये काम करती हैं और तुम्हारी तो कोई मज़बूरी नहीं सिर्फ पैसा और अपने गोरखधंधे के लिए मोदी और सत्ता के आ.... उठाते हो।
भारतीय मीडिया भारत को बरवाद करने में अपनी पूरी भूमिका निभा रहा है।
किसान और जवान मर रहे हैं, मोदी के पास निंदा के अलावा कुछ नहीं फिर भी उसका गुणगान कर रहे हो।
मीडिया को हमेशा सरकार के विरोध में काम करना चाहिए जिससे सरकार निरंकुश न हो और जनविरोधी काम न कर सके संतुलन बना रहे।
पर भारतीय मीडिया की औकात तो वर्ल्ड रैंकिंग में दिख ही रहा है।",CAG,1
facebook_corpus_msr_349415,"Baki apke liye chhode hai bhaiya.apki bhi to rajnitik jarooraten hai, usi ka khayal rakha gaya hai.",CAG,1
facebook_corpus_msr_349416,"आम आदमी पार्टी विधायक की बीवी नाराज़ हो जाए तो ब्रेकिंग न्यूज़ बनती है 
बीजेपी सांसद द्वारा बलात्कार पे इतना सन्नाटा
मीडिया पर मोदी शो ,योगी शो या बाबा राम देव के विज्ञापन ही दिखाई देते हैं । मीडिया भी आज कल इन नेताओं की छवि वाले तावीज़ बेचने वाली दुकान बना हुआ हैं । झूठ बोला जा रहा हैं बार बार बोला जा रहा हैं ।",CAG,1
facebook_corpus_msr_349418,आज सुबह ही ७ पाकिस्तानी जेहादी ढेर कर दिए है,CAG,1
facebook_corpus_msr_349420,jaddi baniya jaise cheejo se islam khatre me hota hai .... tabhi to jehadi batate hai or marte bhi hai,CAG,1
facebook_corpus_msr_349421,Tu to chuninda muddo pe bhi baat nhi karta... Bina mehnat k sab milta hai tum jaise logon ko isliye dimag kharab rahta h,CAG,1
facebook_corpus_msr_349424,Oweise se pusho kuran mea kaha likha hai 3 talak or kaha likha hai ki Janat mea jana hai to insano ka katal karo pusho es se kon se page par likha hai,CAG,1
facebook_corpus_msr_349426,Bahgawn ne saurg aur nark dono banaye hy k nhi,CAG,1
facebook_corpus_msr_349429,Aur kaam kya he bjp ki aur koi muda nehi he next road show keliye abhi funding chalu he,CAG,1
facebook_corpus_msr_349430,"आप अपने आप को मुस्लिमों का नेता कहते हो फिर आपकी लड़ाई ये  B J P वाले क्यों लड रहे हैं या युं कहो कि कयु लड़ने दे रहे हो
इन मुस्लिम महिलाओं का जो भी हक और जायज लड़ाई है लडो फिर देखो ये तुमहे कैसे सर पर बिठाते हैं और अगर नहीं कर सकते तो अपना मुंह बंद रख और जो होता है होने दो",CAG,1
facebook_corpus_msr_349431,Aur kaun sa mudda hai.  Batoo bjp kya karegi ham karenge.  Samaj karega bas mahilayo ki dasa sudhrna chahiye.,CAG,1
facebook_corpus_msr_349432,BHAKT TO AISA GALI DE RAHE HAI JAISE OWAISI SOHEB BHAKTO KI MAKO HALALA KAR DIYA HO,CAG,1
facebook_corpus_msr_349435,Hindi or Musalman ke piche pade ho politics ki reputation itniat girao,CAG,1
facebook_corpus_msr_349436,Hindu Muslim se upar Nikalo yaha hamare Desh ke jawaano ke saath kya ho rha hai uski parwa nahi hai,CAG,1
facebook_corpus_msr_349437,Chuninda muddon ki baat kar rahi hai to aap ki jimmedari to aur badh jati hai  pramukh muddon ko bi jor shor se uthao sadak se Parliament tak kya aap sahmat hain ......,CAG,1
facebook_corpus_msr_349440,"Tin talak bete ho jata lavarish,, tum jase logo karate  kamaneka jariya. ,,bhejet ho jannat ,,khud lete ho maja,,, duniya ke li chhodte ho tention,,,",CAG,1
facebook_corpus_msr_349441,baaki mudde tere liye bhi chhod diye hai bjp ne. tu ne kya karna hai oevensi.,CAG,1
facebook_corpus_msr_349443,"Media k Hero.... Media baaz  Shaktimaan....

ये भी खोज का विषय है ... कि मोदी जी के कौन से ऐसे काम है जिनसे जनता खुश हो कर बम्पर बहुमत दे रही है? 

क्यों कि... 
ना मँहगाई घटी ..

ना किसान आत्महत्या रुकी 
ना भृष्टाचार कम हुआ 

ना गुंडाराज खत्म हुआ 
ना नोकरशाही खत्म हुई 

ना कश्मीर के हालात बदले बल्कि बद से बत्तर हुए 
ना पाकिस्तान पर शिकंजा मजबूत हुआ 
ना चीन ने आँख दिखानी बन्द की ..

ना आतंकवाद का खात्मा हुआ 
ना रोजगार बढ़े 

ना किसानों को उनका समर्थन मूल्य मिला 
ना गरीबो के लिए कल्याणकारी योजनाएं बनी ना कालाधन वापस आया 

ना नोटबंदी से लोगों को फायदा हुआ 
ना विदेशी दौरों से लाभ मिला ..

ना कांग्रेस के दामाद पर कार्यवाही हुई 
ना 2g घोटाले के दोषी जेल गये 
ना कोयला घोटाला करने वाले जेल गये 
ना कॉमनवेल्थ गेम के गुनाहगार जेल गये 

ना गंगा साफ हुई ना रेल दुर्घटनाये रुकी 
ना कांग्रेस मुक्त भारत हुआ बल्कि कांग्रेस युक्त बीजेपी हो गई ..

ना विजय माल्या को पकड़ा गया 
ना लोकपाल को पास किया ..
उल्टे RTI के अधिकार काम किये ..

ना शिक्षा के क्षेत्र में कोई सुधार हुआ उल्टे बजट कम किया ...

ना स्वाथ्य के क्षेत्र में कोई सुधार किया 
ना सरकारी हॉस्पिटल की स्थति सुधरी 

ना सबका साथ सबका विकास हुआ . . 

. तो क्या बदला 3 साल में जो जनता इतना खुश है..

 कि हर चुनाव में बीजेपी को बम्पर बहुमत मिल रहा हैं.

 और भारत मे बीजेपी एकछत्र राज की तरफ बढ़ रही है।

बीजेपी सिर्फ़ हिन्दू मुस्लिम को लडाने कि राजनीति कर रही है ..

वो भी सिर्फ वोट बैंक के लिए और सत्ता पाने के लिए। 

क्या कोई है जो इस पहेली को समझ सके आपके जवाब का इंतजार है?

 इस पोस्ट को देखकर अब बीजेपी के चमचों  बौखला के अपने मा बेहन और बाप का परिचय देंगे.. ... .. .. .. .. . धन्यवाद... .... जय हिंद।",CAG,1
facebook_corpus_msr_349445,"Tum bhi toa desh ke citizen ho, Toa baaki muddo ko jo tamari knowledge me hai wo samne kyu nahi rakhte?",CAG,1
facebook_corpus_msr_349448,Bhai ye kangress thi 60 saal tab kuch nahi bola....ab bolta hai ye bjp Muslim Manila ke selected prob hi dekh rahi hai....ye kahan tha itney saal,CAG,1
facebook_corpus_msr_349456,"Muslim secular neta k pav ki juti ban kar rah gaya, tabhi aaj tak koe bhi PM muslim nahi bana, Muslim Apna neta Muslim banao,,",CAG,1
facebook_corpus_msr_349463,"तलाक मुस्लिम मदों द्वारा दिया जाता हैं। लेकिन शायद हलाल से बना शब्द ""हलाला"" मुस्लिम औरतों का क्यों होता हैं ?",CAG,1
facebook_corpus_msr_349464,tumne konse mudde utha liye ...............tere bhai ne to ladai wale bhasan ke alawa kuch nahi kiya,CAG,1
facebook_corpus_msr_349465,"Are otna he sunlo bahi kafi he. Barna ek he baat kahte ho .
Donot talk about islam.",CAG,1
facebook_corpus_msr_349471,Ab muslim mahelao ko government job dena chaheye or kisi ko nhi yh h asli muslim mahelao ki tarrki,CAG,1
facebook_corpus_msr_349472,"Yeh BJP ki CHUNAVI Rann niti hey Abhi se modi ne mudda bana liya.....Sena K JAWANO ki kya jarurat vote to Janta deti hey.
BJP ka pahle se hi foot dalo or RAJNITI karo...Chaplusi karo ghatiya SOCH,  Desh ke liye sahi nahi hey....Jago Janta...Jago...bhakt....Jago...Army...Jago ...indian....JAI HIND...BHARAT MATA KI JAI...VANDE MATRAM.....",CAG,1
facebook_corpus_msr_349473,चाहे कुछ भी हो धर्म की आर में मुस्लिम महिलाओ का #हलाला कहीं से भी जायज नहीं है और इसका विरोध वो हर भारतीय करेगा जिसके मन में महिलाओं के प्रति थोड़ा भी सम्मान हो ।,CAG,1
facebook_corpus_msr_349477,Aur tum kyakar rahe ho? Tum bhi toh ek jat ko lekar politics kar rahe ho. Dalali karo acha kamai ho raha hai,CAG,1
facebook_corpus_msr_349478,"Ovesijee.   Dunia ka sabse bada injustice hai  BURKA.
aap muslim mahilao ko padne likhne isliye nahi dete ki  unko  8-8 bachche peda karne ke liye majboor kar sake......
Aap kabhi nahi bologe...

HUM APNI BETIO KO PADA LIKHA KAR EK ACHCHHA  NEK INSAN BANAYEGE.

JO KISI PAR JULM NAINSAFI NA KARE

NA HI SAHE",CAG,1
facebook_corpus_msr_349483,Bahai joh lrki ka dahej ki wjh se martah h koe rndih ka lrka nhai boltah hai ki kiu desh me lrki ko jlayah hai bol toh shi nhi to chup hoja lrki kbl ensan hai na muslim na hindu sb ka hak ha ejth hai duniyah me,CAG,1
facebook_corpus_msr_349485,ye thali ke santh ek santh muh mein daal kar khata hai . or paida hote hai 40 year ka hogya hai . ise samjhao har kam aapne time par hota hai .,CAG,1
facebook_corpus_msr_349487,Mahilao ki to baat kar rhi hai BJP tune kya kiya ye bta bkre ki sakal k,CAG,1
facebook_corpus_msr_349490,tujhe jalan hue mtlb tera najayaj bap h ye hahaha,CAG,1
facebook_corpus_msr_349491,Haha Rahul Sharma sahi bol aur kya pta eski sis eski hone wali wife ho,CAG,1
facebook_corpus_msr_349517,Godhra me suruvat krne wale kafir the ya Muslim owesi bol,CAG,1
facebook_corpus_msr_349520,"आप के बेटी या बिवी के साथ तलाक जैसा घटीया व्यवहार ना हो औवेसी साहाब ,,यही भगवान से दुआ मांगता हु 🙏",CAG,1
facebook_corpus_msr_349522,Is se bhi puch lo.is aurat ke Kya mudde ha..,CAG,1
facebook_corpus_msr_349638,"Aisa lag Raha ki condom ka parchar kar Rahi Hai ,eske aage sunny leone bhi fail hai",CAG,1
facebook_corpus_msr_349639,Jism dhikha ke nam pana..ye kam to vesyao se bhi bura he.. desh ka nam khrab kr rahi he,CAG,1
facebook_corpus_msr_349641,वाह रे अंग्रेजो इसको मर्दाना नेकर पहना कर फेमस कर दिया।,CAG,1
facebook_corpus_msr_349642,Sabne to apna Kala becha Priyanka ne lagta hai sab beach degi,CAG,1
facebook_corpus_msr_349647,ये लोग पैसे के लिये कुछ भी कर सकते है ।,CAG,1
facebook_corpus_msr_349657,Agar nude hone ki permission mile to inhe nudee hone m koi pro nai hogi,CAG,1
facebook_corpus_msr_349659,Ye underwear bhi utar De pure universe me famous ho jaayegi..,CAG,1
facebook_corpus_msr_349682,Haan Bhai modi jeetega usne evm control kar liya hai,CAG,1
facebook_corpus_msr_349684,Modi se pahle bhi pakistan attack karta tha par manmohan ki sarkar koi zawab nahi deti thi but modi sarkar muhtod zawab deti hai zara news bhi delh liya karo...,CAG,1
facebook_corpus_msr_349688,Modh ammar bhai tum khud batao ki muslims ki kyu hota h aatankwadi,CAG,1
facebook_corpus_msr_349689,3 saaal me sirf desh peeche gayaa hai ..har maidaan me ...modi ji sirf feetaa kaate hain,CAG,1
facebook_corpus_msr_349691,"Mohm Ammar, darasal dosh aapka nahi hai balki dosh to  aapko bahkane aur bargalane walo ka hai. 
Modi ne 3 salo me kya kya kaam kiya shayad aapko sahi sahi jankari nahi hai..",CAG,1
facebook_corpus_msr_349692,Tum jaise logo ka basa chale na.. Hindu Dharm* no band baja ke ISLAM gate rahoge. Apni abaadi badate rahoge.... Pahle apne population par control karo..!! Desh apne app aage chala aayega.. !!,CAG,1
facebook_corpus_msr_349693,Kuch ghar k andar hi dushmanfai  baithe hai jo kasmir m namak harami karte hai ..khuda inko maaf nhi karenga,CAG,1
facebook_corpus_msr_349700,"Lo karlo baat, pakistan premi modi ko kosta hai, yeh to aam baat hai lekin pakistan premi modi ko kosne k liye pakistan ko dusman bolta peheli baar dekha hai...",CAG,1
facebook_corpus_msr_349707,"BSS sir thoda sa samaye Baki Hai...jaise hi sainikon par pathar Marne wale Atanki Gaddaron Ko safaya ho jayega waise hi Atankiyon Or Pakistaniyo ka kaam tamam ho jayega Sir..
Don't worry Sir..desh abb majbut or surakshit hathon mein hai sir..
Atankiyon Desh k gaddaron unke akaon or supporters tatha nakshali unke akaon or supporters k bure din shuru ho chuke hain.. ye  Modi Ji ki sarkar hai Sir Or Jab tak akhari atankwadi nakshali Gaddar uske akka Supporter ko unke akhari anjam tak nhi pahunchati chain se nhi bethegi..kintu parantu lagakar justify karne walon k din abb Gaye..ye sab dhare jayenge Sir..pata hi chal raha hai ki kitne pakade ja rahe hain or kitne mare ja rahe hain..
Jai Hind Jai Bharat..",CAG,1
facebook_corpus_msr_349708,Shailendra Kumar Singh tum jaise rss wale angrezon ke dalal bhagwa aatanki sudhar jaye to desh sudhar jayega,CAG,1
facebook_corpus_msr_349712,Bhai Jab koi ye kahata Hai ki Atankwadiyon ka Koi dharm nhi hota hai to usse malum hota Hai Sir ki wo kis Dharm ki baat kar raha hai.,CAG,1
facebook_corpus_msr_349713,"JNU mein jakar Desh k tukade tukade karne wale atanki Afzal premi gang k gaddaron ka sath dene wali Party ko rashtriye suraksha par bolne ka koi haq nhi.
Atankiyon k encounter par rone wale or sainikon par pathar Marne wale Atanki or gaddaron ka Support karne walon ko or sainikon ko balatkari kahane wale Gaddar Kanhiya kumar Ko apne ghar bulakar mahimamandan karne wale Rahul Khan ko or uski Party ko Desh ne bahar ka rasta dikha diya hai...",CAG,1
facebook_corpus_msr_349722,"Atankiyon ka sathi Pakistani bol raha Hai..Hai koi Jo iss Pakistani ko iski Oukhat bata sake..
Khaskar jinke liye Pakistan banaya tha.",CAG,1
facebook_corpus_msr_349723,Hindustan zindabad jai hind......saare jahaan se achcha hindustan hamara....desh se to nafrat ka sawal hi nhi uthtaa...ham to har us awaaz ke aginst hai jo desh hit me naa ho...hame mouqa do 1 baar ..dekho phir pakistan ki aouqaat ham dikbaadeng....ham biryaani khaane aur khilaane waale nhi aur na love letter send karne waale hain,CAG,1
facebook_corpus_msr_349726,Sachha hindustani yahi chahta hai ki aisa hi ho aur gaddar pakre jaaye lekin imandari ke sath lekin aisa nahi hoga qki jab tak sarkar imandari se kaam nahi karegi to aisa hona mumkin nahi abhi to yaha sirf rajneeti ho rahi hai satta lalach itna jayada logo ko hai wo kursi ke liye kuchh bhi karne se peeche nahi hatege.,CAG,1
facebook_corpus_msr_349727,Tum log ne 60 saal dance bar m nachinya k support kiya beta kam se kam chai bechne wala h iman h   bande m gandi nali k khun nahi samaj gaye ishara cpi cpm ncp aap rjd jdu cong tmc sp bsp a rahe h na 2019 m aise aukad dikhayenge k din m tare nazar ayenge,CAG,1
facebook_corpus_msr_349730,खबर है देश की देश में पाकिस्तानी परस्तो की भगदड़ हैं चप्पल चाटने वालो की गदबद हैं सेकुलर छाती पीठ रहे हैं पुश्तैनी राजनीतिज्ञ गला फाड़ चीख रहे हैं राक्षस मांस के लिए तडप रहे हैं गीदड़ छुप छुप कर फुदक रहे हैं।,CAG,1
facebook_corpus_msr_349732,Loo modi ji ne trailer dikha diaa....Pakistan ki 2 post uda kar or ab bhot jald picture chalne wali.....hai...,CAG,1
facebook_corpus_msr_349733,Jis thali mai khate ho usi ko ched karte ho ye toh inki purana adat hi? Japan ya esrayel jao Pata chal jayega,CAG,1
facebook_corpus_msr_349740,hahaha...में जवानों के मरने पर कड़ी निंदा करता हूँ। जवानों का बलिदान व्यर्थ नहीं जायेगा : मोदी 😂😂😂,CAG,1
facebook_corpus_msr_349743,Jawan k 25 sena mara ispar mr 56 inch khta h hum kadi ninda krta agr aj monmohon singh ki sarkar na hoti hum hota to it s itt ka jbab data,CAG,1
facebook_corpus_msr_349754,Thoda sa wait jb koi election aayrga to ek aur surgical strike hogi,CAG,1
facebook_corpus_msr_349755,Ai congresses nHi bo. Main tumse puchta hu. Kya kar raha hai pm modi sirf fekne ke alawa,CAG,1
facebook_corpus_msr_349757,abey bhai .vo glti se kh diya th . zban 56 inch ki h . is bat ko to manna pdega,CAG,1
facebook_corpus_msr_349761,Vese ek bat bata yar 3 year me ab tak kya ukhada yar plz bata de me bataun atta 12 rs se 28 rs chawal 18 rs se 55 rs gase 300 se 1000 rs. Bank me chargis ab tu mujhe ye bata bjp vale ye sach h ya fir koi jhunt h tum log sach ka samna ku nahi kar pate bas lambi lambi fekna hi ata h ab mujhe desh drohi mat bol dena bhakt,CAG,1
facebook_corpus_msr_349765,"Ek acha Kam to hua h 3 saal me .. jitni Gaddar , Pakistan Premi gang sab samne aa rahe h ..",CAG,1
facebook_corpus_msr_349766,Bahut sundar kaha aapne jab jawab na bane to galian do yahi to sahi deshbhakti hai .are vo to nakara the tabhi to satta se bahar hain or vapsi katheen hai kintu aap to mahan hain to jawab do gussa ya gali kiyo.,CAG,1
facebook_corpus_msr_349768,@gaurav bhai..Kya kare.. jiski fati PADI h..unki dimag Kam nhi kar Raha h..,CAG,1
facebook_corpus_msr_349773,ये भी खोज का विषय है ... कि मोदी जी के कौन से ऐसे काम है जिनसे जनता खुश हो कर बम्पर बहुमत दे रही है? क्यों कि... ना मँहगाई घटी ना किसान आत्महत्या रुकी ना भृष्टाचार कम हुआ ना गुंडाराज खत्म हुआ ना नोकरशाही खत्म हुई ना कश्मीर के हालात बदले बल्कि बद से बत्तर हुए ना पाकिस्तान पर शिकंजा मजबूत हुआ ना चीन ने आँख दिखानी बन्द की ना आतंकवाद का खात्मा हुआ ना रोजगार बढ़े ना किसानों को उनका समर्थन मूल्य मिला ना गरीबो के लिए कल्याणकारी योजनाएं बनी ना कालाधन वापस आया ना नोटबंदी से लोगों को फायदा हुआ ना विदेशी दौरों से लाभ मिला ना कांग्रेस के दामाद पर कार्यवाही हुई ना 2g घोटाले के दोषी जेल गये ना कोयला घोटाला करने वाले जेल गये ना कॉमनवेल्थ गेम के गुनाहगार जेल गये ना गंगा साफ हुई ना रेल दुर्घटनाये रुकी ना कांग्रेस मुक्त भारत हुआ बल्कि कांग्रेस युक्त बीजेपी हो गई ना विजय माल्या को पकड़ा गया ना लोकपाल को पास किया उल्टे RTI के अधिकार काम किये ना शिक्षा के क्षेत्र में कोई सुधार हुआ उल्टे बजट कम किया ना स्वाथ्य के क्षेत्र में कोई सुधार किया ना सरकारी हॉस्पिटल की स्थति सुधरी ना सबका साथ सबका विकास हुआ . . . तो क्या बदला 3 साल में जो जनता इतना खुश है कि हर चुनाव में बीजेपी को बम्पर बहुमत मिल रहा हैं और भारत मे बीजेपी एकछत्र राज की तरफ बढ़ रही है।बीजेपी सिर्फ़ हिन्दू मुस्लिम को लडाने कि राजनीति कर रही है वो भी सिर्फ वोट बैंक के लिए और सत्ता पाने के लिए। क्या कोई है जो इस पहेली को समझ सके आपके जवाब का इंतजार है? इस पोस्ट को देखकर अब बीजेपी के चमचों की फटेगि और ऐ बौखला के अपने मा बेहन और बाप का परिचय देंगे.. ... .. .. .. .. . धन्यवाद... .... जय हिंद। भारत माता की ज💖,CAG,1
facebook_corpus_msr_349779,"Yeh v khoj ka visoy hai, k bangali brahmin pehele nich jaat bolke bangali hindu o ko itna satate they k wo bodla lene k liye muslim dharam apna liya sur aaj jadator bangali hindu brahmin un dharmantarit hokor musalman bone hindu o k talwe chaat kor bache kuche hindu o ko sata rahae hai..",CAG,1
facebook_corpus_msr_349782,"कटप्प्पा ने बाहुबली को क्यो मारा था अगर जान गए हो तो ज़रा इन सवालों पर भी ग़ौर कर लें !! तीन साल में 1- कितने करोड युवाओं को रोजगार दिया ? 2- गंगा मैया कितनी साफ हुई ? 3- बुलेट ट्रेन के कितने कोच तैयार हुए ? 4- मेक इन इंडिया का क्या परिणाम रहा ? 5- कितने दागी नेता जेल गए ? 6- धारा 370 पर क्या हुआ ? 7- कितने कश्मीरी पंडितों को उनके घर मिले ? 8- डीजल पैट्रोल कितने सस्ते हुए ? 9- मंहगाई कितनी कम हुई ? 10- आम जनता के लिए क्या किया गया ? 11- लाहौर और करांची पर कंहा तक कब्जा किया ? 12- सेना को कितनी छूट दी गई ? 13- चीन थर थर कांपा क्या ? 14- देश ईमानदार देशों की श्रेणी में आया क्या ? 15- किसानों की फांसी बंद हुई क्या ? 16- जवानों का खाना सुधरा क्या ? 17- बिहार को 125 लाख करोड़ का पैकेज दिया क्या ? 18- अलगाववादी नेताओं की सुविधाएं बंद की क्या? 19- ओवैसी और वाड्रा जेल गए क्या ? 20- मोदी के विदेशी दौरों से कुछ फायदा हुआ क्या ? 21- राम मन्दिर बना क्या ? 22- गुलाबी क्रांति गौ हत्या रुकी क्या ? 23- डॉलर का मूल्य रूपये के मुकाबले कम हुआ क्या ? 24- कितने स्मार्ट सिटी तैयार हो गये ? 25- कितने गाँवों की काया पलट हुई संसादों के गोद लेने से ? 26- महिलाओं पर अत्याचार रुक गया क्या ? 27- बीफ एक्सपोर्ट में भारत को एक नम्बर किसने बनाया ? 28- 100 दिनों के अंदर विदेशों से काला धन आया क्या ? 29- कितने लोगों को 15 लाख मिले ? 30- नोटबन्दी से आतंकवाद और नक्सलवाद का कमर टूटा क्या ? 31- देश के अंदर से घूसखोरी बंद हो गई क्या ? 32- भारत में कितनी खुशहाली आई ? 33- स्वच्छता अभियान का क्या परिणाम रहा ? बाकी जो छूट गया हो, वो आप एड कर लो,और ढूंढो!!!",CAG,1
facebook_corpus_msr_349787,itna asan thodi hota hai.......war bhi ho sakati hai....aur uske baad aur bhi soldiers mare jayege........civilians ka kya hai...mu phaaaaaaaaaad ke bol dete hai.....war start kro......jo jo bolta hai...usse border pe guns pakadha ke bhej do......ratan noore ki tarah.,CAG,1
facebook_corpus_msr_349788,"Instalments me Hamare Jawaan maare jaaye to chalegaa aapko ??
Aur kitne Jawaano ki Sahaadat chaaiye ??
Ghut Ghut k marna Accha he..yaa Ek hi bar marna Accha he ???",CAG,1
facebook_corpus_msr_349789,pm ko ek bahut badhi waal bana deni chahiye border pe....jaise trump soch raha hai...mexico aur america ke boarder pe..........................,CAG,1
facebook_corpus_msr_349790,Gau-rakshak / Bajrang dal waalonko ko border par bhejdo Pakistan ki bolti bandh hojayegi,CAG,1
facebook_corpus_msr_349791,lol wo log desh ke andar sher hai....waha jake phat jayegi unki.........,CAG,1
facebook_corpus_msr_349793,CONG.WALE PAK SE BHI ADHIK DARAWANE LAG RAHE HAIN. KYONKI YE DESH MEIN TABAHI CHAHATEY HAIN. KEWAL MODI KO BADANAM KARANE KE LIYE.,CAG,1
facebook_corpus_msr_349797,"Lagta h 56"" ka sina to kab ka sirf 6"" ka ho gaya h, bus lamba lamba bhasan dene se kuch nahi hoga jhoothe wade mat Karo Modi ji, agar kuch kar sakte ho to Karo warna pawer military ko somp do or desh ka bhala Karo",CAG,1
facebook_corpus_msr_349798,Yahi cong h jo bolta h ki .jk me army bachho ko kyu mar raha h,CAG,1
facebook_corpus_msr_349801,"Nitin Shah Aggarwal sabse pahle to apni language sahi karo agar is tarha bat karogy to koi aapse bat nahi karega, rahi bat party ki to mai bjp ka active member hu, mera bhai sarkar me mantri h, bat desh K jawano ki bezatti ki h wo Hum kisi kimat par Bardast nahi karegy, apko meri bat galat lage to batao lekin sober language use kro",CAG,1
facebook_corpus_msr_349802,Bardhasht koi b nhi krega jab pallet guns shuru ki thi Kashmiri pathrbajo k khilaf tab congressi kuutto ko  WO pathr Marne wale begunah bache lg rhe thy,CAG,1
facebook_corpus_msr_349804,Correct question. kyo darate hai Modi pakistan ko. kya fark hai fir Modi aur Congress me. Pakistan ko bhi malum hua ki Modi bhi sirf Nished kar sakate hai. baki kuch nahi. Modi logonka bharosa tod rahe hai. Modiji  TRUMP se kuchh sikho.,CAG,1
facebook_corpus_msr_349806,"Baap Baap hota hai waqt anepar 56 inch ka seena zaroor dikayenge, lekin tab tum Congress walo rajneeti mat karna, kyu ki tab rajneeti ke upar desh matlab bharat Mata hogi. PM Modiji ka waar sahi samay aur sahi zagah par hoga, tab tak 70 saal mein Congress ne kya ghul kilaye hai woh apni thaali mein zaak kar dekho sirf brashtachaar hi milega 😠",CAG,1
facebook_corpus_msr_349810,Hr bat k liye Congress ko dosh deker apni jimmedari SE palla jhadte rehe h apko vote iseliye dia tha ki hr bat k liye Congress ko dosh do kl ager unke gher baccha paida hoga to kehenge ki Congress ki vajah SE hua,CAG,1
facebook_corpus_msr_349818,Janwar ki itni fikar insan ka koi mool nahi kurshi ki siyasat chhode des saeniko ke bare me koi soche netao ki jarniti ki waja se hamare jawano ka y haal hia lanat aesi jarniti par,CAG,1
facebook_corpus_msr_349820,"कटप्प्पा ने बाहुबली को क्यो मारा था अगर जान गए हो तो ज़रा इन सवालों पर भी ग़ौर कर लें !!

तीन साल में 

1- कितने करोड युवाओं को रोजगार दिया ?
2- गंगा मैया कितनी साफ हुई ?
3- बुलेट ट्रेन के कितने कोच तैयार हुए ?
4- मेक इन इंडिया का क्या परिणाम रहा ?
5- कितने दागी नेता जेल गए ?
6- धारा 370 पर क्या हुआ ? 
7- कितने कश्मीरी पंडितों को उनके घर मिले ?
8- डीजल पैट्रोल कितने सस्ते हुए ?
9- मंहगाई कितनी कम हुई ?
10- आम जनता के लिए क्या किया गया ?
11- लाहौर और करांची पर कंहा तक कब्जा किया ?
12- सेना को कितनी छूट दी गई ?
13- चीन थर थर कांपा क्या ? 
14- देश ईमानदार देशों की श्रेणी में आया क्या ? 
15- किसानों की फांसी बंद हुई क्या ? 
16- जवानों का खाना सुधरा क्या ? 
17- बिहार को 125 लाख करोड़ का पैकेज दिया क्या ? 
18- अलगाववादी नेताओं की सुविधाएं बंद की क्या?
19- ओवैसी और वाड्रा जेल गए क्या ? 
20- मोदी के विदेशी दौरों से कुछ फायदा हुआ क्या ? 
21- राम मन्दिर बना क्या ?
22- गुलाबी क्रांति गौ हत्या रुकी क्या ?
23- डॉलर का मूल्य रूपये के मुकाबले कम हुआ क्या ?
24- कितने स्मार्ट सिटी तैयार हो गये ?
25- कितने गाँवों की काया पलट हुई संसादों के गोद लेने से ?
26- महिलाओं पर अत्याचार रुक गया क्या ?
27- बीफ एक्सपोर्ट में भारत को एक नम्बर किसने बनाया ?
28- 100 दिनों के अंदर विदेशों से काला धन आया क्या ?
29- कितने लोगों को 15 लाख मिले ?
30- नोटबन्दी से आतंकवाद और नक्सलवाद का कमर टूटा क्या ?
31- देश के अंदर से घूसखोरी बंद हो गई क्या ?
32- भारत में कितनी खुशहाली आई ?
33- स्वच्छता अभियान का क्या परिणाम रहा ?

बाकी जो छूट गया हो,  वो आप एड कर लो,और ढूंढो!!!",CAG,1
facebook_corpus_msr_349829,"फिर शेरों के क्षत विक्षत शरीर भेजे हैं गीदड़ों ने...एक के बदले दस सर लाने का दम्भ भरने वाले अभी भी केक के स्वाद में मस्त हैं।
पिछले प्रधानमन्त्री को चूड़ी भेजने वाली स्म्रति ईरानी शायद कपड़ा मंत्रालय से साड़ियां बटोरने में मस्त है..
मैं मोदी को चूड़ियाँ नहीं भेजूंगा,क्योंकि चूड़ी पहनने वालियाँ तो बहुत शक्तिशाली होती हैं,और इस ढोंगी,कायर को चूड़ी देना उन दुर्गाओं का अपमान होगा।

क्या करोगे मोदी.... केक खाओगे या ISI बुलाकर जवानों के मांस के लोथड़ों की जाँच कराओगे...??

अरे बन्द करो ये उद्योगपतियों की दलाली और पाकिस्तान से मोस्ट फेवर्ड नेशन का दर्जा छीनकर उसे आतंकी देश घोषित करो...नहीं खानी हमें वहां की प्याज..हमारे खूड़ी रसीदपुरा भढाडर में बहुत है प्याज......
बन्द करो सारे व्यापार...",CAG,1
facebook_corpus_msr_349830,Bari birmavana koi v nata k beta yah bahan yah bhai nahi marta ha ...Aatankwadi k kuch toh enka v ghar jalna chaiya..Tavi toh samaj m aayega....Kon desh bhakat ha.....subka subka sub desh k ar m chor ha....Army ko khulam khula chut dene chaiya ...Kub tak Inki ghar jalaga...Koi nata toh kavi border m nahi jayaga goli khana ...Dhoti kurta m ninda karna aah jayaga .....Army ko khuli chut do 7 din bas sub samaj m aah jayaga kon pakistan kon patarwaj kon naksali ..Koi namo nisan nahi rahaga itna toh hamara defence kar sakta ha....,CAG,1
facebook_corpus_msr_349835,"Surgical strike toh manmohan Singh ne bhi kiya tha..
but twitter main bola nahi tha",CAG,1
facebook_corpus_msr_349836,dusre k madwa m sbko geet aata h .....jb congres ki srkar thi tb to kisi  ki itni himmt ni thi ki jo desh k andr hi pkistani h hnko mar k apna seena dikha ske ....or ab modi g k time to bilkul aaenge lambe lambe dakar....,CAG,1
facebook_corpus_msr_349838,"Abhi sey gahbra gai congress key 60 salon key raj mey kya hota tha bhool gai, thodi dhiraj rakho, Pakistani akelay nahi hain unkey sath congress or dharamnirpeksh waleny bhi hain insey bhi niptana jaroori hai",CAG,1
facebook_corpus_msr_349839,Dheeraj to rakhna hi padega bhai.. Agr na bhi rakhne ka mn ho to bhi hum kya ukhaad lenge..  Election to 2019 m hi honge..usse pehle to jhelna hi padega.,CAG,1
facebook_corpus_msr_349842,"Jawano k sath zalimana soluk sena k ala adhikari bhi kr  rahay hn aor ilzam laga detay hn dushman sainikon pr kaun dekhnay jata hai.

#BhagwaAtank pooray desh mn phail chuka hai. BhagwaAtanki Election Commissioner k karyalai mn bhi ghoos kr election mn dhandli karwa rahay hain.",CAG,1
facebook_corpus_msr_349844,Vo #Kafir log hain jo begunahon ki jan le rahay hain. Islam ko nahi mannay wala #kafir hota hai ya #bhagwa_atanki,CAG,1
facebook_corpus_msr_349845,"ये भी खोज का विषय है ... कि मोदी जी के कौन से ऐसे काम है जिनसे जनता खुश हो कर बम्पर बहुमत दे रही है? क्यों कि... 
ना मँहगाई घटी 
ना किसान आत्महत्या रुकी 
ना भृष्टाचार कम हुआ 
ना गुंडाराज खत्म हुआ 
ना नोकरशाही खत्म हुई 
ना कश्मीर के हालात बदले बल्कि बद से बत्तर हुए 
ना पाकिस्तान पर शिकंजा मजबूत हुआ 
ना चीन ने आँख दिखानी बन्द की 
ना आतंकवाद का खात्मा हुआ 
ना रोजगार बढ़े 
ना किसानों को उनका समर्थन मूल्य मिला 
ना गरीबो के लिए कल्याणकारी योजनाएं बनी 
ना कालाधन वापस आया 
ना नोटबंदी से लोगों को फायदा हुआ 
ना विदेशी दौरों से लाभ मिला 
ना कांग्रेस के दामाद पर कार्यवाही हुई 
ना 2g घोटाले के दोषी जेल गये 
ना कोयला घोटाला करने वाले जेल गये 
ना कॉमनवेल्थ गेम के गुनाहगार जेल गये 
ना गंगा साफ हुई ना रेल दुर्घटनाये रुकी 
ना कांग्रेस मुक्त भारत हुआ बल्कि कांग्रेस युक्त बीजेपी हो गई 
ना विजय माल्या को पकड़ा गया 
ना लोकपाल को पास किया उल्टे RTI के अधिकार काम किये 
ना शिक्षा के क्षेत्र में कोई सुधार हुआ उल्टे बजट कम किया 
ना स्वाथ्य के क्षेत्र में कोई सुधार किया 
ना सरकारी हॉस्पिटल की स्थति सुधरी 
ना सबका साथ सबका विकास हुआ . . . तो क्या बदला 3 साल में जो जनता इतना खुश है कि हर चुनाव में बीजेपी को बम्पर बहुमत मिल रहा हैं और भारत मे बीजेपी एकछत्र राज की तरफ बढ़ रही है।बीजेपी सिर्फ़ हिन्दू मुस्लिम को लडाने कि राजनीति कर रही है वो भी सिर्फ वोट बैंक के लिए और सत्ता पाने के लिए। क्या कोई है जो इस पहेली को समझ सके आपके जवाब का इंतजार है? इस पोस्ट को देखकर अब बीजेपी के चमचों की फटेगि और ऐ बौखला के अपने मा बेहन और बाप का परिचय देंगे.. ... .. .. .. .. . धन्यवाद... .... जय हिंद।",CAG,1
facebook_corpus_msr_349846,Ye chunaw aayog ke sahyog se ho rha hai.aur sapne dikha rha hai,CAG,1
facebook_corpus_msr_349847,Bs...ye hi toh problem h hmare Hindustan m ki ye neta log hmesa rajneeti krte rhte h chahe kitne bhi jwan shid ho rhe ho ...jbki ye nhi hona chahiye aese moko pr sbhi ko ek hona chahiye ....or virodhi ko jwab dena chahiye ...Jo chamta h hmare jwano..me. ....jai...hind...,CAG,1
facebook_corpus_msr_349850,Mulla Bhai 10 Pak soldiers maar diye hain. Ab aur ka intejar karo,CAG,1
facebook_corpus_msr_349851,Sahi bola Ravindra Jain dada... Kl toh pakistaniyo ko upar pahunchaya hai sath me unke bunker/chowki b uda di👍👌,CAG,1
facebook_corpus_msr_349853,"इसलिए महान हैं मोदी जी
-///---
■ नेहरू जी आटे की रोटी खाते थे मोदी
जी काजू के आटे की।
■शास्त्री जी के पास गिनती के चार
कोट थे, मोदी जी दिन में चार सूट बदलते हैं।
■इंदिरा जी नल का पानी पीती थीं,
मोदी जी जाने कहाँ का पीते हैं कि
बिल करोड़ में आता है।
■राजीव जी हवाई जहाज उड़ाते थे,
मोदी जी बिना किसी मशीन के जुमले उड़ाते हैं।
■मोरार जी देसाई गो मूत्र पीते थे,
मोदी जी खुद तो अंग्रेज़ी पानी पीते
हैं लेकिन उनके राज में गो गुंडे खून पीते हैं।
■अटल जी कम्प्यूटर के विरोध में
बैलगाड़ी से संसद गए थे, मोदी जी सेल्फी एक्सपर्ट हैं।
■मनमोहन सिंह के पास दुनिया भर की
डिग्री थी, मोदी जी के पास एंटायर
पोलिटिकल साइंस की डिग्री है जो
मिल नहीं रही किसी को।
तो नया नहीं यह ज्ञान है मोदी जी महान हैं
तीस लाख का सूट पहनते
गरीब की संतान हैं। #InDefenceOfDemocracy जय हिंद",CAG,1
facebook_corpus_msr_349855,"ये भी खोज का विषय है ... कि मोदी जी के कौन से ऐसे काम है जिनसे जनता खुश हो कर बम्पर बहुमत दे रही है? 

क्यों कि... 
ना मँहगाई घटी ..

ना किसान आत्महत्या रुकी 
ना भृष्टाचार कम हुआ 

ना गुंडाराज खत्म हुआ 
ना नोकरशाही खत्म हुई 

ना कश्मीर के हालात बदले बल्कि बद से बत्तर हुए 
ना पाकिस्तान पर शिकंजा मजबूत हुआ 
ना चीन ने आँख दिखानी बन्द की ..

ना आतंकवाद का खात्मा हुआ 
ना रोजगार बढ़े 

ना किसानों को उनका समर्थन मूल्य मिला 
ना गरीबो के लिए कल्याणकारी योजनाएं बनी ना कालाधन वापस आया 

ना नोटबंदी से लोगों को फायदा हुआ 
ना विदेशी दौरों से लाभ मिला ..

ना कांग्रेस के दामाद पर कार्यवाही हुई 
ना 2g घोटाले के दोषी जेल गये 
ना कोयला घोटाला करने वाले जेल गये 
ना कॉमनवेल्थ गेम के गुनाहगार जेल गये 

ना गंगा साफ हुई ना रेल दुर्घटनाये रुकी 
ना कांग्रेस मुक्त भारत हुआ बल्कि कांग्रेस युक्त बीजेपी हो गई ..

ना विजय माल्या को पकड़ा गया 
ना लोकपाल को पास किया ..
उल्टे RTI के अधिकार काम किये ..

ना शिक्षा के क्षेत्र में कोई सुधार हुआ उल्टे बजट कम किया ...

ना स्वाथ्य के क्षेत्र में कोई सुधार किया 
ना सरकारी हॉस्पिटल की स्थति सुधरी 

ना सबका साथ सबका विकास हुआ . . 

. तो क्या बदला 3 साल में जो जनता इतना खुश है..

 कि हर चुनाव में बीजेपी को बम्पर बहुमत मिल रहा हैं.

 और भारत मे बीजेपी एकछत्र राज की तरफ बढ़ रही है।

बीजेपी सिर्फ़ हिन्दू मुस्लिम को लडाने कि राजनीति कर रही है ..

वो भी सिर्फ वोट बैंक के लिए और सत्ता पाने के लिए। 

क्या कोई है जो इस पहेली को समझ सके आपके जवाब का इंतजार है?

 इस पोस्ट को देखकर अब बीजेपी के चमचों  बौखला के अपने मा बेहन और बाप का परिचय देंगे.. ... .. .. .. .. . धन्यवाद... .... जय हिंद।",CAG,1
facebook_corpus_msr_349859,"देखिये आप मुद्दे से भटक रहे है..
असल मुद्दा देश सुरक्षा थोड़े ही है ,
असल मुद्दा तो - गाय, अजान,तलाक,लव जिहाद,  खतरे में हिन्दू, ये सब है।
आप ऐसे बेवफाई नहीं कर सकते। ☺☺",CAG,1
facebook_corpus_msr_349862,हाहाहाहा😂😂😂 सही कहा। मोदी भी कांग्रेस की देंन है। कांग्रेस ना होती तो बीजेपी न होती।,CAG,1
facebook_corpus_msr_349863,Aap itne uchal rahe hai ye v congress ki hi den hai ...hai na,CAG,1
facebook_corpus_msr_349867,तुम्हे  भारत माता की कसम कांग्रेसियों वचन दो इस बार मोदीजी जो भी करेंगे तुम संजय निरुपम को सबूत मांगने आगे नही करोगे,CAG,1
facebook_corpus_msr_349868,भारत मे पाकिस्तानी गधार बेठे है उनका नकाब उतरना जरूरी ये सब घर मे बेठे गधार देसदरोही ही करवा रहे है पाकिस्तानीयो की इतनी ओकात नही है ६०साल सतासूख भोगने वाले आज विपक्स मे होने से नाजायज काम कर रहे है,CAG,1
facebook_corpus_msr_349873,Jitna modi ne kiya shyd 20 saal me Congress ne nhi kiya tha... Thdi economic times chk kijiye sir,CAG,1
facebook_corpus_msr_349876,हमारे पास बातो कै बमह ओर हहीनहि परमाणु बम सो केस कै लियह फोडतेह बातोमे,CAG,1
facebook_corpus_msr_349877,"सारे फंसाद की जड़ जिहाद है जो आतंकवादी की जननी है ,जबतक जिहाद पे प्रहार नहीं होगा तब तक आतंकवाद का कोई समाधान नहीं होगा और कश्मीर के हालात बद से बदतर होगा ।",CAG,1
facebook_corpus_msr_349878,अबे भक्त हमला पाकिस्तान ने किया है बगदादी ने नहीं किया।,CAG,1
facebook_corpus_msr_349881,70 saal me congress or gandhi pariwar ne kitni baar dikhaya tha.aaj jo ho raha h wo nehru.gandhi pariwar or congress ki hi to den h.kis muh se bol rahe ho congress walo.,CAG,1
facebook_corpus_msr_349885,56 इंच का सीना क्या होता हे ये कांग्रेसी लल्लूओ को तो दिखा दिया हे उसके अब्बा पाकिस्तान  की भी बारी आएगी,CAG,1
facebook_corpus_msr_349886,"कितनी अजीब बात है कि एक काल्पनिक केरेक्टर बाहुबली की मौत का राज जानने के लिए पूरा देश थिएटरों पर उमड़ा पड़ा है ।काश कि इतने लोग मिलकर सरकार के सामने खड़े होकर यह पूछते कि बताओ आतंकवादी और नक्सलवादी हमारे फौजियों को कैसे मार रहे हैं, तो देश की तस्वीर ही बदल जाती ।।",CAG,1
facebook_corpus_msr_349887,"Agar dikha denge to bhi aap logo ko vishwas nahi hoga, aur saboot mangenge",CAG,1
facebook_corpus_msr_349888,जब भारत के सारे जवान मर जायेगें तब दिखाएंगे अपना 56 इंच का सीना।,CAG,1
facebook_corpus_msr_349894,"५६"" का सीना सिर्फ़ भाषण के टाइम ही हो ता है बाक़ी तो #बिना बुलाए पाकिस्तान जाकर शरीफ़ को गले मिलते है,अम्मीजान को पाय लगते है,बर्थडे केक काटते है,बिरयानी खाते है #अपनी ताजपोशि में शरीफ़ को सरीक करके बिरयानी खिलाते है,साड़ी और शोल की लेनदेन करते है #हमारे जवानोकी क़ातिल ISI को ही बुलाकर जाँच करवाते है #बांग्लादेश को २०००० एकर ज़मीन और २०००० करोड़ रुपए देकर समझौता भी करते है#ख़राब खाना मिलने की शिकायत करने वाले जवान को डिस्मिस कर देते है...",CAG,1
facebook_corpus_msr_349899,Wo to jumla tha.. asal me 56 Inch ki zuban ha sina nhi ...,CAG,1
facebook_corpus_msr_349902,Congress ko kuch v bolne ka adhikar nhi congress ko srf saboot maangna aata h,CAG,1
facebook_corpus_msr_349905,"JNU mein jakar Desh k tukade tukade karne wale atanki Afzal premi gang k gaddaron ka sath dene wali Party ko rashtriye suraksha par bolne ka koi haq nhi.
Atankiyon k encounter par rone wale or sainikon par pathar Marne wale Atanki or gaddaron ka Support karne walon ko or sainikon ko balatkari kahane wale Gaddar Kanhiya kumar Ko apne ghar bulakar mahimamandan karne wale Rahul Khan ko or uski Party ko Desh ne bahar ka rasta dikha diya hai...

Bhai Jab koi ye kahata Hai ki Atankwadiyon ka Koi dharm nhi hota hai to usse malum hota Hai Sir ki wo kis Dharm ki baat kar raha hai.",CAG,1
facebook_corpus_msr_349908,"कितनी अजीब बात है कि एक काल्पनिक केरेक्टर बाहुबली की मौत का राज जानने के लिए पूरा देश थिएटरों पर उमड़ा पड़ा है ।🙏🏼🤔
काश कि इतने लोग मिलकर सरकार के सामने खड़े होकर यह पूछते कि बताओ 👊🏻आतंकवादी और नक्सलवादी हमारे फौजियों को कैसे मार  रहे हैं, तो देश की तस्वीर ही बदल जाती ।
😡😡😡😔😔",CAG,1
facebook_corpus_msr_349909,"सबको पता है पाकिस्तान को सिर्फ चोंचले बाजी से इलाइज नही किया जा सकता, पाकिस्तान का बस एक ही इलाइज है परमाणु युद्ध ,क्योंकि वो तभी सुधरेगा जब वो तबाह हो जाएगा।
पर क्या उसके बाद के परिणाम के लिए हम तैयार हैं?",CAG,1
facebook_corpus_msr_349910,Jab aur 300 Jawan Sahid hoge tab. Abhi in dino Rajnath ke sath bichar kar rahe hai. Isi wajah Pakistan havi ho ra hai.,CAG,1
facebook_corpus_msr_349911,Mujhe ye bataya jai hemraj k gala katkar le gaye the pak army tab cong n kyu nahi badla liya modi kam se kam unke choki to uraya aage aage dheko kya hota h,CAG,1
facebook_corpus_msr_349912,Govt koi aisa vivadit mudda khada karegi khud ki jimedari ko congress pe thonp denge aur ane wale kisi election me apni nakami ko darbari media ke jariye positive bana lenge ...,CAG,1
facebook_corpus_msr_349915,"हा हा हा ,अररर तुम ने क्या क्या दिखाया याद है ,,
मोन धारण करने वाले आज बड़े उतावले हो बैठ है ।।
10--15जवान मरते है तो मरने दो (डोज विडय)....जिसे पार्टी का महासचिव  ऐसे शर्मनाक बयान देता हो ।।
जो पार्टी आंतकी एनकाउंटर को वोट बैंक मे इस्तेमाल किया करती थी ।।
उच्चतम न्यायालय पर आंतकी के अंगुली उठा देती है वो आज छाती नापने पर उतारू है",CAG,1
facebook_corpus_msr_349916,जल्द ही तुम जैसे लोगों कॊ नेता जो पाकिस्तान के खिलाफ एक आक्शन पर तिलमिला जाते है और  कॉंग्रेस के बड़े नेता पाकिस्तान जाकर भारत की जनता की निर्वाचित सरकार यानि  मोदी सरकार कॊ अपदस्थ करने मॆ सहायता की गुहार लगाते है जो कश्मीर और मुस्लिम तुष्टिकरण के सहारे पिछले 6 दशकों से भारत के  बहुसंख्यक आबादी की आवाज़ कॊ दबाने के लिये सेकुलरों का नकाब उढ़े और उस कॉंग्रेस के सभी नेता देशद्रोही और  जिहादियों के पक्ष मॆ भारत सरकार  का विरोध करने वाले नेताओं कॊ भारत की जनता अपने हिसाब से चुनावों पर दे रही है अब भी इन इस्लामिक जिहादियों की आँखो पर पट्टी बँधी है ये अपनी आँखों पर  बँधी पट्टी खोल ले वरना उनको भी आतंकियों के हमदर्द समझ कर गोली मार दी जायेगी,CAG,1
facebook_corpus_msr_349917,"Aur jab 56 inch ka seena dikhayenge, tab tum hi log sena se saboot mangoge. Jab pattharbajo ko dikhayenge, tab tumhi log votebank aur tustikaran ka rona shuru kardoge.",CAG,1
facebook_corpus_msr_349921,"Modi 56 body aapni biwi nhi dekha saka to or kisko dikhayega
Feku feku h",CAG,1
facebook_corpus_msr_349923,2019 ke election aane do 56 se lekar 15 lakh aur love letter eent eent se mahangaayee ye Sab dekh jayega.,CAG,1
facebook_corpus_msr_349924,Bo to dikha denge apna chhapan inch ka sina par ..............sochne bali bat hi ki sabut satha m kon lane jayega.........,CAG,1
facebook_corpus_msr_349925,Congress salon tumhara he bij(seed)boya hai bhugatna janta ko pad raha hai,CAG,1
facebook_corpus_msr_349927,"हम बचाते रह गए दीमक से अपना घर 
कुर्सियों के चन्द कीड़े मुल्क सारा खा गए......",CAG,1
facebook_corpus_msr_349928,"Congress sale tum salo ne hi dedh ka halat ko bigada.
Aab ye modi  kiya kare ge.",CAG,1
facebook_corpus_msr_349931,"बिलकुल सही सवाल। आखिर कब हमारी सेना को हाथ खोलने की आजादी मिलेगी? कल तल यूपीए सरकार को इस तरह के मौकों पर कोसने वाले आज खुद क्या कर रहे हैं? ये पाक लटों का भूत है ये खुद मोदी जी ने कई बार विपक्ष मे रहते हुए कहा था, आज क्या हो गया। अब तो उनकी सरकार को 3 साल हो गए हैं।",CAG,1
facebook_corpus_msr_349933,Modi g ninda karky Pakistan ke kamar tod Diya ab ken bad Nam kar rahy Ho,CAG,1
facebook_corpus_msr_349934,Congress aur kathit secular sab milakr PM ka sath do aur kuch hi dino m Pakistan pura saf lo,CAG,1
facebook_corpus_msr_349938,Congress party to aisi baat kar rahi hai jese khud ne to khub maje chakhaye ho pakistan ko  ye jo aaj pakistan apni aukaat dikha raha hai congress party ki hi to meharbaani hai ....,CAG,1
facebook_corpus_msr_349939,"देख प्यारे:::जनता मंहगाई सह लेगी:::गुंडागर्दी बंद,छेड़खानी बंद, जमीन पर अवैध कब्जा बंद, सभी को  24 घंटे बिजली # कमाओ और खाओ ।",CAG,1
facebook_corpus_msr_349940,Are bhai dikha to rhe hai Sena ko khuli chut de rkhai hai aapne to desh bhakt ko bi jel may dala hai cogaress ki Sarkar may hame dekha hai Kashmir may or Aapki Sarkar ke waqt border pr goli chalane ka bi adhikar nhi tha to aapse to bjp bahot achi hai jo desh ke hit may kam kar rhi hai,CAG,1
facebook_corpus_msr_349941,Abhi time nahi aaya hai 2019 ke bad abhi to Congress ka sarkar hai....modi jee sharm karo log to aab aap ke name se bhi nafrat karne lage yahi din dekhne ke liye aap ko wot nahi di thi....,CAG,1
facebook_corpus_msr_349942,"UP ke vote prachar me 56""thora kam ho gaya hai banedo fir pakistan ko sabak.........",CAG,1
facebook_corpus_msr_349944,56 inch ka seena to chunav main dikhane k liye h or kadi ninda  ho gye h or kya chahiye,CAG,1
facebook_corpus_msr_349945,इस समय वो कांग्रेसी गुर्गे कहां हैं जो पाकिस्तान जाकर कहते हैै भारत मे कुछ करो।कुछ करो से आसय क्या है कांग्रेस का।,CAG,1
facebook_corpus_msr_349947,jab dikhayenge tb mat kahna ki chunav jeetne ke liye pkistan se yuddh kar liya,CAG,1
facebook_corpus_msr_349948,Sahi kaha modiji an jawab muh se nahi goli se dena tab manege ki sach m 56inch ka seena h,CAG,1
facebook_corpus_msr_349949,Ye 56 inch ka sina bas notbandi karke gareeb logo ko pareshan karne k liye tha,CAG,1
facebook_corpus_msr_349950,Modi ji enko apna 56 inch ka sina dekado ak bar pakistan ko jabab Do,CAG,1
facebook_corpus_msr_349952,Are bhai wo to election jitne k liye jumlebaji thi ....,CAG,1
facebook_corpus_msr_349955,Rahi bt mehngai ka to 65 sal se mehngai bdha hai to kya khana chod diye hai log.thoda sbar rakho koi kaaam turant ny ho jata hai.,CAG,1
facebook_corpus_msr_349956,2019 chunaw ke bad hamare prdhan mantre 112 inch ka Sina dikhayga Pakistan ko,CAG,1
facebook_corpus_msr_349958,Tmhi log ko chinta ny hai bs desh ka.bs deshbhakt bn ne k fb pr hi jagruk rahoge.asal me bs bkna hai.,CAG,1
facebook_corpus_msr_349960,56 inch choro bhai log to 6 inch ke na honepar bhi parashn utha rahe hae  :p,CAG,1
facebook_corpus_msr_349961,"Tumhi kay kel yevdya diwas agodar bgha mg,modi na vicgara????????",CAG,1
facebook_corpus_msr_349962,abhi tak congress ki kyo fati thi pakistaan se jo 60 saal se koi karyawahi nahi ki gayi pehle ye bateaye congress.,CAG,1
facebook_corpus_msr_349964,"देशभक्त है 
नही ये सत्ता भक्त है
नया सपना भारत के लिए
भारत विकास कर गया
सब कांपते है
मीडिया यही कहती है
वही सच है",CAG,1
facebook_corpus_msr_349966,अब 56 इंच का कहां रह गया अब तो 56 एम एम बोलिये बाते तो मदारी भी बडी बडी करता है वो सच थोडे ही होती है चुनाव जीतने का जुमला था अब कोई सैनिक मरे या कोई ओर क्या फर्क पडता है ।,CAG,1
facebook_corpus_msr_349968,"इसमे दिखाने बाली क्या बात है, 56 इंच का सीना है तो है । कांग्रेस के इस सबाल का हम कड़ी निंदा करते है ,कुछ ठोस कदम उठाएंगे ।",CAG,1
facebook_corpus_msr_349969,"56 "" ka hota to uski wife uske pass hoti jo wife ko nahi huwa wo desh ka kya hoga",CAG,1
facebook_corpus_msr_349970,Ye andha hei kiya. Kud toe aaj tak kuch kiya nahi. Modi pet boura rahe hao.,CAG,1
facebook_corpus_msr_349971,Meri hindustani bhaiyo . Jis trha pehle char pakistani humare desh me ghos kr 18 jawano ko mar gaye the ab do atangiyo ne india me ghos kr phir humare mon pr tamacha mara h . Sawal h ye . 4 pakistani 18 jawano ko mar jate h . Agr 4000 hazar ghos gye to deah pr kbza krlenge . Sochna ye h ye ghoste kis ki nak k niche se h,CAG,1
facebook_corpus_msr_349972,56inch wala seena ab 36 ka ho gaya h bhaiyo ye to jante hi ho aap log 36 wala kis kaam aata h,CAG,1
facebook_corpus_msr_349973,Congress to sirf bayanbazi karti kuch nahi thi aur ab modi ko salah De rahi hai,CAG,1
facebook_corpus_msr_349974,"भारतीय मीडिया अपनी गिरेबान में झांके तो तुम्हारी औकात कोठे वाली मजबूर औरतों से भी बुरी है,,,कोठे वाली औरतें तो मजबूरी में ये काम करती हैं और तुम्हारी तो कोई मज़बूरी नहीं सिर्फ पैसा और अपने गोरखधंधे के लिए मोदी और सत्ता के आ.... उठाते हो।
भारतीय मीडिया भारत को बरवाद करने में अपनी पूरी भूमिका निभा रहा है।
किसान और जवान मर रहे हैं, मोदी के पास निंदा के अलावा कुछ नहीं फिर भी उसका गुणगान कर रहे हो।
मीडिया को हमेशा सरकार के विरोध में काम करना चाहिए जिससे सरकार निरंकुश न हो और जनविरोधी काम न कर सके संतुलन बना रहे।
पर भारतीय मीडिया की औकात तो वर्ल्ड रैंकिंग में दिख ही रहा है।",CAG,1
facebook_corpus_msr_349978,56inch ka seena tab dekhane ko milega jab jane kitne mao ke put saheed ho gayge   hye hye modi,CAG,1
facebook_corpus_msr_349980,Congress bhi ajab party.hai kbhi modiji ko htane. Ke liye Pakistan se mdat magti hai or kbhi JNU ke bharat virodhi nare lgane valo ke sath khdi ho jati hai,CAG,1
facebook_corpus_msr_349981,"56"" का झलक तो दुनिया को दिखाता है । लेकिन दुर्भाग्य से हमारे देश मे 'सबूत' और ""खुन की दलाली"" जैसा राजनीति शुरू हो जाता है ।खतरा आतंकी ही नही उससे ज्यादा देश के अंदर बैठे गद्दारो से है ।",CAG,1
facebook_corpus_msr_349984,कोंग्रेस का कहना एक दम सही है  मोदी जी को अपना 56 इंच का सीना दिखाना चाहिए  रजत शर्मा जी के सो आप की अदालत में जो जो कहै थे सब पूरा कर के दिखावे ।  कोंग्रेस का कहना सही है पर वोट कोंग्रेस को नही देंगे वोट बीजेपी  को ही देन्गे,CAG,1
facebook_corpus_msr_349986,"आज फिर पाकिस्तान की सेना भारत की सीमा के अन्दर 200 मीटर तक आ गयी और हमारे 2 जवान मार दिये और उनके सर काट दिये...
क्या अब हमारे देश के बहादुर बजरंग दल , शिव सेना , विश्व हिंदू परिषद , करणी सेना , आर एस एस , विहिपी जैसी संगठन क्या पाकिस्तान की सीमा में घुस के एक के बदले 10 सर लायेंगे या फिर इन्हें सिर्फ गाय की रक्षा करके लाठियाँ चलानें की ट्रेनिंग दी जाती है क्यूँ नहीं ये बहादुरी के साथ पाकिस्तान पे लाठी , डंडे़ लेकर चढ़ाई करते...????
#राष्ट्रवादी_सच",CAG,1
facebook_corpus_msr_349991,आरक्षण मे प्रधानमंत्री रक्षामन्त्री राष्ट्रपति सर्वोच्च न्यायाधीश कुलपति सेनाध्यक्ष आदि होता तो देश को ये दिन देखने नही पडते इतिहास गवाह है चन्द्र गुप्त अशोक,CAG,1
facebook_corpus_msr_349993,Congrats ko sirf rumours karne ke adat hai unse to kuch hua nai aur Jo kar Raha hai usse zhalan ho rahi hai,CAG,1
facebook_corpus_msr_349994,एक नापाक और कायर देश का शहीदों के शव के साथ किया गया कृत्य अत्यन्त घृणित एवं निंदनीय है.....  भारत सरकार ने इस घटना से निबटने के लिए सेना को फ्रीहैण्ड दे दिया है ...सेना अपने हिसाब से कार्यवाही करेगी कोई प्रेस या पाकिस्तान के स्लीपर सेल्स को बता कर नहीं,CAG,1
facebook_corpus_msr_349995,Bjp bhut achhi pati abhi kajal ko bacharhi hai mata ji ke mamle me bad me aarmi ko dekhe ga harhar,CAG,1
facebook_corpus_msr_350000,"कंटपा ने बाहुबली को क्यो मारा ये तो आप को पता चल जाएगा , लेकिन नोटबंदी से क्या लाभ हुआ , ये हास्यपद और गोपनीय ही रहेगा ! मीडिया के पिछले जुमलो का स्मरण करिए , ये देखिये नक्सलियों की नोटबंदी से  कमर टूटी , नोट बर्बाद हो गए , पाकिस्तान को मुह की पड़ी , आंतकवादी की कमी , इससे तो ज्यादा हास्यपद मीडिया दाऊद इब्राहिम की नोटबंदी से कमर टूटने , दहसत मे होने की ख़बर देता है ! 

सवालों से घिरा पिंजरा है , पंछी फ़ुर्र है !",CAG,1
facebook_corpus_msr_350001,56 inch ka sheena kya smriti irani ko dikhane ke liye rakhe ho kya.,CAG,1
facebook_corpus_msr_350005,"Doston Modi jee PM banne ke bad Atal jee ki tarah PILPILE  PM ho gaye hain aur America ke pochhlaggoo ban gaye hain Modi jee shayad samajh nahi parahe hain ki Bharat ki janta jitna jaldi sar par baithati hai utna hi jaldi sar se utar kar phenk deti hai. Arvind Kejriwal ka udahran samne hai. Desh ko bhashan nahi Action chahiye. 
Modi jee Indira Gandhi ki tarah opposition me unke level ke leader na hone ka maza le rahe hain par ab parishthit badal gayi hai Modi jee ke na chahne ke bavjood UP ki janta aur UP ke MLA logo ke dabav ke karan YOGI jee UP ke CM hain aur ek real Nayak ki tarah Action Man bankar UP aur Desh ki janta ke dilon par raj kar rahe hain. Ab kanhi aisa na ho ki 2019 ke pahle Bharatvasi kanhi Modi jee ko phirse Gujrat ka CM aur Yogi jee ko Bharat ka PM na banade vaise bhi Yogi jee abhitak MP Gorakhpur se hain.",CAG,1
facebook_corpus_msr_350007,Pakistan ke agents Hume ek jut ho kr ladna hoga ya hum sab ki zimedari hai srif sarkar ki nahi.,CAG,1
facebook_corpus_msr_350008,56 inch Ka shina sirph chunau me samay air dusary party satta me rahati hai tabhi dikhta hai modi Ji Ka,CAG,1
facebook_corpus_msr_350009,56inch Ka shina sirph chunau aur  dusari party satta me rahti hai tabhi dikhati hai modi Ji ki,CAG,1
facebook_corpus_msr_350017,Jab. Bhasan hoga us Raily me aajana. Congressyo   fir dekhna kaise. KaDi se Kadi NinDa hogi,CAG,1
facebook_corpus_msr_350020,Ye kagresi log aabtak saval hi katte hay kuch aaram karo gabtao   mat 56 inch bi dike ga.kauki Pakis tan my bi kuch malum insan rate hay agar in bekasuro ka cunta nahi hona to modi Gi kabka Pakis tan name Nisan katm Karyn my day nahi last Jay ki hamari latai tank bad se hay Massimo se nahi kagresi yo ko jabab dege lekin pahle upay to Kar le Pakistani kuto ka,CAG,1
facebook_corpus_msr_350021,Bhajap ko pakistane kya majburi hey janta janna chahti hey jab man mihaji the tab esi himat pakistan nahi karta tha,CAG,1
facebook_corpus_msr_350023,"Jab india me vidhwa ladies jada or aarmy jawaan kam ho jayenge, kyuki sarkaar k paas ninda k siwa kuch h nhi, jhute wade krne me to bohot aage h digital banane chale h, digital army ko banao unke hathiyaro ko banao bullet proof jacket dilao,",CAG,1
facebook_corpus_msr_350025,"आज मोदी जी ने बतला दिया की फेकु कांग्रेश और बामपंथी है। मोदी जी ने अपने वीर सैनिको का बदला पाकिस्तान से लेकर फिर से अपना 56"" का सीना दिखा दिया है।",CAG,1
facebook_corpus_msr_350026,मोदी जी बहुत दुख होता है जब कोई भी आप पर उंगली उठाता है लेकिन क्या करें आप काम ही ऐसा करते हैं कोई हम को खुलेआम धमकी देता है कोई हमारे फौजी को मार देता है लेकिन एक आप है बार बार कहते हैं यह कर देंगे वह कर देंगे और कर कुछ नहीं कर पाते हैं शर्म की बात है,CAG,1
facebook_corpus_msr_350027,"पीएम का नाम ""गिनीज बुक ऑफ वर्ड रिकार्ड"" में दर्ज होगा......दो वजह से :-
1.सबसे ज्यादा फेकने वाला पीएम,जो कहता है वो कभी करता नहीं......मोदी का डायलॉग होगा ""जो हम कहते हैं वो हम कभी करते नहीं और जो हम नहीं कहते वो तो करेगें ही नहीं......
2. 56"" वाले पीएम मोदी के समय सैनिको को सबसे ज्यादा श्रंद्धाजलि दी गयी,मोदी के मूर्ख भक्त इसे भी मोदी की उपलब्धि मानेगें और ताली पीट-पीट कर कहेगें मोदी का नाम गिनीज बुक ऑफ वर्ड रिकार्ड में आना चाहिये.......😢",CAG,1
facebook_corpus_msr_350030,यदि शहीद हेमराज का सिर नहीं ला सकते हो तो कम से कम 10 पाकिस्तानी सिर लाकर दो।ऐसी घटनाएं लगातार हो रही है और हमें हर हाल में बदला लेने की जरूरत है।............ ये शब्द थे हमारी विदेश मंत्री सुषमा स्वराज जी के 2013 में नेता प्रतिपक्ष में रहते हुए और अब ये क्या करने जा रही है और वो साहब 56 इंच के सीने वाले तो नाम जाने क्या क्या बोलते थे पर अब पता लगा ये सभी लोग बस ....................... लगें हुए हैं।,CAG,1
facebook_corpus_msr_350031,"jis din India ki public ko ye akal aayegi ki jab tak unko sabak nhi sikha liya jata hum apne sukh subhida se door reh sakte hai.......... 

note bandi ke dino me jo chup nhi reh paye yudh me to pura desh twah ho jayega tab chup reh paoge",CAG,1
facebook_corpus_msr_350033,मोदी जी तो 56 इच् का सीना दिखा देगे किंतु कोंग्रेस का वोट बैंक और उसके हमदर्द कम हो जायेगे।,CAG,1
facebook_corpus_msr_350035,"तुम लोगों ने दिखया था ,आज तक बुक्त रहे है ,तुम लोगो को कोई ज़रूरत नहीं बोलने की ,",CAG,1
facebook_corpus_msr_350036,andhbhakh 1965 1971aur Pakistan ke do tukde kar diye the congressne,CAG,1
facebook_corpus_msr_350041,"Ab modi Ji ye mat bolna ki wo to chunawi jumla Tha
Nhi to sainiko ki aatma AAP ko kabhi maf nhi karegi",CAG,1
facebook_corpus_msr_350043,जब बचे हुए कुछ राज्य में कांग्रेस की सरकार को नेस्तनाबूत करती हुई है भारतीय जनता पार्टी की सरकार बन जाएगी तब 56 इंच का सीना दिखाएंगे,CAG,1
facebook_corpus_msr_350046,अगर पाकिस्तान को जवाब नहीं दे सकते तो यह काम हिन्दुस्तान के मुस्लिमों को सौंप दो  मगर  कड़ी निंदा जैसी परमाणु से खतरनाक मिसाइल ना दागे,CAG,1
facebook_corpus_msr_350047,Jab 56 inch ka sina dikhayege to fir aapko aur kejrval ji Ko sabut chahiye,CAG,1
facebook_corpus_msr_350054,Desh me sach much lag RHA h koi vipach ki party nhi h .ya fir inko bolna nhi aata.vipach ki asli haqdar bjp h itni deir me vo to kongress ki iet se iet bja deti,CAG,1
facebook_corpus_msr_350055,"Bhai, tum 56 inch ko serious hi lay gaya ho,yeh tau ek jumla thaa,",CAG,1
facebook_corpus_msr_350056,Sabal daagney se bahadur  nahi banogey.desh ko barbad kerney balo aapko sabal karne ka lajjaa nahi aa raha hai,CAG,1
facebook_corpus_msr_350057,abhi abhi bjb party ki taraf se bayan aaya h ki 56 inch k sine vali baat ko bhi modi ji ka jumla mana jaae..,CAG,1
facebook_corpus_msr_350061,Pahle Congress k jaichando se niptna padega . yadi Modi ji aisa ni kr sake to 56' ka seena ni dikha payenge .,CAG,1
facebook_corpus_msr_350065,मोदी जी निंदा नही बदला चाहिए वह शब्द आपको याद है जब आपने कहा था एक के बदले दस काटेंगे  अब चुप क्यों हो आप भी मनमोहन बन गये हो,CAG,1
facebook_corpus_msr_350066,"अगला लोकसभा चुनाव केवल 2 पार्टियाँ लड़ेंगी ।
एक भारतीय जनता पार्टी
जिसका चुनाव चिन्ह होगा - कमल ।
और दूसरी मोदी रोको पार्टी
जिसका चुनाव चिन्ह होगा -
""हाथ में झाड़ू पकड़े साईकिल पर बैठा लालटेन लटकाये पंजा हिलाता हुआ हाथी !",CAG,1
facebook_corpus_msr_350071,"दो ही चीजेँ रह गई है...मोदी जी के पास....देने के लिए भाषण और करने के लिए मन की बात....एक जुमलेबाज ने तोङ दिया देश का विश्वास.......अच्छे दिन की बहनो-भाईयो,   अब मत करना आस",CAG,1
facebook_corpus_msr_350072,भाइयों और बहनों मैं नरेंद्र मोदी जवानों के मरने पर कड़ी निंदा करता हूँ। जवानों का बलिदान व्यर्थ नहीं जायेगा : मोदी 😂😂😂,CAG,1
facebook_corpus_msr_350074,"Agle chunao se pehle ,tab tak Congress jan ac me beth kr bayan bazi krte raho",CAG,1
facebook_corpus_msr_350076,"कायरता का तेल चढ़ा है,लाचारी की बाती
पर,
दुश्मन नंगा नाच करे है,भारत माँ की छाती पर
,
दिल्लीवाले इन हमलों पर दोआंसू रो देते हैं,
कुत्ते पांच मारने में,हम सात शेर खो देते हैं,
सत्ता में आने से पहले,जान झोंकने वाले थे,
तुम तो पापी पाकिस्तां से ताल ठोकने वाले
थे,
सत्ता मिलते ही लेकिन ये अब कैसी लाचारी
है,
माना तुम पर बहुत बड़ी भारत की ज़िम्मेदारी है,
उठो बढ़ो आगे,भारत की माटी का उपकार कहे,
हर हमले में मरने वाले सैनिक का परिवार कहे,
अल्टीमेटम आज थमादो,आतंकी सरदारों को,
भारत फिर से नही सहेगा,भाड़े के हत्यारों को,
बाज अगर जल्दी ना आये,तुम अपनी करतूतों से,
ये इस्लामाबाद पिटेगा,हिंदुस्तानी जूतों से,
एटम बम दो-चार बनाकर कब तक यूँ धमकायेगा,
अगर पहल हमने कर दी,तू जड़ से ही मिट जाएगा,
छप्पन इंची सीने को अब थोडा और बढ़ाओ जी
,
सेनाओं को खुली छूट देकर उस पार चढ़ाओ जी,",CAG,1
facebook_corpus_msr_350078,Pm साहब जब देश मे रुकेंगे तो पाकिस्तान से बदला ले ना देश रहते ही कम है यो देश मे क्या हाल है उनको कैसे पता चलेगा,CAG,1
facebook_corpus_msr_350081,"मेरे देश के प्रधानमंत्री को कोई कुछ नही कहेगा 😏
देश में गाय का ख्याल रखें या सिपाहियों का ?
RSS को खुश रखे या देश के सिपाहियों के घरवालों को ?
मेरे देश के प्रधानमंत्री सोच रहे हैं कि गाय रक्षकों को बॉर्डर पर भेजा जाए ताकि वो मर भी गए तो कचरा ही साफ होगा और अगर पाकिस्तानी मार दिए तो दुश्मन कम होंगे ।
धैर्य बनाये रखें प्रधानमंत्री जी पर ।",CAG,1
facebook_corpus_msr_350088,sach hai ab waqt Aa gayaa hai ki indian foce POK me ghuskar sabhi Aatankwadi tthekano ko khatam kare are yar duniya me 3 no par hai indian force par modi ji aapme shakti honi chahey ki sena ko humle ka Aadesh do tabhi deshwaseyo ka gussa shant hoga,CAG,1
facebook_corpus_msr_350093,"Sabhi shantidoot Pakistan ko kuch nahi kahege......
Inka Target Sirf modi h.....",CAG,1
facebook_corpus_msr_350094,Inka mantri aur maharaj bolta he Hindu 8 bache peda kare..Sala 3 wall ko elec. Ka ticket nahi dete,CAG,1
facebook_corpus_msr_350095,दिख चुका है उनको तुम्हे दिखाना बाकी है औकात में रह लो भी 7 में नही तो सच मे 00000 हो जाओगे आपियो की तरह।,CAG,1
facebook_corpus_msr_350102,pakistan ke saamne wo 5.6 inch ka seena ho jata he. ye pakistan ko kabhi bhi permanent chup nai bitha payenge.,CAG,1
facebook_corpus_msr_350105,Modi jee jo Bhi karate hai shoch samajh  ke karte hai . Ghar me baith ke Sarkar ko galat batana sabke liye aasan hota hai,CAG,1
facebook_corpus_msr_350106,Kangres party ke log khhali baten banana jante hai  kam kuch nahi karta modi ji ka sath dena chahiy,CAG,1
facebook_corpus_msr_350108,Allah bhi kuch nhi kr skka up mein...bolo jai shri ram,CAG,1
facebook_corpus_msr_350111,इस बार सेना को रणदीप सुरजेवाला को साथ ले जाना चाहिए लेकिन ध्यान रहे यह शख्स भागने न पाये ।,CAG,1
facebook_corpus_msr_350113,Ankhe kholkar dekh lo Congress walo jawab pak ko usi din mil gaya,CAG,1
facebook_corpus_msr_350118,"जब समृति ईरानी चूड़िया मोदी को भेज देंगी,, तब मोदी 56 इंच का सीना पाकिस्तान को दिखायेगें",CAG,1
facebook_corpus_msr_350128,56 inch ka seena hoga to dikhayenge.inki bs zuban 56 inch ki hai,CAG,1
facebook_corpus_msr_350130,पकिस्तान शुक्र मनाये की अभी  हम सत्ता मे हे अगर विपक्ष मे होते तो पकिस्तान इट से इट बजा देते,CAG,1
facebook_corpus_msr_350135,आज मोदी जी होते पाकिस्तान ख़त्म कर देते हा हा हा||||||,CAG,1
facebook_corpus_msr_350142,Abi electiono Mai bizi Hai hamari sarkar time lgega Pakistan ko jbab dene Mai,CAG,1
facebook_corpus_msr_350156,oh wow Kay baat hi bjp sambahl nahi raha aur Nam congress kakahhhh,CAG,1
facebook_corpus_msr_350160,vaise aaplog kbi bjp ko support kr bhi nahi skte .......................byeeeeee bhagwan sadbuddhi de,CAG,1
facebook_corpus_msr_350161,bjp gaye badh my yaha mera desh ke jawan shahid ho rahe hi aur tum bjp congress ke baat kar rahe ho,CAG,1
facebook_corpus_msr_350164,"रहेगा तो न दिखाएंगे 2014 से दिखा रहे है
शायद दूसरा सीना हो इसलिए न दिखा रहे हो",CAG,1
facebook_corpus_msr_350166,"Modi ji budha ho gaya hai ab 56""kaha ab to 21 ka hi rah gaia hai bhai",CAG,1
facebook_corpus_msr_350168,सरकार बनते ही सिमट कर मनमोहन जितना ही हो गया जनता की उम्मीदें धुमिल हुई है,CAG,1
facebook_corpus_msr_350184,इनके लिए उचित सवाल है अब बीजेपी की नेत्रियों से अनुरोध है चूड़ियां भेजे।,CAG,1
facebook_corpus_msr_350189,Bikul sahi baat kab dikhayenge jab puri army khatam ho jayegi tak..,CAG,1
facebook_corpus_msr_350192,Jis din Congress leader ke ammi ka Hindu ak ak kar Hlala kar chukege,CAG,1
facebook_corpus_msr_350195,Congress tu ye kehne ka haq nahi rakhti... gandi politics congrss ne hi kiya hai,CAG,1
facebook_corpus_msr_350198,Bhaiyo abi taim ha jab 2019 ke cunab karib hogey tab modi dekawa kargey,CAG,1
facebook_corpus_msr_350199,Sahi kaha ab to hum bhi yahi puch rahe hai bhot ho gya,CAG,1
facebook_corpus_msr_350208,तुमको जनता चुपचाप से बैठा दिया है तो चुप रह ।जनता को समझने दे क्या हो रहा है,CAG,1
facebook_corpus_msr_350209,"कांग्रेस का सवाल पुरी तरह जायज है 
वरना मन मोहन सिंह और नरेंद्र मोदी मैं क्या फर्क रह जाएगा",CAG,1
facebook_corpus_msr_350227,60sal meh ye masala kiu nehi suljha ye janataki sawal Congress ko?,CAG,1
facebook_corpus_msr_350230,2019 k election haarne k baad jb vipaksh mein bethengy tb dikhayengy,CAG,1
facebook_corpus_msr_350232,Rhy bt to kon sa kisan aatmhatya kia hai is saal.,CAG,1
facebook_corpus_msr_350241,मोदी जी चिंता में कयो पड़े गये पाकिस्तान पर हमला बोल दो,CAG,1
facebook_corpus_msr_350248,"देश की जनता भी चाहती है, मोदी जी 56""  इंच का सिना पाकिस्तान को दिखाये",CAG,1
facebook_corpus_msr_350257,Prdhan mantre des ka ho tabna yeto bhaiyo jaat pat ka mantare h,CAG,1
facebook_corpus_msr_350260,Modi G chup rahne se Kam nahi chalne wala hai.,CAG,1
facebook_corpus_msr_350267,"जो काम आपने 47 साल में नही किया ओ
काम 56 इंच सिने ने 2 साल में कर दिखाया",CAG,1
facebook_corpus_msr_350268,Modi  vhashano fa kam  nahi chalega  kam karke dikho,CAG,1
facebook_corpus_msr_350269,तुमने सोनीयाका सिना दिखाँया था ना?  उसका क्या हुवा?,CAG,1
facebook_corpus_msr_350276,देश की जनता और मीडिया को दिखा रहे है या क्या कम है।,CAG,1
facebook_corpus_msr_350279,कभी नहीं होगा तब ना दिखाएगा भाई 56 नहीं 26 इंच का है सीना,CAG,1
facebook_corpus_msr_350281,Bhashan dene se furshat mile to na bhakto bjao taali,CAG,1
facebook_corpus_msr_350286,जवानो को 7 वेतन के नाम से फूटी कौडी तक नही दी।,CAG,1
facebook_corpus_msr_350287,मोदी  तो अपनी  घरवाली भी नहीं  सभाल सका  देश तो बहूत बडा हैं,CAG,1
facebook_corpus_msr_350290,Ab aur kitne rakshak shaheed hone ke baad kuch kroge,CAG,1
facebook_corpus_msr_350320,56 iche kay sena  ab  skiud  kar 5 inche ho gay ha fak fak modi,CAG,1
facebook_corpus_msr_350321,कांग्रेस ने तो हिन्दुस्तान को गजवा हिन्द बना चुकी होती....अगर बी जे पी नही होती......,CAG,1
facebook_corpus_msr_350334,Tum log ne apni sarkar me dikhya tha ka ki modi se puch rahe hio,CAG,1
facebook_corpus_msr_350350,Kabhi nhi ku ki 56 inch ka he hi nhi sina,CAG,1
facebook_corpus_msr_350368,अब बरदाश्त की हदें पार हो चुकी हैं आरपार की बात होनाचाहिए,CAG,1
facebook_corpus_msr_350393,कांग्रेसियों चुप रहो फिर एक फर्जिकल सट्राइक करके आपका मुंह बंद कर दिया जाएगा,CAG,1
facebook_corpus_msr_350397,Congress in Kya Kiya 60 Saal tak . Besharm kahi ka,CAG,1
facebook_corpus_msr_350398,मौसी एक्सरसाइज चालु है अभी 36 का है इंतजार करो बस जैसे ही 56 इंच का हो जायेगा आपको बता देंगे मौसी,CAG,1
facebook_corpus_msr_350401,Congress ka muh se ye sb bt sunne m acha nhi lgta h,CAG,1
facebook_corpus_msr_350412,70 साल से फौजियों के लिए जंग लगे हतियार तुम लोगो ने जमा किये ओर 56 इंच का शीना दिखा के मोदी जंग लड़े,CAG,1
facebook_corpus_msr_350414,इस बात पर तो हम भी कांग्रेस का सपोर्ट करते हैं।,CAG,1
facebook_corpus_msr_350426,galte ho gay bhae 56 sentimetar ko inch samang bethe,CAG,1
facebook_corpus_msr_350430,"मोदीजी चीटिंग करते है,,,
1 के बदले 10 सर लेंगे
2 के बदले 25 क्यों लिया?

~ नवाज शरीफ",CAG,1
facebook_corpus_msr_350438,Jab Gau mata ka passport banaa lenge tb Ho sakta hai 😂😂😂😂,CAG,1
facebook_corpus_msr_350442,कभी नहीं होगा तब ना दिखाएगा भाई 56 नहीं 26 इंच का है सीना,CAG,1
facebook_corpus_msr_350443,Abhi chunav aane do bhai sainiko ki sahadat jaya nhi jayegi ..,CAG,1
facebook_corpus_msr_350446,वह पाकिस्तान के लिए नहीं था वह तो हिन्दुस्तान की जनता के लिए था‌।,CAG,1
facebook_corpus_msr_350459,pahle desh ke andar to nayay ki baat puri kar le,CAG,1
facebook_corpus_msr_350476,कांग्रेस भाजपा भाई भाई ।ये दोनों जो बोलते हैं वो करते नहीं ।,CAG,1
facebook_corpus_msr_350480,"वो गलती से पेट की जगह सीना मुंह से निकल गया था। 56"" का पेट",CAG,1
facebook_corpus_msr_350489,Esme 56 inch ki kya bat hai aarmy khud hi akele bhut hai unke liye,CAG,1
facebook_corpus_msr_350493,Bhai logo phle 2019 ki tyyari krne do uske 56 inch ka dikha denge,CAG,1
facebook_corpus_msr_350498,56 इंच का सीना सुकड़ के 6 इंच का रह गया है ।☺😊☺😊,CAG,1
facebook_corpus_msr_350506,Bhasan hi doge  logo ko Pakistan ko jawan kab do ge,CAG,1
facebook_corpus_msr_350525,56 ka to KY feku ke pash 36 ka BHI NAHI he 😂,CAG,1
facebook_corpus_msr_350551,Bjp bipkchh me rahe gi modi sarkar tab dikhega 56 inch ka sina,CAG,1
facebook_corpus_msr_350556,"मोदी जी आप विपक्ष में ही ठीक थे, कम से कम हंगामा तो किया करते थे।",CAG,1
facebook_corpus_msr_350558,"मनमोहन सिंह इस्तीफा दो

बहुत हुई जवानों ओर किसानों की मार अबकी बार मोदी सरकार",CAG,1
facebook_corpus_msr_350562,Sharm aani chahiye ESE netao ko ye sirf modi Ka desh nhi  h.,CAG,1
facebook_corpus_msr_350564,"Pakistan ne dekh liya ha, tum logo ko nahi dikhai dega...",CAG,1
facebook_corpus_msr_350571,Seena me to hawa bhada tha ab panchar ho gya,CAG,1
facebook_corpus_msr_350574,Sayad Congress ke pass seen a wale log ni h,CAG,1
facebook_corpus_msr_350575,Pak congress ne hi di hui den hai duniya ko,CAG,1
facebook_corpus_msr_350576,Modi bhi congresh ki tatah ho gay. Desh maaf nahi karega,CAG,1
facebook_corpus_msr_350614,"ये देखो तमाशा,पूछ भी कौन रहा हैं पाकिस्तान बनाने वाले",CAG,1
facebook_corpus_msr_350619,Eh bolta  tha  modi  ji   2 k bdl mae 10 ser layga  mavy  rasta mae ata hoga,CAG,1
facebook_corpus_msr_350623,"Agar dikha denge to bhi aap logo ko vishwas nahi hoga, aur saboot mangenge",CAG,1
facebook_corpus_msr_350627,"🏀🏀🏀🏀🏀🏀🏀🏀🏀🏀
नक्सली, सिमी, इंडियन मुजाहिदीन / ये तीनों, 30 साल पूर्व, कांग्रेस के रोपे हुए ""बीज"" है / बदकिस्मती से,  जिसके आतंकी ""फल"" आज हमें / कांग्रेस की पूर्व मेहरबानीयों से ""खाने"" को मिल रहे हैं /
          ""जय हो नेहरुवाद""
🏀🏀🏀🏀🏀🏀🏀🏀🏀🏀",CAG,1
facebook_corpus_msr_350629,मनमोहन जी ने पहले दीखा दीया आब मोदी जी दिका रहेह आप लोगो सरम आतीहकया आप कै पास सिना ह कहा कब दिकावोगे,CAG,1
facebook_corpus_msr_351562,Kishan Rajawat Rajput hahahahaha beta khwab me tm log 17 b mar dety ho pakistan me na army ko pata ha na media or india ko pata ha k mar gae hahahahaha tmhri media tm logu ko mamu acha bna leti ha rapistan,CAG,1
facebook_corpus_msr_351568,"मोदी जी  अपना abp zee india tv का दस्ता पकिस्तान पर बमबारी कर रहा है पहले भी कई बार पकिस्तान को नेस्तनाबूद कर चुके है !!!

बग्दाददी को तो कई बार मार चुके है!!! #56inch

#indian_media",CAG,1
facebook_corpus_msr_351570,"♨♨♨♨♨♨♨♨♨♨
आपको नहीं लगता / कि, मजहब ए इस्लाम / दूनिया के, हर देश के लिए / मुसीबत का कारण, बन गया है /
♨♨♨♨♨♨♨♨♨♨",CAG,1
facebook_corpus_msr_351577,"BAT, Kaise Muslim hain bina zibha ke haram murga Khate hain unse hazar guna Bharat me Muslim achche hain unko samajhna chahiye Bharat ki sena murga nahi Sher hai",CAG,1
facebook_corpus_msr_351578,तुम जीबाह करो या कुछ भी...मरना तो उस जीव कॊ है ही तुम्हरे स्वाद के लिये,CAG,1
facebook_corpus_msr_351579,"Bhai Bharat me Dhahram ke naam  par jeev hatya hoti hai ,Maine dekha lagbhag 500 bhais ki Bali dee jati aisa maarte they kisi ka pair kataa baad me gardan kata yeh to har dharam me kuch na kuch manyata hai insan apne dharam ke hisab se karta hai jo khata hai ise achcha samajhta hai jo nahi khata bura kahta hai waise aap dekhe khane wale bharat me adik hai koe rakshak jo 1 kg khata hai koe 100grame",CAG,1
facebook_corpus_msr_351580,bat bujdil he per inko sabak sikhane ke liye agle  chunav ka wait karo. abi ninda misail dage ja rahe he.,CAG,1
facebook_corpus_msr_351585,"अब सौ गय भक्त कहा गई देशभक्ति। 
मेर सभी देशवासियों सबको एक होने का वक्त आ गया है कि इन भर्शट नेताओं पर जुता मरने का।यह बस नोट और वोट बटोरने के लिए है बस",CAG,1
facebook_corpus_msr_351588,indira Gandhi Wo iron Mahila Jisne Pakistan ke do tukde kar diye or America or China Ko Thenga Dikha Diya. Pakistan Ko hara ka dum liya. Par Modi ji Shyad Nobel Prize ke Chakkar mein hain wo jante hai Modi Ki Leher Or Sena per Qehar. Modi ji Intezar kar rahe hain or kitne Army ke Log Marenge. Ager Noble Prize mil bhi gaya to Sainikon ke matam ka jashan jaroor BJP Wale manayenge. Modi ji Kehte the pakistan ko maqool jawab denge .per Pakistan to apko jawab de raha hai. Sharm Ager Bachi hai to Pakistan ko jwab kab doge share it,CAG,1
facebook_corpus_msr_351589,Shi baat... ye log sirf ninda missiles se war rhe hai...aur udhar pak. India ki gand fad raha hai...bjp hindu muslim kr ke vote lena jaanti h aur kch nai..,CAG,1
facebook_corpus_msr_351595,राक्षसों की कौंम है ये कुछ भी खा सकते  हैं,CAG,1
facebook_corpus_msr_351599,Ismain kaun si badi baat hai yeh to humari fauj ki traing main hota hoga,CAG,1
facebook_corpus_msr_351600,"Sukr Karo Pakistaniyo 2017 Hai 
2019 hota to tumri khair nhi thi 
60 saalo ka heesaab Dena Hoga",CAG,1
facebook_corpus_msr_351613,Bhai aisa nahi hai pakistan terror ka home town hai.,CAG,1
facebook_corpus_msr_352439,suna hai kal se sarkari daftaro ke karmchari hadtaal pe hai kyuki unhe corruption karne me dikkat ho rahi hai,CAG,1
facebook_corpus_msr_352441,Ak to chori kare uper se gunda gardi bhi....yogi ne janta ki bhlai k liye itna achcha kaam kiya salo ki fat gai,CAG,1
facebook_corpus_msr_352443,Sab honest h to strike kis bat ki.... Kis bat ka dar.jrur ghapla h...,CAG,1
facebook_corpus_msr_352447,Unko bhi pakdo jo seema me 250 mtr ander ghus jate h,CAG,1
facebook_corpus_msr_352465,Jo hadtal par jaye samjho vo patrol pump bhi chori karte hai,CAG,1
facebook_corpus_msr_352468,In pamp walo pe karwai karo pamp gariboko chalane do.,CAG,1
facebook_corpus_msr_355876,Jang ma Rona nahi hota WO hamara Muslim ko kisa baderdi sa qaltal kerta hi yahi fouj Kashmir ketna Muslim bahen bewa hogiya sharam apko ana chahiya,CAG,1
facebook_corpus_msr_355878,"पाकिस्तान ने भारतीय जवानों के शव क्षत-विक्षत किए

काश! आज मोदीश्री देश के प्रधानमंत्री होते तो अब तक पाकिस्तान को पाकिस्तान की भाषा में जबाव मिल गया होता",CAG,1
facebook_corpus_msr_355879,Mai to kehta hoon govt keh de ki humse nahi ho raha leave it on indian public baki dekh lenge ki kaise jawab Dena hai bullshit pakistan,CAG,1
facebook_corpus_msr_355881,हमारे सैनिक को इतना मत बांध हो यार हमारा हिंदुस्तान का सैनिक शेर है और शेर को कुत्ते का शिकार करने के लिए सोचने की जरूरत नहीं है कुत्ता कुत्ता ही रहेगा शेर का एक पंजा ही उसके लिए काफी है Hamare Sainik शहीद होते हैं बहुत दुख होता है यार शहीद सैनिक शहीद होते हैं बलि देने के लिए नहीं होते हमारे सैनिक कुछ नहीं कर पा रहा है पर खड़े होकर सिर्फ देख रहा है तमाशा देख रहे हैं वह आते हैं मार के चले जाते हैं आजकल हमारे कल रोज हम को सुनने  को मिलता है पाकिस्तान ने सीज फायर का उल्लंघन किया हमारे सैनिक ने उनकी चौकी आता था कि जो किया था वह करने से क्या होगा यार पाकिस्तान को तबाह करो यार अब बहुत हुआ यार हमको भी अपने देश पर गर्व होना चाहिए हम को कब ऐसा लगने लग गया कि हमारा देश बिचारा है हमारा देश लाचार है जानवर को मारने के लिए जानवर बनना पड़ता है,CAG,1
facebook_corpus_msr_355882,Bas wahi ghisa pita bayan .hm iski ghor ninda krte h. Balidan bekar nhi jayega.......koi modi ji ko chudi do la ja kr smirti irani ji ka.....😡😡😡😡,CAG,1
facebook_corpus_msr_355883,इससे बड़ा अपमान और क्या हो सकता है एक सैनिक के लिए कि उसका सिर काट के ले के चले जाए और हमारी सेना सिर्फ सोच विचार करने में लगी है कि आप करें गया हमारे नेता बोलेंगे हम इसमें घोर निंदा करते हैं सैनिकों का बलिदान व्यर्थ नहीं जाएगा फिर 4 दिन में वह हमें ठंडा हो जाएगा बहुत तरस आता है यार हमारे सैनिकों के ऊपर बहुत दुख होता है बहुत दुख लग रहा है,CAG,1
facebook_corpus_msr_355885,Media Ko to border ke bare kuch pata hi nhi .wha per media wale allowed hi nhi hai logo ko media wale bewaqoof banarhehai,CAG,1
facebook_corpus_msr_355890,"मुसलमान अपना धर्म तो जानते नही लेकिन काँपी कर हिन्दु से सवाल पुछते रहते है जरा हमारे भी सवालो के जवाब दे दो हिम्मत है तो ।
1) इस्लाम बनाने वाले मोहम्मद ने बुढापे मे अपने साथी अबु-बकर की 9 साल की बच्ची आयशा से बलात्कार किया, वो भी 9 साल की बच्ची से। क्या एैसे बलात्कारी की बनाई बातो पे इमान लाना सही है ?
2) मुहम्मद ने अपने बेटे जैद की बीबी जैनब से बलात्कार कर शादी क्यु की जैद हीजडा था ? या मुहम्मद आदत से मजबूर था ?
3) आप बकरा ईद क्यों मनाते हो ? क्योंकि आपके किन्ही साहब ने अल्लाह के आदेश पे अपने बच्चे की क़ुरबानी देनी चाही तब वहा बच्चे की जगह जानवर प्रगट हो गया , तो आप अपने बच्चों की क़ुरबानी दो ना, जानवर की क्यों देते हो अल्लाह सच्चा होगा तो बच्चे की जगह जानवर प्रगट कर देगा और ये अल्लाह है या राक्षस जो खुन खराबे से प्रसंन्न होता है ?
4) एक तरफ तो मुर्ती पुजा की विरोध करते हो दुसरी तरफ मक्का मे हजरे अस्वाद फत्तर को चुमने जाते हो फत्तर मे विश्वास नही बोलते फिर मीना की जगह फत्तर को शैतान समझ फत्तर क्यु मारते ?
5) क्यों जब मुसलमान मक्का जाते हो तो सब मुंडन कर हिन्दू जैसे सफ़ेद वस्त्र पहनते हो ? तवाफ की पुरी प्रक्रिया हिन्दु की नकल करते हो फिर मुर्ती पुजा का क्यु विरोध करते हो ?? मजार दरगाहो पे क्या होता है ?
6) क्यों हिन्दुओँ की तरह उस जगह की परिक्रमा करते हो ? जब अल्लाह सातवे आसमान पे बैठा है तो काबा को क्यु सजदा, नमस्कार करते हो ?
7) इस्लाम तो बहुत शांति का धर्मं है (आपके अनुसार), तो ऐसा क्यों इस्लाम में लिखा है कि जो काफीर (गैर मुसलमान) है उनको मार दो, आपको 72 हूरें मिलेगी ? भाई अपनी हूरों के चक्कर में हमारी जान क्यों लेना चाहते हो, थोड़ी तो इंसानीयत रखो यार!
8) कुरान 2:223 मे लिखा है औरतों को खेती की तरह जैसे चाहे इस्तेमाल करो कुरान 33:33 कहती है औरतें घर मे बच्चे पैदा करती रहे और दिन मे 5 बार नमाज फुकती रहे क्या यही इज्जत है औरत की इस्लाम मे ? औरतों को बुर्के मे एैसे कैद कर के रखते हो औरत न हो कोई आटे की बोरी हो ।
9) क्यों इस्लाम में कहा गया कि पृथ्वी चोकोर है, जबकि हिन्दू धर्मं में पृथ्वी को गोल कहा गया है, तथा साइंस प्रूफ कर चूका है ।
10) क्यों इस्लाम में कहा गया कि सूरज दलदल में डूब जाता है, जबकी हिन्दू धर्मं में लिखा है कि पृथ्वी सूर्य के चक्कर लगाती है ? साइंस भी प्रूफ कर चूका है हिन्दू धर्मं ने दुनिया को विमान शास्त्र, आयुर्वेद, योग और हजारों चीज़े दी हैं, इस्लाम ने दुनिया को क्या दिया, तबाही और माराकाट के अलावा ?
11) 1400 साल पहले आपका धर्म स्थापित हुआ था, उससे पहले आप क्या थे ? आपकी इबादत का तरीका क्या था ?
12) हमारा हिन्दू धर्मं हजारो साल पुराना है हमारा राम सेतु आपने भी देखा होगा, पानी में डूबी श्री कृष्णा की नगरी भी देख ली है, आपके पास क्या सबूत है कि अल्लाह ने मोहम्मद को ही भेजा था ?
13) मुसलमान जिस भी क्षेत्र मेँ जाते है या दूसरे के या खुद के धर्म वाले के साथ रहते है वहाँ इतनी अशांति क्यो हो जाती है ?
14) कुरान 2:260 मे अल्लाह इब्राहीम को यकीन दिलाने के लिए कहता है चार जानवर लो फिर उनकी मुन्डीया काटकर एक-एक कर पहाड पर रखो फिर उन्हे आवाज लगाओ देखो मुन्डीया कैसे दौडती हुई आयेगी । सवाल उठता है क्या अल्लाह खुद को सिद्ध करने एैसे फिजूल के कारनामे करता रहता है ? क्या एैसा होना संभव है ? इस्से क्या अल्लाह सिद्ध हो जायेगा ?
15) अगर इस्लाम सच्चा धर्म है तो अल्लाह मुसलमानो को खतना करके क्यु नही भेजता ? क्यु मासूम बच्चे का खतना कर उसे हिन्दु से मुसलमान बनाते हो ?
16) काल्पनिक कयामत के दिन कब्र से किसे जिन्दा किया जायेगा हड्डियो को ? क्यु की कब्र मे हड्डियाँ ही बचती है हड्डियाँ जन्नत जाकर क्या हुर्रो के साथ डिस्को करेगी ?",CAG,1
facebook_corpus_msr_355891,Hhhh india k media sahi main logo ko bewakoof banata he😂😂😂😂 #Gay_Hind,CAG,1
facebook_corpus_msr_355902,कबतक सरकार जनता को मूर्ख बनाती रहेगी सेना के शहीद पर जुटा अश्वासन दे कर,CAG,1
facebook_corpus_msr_355905,चौकी तबाह करने से क्या होगा पाकिस्तान के पूरे सैनिक को मारो,CAG,1
facebook_corpus_msr_355910,jab mullo up lat pade gi tabhi en up samajh aaye gi,CAG,1
facebook_corpus_msr_355911,"10 टण अनु बम छोड दो 
वंदे मातरम् वंदे मातरम्",CAG,1
facebook_corpus_msr_355919,Modi ji pak ke khilsf action ka waqt aa gaya hai.,CAG,1
facebook_corpus_msr_355928,"Ab to aesa lag raha hai modi ji ki halat
Manmohan singh jese ho gaya hai.....roj Sena ke
jawan mar rahe hai aur modi ji sirf dukh prakat
kar rahe ....Ye 2019 mai bhari na pad jaye",CAG,1
facebook_corpus_msr_355932,Ind army move ma sergicalstick kar rake te ka sch ma un par ho gai,CAG,1
facebook_corpus_msr_355934,100 ka wait ho rha hai kya???100 k bad to krishna god ne v nhi chhoda tha unko abuse karne wale ko...ab india ne kon sa promis kiya kisi se,CAG,1
facebook_corpus_msr_355935,Kiya hamara Army pakistan ka sar kat nahi sekta bar bar wahi katte rahenge ham apsus aur ninda karte rehenge,CAG,1
facebook_corpus_msr_355936,"भारतीय मीडिया अपनी गिरेबान में झांके तो तुम्हारी औकात कोठे वाली मजबूर औरतों से भी बुरी है,,,कोठे वाली औरतें तो मजबूरी में ये काम करती हैं और तुम्हारी तो कोई मज़बूरी नहीं सिर्फ पैसा और अपने गोरखधंधे के लिए मोदी और सत्ता के आ.... उठाते हो।
भारतीय मीडिया भारत को बरवाद करने में अपनी पूरी भूमिका निभा रहा है।
किसान और जवान मर रहे हैं, मोदी के पास निंदा के अलावा कुछ नहीं फिर भी उसका गुणगान कर रहे हो।
मीडिया को हमेशा सरकार के विरोध में काम करना चाहिए जिससे सरकार निरंकुश न हो और जनविरोधी काम न कर सके संतुलन बना रहे।
पर भारतीय मीडिया की औकात तो वर्ल्ड रैंकिंग में दिख ही रहा है।",CAG,1
facebook_corpus_msr_355937,Jb tk army khatam Nhi ho jati aor Pakistan Kashmir chheen Nhi leta tbtk Pakistan baaj Nhi ayega Modi ji vipachh me betho bahut damm thi ap me jb vipachh me the,CAG,1
facebook_corpus_msr_355938,Oh ho dekha na is ko kehty hen ghus kar marna ab tumhara saif ali khan kahan geya,CAG,1
facebook_corpus_msr_355939,Yaar tumlog kisi ke marne pe itne khush kaise ho jate ho insaniyat khatam ho chuki hai kya tumhare ander. Surgical strike kar ke to hamare indian soldiers ne v ghus ke mara tha wait karo dusra surgical strike milega dekhne ko,CAG,1
facebook_corpus_msr_355942,Kisne kaha yaar tumko ki kashmiriyo ka rape ho raha. Jhuti baat politicians phailate hai aur tumlog maan lete ho. Tumhare mulk pakistan me antankwadiyo ka adda bana baitha hai usko to tumhari government kaabu nahi kar sakti kashmir ko kya kaabu karegi. Kashmir to bas 2 mulko ka politics ban gaya hai. Tumhare atankawadi school me ghus ke baccho pe goli chalate hai unpe lagaam lagao pehle.,CAG,1
facebook_corpus_msr_355946,Hahah Arshad Ali Khan Mard Bano In Hindhuo se mat daro jo Such Apko Nhi Dikh rha Hai mere bhai Apko pata Indian army bhook se mr rha hai wo kya Surgical Strike Krega Jummu Kashmir me indian army itna zulm kr rha hai Such me andhy hogye ho jo ye sb kuch nazr nhi aata,CAG,1
facebook_corpus_msr_355947,Pakistan Me jo Atangwadi aaty hai Or India k madad se Afghanistan bhejta hai Samjhy Haqiqt me terrorist Contry apki Na pak Contry Bhart hai,CAG,1
facebook_corpus_msr_355949,Pakistan to Atankwadi country hai DUNIA janti hai. Kathmullo atankio PER nuclear attacks karo. Kisliye nuclear bomb banaya tha jwano ka head kata ja raha hai mitado nakse se Pakistan ko,CAG,1
facebook_corpus_msr_355951,"मुझे लगता है झूठी खबर मिडिया दिखा रही है मोदी की वाह वाही के लिए ,मुझे नयूज पर भरोसा नही पाकिस्तानी की गरदन चाहिए",CAG,1
facebook_corpus_msr_355952,Hahahaha fake news prof do salo jab Pakistan mrta hai to Pakistan ko prof dny k koi zarort nhi prte tum log khud rony lg jaty hoooo,CAG,1
facebook_corpus_msr_355953,Are to hum indians bhi ek kaad baar siz fire ko tod de to kya problm h...  Ye porkio ko 1 hi siz fire me saaf kar denge,CAG,1
facebook_corpus_msr_355960,"तुम सले कब बाज आओगे।
वो तो रोज तुम है मार रहा है।
तु कब सुधरो गे।",CAG,1
facebook_corpus_msr_355961,Kashmir ke azade tak asa he tabot jain ga .sirgecalstick,CAG,1
facebook_corpus_msr_355964,Ha ha ha ha ha cohrny ki koey limit ho try he,CAG,1
facebook_corpus_msr_355969,hmare dhes ke ak ak jvan ka bdla do pakistan,CAG,1
facebook_corpus_msr_355988,Q k wo bhi jaan gaya haii pm ka seena nahi zabaan haii 56 inch ki,CAG,1
facebook_corpus_msr_355989,अब वक़्त आ गया है कि पाकिस्तान के साथ साथ देश में बैठे गद्दार देशद्रोही नेताओ का भी सफाया करना होगा,CAG,1
facebook_corpus_msr_356009,सेना के जबानो केऊपर हमला कैसे हो रहा है जरुर ही सेना के जबानो को जाने की सुचना कौन भेजा है कोइ गद्दार तो है जो सेना के जबानो केऊपर नजर रख रहा है  और पल पल की खबर पाकिस्तान को भेज रहा है जांच कर ऊसको पहले फासी पर लटका दिया जाय ताकि देश के सुचना देने बाला गद्दार नही बच सके जयहो भषटाचरी के जयहिन्द,CAG,1
facebook_corpus_msr_356010,"कंटपा ने बाहुबली को क्यो मारा ये तो आप को पता चल जाएगा , लेकिन नोटबंदी से क्या लाभ हुआ , ये हास्यपद और गोपनीय ही रहेगा ! मीडिया के पिछले जुमलो का स्मरण करिए , ये देखिये नक्सलियों की नोटबंदी से  कमर टूटी , नोट बर्बाद हो गए , पाकिस्तान को मुह की पड़ी , आंतकवादी की कमी , इससे तो ज्यादा हास्यपद मीडिया दाऊद इब्राहिम की नोटबंदी से कमर टूटने , दहसत मे होने की ख़बर देता है ! 

सवालों से घिरा पिंजरा है , पंछी फ़ुर्र है !",CAG,1
facebook_corpus_msr_356021,"Ab to aesa lag raha hai modi ji ki halat
Manmohan singh jese ho gaya hai.....roj Sena ke
jawan mar rahe hai aur modi ji sirf dukh prakat
kar rahe,Hame 7 nahi 700  Pakistanio ka khun chahiye",CAG,1
facebook_corpus_msr_356024,"अब तो हर चुनाव में हमारा बटन वहीं दबेगा जहां से हमारे राष्ट्र की शान और विश्व के गौरव मोदी जी और योगी जी की सुगंध आती हो, क्योंकि सिर्फ इन्ही में ये माद्दा है जो हमें जिहादियो ,गद्दारो और भ्रस्टाचारियो से मुक्ति दिला सकें!
     इसलिये अब तो सिर्फ मोदी मोदी मोदी मोदी मोदी!योगी योगी योगी योगी👍👍👍👍👍
         जय श्री कृष्णा!💐💐💐💐💐💐",CAG,1
facebook_corpus_msr_356030,"अल्लाह ताल्लाह के फजल से
पाकिस्तानी जेल में सज़ा काट रहे
आतंकी जकी-उर-रहमान-लखवी
की पत्नी पेट से है !😉

अल्लाह बडा हलालु है 😂",CAG,1
facebook_corpus_msr_356272,Sarkar kitni Gambhir hai iska andaza isi baat say lagaya ja sakta hai ke Modi ji ko sari dunya ka liye tweeter karne ko time hai par shaheedon ke liye time nahi.. abhi tak PMO ya Modi ji ke tweeter account say kashmir hamle may mare gaye ek bhi shaheed ke liye  ek bhi tweet aaj subha tak nahi kiya gaya..,CAG,1
facebook_corpus_msr_356274,Sochna nhi ninda KR rhi h or Kuch nhi soch skti q ki ninda krne m itna time lagta Kya kregi government,CAG,1
facebook_corpus_msr_356277,"सरकार अभी 3 तलाक और हलाला के बारे में ज्यादा गम्भीरता से सोच रही है
जवानों के लिए उसके पास टाइम कहाँ",CAG,1
facebook_corpus_msr_356278,"पाकिस्तान से तो हमेशा नाराजगी थी मगर अब देश मे मौजूदा सरकारों से भी हो गयी है...क्योकी देश के लिए जान जवान देते है, नेताजी इलेक्शन पर ध्यान देते ह",CAG,1
facebook_corpus_msr_356279,Ye to india hai jo lakho jawan marwa chuki hai koi sharm nhi hai or koi desh hota us desh ki waat lga deta,CAG,1
facebook_corpus_msr_356288,Sarkar ka kam bus ninda karna he h. Action pata ni Kb lete h .,CAG,1
facebook_corpus_msr_357195,आज सुबह ही केजरीवाल का शक्ल देख लिया जाने कैसा गुजरेगा मेरा दिन!😢😢😢,CAG,1
facebook_corpus_msr_357204,"T20 match ka sb se bdaa fixer.. 
Jo icc t20 ke final Mai 4 pe 4six khane ke baad bhI 14crore Mai sold Ho jatai hai. Jo apne desh ko wrl cup nhi dila paya t20 Mai usse Qya ummid.. . Or aaj century maar li toh.iski waah Waah.. 😕😕😕
IPL hai...mtlb. totally fix.. Sb scripted hai... 
Or Haan is saal ka final match  dekh nA  Hyderabad  vs pune Mai hoga",CAG,1
facebook_corpus_msr_357208,Apni team jitey to theeek dusre jeetey to fix ho gya..... Aisa kbi nhi bolna chahiye agr ben stokes ne 4 sixes khaye h to usi ki vjh se usne improve kiya hai,CAG,1
facebook_corpus_msr_357209,Aree BHyi jb Cricket walo ko itna support kr tai ho tum log.khbhi army walo ko kiya.. Kashmir hamre kitne Indian sahid huwe ptaa hai kisi ko.. Or Cricket hai Yhaa kuch bhi ho skta hai batsman boundary lgaa ke over hone ke baad bhI strike pr rehta hai,CAG,1
facebook_corpus_msr_357211,Sanjay Prasad esa LG ta hai IPL walo ne tujhe adopt kiya hai.. 😅😅😅😂😂😂😂,CAG,1
facebook_corpus_msr_357219,Tik h coll krte h kaam Ho Jane ke bad rupya dege,CAG,1
facebook_corpus_msr_357223,"Aise Sapne kabhi sach nhi hote .....
Sapne ....sapne hi rah jate h",CAG,1
facebook_corpus_msr_357245,"Bhai 11.5 cr..... .nhi 14.5 crore. . ...

Shayad apko acche se pata nhi",CAG,1
facebook_corpus_msr_357246,Pata sab h bhai lekin exect thodi yad rahta h....,CAG,1
facebook_corpus_msr_357250,Ho sakta hai savere tm duniya se bahar ho jaoo,CAG,1
facebook_corpus_msr_357252,kaunsa duniyase dekhrahe ho vai rps to 4 me hai thoda akh badakarke dekho jals,CAG,1
facebook_corpus_msr_357266,आज के दिन ही दीनी इंजीनियर श्री लादेन जी को पोर्न देखते हुए अमरीका ने सलटा दिया था😄😄,CAG,1
facebook_corpus_msr_357313,Achha hota ghodse sahab usse ajadi se pehle mar deta to achha hota,CAG,1
facebook_corpus_msr_359608,bakWas team ka bakWas captain jo 300 runs rest me banane ke bad kbhi performance nahi dikhaya,CAG,1
facebook_corpus_msr_359815,"कटप्प्पा ने बाहुबली को क्यो मारा था अगर जान गए हो तो ज़रा इन सवालों पर भी ग़ौर कर लें !!

तीन साल में 

1- कितने करोड युवाओं को रोजगार दिया ?
2- गंगा मैया कितनी साफ हुई ?
3- बुलेट ट्रेन के कितने कोच तैयार हुए ?
4- मेक इन इंडिया का क्या परिणाम रहा ?
5- कितने दागी नेता जेल गए ?
6- धारा 370 पर क्या हुआ ? 
7- कितने कश्मीरी पंडितों को उनके घर मिले ?
8- डीजल पैट्रोल कितने सस्ते हुए ?
9- मंहगाई कितनी कम हुई ?
10- आम जनता के लिए क्या किया गया ?
11- लाहौर और करांची पर कंहा तक कब्जा किया ?
12- सेना को कितनी छूट दी गई ?
13- चीन थर थर कांपा क्या ? 
14- देश ईमानदार देशों की श्रेणी में आया क्या ? 
15- किसानों की फांसी बंद हुई क्या ? 
16- जवानों का खाना सुधरा क्या ? 
17- बिहार को 125 लाख करोड़ का पैकेज दिया क्या ? 
18- अलगाववादी नेताओं की सुविधाएं बंद की क्या?
19- ओवैसी और वाड्रा जेल गए क्या ? 
20- मोदी के विदेशी दौरों से कुछ फायदा हुआ क्या ? 
21- राम मन्दिर बना क्या ?
22- गुलाबी क्रांति गौ हत्या रुकी क्या ?
23- डॉलर का मूल्य रूपये के मुकाबले कम हुआ क्या ?
24- कितने स्मार्ट सिटी तैयार हो गये ?
25- कितने गाँवों की काया पलट हुई संसादों के गोद लेने से ?
26- महिलाओं पर अत्याचार रुक गया क्या ?
27- बीफ एक्सपोर्ट में भारत को एक नम्बर किसने बनाया ?
28- 100 दिनों के अंदर विदेशों से काला धन आया क्या ?
29- कितने लोगों को 15 लाख मिले ?
30- नोटबन्दी से आतंकवाद और नक्सलवाद का कमर टूटा क्या ?
31- देश के अंदर से घूसखोरी बंद हो गई क्या ?
32- भारत में कितनी खुशहाली आई ?
33- स्वच्छता अभियान का क्या परिणाम रहा ?

बाकी जो छूट गया हो,  वो आप एड कर लो,और ढूंढो!!!",CAG,1
facebook_corpus_msr_359817,Be chuche sainko ki shadat pr rajniti nhi hoti thik hai,CAG,1
facebook_corpus_msr_359818,Itne sal kha tha tu....70 sal Ka hisab tje 3 sal m chaiaye ..,CAG,1
facebook_corpus_msr_359823,मोदी जी से एक बात पूछनी है कि मुसलमान हिंदुस्तान को रास्ता दिखाएगा तो फिर पंचर कोन बनायेगा हमें यह बात बताओ जय श्री राम वंदे मातरम आपक,CAG,1
facebook_corpus_msr_359825,abe tum to sarkar me congress ki nakami ki wjh se aaye the ab 70 saalo ka rona q ro rhe ho jo wade kiye the unka kya hua,CAG,1
facebook_corpus_msr_359826,"कुछ मुल्ले बेवकूफ होते हैं, इनको ज्यादा भाव नहीं देना चाहिए, वरना अपनी औकात भूल जाते हैं ये",CAG,1
facebook_corpus_msr_359830,"सारे मुस्लिम आतंकी नही होते... 😒
...

...

...

...

...

...
....

कुछ की अभी ट्रेनिंग चल रही है। 👍😂😜",CAG,1
facebook_corpus_msr_359832,Jab tak tm jaise MULLE Hai Kuch nhi ho skta hai,CAG,1
facebook_corpus_msr_359834,Virodh isliye kyuki teen talak futah beef per chabuk chl gai na to sali ki lal hai,CAG,1
facebook_corpus_msr_359838,70 year me kya diya aap ki amma soniya ne,CAG,1
facebook_corpus_msr_359845,Hum puncher wale ho ke v hamari masjide kitni alishaan khubsurat hoti hain aur tum government job wale hoke v tumhari mandire 😂😂😂😂,CAG,1
facebook_corpus_msr_359846,Kuch kiya ho ya naa kiya ho Magar agli sarkaar bhi modi ki hai bhai..,CAG,1
facebook_corpus_msr_359853,Dosto Narendra Modi ke nam se en sabki fat kyo jati h.,CAG,1
facebook_corpus_msr_359854,मैं जवानों पर हमले की कड़े से कड़े और ज़्यादा कड़े शब्दों में घोर निंदा करता हूँ।😀😀😀,CAG,1
facebook_corpus_msr_359857,ye sawaaal modi govt ko nahi apne aaap ko puchho....kya ye samasyaaye modiji kee den hai .....nahi sattarrr saal ka badhaaal shhashan kee cheekhe hai ye....,CAG,1
facebook_corpus_msr_359858,पैड है ये कितना नोट मिलता है तुझे मोदी के या देश के विरुध्ध प्रचार का,CAG,1
facebook_corpus_msr_359861,"७० सालो से किस मॉद मे सो रहा धा ,??   कश्मीर को नेहरू ने मुल्लाघाटी बना कर नाश कर दिया तब  चुप क्यो ..पत्थर बाज पर चुप क्यो ..आंतक के जनाजे पल चुप क्यो ....पाक के झंडे पर चुप क्यो हलाला पर चुप क्यो तलाक मुताह पर चुप क्यो ............??   बोलते कब हो जब नक्सली मारते है .....जब कन्हैया भारत के टुकड़े का नारा  गाता है तब साथ ..क्यू ..... .         जब इन सवालो पर तुम लोग चुप तो हम भी चुप ........??  साथ     होते सच का साथ ..हमेशा देते    तो हर मुद्दो पर साथ मे आवाज उठाते ????????",CAG,1
facebook_corpus_msr_359864,Ye swal Congress se sp se bsp se puch ki yahan aj tk ye kaam kyon ni hue,CAG,1
facebook_corpus_msr_359866,अबे मुल्ले नाइ सोजा कल तूने मेरे बाल काटने है😄,CAG,1
facebook_corpus_msr_359867,50-50 बच्चे अल्लाह की देन है तो रोटी कपड़ा और मकान देना सरकार का फर्ज कैसे है बे॥🤔😁😂😂😝😝,CAG,1
facebook_corpus_msr_359870,jo log bat bat pe hum muslimo ko bhgane ki dhamki de rhe h bete hm b tayar hai,CAG,1
facebook_corpus_msr_359875,Ye Sab kam upne ap ho jayega jab Bharat Hindurastra ho jayega,CAG,1
facebook_corpus_msr_359877,"इधर मोदी जी ने कहा कि मुस्लिम युवा 
आगे का सही रास्ता दिखाएंगे उधर 
पटना के एक मदरसे में बम बनाते 
हुए चार बच्चे जख्मी हो गए.... 
😆😄",CAG,1
facebook_corpus_msr_359887,kyu mullo ko chaiye roj ej mulli fhir talak talak talak  isliye inki jalti hai,CAG,1
facebook_corpus_msr_359888,"भारत ने पिछले 60  सालों में तरक्की भी बहुत की है और भूतपूर्व प्रधानमंत्रियों ने कई इतिहास रच दिए हैं जिसकी वजह से भारत आज एशिया की दूसरी सब से बड़ी ताकत है।

• जब मोदी पैदा भी नहीं हुए थे---
तब तक देश पाकिस्तान से एक युद्ध जीत चुका था..

• मोदी जब बोलना भी नहीं सीखे थे,
तब तक भारत दुनिया का सर्व श्रेष्ठ संविधान बना चुका था...

• मोदी जब घुटनों के बल चलना सीख रहे थे,
तब तक भारत एशियाई खेलों की मेजबानी कर चुका था...

• मोदी जब गुल्ली डंडा खेलते थे...
भारत में भाखड़ा और रिहंद जैसे बाँध बन चुके थे...

• मोदी जब स्कूल में किताबें पलट रहे थे
तब देश भामा न्यूक्लियर रिसर्च सेंटर का उद्घाटन कर चुका था..

• मोदी जब लालटेन जलाना सीख रहे थे
देश में तारापुर परमाणु बिज़ली घर शुरू हो चुका था...

• मोदी को कपड़ा पहनना नहीं आया था...
जब देश में कई दर्जन AIIMS, IIT, IIMS और सैकड़ों विश्वविद्यालय खुल चुके थे..

• मोदी जब अपनी नाक पोंछना भी नहीं सीखे थे तब नेहरु ने नवरत्न कम्पनियाँ स्थापित कर दी थी...

• मोदी पाकिस्तान के खिलाफ एक के बदले दस सिर लाने की बात करते हैं आज, लेकिन खुद नवाज शरीफ का जन्मदिन मनाते हैं

• मोदी जब स्कूल में इतिहास पढ़ रहे थे
पंडित नेहरु पुर्तगाल से जीत कर गोवा को भारत में मिला चुके थे...

• मोदी की अक्कल दाढ आने से पहले...
नेहरु जी ने ISRO (Indian Space Research Organization) की शुरुआत कर दी थी...

• मोदी की पूरी दाढ़ी मूँछ उगने से पहले,
भारत में श्वेत क्रांति की शुरुआत हो चुकी थी..

• मोदी जब हाफ पैन्ट पहन रहे थे..
देश में उद्योगों का जाल बिछ चुका था..

• मोदी जब अर्थशास्त्र का abc नहीं जानते थे (वैसे अब कौन सा जानते हैं, सीमेंट बोरी 120/-), तब भारत में बैंकों का राष्ट्रीयकरण हो चूका था..

• मोदी जब कानूनी रूप से वयस्क हुए,
तब तक इंदिरा जी ने सिक्किम को देश में जोड़ लिया था....

• मोदी जब अपनी पत्नी को छोड़ कर घर से भागे थे तब इंदिरा जी ने पहला परमाणु विस्फोट कर लिया था ...

• जब मोदी अपनी माँ को बिना बताये घर से निकल लिए थे
तब तक देश अनाज के बारे में आत्म निर्भर हो गया था.

• मोदी को जब सायकल चला रहे थे ...
भारत हवाई जहाज और हेलीकाप्टर बनाने लगा था...

• मोदी को जब बोलना नहीं आता था
राजीव गाँधी ने रोज एक टीवी टावर का उद्घाटन करके देश के घर घर में टीवी पहुंचा दिया था।

• मोदी जब संघ कार्यालय में झाड़ू लगाते थे,
तब देश में सुपर कम्प्यूटर, टेलीविजन और सुचना क्रांति ( Information Technology) पूरे भारत में स्थापित हो चुका था..

• मोदी जब गुजरात में केशुभाई पटेल और शंकर सिंह वाघेला के ख़िलाफ साज़िशें रच रहे थे,
तब देश में आर्थिक उदारीकरण मनमोहन सिंह जी ला चुके थे..

• जब मोदी प्रधान मंत्री पद की शपथ ले रहे थे
तब तक भारत सर्वाधिक विदेशी मुद्रा के कोष वाले प्रथम १० राष्ट्रों में शामिल हो चुका था

• इनके अलावा..
चन्द्र यान,
मंगल मिशन ,
GSLV,
मेट्रो,
मोनो रेल,
अंतर्राष्ट्रीय हवाई अड्डे,
न्यूक्लियर पनडुब्बी,
ढ़ेरों मिसाइल,पृथ्वी, अग्नि, नाग
दर्जनों परमाणु सयंत्र,
चेतक हेलीकाप्टर, मिग
तेजस, ड्रोन, अर्जुन टैंक, धनुष तोप,
मिसाइल युक्त विमान,
आई एन एस विक्रांत
विमान वाहक पोत......

ये सब उपलब्धियां देश ने मोदी के प्रधानमंत्री बनने के पहले हासिल कर ली थी.

अपनी आँखें खोलो..
जानकारी से मुँह मत मोड़िये।
किसी भी नेता को अपना भगवान मत बनाइये।",CAG,1
facebook_corpus_msr_359890,duniya m notnkibaj h to india m or vo modi h.... desh ki janta or hamre javan or kisan sab ko pagal bana raha h.... kar kuch nhi raha h bas muslamno ke kilaf kuch na kuch bo kar waw wahai lut raha h.... dekhte h kab tk calega.... desh barbaad ho raha h or kuch nhi....,CAG,1
facebook_corpus_msr_359895,Pakistan ke post ko udaya......to in  pakistanioki to jalegi hi.......,CAG,1
facebook_corpus_msr_359908,Abe ye avi 1947 me hi h bhai ye cong nhi h jo des badalne me 60 saal legi ar fir v kch nhi kr paygi ye beta modi sarkaar h  ab tu 3 saal me kya America ki barabri krwaega kya 😂😂,CAG,1
facebook_corpus_msr_359917,"Irfan Nagori bhai tum ek jaam kro tum pakistaniyo ke kate sar Gino 1 ke badke 10.....hamare kitne sainik sahid huye hai usme 10 ka guna karke ginte jaao...
Lekin ye sar 2019 ke baad kate jayenge abhi sarkar prachar me vyast hai...",CAG,1
facebook_corpus_msr_359921,अच्छा लगता है।      मोदी का  डर  तुम्हारे  आदर देखकर ।,CAG,1
facebook_corpus_msr_359923,Deepak Kumar Gkp behas kar or jit kar bata islam ko bich mai mat la agar dam he to sabit kar ye sab jut he,CAG,1
facebook_corpus_msr_359926,अब तो ये 100 % क्लियर हो गया की ये मुल्ले अल्लाह के आलावा ये कॉंग्रेस की भी इबादत करते है !!!,CAG,1
facebook_corpus_msr_359931,Ye sab Nathuram Godse k samarthak hain...  Enko kabhi sardar bhagat singh se problem hogi...  To kabhi gandhi ji se.....  En Dogle logo ko etni bhi sharam nai ki jis gaandhi ko gaali dete ho usi gaandhi ji k saamne Modi ji blkl dandwat khade hote hain...  Gazab k andhbhakt hain......,CAG,1
facebook_corpus_msr_359934,Hanna burai kar BJP ki kiuki teri burai se hum Hindu jo aapas me alag alag they ab sab ek hi gay hai. ...,CAG,1
facebook_corpus_msr_359939,अरे तुमको कहाँ देश की फिक्र है होती तो सोउडि जाने से अच्छा हिंदुस्तान की आर्मी मे भर्ती होते तुम !!! लेकिन इज्जत की रोटी से जयदा तुमको सोउडि की जहालत की रोटी पसंद है तुम मुल्लो को,CAG,1
facebook_corpus_msr_359940,"मुँह तोड़ जवाब दे दिया

पार्टटाइम रक्षा मंत्री अरुन जेटली के मित्र चैनल इंडिया टीवी ने दे दिया

दो बंकर तबाह भी कर दिये(दिल्ली की सड़क पर खड़े संवाददाता मनीष प्रसाद की बार्डर से लाइव रिपोर्ट )

अभी जी न्यूज़ और सुदर्शन न्यूज़ नहीं देख सका , हो सकता है लाहौर ख़ाली हो रहा हो !

आप लोग चैन से सोइये",CAG,1
facebook_corpus_msr_359942,Tasvir me mullo se paida log jawano pr pathrao karte huye,CAG,1
facebook_corpus_msr_359943,pahele Congress puchoo 60 sal ma kya kiya ki 3 sal ka puch rahe ho,CAG,1
facebook_corpus_msr_359944,Tum jitni burai karo ulta uska value growth kar rh hai tum kisi ko mana karo uske peccha maat jao log aur jayege lag raha hai ye baat tum abhi samjhe nhi,CAG,1
facebook_corpus_msr_359951,Ek mulli sena ke jawano ko pit ti hui...ye pakki mulli ki bachchi hogi,CAG,1
facebook_corpus_msr_359956,"Sun lo pak k bhakto is baar jung huee to ye Pakistan walo ko apni jammen kharid kr kabbr bnani padhegi 
Fir krte rhna ek tha Pakistan 😂😂",CAG,1
facebook_corpus_msr_359960,Apne desh se bht pyaar krta hu ye kam h kya?,CAG,1
facebook_corpus_msr_359971,60 salo se Kiya bullet train m hi ghum Raha tha,CAG,1
facebook_corpus_msr_359973,Bhai Pakistan m abi nhi guse par jab tak Pakistan kud na bole k etne mar gye tab tak india rukna nhi chaaeye ab ye news wale sach bol rhe hai ya joot midiya bik gye hai kis par barosa kare Pakistan kud bole ke bas karo tab yakien hoga kuch huwa hai nhi to baat me dam nhi lagta,CAG,1
facebook_corpus_msr_359999,Aatnko funding me jinda rhne walo masjido k aage bi kuch soch lo to aage ki pidi puncher dadi bal na bnaye.,CAG,1
facebook_corpus_msr_360000,"जो लोग
राष्ट्रगान में खड़े नही हो सकते
वन्दे मातरम् गा नही सकते
सूर्यनमस्कार कर नही सकते
भारत के संविधान को मानते नहीं
भारत माता की जय बोल नही सकते

ऐसे गद्दारों को 
भारत में रहने का कोई हक नहीं है

 वंदे मातरम भारत माता की जय  
🇮🇳🇮🇳🇮🇳🇮🇳🇮🇳🇮🇳",CAG,1
facebook_corpus_msr_360010,sala dil ko tasalli dene k liye fenk rha h,CAG,1
facebook_corpus_msr_360011,Maine tko comments  krne ko bola kya sach kya hai ja kashmir mai kkk,CAG,1
facebook_corpus_msr_360012,Morng mai jo hamre army walo ke saath hua wo kya tha,CAG,1
facebook_corpus_msr_360013,Ab ye hua to kyo itni jalan ho ri hai,CAG,1
facebook_corpus_msr_360019,Are 100 bat ki ak bat ...ab agli bar ...badlo Modi sarkar,CAG,1
facebook_corpus_msr_360022,Maro  or video bnao salo jab ykeen ayga  nai to  sab  jhoot   he,CAG,1
facebook_corpus_msr_360026,Tum log sudhar jao to aisi nuabat nhi ayegi... Bharat ke Musalman hi to hai jo Desh ke Ander atank faila rhe hai...,CAG,1
facebook_corpus_msr_360033,Jinke army wale mare unko kam dukh hua wo chupa rhe hai bt hamre india mai jyada aag lgi hai kuch logo is bat ko juth dikhane ke liye lage huye Jitendra Gangwar,CAG,1
facebook_corpus_msr_360035,gira to india bhi sakta h lekin dusre hi den kejri mamta rahul lalu or ek pura ka pura dharm is ghatna ko na jane konsa rang de denge...   insan bahar k dushmano se lad skta h lekin ghar k gaddaro ka ky,CAG,1
facebook_corpus_msr_360036,To agar gira diya to kaun si unki wajah se agle din khana ni milna khane ko....Shor karege...Aaj tak kaun sa kam kiya h....Ladna kisko h inse ....Bus ignore karna h...Jo AAJ TK KIYA H...Kejri ko ignore kiya ...Delhi m...Kya kya bol raha th...Modi ko kya kya na bola...To ignore kiya....Or public ne de diya maza mcd election m.....Ab saamne a gaya...Aarop ki raajniti....Ki wAjah se hari ap...Bus.,CAG,1
facebook_corpus_msr_360037,bhai mere m to bs kuch naam hi btaya hu agar inko gin k btau to 20  crore vishes dharm k or 20 crore seculer vampanthi yani 40 crore se bhi jyada log hote h ye,CAG,1
facebook_corpus_msr_360038,Sanj Eev indian abhi itna strong nahi haa.. yaha raaj bhi toh dekhlo kin logo ne kia haa,CAG,1
facebook_corpus_msr_360041,Mai to kahata hu border pe sainiko ki bajay 1 week tak Jumlebaj Feku ko rakh lo. Feku ke Jumlebaji se hi Pakistan 24 ghante me surrender kar dega.,CAG,1
facebook_corpus_msr_360043,अगर जनता कुछ मांग करे तो मोदी भक्त यही बोल के टाल देते है कि राहुल ममता नितीश अखिलेश इनका विरोध करेंगे जब इनसे इतनी फटती है तो कहे प्रधानमंत्री बन गए,CAG,1
facebook_corpus_msr_360048,सरकार सिर्फ निंदा करता है और कुछ नहीं करता ।,CAG,1
facebook_corpus_msr_360053,Srkar sirf ninda nhi uske sath bht kuch kr rhi h ..   Isse pehle ki srkar to kuch bhi nhi krti thi,CAG,1
facebook_corpus_msr_360056,Ab kuch log objection uthayenge ki kyu mara masumo ko... Ye wohi log honge jo Modi ko bhot dino se gaaliya de rhe hai,CAG,1
facebook_corpus_msr_360059,"किसी ने नोटिस किया कि पोस्ट मे सारे मुसलमान एक दो को छोड़कर फिर से सबूत मांगने बैठ गये अपनी सेना पर जिसे विस्वास ना हो क्या उसे अपने माता-पिता  पर होगा
धिक्कार है ऐसे लोगो पर
शर्मनाक",CAG,1
facebook_corpus_msr_360061,"To kya pakistan bole ga to hi  manoge.....
Ab to lagta hain army o k sath 2,1 camera man v bej na padega.....inko sabut dene k liye....",CAG,1
facebook_corpus_msr_360071,"Lav kush kumar tumari problem modi h,tume koi fark nahi parta sainik mare ya jiye...army ka dgmo aakar bolta h ki surgical strike h usko bhi tumlog galat bolte ho....tum log modi ke andh virodh mai desh ka nuksaan karte ho",CAG,1
facebook_corpus_msr_360073,Bhai modi koi 100yr tak pm nahi rahega lekin desh rhena chaiye ..koi dusra pm ban jaayega to hum porkistan ka kya ukhaad lenge...1947 se aajtak apna kashmir wapas nahi laa paaye aur tibet bhi gawa diya....,CAG,1
facebook_corpus_msr_360075,"Modi se nafrat ha ab fauji hamne shahed hte dekhe ha hmare jammu aur kashmir ki raksha ke liye ruzana fauji shahdat derha ha

Kyu na kare bhai pyar fauj se idar fauj ko gali du ake jammu me 
Tmhari nasle hiladenge yha ke loag kashmir to bas modi ne sir pe chada rakha ha ek din army rule lagau hmare jk me uske bad shayd koi pathar utbhayega",CAG,1
facebook_corpus_msr_360081,"Ankur Jain army ki har  strategy perfect ha vo loag dhokhe se hamla krnege to army kya kre
Tere ko koi piche se mare tune kya krlena ha
Aur army agr direct marna start kregi to army unkr pass b ha jang ke halat bnege aur use hmare zada nauksan huga kyuki unka desh vaise he khali ha
Army aise he koi action mhe leti",CAG,1
facebook_corpus_msr_360082,"Lav kush ha bilkul usne pore india me sarkar bnanai ha jaise b bnaye 
Tabi to itne loag marrte ha gau rakhsak ke nam pe
Dharam pe ladaiya lagwadi fauji shaheed krwadiye",CAG,1
facebook_corpus_msr_360083,Kab ladwaya hindu muslim ko? Ye log hi apna khun jala rhe hai jab se Modi PM bana. Koi ek esi bat bata do jo modi ne boli ladwane k liye,CAG,1
facebook_corpus_msr_360085,Lav kumar apni rajniti band karo mia..yha sainik mar rae h tum faltu ki bakwas karte ho...modi ko fir kabhi kosh lena,CAG,1
facebook_corpus_msr_360087,"Modi mms sonya rahul se desh nahi chalega,goli army ko hi chalani h...",CAG,1
facebook_corpus_msr_360089,Inko koi fark nahi parta koi sainik mare ya jiye..inko sirf modi virodh se matlab h....bhai election mai modi ko vote mat dena...sainiko ke shaas ko kiu kam karte ho,CAG,1
facebook_corpus_msr_360090,"Lav kush tum rote raho....janta ne janadesh de diya....up ki 325  seats jitne ke baad loksabha ka election chota sa h.... .hmari to ek hi khwaish h ki porkistan ko khatam kar diya jaaye,pm chahe koi bhi ho",CAG,1
facebook_corpus_msr_360091,yanha pe kuchh log dharm ke baare me baat kar rhe chahe unko pta na ho ki kuraan aur Ramayan me kitne page hote hai,CAG,1
facebook_corpus_msr_360100,Tameez se baat kro mahesh  rana shyad tumhare ghr me tumhe aise hi samskar mile hai,CAG,1
facebook_corpus_msr_360101,Aaj tak tumne desh ke liye kya kiya hai tun hi bta do pahle apne ander dekho ki tum kya ho. Tumhe to bharat ke consitute ka respect bhi nhi krna aata shyad tum apne ghr me apne maa baap ko bhi aisi hi galiya dete honge gud khub do Mahesh Rana,CAG,1
facebook_corpus_msr_360110,Kuch logo ki wajah se hamare desh k haalat bahut hi kharab hote ja rae hain....,CAG,1
facebook_corpus_msr_360120,Teri badi hamdardi hai Pakistan 🇵🇰 sai............bhaju kya vaha ✈️,CAG,1
facebook_corpus_msr_360121,India mein rahke Pakistan ka support kyu? Sabse phle in jaiso ko udana chahiye,CAG,1
facebook_corpus_msr_360122,Nahi shram ji bachara alpsankayak hai name sai pahlai md hai tum baker mai meri trah gussa ho rahi ho is toh funding kar Kai 🇵🇰 bhajunga.,CAG,1
facebook_corpus_msr_360125,"Dostoin muslimoin ko sabut dikhane ki zarurat Nahi hai,, na hamdardi ki",CAG,1
facebook_corpus_msr_360129,"to tum jake border par reporting kia karo, pta nhi kyu in musalmano ko takleef hoti h pakistan ke kisi aadmi par marne ki hadd h, kbhi apne desh ki bat bhi kia kro gaddar nhi to kya kahen fir bhai tumhe jab aisi bat karte , Acha ni bolna to kam de kam bura bhi mat bola karo , it hurts jab salo hamre fauzi saheed hoke aate hain or tum khte ho ye fake drama h , sudhar jao yaro , acha ni bolna to km se km aag to mat uglo",CAG,1
facebook_corpus_msr_360131,"Pakistani army ki taraf se Indian army ki do shaheedo ki vitambana.. 
Modiji : hum iski kadi ninda karte hai.. 
Rajnath singh : hum ninda karte hai.. 
Arun jetly: karara jawab denge 
Are ninda karte karte jawano / shaheedo ke naam par kaafi Chanda ekattha kiya aapne. 
Ab kuch action dikhao ya phir satta chod do..",CAG,1
facebook_corpus_msr_360132,"दाल से सस्ता दलित।
मांस से सस्ता मुसलमान ।
इंसानियत से बड़ी हैवानियत
और इंसान से बड़ा जानवर !
चौकिये मत देश बदल रहा है
बात भावनाओ या आस्था की है ही नहीं ।
==========================
बात आस्था की होती तो, चूहे मारने वाली दवा पर रोक होती आखिर वो गणेश जी का वाहन है।
बात आस्था की होती तो, सांप मारने वाले जेल में होते आखिर वो भोलेनाथ का कंठहार है।
बात आस्था की होती तो, पूरे भारत में सूअर की भी गाय की तरह पूजा होती क्योंकि वो भी तो विष्णु का अवतार है।
बात आस्था की होती तो, बन्दर प्रयोगशालाओ में न मरते। क्योकी वो हनुमानजी के अवतार है।
बात सिर्फ देश में अशांति और आपसी नफरतें फैलाकर राजनीती करने की है।
कृपया विचार अवश्य करें।
सरकारी आंकडे बताते है की INDIA मे 71% लोग गोस्त खाते हैं!
और सरकारी आंकडो के हिसाब से INDIA मे 14.2% मुसलमान हैं!
तो फिर ये बाकी के लोग कौन है ???
सोचने की बात है !!",CAG,1
facebook_corpus_msr_360136,Kailash Mehra bhai Vokto ko galiya dene ke siva kuch ata hi nehi....,CAG,1
facebook_corpus_msr_360150,"फिर आतंकी हमला, फिर सीजफायर का उल्लंघन, फिर शहादत
मोदी जी अगर आपका चुनाव जीतने का अश्वमेघ यज्ञ पूरा हो गया हो तो कुछ यहाँ भी देख लो।
वर्ना सरदार जी की चूड़ियां वही ऑफिस में कही पड़ी होगी।😏",CAG,1
facebook_corpus_msr_360151,Comments Jo likna dhang ka likho jinki bajha se aap log hum log safe hai unke upr rajniti mat kro haa ye jrur hai ki unke hath Sarkaar ne bande ho vo humara farz banta hai ki hum unka sath de Sarkaar see un k hath khulvaye or kuch log isme bhi rajniti bna dete hai Jo chain ki nind hum sote hai unhi ki bajha se sote hai.,CAG,1
facebook_corpus_msr_360152,मैं जवानों पर हमले की कड़े से कड़े और ज़्यादा कड़े शब्दों में घोर निंदा करता हूँ।😀😀😀,CAG,1
facebook_corpus_msr_360157,"Modi ka apni chori ki shaadi karda,  haa Tera papa levenga badla, saala feku ka feku",CAG,1
facebook_corpus_msr_360169,"Kyu jhooth bol kar bhartiye logo ko jhoothi tasali DE rahe ho, pak ke kisi news channels NE abhi tak ye news nahi dikhai ki unki 2 chaoki Nast hui air unke sainik maare gaye.bhartoye media dikha rha ki pak ke 7 sainik maar giraye, 7 sainik maar giraye ye gin kar kaun aya.",CAG,1
facebook_corpus_msr_360171,"फिलहाल पाकिस्तान के दो मकसद कामयाब होते दिख रहे है,,, 
ऐक सीमा पर तनाव बढाना ,, 
दुसरा भारत की जनता को मोदी जी के विरूद्ध भड़काना,,, 
यह दोनो ही मामले पाकिस्तान के पक्ष में जाते है,,, और ऐसा ही हो रहा है,,, समझने की कोशिश किजिए पाकिस्तान mind game खेल रहा है,,, और हम मोदी जी को इसलिए गालियाॅ दे रहे हैं की वह अपने कांधे पर बम लादकर पाकिस्तानियो पर नही डाल ने जा रहे,,, 
देखा जाये तो इस देश में ऐक तरह का बड़ा चुतियापा काम करता है,,, और उसको अटल बिहारी जी ने भुगता है,,, उन्होने परमाणू बम का परिक्षण किया/पाकिस्तानियो को कारगिल से खदेड़ा,,, लेकिन हुआ क्या जनता ने अटल जी को ही ठेंगा दिखा दिया,,, सिर्फ इसलिए वह कांग्रेस के बहकावे में आ गयी,,, 
आज भी यही होगा अगर पाकिस्तान से तनाव ज्यादा बढता है तो , हालात अगर युद्ध में बदल जाते है तो,,, युद्ध से ऐसा तो है नही की खुशहाली आयेगी, विनास ही होगा,,, युद्ध का असर हर चीज पड़ता है ,,, सब चीजे ठप्प हो जायेंगी , सिर्फ युद्ध ही रहैगा,,, 
और फिर जनता को हजार परेशानियो से रू ब रू होना होगा,,, 
लेकिन हम ठहरे मुफ्तखोर ,,, परेशानिया कैसे सह पायेंगे भाई,,, 
फिर पाकिस्तान से युद्ध/हमारा आज वाला जोश/हमारी दहाड़ती देशभक्ती/पाकिस्तान को खाख में मिला देने वाले हमारे मंसुबे सब चले जायेंगे तेल लेने और सब परेशानियो का भांडा भोड़ा जायेगा मोदी पर,,, बिलकूल अटल बिहारी वाजपेयी जी की तरह,,, यही सच है,,,, क्यूंकि हमारी देश भक्ती भी हमारे स्वार्थ के अनुसार बदलती रहती है,,, उसमें देश कही नही होता है,,,,",CAG,1
facebook_corpus_msr_360173,Chalo manley post ko tabah kar diya kya us say humara badla chukta ho gaya kya? Pak humarey jawano ko daily martey hai aur hum unka post tabah kar detey hai. Kya bhiyo app log sahmat hai post tabah krney per.,CAG,1
facebook_corpus_msr_360176,1 year may 250 jawan marey hai tumhara koi Marta fir malum perta dost.,CAG,1
facebook_corpus_msr_360179,media modi ko bchane k liye sutr baut dhund rahi phle sutr se btaa raha tha ki ec ne evm hack karne ka open challenge kiya hai lekin ec k taraf se aisa koi challenge aaya he nai ab to bhagwan he bchaye media ki chatukarita se,CAG,1
facebook_corpus_msr_360183,"मेरा विश्वास कीजिए जो लोग सर्जिकल स्ट्राइक का वीडियो मांग रहे थे वह भी इस जवाबी कार्रवाई कभी वीडियो मांगेंगे, कुछ  कम्युनिस्ट मोदी विरोधी इस सरकार का प्रोपेगंडा बताएंगे
 मीडिया को सरकार ने खरीद लिया है

लेकिन मुझे मेरे भारतीय सेना पर उसके सौर्य पर है तनिक भी संदेह नहीं है

मेरी भारतीय सेना किस मीडिया के मोहताज नहीं ना किसी के सर्टिफिकेट की

मैं तो बस यही कामना करता हूं कि  दो के बदले  2000 को आज 72 हूरों के पास पहुंचा दो

जय श्री राम 
शुभ रात्रि",CAG,1
facebook_corpus_msr_360187,DUKH hota Hai but yaha par Jo Kuch MULLE Hai Jo Pakistan ko support karte usse jayda dukh hota hai,CAG,1
facebook_corpus_msr_360190,Tujhe to bohot khushi hoti hongi kyuki Modiji ke khilaf bolne ko jo milta hai..,CAG,1
facebook_corpus_msr_360191,Into khusi ho rahi hai kyoki jawan marega to Modi badnam honge.Ye sab to chahte hai ki Jawan isi tarah se marte rahe taki Modi ko gali dene ka moka milega.,CAG,1
facebook_corpus_msr_360192,"पियुष तु हि एक अकेला  सच्चा भारतीय है...जवान मरने के बाद तुने दु:ख मे अपना सर फोड लिया होगा

क्योंकी दु:ख मे आदमी क्या क्या करता है कुछ पता नही चलता",CAG,1
facebook_corpus_msr_360196,"Hahahahha ab bhajpa ko Gali dene wale chuppee saadhe aur aankhein band kiye baithe honge.. 
Bhai hamle ke aadesh achaanak nahi diye jate.. samay lgta hai, fir puri taiyyari ke sath hamla hota hai..",CAG,1
facebook_corpus_msr_360197,"Ab toh sharam si aane lgi hai ...😞😞
Yaha sir kaat diye jaate or ye log post udaane Mai lagey hai ..Baar baar kbtk yhi hoga ek he baar Mai khtm kro yrr ab🙁🙁
Koi toh jagao ,,koi toh...😡😩😩😢",CAG,1
facebook_corpus_msr_360198,yoho india ne badla le liya pakistan se bht khusi hui modi g youَ r our lord  😄😄😄,CAG,1
facebook_corpus_msr_360203,"देश मे युद्ध का माहौल हो तो युद्ध और यदि शांति का माहौल हो तो अमन का रास्ता चुनना आसान होता है पर यदि देश मे  न अमन हो और न ही युद्ध का माहौल हो तब कौन सा रास्ता चुना जा सकता है ?
        ऐसे ही माहौल के लिए हमारे सरपरस्तों ने एक नया रास्ता चुना है,जिसमें दुश्मन की ईंट से ईंट बजाई जाती है,कड़े कदम उठाए जाते हैं,कड़ी निंदा की घुट्टी पिलाई जाती है,अंतरराष्ट्रीय स्तर पर दवाब बनाया जाता है,दो-चार चौकियां उड़ा कर मुंहतोड़ जवाब दिया जाता है,शहीदों का बलिदान व्यर्थ न जाने की दुहाई दी जाती है,कूटनीतिक स्तर पर दुश्मन देश को घेरा जाता है,उसे अंतरराष्ट्रीय बिरादरी से अलग-थलग किया जाता है....और भी बहुत कुछ किया जाता है जो रणनीतिक गोपनीयता के नाम पर मीडिया को बताया नहीं जाता!
‌          क्या हमें इसी रास्ते पर चलते रहना चाहिए??",CAG,1
facebook_corpus_msr_360208,Yeh der se uthaya bahaut achcha kadam hai iske liye hamareP.M.aur hamari sena badhai k patre hain aage bhi PakistN ko muhn tod jawab dena chahiye.Jai Hind.,CAG,1
facebook_corpus_msr_360214,"ये भी खोज का विषय है ... कि मोदी जी के कौन से ऐसे काम है जिनसे जनता खुश हो कर बम्पर बहुमत दे रही है? 

क्यों कि... 
ना मँहगाई घटी ..

ना किसान आत्महत्या रुकी 
ना भृष्टाचार कम हुआ 

ना गुंडाराज खत्म हुआ 
ना नोकरशाही खत्म हुई 

ना कश्मीर के हालात बदले बल्कि बद से बत्तर हुए 
ना पाकिस्तान पर शिकंजा मजबूत हुआ 
ना चीन ने आँख दिखानी बन्द की ..

ना आतंकवाद का खात्मा हुआ 
ना रोजगार बढ़े 

ना किसानों को उनका समर्थन मूल्य मिला 
ना गरीबो के लिए कल्याणकारी योजनाएं बनी ना कालाधन वापस आया 

ना नोटबंदी से लोगों को फायदा हुआ 
ना विदेशी दौरों से लाभ मिला ..

ना कांग्रेस के दामाद पर कार्यवाही हुई 
ना 2g घोटाले के दोषी जेल गये 
ना कोयला घोटाला करने वाले जेल गये 
ना कॉमनवेल्थ गेम के गुनाहगार जेल गये 

ना गंगा साफ हुई ना रेल दुर्घटनाये रुकी 
ना कांग्रेस मुक्त भारत हुआ बल्कि कांग्रेस युक्त बीजेपी हो गई ..

ना विजय माल्या को पकड़ा गया 
ना लोकपाल को पास किया ..
उल्टे RTI के अधिकार काम किये ..

ना शिक्षा के क्षेत्र में कोई सुधार हुआ उल्टे बजट कम किया ...

ना स्वाथ्य के क्षेत्र में कोई सुधार किया 
ना सरकारी हॉस्पिटल की स्थति सुधरी 

ना सबका साथ सबका विकास हुआ . . 

. तो क्या बदला 3 साल में जो जनता इतना खुश है..

 कि हर चुनाव में बीजेपी को बम्पर बहुमत मिल रहा हैं.

 और भारत मे बीजेपी एकछत्र राज की तरफ बढ़ रही है।

बीजेपी सिर्फ़ हिन्दू मुस्लिम को लडाने कि राजनीति कर रही है ..

वो भी सिर्फ वोट बैंक के लिए और सत्ता पाने के लिए। 

क्या कोई है जो इस पहेली को समझ सके आपके जवाब का इंतजार है?

 इस पोस्ट को देखकर अब बीजेपी के चमचों  बौखला के अपने मा बेहन और बाप का परिचय देंगे.. ... .. .. .. .. . धन्यवाद... .... जय हिंद।",CAG,1
facebook_corpus_msr_360215,"फिलहाल पाकिस्तान के दो मकसद कामयाब होते दिख रहे है,,, 
ऐक सीमा पर तनाव बढाना ,, 
दुसरा भारत की जनता को मोदी जी के विरूद्ध भड़काना,,, 
यह दोनो ही मामले पाकिस्तान के पक्ष में जाते है,,, और ऐसा ही हो रहा है,,, समझने की कोशिश किजिए पाकिस्तान mind game खेल रहा है,,, और हम मोदी जी को इसलिए गालियाॅ दे रहे हैं की वह अपने कांधे पर बम लादकर पाकिस्तानियो पर नही डाल ने जा रहे,,, 
देखा जाये तो इस देश में ऐक तरह का बड़ा चुतियापा काम करता है,,, और उसको अटल बिहारी जी ने भुगता है,,, उन्होने परमाणू बम का परिक्षण किया/पाकिस्तानियो को कारगिल से खदेड़ा,,, लेकिन हुआ क्या जनता ने अटल जी को ही ठेंगा दिखा दिया,,, सिर्फ इसलिए वह कांग्रेस के बहकावे में आ गयी,,, 
आज भी यही होगा अगर पाकिस्तान से तनाव ज्यादा बढता है तो , हालात अगर युद्ध में बदल जाते है तो,,, युद्ध से ऐसा तो है नही की खुशहाली आयेगी, विनास ही होगा,,, युद्ध का असर हर चीज पड़ता है ,,, सब चीजे ठप्प हो जायेंगी , सिर्फ युद्ध ही रहैगा,,, 
और फिर जनता को हजार परेशानियो से रू ब रू होना होगा,,, 
लेकिन हम ठहरे मुफ्तखोर ,,, परेशानिया कैसे सह पायेंगे भाई,,, 
फिर पाकिस्तान से युद्ध/हमारा आज वाला जोश/हमारी दहाड़ती देशभक्ती/पाकिस्तान को खाख में मिला देने वाले हमारे मंसुबे सब चले जायेंगे तेल लेने और सब परेशानियो का भांडा भोड़ा जायेगा मोदी पर,,, बिलकूल अटल बिहारी वाजपेयी जी की तरह,,, यही सच है,,,, क्यूंकि हमारी देश भक्ती भी हमारे स्वार्थ के अनुसार बदलती रहती है,,, उसमें देश कही नही होता है,,,,",CAG,1
facebook_corpus_msr_360217,"Hamare Senik kab tak shaheed honge...

Kab tak hum media Bazi...Se hero Banege

 Media ki Bato jesa zoordaar Hamla sach mei karenge KB...

 Pakistan Ko Okaat mei rakhna bhi bas ki baat nhi...

. Desh ki Janta Ko KB tak media se Bewakuuf Banwate Rahoge..

Hamara Bharat Desh kabhi maaf nhi karega.... jai hind",CAG,1
facebook_corpus_msr_360218,Sirf 12 nhi aise 1200 se bhi jayda maarne h....meri apeel h pm Modi ji se ki politics na kre aur indian army ko puri trah se freedom di jaaye taaki agli baar pakistan aankh utha kr na dekh paaye hmare pyare bharat desh pr...,CAG,1
facebook_corpus_msr_360219,Post ko tabah karne se kaam nahi chalega.  1. Ke badle....10 chahiye.  Modi ji.,CAG,1
facebook_corpus_msr_360222,"झूठ बोल रहा है 
आजतक
तुम लोगों के बात में दम नहीं है 
शर्म आनी चाहिए आप जैसे लोगों को 
अब समय आ गया है कि सेना को तख्तापलट कर माकूल जवाब देना चाहिए, 
कश्मीर क्या दिल्ली में कब्जा कर 
इन लोगो को पाकिस्तान रवाना कर देना चाहिए। 
सुप्रीम कोर्ट को भी कश्मीर जा कर फैसला सुनाना चहिये। 
अब सेना को विद्रोह कर देना चाहिए। 
अब मुझे शर्म आती है कि मैंने
भाजपा को वोट दिया। 
कांग्रेस ने अपना जमीर बेचा 
पाकिस्तान बेचा नेहरू और गांधी ने 
कश्मीर बेचा कांग्रेस ने 
शर्म आनी चाहिए इन राजनीतिक दलों 
भारत सरकार होश में आऔ 
भारत सरकार होश में आऔ 
पाकिस्तान मुर्दाबाद 
पाकिस्तान मुर्दाबाद 
पाकिस्तान मुर्दाबाद",CAG,1
facebook_corpus_msr_360225,"युद्ध क्षेत्र एकतरफा नहीं होता। खबर सच है कि उधर के सात पाकिस्तानी सैनिक ठिकाने लगा दिए गए हैं और हमारी सेना ने दो चौकियां ध्वस्त की हैं(तीसरी की भी सूचना मिल रही है ) बाकि मोदी को कोसने वाले अब प्रूफ मांगेंगे इसका! प्रूफ चाहिए हो तो कल का पाकिस्तानी अखबार पढ़िए...
और एक बात जोश में अपने प्रधानमंत्री के खिलाफ कुछ ऐसा मत लिखिए की बाद में अपने ही शब्द खुद खाने पड़ें ....किसी की अग्निपरीक्षा एक बार ली जाती है बार बार नहीं ...और आपका प्रधानमंत्री आपकी कई अग्निपरीक्षाओं में पास हुआ है । विश्वास रखिए ।",CAG,1
facebook_corpus_msr_360226,"देखिये आप मुद्दे से भटक रहे है..
असल मुद्दा देश सुरक्षा थोड़े ही है ,
असल मुद्दा तो - गाय, अजान,तलाक,लव जिहाद,  खतरे में हिन्दू, ये सब है।
आप ऐसे बेवफाई नहीं कर सकते। ☺☺",CAG,1
facebook_corpus_msr_360231,"Ha ha ha. Sahi kahe ho badnam 
Post uda diye hai lekin abi inko sutr se pata chala hai",CAG,1
facebook_corpus_msr_360235,"Acha ha ha ha ha 
Kl hi merath se ek sajjan krnal pakde gaye hai Kumar jii 
Sayad  wo gaddar nhi hai 
Are yaar tum log apne bhagwan se drte v ho ki nhi kuch bolne se pehle",CAG,1
facebook_corpus_msr_360236,Pakistan ki sena k jawan sarkar se bagair puchhe Indian Army k jawano ko maarte hain aur india mein ghusne ki koshish karte hain kya hamare jawan aisa nahi kar sakte har bat sarkar se puch k karna zaruri hai,CAG,1
facebook_corpus_msr_360238,Hamare ander yahi to kami h ke gaal aage kr dete h aur wo jab thappad marte h tb javab dete h.....baap bache se pit raha h aaj......bigde bache ko sambhal nhi paa raha hamara desh....,CAG,1
facebook_corpus_msr_360239,मनोहर पर्रिकर जैसे रक्षा मंत्री को बस सत्ता के लालच में पद से हटा कर इस जेटली जैसे गधे को मंत्रालय दे दिया गया। इतनी विपरीत परिस्तिथियों में हमारे पास स्थायी रक्षा मंत्री तक नही है। मोदी जी ये पद अजीत डोभाल को दे कर छोटे नही हो जाओगे।,CAG,1
facebook_corpus_msr_360241,"शहीदों हम शर्मिंदा हैं ..करने को सिर्फ Kadi निंदा है, लेकीन कातिल जिन्दाँ है!!!हामको पुरा पर्किस्तान नरकिस्तान बनाना है!! चुन चुनके गीदड़ो को ठोकना है!! आतंकीस्तान को पुरा बर्बादीस्तान बनाना है!! जयहिन्द!!",CAG,1
facebook_corpus_msr_360242,"जो लोग
राष्ट्रगान में खड़े नही हो सकते
वन्दे मातरम् गा नही सकते
सूर्यनमस्कार कर नही सकते
भारत के संविधान को मानते नहीं
भारत माता की जय बोल नही सकते

ऐसे गद्दारों को 
भारत में रहने का कोई हक नहीं है

 वंदे मातरम भारत माता की जय  
🇮🇳🇮🇳🇮🇳🇮🇳🇮🇳🇮🇳",CAG,1
facebook_corpus_msr_360248,Pardeep gupta ji bhart mata h to baap kon h.aap jese log hi to bhart ko bhart nhi bnne dete usko mata bna kr.,CAG,1
facebook_corpus_msr_360266,Keval Post tabah karne se sahido ko nyay nh milega kitne porkistani mare yeh batao,CAG,1
facebook_corpus_msr_360268,sarkar bekar h. modi ko satta chahiye thi mil gyi. ab marne wala mare. kisi ko kya farq padta h. mera 1 vote kharab gya...,CAG,1
facebook_corpus_msr_360269,कबतक चलेगा ऐसा बहूत हुआ भारती सेना को भी जबाब देना चाहीए  रोज हमारे जवान शहीद हो रहे है एसा ही चले गा तो लोगो का मनोबल  टुट  जाऐगा,CAG,1
facebook_corpus_msr_360270,ये हिन्द की सेना है। उसे तो अपना बदला लेना है। अब सरकारों के कर्म चाहे कैसे भी रहे हों।,CAG,1
facebook_corpus_msr_360271,"3 sal se  kah rahe he 
Jabab dege 
Sakhti karege
Sabak sikhayege
Chodege  nahi 
Badala lege 

Lekin 2019  chunab ke time  Abhi to. Bas 
Santi se raho",CAG,1
facebook_corpus_msr_360273,"Pakistani border action force (BAT)
Loc se 200mtr andr hamare india me aakar hamare 2 javan ke sar katkar le jata he....or ham or hamari sarkar kuchh nahi kar rahi..sirf bate or juthi afvah or ninda...shame on an indian",CAG,1
facebook_corpus_msr_360275,Jab tak MODI PM nhi tha tab hum sbhi sochte the kuch krega jitega to pakistan or desh k gaddaro k khilaf war karga but ye to congress ka bhai nikla desh k jawan marne k liye bharti nhi hote MODI Ji kab tak andhe behre hoker bethe rhoge,CAG,1
facebook_corpus_msr_360279,आज जादा मिल गया किया मीडिया वालो को  जो मोदी आब चार माह निकल जाएगी मीडिया....मोदी मोदी का जाप करेंगे जय भीम,CAG,1
facebook_corpus_msr_360280,yaha baat desh ki ho rahi h sena ki ho rahi h aur tum logo ko only modi ji hi dikhte h,CAG,1
facebook_corpus_msr_360281,"कोई नही मोदी जी आप बदला लोगे ये हमे विश्वास है , क्योंकि आप दुश्मनो को आराम आराम से मारते हो और अंदर घुस के मारते हो ,आपके बाद आपकी कुर्सी पर एक और आपका शेर जल्द आएगा , जिसकी रफ्तार इतनी है कि वो न ही किसी की सुनता ,ना ही किसी को सबूत के लिए कोई बयान देता ,और ना ही किसी काम के लिए इंतेजार करता , वो अंदर घुस के मारेगा नही सीधा दुनिया की नजरों से उस मुल्क को अदृश्य कर देगा क्योंकि वो अपनी जिंदगी में सिर्फ इजरायल को अपना आदर्श मानता है और उसी के तर्ज पर काम भी करता है। मोदी जी आप बाहुबली 1st पार्ट हो और वो बाहुबली 2nd है , 2014 में आप रिलीज़ हुए ,2024 में वो रिलीज़ होगा ।",CAG,1
facebook_corpus_msr_360282,Ghnta post ko tabha Kiya ye ajj Kal media khuch jyda hi jhuti news bana Kar logo ko gumrah karti Hai post tabha karne SE Kya hoga sala agar koi hamre sanik PE hath uthye t pura Pakistan tabh Kar do tabi salo Mai aqal aayegi .,CAG,1
facebook_corpus_msr_360289,"Lahu ki jab jarurat ho watan awaaz de dena 
Kafan hatho me lekar har 
Ghari tayyar baithe hai",CAG,1
facebook_corpus_msr_360292,Koi dekha nahi sirf media janti hai bjp wala sab jhoote boltey hai,CAG,1
facebook_corpus_msr_360293,"56 "" inch  ka. Ser ka  
Sina kaha he 
Bo kebal chunab me public ko 
Bebkof  banae ko tha",CAG,1
facebook_corpus_msr_360295,Koi bhi feku se ek bhi statment nehi aya ye order de diya only money govt na kisan ka jawano ka khali muhnke bal bhashan ka,CAG,1
facebook_corpus_msr_360297,ek do post udaane se kuch nahi hoga...hamare log marte hi rahenge...isse acha ek baar hi mein final kar lete hain,CAG,1
facebook_corpus_msr_360303,Ye chor media fir apne aka modi ko bachane aa gaya. Enka to khoon hi pani ho gaya hai dalali karte karte.,CAG,1
facebook_corpus_msr_360305,Jhoote mediya sab bjp ke chal hii jo bole ge wo he khaye ge mediya,CAG,1
facebook_corpus_msr_360306,"Ye sab news bakwas h ki post tabah ho gaye ,ab to war kni h pakistan se.",CAG,1
facebook_corpus_msr_360308,Aapko to kuchh karna hai nai bs ek bar aap army head ko apne tarika se karne chhut de di,CAG,1
facebook_corpus_msr_360309,Ye modi ji kuchh karte to hai nai bs apne jawano ko sahid hone ke chhor dete hai,CAG,1
facebook_corpus_msr_360311,"ऐसे लोग इंसान होते हैं,यकीन नही होता हैं ,इस से बेहतर तो अब जानवर हो गये हैं।ऐसे लोगो को मरने के भी शांति ना मिलेगी।",CAG,1
facebook_corpus_msr_360313,Chalo bhai midea KO 3 din ka masala mil gaya  mass sukma ke saheedo pe v 2 din chalaya hota,CAG,1
facebook_corpus_msr_360314,"भारत का आँचल स्वच्छ रहे ,हम दागी भी हो सकते है,
दिल्ली गर यूँ ही मौन रही,हम बागी भी हो सकते हैं,",CAG,1
facebook_corpus_msr_360315,Ye roz roz ki nautanki band karo modi ji aar ya paar karke dikhao america ki tarha jai hind jai bharat,CAG,1
facebook_corpus_msr_360317,"Lo bhai modi ka dalal phir logo ko batane laghe, haa ki feku na badla la liya",CAG,1
facebook_corpus_msr_360319,"अब सौ गय सारे देश भक्त कहा गई देशभक्ति। 
मेर सभी देशवासियों सबको एक होने का वक्त आ गया है कि इन भर्शट नेताओं पर जुता मरने का।यह बस नोट और वोट बटोरने के लिए है बस",CAG,1
facebook_corpus_msr_360320,Kuch nahe kar sakte ye kuch bhe tu nahe baas ninda karwalo inse phool chada denge. Jago Bharat sarkar jago sarm aani chahiye hamare desh ke leader ko.,CAG,1
facebook_corpus_msr_360325,"Jab tak ABP News h, pakistan isi tarah barbad hota rahega...jai ABP",CAG,1
facebook_corpus_msr_360326,सबुत दिखाओ कहने वाले नेता ओर  भक्तों को हमारे जवानों की साहादत पर अब दुःख होता है। मेरा देश बदल रहा है।,CAG,1
facebook_corpus_msr_360331,"Pakistan ke kitne log mare gae ,ABP news ye batae ,media bhi jumla dena sikh gya hai",CAG,1
facebook_corpus_msr_360332,Jawan bahut mar chuke h buna baat ke ...ab to modi jo kycch karna chahiye nhi to janta kar degi,CAG,1
facebook_corpus_msr_360335,Sir agar jawab nahin de sakte to kursi chhod do. Chauki uda k Kuch Mila,CAG,1
facebook_corpus_msr_360336,बेशक़ हमने 1971 में पाकिस्तान को बीच से चीरकर बांग्ला देश बनवाया मगर उसकी शुरुआत भी कूटनीतिक मोर्चे से ही हुई थी। आज पाकिस्तान जिस तरह पूरी बदनीयती पर उतरकर  आतंकवाद को अपनी नीति बनाकर भारत को एक हजार ज़ख्म देने की अपनी योजना पर कार्य कर रहा है उसका हमें उसी की तर्ज पर माक़ूल ज़बाब देना है ।,CAG,1
facebook_corpus_msr_360337,Jitne bhi hindu samaj ke logo ne pakistan par comment  kiya hai  sahi hai kiya lekin apni aakhe kholo dono desh ke jawan hi kiu marte hai sirf gandi rajniti ki wajh se india ki rajniti achi hoti to naksalwad ya pakistan aankh utha bhi na dekhta  modi khud pakistan jakar murgmusallam khate .chor chor mousere bhai .,CAG,1
facebook_corpus_msr_360339,"Hamesa ehi sunne ko ata hai ki India ne pak ko karara Jabab diya hai.
To pakistan horbar 1st time karega aur India horbar kya jabab hi dega naki 1st time kuch karega ?",CAG,1
facebook_corpus_msr_360342,"Pata nhi kitne jawano ki or bali di jayegi napakistan border per
Kuch karna chaiye MODI JI ko",CAG,1
facebook_corpus_msr_360343,7 jabban hmra mare or ham do Jabban ham maar de Es se kya hoga ab bakat aa geya hai Pakistan ko hi khtam Karene ka,CAG,1
facebook_corpus_msr_360346,Khne ka ookad Nani or goli Bari ke bath larte ho,CAG,1
facebook_corpus_msr_360352,sabut ke tur par unka sar dekhwo tab jake sakun mile ga...jai hind,CAG,1
facebook_corpus_msr_360355,Ye sab bakbas hai or Kuch nahi . India govt Kuch nahi karega Pakistan ke khilaf.,CAG,1
facebook_corpus_msr_360356,Yeh mulle kabhi pakisthan ke liye galat nahi sun sakte  khaate bharat ki h or gaate pakisthan ki h,CAG,1
facebook_corpus_msr_360362,Wo hamare jawan k sar udate gye or hum unke post udate gye kya baat h ......,CAG,1
facebook_corpus_msr_360363,"मोदी साहब अब अगर राजनाथसिंह जी ने बोला निंदा तो समझ लीजिए निंदा आपकी कर रहे है वो,हमें तो सिर्फ और सिर्फ जवानों की शहादत का बदला चाहिए।
#शहीदों_को_सलाममोदी साहब अब अगर राजनाथसिंह जी ने बोला निंदा तो समझ लीजिए निंदा आपकी कर रहे है वो,हमें तो सिर्फ और सिर्फ जवानों की शहादत का बदला चाहिए।",CAG,1
facebook_corpus_msr_360364,"सरकार को अमेरिका के भरोसे नही बैठना चाहिए जबरदस्त कार्यवाही करनी होगी। आज उतर कोरिया सीधे सीधे अमेरिका को धमकी दे देता है इजरायल दुश्मन देशों पर सीधे सीधे कार्यवाही कर देता है और आप तुर्की के राष्ट्रपति का स्वागत कर रहे हैं वही तुर्की जो कश्मीर के मुद्दे पर पाकिस्तान के साथ है वही तुर्की जो भारत के परमाणु कार्यक्रम का विरोध करता है। बीते साल ही 15 जुलाई को खुद तुर्की के राष्ट्रपति के खिलाफ उन्ही की सेना ने विद्रोह कर दिया था और वही तुर्की आपको कश्मीर मुद्दे पर समझाने आया है। मोदी जी तुर्की के राष्ट्रपति को बोलो कि अपने घर को संभाले। याद रखिए ये मई का महीना ही वो महीना है जब दिशा और दशा दोनों बदलेंगी।
भारत को पाकिस्तान हमला करना ही होगा। क्योंकि कड़ी निंदा तो बाबर के जमाने से हो रही है",CAG,1
facebook_corpus_msr_360365,Ab mideya in 26 javanoki sahidi bhulane keliye is mudeko din rat gati rhegi,CAG,1
facebook_corpus_msr_360376,good जॉब जवानों भगवान सरहद पे आप की रक्शा करे आप को दुश्मन के आगे झुकने ना दे आप का मानोबल हमेशा बढ़ता रहे,CAG,1
facebook_corpus_msr_360377,"थप्पड़ खाएं गद्दारों के,
        हम इतने भी मजबूर नही,
हम भारत माँ के सैनिक हैं,
         कोई बंधुआ मजदूर नहीं,

⌐╦╦═─जय हिंद जय भारत",CAG,1
facebook_corpus_msr_360383,"Bhadki hui Public ko bewkuf bnanane ke liye dalal media ko is trah ki news dikhane ko kaha gaya honga ,jisse pagal log bewkuf ban sake",CAG,1
facebook_corpus_msr_360387,Bhai...Ap ia cmmnt kar ke...Seyana ban raha ho....Koi bat nehi..Hota hai...,CAG,1
facebook_corpus_msr_360391,"कुछ PAKISTANI नारे लगा रहे थे..

कच्ची सुपारी मीठा पान
काश्मीर बनेगा पाकिस्तान..

तो हमने भी कह दिया..
सफ़ेद है चुना . लाल है पान ।
ठोकेंगे इतना कि पहुच जाओगे कब्रिस्तान.
😀😀😀
...",CAG,1
facebook_corpus_msr_360394,Modiji aatank ka ek hi dharam he. samajdar log samaj jaye. Baki modiji k ankho pe chashma hata diya gaya he,CAG,1
facebook_corpus_msr_360395,Post  to tumney udva dii haii bicau mediaa abb yeah bhi bata doo ki mare kitne gaye hai us post me andaja tume BJP balo kaa accha rahta haii,CAG,1
facebook_corpus_msr_360396,Suttro se Pata chala Hai hahaha hahaha kitne paisa mila Hai is fake  news ka dalalo,CAG,1
facebook_corpus_msr_360407,Mera sabhi jawano ke parti saman o sevdna hai hal sudhrne ka name nahi le rahi hai abhi to sena parmukho ko ik jut hokar sarkar pr dabaw bana chaye our pak ko muh tod jawb dena chaeye. Jbse bjp srakar bani hai tab hamri desh ki sena  surchit nahi hai,CAG,1
facebook_corpus_msr_360408,Isse kuchh nhi hota h dalal channel walo 56 inch sine ki bat yad dilao modi ko,CAG,1
facebook_corpus_msr_360410,"अफगानिस्तान में मुठभेड़ में एक अमेरिकी सैनिक मारा गया।इससे आहत होकर अमेरिका ने आतंकियों को मारने के लिए अफगानिस्तान में(पाकिस्तान बॉर्डर के साथ) नॉन परमाणु बम (M.O.A.B.) गिराया। जिसमे कई आतंकियों का सफाया हुआ।अमेरिका ने अपने एक जवान के मारे जाने के कारण (कारण दूसरे भी हो सकते है परंतु यह भी एक प्रमुख कारण था ) अपना सबसे बड़ा बम(परमाणु बम को छोड़कर) आतंकियों पर  गिरा दिया।औसतन हर दिन एक भारतीय  जवान मरता है फिर भी हम कुछ नहीं करते।यह हमारी लाचारी है और भारतीय सेना की मजबूरी और अब हमारी यह आदत बन चुकी है।कुछ न करने की।सरकार को इस विषय में कठोर कदम उठाने होंगे।भारतीय सेना इस विषय को हल करने में सक्षम है।भारत देश के पास परमाणु हथियार से लेकर आधुनिक हथियार हेलीकाप्टर लड़ाकू विमान सब कुछ मौजूद है  ऐसी सेना है जो 5 दिन मैं कराची तक पहुंच जाए । तो कहाँ कमी है।भारतीय जनता ने बहुमत से केंद्र मैं सरकार को बैठाया है।यह सवाल सरकार की जम्मू कश्मीर की नीति पर है। अमेरिका के राष्ट्रपति ट्रम्प ने मैक्सिको से शरणार्थियों को रोकने के लिए अमेरिका व मैक्सिको  के बीच मध्य दीवार खड़ी करने का फैसला किया था इसे वे पूरा भी करेंगे शायद। तो क्या हम दीवार खड़ी नही कर सकते घुसपैठ रोकने के लिए। उपाय कई हो सकते हैं परंतु सरकार इस विषय पर गम्भीर नहीं दिखती। शहीदों के प्रति संवेदना प्रकट करते ह और बस हो गया । देश के लिए विकास जरूरी है देश परिवारो से मिलकर बना है परंतु  जिस परिवार का भाई, बेटा,पति ही नही होगा उस परिवार का विकास बेहद मुश्किल है।",CAG,1
facebook_corpus_msr_360411,Sukam I'm a 28 Mar Rahe talk to so Nu kuch nahi kar Pakistan mein kuch bhi ho ja Hindustan Pakistan,CAG,1
facebook_corpus_msr_360413,एबीपी नयुज ने यह छापने के लिए कितना पैसा लिया बताये पोसट कोन सी जगह है वह भारतीय फोज कैसे पहुच गई जब पाक वाले तो २०० मीटर से जयादा अनदर आ कर मार रहे है हमारे शुरवीरो को,CAG,1
facebook_corpus_msr_360417,"Abp news ne Hamla kiya hogA

Modi Ke bus Ki baat to nhi h",CAG,1
facebook_corpus_msr_360418,Sb kewal sata ke liye lambi lambi fakte h congress ke samay jawan marte the to bjp wale kahte the kamjor srkr h ab inka sasan h to marte hai daily ke daily to ninda krte h,CAG,1
facebook_corpus_msr_360419,nhi esh se kam nhi chlne bala..mai sukha roti khauga lekin sar nhi jhukauga ...mujhe yud chahiye or  pakistan ko duniya ke nksa se smapt hona chahiye...,CAG,1
facebook_corpus_msr_360425,"मुँह तोड़ जवाब दे दिया

पार्टटाइम रक्षा मंत्री अरुन जेटली के मित्र चैनल इंडिया टीवी ने दे दिया

दो बंकर तबाह भी कर दिये(दिल्ली की सड़क पर खड़े संवाददाता मनीष प्रसाद की बार्डर से लाइव रिपोर्ट )

अभी जी न्यूज़ और सुदर्शन न्यूज़ नहीं देख सका , हो सकता है लाहौर ख़ाली हो रहा हो !

आप लोग चैन से सोइये",CAG,1
facebook_corpus_msr_360437,अब वो समय आ गया है के भारतीय सेना दुश्मन को #मुंहतोड़ जवाब दे ! जय हिंद |🇮🇳,CAG,1
facebook_corpus_msr_360450,"2 के बदले 12 अब सही जवाब दिया ऐसा ही करना है"" 1=10 अभी 8 और बाकी है ,जयहिंद",CAG,1
facebook_corpus_msr_360451,"Salon tumhe B's Badla  Lena ata h ,Aisa nhi kr skte ki hmesha k liye y problem Khan ho jaye",CAG,1
facebook_corpus_msr_360457,Jee toh karta h salo se lahor bhi wapas le le,CAG,1
facebook_corpus_msr_360461,udana ha To Pakistan ko uda do. ... post udane se kya Hoga,CAG,1
facebook_corpus_msr_360467,अब वो समय आ गया है के भारतीय सेना दुश्मन को #मुंहतोड़ जवाब दे ! जय हिंद |🇮🇳,CAG,1
facebook_corpus_msr_360468,Post udane se kuch nahi hoga sar chaheye Pakistaniyo ka,CAG,1
facebook_corpus_msr_360470,Sahi kaha.....sachayi sirf sena janti h....bharosa kro to sirf sena ke bayaan pr,CAG,1
facebook_corpus_msr_360472,News ki guarantee tb thi jab sena ka bayaan zari hota,CAG,1
facebook_corpus_msr_360473,Bhai zee news jaise channel ki khabar ka yakeen nahi,CAG,1
facebook_corpus_msr_360481,"यार पोस्ट तो ठीक हँ
देश वासी सर मांग रहे हँ।
कश्मीर से 370 धारा खत्म करने की मांग करो भाइयो।",CAG,1
facebook_corpus_msr_360482,2 post tabah krne se kuch ni hoga ...kam se kam 50 post...aur 200 soldiers .... bhut hua,CAG,1
facebook_corpus_msr_360483,"Ha bs itna kr k 2 mahine saant baith jayenge
Yahi to karte h hmlog",CAG,1
facebook_corpus_msr_360486,Post ni unke  chhithde kiye huye body chahiye 3 ke bdle 13...,CAG,1
facebook_corpus_msr_360492,Post udaane se kuch nhi hoga.. khatam kardo... total finsh.,CAG,1
facebook_corpus_msr_360497,post tabha kiya par kitne jawan mare pak ke ?,CAG,1
facebook_corpus_msr_360501,Hahah Pakistani media has rhe hai ye post dekh kar,CAG,1
facebook_corpus_msr_360503,"Lo bhaiya , saboot mangane waale bhi aa gye .... Dhany ho tum log bhai",CAG,1
facebook_corpus_msr_360514,Ye media h  gulam media kuch public ko shant karne ke liye chahiye.....mitro,CAG,1
facebook_corpus_msr_360515,अजित आपका गुस्सा सरकार पर बिलकुल जायज है परंतु अगर सेना कह दे तो हमें बह बात मान लेना चाहिए।,CAG,1
facebook_corpus_msr_360526,किसी को मारा भी है सूत्रों की ख़बर चलाओगे दलाल कहीं के,CAG,1
facebook_corpus_msr_360530,Ye dallay avp news waloo ne sabse pahle pak ki post main rocket faikaa hoga,CAG,1
facebook_corpus_msr_360536,किस सूत्र की बात कर रहा है abp अपने पत्रकार की बात बता ।,CAG,1
facebook_corpus_msr_360541,"sabboot do....
Ke dushmano ki maaa bahen ek kar di jawanone",CAG,1
facebook_corpus_msr_360546,Hmare sainik mrr rhe h or hm sirf post tbah kr rhe h....,CAG,1
facebook_corpus_msr_360560,"Bjp  sarkar ki  bebkofi ki saja 
Hamari sena bhugat rahi he",CAG,1
facebook_corpus_msr_360562,Bas ab sab khush sab bhul jayenge or 2-3 din baad fir humare jawan shahid honge,CAG,1
facebook_corpus_msr_360563,Chouki tabah se kam nahi chalega 1 khoon ke badle 10,CAG,1
facebook_corpus_msr_360568,और इन कायरों ने एक हंसता खेलता परिवार बर्बाद किया...,CAG,1
facebook_corpus_msr_360576,bhai 2 sir ka badla 20 sir lai hotaa fr keh dena karara hamla,CAG,1
facebook_corpus_msr_360592,उन्होंने हमारे 2जवानों के सिर काटे  हमे उनके 200सिर कटने होंगे  पोस्ट तबाह कर ने से क्या फायदा,CAG,1
facebook_corpus_msr_360593,Sir tbah nhi krna h enke bhi sr alg chahiye hme,CAG,1
facebook_corpus_msr_360601,Esi mude pe ap modi sarkar ko kyo jimedar nahi tharati,CAG,1
facebook_corpus_msr_360608,Shame on Modi apni kurse ke Lea ye sb krva raha hai,CAG,1
facebook_corpus_msr_360616,"क्या मोदी सरकार ऐसे ही देखती रहेगी सब ,,क्या कुछ कर दिखाने का जजबा नहीं बचा ,,",CAG,1
facebook_corpus_msr_360618,Hua kya yaha bhi or vaha bhi Mar to Javan hi rahe hai,CAG,1
facebook_corpus_msr_360636,Jitni tu pakistan ki krta h utni toh bilkul bhi nhi,CAG,1
facebook_corpus_msr_360637,"Jali bhakt ki 
Pakistan ki ya Nepal ki chamcha giri tum karo 
Kiyun bhakt nawaz ki dawat acchi nhi Thi kiya",CAG,1
facebook_corpus_msr_360639,जवाब पर्याप्त नहीँ है एक जवान के बदले दस पाकिस्तान जवानों का सिर चाहिये वो भी बीएटी के जवानों का,CAG,1
facebook_corpus_msr_360643,"क्यों घुट घुट कर शहीद हो रहे है ,मरना है ही तो 100 को मार कर ही दम ले",CAG,1
facebook_corpus_msr_360656,इन bhagoro Pakistanio को इंट का जवाब hame pathar se hi dena chahiye,CAG,1
facebook_corpus_msr_360658,Bahi post tabahi Karni si ne pakestan tabahi hona cshaye,CAG,1
facebook_corpus_msr_360659,Pura pakistan tabah kar dena chahiye. Kya modi me hai dum ?,CAG,1
facebook_corpus_msr_360680,Firse bana lenge O post usme kya hai ab isse kuch nahi hoga,CAG,1
facebook_corpus_msr_360702,Kyun jhoot bol rahe ho sirf kadi ninda honi chaheye...?,CAG,1
facebook_corpus_msr_360706,NEWS padha kar dukh hua na.....aj pura din katua log desbhakti dekha raha tha par kl jb pata chale ga k bahut sare paki mare gaye tb y log royenge,CAG,1
facebook_corpus_msr_360710,Modi ji rajnath  ko hatao dofall ko lao Pls pls pls,CAG,1
facebook_corpus_msr_360727,"हमारे धौर्य की परीक्षा ना ले पाकिस्तान 

हम अभी गाय, मंदिर और तीन तलाक में व्यस्त है।",CAG,1
facebook_corpus_msr_360735,भारतीय मिडिया कितना जूठ बोलती है हमारे सैनिक मरे हमारे सामने और मिडिया भी पाकिस्तानी है,CAG,1
facebook_corpus_msr_360736,Hahahahaha laha se lekar aate ho aesi fake news hahahah,CAG,1
facebook_corpus_msr_360739,कुछ नहीं खाली छप्परों पर गोली बारी कर दी होगी !  झूठी खबर देकर पब्लिक को खुश करना चाहते हैं,CAG,1
facebook_corpus_msr_360763,पोस्ट खत्म नही पाक को ही खत्म करना है !!,CAG,1
facebook_corpus_msr_360782,Media ka wiswas  khat am ho raha  hai,CAG,1
facebook_corpus_msr_360789,मैं एक जवान हू जो गलत कोमेनट कर रहे है वो भाई आ जाओ दिखाते है जय हिंद जय भारत,CAG,1
facebook_corpus_msr_360819,Midea balo bolo jhoth nehi too aap ka baap modhi marega,CAG,1
facebook_corpus_msr_360831,Saare bike hue hain inki baaton par biswas mat kro,CAG,1
facebook_corpus_msr_360851,Post tabha kiya par kitne jawan mare  Pakistan ke...,CAG,1
facebook_corpus_msr_360852,कितना झूटा है ये न्यूज चेनेल ।कुछ भी नष्ट नही हुवा है,CAG,1
facebook_corpus_msr_360863,sirf news  me Mara hai fir  real me,CAG,1
facebook_corpus_msr_360869,भारतीय सेना को अब चुप नही बैठना है लगातार होनी चाहिए कार्यवाही,CAG,1
facebook_corpus_msr_360880,Bs post hi to tabah hua h jo nakafi h,CAG,1
facebook_corpus_msr_360887,क्या पोस्ट  तबाह करने भर से हमें शान्ति मिल सकी है ?,CAG,1
facebook_corpus_msr_360914,Post tabha karne se kya hota h koi paak sainik maara,CAG,1
facebook_corpus_msr_360919,abe abp wale tujhe kya tu fake news chalayega aur hmlog maan lenge,CAG,1
facebook_corpus_msr_360923,"Tujh se kab bhik mangli jo tujhe such baat kadvi lag gai 
Agar hum ne such ko such bol diya to tujhe buri lag gai 
Ye media jo jhut dikha rahi h wo tujhe such lag rahi h 
Tu bata kitne foji mare pak ke bata",CAG,1
facebook_corpus_msr_360933,Yeh  bhi raat  ko  hi  karte  he  din me  khan  the,CAG,1
facebook_corpus_msr_360938,इससे काम नहीं चलेगी  पूरी तरह धुनाई खोज रहा है...........,CAG,1
facebook_corpus_msr_360947,"बंद करो ये न्यूज दिखाना
जब हमारी सरकार इस पर कोई कारवाई ही नही करता!",CAG,1
facebook_corpus_msr_360963,Bohot acha kiya hamary sena ne....aur marky auoo saly ko,CAG,1
facebook_corpus_msr_360970,apnu logon ko chup karane k liye jhot pe jhot,CAG,1
facebook_corpus_msr_360979,मीडिया बिकाऊँ है झूठ बोल रही है कुछ नही हुआ मोदी भगत है,CAG,1
facebook_corpus_msr_360981,Post nast karne se kuhe nahi hone wala post tu phir  tiar ho jaygi,CAG,1
facebook_corpus_msr_360982,Konsi pm se ye sab ho saktha wo bhi bathao,CAG,1
facebook_corpus_msr_360985,Sarkar surf itna karo  Army ke hath. Koal do.,CAG,1
facebook_corpus_msr_361036,भाई 15 दिन के अंदर वो भी पता लग जायेगा,CAG,1
facebook_corpus_msr_361052,Kahi bikau media or sarkar mil ke logo ko bevkoof to nahi bna rahe,CAG,1
facebook_corpus_msr_361060,"Abhi hm Kuch
Karegay 
Hmre desh
Ki some MULLE dukhi ho jayegay",CAG,1
facebook_corpus_msr_361064,Jad ko khatam karo...patte todne se kya hoga...pakistan ko jad se ukhad feko...,CAG,1
facebook_corpus_msr_361082,Are yaar is s Pakistan ko khatam he kar do,CAG,1
facebook_corpus_msr_361092,"जब भी कोई बड़ी घटना पाक की और से होती है हम उसकी चौकी,पोस्ट तबाह करके इतिश्री समझ लेते है,,क्या 56 इंची से बस केवल इतनी ही आशा है। अगली घटना की प्रतीक्षा शुरू हो जाती है। नही भाई नही कुछ तो अंजाम दिखाओ।",CAG,1
facebook_corpus_msr_361094,मोदी  सरकार जबान से ही और अपने जर खरीद गुलाम मिडिया के जरिये जंग जीत लेती हैं और चुनाव भी फिर क्या जरूरत हैं नवाज शरिफ जैसे दोस्त से लडने की जवान मरते हैं तो क्या हुआ सरकार फौज में नौकरी करने का न्योता नही देती क्यू लोग अपने बच्चों को फौज में भेजते हैं नही भेजना चाहिये तब सरकार को अन्दाज़ा होगा किसी नेता का बेटा रिश्ते दार फौज में जवान नही होता होता हैं तो डायरेक्ट आफिसर जो आफिस में बैठ कर जवानों से जूते साफ कर वाता जागो हिन्दुस्तान की भोली भाली जनता जागो,CAG,1
facebook_corpus_msr_361097,मेरे दोसतो आज देस पूछ रहाहै कि अलगाव वादी नेता कहा है केजरीवाल कहा है कहा हैं jnu के छा.. और कहा है सरजिकल पर सबूत मागने  वाले अब इनको सरम आ रही है पाकिसतान का विरोध करने पर मोदी जी से और सेना से गुजारिस है कि इनको सामने करले .सीने मे गोली खाने का मलाल ना रहे नही फिर बोलेगे कि....,CAG,1
facebook_corpus_msr_361099,"जो लोग
राष्ट्रगान में खड़े नही हो सकते
वन्दे मातरम् गा नही सकते
सूर्यनमस्कार कर नही सकते
भारत के संविधान को मानते नहीं
भारत माता की जय बोल नही सकते

ऐसे गद्दारों को 
भारत में रहने का कोई हक नहीं है

 वंदे मातरम भारत माता की जय  
🇮🇳🇮🇳🇮🇳🇮🇳🇮🇳🇮🇳",CAG,1
facebook_corpus_msr_361100,"नीचे लिखी सब पोस्टों का मतलब।।।
भारतीय सेना का सिपाही अपने कप्तान से::हज़ूर 10 दिनों की छुट्टी चाहिए प्लीज़।
कप्तान::ठीक है मिल जाएगी । तू ऐसा कर पाकिस्तान का काम से कम एक टैंक पकड़ का ला। 
शाम को सिपाही एक पाकिस्तानी टेंक पकड़ लाया।
कप्तान:: क्या बात है यार तूने तो कमाल कर दिया। तेरी छुट्टी मंज़ूर।
लेकिन जाने से पहले ये बता कि तूने ये कमाल कैसे किया।
सिपाही:: इसमे कमाल की क्या बात है जब पाकिस्तानी सिपाही छुट्टी पर जाते हैं तब हम भी तो उन्हें अपना टैंक देते हैं जी।",CAG,1
facebook_corpus_msr_36112,जब पार्टी का झण्डा लगाने से ही काम चल रहा है तो लाल बत्ती की जरूरत कहाँ है।,CAG,1
facebook_corpus_msr_361130,"जनाब आपकी देशबक्ति पर कंट्रोल करो ऐसा न हो की आप गुस्सा होकर खुद लड़ने चले जाओ और 2,4 पाकिस्तानियों के काट लाओ",CAG,1
facebook_corpus_msr_361131,Ab bhakt to ja nhi skte bate hii chodenge kadi ninda bhi nhi krne doge ab,CAG,1
facebook_corpus_msr_361134,Muslim regement ka Namonishan nahi army me ye bas sarkar ko gali dene ke bahane hain,CAG,1
facebook_corpus_msr_361138,वीर अब्दुल हमीद को छोड़ किसी एक का नाम बता बे !! 1971 मे पाकिस्तानियों को अपना भाई बताकर हथियार डाल दिये थे मुस्लिम आर्मी की तुकरी ने तब से आज तक हिंदुस्तान की आर्मी मे एक भी मुस्लिम आर्मी तुकरी नही है !!,CAG,1
facebook_corpus_msr_361140,aj mulle jada desh bhakti dikha rahe h mai to kahta hu in mullo ko hi bhez do sir lane ke liye pata chal jaega kitni bhakti h andar,CAG,1
facebook_corpus_msr_361148,Aasim Choudhery भाई आपनी देश प्रेमी  पर control रखो ..यह्  चाददी धारी  बार्दास्त नहीं कार पायेंगे ...,CAG,1
facebook_corpus_msr_361155,"जनता के 11 अरब रूपये से बनी है सरकार तभी तो हो रही हर तरफ जयकार।।
#मूर्खों कब तक लूटते रहोगे?

प्रचार प्रसार के इन माध्यमों पर किया गया इतना खर्च

SMS – 
2014 – 9. 07 करोड़
2015 – 5.15 करोड़
अगस्त 2016 तक – 3. 86 करोड़

इंटरनेट – 
2014 – 6. 61 करोड़
2015 – 14.13 करोड़
अगस्त 2016 तक – 1.99 करोड़

ब्राडकास्ट –
2014 – 64. 39 करोड़
2015 – 94.54 करोड़
अगस्त 2016 तक – 40.63 करोड़

कम्युनिटी रेडियो –
2014 – 88.40 लाख
2015 – 2.27 करोड
अगस्त 2016 तक – 81.45 लाख

डिजिटल सिनेमा 
2014 -77 करोड़
2015 – 1.06 अरब
अगस्त 2016 तक – 6.23 करोड़

टेलीकास्ट –
2014 – 2.36 अरब
2015-2.45 अरब
अगस्त 2016 तक – 38.71 करोड़

प्रोडक्शन –
2014 – 8.20 करोड़
2015 – 13.90 करोड़
अगस्त 2016 तक -1.29 करोड़

तीन साल में हर साल इतना किया खर्च

2014 – एक जून 2014 से 31 मार्च 2015 तक करीब 4.48 अरब रुपए खर्च

2015 – 1 अप्रैल 2015 से 31 मार्च 2016 तक 5.42 अरब रुपए खर्च

2016 – 1 अप्रैल 2016 से 31 अगस्त 2016 तक 1.20 अरब रुपए खर्च

ग्रेटर नोएडा के आर.टी.आई. एक्टिविस्टे रामवीर तंवर ने 29 अगस्त 2016 को सूचना एवं प्रसारण मंत्रालय से सूचना के अधिकार के जरिए पूछा था कि केंद्र में प्रधानमंत्री मोदी ने सरकार बनाने से लेकर अगस्ते 2016 तक विज्ञापन पर कितना सरकारी पैसा खर्च किया है. तीन माह बाद जब आर.टी.आई.के जरिए मिले इस जवाब को देखकर आप जरूर चौंक जाएंगे. इसमें बताया गया है कि पिछले ढाई साल में मोदी सरकार ने विज्ञापन पर ग्यारह अरब रुपए से भी ज्यादा खर्च कर चुकी है.
आर.टी.आई. के जरिए मंत्रालय से मिले विज्ञापन की जानकारी में बताया गया कि ब्रॉडकास्डह, कम्यु—निटी रेडियो, इंटरनेट, दूरदर्शन, डिजिटल सिनेमा, प्रोडक्शान, टेलीकास्ट, एसएमएस के अलावा अन्य खर्च शामिल हैं. इनमें पिछले तीन सालों में मोदी सरकार की ओर से करीब ग्यारह अरब से भी ज्यादा रुपया खर्च किया गया है।",CAG,1
facebook_corpus_msr_361156,भाई 2g 4g coal g sports g congress k ghotale nhi huye 😢😢😢,CAG,1
facebook_corpus_msr_361165,चिक्की घोटाला व्यापमं घोटाला LED  घोटाला येह किया है भगतो बताएंगे यहां बात हो रही ह 10 सिर की,CAG,1
facebook_corpus_msr_361180,कड़ा जवाब तब मानूंगा जब पाकिस्तानियो के साथ भी वही सलूक होगा जो हमारे जवानों के साथ हुआ सिर्फ फायरिंग करने से करारा जवाब नही होता।,CAG,1
facebook_corpus_msr_361181,sahi baat h..firing to koi b kar sakta h..air me,CAG,1
facebook_corpus_msr_361182,"आज फिर से कश्मीर में 2 जवान शहीद हो गए 😢😢

पिछले एक हफ्ते में हम अपने 31 जवान खो चुके हैं और हमारी सरकार कड़ी निंदा, शख्त निंदा, कठोर निंदा करने में लगी है ।।
क्या हमारे जवान सेना में अपनी जान देने के लिए भर्ती होते हैं??",CAG,1
facebook_corpus_msr_361183,ये कोई बदला नही है जब दो सेनीको के सिर के बदले 20 पाकिस्तानी सेनिको के सिर काट के लाये जायेगे तब बदला पूरा होगा नही तो नही ?,CAG,1
facebook_corpus_msr_361184,"Bhai Saab, yeh to media bale hi la sakte hai ab",CAG,1
facebook_corpus_msr_361188,Kar diya surgical strike..Or 10 sir Pak sainiko ke le aaye.. kal rajkiye Apaman ke saath Fekuji inko Delhi me Dafanayege..,CAG,1
facebook_corpus_msr_361189,"सरकार ठोस और ठोककर जवाब देगी हमे इंतज़ार करना चाहिए सटीक निशाने के लिए टाइमिंग का महत्व होता है।।।।।। वरना आपका वोट कोई छिनेगा नही आप 2019 जो चाहे करना,, लेकिन अभी तो सरकार की तन मन धन से समर्थन करना चाहिए",CAG,1
facebook_corpus_msr_361191,"Aapne desko sudharna he to phile sb mantrioko Leanne lgalo  
Rojka kya natk he",CAG,1
facebook_corpus_msr_361194,"1 k badle 10 sir lane ka wada kya tha wo 56"" sina wala to us hisab se to 20 Pakistaniyo k sir laoge to na badla mannenge....",CAG,1
facebook_corpus_msr_361195,"इस तरह इन के ठिकानों को बरबाद करते ही रहे, तो पाकिस्तान क्या उखाड़ लेगा!!",CAG,1
facebook_corpus_msr_361196,"Bjp media isi ko badla kah rahi h.
Chhhi chhhi chhhi thuuuuu thuuuuuu",CAG,1
facebook_corpus_msr_361204,"Pakistan hamare vir javano ke sath kayrana harkate kar ke sapute ko berehmi se sahid kar rahe hai.. 
Aur humari 300 seat vaali government GST Aur tax collection jaise mamuli muddey pe atki huyi hai.. 
Israel se sikho ek javan ki jaan ki kimmat kya hoti hai....???",CAG,1
facebook_corpus_msr_361208,Army should be freed totally from political or constitution of India. They should act freely if any other agency intervene should be punished as per army,CAG,1
facebook_corpus_msr_361209,"जो लोग
राष्ट्रगान में खड़े नही हो सकते
वन्दे मातरम् गा नही सकते
सूर्यनमस्कार कर नही सकते
भारत के संविधान को मानते नहीं
भारत माता की जय बोल नही सकते

ऐसे गद्दारों को 
भारत में रहने का कोई हक नहीं है

 वंदे मातरम भारत माता की जय  
🇮🇳🇮🇳🇮🇳🇮🇳🇮🇳🇮🇳",CAG,1
facebook_corpus_msr_361214,ye badla abp news me  baith kar liya gaya hai  ..Humari takat ka andaza nahi hai kisi ko :),CAG,1
facebook_corpus_msr_361215,"Modiji aapke sabra ksbile dad
56ka seena bachaye rakhana
Ellecyion ke yime kam aayega
Mr, bhrmendra patel  kuchh sochho.",CAG,1
facebook_corpus_msr_361217,Post tabah karne se kuch nhi hota ....aur hum yakin kaise kare kyonki 180 desho ki media ki rating main hum 138 we number par hai ab aap andaza laga sakte hai ye bikau mediab kitna such dikhate hai,CAG,1
facebook_corpus_msr_361221,"Bharat ka badla Pakistan may 
Kya kiya mediya bik chuki hay 
Kuchh bhi nahi chhapey gi media 
Wale modi 56"" ka seena kaha gaya",CAG,1
facebook_corpus_msr_361223,बहुत हो चूका सरकार के बस की बात नही है तो चुपचाप सेना के हवाले कश्मीर कर दो सेना कानून व्यवस्था भी बनाये रखेगी और पाकिस्तान को उसकी औकात भी बताती रहेगी,CAG,1
facebook_corpus_msr_361225,मुँहतोड़ जवाब इसलिए मोदी जी नहीं दे रहे है क्यूँकि पाकिस्तान में उनके दोस्त अड़ानी का पावर प्रोजेक्ट को नुक़सान ना हो ....,CAG,1
facebook_corpus_msr_361226,Bhartiye media fir fake News deke Modi Sarkar ko bacha rha hai ...Bhartiye jhuti News se khushiya mnane lagenge  bs ho gai Kadi ninda,CAG,1
facebook_corpus_msr_361227,Pure desh me diwali manao ladoo bhanto  or do din ki sarkari  chutti  ghoshait  kr do is saflata pr.,CAG,1
facebook_corpus_msr_361229,Pakistan ab baat se nahi manega usko jis bhasha ki samjh hai usko uski ki bhasa me jawab dena chahiye. Lato ke bhut bato se nahi manega,CAG,1
facebook_corpus_msr_361230,"Hamare Senik kab tak shaheed honge...

Kab tak hum media Bazi...Se hero Banege

 Media ki Bato jesa zoordaar Hamla sach mei karenge KB...

 Pakistan Ko Okaat mei rakhna bhi bas ki baat nhi...

. Desh ki Janta Ko KB tak media se Bewakuuf Banwate Rahoge..

Hamara Bharat Desh kabhi maaf nhi karega.... jai hind",CAG,1
facebook_corpus_msr_361232,jo log war ki baat kar rahe hain kya aapko pata hain kitna lagat ayega jung ke liye....,CAG,1
facebook_corpus_msr_361233,"औरतों की इज्जत,किसान की जिंदगी और सैनिक की जान"" इनको छोड़ कर
देश में सब कुछ महंगा है।

Ek ke badle 
Cake",CAG,1
facebook_corpus_msr_361237,Me to zabab tab manunga jaisa unhone humare jwano ke sath kya  vaisa humare jwano ko order mile unke sath us duguna karne ke lye ab kdi ninda se kaam nhi chlne bala,CAG,1
facebook_corpus_msr_361248,10सर काटे कया आरमी चीप को ईसतिपा दैना चाईय कूछ करते नही बातो से कुछ नहीहोता,CAG,1
facebook_corpus_msr_361267,Upa सरकार होती तो यह बदला नहीं कहलाता वा रे मीडिया,CAG,1
facebook_corpus_msr_361270,BDla tab manuga jab pura j&k me ek sath pakistan pr fire ho,CAG,1
facebook_corpus_msr_361284,Bas ab Ye pure saal apni channel pe dikhaya karna,CAG,1
facebook_corpus_msr_361303,इससे क्या होता है पाकिस्तान को उसकी औकात दिखाना होगा,CAG,1
facebook_corpus_msr_361308,apni jawan kaat lo kam se kam ninda karne se toh bach jaoge !!!,CAG,1
facebook_corpus_msr_361311,pm modi ne paak par kade ninda ki misaal girayi,CAG,1
facebook_corpus_msr_361315,Isse kuchh nhi hone wala jab tak Pakistan ko tbah nhi karoge,CAG,1
facebook_corpus_msr_361322,Un.....25 ...jawano  kya hoga  jo naksal wadi ne mara,CAG,1
facebook_corpus_msr_361342,Badla media walo ko hi lena hai roj lo kya padta,CAG,1
facebook_corpus_msr_361343,Rajnath Singh ji ko hatao ye kuch nhi kr paayenge,CAG,1
facebook_corpus_msr_361350,"Kis Cheez ka Badlaa hai bhai?
Pak sena ne kya kiya hai ?",CAG,1
facebook_corpus_msr_361352,"Indian Media toh bas hai Jung Karaane mein Busy hai.
Pakistan ke khilaaf Jhut bolkar india mein Logho Ko Bharkaatha rehta hai.
Aur idia mein aise bewakuf bhi hai jo newsChannel waalo ki baath ko Sach maan lethe hai",CAG,1
facebook_corpus_msr_362440,Kia bolu abp news walu ko ....saale Sab feke news dikhate hai,CAG,1
facebook_corpus_msr_362444,Modi bhakt to jhut ke sahare hi jita hai sachchai ka samna karne ka himmat nahi hai,CAG,1
facebook_corpus_msr_362450,Aap Jo hakikat baya kar rahe hai vo galat hai kuchh sachto bola karo,CAG,1
facebook_corpus_msr_362456,"Comments se andaza hota he india Kashmir walon se sakht nfrat krty hain islye Kashmiri ye nara lagaty hain "" kashimr bany ga pakistan """,CAG,1
facebook_corpus_msr_362457,"Hahahaha Kashmir main army jawan akele..kuch b 
Aur koi news nahi thi 
Hahahahahaha",CAG,1
facebook_corpus_msr_362466,Kashmir me v aeisa hi hona chahiye tab ja k saalon Ko pata chalega ki Dard kya hota hai.,CAG,1
facebook_corpus_msr_362468,Ye video video 4year ago badr boy you tube ne sher kiya huaa he or ye video Morocco  ka he kashmir ka nahi ABP NEWS valo k pass koi news nahi he kya😈,CAG,1
facebook_corpus_msr_362472,Tu log kabhi padtal ki he kya ke kasmiri log sale atnkvadi he or vo patthar martehe to senako bi chut di jaye pelet gan us karneke  liye ye ap logone kabhi sarkar se apil ki he kya,CAG,1
facebook_corpus_msr_362476,"Ye video logbog 2/3 sal pehle deka,  bilkul fake hai ye koi police waloo ne asa kuch nehi kya bekar ki bath",CAG,1
facebook_corpus_msr_362478,"Yeh jhoot pehlai kar desh ko barbaad karnai mai kohi kami nhi rakhrahai ho 
Yeh Kashmir hai he nhi kitna jhoot bhol kar apni roti kamatai ho .
Yeh army ka jawab akeelai khaan par walk kar raha hai .",CAG,1
facebook_corpus_msr_362488,Are Bhai lekin Pathharbazo k sath aesa to ku6 jarur hona chahiye......,CAG,1
facebook_corpus_msr_362498,"अच्छा  है, कुत्ता  पशु  है  पशु  मे  सहनशीलता  नही  होती  है  |",CAG,1
facebook_corpus_msr_362503,No गलत है ये वीडियो काश्मीर का ही ही नही,CAG,1
facebook_corpus_msr_362522,"झूठा वीडियो है ये,,,, कश्मीर का नहीं है ये वीडियो",CAG,1
facebook_corpus_msr_362523,Jhutt hae  photo morrocoo k cassa blanca ki hae,CAG,1
facebook_corpus_msr_362531,Kuch bhi ye video Kashmir ka nhi hi this fack,CAG,1
facebook_corpus_msr_362553,Yey video india ki nai hai yey video aaj se 1 saal pehele ki hai...,CAG,1
facebook_corpus_msr_362563,Mana hum Nani jawab da sakta magar hamara wafadar na palat jawab dia,CAG,1
facebook_corpus_msr_362573,सही है । कुत्तों को अपनी इज्जतदार प्यारी है परंतु भारतीय सेना को नही ।,CAG,1
facebook_corpus_msr_362575,Ye video toh bohut purana hai aisa fake news banate kyun ho,CAG,1
facebook_corpus_msr_362581,Galat vidio ha ye ye to phly ka kisi or jagy ka,CAG,1
facebook_corpus_msr_362613,Bhaijaan yeah video bahut Purana Hai yeah video India ka nahi Bahar ka,CAG,1
facebook_corpus_msr_362631,ये विडियो दो साल पहले का है चैनल वालो कुछ तो सच बताओ,CAG,1
facebook_corpus_msr_362650,Video kahin ka v ho lakin kutte pura jabardast hain,CAG,1
facebook_corpus_msr_362655,ye kashmir ka hai hi nahi bhai kue jhoot bol raha hai,CAG,1
facebook_corpus_msr_362657,Sena  ke he ya nahi  usne galti ki uska javab diy,CAG,1
facebook_corpus_msr_362676,Bhartiye sena ka gardan kat gya neta log ninda karte hai,CAG,1
facebook_corpus_msr_362678,Ekdm acha kiya he enlogo ko to raste me khara krke gli mar do,CAG,1
facebook_corpus_msr_362742,Abp new walo aapko us aadmi kutton dwra dabocha jana dahlane wala laga jab ye log sena par patthar fekte hai kya wo theek hota hai jo jawab kutton ne diya wo jawab sena ne bhi unko dena chahiye tab ye log sudhar jayenge or agar aisa nahin karne deti dilli ki sarkar to poori sena ko ek hi din me apni nokri chhod deni chahiye tab kya dilli ke neta seema par jayenge patthar khane ke liye,CAG,1
facebook_corpus_msr_363491,"Aab to Modi bhi bekar ho gya hai. 
Pakistan daily India ko sharm kra rha hai. Aur hamare PM Sahab kdi ninda me lge hue hai..
Is se accha manmohan Singh hi the . Jo kam bolte the pr pura kam krte the . Ye to kewal fekta hai",CAG,1
facebook_corpus_msr_363497,north Korea jo America jesi country ko takar de rhi h,CAG,1
facebook_corpus_msr_363499,3 saal ho gye pura world tour kr liya yar,CAG,1
facebook_corpus_msr_363502,2 के बदले 10 को काट लाओ जवानो ये रक्छा मंतर्ी और मोदी को मन की बात करने दो रक्छा मंत्री खुद 50 बॉडी गाड़ लेके घूमते है इनको सेना को ऑडर देने का हिम्मत भी नहीं है,CAG,1
facebook_corpus_msr_363503,"Aacha ye anupam kher, poghat, yogeshwar, in logo ka tweet dikh nahi raha hai sarkar pe sawal nahi kar rahe hai jawan sahid hone pe ye log deshbhakt nahi hai kya...",CAG,1
facebook_corpus_msr_363505,Hamare pass bhi well trained Gau rakshak aur RSS ke loag Hain .Agar unko border per bhej Diya jaye to kaisa rhega,CAG,1
facebook_corpus_msr_363507,are bhai tab to islamabad tak ghus jayenge jaldi bhejo,CAG,1
facebook_corpus_msr_363508,Bhart bhi aisa ker sakta h prsntu seculerwsdio ko kon samjhaiga ki yeh hmne theek kia,CAG,1
facebook_corpus_msr_363509,Modi ji man ki baat karna band karke Hindustan ke man ki baat sunana shuru kariye aur hindustan kah raha hai ki Pakistan ko usaki aukaat batane ka adesh army ko dijiye army ka manobal na todiye,CAG,1
facebook_corpus_msr_363510,Ye dhokha dekr kisi ki Jan lena hai jo darpok aamne samne yudh ladne main nakam hote hain wahi aise dhokha dete hain,CAG,1
facebook_corpus_msr_363512,"जो भी लोग मोदी जी के 56 इंच के सिने पर सवाल उठा रहे है 
उन्हें समझना चाहिये की मोदी जी ने सिने की साइज़ बताई थी कलेजे की नहीं",CAG,1
facebook_corpus_msr_363513,Narendra modi ko ukharne ke liye vote diya tha kya humlogo ne bs ghum le is bar jitna ghumna 19 me ukhare fir congress ki tarah,CAG,1
facebook_corpus_msr_363514,"औरतों की इज्जत,किसान की जिंदगी और सैनिक की जान"" इनको छोड़ कर
देश में सब कुछ महंगा है।

Ek ke badle 
Cake",CAG,1
facebook_corpus_msr_363515,भर्ती होना बन्द करो फौज में ! काश हमारे 56 इंची pm साहब का सर काट लिया जाए तो मुल्क का भला हो जाए,CAG,1
facebook_corpus_msr_363516,क्या फूल  झड़ रहे हैं मुंह से वाह वाह‎,CAG,1
facebook_corpus_msr_363519,andhe bakth tab samajdar nhi the or aaj kuch jyada hi samajdar ho gye,CAG,1
facebook_corpus_msr_363522,और मोदी सरकार निंदा बम्ब  चला कर बदला ले रही है,CAG,1
facebook_corpus_msr_363523,Ghar mei aapas mei lado..dushman sainiko ko maar raha hai,CAG,1
facebook_corpus_msr_363524,Bhai Pakistaniyo Agar Tumhe sar hi Cahiye to Modi ke Lee Jaao...Magar Pelees hamare Jawano ke Sang me he waniyat wali Jang Nahi Karo,CAG,1
facebook_corpus_msr_363527,"Pakistany aur indian bhai bhai hain ye to bs Sergical strike , Sergical strike khel rhe the ,q k indian bhai kehte hain hmare seene "" 56 ""  inch k hain,bs thora check kia lkn mza nhi aya bhaio",CAG,1
facebook_corpus_msr_363531,"विगत 3 वर्षों में 575 जवान शहीद हुए , यह बात आपको दलाल मीडिया कभी नही बताएगा।",CAG,1
facebook_corpus_msr_363538,हमसे थोड़ी न कुछ हो ग! होगा तो सिर्फ बातें,CAG,1
facebook_corpus_msr_363540,Esi hi tim Bharat me bhi bnai jaye jo sar kalm kre,CAG,1
facebook_corpus_msr_363542,Woh bat ka istemal kartey hai hum ball ka istemal kareyngey,CAG,1
facebook_corpus_msr_363549,Madam ji ye joke wali comment nhi h Sunil Kanwal Er Sureshkumar Suru,CAG,1
facebook_corpus_msr_363561,"kayer pakistan par aaj he action hona cha hey, pakistan apny sainko ky sir magta firyga,ab hindustan ke saina isha he react karnywali,yud ky niyam hm be bul janygi,,,jai shri RAM..",CAG,1
facebook_corpus_msr_363563,Sir ye sab mat sunawo modi parikaar jetali Rajnath Amit shaah sabke sab thik nahi hai,CAG,1
facebook_corpus_msr_363564,media khud bharashtachar hai modi de Paisa lekar galat news chala raha hai,CAG,1
facebook_corpus_msr_363565,"हद होगयी है,  अब नेताओं के लड़कों को भेजा जाये सीमा पर, तब नेताओ को जान की कीमत मालूम होगी, और निन्दा करने से क्या फायदा है,",CAG,1
facebook_corpus_msr_363568,Bhai wo video purana hai  jo ye dikhney wala hai sab trp ka khel hai,CAG,1
facebook_corpus_msr_363636,मोदी जी के नाम पे लोग bjp join कर पैसे कमाने आ रहे है बस,CAG,1
facebook_corpus_msr_363678,Is samay sirf patrakarita hi sab se bada dhandha hai,CAG,1
facebook_corpus_msr_363704,हमारे यंहा हमारे जवानों के बच्चे एंव उनका परिवार रो रहा है,CAG,1
facebook_corpus_msr_363736,"भारत की किसान कमेरी कौम सबसे भोळी बावली बेवकूफ कौम है एक तरफ ये मोदी मोदी का गीत गा रही है दूसरी तरफ कह रही है कि अजमेर में नया एयरपोर्ट बना है उसका नाम वीर तेजाजी के नाम से होना चाहिए इसके लिए कई दिनों से रट लगाए हुए है इस कौम में सायद अक्ल नाम की कोई चीज ही बाकी नहीं है क्योंकि मोदी एक सूत्री कार्यक्रम बना कर लगा हुआ है किसान महापुरुषों की निशानियां मिटाने के लिए, मोदी ने आजतक किसी भी किसान महापुरुष की जयंती पुण्यतिथि पर कभी श्रद्धासुमन तक अर्पित नहीं किये वो चाहे पूर्व प्रधानमंत्री चौ. चरणसिंह जी की जयंती हो या चौ. छोटूराम चौधरी देवीलाल किसी भी किसान नेता की जयंती पर ये उनका नाम तक नहीं लेता जबकि ब्राह्मण बनिए राजपूत जाती का कोई भी नेता हुआ हो चाहे नेहरू गांधी परिवार ही क्यों न हो सबकी जयंती पर ये श्रद्धासुमन अर्पित करता है और किसान महापुरुषों की निशानिया मिटाने के  लिए इसने अपना काम भी सुरु कर दिया है लखनऊ एअरपोर्ट जो चौधरी चरणसिंह के नाम से था उनका नाम बदलने का आदेश भी जारी कर दिया हरिद्वार में एक घाट था चौधरी चरणसिंह के नाम से उनका नाम भी बदल दिया और वो हर निशानी मिटा रहा है जो किसी किसान महापुरुष के नाम से है फिर भी ये बावली बेवकूफ कौम मोदी मोदी गा रही है और कह रही है हमारे महापुरुषों के नाम से अजमेर एअरपोर्ट का नाम होना चाहिए अरे बेवकूफो अगर तुममे अक्ल व हिम्मत है तो पहले बनी हुई है वही निशानिया बचा लो तो सूकर है ।",CAG,1
facebook_corpus_msr_363741,bharat ke media ki auqat pata chal gaya 136 number pe hai sharm karo dalalo,CAG,1
facebook_corpus_msr_363746,Jawab kya dega India 56 inch Sena kaha Gaya modi ji se pucho,CAG,1
facebook_corpus_msr_363747,Ramraaj kab ayega jis din log satya ko janega or satya unehe unki buraiyu se azaad karega.No jatiwad only manawtawad.,CAG,1
facebook_corpus_msr_364373,Jabbar ne jis dali par nazar dali wo dali dali na rahi. MERA GAON MERA DESH...,CAG,1
facebook_corpus_msr_364374,"waah ketna bhawuk hai aap log......   Aasu aa gaye.........        
             Jab 25/30 sahed ho gaye tab Aasu nahe aye hoge  kuke Wo log to Marne ke leye he  foarse  join karte hai. Qu",CAG,1
facebook_corpus_msr_364375,Har insan KO maut ka maja chakhna hai sabr karne ki jarurat hai meri dua aap key sath hai,CAG,1
facebook_corpus_msr_364421,Hahahahahaha nhi mano ge tum log bhai mar gya bo,CAG,1
facebook_corpus_msr_364495,Aur tu dalali kar rha kya ye share kar ke,CAG,1
facebook_corpus_msr_364506,"Sabhi media wale mil kar modi k paas kyon nhi jate 
kyon ki y jo bhi aap dikhaate ho , is ko dkh kar sabhi deshwasion ka khoon khull jata h 
Aur y jo kamini  sarkar h, o hamari to sunegi nhi
Y tab sunti h jab y haar jati h 
Aur gli gli b voot ki bheek magti h",CAG,1
facebook_corpus_msr_364511,"Agr ye indians ki jagah americans ya koriyans ke sath hua hota to pakistan abhi tak world map me na hota.. our ministers keep on saying sahadat bekar nahi jayegi.. kya fayda hoga unhone 2 , 2 kar k kitne hi maar dalle or hum sirf jawabi karavai me sirf politics hi khelte ja rahe hain.. ministers dont befool ur public by saying only .. plz dil se kuch karo tum b bharat mata ke kuch lagte hoge ...😡😡😡😡😡😡😡",CAG,1
facebook_corpus_msr_364517,"For those who are criticising Modi ji on पाक & कश्मीर issue:-
अर्जुन से कही अधिक ताकतवर था कर्ण.. लेकिन हारा इसलिए क्यूँकि उसे उसके जीवन के हर मोड़ पर हतोत्साहित और अपमानित किया गया.. महाभारत के रण में भी ऎसा ही हुआ और फलस्वरूप कर्ण की हार हुई.. 
हमारे कर्ण (मोदी जी) के लिए आप दुर्योधन नहीं बन सकते तो शल्य भी मत बनिए श्रीमान्.. 
आप उसके राजनीतिक फेसलों पर सवाल भले ही उठा सकते हों, लेकिन उसकी राष्ट्रवादीता पर नहीं..
कोसना बंद कीजिए.. उसे अच्छे से पता है उसे क्या करना है..",CAG,1
facebook_corpus_msr_364519,"Ham modi Ji se puchh rahe hai aur arun jetali ji
Aap kewal kari ninda karte  ye kari ninda  ka Matlab kya hai aap log Pakistan  ko jabab Kyo nahi de rahe hai sena ko aadesh dijiye ki Pakistan agar 1 fair Kar raha hai to tum 10 fair karo Ek 25 se 30 Karor wala desh sawa 100 Karor pe bhari par raha hai kyo ki aap log aadesh nahi de rahe hai aadesh  de Kar dekhiye abhi 4 din me sant ho jayega 10 Sal ke liye plise   modi Ji and jetali Ji aap log se  niwedan hai plise Bahut ho Gaya ab saha nahi ja raha hai pani nak ke upar ho Gaya  hai",CAG,1
facebook_corpus_msr_364523,"Haule tum log ese hi chilate raho kuch nahi hone wala hain is Indian ko except ninda aur shock prakat god hi save kare is India ko ,only gossip ke aalawa kuch nahi hain dub maro",CAG,1
facebook_corpus_msr_364525,Hahaha tum logo ne mera lun kya hai sarjicl strike  Pakistani ne sarjicl strike kya hai tumhari media khud itraf kr rhi h,CAG,1
facebook_corpus_msr_364530,"भारत जितना अधिक बर्बाद हो रहा है उतना ही भारत को बर्बाद करने की इंग्लैंड की नीति सफल हो रही है। भारत के भ्रष्टाचारी नेताओं, पाकिस्तान के शासकों और आतंकवादियों के मालिक एक ही हैं। इनके असली मालिक तो वे विदेशी शासक हैं जिन-जिन इंग्लैंड + अमेरिका + स्विट्जरलैंड + दुबई आदि देशों में भारत और पाकिस्तान के भ्रष्टाचारी नेताओं ने अपने-अपने देशों से लूटा हुआ धन रखा हुआ है। उन विदेशी शासकों के दबाव में ही भ्रष्टाचारी नेता भारत को बर्बाद करने में लगे हुए हैं क्योंकि भ्रष्टाचारी नेताओं पर ये दबाव रहता है कि यदि इन्होंने विदेशी शासकों के अनुसार काम नहीं किया तो विदेशी शासक भारत के भ्रष्टाचारी नेताओं की सम्पत्ति जब्त करने के साथ-साथ सम्पत्ति की जानकारी भारत के नागरिकों को दे देंगे। भारत की भ्रष्टाचारी सरकारें रक्षा, कृषि और आर्थिक नीति वैसी ही बनाते हैं जैसा कि विदेशी शासक चाहते हैं। इसीलिए भारतीय सेना का अत्याधुनिकरण नहीं किया गया, स्वदेशी कृषि को बर्बाद करने के नये-नये तरीके ढूंढे जा रहे हैं ताकि विदेश से अनाज आयात करें भ्रष्टाचारी सरकारें, स्वदेशी तकनीक वाले उद्योग को प्राथमिकता नहीं दी जा रही है और विदेश की कम्पनियों को प्राथमिकता दी जा रही है। पेट्रोल पंप, ताबूत, व्यापम, दिल्ली MCD, DDCA आदि घोटाले करने वालो ने और बोफोर्स, 2जी, कोयला आदि घोटाले करने वालो ने देश को लूटने और बर्बाद करने में कोई कसर बाकी नहीं छोड़ी। देशहित को पीछे छोड़कर जबतक हम अपने-अपने व्यक्तिगत स्वार्थ के कारण अपनी-अपनी राजनीतिक पार्टी/नेता को प्राथमिकता देते रहेंगे तबतक हम यूँ ही बर्बाद होते रहेंगे। भाषणों से और मीडिया द्वारा बनवाई गई छवि से भ्रमित ना होकर देखना हमें ये चाहिए कि किसी भी राजनीतिक पार्टी/नेता ने सरकार में आने के बाद देशहित में काम क्या किया। एक दंभी देशभक्ति का और दूसरे सेकुलरिज्म का ढोल बजाते रहो, अपनी-अपनी राजनीतिक पार्टी/नेता का राग आलापते रहो और अपने देश को बर्बाद करते रहो। यही हो रहा है।",CAG,1
facebook_corpus_msr_364536,Modi ji aap to bole the pakistan ko osi ke bhasa main jawab dena hai tokab tak aap jawab dejye ga kiya 56 inch ka sina itna naram par gaya hai,CAG,1
facebook_corpus_msr_364538,Are yar yahan desh ki bat horahi hai aur Tum kiya bat kar rahe ho,CAG,1
facebook_corpus_msr_364542,"कितनी अजीब बात है कि एक काल्पनिक केरेक्टर बाहुबली की मौत का राज जानने के लिए पूरा देश थिएटरों पर उमड़ा पड़ा है ।काश कि इतने लोग मिलकर सरकार के सामने खड़े होकर यह पूछते कि बताओ आतंकवादी और नक्सलवादी हमारे फौजियों को कैसे मार  रहे हैं, तो देश की तस्वीर ही बदल जाती ।",CAG,1
facebook_corpus_msr_364549,Ham log ko Pakistan se koi bhi dost ki hath nahi karna chaye atal jee ne Pakistan se dosti ka hath milaya tha lakin Pakistan ne  kya kiya toot pado Pakistan ke upar ye  kab tak chalega aisa,CAG,1
facebook_corpus_msr_364552,Jis trah se surgical strike k bjp poster chipka kr credit le rhi thi jaise army ne nhi in bjp k netaon ne surgical strike kiya ho Isi trah army ki sahadat k bhi credit inhi bjp k netaon ko jana chahiye,CAG,1
facebook_corpus_msr_364555,"मोदीजी आगर आप के पास काश्मीर, नक्सलवाद, आतंकवाद, बांगलादेशी घुसपेठ, पाकिस्तानी मुल्ले, भारत मे रेहने वाले कुत्ते कि नस्ल, हिन्दुवो पर हो रहा अत्याचार, कलाम ३७०, सामान नागरी कायदा और राजकीय मुस्लिम चाटूगिरी का कोई हाल नाही है तो..... प्लिज... प्लिज .... आप अपने पद से इस्तीफा दे दिजीये ..... हमे काँग्रेस मुक्त नाही .... उपरोक्त गंदगी मुक्त भारत चाहिये ....!!!!!!",CAG,1
facebook_corpus_msr_364563,"Es baar nya word sun ne k liye mila karara jawaab milega,wrna kdi ninda sun sun k pk gya tha,",CAG,1
facebook_corpus_msr_364564,कब और कितने सर काटने के बाद कहां है वो एक के बदले दस सिर क्या वो सिर्फ चुनावी भाषण ही था,CAG,1
facebook_corpus_msr_364566,"Avi Kuch ghanto Baad aisa news aayega ki bhartiye Sena ne badla le liye 
Lekin ye nhi karenge ki maara Q ?",CAG,1
facebook_corpus_msr_364568,"सैनिक शहीद हो रहे हैं उनके साथ बर्बरता हो रही है नक्सली और आतंकवादी बेखौफ घूम रहे हैं! और आप लोग विजय दिवस मना रहे हैं मोदी जी देश की उम्मीदो को मत तोड़ो, देश देख रहा है",CAG,1
facebook_corpus_msr_364571,Modi ka 56inch ka seena Kha gaya aur who motoo amit shah muh kiu nahi khool raha hai,CAG,1
facebook_corpus_msr_364572,Bolta hi rahega buss ......Wo aaaate Sabb kuch Karke challle Jattte or Hamare mantri buss karte hai kuch,CAG,1
facebook_corpus_msr_364574,Rss vhp bajrandall waloun ko bhejo border me tab jake Pakistan ki eet se eet bajayega,CAG,1
facebook_corpus_msr_364576,Bharat kuch nhi krega bharat bs tamasha dekhega or media tamasha banayegi,CAG,1
facebook_corpus_msr_364577,Ghar me ghus kr maro kb tk hum ye sub shenge wo ate h marte h mar k khelte h or chle jate h rajniti ne sara desh duba dia in netao ko khda kro border pr tb inhe ehsas hoga k ye kya kr rhe h sbse age mamta and soniya ko khda kro,CAG,1
facebook_corpus_msr_364580,राजनाथ सिंह जी ने पाकिस्तान पर कड़ी निन्दा की मिसाइल छोड़ दी है बस कुछ ही पलो मे पाकिस्तान नेस्तनाबूद हो जायेगा ।,CAG,1
facebook_corpus_msr_364584,Modi ji hamara trust khatam hota ja raha hai sirf bol bacchan hi rah jayega,CAG,1
facebook_corpus_msr_364585,Pm kaha hai.bodla lena unko joruri hai kiya nahi.kya kami hai hindustan mai.plz pm ji kuch to koro .ye jawan k liye .,CAG,1
facebook_corpus_msr_364587,In kayar pakistani sena ke upar hamla kyo nhi krte ho.mita do salo ko...sirf jumle baji se kuchh nhi hoga.,CAG,1
facebook_corpus_msr_364588,"Ninda mantralaya.birodmantralaya' t.v mai kaun kaun baithna hai'aur aak ghor.birodmantralaya""jarur banana chaiiya..",CAG,1
facebook_corpus_msr_364589,जब जब आप देश के जवानों की शहीदी पे सख्त कार्यवाही न कर निन्दा करते हो तो मौनी बाबा की याद आजाती है ! आखिर फर्क क्या है आप दोनों में ? आखिर क्यों न जब तक बदला न लेलिया जय तब तक सहीदो को संसद भवन के सामने रखदेना चाहिए ???  ताकि नेताओं का बंद आँख खुलजाय,CAG,1
facebook_corpus_msr_364590,"Ye jetli kuch nahi kar payrga except ninda, finance manager ban ke to name duba hi diya ab difence ministry ka bhi name dubayega",CAG,1
facebook_corpus_msr_364593,Dash ke jawano ka badla lo modi varna chulu bhar pani me dub maro,CAG,1
facebook_corpus_msr_364594,जबाब का इंतजार तीन साल से हो रहा है परीक्षा मे भी जबाब के लिये केवल तीन घंटे मिलते है किया पाक को जबाब     देने के लिये कोई टाइम लिमिट नहीं है शैम मोदी एंड पार्टी,CAG,1
facebook_corpus_msr_364595,कब और कितने सर काटने के बाद कहां है वो एक के बदले दस सिर क्या वो सिर भाषण ही मोदी जि ने सभी सेन फुल पाउर देनाचाहिय शिधा गोलि मार देना,CAG,1
facebook_corpus_msr_364596,Government ko chahiye ki Indian army ko bhi   bole ki unke mulk me ghuske mare,CAG,1
facebook_corpus_msr_364597,2012 से लेकर 2014 तक यानी 3 साल सिर्फ 174 सैनिक शहीद हुए और सिर्फ एक साल में  यानी 2015 ●2016 तक 237 जवान शहीद हुए येही 56 इंच सीना है,CAG,1
facebook_corpus_msr_364601,"जम्मू-कश्मीर के पुंछ सेक्टर मे पाक की फायरिंग, दो जवान शहीद, राजनाथ सिंह के घर पर बैठक, फिर ठोस कदम और कड़ी से कड़ी निंदा की तैयारी है😡😡",CAG,1
facebook_corpus_msr_364602,"एक भक्त और एक आपिए कोंग्रेसी वामी में एक बेसिक अंतर होता है. जब देश की बात आती है तो भक्त आहत होता है, अपनी सरकार पर प्रश्न उठाता है, उसे कोसता है, उसे ऐक्शन लेने के लिए मजबूर करता है. यही बात भाजपा समर्थकों को अलग बनाती है, वह बात राष्ट्र की करते हैं भले ही उसके लिए उन्हें अपने मंत्री के ख़िलाफ़ बोलना हो.

एक वामी कोंग्रेसी आपिया जैसे ही देश पर हमला हो मन ही मन ख़ुश होता है की वाह मोदी को कोसने का एक और मौक़ा मिला। लेकिन जैसे ही सेना कोई ऐक्शन लेती है तो वह सबसे पहले सबूत माँगने लगता है. आतंकियों के एंकाउंटर होते ही पुलिस को जेल भेजने की माँग करने लगेगा . यह बेसिक अंतर था है और रहेगा.",CAG,1
facebook_corpus_msr_364603,"Nindaa maamaa 

Eenth ka jawaab pathar se kab doogay

Wo hamare 4 jawaan maarey hai 
Tum unke 40 kb maaroge ?

#feku",CAG,1
facebook_corpus_msr_364604,"अजित वर्मा ने स्मृति ईरानी को 1000 का चेक भेजा था, चूड़िया खरीदने के लिए।
लेकिन सुनने में आ रहा है स्मृति ईरानी ने 1000 का गोलगप्पे खा गई😂😂😂",CAG,1
facebook_corpus_msr_364605,Kaya Javab Dega Garh Mantri Ka Kuch Pata NAhi Shayad Aane wale chunao ki tyari me lage huve hai .......Aur Prdhan Mantri to Abhi Vahi Hai 3Talak Par Javano ki kisko padi hai 25 Kuch din pahle shaid hogae Aur do Abhi Kal bhi kuch hoga to bhi koi Acshan Hoga is ki Umed nahi Hai abhi .............Shayad Kisi Super Man Ka intejar kar rahe hai,CAG,1
facebook_corpus_msr_364611,Her bar to bolte hai makul jawab denge per ninda k alaw kuchh bhi nhi kar pa rahe hai,CAG,1
facebook_corpus_msr_364612,"पाकिस्तान कॊ सबक सिखाना ही पड़ेगा...
 मोदीजी देश की जनता आपके  साथ हॆ धो डालो सालों कॊ विश्वास करो हिंदू क्या मुस्लिम क्या सिख क्या सब आपके साथ हॆ...बहुत हो गया अब देखा नही जाता..???",CAG,1
facebook_corpus_msr_364615,Jawab denge woh karte rahenge kuch bi karo .. India ne sirf War ka sochna Chahiye hai Jo Lahore Islamabad Pe Kabja ho,CAG,1
facebook_corpus_msr_364616,Ghanta jawab diya jayega.hamary sainik mar rahy hai aur sarkar tamasha dekh rahi hai,CAG,1
facebook_corpus_msr_364618,"पता नहीं कब देगा माकूल जवाब।
यह भी पता नहीं देगा भी या नहीं भी देगा।
अबकी बार तो गृहमन्त्री ने जबान से भी हमला नहीं बोला ना ही प्रधानमंत्री ने।",CAG,1
facebook_corpus_msr_364619,Sharam ki baat h pakistank ki sena b hamare desh k andar aa jati h aur jawan ko mar deti h kya ho raha h yeh kya papar par hi h security aur vikaas,CAG,1
facebook_corpus_msr_364620,Ab bharat ka pm koi ladka bana chiye jo turant kaam kare naki ninda bol kar bad me kuch na kare agar bo kare to bhart ki in par goli ki bochar kare,CAG,1
facebook_corpus_msr_364624,"Balidan bekar nahi jayega, Kadi ninda ke bad ab kara jabab nya samik kiya gya hai",CAG,1
facebook_corpus_msr_364627,jhot mat bolo indian media ..indian khud phly fair krty han phr dum daba kr bhag jaty han,CAG,1
facebook_corpus_msr_364628,मरने दो यार क्योंकि मेरे देश के लोग IPL देखने में मशगूल हैं और मेरे देश के आका मन की बात कहने में।😜😆😃🤣😝,CAG,1
facebook_corpus_msr_364631,(-)performance in media @kbhi isne ye khaya isne ye pita karara nawab mileage ..... Are mai to khaya hu ye media dikhana Kya chahta hai @ kisi,CAG,1
facebook_corpus_msr_364632,Is ko bolti hin sarjicl strike  dushman khud itraf kr rha hai Pakistani army zindbad,CAG,1
facebook_corpus_msr_364633,"निंदा करने के लिए एक अलग मंत्रालय होना चाहिए ,निंदा मंत्रालय और निंदा मंत्री।",CAG,1
facebook_corpus_msr_364637,"Tv channel  ko do din ka breaking News mil gaya chaloa koi mantri kaya bolta hay, channel  balo c ka toh kamai hi kamai",CAG,1
facebook_corpus_msr_364639,Ab  Aar  par  ki  jung  karo  roj  teen  mare  hamare  jawan  sahid  ho  rahe  hai  sun  sun  ke  kan  pak  gye,CAG,1
facebook_corpus_msr_364640,ANDHE BHAKTO KO CHAHIYE..... MODI JI KO jagaye..... MODI JI KO PRACHAR MUKT kare taki woh kuch kaam kar sake.....,CAG,1
facebook_corpus_msr_364641,sir iss pagal pakistan ka kuch ilaj kriye pani sar se uper ho rha hai plssss...,CAG,1
facebook_corpus_msr_364642,"हमारे धौर्य की परीक्षा ना ले पाकिस्तान 
हम अभी गाय, मंदिर और तीन तलाक में व्यस्त है।",CAG,1
facebook_corpus_msr_364643,Kabhi suna bjp Congress rss k bare neta ka beta army mai margaya,CAG,1
facebook_corpus_msr_364653,Kahta ho khali kerna nahi hai kit na foji marvana diya,CAG,1
facebook_corpus_msr_364654,BJP kadi ninda kardega baat khatam. BJP ka ek Nara Mar Jawan mar Kishan,CAG,1
facebook_corpus_msr_364656,Kya ghanta jawab dega?? Wo 56 chhati waley waley babaji kidhar hai???,CAG,1
facebook_corpus_msr_364664,kab??? congress ki sarkar aayegi tab??? karna bjp ko hi kar dalo....ab der mat kariye,CAG,1
facebook_corpus_msr_364675,Unn salaa pakistani fojee ko man jagah pe gole mar do tadap ke mar ja aa ga sala Jai Hind,CAG,1
facebook_corpus_msr_364678,"BHUT HUE NINDA,,,,,AB BUS ACTION HONA CHAHIYE,,,,,,,AUR PAKISTAN NAKSHE SE KHTM",CAG,1
facebook_corpus_msr_364682,Modi Rs deta he esi liye uske samne avaj nahi uthate,CAG,1
facebook_corpus_msr_364685,Ab or jyada kadi ninda karega jisse use atek a jayega,CAG,1
facebook_corpus_msr_364686,"नेपाल का बोडर जैसा माना होगा 
नेपाल मे घुस कर दादागिरी देखाता हो न ।",CAG,1
facebook_corpus_msr_364692,भाई सरकार का मुँह तोड़ जवाब है कड़ी से कड़ी निंदा ।।    जो ये लोग हर बार बहुत अच्छे से देते है,CAG,1
facebook_corpus_msr_364695,Abhi tak jawab dena baki hai main socha de diya hoga,CAG,1
facebook_corpus_msr_364696,Tum logo se kuch nahi hoga tum ninda ke alawa kuch nahi kar sakte ho,CAG,1
facebook_corpus_msr_364697,Dalal media 25 CRPF ke  jawano ko bhul gaya...!!!,CAG,1
facebook_corpus_msr_364702,"छप्पन इंच का सीना है , कड़ी निंदा करके जीना है ।",CAG,1
facebook_corpus_msr_364705,ia sab kuch nehi karte sirf ghor ninda karte hai....sale..kuch karo,CAG,1
facebook_corpus_msr_364709,आज अटल बिहारी वाजपेयी जी को होना चाहिए था मोदी कुछ नहीं कर सकते हैं हे,CAG,1
facebook_corpus_msr_364713,बजेपी वाले बस निंदा करते रहो नेताओ के बच्चे सुरक्षित और  सैनिक  शहिद होते रहे,CAG,1
facebook_corpus_msr_364716,भारतकाे ईज्राइल बन्ना पडेगा वर्ना भारत कुछ नहि कर सकेगा ।,CAG,1
facebook_corpus_msr_364718,4 word aur 4 din bad bhul jayege janta agli vardat tak,CAG,1
facebook_corpus_msr_364730,Kaash aaj hamare p.m modi g hote Pakistan ka naash ker dete,CAG,1
facebook_corpus_msr_364731,Bharat kuchh nhi krega... Kyo ki fakne wali sarkar hai,CAG,1
facebook_corpus_msr_364734,TANG HI IS NINDA SE DESH PLZ AAP APNI NIND ABHI V KHOL LIJIYE,CAG,1
facebook_corpus_msr_364740,jitane bhee neta hai sab churiya pahan ke ghar mai baith jao,CAG,1
facebook_corpus_msr_364745,Bilkul Pak ko juwab nhi dege BJP. Wale desh ke gardeb muslmano ko marege,CAG,1
facebook_corpus_msr_364751,ओर pm g कहेते हैं कि बलिदान खली नही जाएँ गा,CAG,1
facebook_corpus_msr_364752,Desh ki sarkar nalayek he or modi feku  he,CAG,1
facebook_corpus_msr_364756,यह मोदी कुछ नहीं करपाएंगे सिर्फ निंदा करने में आगे हैं बस सरजिकल सट्राइक भी फर्जी था,CAG,1
facebook_corpus_msr_364760,Moji aaj to foji bhai ko khule chot d do k aaj bi choct hi rho ge,CAG,1
facebook_corpus_msr_364764,Kab tak hamare jawan shahid ho rahe ge..iska koi jwab h,CAG,1
facebook_corpus_msr_364773,कब दिया जायेगा  बताओ देश की जनता को  अब बहुत हो चुका,CAG,1
facebook_corpus_msr_364775,"Sirf bolne se kuch nhi hoga
Sale SB chiz me rajneeti krte ho",CAG,1
facebook_corpus_msr_364781,Karara jabab  sabd se sayad pak apni harkato se baj aaye..,CAG,1
facebook_corpus_msr_364784,Ninda se kuch nhi hota hai modi Ji kuch karo,CAG,1
facebook_corpus_msr_364785,Hahaha pehlay kab hoye thi sergical strike 1965 mia salley gothe,CAG,1
facebook_corpus_msr_364786,Modi bolte 56 inch sina he but ab zero he modi ka sina ????,CAG,1
facebook_corpus_msr_364791,जय श्री राम जब तक पाकिस्तान पर दो स्ट्राइक और नहीं होगी पाकिस्तान नहीं कब जाएगा आएगा,CAG,1
facebook_corpus_msr_364794,Ninda aur bhartsna he karo aur kuch nahi kar sakte,CAG,1
facebook_corpus_msr_364796,main bohot ninda karta hu  jawan ki shahdat bekar nahi jayegi,CAG,1
facebook_corpus_msr_364797,शहीदों की शहादत नही जायेगी बेकार ये सुनते सुनते मोदी राज मे शहीदों की स्न्खीया 400 के पार जय हिन्द,CAG,1
facebook_corpus_msr_364812,Karara jawab kya 2019 k election k baad do ge,CAG,1
facebook_corpus_msr_364822,Bhart Sarkar Aakramak rukh Aapnaye Nahi To BJP nahi tikne Vali,CAG,1
facebook_corpus_msr_364823,"Mode ji56""ka sina kha gya us samay to bole ek badle10",CAG,1
facebook_corpus_msr_364830,मोदी जी  uno मे सीकाय्त करो और कूछ नही कर सकते,CAG,1
facebook_corpus_msr_364845,lekin kab  ja sare worat bidhwa ho jayega tab,CAG,1
facebook_corpus_msr_365076,Bcci khud metch fix krati h pesa kmane ka sortkat  h . pleyars bhi chor ho gye h,CAG,1
facebook_corpus_msr_365078,mum chahey jitney v match jeet le but RCB HAAR K USSEY 3 DOUBLE PAISE KAAMA RAHI HAI,CAG,1
facebook_corpus_msr_365079,IPL me Koi bhi team jeeto lekin mulle shahruk Khan k team KKR nahi jeetna chahiye....o desh k liye gaddar h,CAG,1
facebook_corpus_msr_365102,Sale m bnabat hi kuch jada aati ja rhi h,CAG,1
facebook_corpus_msr_365310,Yahan bjp ke liye tough hoga kyonki yahan congress fight me hai...,CAG,1
facebook_corpus_msr_365318,bas time aa gaya hay sir,CAG,1
facebook_corpus_msr_365324,"BSS sir thoda sa samaye Baki Hai...jaise hi sainikon par pathar Marne wale Atanki Gaddaron Ko safaya ho jayega waise hi Atankiyon Or Pakistaniyo ka kaam tamam ho jayega Sir..
Don't worry Sir..desh abb majbut or surakshit hathon mein hai sir..
Atankiyon Desh k gaddaron unke akaon or supporters tatha nakshali unke akaon or supporters k bure din shuru ho chuke hain.. ye  Modi Ji ki sarkar hai Sir Or Jab tak akhari atankwadi nakshali Gaddar uske akka Supporter ko unke akhari anjam tak nhi pahunchati chain se nhi bethegi..kintu parantu lagakar justify karne walon k din abb Gaye..ye sab dhare jayenge Sir..pata hi chal raha hai ki kitne pakade ja rahe hain or kitne mare ja rahe hain..
Jai Hind Jai Bharat..",CAG,1
facebook_corpus_msr_365326,dekhte h bhai bcz is bar congress takkar me h,CAG,1
facebook_corpus_msr_365330,Abe ek khatam nahi hota or ye doosre k liye target set kar lete he.... Kya BJP desh me sirf chunav jitne k liye utri he????,CAG,1
facebook_corpus_msr_365334,अरे साहिब आप तो पूरी दुनिया की न्यूज़ मे बीसी हो पर कभी राजस्थान के जिले जालौर   और पाली सिरोही  मे जाकर वहाँ के लोगो को पूछिये की यहाँ पर विकास हुया हे यह नही मेरे हिसाब से वहाँ पर पानी बिजली और सड़के कुश भी नही हे और सबसे बड़ी समस्या हे तो वो हे सिर्फ किसानों के खेत मे पानी की और sir  मेरे बात नही माननी हे आप खुद जाकर देख लो ओक़ plz plz plz sir,CAG,1
facebook_corpus_msr_365336,Rajasthan walo se request h maojoota halat dekh kr vote de .....sirf  gaurakcha se vote kamane walo ko army ki javano ka jhayal hi Nhi h,CAG,1
facebook_corpus_msr_365347,"Hamare Senik kab tak shaheed honge...

Kab tak hum media Bazi...Se hero Banege

 Media ki Bato jesa zoordaar Hamla sach mei karenge KB...

 Pakistan Ko Okaat mei rakhna bhi bas ki baat nhi...

. Desh ki Janta Ko KB tak media se Bewakuuf Banwate Rahoge..

Hamara Bharat Desh kabhi maaf nhi karega.... jai hind",CAG,1
facebook_corpus_msr_365350,पहले यहा की जनता का मुड तो देख लेते,CAG,1
facebook_corpus_msr_365364,Mushkil Hai Maharani Jo Behti hai,CAG,1
facebook_corpus_msr_365365,jet k siwa aur kuch mt krna,CAG,1
facebook_corpus_msr_365367,200 hi jeet skte ho .evm hai na,CAG,1
facebook_corpus_msr_365368,ni yha mulle ni h jo h unki chlti ni,CAG,1
facebook_corpus_msr_365372,"Asteen k sampon k liye.
BSS sir thoda sa samaye Baki Hai...jaise hi sainikon par pathar Marne wale Atanki Gaddaron Ko safaya ho jayega waise hi Atankiyon Or Pakistaniyo ka kaam tamam ho jayega Sir..
Don't worry Sir..desh abb majbut or surakshit hathon mein hai sir..
Atankiyon Desh k gaddaron unke akaon or supporters tatha nakshali unke akaon or supporters k bure din shuru ho chuke hain.. ye  Modi Ji ki sarkar hai Sir Or Jab tak akhari atankwadi nakshali Gaddar uske akka Supporter ko unke akhari anjam tak nhi pahunchati chain se nhi bethegi..kintu parantu lagakar justify karne walon k din abb Gaye..ye sab dhare jayenge Sir..pata hi chal raha hai ki kitne pakade ja rahe hain or kitne mare ja rahe hain..
Jai Hind Jai Bharat..",CAG,1
facebook_corpus_msr_365377,Mushkil,CAG,1
facebook_corpus_msr_365378,dk boso inke alawa bhi news chLa liya kro,CAG,1
facebook_corpus_msr_365387,"Arakshan or Atank Dono ek hi sikke k do pahalu hain.. JNU iska example hai. Atank jahan manwata ka dushman hai wahin Arakshan yogyata ka dushman hai.. Or inko jad se mitana jaruri hai.. Atank Or Arakshan hatao Desh bachao..

BSS sir thoda sa samaye Baki Hai...jaise hi sainikon par pathar Marne wale Atanki Gaddaron Ko safaya ho jayega waise hi Atankiyon Or Pakistaniyo ka kaam tamam ho jayega Sir..
Don't worry Sir..desh abb majbut or surakshit hathon mein hai sir..
Atankiyon Desh k gaddaron unke akaon or supporters tatha nakshali unke akaon or supporters k bure din shuru ho chuke hain.. ye  Modi Ji ki sarkar hai Sir Or Jab tak akhari atankwadi nakshali Gaddar uske akka Supporter ko unke akhari anjam tak nhi pahunchati chain se nhi bethegi..kintu parantu lagakar justify karne walon k din abb Gaye..ye sab dhare jayenge Sir..pata hi chal raha hai ki kitne pakade ja rahe hain or kitne mare ja rahe hain..
Jai Hind Jai Bharat..",CAG,1
facebook_corpus_msr_365392,प्रचार मे लग जाओ फिर।,CAG,1
facebook_corpus_msr_365411,Jai ho,CAG,1
facebook_corpus_msr_365415,Kya ha ya bolo,CAG,1
facebook_corpus_msr_365419,Lgta hain mission 18 me change ho skta hain,CAG,1
facebook_corpus_msr_365425,JAi ho,CAG,1
facebook_corpus_msr_365449,Rane ko chang karo,CAG,1
facebook_corpus_msr_365452,MATLAB EBM KI SATINGH PAki,CAG,1
facebook_corpus_msr_365459,bjp je nad bhaj,CAG,1
facebook_corpus_msr_365472,"Please Sir ek issue h jise Media chahe to utha sakta h...
Bo yeh h ki kisi ko b neta bnane k liye koi b criteria nhi h, lekin ab aap log bas ek aawaj uthao ki agar kisi ko neta banna h to bo Kam se Kam 5 saal Army me lagya huya ho or bo b J&K or Naxal Ilaqe me phir dekhna kbi b koi b senik Shaheed  nhi hoga. Ye is desh ki gandi Rajneeti ka natiza h jo ye Jawano ke shaheed hone par apni gandi Rajneeti ki Rotiya sekte h or char din baad sab bhool jate h
Jab khud aage jake dushman ki goli ka samna karenge tabi samaj me aayega.",CAG,1
facebook_corpus_msr_365474,"Hum is hamle ki kari ninda krte hai. Or hmari army pr attack krne walo ko muh tor jawab dia jayega.
Thodi hi der mai meetings b hongi.
Iska hamle ka badla lene k liye pakkstan ko briyani bheji jaye ya fir kasmiri stal... ?😀",CAG,1
facebook_corpus_msr_365478,Kya humare yahan se Pakistan Jake koi Itna bda kand kr sakta hai ...Nhi n....Himmat to humane hi baadhai hai unki,CAG,1
facebook_corpus_msr_365480,"मोदी सरकार से अनुरोध है की आगे से कोई रक्षा सौदे ना करें,
क्योंकि जब हथियार चलाने ही नहीं है तो खरीद के क्या आचार ड़ालना है??? 😡😡😡",CAG,1
facebook_corpus_msr_365481,"अब सौ गय सारे देश भक्त कहा गई देशभक्ति। 
मेर सभी देशवासियों सबको एक होने का वक्त आ गया है कि इन भर्शट नेताओं पर जुता मरने का।यह बस नोट और वोट बटोरने के लिए है बस",CAG,1
facebook_corpus_msr_365482,"नफ़रत वाले मज़दूरों को भेजो ना,
साध्वी प्राची सी हूरों को भेजो ना !
गाय के नाम पे जो आतंक मचाते हैं,
सरहद पर उन लंगूरों को भेजो ना !",CAG,1
facebook_corpus_msr_365483,Modi jee agar opposition me hote to Pakistan ka namonishan mita dete. Bhakton chillao modi modi modi,CAG,1
facebook_corpus_msr_365484,लेकिन हमसे लोकसभा चुनाव के वक्त कहा गया था कि अगर #मोदी जी देश के PM होंगे तो #पाकिस्तान थर थर कापेंगा। #जुमला था क्या वो?,CAG,1
facebook_corpus_msr_365485,tumhe Abhi malum hova he...hame to oshi din Malum cal Gaya tha JAB Modi pirdhan mantry ki Shapat lekar Hindustan ko Bina information diye Pakistan nawaz sarif ki happy birthday me cake Biryaani khane Gaya the...or tum kiya Sam jhe the...Ye Gadha Pakistan Se 10 Sar Lene Gaya tha..your rong mere dost tum...Tumne Jisko share Samaj kar vot kiya dara Sal Voto dabang film ki munni nikli...Phele wala pirdhan mantry Salana 19 Jawano ko Sahid kar waya karta tha..or Ab Ye Caay wala Salana 95 ve Sahid kar wata he...Agla kejriwal ko banwa diyo Vo Senculy kar dega...or Agar tum Chate ho ke Jawan is Tarha ki zaleel mouth marna Band ho Jay to phir ek dafa kisi Bhi Hindustani mosalman ko Bana kar dhek loo ye mera Wada he Mandir ke Bahar Se cappal kisi ki himmat nahi hogi Lee Jaay...Armey ka Jawan Tak phucne ke liye to yamrud ka Bhi mukabla kam pad Jaay Ga...Baki tumhari Jesi soc wesa Sam jho or karo,CAG,1
facebook_corpus_msr_365486,Isko kehtey hain surgical strik aur haan suno surgical strik ka proof nahi dena parta hai samjhey,CAG,1
facebook_corpus_msr_365488,"पीएम का नाम ""गिनीज बुक ऑफ वर्ड रिकार्ड"" में दर्ज होगा......दो वजह से :-
1.सबसे ज्यादा फेकने वाला पीएम,जो कहता है वो कभी करता नहीं......मोदी का डायलॉग होगा ""जो हम कहते हैं वो हम कभी करते नहीं और जो हम नहीं कहते वो तो करेगें ही नहीं......
2. 56"" वाले पीएम मोदी के समय सैनिको को सबसे ज्यादा श्रंद्धाजलि दी गयी,मोदी के मूर्ख भक्त इसे भी मोदी की उपलब्धि मानेगें और ताली पीट-पीट कर कहेगें मोदी का नाम गिनीज बुक ऑफ वर्ड रिकार्ड में आना चाहिये.......😢",CAG,1
facebook_corpus_msr_365489,hum iss hamley ka kadi ninda kortey hey... inka bolidan bekar nhi jaygi..,CAG,1
facebook_corpus_msr_365496,Him iski kadi ninda krte hai abhi kisi kaayar ka byaan ayegaa,CAG,1
facebook_corpus_msr_365498,Sab fixing hoti hai jammu ki pm aur aatankwadiyon ke bich me..,CAG,1
facebook_corpus_msr_365501,"दिखा दो देश के वीर जवानो अपना पराक्रम , हरामी पाकिस्तानियो को लाहौर तक घुसेड़ आओ ।",CAG,1
facebook_corpus_msr_365502,Pm kya kor rohe hai.agar unka beta hota ya batija hota to unko duk lagta.,CAG,1
facebook_corpus_msr_365510,Kya Modi sarkar ki Kashmir policy fail he Bakvas bandh Karo Bahaduri batavo Modiji,CAG,1
facebook_corpus_msr_365518,"ISKA NETAO PAR KOI ASAR NAHI PADTA, GARIB ADMI KAHI BHI MARE, POLICEWALO SE, NAXAL SE, BORDER PE, YE SIRF JATI DEKHTE HAI JAHAN SE VOTE ATI HAI (VAISE BHI YE IPL KA MATCH NAHI HAI) .",CAG,1
facebook_corpus_msr_367400,Dalaali ka aalam dekhiye ki......dalaal media koi behes nahi karva raha ....na hi modi pe savaal khade kar raha hai aur na hi defence minister ka istifa......dalaali itni jyada hai ki agar behes hoti bhi hai toh dalaal media bjp ke spoke person ke hisaab se bolti hai n ulta vipaksh se hi savaal karne lagti hai..... Par galti desh ki janta ki hai....yeh dekhte huye bhi ki modi raaj main aisi ghatnaaye aur bhi bad gayi hai.....aatanki ab army camps n base main ghusne lage hai....bjp Wale ISI agent nikal rahe hai.....uske baad bhi...janta inko jeeta rahi hai...kyoki bjp n modi farzi desh bhakti ka dhong karte hai....n unhone desh ki janta ko Hindu Muslim main uljha ke ullu bana diya hai......koi bhi user....istife ka post nahi likh raha .......ab ati ho chuki hai.....defence minister ka istifa hona hi chahaiye.... Modi ki besharami ab nahi chalegi.....dalaal media desh ko barbaad na kare....modi ki naakaamiyo ko chupaake...aur desh ko gumrah karke,CAG,1
facebook_corpus_msr_367401,"plz bro thoda short me type kizye
hame  malum hai aap undbhakt hai modi or yogi k khilaf 1 bhi bol nhi sunsak te chahe wo sahid javano ki mot ka ho ya fir police ki mot ka ho",CAG,1
facebook_corpus_msr_367409,Atcha agar mere jaise musalman ye sab kar rahe hai to ..tere jaise hinduo ki to sarkar hai to action Kyo nahi lete. ..kon rok raha hai .....,CAG,1
facebook_corpus_msr_367411,"भारत जितना अधिक बर्बाद हो रहा है उतना ही भारत को बर्बाद करने की विदेशियों की नीति सफल हो रही है!
भारत के भ्रष्टाचारी नेताओं,पाकिस्तान के शासकों और आतंकवादियों के मालिक एक ही हैं,इनके असली मालिक तो वे विदेशी शासक हैं जिन-जिन इंग्लैंड,अमेरिका,स्विट्जरलैंड,दुबई आदि देशों में भारत और पाकिस्तान के भ्रष्टाचारी नेताओं ने अपने-अपने देशों से लूटा हुआ धन रखा हुआ है। 

उन विदेशी शासकों के दबाव में ही भ्रष्टाचारी नेता भारत को बर्बाद करने में लगे हुए हैं क्योंकि भ्रष्टाचारी नेताओं पर ये दबाव रहता है कि यदि इन्होंने विदेशी शासकों के अनुसार काम नहीं किया तो विदेशी शासक भारत के भ्रष्टाचारी नेताओं की सम्पत्ति जब्त करने के साथ-साथ सम्पत्ति की जानकारी भारत के नागरिकों को दे देंगे!
पेट्रोल पंप,ताबूत,व्यापम,दिल्ली MCD,DDCA आदि घोटाले करने वालो ने और बोफोर्स,2जी,कोयला आदि घोटाले करने वालो ने देश को लूटने और बर्बाद करने में कोई कसर बाकी नहीं छोड़ी!
देशहित को पीछे छोड़कर जबतक हम अपने-अपने व्यक्तिगत स्वार्थ के कारण अपनी-अपनी राजनीतिक पार्टी/नेता को प्राथमिकता देते रहेंगे तबतक हम यूँ ही बर्बाद होते रहेंगे!
भाषणों से और मीडिया द्वारा बनवाई गई छवी से भ्रमित ना होकर देखना हमें ये चाहिए कि किसी भी राजनीतिक पार्टी/नेता ने सरकार में आने के बाद काम क्या किया!
एक सेकुलरिज्म और दूसरे दंभी देशभक्ति का ढोल बजाते रहो,अपनी-अपनी राजनीतिक पार्टी/नेता का राग आलापते रहो और अपने देश को बर्बाद करते रहो!
यही हो रहा है‼️‼️‼️",CAG,1
facebook_corpus_msr_367412,"इतने घोटाले हुए ,सजा किसी को नही हुई क्यू ?",CAG,1
facebook_corpus_msr_367414,"ये भी खोज का विषय है ... कि मोदी जी के कौन से ऐसे काम है जिनसे जनता खुश हो कर बम्पर बहुमत दे रही है? क्यों कि... 
ना मँहगाई घटी 
ना किसान आत्महत्या रुकी 
ना भृष्टाचार कम हुआ 
ना गुंडाराज खत्म हुआ 
ना नोकरशाही खत्म हुई 
ना कश्मीर के हालात बदले बल्कि बद से बत्तर हुए 
ना पाकिस्तान पर शिकंजा मजबूत हुआ 
ना चीन ने आँख दिखानी बन्द की 
ना आतंकवाद का खात्मा हुआ 
ना रोजगार बढ़े 
ना किसानों को उनका समर्थन मूल्य मिला 
ना गरीबो के लिए कल्याणकारी योजनाएं बनी ना कालाधन वापस आया 
ना नोटबंदी से लोगों को फायदा हुआ 
ना विदेशी दौरों से लाभ मिला 
ना कांग्रेस के दामाद पर कार्यवाही हुई 
ना 2g घोटाले के दोषी जेल गये 
ना कोयला घोटाला करने वाले जेल गये 
ना कॉमनवेल्थ गेम के गुनाहगार जेल गये 
ना गंगा साफ हुई ना रेल दुर्घटनाये रुकी 
ना कांग्रेस मुक्त भारत हुआ बल्कि कांग्रेस युक्त बीजेपी हो गई 
ना विजय माल्या को पकड़ा गया 
ना लोकपाल को पास किया उल्टे RTI के अधिकार काम किये 
ना शिक्षा के क्षेत्र में कोई सुधार हुआ उल्टे बजट कम किया 
ना स्वाथ्य के क्षेत्र में कोई सुधार किया 
ना सरकारी हॉस्पिटल की स्थति सुधरी 
ना सबका साथ सबका विकास हुआ . . . तो क्या बदला 3 साल में जो जनता इतना खुश है कि हर चुनाव में बीजेपी को बम्पर बहुमत मिल रहा हैं और भारत मे बीजेपी एकछत्र राज की तरफ बढ़ रही है।बीजेपी सिर्फ़ हिन्दू मुस्लिम को लडाने कि राजनीति कर रही है वो भी सिर्फ वोट बैंक के लिए और सत्ता पाने के लिए। क्या कोई है जो इस पहेली को समझ सके आपके जवाब का इंतजार है? इस पोस्ट को देखकर अब बीजेपी के चमचों की फटेगि और ऐ बौखला के अपने मा बेहन और बाप का परिचय देंगे.. ... .. .. .. .. . धन्यवाद... .... जय हिंद।",CAG,1
facebook_corpus_msr_367415,"Na naksal wad km hua 
Km hua to meet. Jo aaj go shalao m sadh rha hai. Aur ussse badh rhi hai to be marina. Tezi se bigadrha hai bharat  esey hi badal rha hai bharat.",CAG,1
facebook_corpus_msr_367418,"अब तो हर दिन #भारत #माँ के लाल #शहीद हो रहे हैं, लेकिन सरकार केवल #कड़ी निंदा के शब्दों से बदला ले रही है, 
शहीदों की शहादत को सलाम !",CAG,1
facebook_corpus_msr_367420,Hmare pm ko itna aukat kahan he .. Sirf kadi neenda kahke taldete he . maro pakistaniyo ko saale,CAG,1
facebook_corpus_msr_367421,",sir ji unke pas hathiyar jyadh hai apni army hath se to lad nhi sakti wo bhi pel dega pahle humlog ko apni atomic power ko badhana hoga",CAG,1
facebook_corpus_msr_367424,modi sahab ko yad dila do 2014 ke pahle ke jumle.....mai desh zukne nhi dunga vale,CAG,1
facebook_corpus_msr_367431,BJP को कारवाई करना चाहिए ना की सिफॅ कारवाई का भरोसा भारत सरकार को जम्मू-कश्मीर सरकार को तुरंत बर्खास्त कर उन पत्थरबाजी करने बाले को आतंकी घोषित कर सुरक्षाकर्मी को खुली छुट देना चाहिए,CAG,1
facebook_corpus_msr_367434,Govt. Samajh nhi rahi hai ye jo chote chote hamle ho rahe hai ye kewal dikhawa hai...in hamalo ki aad me aataki kuch bda krne ki firaak me hai...,CAG,1
facebook_corpus_msr_367436,Agar kuch comment karo to bjp j bhakt turant gaddar sabbit kar denge aur jab se ye deshbhakt party aai ha tab se hamare kitne jawan saheed ho gaye lakin deshbhkt party ko sirf vote chaiye hindu muslim kara k...,CAG,1
facebook_corpus_msr_367437,"हालात यही रहे तो जो हिन्दु-मुस्लिम के बीच आज दरार है वो कल खाई होगी,

भरेगा कौन❓

लाशें‼️

भारत में जितने हिन्दु-मुस्लिम विवाद बढ़ेंगे,
पाकिस्तान उतने ही ज़्यादा भारत में अपने रंग दिखायेगा,

मुस्लिमों की गिनती सिर्फ भारत तक ही करने की भुल मत करो!!!!",CAG,1
facebook_corpus_msr_367439,Modi nawaz dono Bhai mile huye Hain do din pahle modi ne jindal ko nawaz Bhai se Milne bheja tha .Parinam samne hai,CAG,1
facebook_corpus_msr_367446,modi ji aap ke desh or aaye din seniko per gola baari hu rahi hai ooska mooh toar jawab kyu nahi diya ja raha nahi tao 2019 ke elec aapper bhari perr jaayege,CAG,1
facebook_corpus_msr_367449,Yahi to vajah hai har jagah se BJP hi nikal rahi hai.shasan prashan shakht hai...public khush hai.bhakt damru baja rahy hai.,CAG,1
facebook_corpus_msr_367450,Had ho gyi he ...army ko politician ki nhi Sunni chaiye or sidha attack Krna chaiye....bjp Congress ke bête saheed ho to pta chale,CAG,1
facebook_corpus_msr_367451,Election ke time par 56 inch ka Seena election ke bad 26 inch ka ho gya kya????,CAG,1
facebook_corpus_msr_367452,सेना ने देश का शासन भी अपने हाथ में ले लेना चाहिए! और पाकिस्तान को ही नही देश के गद्दारो को भी  खत्म कर देना चाहिए जो बहुत से नजर आ रहे हैं!,CAG,1
facebook_corpus_msr_367455,जब तक घर में छीपे या छुपाये हुये आतंकी काे कश्मीर के लाेग आजादी के नाम पर साथ देते रहेंगे शांती की उम्मीद करना बेमानी है ताे अब कश्मीर के लाेगाे काे साेचना हाेगा कि कब तक दहशतगर्द लाेगाे का साथ देगें अब वहा के लाेगाे काे साेचना है,CAG,1
facebook_corpus_msr_367458,a kya horaha hai modi g kuch bolo.ya sirf telak telak hi karte raho ge,CAG,1
facebook_corpus_msr_367464,"कंटपा ने बाहुबली को क्यो मारा ये तो आप को पता चल जाएगा , लेकिन नोटबंदी से क्या लाभ हुआ , ये हास्यपद और गोपनीय ही रहेगा ! मीडिया के पिछले जुमलो का स्मरण करिए , ये देखिये नक्सलियों की नोटबंदी से  कमर टूटी , नोट बर्बाद हो गए , पाकिस्तान को मुह की पड़ी , आंतकवादी की कमी , इससे तो ज्यादा हास्यपद मीडिया दाऊद इब्राहिम की नोटबंदी से कमर टूटने , दहसत मे होने की ख़बर देता है ! 

सवालों से घिरा पिंजरा है , पंछी फ़ुर्र है !",CAG,1
facebook_corpus_msr_367465,वेन पर नहीं देश की व्यवस्था पर सीधा सीधा हमला है अगर सरकार सख्त कदम नहीं उठाती है तो नौटंकी बंद करके अपनी पार्टी को शासन करते रहने दे।,CAG,1
facebook_corpus_msr_367467,Mai iski kadi se kadi ninda krta hu r jitne parkar ki ninda hai wo sab ninda.krta hu..........aare sir ab waqt aa gya hai ghar me ghus kr maro ap.wo ek marte hai ap 5 maro.,CAG,1
facebook_corpus_msr_367468,Yeh umeed nai thi modi ji se........Ki ek sirr ke badle sirf kadi ninda......,CAG,1
facebook_corpus_msr_367472,Bahut dukhit bat hai ab government ko Indian army ko chut De dena chahiye Pakistan ko barbad kr k uski hasti hi mita De..,CAG,1
facebook_corpus_msr_367474,Aapi logon kitni bi bhadas nikalo kyu ki modi sarkar ghode bechkar soyi hai nahi aatankiyo per koi karvahi dikhayegi nahi naxlio pe  kyu ki hamare grih mantri aur  pm sahab.  Ko kuchh bhi samaj nahi aata hai kyu ki Kashmir me vo log mehbuba ki god me bethe  hai aur  chhatis ghar me jinhone election ke farmyan funding di hai vo khanij Mariya naxlio ko aur  rajkiy parti dono ko chhanda dete hai is liye hamare javano ki halat ye he,CAG,1
facebook_corpus_msr_367476,modi ho ya rahul ya kejriwal sab ek jese hain. aj modi kya kr raha hai ku rajnath order ni dera army ko ab bdi ninda kre hai mr rajnath or modi g,CAG,1
facebook_corpus_msr_367477,"क्या ये हमले नक्सलवादी हमले को भुलाने के लिए हो रहे है या कारण कुछ और है 

#ABP वाले जल्दी ही इसकी जाँच करेगे ये न्यूज़ चैनल हमारी ख़ुफ़िया विभाग से ज्यादा एक्टिव है इस मामले मैं",CAG,1
facebook_corpus_msr_367479,Hamry pass itni sena hai go gali muhallo mein apni takat dhikhati hai inko bhejo border pr,CAG,1
facebook_corpus_msr_367481,अरे ये हो क्या रहा है। जवानों के साथ उधर नक्सली मारे इधर आतंकवाद मारे। और सेना केवल पीस क्रिएट करे।,CAG,1
facebook_corpus_msr_367498,"बड़ी दुखद घटना है , हमे गर्व है हमारे जवानों पर।",CAG,1
facebook_corpus_msr_367499,उन हरामखोर नेता को पहले मारो जो पेलेटगन का विरोध करता है,CAG,1
facebook_corpus_msr_367503,"ab ke to modi ji chode ge nahi
police karmi ki mot ka badla lene khud jayege #fleeing #sayed aesa ho sakta",CAG,1
facebook_corpus_msr_367505,Kaash Modi g desh ke PM hote to ye sab na hota 😳😳😵😵😡😡#56inch,CAG,1
facebook_corpus_msr_367507,Modi ji man kee baat karna band karo kaam kee baat karo. Jai javan Jai किसान,CAG,1
facebook_corpus_msr_367508,नोटबंदी से आतंकवाद और नक्सलवाद बढ़ा है जब के फेकु जी इस के उलट बोले थे,CAG,1
facebook_corpus_msr_367513,"काश मोदीजी विपक्ष में होते तो सरकार से 
कोई सवाल पूछने की हिम्मत तो करता",CAG,1
facebook_corpus_msr_367516,"हम #कड़ी_निन्दा करते हैं..  वाला बयान जल्द ही आएगा..  

तब तक ध्येर्य बनाए रखें...",CAG,1
facebook_corpus_msr_367518,ये आतंकी नहीं कोई और हैं आतंकी के आड़ में वारदात को अंजाम दे रहे हैं।,CAG,1
facebook_corpus_msr_367520,"हमारे धौर्य की परीक्षा ना ले पाकिस्तान 
हम अभी गाय, मंदिर और तीन तलाक में व्यस्त है।",CAG,1
facebook_corpus_msr_367532,"लगा स महबूबा सरकार  टोट म  आगी, सारे  पेशे   पथर बाज और  उग्रवादियों की तालीम में खपा  दिये  इब  bank डकेती त काम चलाव स,",CAG,1
facebook_corpus_msr_367535,Chudiya hmare netao ne phni hai aur shaeed hmare jwan hote hai#shame,CAG,1
facebook_corpus_msr_367543,To kya hua bjp ne kadi ninda to kar Di khatam kaam,CAG,1
facebook_corpus_msr_367549,"सब मीडिया आईपीएल और लाल बत्ती पे व्यस्त है कोई मोदी से सवाल नही कर रहा, और चुनाव अब 2019 मैं ह सो सर्जिकल स्ट्राइक की जनता आश ना करे अगले दो साल।। संसद में कड़ी निंदा प्रस्ताव पास।।",CAG,1
facebook_corpus_msr_367943,"Desh ke jawab shaheed ho rahe rahe h aor tumhe dabangg 3 ki padi hai
भारतीय मीडिया को मिला दलाली का प्रमाण
विश्वसनीयता पर 180 देशों में 136 वां स्थान !",CAG,1
facebook_corpus_msr_367947,Ye Buddha shadi kab karega...kyun WO pagal Jo isko Hero ki Lead de raha he,CAG,1
facebook_corpus_msr_367952,ओहो तेरे ओर उसके पास तो बहुत भेजा है दलाली करने के सिवा,CAG,1
facebook_corpus_msr_367971,Gandhe baba ko periodic table aati nahi hai..chale docter bannane,CAG,1
facebook_corpus_msr_367975,ham sab rajnath ki tarah kade sabdo me ninda krte he or koi bada neta bhi aatanwadi ki goli se maregatabh bhi ham sirf kade sabdo me ninda hi karenge,CAG,1
facebook_corpus_msr_367977,Tm abp walo ko kuch or kam nh rh gya bs bjp walo ki gulami k siwa,CAG,1
facebook_corpus_msr_367979,बाब रामदेव आप..हार्ट..का अस्पताल...खुल    वा दो..ओ भी मुफ्त मे..जय श्री राम,CAG,1
facebook_corpus_msr_368209,Teri kyo jal rhi h... Army ki post pr comment kr,CAG,1
facebook_corpus_msr_368215,"Pahli bar koi aisa mouka hai jab news channel AAP ko itna cover kar rahi hai. Daily news daily news. Warna jab se AAP ki sarkar bani hai itne muhalla clinic bane, bijli pani k rate kam hue, schools bane, estimated cost se kam me road bane, odd even formula success hua , private school k fees nahi badhi ye sab to kabhi dikhaya hi nahi.. han shyad ye utna important nahi tha isliye nahi dikhaye..",CAG,1
facebook_corpus_msr_368216,मिडीया वालो... अगर टूटे नाभि तो आप लोग तोड दो...वैसे भी तीन साल मे तीन सौ बार तोडने की कोशिश कर चुके हो...अफवाह फैलाकर ।,CAG,1
facebook_corpus_msr_368218,Modi ji se pehle kiski pooja karte the? Ab uski kyu ni karte,CAG,1
facebook_corpus_msr_368226,Modi k barre mein bolne se itti kyu jalti h tumhari bhai,CAG,1
facebook_corpus_msr_368231,Vinay Gupta....kyu na tere jija kunal khemu ya sachin pilot  se puch lo....,CAG,1
facebook_corpus_msr_368232,"नाराज़ क्यों होते हो साहेब
कोई बात नही अपने वाड्रा जीजा से ही पूछ लो पर वो मुस्लिम नही है।
😂😂😂😂😂😂😂😂😂😂😂😂",CAG,1
facebook_corpus_msr_368233,Vinay Gupta....naraz to aap hue apne jija sahil sangha....diya mirza didi ke pati se puch lo,CAG,1
facebook_corpus_msr_368234,"Dinesh Virmaniअच्छा तो ISIभक्त हो
एक काम करो अपने जीजा दाऊद से ही पूछ कर बता दो साहेब।
😂😂😂😂😂😂😂😂😂😂",CAG,1
facebook_corpus_msr_368236,"कुल मिलाकर तुम्हारा मामला मिक्स है
इसलिए किसी भी कांग्रेसी भाजपाई या ISI मुस्लिम जीजा से पूछ लो ट्रेडमार्क के साथ जवाब मिल जाएगा।
😂😂😂😂😂😂😂😂😂😂😂😂😂",CAG,1
facebook_corpus_msr_368247,"5/1/17, 5:42:58 PM: Parwez hasan: कुछ सर्म करो देश की मीडिया!! देश की मीडिया वाले जो हमे देशभक्ति और देशद्रोही पर दिनभर उपदेश देते है उन्होंने ही भारत की नाक कटवा दी। विश्व मे सबसे भ्रस्ट मीडिया की उपाधि भारत को दिलाई है इन्होंने। लेकिन इनको इससे कोई फर्क नही पड़ने वाला क्यों कि इन्हें सिर्फ मोदी द्वारा फेके जा रहे बोटियों की फिक्र है  मोदी ने अब तक 11 अरब सिर्फ इस लिए लुटाया है इन पर ताकि हर क्षेत्र में नाकामियों के बावजूद लोगो की नजर में हीरो",CAG,1
facebook_corpus_msr_368248,"Hamare Senik kab tak shaheed honge...

Kab tak hum media Bazi...Se hero Banege

 Media ki Bato jesa zoordaar Hamla sach mei karenge..

 Pakistan Ko Okaat mei rakhna bhi bas ki baat nhi...

. Desh ki Janta Ko KB tak media se Bewakuuf Banwate Rahoge",CAG,1
facebook_corpus_msr_368252,Bhai kuch naya post kar... har jagah ek hi chiz.,CAG,1
facebook_corpus_msr_368253,Kuch b naai huaa hai.... Aur ea ABP bakawaas kar Raha hai.....BJP saansad rape case m hai..... Desh m jabaan Sahid ho rahe hai..... Kab brkng nws hogaa ki 56 inch baale ghar par chudiaa pehen kar bethaa hai.....?????,CAG,1
facebook_corpus_msr_368262,"ABP वालो को मजा आ रहा.है ।
बीजेपी का भी दिखाओ।
मगर तुम्हें सारी कमी अन्य पार्टियों मे नजर आती है इस समयबीजेपी को छोड़कर।",CAG,1
facebook_corpus_msr_368263,"#क्या इस विषय पर डिबेट होगी
#पुरे विश्व के 180 देशो की मिडिया रैंकिंग में भारतीय मीडिया को अत्यधिक चाटुकारिता के कारण मिला #136वा स्थान। एक खबर थी सोचा शेयर कर दूँ।",CAG,1
facebook_corpus_msr_368264,Trp इस बार कम हुई पूरी कर लो जब से केजरीवाल आया है तब से न्यूज़ कि trp बड़ गई है वरना राजनितिक खबर को पूछता कौन था ।,CAG,1
facebook_corpus_msr_368265,"देखो भाई लोग केजरीवाल के पिछे लगकर बहोत लोगो ने अपनी जिंदगी खराब कि है क्योंकि लोगो का मकसद अच्छा था ,पर केजरीवाल पागल मतलबी निकला,खुद को सबसे जादा होशियार समझता,पर सच्चाई यह है जो सचमुच ईंटेलिजेन्ट था वोह वैद्न्यानिक बने और देश के सर्वोच्च पद के स्थानपर (राष्ट्रपति)बने वोह महान व्यक्ति थे एपिजे अब्दुल कलाम सहाब .तो होशियार व्यक्ति कलाम सर जैसे होते हैं ना कि केजरीवाल जैसे.",CAG,1
facebook_corpus_msr_368266,"किसान खेत में मरता है और उसका बेटा फ़ौज में, जबकि नेता देश में ऐश करता है, और उसका बेटा विदेश में। कब तक जवान किसान मरता रहेगा?",CAG,1
facebook_corpus_msr_368269,Kejriwal ne apne matlb aur satta pane ki bhook me Aap ko khatam krdia hai..sab ache log already nikale ja chuke hai,CAG,1
facebook_corpus_msr_368271,"Aap ko chhodo desh pe news dikhao,kashmiri me hamara soldier bhai sahid ho rahe hain.",CAG,1
facebook_corpus_msr_368273,"Ishank Garg
Ye dekha use.....ke ho raha h uski party ka hal",CAG,1
facebook_corpus_msr_368276,Abp news wale sale ko aap dekhti h hamari army Mari ja rahi uspe modi ko kuch nhi bol rahi h,CAG,1
facebook_corpus_msr_368277,Ye nautanki. Kar rahe h apas me sarkar hatakar rahe frnd chor gaddar h ye log,CAG,1
facebook_corpus_msr_368283,Ye agar hua tou Bahot badi mission ki mout hogi.. Self-interest self ambition Ko pichhy karo Desh kly Kam karo..AK is best every leader of AAP should accept his leadership,CAG,1
facebook_corpus_msr_368284,Delhi me. Aakhri baat raaj kar rahi hai a am aadmi ....kyo ki aane waale samay me ye khatam ho jayegi..,CAG,1
facebook_corpus_msr_368285,MODgil. Itna bhaasan pelne ki jarurat nahi....baat imaandaari ki hai Jo bol KAr ye satta me gaaye....,CAG,1
facebook_corpus_msr_368287,Mms baba k sath aise hona hi chaiye tha.....bohat jda urne lga tha ftak se niche ana hi pra,CAG,1
facebook_corpus_msr_368289,Fuddu dalle news channel aapni soch Indian media Ko tere jaise Gaddaro ki wajah se hi 136 place Mila hai,CAG,1
facebook_corpus_msr_368290,Samai brabr nhi hota aap me log t.v PR kbhi maryada me rhkr bat nhi ki AGR aap kisi gali doge to aap ka number jrur ayega,CAG,1
facebook_corpus_msr_368299,"ABP NEWS BADLAKAR BJP NEWS KAR DO .......
BJP KA PAKKA DALAL ABP NEWS",CAG,1
facebook_corpus_msr_368302,केजरीवाल ने आप को मायावती टाईप की पारटी बना  दिया है कई लोगों को दुख पहुचा है,CAG,1
facebook_corpus_msr_368303,हर रोज़ ही तोड़ते हो तुम लोग। अभी तक तो टूटी नही।,CAG,1
facebook_corpus_msr_368308,Achha h...BJP ki sarkar bn jay  ...delhi ki Janta ka kuchh bhala hoga,CAG,1
facebook_corpus_msr_368313,"Bank me itna v akal to hona chahiye...economy, badh rha h ya nhi??",CAG,1
facebook_corpus_msr_368314,1947 se aaj tk rupees hmesha dollor k mukable week hi hua h...lekin aaj strong ho rha h...70 se 64 aa gya...,CAG,1
facebook_corpus_msr_368315,Hum to 55 v sune h aur 60 v sune h yar ...jab congress ki jamana tha...check it out first,CAG,1
facebook_corpus_msr_368320,Wo to kr hi rhe h...and ek ke bad ek Govt v bna rhe h,CAG,1
facebook_corpus_msr_368321,Bahut jald Hinduwo ke dushman congress ka safaya ho jayga,CAG,1
facebook_corpus_msr_368325,"2 rupees ka plate form ticket aaj ke 15 year pahle tha...5 se 10 hua hai...kyu ki iska mis use hota tha..
Cylinder 800 se 400 hua hai..GK sahi kro..bdha hai wo v bina subsidy wala..
Dal 60-80 hai aaj ke date me...purana news n dala kro..",CAG,1
facebook_corpus_msr_368326,Abe dhakkan khud hi kabul kar rhe ho ki badha h ..fir bolte ho bjp sahi h ..bjp to achhe din lane wale the ..3 sal ho gya kha gya achha din ...ye to badtar din h,CAG,1
facebook_corpus_msr_368327,कम से कम मोदी की पार्टी से अच्छी है.....कम से कम उनकी वजह से हमारे जवानों की जान तो नही जा रही।,CAG,1
facebook_corpus_msr_368328,"घण्टा टूटेगी 
साले abp वाले सब bjp के दल्ले है",CAG,1
facebook_corpus_msr_368333,जब किसी पार्टी को चंद लोग अपने घर की प्रॉपर्टी की तरह चलाएंगे तो यही हाल होगा,CAG,1
facebook_corpus_msr_368341,136वीं रैंक पाकर भी दलाल मिडिया पर कोई फर्क नहीं पड़ा,CAG,1
facebook_corpus_msr_368344,"ये किरण वेदी आम आदमी पार्टी मे कब थी 
ये abp न्यूज़ बताये ।झूठा कहीं का",CAG,1
facebook_corpus_msr_368361,जो मेढ़क जादा ऊचलता हैं वाही जलदी कुवे में गीर जाता हैं,CAG,1
facebook_corpus_msr_368368,ABP tu bas ek hi pirty ke piche lage raho dalle,CAG,1
facebook_corpus_msr_368369,एबीपी न्युज चैनल वाले चल दो जोडने...बेशर्मी की सारे हद पार कर दिए....,CAG,1
facebook_corpus_msr_368374,ABP walo ko Badha  maza Aa rha He  salo bike Huye dallo,CAG,1
facebook_corpus_msr_368379,Kumar Vishwas ek faaltu aadmi hai  go hamesa ghamand me rahta hai,CAG,1
facebook_corpus_msr_368382,Sardar Gagan Singh bade bhi kumar ne mna ja ke 😂😂😂😝,CAG,1
facebook_corpus_msr_368388,Jarnel Singh ne bhule nhi 😝😝😝 m us ki jagha nhi le sakta sorry Bai Sardar bura Maan jave ga 😂😂😂😆,CAG,1
facebook_corpus_msr_368389,Aya tha phone uska bolya GILL SAHAB kithe a 😂😂😂😂,CAG,1
facebook_corpus_msr_368391,Fir bta denda gill shab to Canada tur gye te Sardar Gagan Singh Germany 😆😆😆😉,CAG,1
facebook_corpus_msr_368392,Maine batha diya bolya PR vgera lgani ho tho UNCLE. Ko yaad kariyo 😂😂😂😂😂😂😉,CAG,1
facebook_corpus_msr_368393,Fer sale Germany to PR ho ke jana tha btaya Nhi 😝😝😝😝😂😎,CAG,1
facebook_corpus_msr_368402,aap toote ya pate hamein kya... bhad mein jaye ye mcd party....,CAG,1
facebook_corpus_msr_368416,"Aap nahi toot rahi hai, per ABP ki hawa chhot..............",CAG,1
facebook_corpus_msr_368422,इधर सैनिक मर रहे है और मीडिया आप के पीछे पडी है,CAG,1
facebook_corpus_msr_371178,"Hamare Senik kab tak shaheed honge...

Kab tak hum media Bazi...Se hero Banege

 Media ki Bato jesa zoordaar Hamla sach mei karenge..

 Pakistan Ko Okaat mei rakhna bhi bas ki baat nhi...

. Desh ki Janta Ko KB tak media se Bewakuuf Banwate Rahoge",CAG,1
facebook_corpus_msr_372946,"ये भी खोज का विषय है ... कि मोदी जी के कौन से ऐसे काम है जिनसे जनता खुश हो कर बम्पर बहुमत दे रही है? क्यों कि... 
ना मँहगाई घटी 
ना किसान आत्महत्या रुकी 
ना भृष्टाचार कम हुआ 
ना गुंडाराज खत्म हुआ 
ना नोकरशाही खत्म हुई 
ना कश्मीर के हालात बदले बल्कि बद से बत्तर हुए 
ना पाकिस्तान पर शिकंजा मजबूत हुआ 
ना चीन ने आँख दिखानी बन्द की 
ना आतंकवाद का खात्मा हुआ 
ना रोजगार बढ़े 
ना किसानों को उनका समर्थन मूल्य मिला 
ना गरीबो के लिए कल्याणकारी योजनाएं बनी ना कालाधन वापस आया 
ना नोटबंदी से लोगों को फायदा हुआ 
ना विदेशी दौरों से लाभ मिला 
ना कांग्रेस के दामाद पर कार्यवाही हुई 
ना 2g घोटाले के दोषी जेल गये 
ना कोयला घोटाला करने वाले जेल गये 
ना कॉमनवेल्थ गेम के गुनाहगार जेल गये 
ना गंगा साफ हुई ना रेल दुर्घटनाये रुकी 
ना कांग्रेस मुक्त भारत हुआ बल्कि कांग्रेस युक्त बीजेपी हो गई 
ना विजय माल्या को पकड़ा गया 
ना लोकपाल को पास किया उल्टे RTI के अधिकार काम किये 
ना शिक्षा के क्षेत्र में कोई सुधार हुआ उल्टे बजट कम किया 
ना स्वाथ्य के क्षेत्र में कोई सुधार किया 
ना सरकारी हॉस्पिटल की स्थति सुधरी 
ना सबका साथ सबका विकास हुआ . . . तो क्या बदला 3 साल में जो जनता इतना खुश है कि हर चुनाव में बीजेपी को बम्पर बहुमत मिल रहा हैं और भारत मे बीजेपी एकछत्र राज की तरफ बढ़ रही है।बीजेपी सिर्फ़ हिन्दू मुस्लिम को लडाने कि राजनीति कर रही है वो भी सिर्फ वोट बैंक के लिए और सत्ता पाने के लिए। क्या कोई है जो इस पहेली को समझ सके आपके जवाब का इंतजार है? इस पोस्ट को देखकर अब बीजेपी के चमचों की फटेगि और ऐ बौखला के अपने मा बेहन और बाप का परिचय देंगे.. ... .. .. .. .. . धन्यवाद... .... जय हिंद।",CAG,1
facebook_corpus_msr_372947,भाई 3 साल में ही सबकुछ चाहिए ।और तुम लोगों को तो ये अधिकार ही नही है ना तो तुमने मोदी को वोट दिया ना ही सपोर्ट किया तो फिर क्यों इतना परेशान ।परेशान तो हम लोगो को होना चाहिए जिसने मोदी को वोट दिया।,CAG,1
facebook_corpus_msr_372948,तुम को कैसे पता की वोट दिया है या नहीं दिया?? और कौन कहता है कि अधिकार नहीं है। भारत का संविधान सबको बराबर का अधिकार देता है। बेवकूफ । अगर pm गलत करे तो उसकी आलोचना करने का अधिकार सबके पास है,CAG,1
facebook_corpus_msr_372951,Aaban Khan तुम लोग मोदी की कभी तारीफ भी किये हो कि सिर्फ आलोचना ही करना जानते हो,CAG,1
facebook_corpus_msr_372954,Itna Dard ho raha Hai toh jaa na fidayin Ban Kar Pakistan.. Pakistani v yahi Ban Kar aa Rahe india,CAG,1
facebook_corpus_msr_372955,"Hi. Fidaain nhi ..Veer Abdull Hameed h..

Tujh Ko Desh k seniko k marne ka Derd nhi...
Bharat k gaddaar",CAG,1
facebook_corpus_msr_372956,Konse tere senik? Aby  Teri ukaat kiya hai endia may janta hai? Ek pao beef apne ghar leja pata chal jaye ga,CAG,1
facebook_corpus_msr_372960,Desh k veer jawano kisi neta ki mat suno jo bi jehadi atankwadi patharbaj jaha bi mile thok do neta kuchh bolenge nahi sainik marte rahenge fir haram k jane neta bolte h sainik shahid hone k liye bharti hote h kya en sainiko ka parivar nahi h,CAG,1
facebook_corpus_msr_372962,hamare pm ne sena ko puri azadi de rakhi h badla khud hamare sainik lenge acche se planing karke isme modi ko kyo koste ho modi pm h sena thodi nahi ki ak47 liya kud gae maidan me mujhe pura bharosa h do ke badle 20 sir jarur kate jaenge,CAG,1
facebook_corpus_msr_372964,Woh sirf ninda karte the yeh kadi ninda krte hey yar samjha karo....,CAG,1
facebook_corpus_msr_372965,"khujliwal ji ne abhi tak sena k liye kuchh nahi bola.?..
kam se kam subut to mang lijiye isme sarmane bali kaun si bat hai..!
pak news wale intjar kar rahe hai k kab aap muh khole
ab ka muh kholne k liye mithai chahiye..!",CAG,1
facebook_corpus_msr_372966,Please pm modi ji kuch kare jb koi vir Bharat sapoot apni desh ke liye saheed hota h Sir kasam se hamari aatma tk rone lagati h please Sir I beg do something please please please please please......,CAG,1
facebook_corpus_msr_372970,देश के लिए जान जवान देते है...नेताजी टीवी पर ज्ञान देते है...रोज रोज जवान शहीद हो रहे है...नेताजी चुनावों पर ध्यान दे रहे है।,CAG,1
facebook_corpus_msr_372971,"अभी कीखबर हे कुलगाम में आतंकियों ने 5 पुलिसवालो को मारकर बैंक की वैन लूट ली,, किया कड़ी निंदा से ही काम चलाओगे नेताजी,  हाई लेवल मीटिंग तो सुकमा के टाइम भी बुलाई थी ,, पर हुआ क्या सिर्फ कड़ी निंदा के अलावा",CAG,1
facebook_corpus_msr_372972,"अब तो हर दिन #भारत #माँ के लाल #शहीद हो रहे हैं, लेकिन सरकार केवल #कड़ी निंदा के शब्दों से बदला ले रही है, 
शहीदों की शहादत को सलाम !",CAG,1
facebook_corpus_msr_372973,"और कितने शहीदों की शहादत देखना चाहते हैं, प्रधानमंत्री जी।ये सोचने का नहीं action का वक्त है।",CAG,1
facebook_corpus_msr_372974,Bhagat jabtak sath hai tabtak bano bekhub aache din aagye,CAG,1
facebook_corpus_msr_372975,ये सरकार कायर बन गया है। हिजडे और इस सरकार में कोई अंतर नही है। हांलाकि मैं कट्टर भक्त हूं लेकिन अभी इस सरकार के मुंह पर मुतने का मन कर रहा है। मनमोहन सिंह क्या बुरा था कडी निंदा करने के लिए,CAG,1
facebook_corpus_msr_372976,"यहाँ का pm क्या कर रहा है, निंदा।इससे क्या होगा।राजनाथ को हटाओ ये ज़ाहिल है।बेशर्म है पूरा मंत्रिमंडल",CAG,1
facebook_corpus_msr_372978,Jab tak Desh ki andar Bethe hue Gaddar neta .pakistani premi budhijibi..Pathar baz Ko Goli nhi maroge tab tak ase chalta rahega..Pehle inko khatam karo..,CAG,1
facebook_corpus_msr_372979,"देखिये आप मुद्दे से भटक रहे है..
असल मुद्दा देश सुरक्षा थोड़े ही है ,
असल मुद्दा तो - गाय, अजान,तलाक,लव जिहाद,  खतरे में हिन्दू, ये सब है।
आप ऐसे बेवफाई नहीं कर सकते। ☺☺",CAG,1
facebook_corpus_msr_372980,Bhai kahne ke layak hi nahi hai. Raksas ko kya samzana.  Aap to shirf  un ke  akkal thikane lado.,CAG,1
facebook_corpus_msr_372986,"Kishore Kumar Adhikary शांति शांति ,,,,,हम आपके कमेन्ट की कड़ी निंदा करते हे ,,,,",CAG,1
facebook_corpus_msr_372988,"हमारे धौर्य की परीक्षा ना ले पाकिस्तान 
हम अभी गाय, मंदिर और तीन तलाक में व्यस्त है।",CAG,1
facebook_corpus_msr_372989,"अंध सेक्युलॉर चमचों को पहले भी जवाब मिला लोकिन भुल गए !
दो चार दिन रुको !!
टीवी. पर नज़र रख्खों ..
और सुनो ये सब तुम्हारे उस नालायक पहला पी.एम. का ही देन हे ! 
सत्तर सालों से नासुर बनाकर छोड़ा अब ईलाज॒ में थोड़ी देरी तो होगी !!
धीरज रख्खो ! हर वो काम होगा जो देशहित में होगा !!",CAG,1
facebook_corpus_msr_372990,Pakistan Bat ki itni himmat ki 200 meter ghuske hmary army k sainik shaheed kiye .kb tk hoga ye karra jawab do fauran jawab do,CAG,1
facebook_corpus_msr_372991,"एक बात तो स्पष्ट हो गई कि  वर्तमान सरकार वास्तव में एक कारोबारोयों की सरकार है जो केवल पैसे के नफे नुकसान जैसे नोटबन्दी, IDS, PM income declaration scheme, cashless etc को ज्यादा महत्व देती है, मानवीय नुकसान (शहीद सैनिक) से सरोकार कम है ।
खबरों के अनुसार कुल 2 लाख notice आयकर दाताओं को वित्त मंत्रालय के आयकर विभाग ने भेजा है । 
पिछले दो साल में सरकारी नुक्सान की भरपाई के लिए कितने आयकर और Excise के छापे  देश भर में पड़े होंगे या कार्यवाही हुई होगी ? 50, 75 , 100, 200 .....1000 ...? लेकिन सेना को हुए (मानवीय) नुकसान के लिए नक्सलियों और आतंकवादी देश पाकिस्तान के खिलाफ कितनी कार्यवाही हुई ?
ये राष्ट्रवादी नही व्यावसायिक सरकार मालुम पड़ती है ।",CAG,1
facebook_corpus_msr_372996,lagta hai abki bar sargical strike galat ho gye ham kadi ninda karte hai ....,CAG,1
facebook_corpus_msr_372998,हमारा नेतृत्व मात्र आश्वासन प्रदान करते रहेंगे। विपक्षी आरोप- प्रत्यारोपण करते रहेंगे। नेहरू की सत्ता लालसा ने आज देश में अशांत वातावरण निर्मित हुआ।,CAG,1
facebook_corpus_msr_373000,Hamara mulk hindustan h or hamaray pyare nabi s.a.w. ne kaha apne watan se pyar karo,CAG,1
facebook_corpus_msr_373002,jo country apna country ma ak sui nahi bana sakata o hamarai mulk ko torana ki bat karta hai,CAG,1
facebook_corpus_msr_373003,Nhi jawab Dena aata to sarkar chodo ghar jao BJP ka ek bhi leader agar sarkar ke media pr bakbass na kre,CAG,1
facebook_corpus_msr_373005,Aj mulle desh bhakti dikha rhe h islye nhi ki jawano se sath esa hua balki islye ki modi ko target krke sunaya ja skey😂,CAG,1
facebook_corpus_msr_373007,"एक भक्त और एक आपिए कोंग्रेसी वामी में एक बेसिक अंतर होता है. जब देश की बात आती है तो भक्त आहत होता है, अपनी सरकार पर प्रश्न उठाता है, उसे कोसता है, उसे ऐक्शन लेने के लिए मजबूर करता है. यही बात भाजपा समर्थकों को अलग बनाती है, वह बात राष्ट्र की करते हैं भले ही उसके लिए उन्हें अपने मंत्री के ख़िलाफ़ बोलना हो.

एक वामी कोंग्रेसी आपिया जैसे ही देश पर हमला हो मन ही मन ख़ुश होता है की वाह मोदी को कोसने का एक और मौक़ा मिला। लेकिन जैसे ही सेना कोई ऐक्शन लेती है तो वह सबसे पहले सबूत माँगने लगता है. आतंकियों के एंकाउंटर होते ही पुलिस को जेल भेजने की माँग करने लगेगा . यह बेसिक अंतर था है और रहेगा.",CAG,1
facebook_corpus_msr_373009,"Dear Pappu Modi uncle. Aab kdi ninda krne ka time aa gya hai.

Hathon me chudian pahan lo",CAG,1
facebook_corpus_msr_373011,Humare desh k bharist rajnetao k karn humare sainiko ka bura hal ho raha hai . sabse pahle ghar k jaichndo ko goli se ooda do . fir dekhiye bahar wale bharat k sainiko pr hamla krne se pahile 2 baar sochenge .,CAG,1
facebook_corpus_msr_373013,bhartya sena hukmrano ke aadesh se chalati hai jab ki pak main hukmran naam ka hai hamare neta sena ka manobal todate hai inke bare main desh ke log soche,CAG,1
facebook_corpus_msr_373015,आखिर कबतक चलेगा ये सब... सेना के 45  जवान महीने भर मे शहीद हुए लेकिन किसी CM या मंत्री या PM के पास समय नही है... कोई गाय क साथ तो कोई रोड शो मे मस्त है.... ऐसे मे और क्या होगा...,CAG,1
facebook_corpus_msr_373019,Modi g ne kya Pakistan k sath 7 phaire le liye h ....Jo media Bazi k siwa kuch kerte nhi,CAG,1
facebook_corpus_msr_373022,"#ताजाखबर : 
पाकिस्तान की 3 चौकियां भारतीय सेना ने तबाह की, 2 के बदले 12 पाकिस्तानी सैनिको की लाश गिराई ।",CAG,1
facebook_corpus_msr_373025,"Barat mata murdabad 
Barat sehna murdabad 
AJ K BAD ni rehna chahat barat me 
Jo sehna or police Apni hifajat ni kar skti hamari hifajat kia kary Gi",CAG,1
facebook_corpus_msr_373029,Hamari sarkar k pas dhyan dene k liye or bahut kam h jaise teen talaq gomata Hindu Muslim rammandir ab itne important kam kre ki desh k sainiko ki taraf dhyan de vaise b bharat Mata ki jai bol do bs ho gya,CAG,1
facebook_corpus_msr_373030,"Modi ji 2019 bhool jao agar abb kuch nahi Kia ,kaha gae 10 sir lane wale 
Kaha gae ghus kar marne wale 
Kaha gae 56 inch sene wale 
Sab jumla tha",CAG,1
facebook_corpus_msr_373031,56 inch ka ceena kahan hi. Bhai. 😂😂hamare desh ke sainik ko mara ja rha hi. Or bjp mouj uda rhi hi.,CAG,1
facebook_corpus_msr_373048,Modi g wo 56 inch ka seena Pakistan ko bhi dikha do,CAG,1
facebook_corpus_msr_373052,अरै जिस तरह राजिव गॉधी और इंदरा गॉधी को धोखे से मार दिऐ सब ठीक उसी तरह अब किसी और की बारी है,CAG,1
facebook_corpus_msr_373054,सब चल रहा है चलता ही रहेगा कोई बडी बात नही  तीसरे विश्वयुद्ध  या गर्हयुद्ध तक,CAG,1
facebook_corpus_msr_373058,Hame 1 sena ki shahadat ke badale me 100Pakistaniyo ki lash lash chahiye,CAG,1
facebook_corpus_msr_373060,Is ka MATLAB ye hai Pakistan ne surgical strick kiya hai,CAG,1
facebook_corpus_msr_373077,हमारे गृह मंत्रालय की तरफ से इसकी कड़ी निंदा की जायेगी,CAG,1
facebook_corpus_msr_373099,Azeem abhi tum bachche ho pakistan me buzurgon se pata karo 1965 aur 1971 me pakistan me kya hua tha jang ke naam se unke pasena nikal padega 4 din tak karachi port jala tha maine dono jang dekhi hai 90 hazar pak fauji yaha band the adhe minat me kya hua tumko samajh me na aega kya hua,CAG,1
facebook_corpus_msr_373100,Sajid Imam.. Aap kon c bollywood movie ki bat kr rhy ho plz muje b btao 😂,CAG,1
facebook_corpus_msr_373101,"90000 wala b tmhara jhut h.. 1971 me Pakistan ka bangladesh k sath koi border b sath ni lgta tha.. Aur india ko Israel or rushia amrica ki support thi.. Aur rhi bat 1965 ki to isko acchi tarha read kro, aur 1999, aur 1947 b read kro,, 
Bollywood dialogue bolne me boht mahir samjte jate ho tm 😃",CAG,1
facebook_corpus_msr_373169,"Gandi vaha modi, soldiers ko Marva raha vo kyo nahi dikhate",CAG,1
facebook_corpus_msr_373171,Kiski office se news dikha rahe ho. ??? BJP Ki. Supreme Court ko pata  chala band karva degi News Chenal,CAG,1
facebook_corpus_msr_373193,"Bhart ke log krte hai or danga krwani ki sajis hai , or koi nhi barahamn log he krwani ki sajis me samil hai ...RSS murda bad",CAG,1
facebook_corpus_msr_373199,Bahen ji aap kiski office se news dete ho. ??? ABP ya BJP ki,CAG,1
facebook_corpus_msr_373221,"Aaj se her VIP vahan se 
LAAL-BATTI
hut chuki hai.
Aab turant se pure BHARAT k media v press walo se bhee 
Kahege ki apne vahan se
PRESS
likha hua huta le",CAG,1
facebook_corpus_msr_373232,Bhi inka office ka karch b j p se chalta hai,CAG,1
facebook_corpus_msr_373236,Zara aap btayenge 136 rank q mile. Dalali me kitna geroge,CAG,1
facebook_corpus_msr_373248,Karnti kari k photo lagavo. Jo desh k liye Sahid huve he. ???,CAG,1
facebook_corpus_msr_373249,BJP jagda kar rahe he. Rahul ji Gujarat aaye to 😁,CAG,1
facebook_corpus_msr_373253,"Aaj se her vip vahan se 
LAAL BATI HUT CHUKI HAI
AAP MEDIA WALE BHEE APNE VAHAN SE
PRESS
LIKHA HUA TURANT HATAANE K LIYE KADAM HUTHAYEGE",CAG,1
facebook_corpus_msr_373269,ABP cover karo News BJP me jagda chalu huva he. Rahul ji Gujarat aaye to,CAG,1
facebook_corpus_msr_373292,"तलाक तलाक तलाक बीजेपी के लिए सबसे बड़ा मुद्दा बन गया तलाक पर कभी बीजेपी सरकार ने सोचा तलाक क्यू देते है लोग क्यू होते है तलाक क्या क्या महिलाओं की गलती नही होती क्या महिलाएं पुरुष को परेशान नही करती कुछ महिलाएं पुरुषों का जीना हराम कर देती है । इसलिए तलाक का मुद्दा आसान नही दोनों पक्षो को सुनना ज़रूरी है दोषी को सजा मिले बेकसूर को नही । पुरुषों के लिए भी कानून बनाया जाये मीडिया सिर्फ तलाक वाली औरतो को दिखाती है क्यू हुआ तलाक नही बताती । देश में सिर्फ महिलाएं ही रहे ऐसी सरकार हे बीजेपी मोदी जी हो या योगी जी सबकुछ महिलाओं के लिए देते है,,,देश में पुरुष आयोग का गठन ज़रूरी है। जय हिंद",CAG,1
facebook_corpus_msr_373370,Dalaali ka aalam dekhiye ki......dalaal media koi behes nahi karva raha ....na hi modi pe savaal khade kar raha hai aur na hi defence minister ka istifa......dalaali itni jyada hai ki agar behes hoti bhi hai toh dalaal media bjp ke spoke person ke hisaab se bolti hai n ulta vipaksh se hi savaal karne lagti hai..... Par galti desh ki janta ki hai....yeh dekhte huye bhi ki modi raaj main aisi ghatnaaye aur bhi bad gayi hai.....aatanki ab army camps n base main ghusne lage hai....bjp Wale ISI agent nikal rahe hai.....uske baad bhi...janta inko jeeta rahi hai...kyoki bjp n modi farzi desh bhakti ka dhong karte hai....n unhone desh ki janta ko Hindu Muslim main uljha ke ullu bana diya hai......koi bhi user....istife ka post nahi likh raha .......ab ati ho chuki hai.....defence minister ka istifa hona hi chahaiye.... Modi ki besharami ab nahi chalegi.....dalaal media desh ko barbaad na kare....modi ki naakaamiyo ko chupaake...aur desh ko gumrah karke,CAG,1
facebook_corpus_msr_373372,"Ek khas bat he is picture ki koi bhi is picture ko ghar par nahi dekhna chahta or na koi kisi se ye puchta ki katappa ne bahubali ko kyo Mara, sab  kehte he ki hall par dekhenge maja a raha he bjp jesi lehar he is picture ki",CAG,1
facebook_corpus_msr_373373,Ye nikamma insan katappa ne bahubali ko kyu maara uske liye director ki tareef ki...aur pichle 10 dino sukma....kashmir aur teesra border pe shahud huye aaj jawan ko kisne kyu maara uska jawab nhi hai iske paas .....bas matargasti sujhi hui hai....nonsense!,CAG,1
facebook_corpus_msr_373374,"Hamare Senik kab tak shaheed honge...

Kab hum media Bazi...

 Media ki Bato jesa zoordaar Hamla sach mei karenge..

 Pakistan Ko Okaat mei rakhna bhi bas ki baat nhi...

. Desh ki Janta Ko KB tak media se Bewakuuf Banwate Rahoge",CAG,1
facebook_corpus_msr_373376,"मेरठ के सिविल लाइंस इलाके में रिटॉयर्ड कर्नल देवेंद्र कुमार के घर छापेमारी में 150 से अधिक हथियार जिसमें 40 रायफल, 20 पिस्टल, 2 लाख कारतूस, 1 करोड़ नकद, 117 किलो प्रतिबंधित मांस मिला है। मीडिया को जिस तरह से इस ख़बर को दिखाना था उसने वैसे नहीं दिखाया। 

अब मान लीजिए रिटॉयर्ड कर्नल कोई मुसलमान होता। तो देश का हाल कैसा होता? 

-NIA तुरंत इस मामले की पड़ताल के लिए मेरठ पहुंच चुकी होती।

- गृहमंत्री इस पूरे मामले पर प्रधानमंत्री को श्वेतपत्र जारी कर चुके होते। 

- घर के मालिक, कर्नल के रिश्तेदार, पड़ोसी और कुत्तों तक को पुलिस गिरफ्तार कर चुकी होती।

-मीडिया अब तक कर्नल के तार ISIS, अलकायदा, हिज्बुल, पाकिस्तान से जोड़ चुकी होती। ज़ी न्यूज़ हर एक घंटे में इस पर स्पेशल रिपोर्ट कर चुका होता। एबीपी न्यूज़ दर्जनों डिबेट करवा चुका होता। 

- राष्ट्रीय सुरक्षा पर लिखने वाले संपादक/पत्रकार अब तक उस रिटॉयर्ड कर्नल की बीवी के पास कितने पेटीकोट और कितने सलवार कमीज़ हैं उस पर लिख चुके होते। 

-सोशल मीडिया पर 'सारे मुसलमान आतंकवादी नहीं होते लेकिन सारे आतंकवादी मुसलमान होते हैं' कहना शुरू हो गया होता। फर्जी न्यूज़ वेबसाइट्स जेएनयू को इसका ज़िम्मेदार बना चुके होते। 

चूंकि गिरफ्तार कर्नल का नाम देवेंद्र कुमार है न कि अशरफ हुसैन इसलिए माहौल शांत है। मीडिया आराम से है। देश की सुरक्षा को कोई ख़तरा नहीं है। मेरठ पाकिस्तान नहीं बना है। 

जय भारत। जय मोदी। जय मीडिया। जय राष्ट्रवाद।",CAG,1
facebook_corpus_msr_373381,Sainik border pe apni Jaan  de rhe hai ...aur ye BahuBali movie ka anand utha rhe hai..,CAG,1
facebook_corpus_msr_373383,वैकेया नायडू जी को कोई काम धाम नहीं है मूवी देख रहे हैं देश को इतना पीछे कर दिया तुम लोगों ने अभी इसकी तुलना विदेशी मूवी से कर रहा है तुम लोगों को विदेशी चीज ही बढ़िया लगती है देसी तो हो नहीं तुम लोग साले हाइब्रिड,CAG,1
facebook_corpus_msr_373389,chutiya friday ko isliye releae krte kyoki week end ke 3 din milte h to log free hokr film dekh sake..!! hd h yrr chutiyapa ki,CAG,1
facebook_corpus_msr_373390,"रविवार को छुट्टी के दिन रिलीज़ हो तो ओपनिंग ज़्यादा अच्छा होगा!
लेकिन शुक्र शनिवार को कौन सी छुट्टी हे रे मुरख ?
शनिवार की छुट्टी केवल केन्द्र सरकार के 43 लाख नौकरों को ही मिलती हे !
ये देश 125 करोड़ लोगों का हे ! समझे गांडु !",CAG,1
facebook_corpus_msr_373391,Y kri chohtiya k patthe ne shi bat jese iska bap filme bnata ho cohtiya sala cinema hall m jane k lye pese na ho cahe,CAG,1
facebook_corpus_msr_373395,"Mana k Modi k fan hu

Pr
Kya chutiyaPA hai 
Ab isme Friday kha se AA gya....

Jo chal rha vo chal rha ab kisi Muslim ne to aake nh bola k Friday ko hi release kro",CAG,1
facebook_corpus_msr_373398,"'सलीम-जावेद' की जोड़ी की लिखी हुई फिल्मों को देखें, तो उनमें आपको अक्सर बहुत ही चालाकी से हिन्दू धर्म का मजाक तथा मुस्लिम / ईसाई धर्म को महान दिखाया जाता मिलेगा। इनकी लगभग हर फिल्म में एक महान मुस्लिम चरित्र अवश्य होता है और हिन्दू मंदिर का मजाक तथा संत के रूप में पाखंडी ठग देखने को मिलते हैं।

1/ फिल्म ""शोले"" में धर्मेन्द्र भगवान शिव की आड़ लेकर ""हेमा मालिनी"" को प्रेमजाल में फँसाना चाहता है, जो यह साबित करता है कि मंदिर में लोग लड़कियाँ छेड़ने जाते हैं। इसी फिल्म में ए. के. हंगल इतना पक्का नमाजी है कि बेटे की लाश को छोड़कर, यह कहकर नमाज पढने चल देता है कि उसे और बेटे क्यों नहीं दिए कुर्बान होने के लिए।

2/ ""दीवार"" का अमिताभ बच्चन नास्तिक है और वो भगवान का प्रसाद तक नहीं खाना चाहता है, लेकिन 786 लिखे हुए बिल्ले को हमेशा अपनी जेब में रखता है, और वो बिल्ला ही बार-बार अमिताभ बच्चन की जान बचाता है।
3/ ""जंजीर"" में भी अमिताभ नास्तिक है और जया, भगवान से नाराज होकर गाना गाती है, लेकिन शेरखान एक सच्चा इंसान है।

4/ फिल्म 'शान"" में अमिताभ बच्चन और शशि कपूर साधु के वेश में जनता को ठगते हैं, लेकिन इसी फिल्म में ""अब्दुल"" ऐसा सच्चा इंसान है जो सच्चाई के लिए जान दे देता है।

5/ फिल्म ""क्रान्ति"" में माता का भजन करने वाला राजा (प्रदीप कुमार) गद्दार है और करीमखान (शत्रुघ्न सिन्हा) एक महान देशभक्त, जो देश के लिए अपनी जान दे देता है।

6/ अमर-अकबर-एंथोनी में तीनों बच्चों का बाप किशनलाल एक खूनी स्मगलर है लेकिन उनके बच्चों (अकबर और एंथोनी) को पालने वाले मुस्लिम और ईसाई महान इंसान है।

7/ कुल मिलाकर आपको, 'सलीम-जावेद' की फिल्मों में, हिन्दू नास्तिक मिलेगा या फिर धर्म का उपहास करता हुआ कोई कारनामा दिखेगा जबकि शेरखान पठान, DSP डिसूजा, अब्दुल, पादरी, माइकल, डेबिड, आदि जैसे आदर्श चरित्र देखने को मिलेंगे।

8/ हो सकता है आपने पहले कभी इस पर ध्यान न दिया हो, लेकिन अबकी बार ज़रा ध्यान से देखना केवल 'सलीम/जावेद' की ही नहीं, बल्कि कादर खान, कैफ़ी आजमी, महेश भट्ट, आदि की फिल्मों का भी यही हाल है। 

9/ फिल्म इंडस्ट्री पर दाऊद जैसों का नियंत्रण रहा है। इसमें अक्सर अपराधियों का महिमामंडन किया जाता है और 'पंडित' को धूर्त, ठाकुर को जालिम, 'बनिए' को सूदखोर, 'सरदार' को मूर्ख कॉमेडियन आदि ही दिखाया जाता है।

10/ 'फरहान अख्तर' की फिल्म ""भाग मिल्खा भाग"" में 'हवन करेंगे' का आखिर क्या मतलब था?

11/ pk में भगवान का रॉन्ग नंबर बताने वाले आमिर खान क्या कभी अल्लाह के रॉन्ग नंबर पर भी कोई फिल्म बनायेंगे?

मेरा मानना है कि- ""यह सब महज इत्तेफाक नहीं है, बल्कि सोची-समझी साजिश है...!!!""",CAG,1
facebook_corpus_msr_373399,"अंध और भोलेभाले धर्मनिरपेक्ष मुरख हिन्दुओं ये तो केवल कुछ ही example हे !
समय रहते अक्ल खोल लो !!",CAG,1
facebook_corpus_msr_373403,"हां जातीवादी ने ही खा गया हमको !
पर ये बिसंगती षाठ सालों तक दुर नही कर पाई कॉंग्रेस ने !
आरएसएस ने ये बीड़ा उठाई हे ! साथ दिजीए!",CAG,1
facebook_corpus_msr_373405,"मुहम्मद के अनुयायी कितने खुसकीस्मतवाले देखो.. 
हमारे यहां पथ्थरबाज॒ सुअरों को पैलेट गन से भी ठोंके और पाकिस्तान ज़िन्दाबाद भारत मुर्दाबाद कहनेवालों को पिटाई भी की जाएं तो सांसद से लेकर मिडीया तक में कश्मीर से लेकर कन्याकुमारी तक सारे सेक्युलॉर कुत्तों के अशुभ शक्तिया एक होकर टुट पड॒ते हैं ..अरे रे रे.. मार दिया रे..! ओय होय.होय..होय.. तौबा तौबा .. ये क्या कर दिया रे .. अर्रे मार दिया रे मासुमों को मार डाला रे .... 
ऐसे छाती पीटपीट कर रोनेवाले कोई और नही हे .. Sonwane S. Er Riteish & Om Mehtamehta जैसों के प्यारे नेताओं की फ़ौज... सोनिया, केजरीवाल, मणीशंकर आईय्यर, सीताराम येचुरी, जैसे बहुत से लोग !!

अब बोलो Mohd Ishaq..जिस देश मे ऐसे आधुनिक जयटचंदों से भरे पड़े हैं वहां क्या मुसलमानों को पैगंबर के नाम पर वोट मांगने की ज़रुरत हैं !??",CAG,1
facebook_corpus_msr_373407,Kya ghtiya sonch hi bhai Teri hr chiz me mulla dikhta hi sonch thik rakho tvi desh aage badhega wrna akele modi tm jaise ko kaise thik krenge,CAG,1
facebook_corpus_msr_373408,"गलत बात मिँया !
सोच ठीक रख्खे जा चुके हैं कुछ नही हुआ !
सोच बदलो तभी देश बदलेगा ! काश शुरु से ही ये देश हिन्दुत्ववाद पर आगे बढता तो आज देश की ये हालत नही होती ..
हालत कौन सी हे ? उपर की सारी कॉमेंट्स पड़कर देखो !!",CAG,1
facebook_corpus_msr_373410,Kishore Kumar Adhikary agar juma ko filme riliz hona band ho Jaye to achcha agar aapko juma is liye nafrat Hai ki ye mullo ka Hai is din filme q riliz hoti Hai to ye bhi yaad karlo ki Sunday bhi isaiyo ka dharmik din Hai isko Hindu o ka mat samajhna,CAG,1
facebook_corpus_msr_373411,Rahi baat desh ki jis gay bhais ki anpadta ki taraf desh ko le ja rahi bjp ye desh ko hi bhari parega a ge chal ke rahi baat gau prem ki goa me ben kardo Manipur me bhi karo jaha bjp Hai par nhi ben karenge q ki sarkar gir jayegi Jo waha krischen is liye yahi gau prem in logo,CAG,1
facebook_corpus_msr_373413,"Bataiye movie dekh ke aa rahe hai or has v rahe hai, ye kamchor ab kuch der bad bolega jo sahid hue sab Congress ki den hai..",CAG,1
facebook_corpus_msr_373414,Jawan shaheed ho rhe the aur mantri ji film dekh rhe the Wah re deshbhakton,CAG,1
facebook_corpus_msr_373416,Abe waqt hai mooh toodh jawab dene ka Pakistan ko ye log bhosdi ke movie me mast hai jawan hamare be maoot mar rahen,CAG,1
facebook_corpus_msr_373418,Border p Jawan marey ja rhe h aur Bjp k Neta bahubali dekhne m busy h,CAG,1
facebook_corpus_msr_373419,Desh me kya chal raha kendriya mantri our movie dekhne me magn hai,CAG,1
facebook_corpus_msr_373421,"SHAME ON U NAIDU ...
Border pe jawan shaheed horahe hai aur tum filme dekhte popcorn k maze lete phirrahe ho...shame shame....",CAG,1
facebook_corpus_msr_373422,Sirf film Dekho aur ulul julul comment karo modi ki chamcha giri karo desh me sanik mare jaye yuvao ka rojgar chinte raho shameless politician thu,CAG,1
facebook_corpus_msr_373428,"आतंकवादी जवानो को मार रहे है और इन्हे फिल्म देखने की पडी है.
ये है हमारे देश के राजनेता.
सभी राजनेता १ जैसे ही है फिर वे कॉग्रेस हो या बी.जे.पी.

मनमोहन सिंग ना कुछ बोलता था - ना कुछ करता है
और
नरेंद्र मोदी बोलता बहुत कुछ है पर करता कुछ नही

हिंदुस्थानीयों के नसीब में सिर्फ गुलामी ही लिखी है, 
क्यूँकि इन्हे आदत ही है थोडे से पैसो मे खुद का स्वाभीमान बेचनी की और समाज के नाम अपनो-अपनो मे झगडने की",CAG,1
facebook_corpus_msr_373429,Ek sawal hai in netao se bolo Kisi ek ko border pe jaane keliye  body guard peeche rakh ke bohot bhasan Dena bohot asan hai  tab pata chalega Jawan sena ki kimat Kya hai,CAG,1
facebook_corpus_msr_373434,"The ten commandant. 1956 me bani thi....
Kya ham hollywood se itna pichhe hai",CAG,1
facebook_corpus_msr_373438,Bahubali ko seema  PR bhejo Neta ji....movie to apne daikhli ab  real shooting PR b nazar dallo thodi....India pak vali  Jo real fight ho rhi h,CAG,1
facebook_corpus_msr_373439,Border pr forces saheed ho Rahi hai aur ye nikamma bahubali dekh Raha hai,CAG,1
facebook_corpus_msr_373440,जरा सीमा पर जवानो का खैरीयत जानने कभी कभी अंधे भक्तो के साथ भी चले जाइये,CAG,1
facebook_corpus_msr_373442,सही बात है सीमा पर शहिद होने वाले देशभक्त है अंधे भक्त नहि,CAG,1
facebook_corpus_msr_373443,Hamari armi mari jati hai neta film ki tareef me laga hai,CAG,1
facebook_corpus_msr_373448,बस फिल्म देखते रहो सर हद पर हमारे जवान सहीद हो रहे है जरा सोशो,CAG,1
facebook_corpus_msr_373449,Seema p jawan shaheed ho rhe h or ye chutiye film!,CAG,1
facebook_corpus_msr_373450,बेवकूफ मंत्री है अब भी फ़िल्म समीक्षक बन गए है,CAG,1
facebook_corpus_msr_373453,Lanat ha aese manri or midiya pe de ka hal kharab kar diya..,CAG,1
facebook_corpus_msr_373457,Kuch  kaam nahi hai inko bus film he dekhenge,CAG,1
facebook_corpus_msr_373469,नायडू _ सैनिक भी शहीद हुए हैं _ पता है या नही,CAG,1
facebook_corpus_msr_373471,अब नेताओ के पास काम ही क्या रह गया है,CAG,1
facebook_corpus_msr_373481,Border p Jawan marey ja rhe h aur Bjp k Neta bahubali dekhne m busy h,CAG,1
facebook_corpus_msr_373482,"दलित ने बेटी की शादी में बजाया बैंड, दबंगों ने कुंए में मिलाया केरोसिन - Kohram News
भोपाल | भारत में बरसो से नीची जाति के लोगो के साथ भेदभाव होता आया है. हालाँकि सरकारे दावा करती आई है की अब नीची जाति और ऊँची जाति के बीच कोई मतभेद नही है लेकिन देश के किसी…
KOHRAAM.COM|BY KOHRAM NEWS",CAG,1
facebook_corpus_msr_373485,इससे अछी तो अपनी अंजना ओम् कस्यप दिखती हैं बस उसकी कमी हैं उसको ही बना देते,CAG,1
facebook_corpus_msr_373489,ABP news Dallo Aaj turki ke presdent aae hain unko bhi  tobatao,CAG,1
facebook_corpus_msr_373509,Yahi to in ki desh bhkti he..sukma k news ye dalal media telecast bhi nhi kr rha,CAG,1
facebook_corpus_msr_373513,Sahi hai ....modi ki toh ab aur bhi suj gayi hogi.....kyoki roz uske nikkamme pan ki pol khul rahi hai,CAG,1
facebook_corpus_msr_373518,Koi bat nhi dekhna kal tak news media walo ka 10__15 pakistani mar denge.....aur khub jhuta parchar karenge....ye sarkar aur media bhot jhut bol rahe hai,CAG,1
facebook_corpus_msr_373522,Madi ji jumla bazi ki naotanki band kro desh par dhayan do  ..janta aisa talaq de gee  ki halala bhi nahi kar sako ge,CAG,1
facebook_corpus_msr_373524,Lekin aaj desh main sacchai bolne wale jo galat sabit kar diya jata hai,CAG,1
facebook_corpus_msr_373529,"या तो कश्मीर उन्हें दे दो,या आर पार का काम करो
सेना को दो ज़िम्मेदारी,तुम दिल्ली में आराम करो

मत छुट्टी दो,मत भत्ता दो,बस काम यही अब करने दो
वेतन आधा कर दो,लेकिन कुत्तों में गोली भरने दो

थप्पड़ खाएं गद्दारों के,हम इतने भी मजबूर नही
हम भारत माँ के सैनिक हैं,कोई बंधुआ मजदूर नहीं

हर हर मोदी घर घर मोदी,यह नारा सिर के पार गया
इक दो कौड़ी का जेहादी,सैनिक को थप्पड़ मार गया

भारत का आँचल स्वच्छ रहे ,हम दागी भी हो सकते है
दिल्ली गर यूँ ही मौन रही,हम बागी भी हो सकते हैं 

इस राजनीती ने घाटी को,सरदर्द बनाकर छोड़ा है
भारत के वीर जवानों को नामर्द बना कर छोड़ा है

इस नौबत को लाने वालों,थोड़ा सा शर्म किये होते
तुम काश्मीर में सैनिक बन,केवल इक दिवस जिए होते

अब और नही लाचार करो,हम जीते जी मर जायेंगे
दर्पण में देख न पाएंगे,निज वर्दी पर शर्मायेंगे

दिल्ली में बैठे शेरों को सत्ता का लकवा मार गया
इस राजनीति के चक्कर में सैनिक का साहस हार गया

रंगा है खुन से आज नक्सलीयों ने माटी को
दमे का रोग लग गया है क्या 56 ईंच की छाती को",CAG,1
facebook_corpus_msr_373534,ये भी खोज का विषय है ... कि मोदी जी के कौन से ऐसे काम है जिनसे जनता खुश हो कर बम्पर बहुमत दे रही है? क्यों कि... ना मँहगाई घटी ना किसान आत्महत्या रुकी ना भृष्टाचार कम हुआ ना गुंडाराज खत्म हुआ ना नोकरशाही खत्म हुई ना कश्मीर के हालात बदले बल्कि बद से बत्तर हुए ना पाकिस्तान पर शिकंजा मजबूत हुआ ना चीन ने आँख दिखानी बन्द की ना आतंकवाद का खात्मा हुआ ना रोजगार बढ़े ना किसानों को उनका समर्थन मूल्य मिला ना गरीबो के लिए कल्याणकारी योजनाएं बनी ना कालाधन वापस आया ना नोटबंदी से लोगों को फायदा हुआ ना विदेशी दौरों से लाभ मिला ना कांग्रेस के दामाद पर कार्यवाही हुई ना 2g घोटाले के दोषी जेल गये ना कोयला घोटाला करने वाले जेल गये ना कॉमनवेल्थ गेम के गुनाहगार जेल गये ना गंगा साफ हुई ना रेल दुर्घटनाये रुकी ना कांग्रेस मुक्त भारत हुआ बल्कि कांग्रेस युक्त बीजेपी हो गई ना विजय माल्या को पकड़ा गया ना लोकपाल को पास किया उल्टे RTI के अधिकार काम किये ना शिक्षा के क्षेत्र में कोई सुधार हुआ उल्टे बजट कम किया ना स्वाथ्य के क्षेत्र में कोई सुधार किया ना सरकारी हॉस्पिटल की स्थति सुधरी ना सबका साथ सबका विकास हुआ . . . तो क्या बदला 3 साल में जो जनता इतना खुश है कि हर चुनाव में बीजेपी को बम्पर बहुमत मिल रहा हैं और भारत मे बीजेपी एकछत्र राज की तरफ बढ़ रही है।बीजेपी सिर्फ़ हिन्दू मुस्लिम को लडाने कि राजनीति कर रही है वो भी सिर्फ वोट बैंक के लिए और सत्ता पाने के लिए। क्या कोई है जो इस पहेली को समझ सके आपके जवाब का इंतजार है? इस पोस्ट को देखकर अब बीजेपी के चमचों की फटेगि और ऐ बौखला के अपने मा बेहन और बाप का परिचय देंगे.. ... .. .. .. .. . धन्यवाद... .... जय हिंद।,CAG,1
facebook_corpus_msr_373553,"Modi ji or Raajnatth ji dono he milkar is barbarta ki ,,,,kdi ,,,ninda karte h ,,,Or inki inki kdi ninda se Pakistan k seniko k paseene chuut rhe h vo mafi magne k liye teeyar h .....,,Kiyo mere Bharat vasiyo esa he h na ,,,,,plz comment",CAG,1
facebook_corpus_msr_373557,"Pakistan Ki himat kese hui indain jwan ke parts kat ker le gye , Indian army Kya so rahi thi , age bi hoga kuch Nahi hoga army SE  , Pakistan to roj Marta hai Indian jwano ko , Bharat sarkar Kya karti hai , ninda ker ke Beth jati hai",CAG,1
facebook_corpus_msr_373558,Yea hamara modi ki chal hai bhai. Modi apna rajniti fayda ke Lea humara jawan ku marwata rahaga our humlogouku midea bodkata rahaga.  Isku kahta hai rajniti.,CAG,1
facebook_corpus_msr_373562,"Abhi modi ji ka twitter aayega. .
Soldiers ka Shahid ki ninda karge 
Fir aur Shahid  hone  ka intejar karege. ..
Kaha gaye  wo wade  jo election ke pahle bola  tha. .
Usko uski bhasha me bolna chahiye. .
Sab jumla tha..
Fir aam jo khane hain. ..",CAG,1
facebook_corpus_msr_373565,"Pakistanko Kab jawab milega?  Salno hogaya ab tak jawab nahi diya .jab congress Tha jub BJP baut boltha tha, abibi bolthe rehtha hai knyo . Kub faisla karega ? Hamara jawan rozana Shaheed ho raha hai? Uska hisab humko Kub milega ?? 😤😤",CAG,1
facebook_corpus_msr_373566,Pak ki bat mat karo humare modi G kab sudhrenge main wait kar raha hun ke jawab kab milega Pak ko Indian to sirf aaswasan or ninda SE Kam Chala raha Hai or Hume aadat bhi par Hai hsi,CAG,1
facebook_corpus_msr_373568,"Bhartiy sena to kabse tayar hai karara jawab dene k liye, par kya kare hamara politics bas ""kadi ninda"" karke bhul jata hai.....😐",CAG,1
facebook_corpus_msr_373569,"Jo badal garajte hai wo baraste nahi 
Jo baraste hai wo garajte nahi 
Phele jawab do phir media mai ake jawab dene jinka beat shid hwa hai unke dil se pucho :(",CAG,1
facebook_corpus_msr_373572,Bus yahi kaam hai Hindu Muslim aur teen talak mandir banana aur masjid ki baat karna bus aur koy kaam nhi hai saido logo ki jaan jaa rahi 1 sahid ko jaan Jana 1000 logo ke barabar hai ab kaha gay gayya pe dangga karne wale bhejo un logo ko sahido ka badla lena bus Hindustan Mei darga karna ata hai Hindu Muslim Mei bus ...ane bala tym aisa ay ga bache ke bache bhik maage ge chahe bo Hindu ya muslim hn Hindustan ke liy maar metiy ...jo raat deen padke IAS bantta hai use bande ki nhi chalti ek gali ka gundda neta baknar unse gulami karta hai Hindustan kaha aage jaiy ga jaha raat deen pad kar eg gabar politics logo ki baat sunni padti agr banda nhi sune ga ru use jungle mein bhej diya jata hai ....Pakistan ko sabk aisy sikhay ki bo humsa yad rakhe india ki tharaf aakh utar kar nhi dekhe....,CAG,1
facebook_corpus_msr_373574,Bhailagta hai tu Hindustan se mohabbat nhi karta hai tujhe Pakistan jana chahiy gande logo ko gandhi jagha rhna chahiy...,CAG,1
facebook_corpus_msr_373575,Humre Hindustan ke like nhi hn ap jeselogo ne Hindustan ko barbad kar diya....,CAG,1
facebook_corpus_msr_373576,अभी मोदी का बयान होगा हम कङीःनिनदा करते हैं होश में अजावःपकिसतान हम 20019 तक बर्दाश्त करते रहें गे औरः20019×के बाद हम बदला लेगे,CAG,1
facebook_corpus_msr_373578,Aray modi issiye pardhanmantri banya tha kyaaa ... congress acchi thi isse toh itne sanik shaheed hogaye usske baadh bhi koi action ni hai ... apne vote bank ke chakkar mai nuksaan hummare foji bhai jhail re hai ....,CAG,1
facebook_corpus_msr_373580,"मोदी जी आपसे विनती है ये पुजारी या उपदेशक की भूमिका छोड़िये PM के रूप में आइये और गद्दारों देशद्रोहियों पर सख्त एक्शन लीजिये

मोदी और मोदी सरकार समोसा कचोड़ी खाने में व्यस्त, उधर कश्मीर मे सैनिक मर रहे और नक्सल मार रहे, फिर भी भक्त सोचते मोदी गुण गाओ तो मुझसे न होगा

मोदी जी  कभी चिंतन-मनन भी करो जनता ने तुम्हे वोट क्यों दिया ? कभी पुराने भाषणों को याद करो, जनता का विश्वास खो दोगे तो वो कोंग्रेसीयों जैसा गधा बना देगी

कश्मीर की समस्या है वहां कश्मीरी कोई है ही नही सब पाकी आतंकी बचे हैं, कश्मीरी पंडित भगा दिए जो असली कश्मीरी थे या मार दिया उन्हें ... जड़ धारा 370 है

370 हटाओ, सारे अलगाववादीयों को मारो चारो तरफ से घेर के ... और कश्मीरी पंडितो व पूर्व सैनिकों को बसाओ समस्या सॉल्व ।। 

पर क्या ऐसा करने की मोदी सरकार में दम है ??",CAG,1
facebook_corpus_msr_373583,mai ye baat bhi jimmedari se kehna chahta hon jitne bhi jawaan sheed  hue h in sab ke jimmedaar bharat har wo naagrik h jisne narendar modi ko vot diya agar koi strong pm hota hamare desh ka to ab tak pakistan ko jawaab mil chuka hota ye inhi ki sajis h jawaano ko sheed karane me aap hi batayen pathancot se lekar abtak kya kiya modi sarkaar ne ye sab ke sab bjp bale aur bhakt dalaal h sare,CAG,1
facebook_corpus_msr_373590,"Alam Jafri Madaar puri india muslim votes 2% hi bjp ko hota hai. Koi bhi muslim ka role nahi hai bjp govt. Ko power ma lana ka. Sirf batte karta ho tum log modi ka against. Mumbai ma Taj, cst par attack tha 26/11 ka taab kyu nahi comment kiya muslims na congress ka uppar. Tumhari humdardi aur saalah nahi chahiya BJP govt aur desh wasiyo ko",CAG,1
facebook_corpus_msr_373591,Pakistan hamare jawano ko saheed pe saheed kar rahi h aur hum h ke behaya bane hue h jhuthi sarkar ko accha bata rahe h nalat h hamari jindagi pe ke hamara apna jawaan jo sarhad pe hamare liye apni jaan kurbaan kar raha h aur hum keh rahe h jawaan to pehle se saheed hote aa rahe h is bakht hame ye hona chahiye ke hum hukumat se apeel karen ke apne namard pan ko kgatam kar ke mardangi dekhao lekin nahi hume dalaal neta pasand h hume isi ke agent pasand h are sharm aani chahiye hame ke jo jawaan desh aur hamare liye sarhad pe apni jaan de raha wo bhi kisi ma ka beta h kisi ka bhai kisi hasband  hoga hame sirf apni aur apne parivaar ki fikhr h lekin jo hamara sab kuch bachane me laga h us ke liye hum kehte h ke are sarkaar salary de rahi uska kaam h,CAG,1
facebook_corpus_msr_373593,Wadhawa ji sab se pehle mai aap ko bataon ke maine ye kaha hi nahi ke musalmano ne vote diya bjp ko aap apna home work sahi karen dosri baat aap mumbai ki baat kar rahe h to ye batayen kis musalmaan ne candem nahi kiya batuen doari baat jab musalmaan bolta tabhi kyon sab ko pareshani hoti h parhancot kya india ka hissa nahi h waha atanki atek 2 din se bhe jiyade chalta raha tab musalmano ne awaaz uthai 17 jawaan ek sath saheed kar diye gaye tab musalmano ne awaaz utgai khubbaada me jawaan saheed hue musalmano ne awaaz uthai ab bsf ke jawaan jawaan saheed hue musalmaan bol raha h ab kasmir  me jabano ko laga taar saheed kiya ja raha musalmaan bol raha h lekin musalmaan bol raha lekin tum jaise log musalmaan ki baat ko ulta karne me lage h bhai aap ko hame sab ko sath khade hokar bolna hoga tab hamare desh ki hukumar sayad hi koi action le lekin mai ye baat jaroor kahonga ke bhopaal me pakistani isi ke agent pakde gaye jisme bjp parti ke neta ka ristedaar bhe tha aur wo isi ka dalaal jis ka naam dhuruv tha wo khud bjp parti ka sadas tha 11 log the ye sab lekin afsoos desh ke sab se bade gaddar the ye log lekin koi nahi bola inke khilaaf bhai aap ne bhi koi coment nahi ki in 11 isi agent ke kgilaf kyon is liye ke ye sab hindu the musalmano ke samne india ke hindu logo ki be izzati hoti is liye kisi ne in isi agento ke bare me nahi bola bhai aap jo bhe h mai aap ko bata don ke hum sab ek h kon hindu kon muslim ye sab baad me h pehle hum hindustani  bhai h kisi galat baat  ko dabana ya chipana ye inshaniyat ke khilaf h bhai hum sab ek hi bus hame hamari soch aur netaon ne ek dosre se alag kar rak kha h,CAG,1
facebook_corpus_msr_373601,"Chhat vichhat dead body ko kar diya tum kya kar rahe the mujhe samjh nhi aata ki media me khabar jab aaye jab unke sainiko k sath bhi yahi ho..

Pichhle 3 saalon me bjp ki sarkar me army k bahut jawan saheed huye jo ki dukhad hai..

Modi sarkar jawab degi,,kab kese kaha wese hi jese surgical strike me duya tha,,kisiko pata bhi nhi ogaa ki kitne mare,,oper se chandu chovaan jarur pakada gay..

Kahi nahi army bsf crpf me samanjasya ki kami hai har hamle me mujhe saaf dikhti hai..",CAG,1
facebook_corpus_msr_373602,kya jawab donge app sab apke hath or dimag badh liye he..un netao ne pahele un logo ko fuk maro jo apko  mar khane par majbur karte he,CAG,1
facebook_corpus_msr_373605,Ab. Had ho gyi modi ji hamre jawano par patthar chal rhe hai baith gye hai hamari jawan wnha sahid hi rhi hai   ha kewal kadi ninda bas  modi ji pakistan se badlalo,CAG,1
facebook_corpus_msr_373610,"Ab Pakistan se Bharat dar rha hai 2013 se hi Jor ke dekhiye hmare kitne hmare javan bhai maregye 
Ab Bharat bhi sirf bolta hai kuchh karte nhi
Pahle hmare 1sena 100 sena ke brabar mana jata tha our ab 😢",CAG,1
facebook_corpus_msr_373613,"*जो कहते हैं, सर्जिकल स्ट्राइक पहले भी हुई है*
*वो आखें खोलकर पढ़ लें*

*2010:जब आतंकी को मारने की सज़ा दी थी Congress ने,आज भी उम्रक़ैद की सज़ा काट रहे हैं वो जवान।* http://www.jagrukindian.com/2016/07/congress-sentenced-military-men-for-killing-terrorists.html#.V-S_cOhHl0g.whatsapp
*2010:जब आतंकी को मारने की सज़ा दी थी Congress ने,आज भी उम्रक़ैद की सज़ा काट रहे हैं वो जवान।*

*वो 30 अप्रैल 2010 का समय था!*

*स्थान था कश्मीर का मच्छिल सेक्टर!* 

*हमारी सेना का कर्नल डी के पठानिया कश्मीर में अपने जवानों की एक एक कर के अपनी आँखों के आगे वीरगति देख रहा था!*

*उसकी बटालियन के हाथ और पैर दिल्ली में बैठी दुर्दांत आतंकी संगठन कांग्रेस की सरकार ने बाँध रखे थे!*

*वो बेचैन भारत माँ का लाल हर दिन अपने हाथों से अपने किसी शूरवीर जवान का अंतिम संस्कार कर रहा था, पर दिल्ली में बैठी आतंकी संगठन की सरकार बस एक आदेश देती थी:*

*जो हो रहा है उसे होने दो! ज्यादा देश भक्ति सवार है क्या? वर्दी से नहीं तो कम से कम अपने परिवार से प्रेम करो और चुप रहो!*

*एक दिन उस से ना रहा गया!*

*30  अप्रैल 2010 को वो महावीर कर्नल पठानिया ने स्वयं को आतंकी संगठन कांग्रेस के हर आदेश, हर बाध्यता, हर नियम से मुक्त कर डाला!*

*उसके साथ इस पावन अभियान में उसका अधीनस्थ मेजर उपेन्द्र आया! उसके साथ हवलदार देवेंद्र कुमार, लांस नायक लखमी व सिपाही अरुण कुमार भी आये और आतंकी संगठन कांग्रेस के हर आदेश की धज्जी उड़ाते हुए इन महावीरों ने सेना वो काफिरों को तंग कर चुके शहज़ाद अहमद , रियाज़ अहमद व् मोहम्मद शफ़ी को अपने खुद के नियम और खुद के क़ानून से मार गिराया!*

*कर्नल पठानिया और मेज़र उपेन्द्र का खौफ़ हिमालय की घाटी में बन्दूक और तोपों की आवाज से भी ज्यादा गूँज गया! वहां खुद को आतंकी कहने वाला अपना हुलिया बदल कर बंदूक की जगह बुरका पहन कर घूमने लगा!*

*शांति के दूतों में छाया ये खौफ़ दुर्दांत आतंकी संगठन और उस समय की सत्ता के मालिक कांग्रेस को रास ना आया! फिर शुरू हुआ कर्नल पठानिया और मेज़र उपेन्द्र की अनंत प्रताड़ना का दौर!*

*रक्षा मंत्री ए के एंटनी ने उनकी अपनी खाल से भी ज्यादा प्रिय वर्दी उतरवा कर उन्हें बर्खास्त कर दिया और याकूब के लिए रात में  12 बजे खुलने वाली कोर्ट ने मेजर उपेन्द्र, कर्नल डी के पठानिया और उन पाँचों जवानों को आजीवन कारावास की सजा सुनाई!*

*फिर आतंकियों में छाया सारा खौफ़ घूम कर सेना में छा गया!*

*कश्मीर में घी के लड्डू बंटे!*

*वो सारे महावीर आज भी जेलों में हैं!*

*आतंकी बुरहान वाणी को पूरी दुनिया का मुसलमान बच्चा बच्चा जानता है!*

*पर  फ़ौजी कर्नल डी के पठानिया को कोई भी नहीं जानता!*

*कश्मीर  से गूँज रहा है कि बुरहान वाणी को वापस लाओ ।*

*क्या किसी में दम है ये कहने का कि कर्नल पठानिया और मेजर उपेन्द्र को मुक्त करो?*

*नोट: कृपया इस मैसेज को कॉपी पेस्ट और फारवर्ड करें. जिससे इन देशभक्त वीर सैनिकों को बचाया जा सके और आतंकी संगठन कांग्रेस का पर्दाफाश हो सके!* 

*आपको यह सन्देश 3 लोगो को भेजना है।*
इस प्रकार
1 = 3 लोग
यह 3 लोग 3 लोगो को मेसेज करेंगे
3×3 = 9
9×3 =27
27×3=81
81×3 =243
243×3 = 729
729×3 = 2187
2187×3 = 6561
6561×3 = 19683
19683×3 = 59049
59049×3 = 177147
177147×3 = 531441
531441×3 = 1594323
1594323×3 = 4782969
4782969×3 = 14348907
14348907×3 = 43046721
43046721×3 = 129140163
129140163×3 = 387420489
387420489×3=1,162,261,467
1162261467×3. = 3486784401
*बस आपको तो एक कड़ी जोड़नी है देखते ही देखते पूरा देश जुड़ जायेगा.....*
 *।।भारत माता की जय।।*",CAG,1
facebook_corpus_msr_373614,मै भारत के प्रधानमंत्री जी से  कहना चाहुंगा  की अब और बर्दाश्त नही कर सकते है हमारे देश के वासी जो भी करना हो वाह करो  हमे ऐसा देश का तरक्की नही चाहिए जो हमारे जवानो के  खून से तरक्की मिल रहा हो बहुत हुआ अब समय की मांग है पाकिस्तान को कब्रिस्तान बना दो हमे नही चाहिए विकास सिर्फ पाकिस्तान को कर दो बर्बाद निंदा करने से कुस काम में नई आयेगा और विकास विकास को क्या क्या करे प्रतिदिन जवान शहीद हो रहे है,CAG,1
facebook_corpus_msr_373615,"मोदी जी  इंडिया  टीवी  पर रजत शर्मा को आपकी अदालत मे दिये गये अपने बयानो को  जरा देख  लो,शायद  कुछ  शम॔  आ जाय ।",CAG,1
facebook_corpus_msr_373616,2012 से लेकर 2014 तक यानी 3 साल सिर्फ 174 सैनिक शहीद हुए और सिर्फ एक साल में यानी 2015 ●2016 तक 237 जवान शहीद हुए येही 56 इंच सीना है,CAG,1
facebook_corpus_msr_373617,"0:07 #Bharat k #jawan Mar Diye Nahi Gai #Shahid Hue Hai, 
Bolne Ka Tarika Sikh Le Dalaal Media.
Rahi Bat Badla lene ki To Dono Mulq Sainik Ki Shahadat Ko Sirf Vote k liye Istemal karte.
Tabhi To #PMO Bin Bulaye Biryani Khane Pahuch Jate",CAG,1
facebook_corpus_msr_373618,"जितनी आजादी पाकिस्तान में 
पाकिस्तानी हिंदुओं को मिलती है 
उतनी ही आजादी 
भारत के मुसलमानों को दी जानी चाहिए 
तब जाकर इन मुल्लों को 
आजादी का मतलब समझ में आएगा
भिखारी को जब 
जरूरत से ज्यादा मिलता है तो 
वह उसका कद्र भूल जाता है
यही हाल भारत के मुसलमानों का है
जय श्री राम",CAG,1
facebook_corpus_msr_373633,"मोदी के भाजपा दफ्तर में "" निंदा "" की खेती होती है क्या?",CAG,1
facebook_corpus_msr_373634,खबर आते ही सोशल मीडिया पर मोदी के खिलाफ लोगों का गुस्‍सा फूट पड़ा है।,CAG,1
facebook_corpus_msr_373635,"मोदी जी,
सैनिक को बचाओ, तभी देश बचेगा! अगर तेरे बस की बात नही तो इस्तीफा देकर चार धाम यात्रा को निकल जाओ।",CAG,1
facebook_corpus_msr_373643,"शाहनवाझ भाई तुम खुद देखो मुसलमान भाइयोंके कमेंट सब क्या बोल रहे है? भारत देश के खिलाफ कोई भी बोले चाहे ओ किसी भी धर्म का हो, किसी भी देश का हो उसे हम नहीं छोडेंगे! आप हमारे साथ है तो हम आपके साथ है!",CAG,1
facebook_corpus_msr_373645,Pradeep Triveni Gupta bhai tu sote hue sapna dekhna chor de samander se kabhi machli khatam hua hai chahe jitna v paker lo,CAG,1
facebook_corpus_msr_373648,आर्मी को जबतक नेताओ के चंगुल से आजाद नही करोगे ये बर्बरता होती रहेगी आर्मी को फ्री हैण्ड कर दो फिर देखो तमाशा घुस के मॉरेंगे।,CAG,1
facebook_corpus_msr_373651,Zakhmi Dil sie.. modi ji ne phele bhi jawab diya tha ab bhi denge,CAG,1
facebook_corpus_msr_373654,पुलिस पे हमला फ़ौज पे हमला.नक्सलवाद बढ़ रहा है पाकिस्तान डर रहा है कुल्भुशण मर रहा है कश्मीर जल रहा है मीडिया पिँघल रहा है......  देश बदल रहा है.,CAG,1
facebook_corpus_msr_373655,"कितनी अजीब बात है कि एक काल्पनिक केरेक्टर बाहुबली की मौत का राज जानने के लिए पूरा देश थिएटरों पर उमड़ा पड़ा है ।काश कि इतने लोग मिलकर सरकार के सामने खड़े होकर यह पूछते कि बताओ आतंकवादी और नक्सलवादी हमारे फौजियों को कैसे मार  रहे हैं, तो देश की तस्वीर ही बदल जाती ।",CAG,1
facebook_corpus_msr_373656,2012 से लेकर 2014 तक यानी 3 साल सिर्फ 174 सैनिक शहीद हुए और सिर्फ एक साल में यानी 2015 ●2016 तक 237 जवान शहीद हुए येही 56 इंच सीना है,CAG,1
facebook_corpus_msr_373658,"अगर मोदी जी की कोई औलाद होती ,और वो फोज़ में होती फिर इनको पता चलता की  औलाद खोने का की दर्द होता हे अरे वो फोजी भाई भी किसी की ओलाद और किसी के बाब ,भाई हे , दोस्तों  मोदी जी कुछ नही कर सकते ,😢",CAG,1
facebook_corpus_msr_373659,Gaurakshko ko bhejo border pe ghr me baithkar taqat dikhate rhte hain ye hrwqt yhi sahi samy hai,CAG,1
facebook_corpus_msr_373660,"कुछ जवाब नही देगी सरकार,ये लोग सिर्फ दो चार डायलाग बोल देगे ओर फिर सब भूल जाऐंगे ये नेता लोग,अगर हमारी जगहा इजरायल होता तो पाकिस्तान कि माॅ बहन को फाड़ देता,हम लोग सिर्फ बड़ी बड़ी बाते करते है,",CAG,1
facebook_corpus_msr_373661,इस देश मे ही सम्भव है यही  का खा कर यही रह कर पाकिस्तान का झन्डाफैराते है भारत विरोधी नारे लगाते है   और कुछ राजनीतिक लोग उनका साथ देते है शरम आनी चाहिए उन लोगो को अब क्या कहेंगे इस हरकत पर कैसे सवाल उठायेंगे क्या} कहेंगे शहीदों के परिवारसे  बस अब तो आर या पार सब देशवासियों को साथ होना होगा ऐसे अपने जवानों को मरते नही देख सकते,CAG,1
facebook_corpus_msr_373662,Ghalat kam hum karte nahi or ksi ke bab sa hum darte nahi pak zindabad,CAG,1
facebook_corpus_msr_373669,"पड़ोसी नीच ने किया आज एक ओर नीचता का कृत्य    कुछ लोग एक बार फिर सरकार को कोस रहे है 
क्या है इस विपक्ष में ये ताकत की लिख के दे कि सरकार व् सेना के हर कदम का स्वागत करेंगे  भविष्य में भी सवाल न उठाएंगे",CAG,1
