ID,Text,label,Label
facebook_corpus_msr_2280095,This is a baseless news and have only come up in the social media only...no such thing has been ordered by the Kuwaiti government...so just chill,NAG,0
facebook_corpus_msr_418741,What should be done with Divis Lab for long term???,NAG,0
facebook_corpus_msr_420877,"As Nifty is in record high, expecting to reduce the imposing tax on gold.",NAG,0
facebook_corpus_msr_1737105,All dramatics introspection is of no avail now???,NAG,0
facebook_corpus_msr_466197,Hi Manisha,NAG,0
facebook_corpus_msr_1805284,"But ""  I'll be right to join BJP"" - says Anna Hazare.",NAG,0
facebook_corpus_msr_461552,"Go far maruti only ...steady longterm bet 
Sintex & Aarti volatile. Trading prospects
Heritage food...no",NAG,0
facebook_corpus_msr_483458,As far as performance is concerned Cyrus would be working hard as Shapoorji Pallonji holds significant stake of around 18 percent of tata sons. Very strange and difficult to understand why this happened,NAG,0
facebook_corpus_msr_480836,"Sonia ,  EVERY  MOMENT  MIND   it ,   EVERY  MAN's   mind-operate   TWO  MOST   WANTED   CRIMINAL  STAYING   IN  ASSAM - INDIA .   SO , BE  CAREFULL  ANY   MOMENT .  GLOBALISATION'S  SCIENCE   SATELITTE   PHONE   THEM'S   WINGS.   OK ?   DON'T   WORRY ,  ANY    MOMENT   I   AM  STAYING  WITH   EVERY    MEDIA   HOUSE .  OK ?",NAG,0
facebook_corpus_msr_443013,markets wil be in a range & the trend remains lower.,NAG,0
facebook_corpus_msr_1945459,"I really thought India would head the world in the 21st century. .. and we are, just that sadly, it's back to the 17th century..",NAG,0
facebook_corpus_msr_434324,Yeah I'll take a venti caramel IED and a grande vanilla bean shoe bomb,NAG,0
facebook_corpus_msr_403567,"💥India's No.1 Home Job💥 🌟earn money without any investment 🌟multi level networking  🌟work daily 2 hours per day earn rs 500 to 1000rs daily 🔥life changing oppurtunity ✍type ""JOIN"" and send to my whatsapp no +918444867178",NAG,0
facebook_corpus_msr_332716,Maybe highway sign was written in Hindi which the driver couldn't understand... 😂😂😂😂,NAG,0
facebook_corpus_msr_412640,"Hi , Can We expect NBFC to Rally more ... ur Views on LT Finance",NAG,0
facebook_corpus_msr_409817,hehehehehehehehe if they dont plant a station in RAJASTHAN for SOLAR ENERGY we will have to buy power form others very soon!! wake up indians to push the Govt. for this Project for Power!!!!!!!,NAG,0
facebook_corpus_msr_2175513,There are 1.30 billions Indians to wish ISRO we don't this bollywood actors to wish our scientists and especially this family Bachchan,NAG,0
facebook_corpus_msr_426285,Calls to all networks to remain free even after March 31: Mukesh Ambani,NAG,0
facebook_corpus_msr_1521789,What else can you do? Nothing isnt my option. Im not going down without a fight.,NAG,0
facebook_corpus_msr_334901,He knows that it's impossible for him to be elected through loksabha !! Because now public knows ..who is patriot or unpatriot,NAG,0
facebook_corpus_msr_435016,Nigel could you please ask her if she tracks Alphageo and if yes what does she think of the company from a long term perspective?,NAG,0
facebook_corpus_msr_2203251,There is clear cut polarisation of votes in UP and it is not good for demovracy.,NAG,0
facebook_corpus_msr_413832,"rajdeep enterprises , rajdeep ltd , raj deep foundation , rajdeep public limited  ....so rajdeep you want to see this ......tell you one thing you are not even fit to sell samosa .................lease this comment for 30 years",NAG,0
facebook_corpus_msr_1563623,Nice,NAG,0
facebook_corpus_msr_1737095,"Kumar vishwas didn't attack on any  party . 
Indian Express team you should watch this video again again & then title it.",NAG,0
facebook_corpus_msr_2111279,CPIM. The party which has given birth to industrial revolution in India,NAG,0
facebook_corpus_msr_1563595,Yep the people of Palestine are living on the ( Jewish ) nation of Israel's land  PIRIOD the proof is all throughout Gods Word,NAG,0
facebook_corpus_msr_334038,"Just Gun Down those termites.
Yes I am a warmonger when my brothers are getting killed and manslaughter is not monopolized for one side",NAG,0
facebook_corpus_msr_2159097,Great Palanisamy Congrats ! Keep DMK at bay !\,NAG,0
facebook_corpus_msr_470013,Why did the Parliament Street branch of the bank close the gate to public including senior citizens  after 12 PM today .People waited patiently outside the bank for 4 hrs only to be told to come tomorrow.,NAG,0
facebook_corpus_msr_429194,A vision that is set to change India and  the world.,NAG,0
facebook_corpus_msr_2111183,"Secularism Doesn't mean appeasing Minorities for vote bank politics nd  leaving Hindus isolated. Hindus unlike old Generation,They are united now to Chose the party that safeguard them.",NAG,0
facebook_corpus_msr_331245,"Were is the law and order gone and who r these mobs to take the law into they own hand, come on policesa do something to save the law.",NAG,0
facebook_corpus_msr_414392,"Like Done :)

🔊 Good Afternoon :) 👤CNBC-TV18

📆 Tuesday : 18 April 2017

✪ CNBC-TV18 ➽ Check Latest Post

⏰ 4G Bot♻1 Minute 6 Second :v 

8| Bot Boss▶Vikas Das

<3 BotBoss,Top 🔛 Server 2 <3",NAG,0
facebook_corpus_msr_412317,Whatever wipro is growing but what is happening in the root is not notified by anyone which is very bad. If someone is going to come for audit then that person use to come before the audit days and use to inform everything what he is going to do . And if something is wrong than also bosses over there use to protect the person who is responsible for that and on opposite side person working on 3rd party were forced to do work for everyone and they use to get scolding on regular basis without any reason,NAG,0
facebook_corpus_msr_412841,#Plots sale in | #chandapura | #Anekal | #ElectronicCity | #HosurRoad | #Bangalore | #Hosur | #BMRDAPlots | #BudgetPlots | #Sites,NAG,0
facebook_corpus_msr_439532,Some of the rural areas no power..so first step we need to take that...,NAG,0
facebook_corpus_msr_407503,"Impressive. How does india tv get this kind of news??
And the hospital in the picture is a private hospital in karachi. Not an army hospital.",NAG,0
facebook_corpus_msr_455966,"is it 400c or 004 cc, so submissive, i wonder why did they name it Bajaj Dominar??????",NAG,0
facebook_corpus_msr_397890,"Latest statement of Pak Army
A local commanders level hotline contact was established at Rawlakot- Poonch sector on LOC last night between Pakistan and Indian Army authorities. Indian counterpart was told that there has been no CFV from Pakistan side nor mutilation of Indian soldiers bodies. Indian authorities were told that there is unnecessary media hype following the allegations. Pakistan remains fully committed to maint peace and tranquillity along the LOC and expect same from other side and hope
prudence is exercised and no steps are taken that may lead to vitiating of environment and affect peace along LOC.
A Routine DGMO level hotline is also likely today.",NAG,0
facebook_corpus_msr_443396,Dilip sir can you please share your views on bodal chemical for long term portfolio?,NAG,0
facebook_corpus_msr_470016,"RBI says the fake money amount in our country is around 400cr.and the RBI holds around 62lkh.cr as asset .so how much percentage it is ? public is not favouring the blk marketeers. but we are strongly opposing this tortuous and hooligan decision which I affraid has been taken to protect the ambanis and adanis and hindujas. 
I hope they are not on que to draw 4k.",NAG,0
facebook_corpus_msr_1521700,When did eating beef become a cultural festival in Kerala ???.....,NAG,0
facebook_corpus_msr_438967,Stupid traders - keep shopping carts for people to carry stuff to their car; Anyway Delhi has its more than fair share of fatso Bhai saabs and behenjis....at least the walking will help.,NAG,0
facebook_corpus_msr_490132,"Nifty 5300 in 2010-11, 2016 we are at 8700. Don't you feel nifty racing towards 12000",NAG,0
facebook_corpus_msr_327880,I absolutely agree with you sir.....but the condition is that these paid chamchas n our honourable ministers should b in the lead,NAG,0
facebook_corpus_msr_451660,Fed said that they will further hike interest rates in the next year...Do you think Indian markets will try to factor that?....,NAG,0
facebook_corpus_msr_495422,"It is sad that the money comes in after the victory but there is no monetary help, scholarships or even infrastructure support before the Olympics to prepare these athletes. If India had that, we would have many more medalists and even bring in gold. The country has immense talent but very few agencies are interested in nurturing that talent.",NAG,0
facebook_corpus_msr_1613986,"Amazing movie...Superb imagination...U can feel the hardwork it must have taken for every scene,the thoughts as well as the execution of them...hats off to the makers and the actors",NAG,0
facebook_corpus_msr_421885,Person who buy need to build own roads to drive,NAG,0
facebook_corpus_msr_412815,1st aggressive statement i have seen since he took his office.,NAG,0
facebook_corpus_msr_421468,"Expect incentives for new age  vehicles operated on batteries, electricity, etc.",NAG,0
facebook_corpus_msr_394922,"https://www.youtube.com/watch?v=k-b22XCgwqA

Hye > #Rapeistan First Make Ur Soldiers Brave then Talk About War Against Pakistan and SoCald Surgical Strikes",NAG,0
facebook_corpus_msr_1922871,Serves him right,NAG,0
facebook_corpus_msr_495476,Plz make some strong organization in every state..which take care of these athlete...they faces a lot of problem...just like a gopichand made it,NAG,0
facebook_corpus_msr_2211599,"Sachin Dattatray Dhankude says that if, by going symbol-less, he is successful in bringing about a rule that will write off symbols for election candidates, he is ready to take on the risk as it will fulfill his “larger aim”.",NAG,0
facebook_corpus_msr_1804852,"Lol most hardworking .
His hardworks comes only when he decide which movie to see and  what review he should give . . .",NAG,0
facebook_corpus_msr_463481,"Big business always supports the government,to save their skin and used for propaganda",NAG,0
facebook_corpus_msr_419915,"1 thing is confirmed.that.

He has guts to speak straight ..
Either u like it or nt",NAG,0
facebook_corpus_msr_483488,I think.it will be someone with no family ties this time.,NAG,0
facebook_corpus_msr_323738,"""Swacch Bharat Abiyan"" is an initiative of our government has became very popular out side of our country. Bravo!",NAG,0
facebook_corpus_msr_397422,"Cpec as 200year Fefore east India company. 
It's not for pak for China bevkuffo
By this road which  type of industry come in pak.. Tell Wat u get Cpec",NAG,0
facebook_corpus_msr_464879,The increase is a trap . Markets will fall big time. Wait for lower levels to buy,NAG,0
facebook_corpus_msr_420533,Since Vodafone is not listed company how valuation of Idea was decided.,NAG,0
facebook_corpus_msr_506368,Congrats Sherren.  U r a family member for me.,NAG,0
facebook_corpus_msr_399541,Al Quida terrorist Al Zawahiri is hiding in Karanchi with the help of ISI.USA any time may drop bombs on Al Zawahiri to send him to hell.,NAG,0
facebook_corpus_msr_423573,WHERE DOES IT STAND IN COMPARISON TO 2013...PLEASE...? AND WHEN DID THE BOOM COME BECAUSE IN 2003 IT WAS AROUND 12000 IF I AM NOT WRONG...PLEASE CORRECT IF POSSIBLE...,NAG,0
facebook_corpus_msr_2318838,This is happening a lot...,NAG,0
facebook_corpus_msr_455073,"I don't understand, what is the theme ? & why",NAG,0
facebook_corpus_msr_470030,"Dear Friends, considerig the population of India, if working cash is kept at home at permisiable limit , this is not illegal. The cash is not Black Money collected . People dont make a fuss that  this move has collected Black money",NAG,0
facebook_corpus_msr_416454,contours of corruption is decoded ? ...just decoding what ?,NAG,0
facebook_corpus_msr_422282,Which sector wil turnaround this year & give good return . Is metal story over.,NAG,0
facebook_corpus_msr_2111286,Also please see the CONSTITUTION OF INDIA and also its commentry written by various learned people,NAG,0
facebook_corpus_msr_497696,"subsidies should be given to PV module manufacturing companies and R&D companies in solar , energy efficient production system.",NAG,0
facebook_corpus_msr_331199,Умайр Ахмед What about the pedophile follower who marries 4 nine year old kids?,NAG,0
facebook_corpus_msr_425749,"*
Andrew, on the Judean hill, is keenly reading the journal Nature.
His skyward view of, life in the heavens became a larger picture.
A new 2017 face, surfaces on the cosmic sea, like a rising Atlantis.
Trappist-1, the dwarf star’s system, has seven earth-size exoplanets. 
Is it possible, another water mansion, basically 40 light years away?
Maybe a superior civilization, compared to the 21st century resume.
In the text, Andrew recalls, what was voiced by the bridegroom.
“Many mansions” in his father’s house, he declared in the room.
Before Galileo and Hubble’s discoveries, was this not foretold?
The revelator also stated, “And other sheep… not of this fold.”
rsr",NAG,0
facebook_corpus_msr_495442,But how many years do they expect when receiving this jumbo amount from the corrupted Indian govt. establishments..still a QQuestion???????????????,NAG,0
facebook_corpus_msr_451900,I did not like the way  bajaj has launched this bike,NAG,0
facebook_corpus_msr_484883,want to sell 2 lot of crude oil as intraday,NAG,0
facebook_corpus_msr_441450,One can buy with a sl 850 for tgt 901/938/951/980/1038 for  period six months,NAG,0
facebook_corpus_msr_415600,plzzz tell sir j berger ambuja idfc bank rite time enter,NAG,0
facebook_corpus_msr_419380,You people will not have answers for the questions asked by yellow army here and every where,NAG,0
facebook_corpus_msr_431333,2019 pm Modi will get 26% more votes then 2014 lok Shaba election,NAG,0
facebook_corpus_msr_1450759,That is good news. HA ha ha,NAG,0
facebook_corpus_msr_456099,Bajaj cannot give competition to royal enfield.... royal is always royal...,NAG,0
facebook_corpus_msr_470307,Politics should not come in front... and play with it,NAG,0
facebook_corpus_msr_2041630,Kunthavi Kalachelvam what did you react to this,NAG,0
facebook_corpus_msr_423040,Whole infrastructure story is what one has to look forward based on the budget outcome so i went ahead with orient cement @ 125 but not much of movement. Any views on this stock,NAG,0
facebook_corpus_msr_326329,"We don't have time for soldiers, bcoz we are busy in protecting 🐮",NAG,0
facebook_corpus_msr_1985361,Mark Waugh and Ian Healy clearly left embarassed.,NAG,0
facebook_corpus_msr_494927,This is what every business man has to do after age of 60years.I am truly inspired by this.. Great AM Naik Sir..!,NAG,0
facebook_corpus_msr_429364,What an amazing thought!!! Data is the new natural resource... yes it is!!!!,NAG,0
facebook_corpus_msr_461582,RIP Amma u will always be cherished not as memories but as daring u showed in this man world.😥,NAG,0
facebook_corpus_msr_413440,There is no comparison between CNBCTV18 and TimesNow. Don't they understand this? One is business news channel and other one news channel. They should compare with ETNOW. I'm independent viewer but sad CNBCTV18 should think before they write to prove it.,NAG,0
facebook_corpus_msr_502836,"If you have any questions for Mr Prakash Javadekar, we will be happy to take them LIVE! Write to us in the comments section",NAG,0
facebook_corpus_msr_334482,Propaganda doesn't require data brother it requires gullible minds. 👍,NAG,0
facebook_corpus_msr_2041615,love u kangana ranaut,NAG,0
facebook_corpus_msr_464484,"Sub:- Like of 29/11 attacks can’t be stopped without solving Kashmir problem which can’t be solved without end-game in sight. 

-----In the entire history of mankind it will be difficult to find another example where a country like India [of six times than Pakistan especially India with better level of advance in science & technology as is evident from ‘Mangal-yan’ the Mars mission] cowardly & helplessly tolerates repeated humiliation by way of armed aggression on it. India is facing such shameful situation for the simple reason that like Pakistan (and Bangladesh) India too foolishly does not understand that the last word on India’s partition is yet to be written.  

One more matter agitates a person like me born before independence and that too in Kota region of my native State of Rajasthan. We were brought up in a culture where a ‘Sainik’ laying down his life in a war was considered getting ‘Moksha’ through ‘Veergati’ [and we were told the stories of Rani Padmini and other ladies of Chittorgarh becoming ‘Sati’ because their husbands got ‘Veergati’ in battle and Hada Rani (from Kota - Bundi given in marriage to Chittorgarh) cutting her head and sending it as a memento to her ‘madhosh’ husband in order to motivate him to fight the battle against enemy and Rana Pratap never submitting to Akabar rather preferred to live in jungles while incessantly fighting to recover the lost forts and mother-land]. 

This culture has still remained but when  nowadays I see the soldiers and their officers dying (not in war against Pakistan) but like ‘keede-makode’ (insects) and at the top of it are called ‘Shaheed’ (Martyrs), I get confused whether the culture in which we were brought up was right or the present culture ? (where as a Veteran Colonel said after 29/11 on a TV program that after training of merely 3 to 4 months Jihadi under the very nose of security forces at border etc come from Pakistan and kill the well and extensively trained & groomed Indian soldiers and their officers at Army camp / Corps headquarters)  

But in any case, it is high time GOI realizes that earlier Congress party and now BJP headed by PM Modi and all other political parties in India have been and are incapable of solving Kashmir problem due to their communal mindset. Therefore before it is too late GOI should spare a meager amount of $ 4,400 for the launch of ‘United India Party’ which alone can solve Kashmir and other problems being faced by India. 

It is hoped that the Friends-of-India will constrain GOI to see reason as explained at:-     

http://www.alwihdainfo.com/At-least-after-29-11-friends-should-advice-India-to-spend--4400-to-solve-Kashmir-problem_a45603.html 

[Especially given the fact that India should not waste this opportunity where some Kashmiri Muslims are showing courage and patriotism to start office (with flag and board / banner) of pro-India national political party in Srinagar and in other parts of the valley where the writ of government of J&K and India does not run and on the contrary Pakistan supported Separatists have been able to inflict almost five months of shutdown on the people of Kashmir]

Regards

Email: hemraj_jain@yahoo.com",NAG,0
facebook_corpus_msr_328842,"So good to know, Bahubali 2 has done super business in USA too.",NAG,0
facebook_corpus_msr_2111169,"Since I am neither a follower of RSS nor Gandhiji, I am not a right person to judge.But killings/violence/wars are normal part of humans life history.We should accept this fact first ,and feel happy .",NAG,0
facebook_corpus_msr_331205,So you are feeling very comfortable with it if it's not painted as communal.,NAG,0
facebook_corpus_msr_473756,"*PURE DESH ME AFRA TAFRI KA MAHOOL HAI...INDIA KI 98% JANTA GARIB HAI..YE MAAR ASLI 98% PE MARI HAI MODI JI NE..YE ACHA NHI KIYA BJP NE PURA VYAPARI VARG ROO RAHA HAI KHUN KE AANSU BJP WE SHAME ON YOU*

*B.J.P..*❌❌❌❌❌❌❌
*MODI..*❌❌❌❌❌❌❌

*WE REALY SHAME ON YOU MODI JI..*",NAG,0
facebook_corpus_msr_1716162,The media houses need to chill.,NAG,0
facebook_corpus_msr_1510573,Speechless,NAG,0
facebook_corpus_msr_1610627,Just do it!!,NAG,0
facebook_corpus_msr_2242039,I am eagerly waiting... Thank u soooooo much!!!!,NAG,0
facebook_corpus_msr_2111402,I have learned this things.,NAG,0
facebook_corpus_msr_406534,"The world would be a better place without USA.

USA is the most damaging country in world.",NAG,0
facebook_corpus_msr_424833,Is this the right time invest in pharma sector or wait for donald trumps new announcements,NAG,0
facebook_corpus_msr_482454,Reliance Acquistion effect: CNBC-TV18 becomes sopkesperson for Ratan Tata. Instead of taking only welspun issue why not discuss issues raised by Cyrus Mistry.,NAG,0
facebook_corpus_msr_464022,Forget gold government should ban cheque payments . Lakhs of cheque bouncing cases pending in courts,NAG,0
facebook_corpus_msr_483106,bat got doppler ....yoga  to open the third eye ...believe it or not ...eye donation for cnbc tv 18 from commentator( me me ),NAG,0
facebook_corpus_msr_406859,"You're not a political savvy ,you must be a  Bhakts religious fanatic clown . Northeastern state is fully dependent with central aide ,we support any ruling party that form government .",NAG,0
facebook_corpus_msr_399797,I AM PROUD ON ADGPI - Indian Army. ITS NOT THE TIME TO BE SAD. ITS TIME FOR ACTION.,NAG,0
facebook_corpus_msr_461106,"My $0.02: When you make a billion $$$, everything seems fair (and reasonable). And, when you don’t nothing seems fair (and equitable). Logic of life. No-brainer, I guess.",NAG,0
facebook_corpus_msr_495604,Will it actually be given? ? I have my doubts,NAG,0
facebook_corpus_msr_466284,At last Mr.  X PM spoke..and came out of mute mode... . Well done Modiji,NAG,0
facebook_corpus_msr_424794,If BJP wins UP elections whether market will move above all time high 9119?,NAG,0
facebook_corpus_msr_470033,& now SBI will again convert this money into NPAs. :(,NAG,0
facebook_corpus_msr_331218,Hahaha zikr... i m allah. Lets c who gets lynched first. :P,NAG,0
facebook_corpus_msr_418295,Cascading effect will be neutralize... good step for global economy,NAG,0
facebook_corpus_msr_443594,"Everyday new rules and regulations are introduced by a Income tax department, the finance ministry, the revenue and other bureaucratic secretaries and RBI and all the rules and regulations are arbitrary, unlawful and intended to create harassment to the public at large. There is stiff competition amongst all these authorities in issuing the rules and regulations which can cause harassment to the public.",NAG,0
facebook_corpus_msr_483424,Cyrus Mistry had to go. Do not know what is the legal way. One good reason is UK Steel fiasco. Ratan Tata is a welcome soothing senior statesman till things settle.,NAG,0
facebook_corpus_msr_473760,"*PURE DESH ME AFRA TAFRI KA MAHOOL HAI...INDIA KI 98% JANTA GARIB HAI..YE MAAR ASLI 98% PE MARI HAI MODI JI NE..YE ACHA NHI KIYA BJP NE PURA VYAPARI VARG ROO RAHA HAI KHUN KE AANSU BJP WE SHAME ON YOU*

*B.J.P..*❌❌❌❌❌❌❌
*MODI..*❌❌❌❌❌❌❌

*WE REALY SHAME ON YOU MODI JI..*",NAG,0
facebook_corpus_msr_403388,Good news ..congrads to Pakistan army and keep it up,NAG,0
facebook_corpus_msr_421049,We are on target to have an additional 1 million POS by March 31: Electronics & IT Secy,NAG,0
facebook_corpus_msr_431339,Word to word rebuttal only our PM can do this superb. Unbeatable.,NAG,0
facebook_corpus_msr_1737097,The whole world knows that how difficult it is for AK and how easy it is for Kumar Vishwas .,NAG,0
facebook_corpus_msr_417010,Sundra Sodha well this is surely not for u... cos u be so claustrophobic,NAG,0
facebook_corpus_msr_442952,"absolutely.....only GDP doesn't define the development of a country. Almost 80 % of Indian capital market runs by FII,  more than half of the business entity is MNCs. India is way more back in Human development Index, sanitary index, Unemployment rate, GDP per capita, Poor currency value, no united security council member, no OECD member, no NATO member....Comparing us with country like UK based on GDP is not cool.",NAG,0
facebook_corpus_msr_473753,"*PURE DESH ME AFRA TAFRI KA MAHOOL HAI...INDIA KI 98% JANTA GARIB HAI..YE MAAR ASLI 98% PE MARI HAI MODI JI NE..YE ACHA NHI KIYA BJP NE PURA VYAPARI VARG ROO RAHA HAI KHUN KE AANSU BJP WE SHAME ON YOU*

*B.J.P..*❌❌❌❌❌❌❌
*MODI..*❌❌❌❌❌❌❌

*WE REALY SHAME ON YOU MODI JI..*",NAG,0
facebook_corpus_msr_438620,All your videos get stuck at some point what's the fun of making these.Have a good internet connection or a good phone to make these.,NAG,0
facebook_corpus_msr_443307,@ Cyrus you seems to be a straight kind person. May face some difficulties yet I do believe n completely Support your views.,NAG,0
facebook_corpus_msr_331236,"Why don't we have Ganga vigilantes, Panalalji? This is because Muslim has no role in polluting Gangaji and it is polluting by industry and Hindu customs. That's why you people have no guts to form Ganga vigilantes.",NAG,0
facebook_corpus_msr_495496,Why differentiate between silver and bronze ........both r doing well for country,NAG,0
facebook_corpus_msr_497039,You people say banks have not cut deposit rates.. Please check rates have come down from average 9.25% to current 7.5%.. Banks may have not cut their lending rates by that much.. Please look into that rather than cutting deposit rates further... Also I hope bjp does not appoint a governor whose job will be to only cut interest rates..,NAG,0
facebook_corpus_msr_423983,"Hi Anuj
Please share your view on Dr. Lal Path Lab. Your opinion and outlook on this stock.",NAG,0
facebook_corpus_msr_1737134,And no attack on Bjp 😂,NAG,0
facebook_corpus_msr_331458,"Trump = Netanyahu = Erdogan = Modi = Duterte all are elected by people democratically but having signs of dictators. Now cry, kamBHAKTon!",NAG,0
facebook_corpus_msr_496803,yes... Only thing we have to do is keep eye no what we have to get,NAG,0
facebook_corpus_msr_326282,"Eye for eye is not the answer.
I hope sanity prevails.",NAG,0
facebook_corpus_msr_412325,Questions seem to be longer or confusing. Make it short and crisp.,NAG,0
facebook_corpus_msr_490317,We are again hearing abt ONGC divestment . Heard it @470 levels also. Stock is now 250 Whats ur take,NAG,0
facebook_corpus_msr_466198,Now this makes you Money-sha,NAG,0
facebook_corpus_msr_472649,"Sub:- Open petition to Supreme Court of India

----During present fraudulent demonetization (in utter violation of all monetary principles which has stopped the current of currency by demanding ID), if the powerful politicians, political & economic commentators, media, academicians etc are not coming forward to protect the basic human rights / interests of gullible and helpless ~ 1.3 Billion Indians, that does not mean that Supreme Court of India should also keep quiet, as mentioned at:-

https://groups.yahoo.com/neo/groups/kashmir-global-network/conversations/messages/50229 

Regards

Email: hemraj_jain@yahoo.com",NAG,0
facebook_corpus_msr_496788,Amazing,NAG,0
facebook_corpus_msr_497695,"Go solar way , give 100% subsidy for energy ,it's a necessity",NAG,0
facebook_corpus_msr_379190,"India retaliates after LoC attack. Army kills 7 Pakistani soldiers, 2 bunkers destroyed.",NAG,0
facebook_corpus_msr_399187,U should raise ur voice for innocent kashmiris Richa Singh :),NAG,0
facebook_corpus_msr_325947,It's  nice drama. It's  not new.  India  feel they always  right. That's  problem. True never  tell to own people.,NAG,0
facebook_corpus_msr_1554390,Parthiv Patel said that Mumbai will look to get back on track in the next match.,NAG,0
facebook_corpus_msr_331223,I wonder @ndtv has a dedicated team of reporters working on specific assignment on cows. They went to Assam for this but failed to reach Malda in Bengal. Recently a Hanumanji temple was vandalised in Kashmir but i think cow plays an important role in trp of @ndtv,NAG,0
facebook_corpus_msr_418983,Babu gaaru..this is time to take care of rural areas...,NAG,0
facebook_corpus_msr_503322,@udayan mukherjee Sir we can see from other angle that this is the opportunity for India to take right steps to become super power,NAG,0
facebook_corpus_msr_399665,"Totally cooked up story, only an insane will buy it.",NAG,0
facebook_corpus_msr_1521790,"😂😂😂😂😂😂😂😂😂😂
No one is fighting here. All we can do is express our opinion in a constructive manner. It's the fault of the opposition if they can't see reason even if there's concrete evidence. Hoping won't change anything. Accepting reality and using that to change is the best course of action. Pining on hope brings a whole lot of nothing.",NAG,0
facebook_corpus_msr_2041623,TRUE,NAG,0
facebook_corpus_msr_452782,1.36 lakhs for non abs version and 1.5 lakhs for dual channel abs,NAG,0
facebook_corpus_msr_326332,Very sad news heart broken news why only 2 should b more 2 is not enough keep it up guys next more inshALLAH..,NAG,0
facebook_corpus_msr_400222,u r there at the border site.??? how u can say that it is not happened.,NAG,0
facebook_corpus_msr_506919,Housing exemptions - there needs to be a balance with savings with housing as a sub section. It should not be singled out. There is a segment of people who save and spend rather than the other way. Unless we only want to recognise the loan takers.,NAG,0
facebook_corpus_msr_411151,India's economic growth not dependent only on exports: Commerce Minister,NAG,0
facebook_corpus_msr_1903642,"Eyeing Indian Open Title, PV Sindhu Has Something New Up Her Sleeve",NAG,0
facebook_corpus_msr_408551,"I think the police should bring in modern police sedans as used in the USA having a camera recording everything and a computer connected to a central crime database so that everything is recorded on camera. Also, put as much as CCTVs on public transport vehicles so that everything is recorded on camera and hence no eye witness is needed to put perpetrators behind bar on the basis of solid evidence. Also, if any Government official/ servant/ officer is accused of molesting and outraging the modesty of a lady, then he should be suspended immediately and if found guilty be dismissed from Duty. I know the laws are there but the implementation of such laws are very weak. Also, I think the media should keep highlighting the politicians that have criminal cases of rape and molestation against them so that the parties are finally forced to take action on such dirty politicians and kick them out of the party",NAG,0
facebook_corpus_msr_502862,Will scrap rule effect old vehicle which is in mint condition also ? #nitingadkari,NAG,0
facebook_corpus_msr_330877,"How about learning to respect each other within the country and building up a feeling of fraternity within castes, classes and creeds..?",NAG,0
facebook_corpus_msr_436473,"It depends on situation.
What about your own delivery??? Do you follow this? Or just advise to others?",NAG,0
facebook_corpus_msr_2111157,What is crying need of the time is Hindu unity ....otherwise we will be thrown out of this country,NAG,0
facebook_corpus_msr_470048,Whr is this money coming from???  Even the RBI said that they have 116000 thousands crore currency for 1000&500,NAG,0
facebook_corpus_msr_439772,Its going into owners pocket...make compulsion of paying to staff working,NAG,0
facebook_corpus_msr_430207,"Need Nilesh Bhai Comments on Glaxosmith Consumer, GSFC and Capri Global. Comments on the Management of Capri Global, GSFC, Glaxosmith",NAG,0
facebook_corpus_msr_470282,How many laborer have lakhs they all probably belong to congress,NAG,0
facebook_corpus_msr_462354,Waiting for you to come back as the same person,NAG,0
facebook_corpus_msr_435511,"It will remain to be seen whether INC (UP) stay clear of itself by not falling in trap of DEMONETISATION, SURGICAL STRIKE ( these two are for 2019 !) & CAST POLITICS in UP (urban region) but uses UP(rural) plateform with full might in this regard using TRADITIONAL RADIO broadcasting mode / evening time  & FLASH BROADCASTING MODE over Net (e.g. block SMSs)/Dinner - Bed Time ✔",NAG,0
facebook_corpus_msr_1805004,"🔶DIGITAL INDIA JOB🔶
🔸earn money without any investment
🔸multi level networking
🔸work daily 2 hours per day
🔸earn rs 500 to 600 daily
🔸life changing oppurtunity
🔸type ""JOIN"" and send to my whatsapp number.. 7982068522",NAG,0
facebook_corpus_msr_455960,Royal enfield will always be royal enfield .....no one can match it,NAG,0
facebook_corpus_msr_451846,Oh Man!! I am enjoying comments more than the bike launch :),NAG,0
facebook_corpus_msr_1614035,Ramya acting super,NAG,0
facebook_corpus_msr_339974,"Sukma naxal attack: Irked by entourage bursting crackers, family of CRPF jawan Sher Mohammed refuses to meet BJP MLA V Solanki",NAG,0
facebook_corpus_msr_331444,His country is a first worldcou try with better education .health..industry..gdp per capita..tourism...in every field,NAG,0
facebook_corpus_msr_326290,Do u mean pak army entered into Indian territory attacked Indian post killed them n mutilated bodies n went back. Than what was Indian army doing. Every Indian must think. Something is fishy.,NAG,0
facebook_corpus_msr_397430,Muhammad Saqib Nawaz Saki 7 Pakistan pigs dead body reached also,NAG,0
facebook_corpus_msr_1994433,#UPDATE Congress is seeking a discussion on the government formation in Goa and Manipur.,NAG,0
facebook_corpus_msr_462501,"Cmcell petitions are answered in time. Only after my complaint in cm cell police filed FIR 626/14 on a fake dr which the p
Police was delayed without taking action on our complaint. Culprit absconded and police do not want to find him is different story.but FIR filed only by our cm cell petition.",NAG,0
facebook_corpus_msr_1614077,Salute to this director,NAG,0
facebook_corpus_msr_1614053,Great movie,NAG,0
facebook_corpus_msr_411625,"Hi Sonia, any chance of Suzlon coming out of CDR ?",NAG,0
facebook_corpus_msr_435017,"mam whether sterlite technolgies ,v guard subrso will be good investment",NAG,0
facebook_corpus_msr_1737201,"Job Profile:

Designation: Walkin Interview 
Job Location: Gurgaon,Delhi,Noida
Years of Experience: 0 Yr - 0 Yr
Salary Range: Rs 2.0 Lakh / Yr - Rs 3.5 Lakh / Yr REGISTRATION BY RS 100 ONLY INTERESTED CAN INBOX ME N REFFER ME TO YOUR FRNDS ALSO WHO ARE IN SEARCH OF JOB AT LOW CONSULTANCY FEES.",NAG,0
facebook_corpus_msr_1805710,No,NAG,0
facebook_corpus_msr_1857698,"Srinagar : 1 Security Personnel Killed, 11 CRPF Officials Injured In Grenade Attack",NAG,0
facebook_corpus_msr_491993,Congrats Dipa ! We feel very proud  of you .,NAG,0
facebook_corpus_msr_1921645,"#ieWorld | The officials said one of those shot is a minor, and none of the injuries is life-threatening.",NAG,0
facebook_corpus_msr_327819,"From pre-2014 , We have heard the thumping of 56"" Chest with promise to abrogate article 370 and famous ""10headsForOne"". BJP is in power both at Center and State, the Big mouth for first  two years rejected UPA's ""no talk and undeclared tit-for-tat  policy"" that had Kashmir situation under near normal and started hobnobbing with Nawaz in chai pe charcha. Today Kasmir is worse than ever, intrusion and terror attacks are substantially up and Indian reaction are the same empty words. Shame on this Government which neither has any Kashmir policy nor knows how to secure Indian borders and security personnel nor establishments even after 4 attacks on highly secured Security establishment. This is the most impotent, imbecile Government ever.",NAG,0
facebook_corpus_msr_325942,"Problem lies in the Govt, they have only lied and fooled people.",NAG,0
facebook_corpus_msr_438117,Do you think bank nifty upmove is gona continue till this weekly expiry?,NAG,0
facebook_corpus_msr_429413,Hii sonia See the Nifty support at 8700 is broken more correction in marker?,NAG,0
facebook_corpus_msr_403342,Mehra.   Have u found your real father... Its me... Come and bring your mother too... I miss her pu#@,NAG,0
facebook_corpus_msr_221578,In my life I have not seen a leader like modijee. Hope the coming jeneration will follow him,NAG,0
facebook_corpus_msr_1614018,true that !,NAG,0
facebook_corpus_msr_2111121,Pinto Philip Babu Please give the stastics if you have .That will prove the lie that the comrades have not indulged in any killing.,NAG,0
facebook_corpus_msr_2046231,"Rai’s return after a decade has made the election, in the words of a BJP worker, naak ki ladai.",NAG,0
facebook_corpus_msr_470165,Why is media so biased towards modi ? Showing him bad man... politicians who shouting and abusing Shri modi are black money hoarders why you don't ask questions to them,NAG,0
facebook_corpus_msr_379051,Modi ji it is enough please do something concrete. Now it is reslated to the national Pride.,NAG,0
facebook_corpus_msr_2241586,He tried atlease,NAG,0
facebook_corpus_msr_332721,This is the reason for making Tamil Nadu the number one state in Road accidents. This is happening for many years and in many other routes yet no concrete action taken.,NAG,0
facebook_corpus_msr_1614101,May be this is enough!!!,NAG,0
facebook_corpus_msr_439264,"25Sons and daughters of Ganges,
Walk on!
In foreign lands
Away from relatives and friends!
Toiling day and night.
Your patience, your humility
And your intelligence are your assets.
Your family values are your 
inheritance!
The climb has been arduous
Full of pain and frustrations.
 But you never gave up
You never lost hope!
You reached the summit
You can now enjoy the sunshine
You smile and you remember
This world is enjoyed by heroes!
You have brought honour
To your family and Motherland
And your work would serve 
The common man!

Written by P K Ramkhalawon",NAG,0
facebook_corpus_msr_2251564,Seshaiyan said that normal embalming procedure was followed to preserve the body.,NAG,0
facebook_corpus_msr_482950,In weak market still force motor forcing to go up,NAG,0
facebook_corpus_msr_431254,Pls some one do good for country appreciate  him.  Modiji doing good for us,NAG,0
facebook_corpus_msr_451907,I dont understand the point of singing Nessun Dorma during this bike launch,NAG,0
facebook_corpus_msr_464018,Legally inherited which has been acquired out of explained sources is neither chargeable to tax under existing provisions nor under proposed amended provisions,NAG,0
facebook_corpus_msr_490425,Speech is like boring song where you go out and visit wash room !,NAG,0
facebook_corpus_msr_414383,"this was the question of the face saving of the modi govt . if he is brought back , the congress will have very little to raise hand against the govt .",NAG,0
facebook_corpus_msr_2242037,Much needed,NAG,0
facebook_corpus_msr_422681,"western lip stick cannot be sold this section .......lo real parris or even aishwarya bachan , priyanka chopra , ...cannot influence this target audiece",NAG,0
facebook_corpus_msr_413533,"Working on software, mobile dispensing part of fuel: HPCL CMD",NAG,0
facebook_corpus_msr_2041570,Nthng wrng c said abt karan johar he did it so he has to accept it,NAG,0
facebook_corpus_msr_1984408,Here are the top stories this morning,NAG,0
facebook_corpus_msr_473834,"What about NRI where they should exchange money? Currency exchange houses are not taking money!! 
Kindly suggest",NAG,0
facebook_corpus_msr_506293,airindia versus king fisher versus vodafone repayment versus union ...and govt policy to protect airline industry  is weak and fragile ...drumstick fracture news,NAG,0
facebook_corpus_msr_416429,Very democratic response by the Aviation Minister. No one is above law....,NAG,0
facebook_corpus_msr_2280056,Kuwait Suspends Issuance Of Visas For Nationals Of 5 Muslim-Majority Countries Including Pakistan,NAG,0
facebook_corpus_msr_1542515,The withdrawal of the April 29 tweet by the army could mean the two power centres have arrived at a settlement on the issue,NAG,0
facebook_corpus_msr_470193,Wht abt places whr card does nt wrk at all? Traveling by rickshaw do they expect cards?,NAG,0
facebook_corpus_msr_349438,So wht u doing Mr owesisi...u have every righy to dicuss on full matter,NAG,0
facebook_corpus_msr_2111341,Ghost chatting Geetha .Really its very funny,NAG,0
facebook_corpus_msr_413296,because India has got more aircraft carrier than selfish china they were very shrood prduce big bog talk.,NAG,0
facebook_corpus_msr_1804810,Right...,NAG,0
facebook_corpus_msr_456397,Competition for Royal enfeild..? It takes an other Era to Beat Royal enfeild,NAG,0
facebook_corpus_msr_2175502,"Devavrat Rana  for me both have to be earned, I'm perfectly detached polite until the subject helps me form my opinion of him/her",NAG,0
facebook_corpus_msr_503542,USD/INR gonna fly up towards 100 in next few years.,NAG,0
facebook_corpus_msr_381267,मोदी जी उसी की भाषा में जवाब का इंतजार हम चाहते है पाकिस्तान से,NAG,0
facebook_corpus_msr_492539,ICICI had assisted Akanksha Foundation in its early years for its developmental projects to the underprivileged . Wishing success to the organisation  in their endeavours !,NAG,0
facebook_corpus_msr_331231,Bias media they never highlight anything about north east n here is a case of cattle thief n this is a serious problem in assam recently within 1months we have lost 5 cattle in our village n how will the villegers treat if they r able to catch these thief so Bias media don't try to communalise this issue...,NAG,0
facebook_corpus_msr_1935256,Couple,NAG,0
facebook_corpus_msr_1674415,Bad luck for kkr because i am not in team,NAG,0
facebook_corpus_msr_412308,"Wipro IT services EBIT up 4.6% at Rs 2,526.9 cr vs Rs 2,415.5 cr (QoQ)",NAG,0
facebook_corpus_msr_328114,And charge for Sussu. There is no point of providing toilets if it's not clean and free.,NAG,0
facebook_corpus_msr_415538,"Ebay's india division is in mumbai..not delhi..and ebay bangalore is only a backend analytics centre for ebay in india, which would stay",NAG,0
facebook_corpus_msr_483007,Views  on rane brakes  ..it is down  after very  good  results,NAG,0
facebook_corpus_msr_327045,"Poor chap Microsoft do not make vaccine they are software company .dont feel bad, you are pakistani ao you don't know about software . Infact India export vaccine to European and african countries.",NAG,0
facebook_corpus_msr_474170,"Buy gold/gold mining stocks that's the only way to financially benefit from this event. I have already put in my order 🙏🏼
I already bought MMTC.
Gold will rally to $1500 on back of Trump election",NAG,0
facebook_corpus_msr_2115246,It's ok we lost just 1 test match. We India will bounce back and win the series.,NAG,0
facebook_corpus_msr_1805092,"Accepting from others generally leads to disappointment.If Anna has real ability, he can produce many kejriwal.It may be possible that kejriwal may himself have left illiterate Anna in present political conditions . Only week people repents.",NAG,0
facebook_corpus_msr_507195,Please forward the copy of this report to Sonia Gandhi and her son with a copy to all opposition parties who are vehemently objecting the govt in Parliament.,NAG,0
facebook_corpus_msr_457465,Guys any good stock which will be benefitted from digitisation.,NAG,0
facebook_corpus_msr_1956972,"Vinod Wangnoo , yes I can see that.",NAG,0
facebook_corpus_msr_2145860,Superb actor happy birthday,NAG,0
facebook_corpus_msr_420866,"Good insights... Layman thoughts clarified.. 
The way forward and booster for many newbies who wanna come up big time",NAG,0
facebook_corpus_msr_326360,why india govt not  taken any seviour action aignest pakistan..,NAG,0
facebook_corpus_msr_332817,Mdrse...you have already done it..by saying.. Industry have more popular artists... Go for suicide,NAG,0
facebook_corpus_msr_584574,"upto large extent it can be resolved,bt v cant say it on this basis only there r several determinants that needs to be taken into consideration...",NAG,0
facebook_corpus_msr_451926,M srsly enjoying comments and not the launch and music,NAG,0
facebook_corpus_msr_399074,same on u kajol. I don't even expect this type of any reaction from your side,NAG,0
facebook_corpus_msr_2159102,Share,NAG,0
facebook_corpus_msr_462832,Escapists!!! Made money on percentage basis and now time to rest!! Gud idea,NAG,0
facebook_corpus_msr_470044,"Some suggestions
1) Like aadhar card make it mandatory to have ATM/Debit Card.
2)Every business outlet small or big shall have swiping machines/paytm like arrangement. It must be made mandatory to run business.
3)Stop printing Rs.2000/_ immediately. And in future Rs.500/- . If not demonitize them six months before every election. All elections hence shall be conducted on the same date henceforth.
4)like indirect taxes integration, integrate all direct taxes & collect them through transaction tax from bank as arthakranti suggested. 
5) Continue cash withdrawal restrictions even after Dec 31st. 2016. Reduce cash usage eventually and limit to Rs.5000/- per month to individuals and Rs.20000/- to 100000/- to businesses as per their turnover.
6) Gst shall be collected at first billing. Stop input credit and collect turnover tax basing on turnover of distribution, service providers, and other small businesses. 

More in later dates......",NAG,0
facebook_corpus_msr_1521950,Good to see xhange,NAG,0
facebook_corpus_msr_472646,"Why our Honourable PM is saying
""Some forces are up against him, they may not leave him alive""
For entire nation this is a terrible thing when our own PM do not feel safe.
Who are those people, are they more powerful than India?
Is he talking about internal security breach?",NAG,0
facebook_corpus_msr_490945,"lets fight it out Rahul ..come on we are spartan..lets make the persian run out of the country
make bajaj got some Resale value like enfield -bringing value 

shiva shiva shiva shiva shiva shivaya ...ecstasy of shiva .celebrating the coolest",NAG,0
facebook_corpus_msr_431182,"First ever Indian prime minister in Indian history who's thinking about Indian nd india 

You are genius sir",NAG,0
facebook_corpus_msr_1457532,Indian women,NAG,0
facebook_corpus_msr_1610612,Time to work? What u were doing till now!!!,NAG,0
facebook_corpus_msr_465464,CNBC tv18 pro modi...all the times he is trying to show as huge loss on account of demonitisation...but every time it is hitting back,NAG,0
facebook_corpus_msr_1391511,That's the Indian woman.,NAG,0
facebook_corpus_msr_1775230,"🍄 Love You :o Indian Express 

🍄 Add Close •» Indian Express 

<3 Like Comment back <3 

:o <3 Sahilbd.tk <3 :o",NAG,0
facebook_corpus_msr_420658,i also support BJP but this is not good move,NAG,0
facebook_corpus_msr_387278,"💥Part Time JOBS 
⭐ earn daily 500/-to2000/-

⭐ No Registration Fees 

⭐ No Hard Work 

⭐ Govt. certified company

⭐ if you want to join? 

⭐ type ""MOBILE JOB"" and 
      send it to whatsapp 

⭐ WhatsApp num:
     + 918447997907",NAG,0
facebook_corpus_msr_483009,Why rane brakes  is down  after giving  such good  results..any views,NAG,0
facebook_corpus_msr_465970,That's better reporting CNBC  i.e. covering non metro n rural India,NAG,0
facebook_corpus_msr_1525120,But political very dangerous .,NAG,0
facebook_corpus_msr_415137,"What about the Government Salary Doctors who are also earning from their private practice...?
Which form they have to fill...?",NAG,0
facebook_corpus_msr_2187124,Some reality check this Valentine's Day,NAG,0
facebook_corpus_msr_1563556,"Sharon did not say, ""American English"", after reading her comment more carefully. She said, ""in American English"", so I believe it was a typo and she actually meant to say, ""in America, English should be the official language.""",NAG,0
facebook_corpus_msr_1919947,So petty,NAG,0
facebook_corpus_msr_399490,Its amazing indian army accept pakistan army enter 250 meters under indian territory and kill two indian jawan and 2nd end pakistan army not accept this if its true then indian army also claim he enter in pakistan territory for operation and start celebrating its surgical strike,NAG,0
facebook_corpus_msr_421046,The new Steel Policy will be in place by end of next month: Steel Secy,NAG,0
facebook_corpus_msr_407534,"Hey Chawla, how come ur last name is chawla? Why don't u change it to Banvila? I guess if ur hero has massive heart attack, Indian Muslims will also have heart attack!!",NAG,0
facebook_corpus_msr_1805409,Arvind Kejriwal is the best,NAG,0
facebook_corpus_msr_1685491,"Well, some of them can easily apply to men as well. :P",NAG,0
facebook_corpus_msr_431159,Anis Mamoon Basyt Saleh check out .. normie spotted 😅😅😂😂,NAG,0
facebook_corpus_msr_2128631,"SP, BSP Supporters Clash In Mahoba, Four Injured",NAG,0
facebook_corpus_msr_420481,What is your view on Karur vysya bank as i see some movemnet in the last few sessions,NAG,0
facebook_corpus_msr_468989,"hi, in case of portofolio building, shall we wait for some more time to invest?",NAG,0
facebook_corpus_msr_1432700,Really sh.Manmohansinghji completed his tenure in very tuff conditions.His politeness is touching.,NAG,0
facebook_corpus_msr_470250,This reporter is annoying keep bringing in Mamta she is most corrupt so stop with it,NAG,0
facebook_corpus_msr_1600584,"That's why I am keeping quiet, before there is information in public domain.",NAG,0
facebook_corpus_msr_494921,There are very few among top corporate masters who can dare this........I congratulate him for crafting a unique path.....in this world of greed very few masters can achieve this......,NAG,0
facebook_corpus_msr_326285,Civil modern nation? Why can't we send gau rakhsk as guerrilla?,NAG,0
facebook_corpus_msr_494932,Mr Naik you are a great person. I salute you.,NAG,0
facebook_corpus_msr_483442,great news....handling a brand called TATA is not any ordinary baniyas job....,NAG,0
facebook_corpus_msr_326438,"Narender Modi is not a messiah as we all used to think but he is just another corrupt politician who has worn the mask of ""Harbinger of Good days"". Shame on him. He is doing nothing except making fool to our innocent countrymen. Now lemme prove my points. 
When Modi would campaign for his party BJP (bhartiye jumla party) in 2014 general election, he promised that he would solve the case of Naxalites/Maoists. He promised that he would solve Kashmir issue and abrogate article 370. He promised that he would solve the problem of OROP for army men. He promised to rebut Pakistan in the harshest way possible. He promised to give we youngsters a job/a secured career. He promised to protect every woman from monsters. He promised to eliminate corruption. He promised to make India great again..He promised to bring LokPal...He promised to bring back black money from Swiss bank...
But it's irony that he has done just opposite to what he had promised a couple of years ago. He has not fulfilled even a single promise that he made to us...I think he has cheated all of us...
Our Jawans are being killed by bloody Naxals/Maoists or by incorrigible Pakistan..We youths are being deprived of jobs by scrapping many government posts and minimizing vacancy..This government is absolutely anti-government jobs...Farmers are committing suicide everyday...Women are being tortured openly...Nagaland and Kashmir are demanding freedom and shouting anti-India slogans in our national capital's JNU...China is making CPEC through Gilgit Baltistan without even caring for our concern..
I am asking u after all what do we have got by electing Mr. Modi ? Are we not cheated?? Still we all are happy and voting for Modi just because a few members of BJP are speaking against muslims and in support of Ram Mandir...Are we not fools?? Hating muslims is the only eligibility that forces us to support BJP?? 
Please realize the harsh truth that either BJP or Modi is not the party or the person we voted for..We have to change our perception...Our Jawans at he border are being mutilated and we are helpless..I am ashamed of my PM...
Jai Hind.....",NAG,0
facebook_corpus_msr_480199,Bajaj Finserv . It's falling everyday . Any specific reason,NAG,0
facebook_corpus_msr_2311450,"Henri Kontinen and John Peers captured the doubles title, thwarting Bob and Mike Bryan's attempt to win a record-equaling 17th Grand Slam title.",NAG,0
facebook_corpus_msr_420635,I love the name 'Gita'. Hope it is allowed through airport securities at other nations.,NAG,0
facebook_corpus_msr_451845,I have an enfield.. So guys stop saying enfield is the best lol.. Clearly it's not😑,NAG,0
facebook_corpus_msr_490128,We are again hearing abt ONGC divestment . Heard it @470 levels also. Stock is now 250 Whats ur take ?,NAG,0
facebook_corpus_msr_487810,Hello pls may I know your views on idfcbank and rblbank ?,NAG,0
facebook_corpus_msr_1818398,Let's ban all movie halls within 500 metres of temples and schools :p Children will be less violent then,NAG,0
facebook_corpus_msr_1805514,Anna .. another political aspirant...,NAG,0
facebook_corpus_msr_470167,Imran Ahamed ppl like you are real culprits for backwardness of Indian.. Because of such thinking politicians are using you as vote bank.. very good,NAG,0
facebook_corpus_msr_487738,Can we have regular stock market rates live online on FB,NAG,0
facebook_corpus_msr_473602,"It is hurting us a bit for today and tomorrow but it was required for a better good. Appreciate the ""MODI""fication",NAG,0
facebook_corpus_msr_411715,Want doctors to prescribe a drug that is affordable & of good quality: IMA President,NAG,0
facebook_corpus_msr_1737112,Very misleading headline . I found the  Video as neutral,NAG,0
facebook_corpus_msr_1804927,"but u created him & u must take responsibility like a true gandhian.. i have gr8 respect 4 u, u had awake people on corruption & now after blaming kejri u proved that u r not associate with any party....",NAG,0
facebook_corpus_msr_415822,means rajdeep is cooked  on daily basis by the home minister .....howzaat?,NAG,0
facebook_corpus_msr_495371,they are not even seeing other players who went rio.,NAG,0
facebook_corpus_msr_334471,Is it ruined? I am from West Bengal. I am having a perfecting fine peaceful life. Show me the ruins if there are any.,NAG,0
facebook_corpus_msr_420064,As a daughter of an engineer I love seeing how products are made in factories!! Keep up the great work!,NAG,0
facebook_corpus_msr_495439,if india gets medals as equal to america or other top ten countries of the world than the whole country would have become under crises by paying all the players so much of cash.,NAG,0
facebook_corpus_msr_332726,"a very common scene in Punjab.
for real life exp plz travell on ferozepur-Amritsar highway (y) lol.",NAG,0
facebook_corpus_msr_2111415,"RSS favour for India , India favour for all religious .",NAG,0
facebook_corpus_msr_443309,Excellent move. Now there will be no impact on company's shareholders.,NAG,0
facebook_corpus_msr_461234,TIME person of the year can be given either for good or evil...I am sure you did not read the article and too quick in jumping to bash the fact...He is chosen as Evil TIMES Person of the year  which is why the article says it is Devided States or America...My suggestion for you to read the article before getting excited to comment..,NAG,0
facebook_corpus_msr_483740,what do you think  about  equitas  holding?,NAG,0
facebook_corpus_msr_503537,"People have to come & go, it's their own prerogative, let's take both events positively.",NAG,0
facebook_corpus_msr_2107771,Excellent,NAG,0
facebook_corpus_msr_426044,"Yes the government should try once they are sure of the success since the government has the entire nation at stake - blinds like you can never see that 
Nobody is against the action but the process was ridiculous and unprepared",NAG,0
facebook_corpus_msr_325562,"Congratulations!........met you once at Tussauds studio many years ago, when you were looking into waxworks. I was busy making them!",NAG,0
facebook_corpus_msr_418166,Very good decision . What these companies were doing when they knew it well in advance . I would urge the honorable to inflict fine on these companies as well as the state Govt where these companies are located .,NAG,0
facebook_corpus_msr_409237,"Answer my few questions about congress. Add if you have any more questions. Like this & spread till it reaches Sonia, Rahul, Robert & Priyanka.

1. Why special protection to Priyanka & Robert from my hard earned money?

2. Why special privileges to Robert on all Airports for no security check?

3. Why Media is Biased towards Congress. It comes out very easily on all the debates on any television channel? 

4.Why all Moderators of news channels support congress? Is the media under Congress pressure?",NAG,0
facebook_corpus_msr_408536,"https://www.facebook.com/pages/i-will-be-sayin-bye-bye-2-facebook-if-they-start-charging/123883904305285?fref=ts , Hi friends Its important for us, Its a cheating with all public from facebook, first fb said that facebook is free and always etc etc, then what is this charging some amount for inboxing? Public didnot like this kind of cheatings, we have to protest against this kind of cheating from facebook with innocent public, ""Stop charging money on facebook""",NAG,0
facebook_corpus_msr_496790,"Not good, SBI is great",NAG,0
facebook_corpus_msr_323668,"Bot On Fire 💙 Powered By 💙 Md Adnan 💙 

Self Site <3 Faxt.tk <3
Site By 💚 Usama Ahmad 💚",NAG,0
facebook_corpus_msr_1521922,Beef and Parata,NAG,0
facebook_corpus_msr_488089,Latha Venkatesh is really annoying. Why she is so interested in Previous policies of RBI (R3). R3 is over.......move on.....stop playing politics.,NAG,0
facebook_corpus_msr_1417523,"30,000+ likes in 15 minutes only :o",NAG,0
facebook_corpus_msr_482415,How is this Siva interested in the fight between Cyrus and Ratan ? Is it Tamil Nad politics ?,NAG,0
facebook_corpus_msr_399623,And be sure if anyone of those people who laughted at this pic met me once...only one will be survive.,NAG,0
facebook_corpus_msr_455763,"No where close to Royal Enfield. People who said that Dominar 400 cc will impact the Royal Enfield sales, I would say they are just having dream, its not gonna happen. No bike as of now can beat Royal Enfield.",NAG,0
facebook_corpus_msr_1737076,"Where did he personally attack AK he has chosen name if Modiji, AK, Rahul etc.",NAG,0
facebook_corpus_msr_457460,"Hi Anuj Sonia ... I'm supporting the demonetization but don't understand the print of rs.2k notes as the govt aim is make the India digital one,please clarify the confusion...",NAG,0
facebook_corpus_msr_436497,"hello we already waited for 2 years, no response, so its our turn, you just sit and watch",NAG,0
facebook_corpus_msr_439704,"Are u high on weed, Or what ? Man what karma. does karma means to get invaded many times by MULLA'S or what or to get innocent people converted. We have a rough neighborhood & we need to protect us from them so therefore we need it. By the way u follow the path of Jesus.",NAG,0
facebook_corpus_msr_407535,"No investment 100% free
⛔ Earn ₹ 400-500 per day.
➡ Open play store on your Android Mobile phone.
➡ Type champcash money free.
➡ Install app 
➡ signup.
➡ Use Refer id 12190419
➡ Complete the challenge.
⛔  Start Earning  instantly.
For more about champcash plz visit
http://www.champcashdollar.com
 Help whatsapp no. 9840315232
Refer sponsor id - 12190419
 Please install 8 app from champcash.and open for 2 minutes. Because this company payout.
This is an additional business.                          👉  Work when you get free time and advertise.
For more details what's up me type join 9840315232",NAG,0
facebook_corpus_msr_322415,Amyra Mehera did you get that name from Google search?,NAG,0
facebook_corpus_msr_418977,"Good cm future in your hand sir 
Please .my proper place Rajahmundrey sir I have no job sir please help mee sir",NAG,0
facebook_corpus_msr_404542,"Hahaha what waste of money, Govt should invest in Army , Air force",NAG,0
facebook_corpus_msr_405297,"💥India's No.1 Home Job💥 🌟earn money without any investment 🌟multi level networking  🌟work daily 2 hours per day earn rs 500 to 1000rs daily 🔥life changing oppurtunity ✍type ""JOIN"" and send to my whatsapp no +918444867178",NAG,0
facebook_corpus_msr_408901,"Now we can aspect same with Afjal Guru, bt sad to say that President had transfered his ""Daya Yachika"" to home Ministry....",NAG,0
facebook_corpus_msr_2280141,Wise decision,NAG,0
facebook_corpus_msr_408523,these posters are not valid to protest against rape offence... you should take more sensible way to protest..,NAG,0
facebook_corpus_msr_505300,"Hey Prabhu! Please let people of india know the current  avg speed of average passenger train and what it will be in "" 2023"" the year of  commissioning of bullet train.",NAG,0
facebook_corpus_msr_416972,We missed the biggest one 'Dmart' that was a hit. When it was launched last month.,NAG,0
facebook_corpus_msr_423658,What will be tax on packaged drinking water and non packaged drinking water ?,NAG,0
facebook_corpus_msr_1906917,"In google search for 
List of massacres in india
U wil get the count",NAG,0
facebook_corpus_msr_495470,Hpw much is actually spend...u know how Deepa  took training...then where do the crores go...,NAG,0
facebook_corpus_msr_221555,"Being in USA, I am really happy to see that Delhi people have voted for bright future!!! Looking forward for good changes in Delhi 👍🏻👍🏻👍🏻",NAG,0
facebook_corpus_msr_337827,Employees of Financial services will never be able to celebrate new year 😀😀😀,NAG,0
facebook_corpus_msr_442681,If any chance to provide less interest home lone because after demonetisation banks getting much amount  deposits....currently cash less operation is going on so banks plan to provide security for bank account and digital transaction . ..any new investment plan for this areas Sbi??,NAG,0
facebook_corpus_msr_425743,how many days this advt will  hang in cnbc tv 18 ? -pre paid or post paid jaguar news,NAG,0
facebook_corpus_msr_506632,"every country in the world is manufacturing the same product  is just a dumping which will lead to stagnation of world economy not now later )..lead to some cascading effect .lock outs , market slide no demand , job loss etc...why not world economy can device a sealing , concentrate and renewable energy and other newer platform of recycle",NAG,0
facebook_corpus_msr_472756,Calls and puts are both rising due to increased volatility,NAG,0
facebook_corpus_msr_424787,I think everyone know this time core data is not good,NAG,0
facebook_corpus_msr_331038,The remarks are degrading of trans and the comparison is objectional,NAG,0
facebook_corpus_msr_413303,We need 6 Aircraft Carrier ... We have 1... Another under construction...So Chinese​ are terrified...,NAG,0
facebook_corpus_msr_2039495,Superwoman Sushma Swaraj!,NAG,0
facebook_corpus_msr_474172,Great sir....proud to be an indian...and proud to be fan of MODI ji,NAG,0
facebook_corpus_msr_433204,HINDALCO FEB FUTURE ONCE BREAK 186.50 THEN ONLY SELL IT THERE AND MORE ON HIGHER SIDE 193 WITH STOPLOSS 202.50 TARGET 146-116 (ONCE THE POSITION EXECUTE CARRY TILL TARGET OR STOPLOSS :) ),NAG,0
facebook_corpus_msr_468240,Can we withdraw 100 rs & 500 rs notes there?,NAG,0
facebook_corpus_msr_506931,Great Mam! Great skills ! Great calls. Every analyst has the logic. He thinks over them and make it as simple as buying a biscuit. Hats off! Radhima Desai.,NAG,0
facebook_corpus_msr_491014,is it a right time to invest in welspun india?;,NAG,0
facebook_corpus_msr_470172,"Only corrupt , traitors , people who always want chaos in the country are against Modi and demonetising... whole nation is with Modi ... we are ok with inconvenience but we need clean and honest India",NAG,0
facebook_corpus_msr_439305,what about the pollution you cause to the environment ...bill pay the bill,NAG,0
facebook_corpus_msr_495570,for next olympic we won't see them. B'coz they are now billiniores,NAG,0
facebook_corpus_msr_441457,One can buy with a sl of 240 for tgt 253/255/258/262/265,NAG,0
facebook_corpus_msr_463483,A-BHVO-18913801-291116 DT 29th order canceled not refunded till now kindly do refund and share the bank ref no.,NAG,0
facebook_corpus_msr_1521706,I am from Kerala and I do not eat BEEF,NAG,0
facebook_corpus_msr_437595,"After sacking Mistry, what next  to prove that Ratan Tata managed very well ?",NAG,0
facebook_corpus_msr_1646784,Gambir are you questioning our loyalty. Common man focus on your present assignment and make your master and KKR fans happy. Otherwise your sincerity will remain questionable if poor result is achieved.,NAG,0
facebook_corpus_msr_412644,Anuj VIX is at historically low levels. Should we worry?,NAG,0
facebook_corpus_msr_507289,"Poor managerial skills, inefficiency, appalling resource management ability, corrupt practices are some of the reasons for Indian companies poor and dismal performance,",NAG,0
facebook_corpus_msr_505847,Time for some serious corrections.  This person has done so much for the economy..,NAG,0
facebook_corpus_msr_1424210,"Dwivedi ji: What do u say for the ex PM Man Mohan Singh. In a way you have said the truth. When government employees retire at 60, there is hardly anything left in them and therefore as a rule they retire. But for the ministers, MP etc. this rule does not apply. Are MPs not public servants. PM Narendra Modi says that he is prime servant of the country.",NAG,0
facebook_corpus_msr_439547,Most of remote village poor people won't be able to get digital..because of poor Internet access facility..,NAG,0
facebook_corpus_msr_497680,"If you have just joined us. 

Piyush Goyal's keynote address starts at - 06:10
The Power Minister's 1 on 1 with Shereen Bhan starts at - 24:20",NAG,0
facebook_corpus_msr_112210,"She is everywhere, so it becomes difficult to see her. At some point you have to squint to see past the chimera that is the Malayali nurse. You have to ask why even Libya — broken, bullet-scarred and currently in possession of 14 psychiatrists for the whole nation — a better choice than any place in India? You have to ask why she chooses nursing at all. And if we don’t see her as a martyr to the family coffers, who is the woman emerging out of the smoke then?

http://theladiesfinger.com/the-malayali-nurse-on-the-moon/",NAG,0
facebook_corpus_msr_492525,"its only the liquidity thats driving market, valuations are very much stretched",NAG,0
facebook_corpus_msr_502566,NOTE: You can jump to 00:20; that's when the clip starts.,NAG,0
facebook_corpus_msr_2277499,"#ENTERTAINMENT | With only a day of shooting left for #Tubelight, this is what director Kabir Khan has to say about Salman Khan!",NAG,0
facebook_corpus_msr_455923,"RE  Is overpriced for what it gives, no features. 
This bike beats it by engine and price and features also
😂",NAG,0
facebook_corpus_msr_439603,"Welcome Sir
Please kindly make it convenient to be spared my experiences as a Self Employed Er. Entrepreneur :
My life with family as an Er. Entrepreneur have been spoiled due to Dubious Actions by Vengeful Officials of corrupted  ISI, SBI, KFC, etc.
From 1982 to 1997, they have played with my life as an SSI unit proprietor. 
During 1990, I tried justice  from ISI and SBI through Kerala State Consumer Disputes Redressal Commission  and in 1992,  an appeal filed with National CDRC, both Commissions having Judicial as well as Non Judicial Officers found some technical reasons to deny me Justice. I had no advocate to sue my plight. All members of both Commissions realized the truth, but with the help of LIMITATION Act. But my inexperience and obligation towards the system, I became silent and continue efforts to revive and rehabilitation of my Sick SSI unit with full cooperation of Industries Department.
On 7.7.1995, I paid to KFC on One Time Settlement in full spirit of letter  of KFC dated 23.6.95. But my inability to please the corrupted Officials, the unit taken over by Revenue Recovery Act on 30.5.95 was kept with custody of KFC.
I was at  Head Office of  KFC, Trivandrum  after my OTS payment, till a road accident at Palauan over Trivandrum on 6.3.97. 
I was under treatment from Medical College  Trivandrum, Kannur District Hospital, City Hospital Mangalore, etc and in least of 1997, I visited KFC  HO with the help Crutches, and realised that instead of blood, water is flowing through the Officials and the same day visit Kerala State CDRC and very next day filed a complaint against KFC. After three months, the Commission received reply from KFC with copy to me. On the basis of KFC's reply, the Commission started dictating Judgement and Dismissed my Complaint directing to Sue in Civil Court.
Next day I filed a Review Petition besides few other. The Hearing Day when I stand with help of Crutches and started to express my view, the Commission President threatened on huge cost to be Ordered against me. I managed to escape the so called Consumer Court with fear. 
But still I know that any one have common sense will award justice to me from National and State CDRC on both cases. 
After ,1977 to 2009, I was under acute mental depression.
I started writing to Central And State Governments and hence passed 5 pages G O, in 2010 direct KFC to settle issues at Board Level and to write to various Ministries of Government of India to enquire and compensated me due to Dubious Actions by ISI and SBI. 
But my efforts continue yet, the Corrupted Officials also continue to resist my efforts at my 67th age. 
What we understand from the synopsis of plight- 
Officials have good salary and support from all cadre of Government to save corrupted ones with the backing of so called Provision in court both Judicial and Quasi Judicial, like CDRCs, Human Rights Commissions, etc.

My plight covered by Malayalam Manorama, The Hindu, Deepika, Deccan Chronicle, etc.. and are at my face book account.
Shall I await for an early justice from the Authorities concerned within my last days and which will light to effectively to formation of New safety measures to self employed personals and prevent such bad experiences suffering by me and family.
Sincerely,
Elembilayi Sadanandan,
Vishnu Nilayam,
Chovva, 
Kannur,
Kerala 670006.
Mob 9388523453
9809274436.
Email e.sadanandan@gmail.com
God's Choicest Blessings be Showered on to all who go through and who reluctant to give justice or who had any role to suffering of mine.",NAG,0
facebook_corpus_msr_1945535,Farah Khan's husband,NAG,0
facebook_corpus_msr_490129,"How v identify, if it's a bull market correcting or actual correction.. when to give up on market/stocks on hold",NAG,0
facebook_corpus_msr_503334,Too good Megha... Keep it up. All the best. Love you... 😊👍👌,NAG,0
facebook_corpus_msr_484872,"Currently watching inspirational brands make in India. Hearing the CEO of Prayag. What an awesome guy but please to the anchor don't just stick to the question you prepared. He is talking about a lot of good things please don't just nod your head just hear him and ask the bloody follow up. He talked about how making in India is contributing to Prime minister's vision. He talked about how houses are changed and how they show the class and standard of
People in it. Ask about it. Ask how he is tackling it. Ask about production in China. Just don't stick to some script. Iam sure you are a good reporter (i don't know who you are)pleAse... Ask the questions which your watchers want to know. TAke leads from the other end. PleAse improve.. All the best",NAG,0
facebook_corpus_msr_464903,"YES TRUE ..  WGY WE ARE NOT TAKING ANY STEPS TO IMPLEMENT SOME DISCIPLINE IN THE PARLIAMENT.  THERE ARE MANY LAWS TO DISCIPLINE CHILDREDN IN SCHOOLS, NATIONALS IN THE COUNTRY BUT THERE ARE NO RULES TO DISCPLINE OUR LEGISLATURES, MPs IN THE HOUSE.  WHY NOT THE SYSTEM OF DEDUCTION OF THEIR ALLOWANCES & SALARIES PROPORTIONATELY FOR DISRUPTING  THE FUNCTIONING OF THE HOUSE.  I FEEL IT IS THE NEED OF THE HOUR TO TAKE UP THE MATTER BY ALL MEDIA & YOUNG GENERATION FOR A FUTURISTIC NATION.",NAG,0
facebook_corpus_msr_1775193,"Former Congress minister V Srinivas Prasad who quit the party and joined the BJP lost by over 20,000 votes in Nanjangud.",NAG,0
facebook_corpus_msr_473757,"*PURE DESH ME AFRA TAFRI KA MAHOOL HAI...INDIA KI 98% JANTA GARIB HAI..YE MAAR ASLI 98% PE MARI HAI MODI JI NE..YE ACHA NHI KIYA BJP NE PURA VYAPARI VARG ROO RAHA HAI KHUN KE AANSU BJP WE SHAME ON YOU*

*B.J.P..*❌❌❌❌❌❌❌
*MODI..*❌❌❌❌❌❌❌

*WE REALY SHAME ON YOU MODI JI..*",NAG,0
facebook_corpus_msr_334395,Accused of masscaring sikhs in Delhi is in Congress working group sits next to all the powerfull in Congress .,NAG,0
facebook_corpus_msr_2280096,Fathered by Bangladeshi Muslim ??,NAG,0
facebook_corpus_msr_1600570,One and the same thing !!,NAG,0
facebook_corpus_msr_488212,If eicher motor  can have high valuations  then why not nbfc like bajaj  finance,NAG,0
facebook_corpus_msr_473689,Nice decion but middle class people are very difficult condition,NAG,0
facebook_corpus_msr_1493774,ICJ rules in India's favour,NAG,0
facebook_corpus_msr_472830,Right now Sensex is down 420 points & Nifty is 138 points down,NAG,0
facebook_corpus_msr_451920,It wil create a dent on 150/200/250/390 cc category if priced aggressively,NAG,0
facebook_corpus_msr_322426,"That means they accepted that they forcefully occupied Tibet and that makes some Chinese official sympathized with the Tibetan people for brutality and oppression they face thereafter. It is welcome news and hope China Free Tibet and live as good  neighbour for long time benefit for both. Tibetan buddhism which came from India now a days is really popular and many Chinese follow the religion,thus it can be their offering  in devotions.",NAG,0
facebook_corpus_msr_420714,Ss hard as it is to believe for some people....we needed a good administrator and a tough guy,NAG,0
facebook_corpus_msr_420883,"Please advise about gammon infrastructure,  can I hold or sell it.",NAG,0
facebook_corpus_msr_1805629,I,NAG,0
facebook_corpus_msr_495387,"take your discussion some where else. This will not make anything good for players life. if you want to bat for soldiers please do it seperately and don't ever compare. they both are completely different. you should appreciate whoever takes our country name higher. it can be soldiers, actors, sportsperson, politicians, etc",NAG,0
facebook_corpus_msr_480748,SHREE PUSHKAR is on right track . It may cross 300 sooner than expected. Today it made an year High of Rs196,NAG,0
facebook_corpus_msr_2250137,Nice,NAG,0
facebook_corpus_msr_495544,pv sindhu also got a flat and bmv car she got almost the money as 100 medalist of usa,NAG,0
facebook_corpus_msr_468988,"You said p/e but that is for long terms may 2 year forward  ,so that mean price will affect for 2 year",NAG,0
facebook_corpus_msr_440772,There was apprehension that old provisions were being used for round-tripping: FM,NAG,0
facebook_corpus_msr_431217,Are petrol ke price ke baare mein bolne kuchen nahi Kya ? India is using the costliest petrol,NAG,0
facebook_corpus_msr_1805442,Great sir hats off to u,NAG,0
facebook_corpus_msr_483737,what happening to reliance industry  even after good result,NAG,0
facebook_corpus_msr_474016,Such a reasonable decision by govt. I welcome this decision 🙏,NAG,0
facebook_corpus_msr_2111177,Really? Mr Bipin Chandra Bhatt lets know ur definition of secularism...,NAG,0
facebook_corpus_msr_483355,Hope some of the policies for non performing cos will be looked into by gold,NAG,0
facebook_corpus_msr_334481,None of the media shown us such index..... Thank you Sourav Ghosh for your information,NAG,0
facebook_corpus_msr_1818431,"Yes, a big reason.",NAG,0
facebook_corpus_msr_424655,I think everyone know this time core data is not good,NAG,0
facebook_corpus_msr_331204,Cows are live stocks .Lynching for stealing cows by villagers happened in my state Odisha too & those were killed was Hindus. #NDTV should'nt paint this in communal colour.,NAG,0
facebook_corpus_msr_505184,"GST Bill is very important bill for the growth of Indian economy .such bill must pass earliest , oppositions must support for such bill.",NAG,0
facebook_corpus_msr_495410,"its not money. its appreciation by nation.  when they deserve for their hardwork  they should get.  and if talk about money pouring,  what about virat kohli and dhoni and others who make crores.",NAG,0
facebook_corpus_msr_423030,IS TRANSPARENCY THERE....IS ANY COUNTRY UNTOUCHED WITH CORRUPTION....? CAN E SEE...?,NAG,0
facebook_corpus_msr_419012,Best CM in India one n only Honbl Sri. N. Chandrababu Naidu,NAG,0
facebook_corpus_msr_466007,Cash flow is a common phenomenon for everyone. Only the volume decides the intensity of the problem. Let's patiently wait for more positive results.,NAG,0
facebook_corpus_msr_1614017,"Amazing movie...Superb imagination...U can feel the hardwork it must have taken for every scene,the thoughts as well as the execution of them...hats off to the makers and the actors",NAG,0
facebook_corpus_msr_1805672,No,NAG,0
facebook_corpus_msr_473534,Aac this one 😂😂,NAG,0
facebook_corpus_msr_480442,who is the father of genetics can you answer me cnbc tv 18 ? ....,NAG,0
facebook_corpus_msr_332768,But the biggest question is still unanswered .... who won ? 😜😜😜,NAG,0
facebook_corpus_msr_1575755,Noneb,NAG,0
facebook_corpus_msr_412857,Lol Baljit Singh I did not get if that's true or sarcasm.,NAG,0
facebook_corpus_msr_431228,Modi is Maxwell of Indian politics just hitting sis six only six,NAG,0
facebook_corpus_msr_327823,"I am desperately waiting when beloved Indians will see 10 Pakistani heads for 1 Indian head, 56 inch chest, Stop biryani diplomacy and love letters,Demonetization will end terrorism in the valley. Dear Govt. please implement what you said before Lok sabha election or it was also JUMLA.",NAG,0
facebook_corpus_msr_1805436,Abhishek Kumar finally he is saying things.,NAG,0
facebook_corpus_msr_1805745,Correct assessment Mr.Banerji,NAG,0
facebook_corpus_msr_503295,"In the land of Sparta...
when babies were born...
the elders would
inspect them for defects.",NAG,0
facebook_corpus_msr_2278812,Hilariously explained..,NAG,0
facebook_corpus_msr_1804950,He obviously regards Bedi & VK Singh as disciples who have remained true and remained on the straight and the narrow path! Hope he consults a shrink soon.,NAG,0
facebook_corpus_msr_325741,"India will respond by killing 10 Paki soldiers, do TATTI on quran... then take a selfie while doing TATTI on Quran..... and then come back to India without TATTI or Quran.",NAG,0
facebook_corpus_msr_346528,"💢 Bot User 💢 Xingh Kannu 💢

 ♥PYTHON♥BOT♥TEAM♥

♪----» TAYYAB-XD.TK «----♪

♥♡o. BOT OWNER 💢 TAYYAB KHAN 💢",NAG,0
facebook_corpus_msr_487588,"Anuj any idea about sterlite technologies it moved 4 .5% today , can we expect more",NAG,0
facebook_corpus_msr_1805679,Nyc pic,NAG,0
facebook_corpus_msr_439680,"PURCHASED IDFC CE60 @0.45 and IDFC BANK CE65 @0.8, HOLD or SELL?",NAG,0
facebook_corpus_msr_415138,Does mutual fund investors need to file seperate tax than salary tax?,NAG,0
facebook_corpus_msr_426301,"Thanks for ambani sir please provide 3g sim cards also it will be also helpful for the customers who are using 2g ,3g mobiles.",NAG,0
facebook_corpus_msr_431252,In All govt department increased corruption why ty r not invitigate and remove those employee,NAG,0
facebook_corpus_msr_1610626,"Talks 1, work 0.",NAG,0
facebook_corpus_msr_438212,Do you think bank nifty upmove is gona continue till this weekly expiry?,NAG,0
facebook_corpus_msr_323756,"Wow der Wahnsinn, Super, eine schöne Frau die genau weiß was Sie will",NAG,0
facebook_corpus_msr_331211,You very well understand the essence of my question. I am asking you if murdering people on allegations a right way of dispensing justice. You still haven't answered.,NAG,0
facebook_corpus_msr_327807,Aban Khan see we have something common still you guys tease Hindu and called us kaafir,NAG,0
facebook_corpus_msr_414777,"I would like to mention here that about a month ago, I bought a car Vitara Breeza ZDI from One-up Motors (Maruti Suzuki), Alambagh, Lucknow – 226005, having Vehicle Registration No. UP 32 HQ 5615.

The very next days after delivery of the car, I noticed some cloudy parts and bubbles on the driver and co-driver door of the car. then I spoke to the car dealership about the problem they notice the problem and send my car to their Maruti Suzuki Authorised service station on 02-01-2017 for fixing the problem.

After 15 days, the same problem was reoccurred. When I took my car to the Dealer (One-up Motors (Maruti Suzuki), Alambagh, Lucknow – 226005) they again sent it to service station for rectification of the problems and delivered the car to me after two days.

The same problem has again been noticed on 13-02-2017. After just 20 days  again i.e. 24-02-17 the same problem has been noticed on the entire body of the car.

When I visit again the authorised service station of the dealership they refused to resolve the problem and misbehaved with me.

Today i.e. On 23.03.207 My car is still under repair with Oneup Moters Arambagh from last 20 days.

I brought the car for use my old parents and not to send it repeatedly to the service station for repairs or fixing problems. My father is suffering from heart ❤ problems. As you know it is very difficult to senior citizens or to repeatedly visit the service station.",NAG,0
facebook_corpus_msr_1521766,Do they do the same for pork?,NAG,0
facebook_corpus_msr_488734,Wat would be the crucial nifty support or resistance for a trader,NAG,0
facebook_corpus_msr_1490577,Paid media never believe anything against Mr Kejriwal doesn't matter what kind blame,NAG,0
facebook_corpus_msr_442673,Demonetisation gives banks a platform to push small entrepreneurs into a formal system: Arundhati Bhattacharya,NAG,0
facebook_corpus_msr_473592,Very good decision. I know it their will be problem for the common man but then it is for us so we can bear that but hats off to the government who had taken such a bold decision👍🏻,NAG,0
facebook_corpus_msr_1614083,"Plz watch this video

https://youtu.be/gXoT81TNBX0",NAG,0
facebook_corpus_msr_431245,"He is a PM with great visionary, never worried about opposition hurdles.",NAG,0
facebook_corpus_msr_480328,Ur comment on the late resistence shown in the market during closing,NAG,0
facebook_corpus_msr_1805011,"PART TIME JOB WITHOUT INVESTMENT ""NO REGISTRATION FEES ""👉Earn daily 400-500 by working 15 minutes , install """"champ cash"""" to play store in your phone. Sponser ID. 7369300 For more information type  ""JOIN "" and send WhatsApp  no. 97077,23222",NAG,0
facebook_corpus_msr_430204,"Hai nelesh bhay may i know more about mahanagar gas limited, the management, growth, and future growth in that sector",NAG,0
facebook_corpus_msr_503461,"Offcouse he was a Muslim..but he was a former President of India and the great scientist of India. So we cares him...if you don't like that name keep silence , don't talk Rubbish. Every Muslim is not a Terrorist mind it.",NAG,0
facebook_corpus_msr_1609803,"Visakhapatnam: 1 Dead, 4 Injured After School Bus Barges Into Children’s Park",NAG,0
facebook_corpus_msr_439540,Make in India has not been so focused the way digital India is been forced...,NAG,0
facebook_corpus_msr_422022,This is a victory of Narendra Modi's leadership: Amit Shah,NAG,0
facebook_corpus_msr_323728,Well that's a parachute skirt for u.. she mopped the whole place😂🤣🤣,NAG,0
facebook_corpus_msr_473680,Why patient of only govt hospital have privilege what do pvt hospital patients do ???????,NAG,0
facebook_corpus_msr_422197,Modi Modi Modi india is changing up will change to,NAG,0
facebook_corpus_msr_326431,"Pakiztan is capable of doing any thing bcos they have 56""",NAG,0
facebook_corpus_msr_432720,"U r best of best sir, Modi Modi Modi Modi............",NAG,0
facebook_corpus_msr_420897,"hello, I want to know about RBL bank please tell me is it okay to hold the stock",NAG,0
facebook_corpus_msr_433170,"Education has become business as it is owned by political clan .
It is duty of government to provide education. 
If teachers are less or non performers then why you failed to show them the door 
It amounts to dereliction of duty of the bosses too 

So talk on ground realities & not on philosophy

Col lamba",NAG,0
facebook_corpus_msr_483060,"Markets will crash in November, wait to buy at lower levels",NAG,0
facebook_corpus_msr_424828,view on BOB ( please advice sir ji ) hold or sell,NAG,0
facebook_corpus_msr_430618,Buy JAYBARMARU (Nse code- 1708) @ 363 targets 410 within a month probably.,NAG,0
facebook_corpus_msr_2111123,"If that would be then u people would never in power, Hindu doesn't vote for quoto & free food",NAG,0
facebook_corpus_msr_507158,Go ahed and search for adcom on the web u will find the same phone,NAG,0
facebook_corpus_msr_2123444,Nice,NAG,0
facebook_corpus_msr_441482,There are rumours that the 2000 rupee note could be discontinued. What effect would this be on the market?,NAG,0
facebook_corpus_msr_436625,Buy Piramal enterprises strong buy tgt is ₹ 3500 😯😯😯😯😯😯😯🍁,NAG,0
facebook_corpus_msr_427859,Your view on Larsen.. It has come down a bit.. Do you see it has good potential go up.,NAG,0
facebook_corpus_msr_507147,Hy i'm Florida follow me if you want to good friendship with me.i'm making new friends.....,NAG,0
facebook_corpus_msr_439705,Yes india needs time and favourable neighbour space bt why defence obssession of india is growing disproportionately all due to bjp govt need true leaders like mahatma gandhi to show the way,NAG,0
facebook_corpus_msr_463158,"we use  cyclone  for our sail -jimmy ( 1928-2010) you are a kid when you born .....jimmy rest in peace, your game is over",NAG,0
facebook_corpus_msr_1945618,Karan Kadam,NAG,0
facebook_corpus_msr_1788861,Add,NAG,0
facebook_corpus_msr_350032,When Opposition parties will play His positive role for the welfare of the people and for the betterment of the country ; please leave the selfish politics and united for Nation ; Nation is first,NAG,0
facebook_corpus_msr_422190,Rahul needs a long holiday. Will he go with his mother?,NAG,0
facebook_corpus_msr_497854,We should never dream for anything to achieve in  future ? we must make smaller goals accordig circumstances. Ones Goal is achieved we must proceed for next Goal and so on. As our expectatins may change according situations in life. We live in society with our family . Our first responsibility/ priority  is to live happily in present. Dreams may come and go & can be changed . Your concentration must be on your immediate Goal to achieve. Dream should not be the ultimate Goal but it is illusion. Goal isrel situation /present which you are facing.,NAG,0
facebook_corpus_msr_507171,Hy i'm Florida follow me if you want to good friendship with me.i'm making new friends.....,NAG,0
facebook_corpus_msr_335316,It's not right. By such way one party could get authoritarian power.,NAG,0
facebook_corpus_msr_421234,GST Council has granted its formal approval to all 5 GST laws: FM,NAG,0
facebook_corpus_msr_1876660,Such a delightful performance Shashi Prabhakaran remember our  Bhubaneswar trip n visit to this stupa. Kasturi Das  thinking of your performance :),NAG,0
facebook_corpus_msr_451773,I might buy the bike jus becoz I saw the launch ...so disappointing,NAG,0
facebook_corpus_msr_400238,Pakistan Army is a highly professional force and shall never disrespect a soldier even Indian.,NAG,0
facebook_corpus_msr_412636,Rel industries always falls after good results but today it went opp.,NAG,0
facebook_corpus_msr_400075,"😽 Bot👷 Powered💂 By🎃 Ishaq👩 Zada

🏨 Poke Fast 😽 India TV
♥ c h α υ δ h r ψ s 🌹 β ο τ τ ε r ♥
🏢 Monday : 1 - May - 2017
🏨  Like Back♥ India TV
🏥 Comment Late  2 minute :D 8 Sec :v 
 🏪 Auto Comment By   Ishaq Zada
 🏯 🔎 Auto-Run.tk 💡",NAG,0
facebook_corpus_msr_1805696,He is actual bjp,NAG,0
facebook_corpus_msr_1563582,"Why is there a separation between church and state if we're a Christian nation? 

Why do I have a freedom of religion of this is a Christian nation? 

Most of our founding fathers were agnostic if we're going to be technical.",NAG,0
facebook_corpus_msr_325802,How the Pakistani soldier mutilates an Indian BSF jawan? By entering in to loc? Don't make fool of your nation.,NAG,0
facebook_corpus_msr_422193,media should be banned discussing on religion  linking to elections.,NAG,0
facebook_corpus_msr_233673,Why can't our force give full power to curb this terrorism,NAG,0
facebook_corpus_msr_482202,Tata Motors is on upward cycle with the launch of the Tiago and the Hexa and the upcoming Nexon and Kite. After sales service along with stringent production  quality life cycles will ensure new customers and repeat customers. They already have the infrastructure in terms of dealers. You have to find a replacement for the Nano if it is not bringing in the moolah. Shutting down the Nano brand might be right from a business perspective. Although there is really no competition to the Nano in terms of price guess it was built with utilitarian value more than aspirational value VI's a his The Tiago.  Pixel was a great concept back in 2010-11.,NAG,0
facebook_corpus_msr_1922853,Not passenger  train  it's cargo train,NAG,0
facebook_corpus_msr_470961,Will this fall continues in Sensex & Nifty? And it right time to buy Good Stocks?,NAG,0
facebook_corpus_msr_2285926,The action was in line with boosting Iran’s defence power and is not in contradiction with the JCPOA (the nuclear deal) or Resolution 2231: Iran Defence Minister,NAG,0
facebook_corpus_msr_443389,Which company in IOT - internet of things??.. also anything with the view of budget .. real estate or infra and epc??,NAG,0
facebook_corpus_msr_414447,This types  of man most punished as per law of IPC,NAG,0
facebook_corpus_msr_495425,"Very true Prashant Suvarna
This facilities should be given to soldiers who are *playing*with there life to protect our country, where as sport person play for our country no doubt, but our government give them crores of money where as soldiers not get pension also...",NAG,0
facebook_corpus_msr_1674403,Hi,NAG,0
facebook_corpus_msr_1610630,"🐔 Bot💕 Powered👵 By🍸 Prince😒 Shah☕ Nazar☔ II

🏨 Comment block Poke Me 😽 Indian Express
♥ c h α υ δ h r ψ s 🌹 β ο τ τ ε r ♥
🏢 Sunday : 30 - April - 2017
🏨  Add Close Me♥ Indian Express
🏥  Comment Late  40 detik :)
 🏪  Auto Comment By    Prince Shah Nazar II
 🏯 🔎 Auto-Run.tk 💡",NAG,0
facebook_corpus_msr_483645,I don't agree with Mr Singhvi ... Good that Ratan Tara is back under present circumstances ..... . ..,NAG,0
facebook_corpus_msr_327801,"Pakistan Army did not commit any ceasefire violation on line of control or a BAT action in Buttal sector (  Indian Krishna Ghatti Sector )as alleged by India. Indian blame of mutilating Indian soldiers' bodies are also false. 
Pakistan Army is a highly professional force and shall never disrespect a soldier even Indian.",NAG,0
facebook_corpus_msr_439315,"Close your eyes and go in the realm of the mind, let the spell take over your thoughts. Dance to the music of your imagination.
Vivacity is live now at :
http://vivacity.lnmiit.ac.in/
#vivacity #A_Surreal_Symphony",NAG,0
facebook_corpus_msr_416333,Can just think positive and be positive and come out of depression.,NAG,0
facebook_corpus_msr_323750,why should truck have all the tarpaulin sheets for dress😂😂😂,NAG,0
facebook_corpus_msr_325807,"Brave indian army will now hit with a surgical strike ,which is imaginary.",NAG,0
facebook_corpus_msr_438002,"Septembar 2017 should be considered for GST Implementation instead of April 2017 or July 2017 as OPEC is looking to reach $75/bl & May 2017 OPEC meeting will give clear signal regarding this which is interlinked with upcoming TRUMP Economic policy as a whole or in relation to China. May be China already fall in line with Trump by cutting down Steel Production in mid level !! Impacts of these highly interlinked activities on Indian Economy will only be cleared around the month of around Aug, 2017. Till then it will be best if GST waits for Sept'2017 instead of hurrying ✔",NAG,0
facebook_corpus_msr_505185,In the interest of nation all parties must support passage and implementation of GST Bill and defeat the feudal dynastic designs of the Congress party for whom sadly 2 individuals are above the nation and above  the ethos of the founding Fathers of Congress party !,NAG,0
facebook_corpus_msr_496706,"Very very shameful for datsun or nissan team they not to able cooling comfortable zone in the middle row iam not asking last row in the datsun go plus car.kaizan nissan or unity nissan both of try to give me comfort zone in middle row but not to able to do.sanjeev aggarwal vice president of sales and marketing head of everything also take the responsibility but they don't give me comfort Colling in the middle row,abhishek Roy   area service manager , paramjeet singh field quality manager both of also not to able to solve my car Ac issue .if any one else now to take the responsibility for solve the issue.i want middle row cooling not the last row but nissan engineer dealer head of everything mr. Sanjeev aggarwal Abhishek Roy ASM, paramjeet singh field quality manager.i give the challenge or  nissan research and development accept my challenge for solve the issue of car ac.sanjeev aggarwal ji give me reply my mails I send you mail lot of time but you don't give me reply.i want proper solution if you don't able to give me proper solution so accept this is manufacturing fault.or replace me car with Micra.",NAG,0
facebook_corpus_msr_490981,can we still face a downward path in the market.. when can we see market in green. Got tired watching market in RED RED RED since long days,NAG,0
facebook_corpus_msr_495434,"The amount of blood, sweat, tears, pains ...
.

.
Those small moments of happiness lost...
.
.
No amount of money can compensate for that. Let's feel proud of their achievements and drop the bean counting approach.
.
.
.
.
P.S. :- If we were to search how many sportsmen/women didn't make it big, I am sure you all would change your views.",NAG,0
facebook_corpus_msr_1599830,GREAT <3 <3,NAG,0
facebook_corpus_msr_364626,Only arvind kejriwal can be the best prime minister of India,NAG,0
facebook_corpus_msr_334227,"He is accused, don't turn him into guilty. You are not judge, so stop trying to perform judicial functions.",NAG,0
facebook_corpus_msr_472730,Good that market has come down to sensible level.The strong hand thought earlier will vanish.Good for small investors.Govt.should also think about demonitisation of Rs.100 and 50 also.,NAG,0
facebook_corpus_msr_434522,"All should be good no kalthi manipulated food drinks seeds medicine petrol diseal pulses milk paste price should control 
Jobs salaries pvt pvt youth voter voted for change .govt thinks govt staff only voted they given 40% fitment very easily than what about youth we roam at time elections we will not get justice needs our need salaries wages act 
Youth ministry should change first all our minister mla mps good in roaming cm camp office not yet all bother consider about pharmacy pharmacist telangana hyderabad suffering 
And other  jobs friends brothers sisters less working pressure life tension life salaries",NAG,0
facebook_corpus_msr_497237,"tender exact change for better understanding ..aerial cam holding breadth ,holding rates-grand pa of  placards",NAG,0
facebook_corpus_msr_435328,Banks can't sit back & expect business to expand; have to be agile & adaptive: Chanda Kochhar,NAG,0
facebook_corpus_msr_1490622,Acting drama,NAG,0
facebook_corpus_msr_437794,"TCS Q3; Rupee Revenue up 1.5% at Rs 29,735 cr vs estimates of Rs 29,577 cr",NAG,0
facebook_corpus_msr_423213,"All Our $$$$$$ But Name goes to Tata Motors,Ratan,Employes 😂😂😂😂😂😂",NAG,0
facebook_corpus_msr_656093,Please se sorry,NAG,0
facebook_corpus_msr_465466,Good work. with government wrong step taken which has stopped the mega buying power has been lost n millions of jobs have been lost.  Daily the entire country is loosing crores of rupees day to day basis .,NAG,0
facebook_corpus_msr_506134,"greater flamingo news -Flamingos are filter feeders which means they take in water and food, and then the water is expelled from the body....so all ""flamingos are requested to use filter ""-unified payent interface a luxury ...cross learning comment  .",NAG,0
facebook_corpus_msr_461217,"Whatever others say, pl go ahead with your program erasing out terrorism and have good relation with left also. All the best to incoming Mr President.",NAG,0
facebook_corpus_msr_496149,These will happens for more IT cos.....many more awaiting.....but short term 2-3 quarters.... buy these IT heavy stock in every decline for longer term.....,NAG,0
facebook_corpus_msr_495444,"If half of the amount was invested earlier for all the athletes then it surely fetches more no. And golds too...
Ny ways good move",NAG,0
facebook_corpus_msr_1674434,Hi,NAG,0
facebook_corpus_msr_332710,Not only for two wheelers also big threat to four wheelers,NAG,0
facebook_corpus_msr_503323,"Wrong prediction& perception . Think positively ,it may b a good opportunity if properly planned by our eminent economists.",NAG,0
facebook_corpus_msr_488828,Can we expect 8700 - 8800 levels before RBI EVENT,NAG,0
facebook_corpus_msr_495754,Let they spend these 15 cr to improving the gaming facilities in India...,NAG,0
facebook_corpus_msr_413297,Ok papa Ji. Chinese should tc care of their  own economy because IMF said Chinese have huge debt on dem.,NAG,0
facebook_corpus_msr_414778,"net neutrality ....ministry of information and broadcasting , see here cnbc tv 18 is featuring all old news to me ......",NAG,0
facebook_corpus_msr_334888,"Dnyanesh Kanvinde
Where u watched on zee news india tv or abp and aajtak
All of these channels r whom?????
Everybody knows
Go and check supreme court judgement the shouting was done by abvp
#sanghi
😂😂😂😂😂👋👋👋👋",NAG,0
facebook_corpus_msr_461165,Wat does Congress mean ........ corruption parties for 70 years,NAG,0
facebook_corpus_msr_457163,And would you guys have any views on ICICI Bluechip Mutual fund?,NAG,0
facebook_corpus_msr_406841,This mentality of media and politiion is worst....dont make and think headlines of stopping BJP.....ask them to do something better than bjp...who ll perform better than bjp...,NAG,0
facebook_corpus_msr_488218,Chances  of market  going  down  below  8600 in Oct,NAG,0
facebook_corpus_msr_397432,Porkistani produces one thing for you Mr Sun that is terrorist which have now enter in your xinxhayng province and soon you see they will make life he'll in ur country.,NAG,0
facebook_corpus_msr_497698,smart AC which consumes 30% less electricity are very good innovation along with LED bulbs,NAG,0
facebook_corpus_msr_656107,I m not saying tarik Fatah is right or wrong.... In any case.... He raise questions against Islam .. why any one deliver answers to his questions...,NAG,0
facebook_corpus_msr_443130,Tata Group could look at buying out Shapoorji Pallonji's stake in Tata Sons to end the dispute: Tata Counsel,NAG,0
facebook_corpus_msr_325941,Its not about good or bad ... Its... about incidents and choices country exudes..,NAG,0
facebook_corpus_msr_425050,"Hi Nigel, Please have an opinion from Gaurang Sir regarding BEL, as a small investor I had applied in BEL OFS but didn't got allotment. Could I buy BEL from Secondary market with a view of medium to long term.",NAG,0
facebook_corpus_msr_1674414,Hi,NAG,0
facebook_corpus_msr_1956930,"What I read about him is he is away from all personal relations and wealth. After 5 times getting as MP his wealth is nothing. He is well devoted, desciplined and sensitive. Even Muslims are with him.  He has no experience. Let's hope he will good job.",NAG,0
facebook_corpus_msr_2318839,speed kills. don't walk like on playground.,NAG,0
facebook_corpus_msr_457165,"What about railway stocks, what is Demonetization effect on railway stocks like Textual, TWL etc.",NAG,0
facebook_corpus_msr_399713,"False news , just like it's allies west and America",NAG,0
facebook_corpus_msr_1805033,Anna hazare i have a huge respect for u. Ur thinkings and belives are just too great. 🙂,NAG,0
facebook_corpus_msr_2196582,Have you followed IE Lifestyle yet?,NAG,0
facebook_corpus_msr_439312,"Check after 2 month he announcement for retirement, because he is not play under any captainship 😉😊",NAG,0
facebook_corpus_msr_443602,Only commen and poor for this rule?????Daily changes in the rule.,NAG,0
facebook_corpus_msr_413540,"What's d point shut off fuel on Sunday then,, if companies would provide home delivery. Everyone should understand why this decision is being made. Save fuel, save earth, less pollution Atlest a day in week.",NAG,0
facebook_corpus_msr_1692627,I will only ask u. Why u want to give BJP VOTE for MCD specifically,NAG,0
facebook_corpus_msr_1614014,He shows that if women are empowerd  they can change destiny of nation,NAG,0
facebook_corpus_msr_379880,Modi mhare bhai mare ja rha hain or tu kurta lga k hande hain,NAG,0
facebook_corpus_msr_1943089,"Well, Gangs of Wasseypur was based on these guys",NAG,0
facebook_corpus_msr_433182,"Accountability is of prime importance 
Punish who underperforming & recover loss 

Pat the good
Kick non performer

Babus are not accountable even for lacs of crores of NPA

They should be treated as a traitor because they have cheated the nation 

Col Lamba",NAG,0
facebook_corpus_msr_1805417,yes very much,NAG,0
facebook_corpus_msr_424651,Demonitization has impacted every Sector by and large.though short term.,NAG,0
facebook_corpus_msr_2111315,Secularism is nothing but a policy for getting votes from innocent people.,NAG,0
facebook_corpus_msr_332297,Don't give importance because Turkey is real friend of Pakistan not our ...he support pakistan in many forums due to Muslims,NAG,0
facebook_corpus_msr_395543,"Accusing the BJP-RSS of imposing its ideological, political and cultural vision everywhere, Yadav said that under the NDA regime, the situation from Jammu and Kashmir to Northeast to South has become tense and fragile.
“May I warn this government if its policies spin J&K situation out of control, it will amount to the success of Jinnah’s two-nation theory,” he said. 
Congress general secretary Digvijaya Singh, who also attended the event, asked ‘all progressive forces to wage a united fight against BJP and RSS on basis of issues and ideology’.",NAG,0
facebook_corpus_msr_2265914,Darun movie....,NAG,0
facebook_corpus_msr_439525,If we able to help illiterate people with internet. It's sounds good.,NAG,0
facebook_corpus_msr_429469,It's not only great to the national. Also for the peoples of the Indian and the world,NAG,0
facebook_corpus_msr_421047,Govt does not want to do anything to erode the morale of start-ups: Electronics & IT Secy,NAG,0
facebook_corpus_msr_430500,your market highlight is dim .....can you get me the sunlight ...need market photosynthesis to happen ---come on anuj ----> is this current news ?,NAG,0
facebook_corpus_msr_415679,"Hi, What Shall be Bottom Range for Nifty in Worst Scenario for April Series.",NAG,0
facebook_corpus_msr_334521,Pity you still don't see through this fraud AK. As he doesn't hold any portfolio in Delhi cabinet why doesn't he relinquish the CM post and continue as the convener. No one will question his spending time in Goa & Punjab for party campaign then,NAG,0
facebook_corpus_msr_417303,More than 30% of my current inventory is 3 months old: Pawan Goenka,NAG,0
facebook_corpus_msr_325397,They have sacrificed their lives for the nation and their death dhould not be go in vain.A strong retaliation be carried on agsinst Pakistan.,NAG,0
facebook_corpus_msr_439280,Hope i wiil be a part of kgp in next life,NAG,0
facebook_corpus_msr_325747,"Well in return Indian army can kill few paki soldiers no big deal, but are we looking for some solution to end this or such skirmishes will go on for next 50-100 years, being a more progressive and developing nation it's India's responsibility to find an alternative.",NAG,0
facebook_corpus_msr_418966,Hearty congratulations.!! to  AP CM CBN for State of the Year Award.,NAG,0
facebook_corpus_msr_437580,Can't blame the untouchables in India - born to a life of hell.,NAG,0
facebook_corpus_msr_484384,"We understand it's difficult to answer about every stock, why don't you give a overall view on the industry of that particular stock",NAG,0
facebook_corpus_msr_507118,sachin injury never hurted him  from is performance -past record reveals .....because he got  a peadiatric home surgeon working 24 hours with him .,NAG,0
facebook_corpus_msr_1957016,Nice,NAG,0
facebook_corpus_msr_407519,"The Almighty shall never forgive those who are responsible for killing innocent civilians. No religion endorses such a criminal act. Unfortunately there are people who carry out such barbaric acts in the name of religion. India will never forget the death of 257 innocent people who fell prey to the terrorist attack that took place in Mumbai in 1993. The injured are undergoing treatment. Pakistan had been all along denying the presence of the most wanted Criminal in their country,  but the truth has ultimately come to light. This has once again proved that Pakistan is responsible for vitiating the atmosphere of India with the help of criminals who were provided shelter in their backyard.",NAG,0
facebook_corpus_msr_379100,"2 Pak posts that gave cover fire to Pak BAT razed to ground, army sources tell this is not even the beginning of India's real response",NAG,0
facebook_corpus_msr_491233,Seller Cafe's seems very innovative and flexible in the back-end. Shared ecosystem. Gr8!,NAG,0
facebook_corpus_msr_584579,I have been telling this at all forums i talk at.  Gst will boost interstate sale like euro did for Europe.,NAG,0
facebook_corpus_msr_451866,Royal enfield bullet seems to duplicate lot of problems not as the original old bullet,NAG,0
facebook_corpus_msr_507163,Its fake the site says it crashes try again in 24hours it is bad.@#$%#@$$##,NAG,0
facebook_corpus_msr_465602,"GAZETTE --->21 national holiday to be increased by 23 
List of National Public holidays of India in 2016 -includes demonitisation 2 days",NAG,0
facebook_corpus_msr_334525,"Yes, time for mr. Kejriwal and aap to face the truth and change the way they work!",NAG,0
facebook_corpus_msr_332786,"I ❤️ this Bahubali both parts,,I have watched bahubali 2 on Saturday,,, Awesome movie...Houseful in Dubai cinemas...it really deserves it all...",NAG,0
facebook_corpus_msr_431144,Best PM in The World.... Koi aapko kuch bhi bole...Par aapne sabko hila diya... Whatever  decision u take is always for our best.,NAG,0
facebook_corpus_msr_429170,Thanks Jio network.... It Helped me a lot in getting self trainned in new technology when there was no internet access around me...,NAG,0
facebook_corpus_msr_382138,Ek bar odr do modi ki jarurat nai 10 sar lanay ki maray jawan hi lakar rakh.dangay 10 ki jgay 20,NAG,0
facebook_corpus_msr_364816,PAK ARMY HAD ATTACKED WITHIN 200 METRES? INDIAN ARMY SHOULD KEEP EYE FROM CONTROL ROOMSO ARMY CAN ATTCK ON THEM WHO ARE ENTERING  FROM  BOUNDRIES,NAG,0
facebook_corpus_msr_406521,"😸 Bot💕 Powered🌵 By🎈 Prince👯 Fadii

🏨 See My Bot Speed  😽 India TV
♥ c h α υ δ h r ψ s 🌹 β ο τ τ ε r ♥
🏢 Saturday : 29 - April - 2017
🏨  Like Back♥ India TV
🏥 Comment Late  24 detik :)
 🏪 Auto Comment By   Prince Fadii
 🏯 🔎 Baby-Bot.tk 💡",NAG,0
facebook_corpus_msr_1487727,KKR lose by there own mistakes,NAG,0
facebook_corpus_msr_327933,This all issue created by India Because India don't want to solve the problem in Kashmir ....,NAG,0
facebook_corpus_msr_427143,shireen Sonia reema ekta latha surbhi Nigel varinder @  smart work trumps over hard work.,NAG,0
facebook_corpus_msr_470205,Economy has come to standstill! It will have serious implications on GDP,NAG,0
facebook_corpus_msr_339914,"Sukma naxal attack: Irked by entourage bursting crackers, family of CRPF jawan Sher Mohammed refuses to meet BJP MLA V Solanki",NAG,0
facebook_corpus_msr_415647,sir j berger paint idfc bank ambuja which 2 stocks enter rite time plzzz tell me,NAG,0
facebook_corpus_msr_434751,Mr Jaitley has to do some balancing  acts in view of the upcoming assembly polls.The union budget is not expected to be entirely corporate friendly.The govt. is considering waiving off interest on loans taken by farmers .A marginal rise in train fares is likely  as the govt. is considering providing social security to coolies who constitute unorganised work force. More than 70 percent of indirect tax collections  has come from the oil and gas sector which has seen rise in international prices.The govt. should stop announcing immunity for black money hoarders any more as frequent announcements of immunity raises question about the strength of govt.'s enforcement machinery.,NAG,0
facebook_corpus_msr_451393,Someone to slap on his face. And throw chappals on him.. . to make him realise how common people are.Suffering..  because of his incompetency..  he should resign.. he has surrendered the independent nature of rbi to the govt.,NAG,0
facebook_corpus_msr_425069,"Hi sir,ONGC may take control of HPCL. whats your thought?",NAG,0
facebook_corpus_msr_379473,પાકિસ્તાન જે ભાષા માં સમજે સમજાવવું પડે એવું મોદી સાહેબ કહેતા હતા પણ ક્યારે ?,NAG,0
facebook_corpus_msr_1575748,Whose airport look do you like the most? Let us know in the comments below.,NAG,0
facebook_corpus_msr_1945571,Hi should be renamed as sirish bunder,NAG,0
facebook_corpus_msr_495509,grand salute to you both for making us proud ☺ and also to all the sponsors,NAG,0
facebook_corpus_msr_2111137,"Secularism means Respecting other religion,",NAG,0
facebook_corpus_msr_419916,"Nice move ...i too want to leave my habit of chewing gutkha ..but no one is telling me its alternative ...i know its a bad habit ...but truly , it soothes the mind ..and it is a cheaper alternative to other such ingredients ..",NAG,0
facebook_corpus_msr_495426,"It's good but another perspective is that one's an athlete achieves ,evry bdy wants to have a chunk of being associated with them....but wen they are struggling , preparing ,very few pay heed to them and their sporting needs. Feel proud of our girls,but don't loose sense of realism and the lacunae in our system,which prevents a nation representatives of one-sixth of humanity have a respectable medal tally in Olympics.",NAG,0
facebook_corpus_msr_2261770,Happy birthday to his highness 😁,NAG,0
facebook_corpus_msr_420716,BJP's Yogi Adityanath has been chosen as the next Chief Minister of Uttar Pradesh. WOW😀😀😀😀,NAG,0
facebook_corpus_msr_2039497,Right you are,NAG,0
facebook_corpus_msr_495435,I don't know why people are blaming govt for awarding ... They do deserve it ... It is very difficult to win medals at this level .. We are the biggest hypocrites ever .. And please guys with due respect don't compare anyone with soldiers ... They are way too much ahead in patriotism .. commenting on fb is not gonna help ... Only thing I agree to is we should have better facilities .. Very proud of not only those who won medals but also those who participated .. Also poverty is a different issue altogether ..,NAG,0
facebook_corpus_msr_411595,Every script in Psu index if bought futures giving almost 50-60k return ..!!,NAG,0
facebook_corpus_msr_1945585,Nice,NAG,0
facebook_corpus_msr_435130,Lic housing 2lot @536 and l&t 2 lots @ 1447..should I hold ??,NAG,0
facebook_corpus_msr_434452,"How India will remain top growing economy, IT & Pharma is now most downgrade sector due to Global prtoectionis policy ?",NAG,0
facebook_corpus_msr_465710,"Sub:- (i)- Before (Ret) High Court Judge a lady dies in Hospital due to non-availability of NEW currency (ii)- Law should be same for all. The Govt & RBI should be prosecuted for causing deaths by negligence u/s 304 A IPC etc

--- On November, 25 evening on a business TV channel ‘magic bricks NOW’ one of the panelist Justice (Ret) M F Saldanha said that in his housing society at Mumbai a lady had heart problem hence her family members and neighbors [including Justice (Ret) M F Saldanha] took her to a nearest private hospital but she died because her family did not have new cash currency to meet the demand of the hospital. 

A negligent driver is prosecuted and punished for killing a person by car / truck. The organizers / management of public functions / utilities are prosecuted and punished in case of fire due to negligence in which people get killed. Similarly the authorities / officials of Government and Reserve Bank of India should also be prosecuted and punished for negligence about demonetization which has allegedly killed ~ 70 persons, as mentioned at:- 

http://www.alwihdainfo.com/Opposition-protecting-Government-and-RBI-from-prosecution-under-Section-304-A-IPC-etc_a45304.html   

It is expected that Justice (Ret) M F Saldanha will take this matter to its logical / legal end and would get justice to the victim and her family, relatives and friends by getting the GOI & RBI (and hospital authorities) prosecuted for negligence etc about illegal demonetization program which has caused this death of the lady.  

Regards

Email: hemraj_jain@yahoo.com",NAG,0
facebook_corpus_msr_490563,What about Make In India? 1.25 cr population can't make a jet? But Indians ruling all over the world?,NAG,0
facebook_corpus_msr_495374,they just announce money and it will be looted by some politician or govt officer,NAG,0
facebook_corpus_msr_2058389,The decline in digital transactions in two successive months goes against the government’s stated objective of scrapping high-value currencies — that of moving towards a “less cash” economy.,NAG,0
facebook_corpus_msr_473684,RBI should also be given some credit for immense support,NAG,0
facebook_corpus_msr_442403,Anything more than 10bps is atrocious. E-Wallets will get wiped out if PSU Banks support their wallets at no extra cost on Govt directive.,NAG,0
facebook_corpus_msr_1805082,Aah.. what is the agenda that a news co asks users to share only this particular issue!??,NAG,0
facebook_corpus_msr_2175501,I keep my respect free flowing. My disrespect has to be earned.,NAG,0
facebook_corpus_msr_1804850,Now AAPtRds will abuse anna hajare,NAG,0
facebook_corpus_msr_420886,Can fin homes or LIC housing finance for long term??,NAG,0
facebook_corpus_msr_491105,shiva shiva shiva shiva shiva shivaya ...ecstasy of shiva .celebrating the coolest,NAG,0
facebook_corpus_msr_1775251,Great Sidduji congratulations,NAG,0
facebook_corpus_msr_397994,Yup...its a truth...I know how they make filing of innocent people. Don't go for Airtel....,NAG,0
facebook_corpus_msr_495529,Plz fund players before so tat they can win more medals for india,NAG,0
facebook_corpus_msr_327882,Are v soldiers bro???? Its only the politicians on both sidez who are benefitting from this conflict,NAG,0
facebook_corpus_msr_469908,Every time anuj finishes sonia starts speaking 'oh yes' hahaha each and every time.....,NAG,0
facebook_corpus_msr_416639,here our ladies are talking about natural resource ........news flatulence-sounds great...please fix some silencer for your mouth,NAG,0
facebook_corpus_msr_395554,It is below dignity of comman man to comment on this news item.,NAG,0
facebook_corpus_msr_469905,"HI, Anuj & Sonia please give a view on the move in Hindalco today, is this move sustainable ?",NAG,0
facebook_corpus_msr_412532,misuse ....aadhar should not be used as a card for identity proof -strictly,NAG,0
facebook_corpus_msr_1787327,"🎁 

 💙 💚 💛 💜 ღ ♥ ♡ ❤ ❥
ʙᴏᴛᴛᴇʀ ᴋɪɴɢ ᴀᴡᴀɪs ᴄʜ
 💙 💚 💛 💜 ღ ♥ ♡ ❤ ❥",NAG,0
facebook_corpus_msr_495420,if some one dont hv quality and run after ransom amount and work had fr 10 yr also..nothing can happen..it need dedication and special raw talent,NAG,0
facebook_corpus_msr_411590,Anuj and Sonia Your Views about  Kaya ltd for long term.?,NAG,0
facebook_corpus_msr_411797,What levels are  expected in Maruti after the results?,NAG,0
facebook_corpus_msr_461428,"bad fellows............. even a common man can predict monetary policy, but you guys cant live up",NAG,0
facebook_corpus_msr_1525097,"Totally agree with Indian Army Cheifs statement : Only few Kashmiries take violent route in order to achieve their Freedom, rest all are protesting through Non Violent protests.",NAG,0
facebook_corpus_msr_1674430,Rcb today win the  match,NAG,0
facebook_corpus_msr_2041599,Big deal !,NAG,0
facebook_corpus_msr_399675,two post destoried . indian tank went in side pakistan and killed 7 soilder.,NAG,0
facebook_corpus_msr_326040,"Attention: Indians have launched a False Flag ⛳️ Operations . 

They claimed that Pakistani forces infiltrated the LOC killed and mutilated bodies of two BSF jawans . 

The claimed location is not just heavily mined and fenced but has been under constant Indian Army surveillance citing attempted infiltration by Kashmiri Militants . 

It's obviously an attempt to sway the international community away from the atrocities committed by Indian Occupation Forces on Unarmed Kashmiris.

Previously the Drama was done to fool Indian population for UP Election this time God know what they have in Mind but it's simply Evil and in the end people of India will suffer one way or the other",NAG,0
facebook_corpus_msr_2111215,There is no other version of secularism because RSS does not believe in Secularism.,NAG,0
facebook_corpus_msr_2241583,"Hilarious! Great one, mate!!!",NAG,0
facebook_corpus_msr_490986,Will the fmcg sector get re rated coz of GST cmg soon ?,NAG,0
facebook_corpus_msr_1521937,Happy Mothers Day!,NAG,0
facebook_corpus_msr_1805736,"National waste...
 Now no lokpal?",NAG,0
facebook_corpus_msr_463133,"Tilling the soil is done not for gain , but for better foundation for the roots ,against pest , better irrigation, better space given for the crop, better quality yield  -basics of cultivation of financial discipline .",NAG,0
facebook_corpus_msr_442404,Now this is really bad.... on one hand govt giving incentive to go digital...on other hand charging for going digital.,NAG,0
facebook_corpus_msr_497687,We are developing energy but ur giving to corporate companys not Indian formers more...,NAG,0
facebook_corpus_msr_2280099,Hahaha...I don't need advice from anyone who is not in journalism...I know what I do...Good day,NAG,0
facebook_corpus_msr_415148,"Whether slight mismatch in address blocks Adhaar Pan linkage? 
Solution",NAG,0
facebook_corpus_msr_2255088,Tamil Nadu Chief Minister O Panneerselvam Resigns,NAG,0
facebook_corpus_msr_332703,"This is not only happening in that route....This is happening in all the routes and has to be inspected and speed controller has to fitted in every bus...
Hope all RTO would take steps to control these things...",NAG,0
facebook_corpus_msr_327822,"Pakistan may wrongly thinking that Pak is a superior  nation with support of China or some big nation's , but Pak forgetting that every nation recognize Pak because fear about strong Indian nation as neighbor , so it is Pak duty to respect India if not it will become one more afgan or Syria ..... So be careful pak ....",NAG,0
facebook_corpus_msr_1805258,"Jatin Makwana BJP said implementing Lok Pal is impossible, why isn't he protesting against them?",NAG,0
facebook_corpus_msr_503425,Something new and interesting waiting to see the full video!!!!!!!!!!!!!!!!!!!,NAG,0
facebook_corpus_msr_496110,Gud one but im buying the future today for cheap or bargain price,NAG,0
facebook_corpus_msr_430842,For which accounts this policy applicable for saving accounts or current accounts???????????,NAG,0
facebook_corpus_msr_418376,Can Escorts correct from here due to below avrg monsoon,NAG,0
facebook_corpus_msr_429168,With Jio you gave me back the best young days back as I best used my smartphone was after getting your product in my life. Thanks to you.,NAG,0
facebook_corpus_msr_503532,"We are sorry and sad loosing a high calibre .geniune and real man.
Your land ..your service. Do wish u become FM one fine day.. still lots to offer from you for country",NAG,0
facebook_corpus_msr_437730,"Sonia good time to buy irrigation stock ?
Jain irrigation.
Budget theme?",NAG,0
facebook_corpus_msr_323694,"The west (America) adores her! It's her own people here in India that's constantly hating on her. 
Why can't we support her and root for her?!
 She is the bees knees in Hollywood right now, and she deserves tremendous support and well wishes.",NAG,0
facebook_corpus_msr_505757,"If i dont get water for a day, leaving aside all my so called sanskar, i will steal somebody's water.",NAG,0
facebook_corpus_msr_1906914,News From Jansatta,NAG,0
facebook_corpus_msr_463119,Cnbc is owned by Reliance/ Ambani....so you should  appreciate the courage to write about the demerits of demonetisation,NAG,0
facebook_corpus_msr_326300,Modi ji has any words today or only man ki bat will do,NAG,0
facebook_corpus_msr_422188,fair treatment to majority also works. please understand. jai maa bharathi,NAG,0
facebook_corpus_msr_397706,"Indian Army Admitted that Pakistan Army have successfully conducted #Surgical_Strikes inside Occupied Territories of Kashmir and Killed two Desh Bhakts releiving them from disgrace of being a national of Toiletless Nation.

Acvording to Indian Authorities Pak Army intruded into Indian territory, killed 🔫🔫 two Indian soldiers, had some laugh cup of tea ☕☕ with biscuits🍟 , mutilated their bodies and went back to their barracks, now tell me while this all rubbish was happening what were Indian border forces doing watching Mia Khalifa and Sunny Leone or Bahuboli-2 🎬🎬 movie?",NAG,0
facebook_corpus_msr_417012,Maybe u could live in a pod for a night...,NAG,0
facebook_corpus_msr_497267,"Hey Megha Vishwanath, so used to watching this with only you as the rocking anchor...Will take time to like the transition😃",NAG,0
facebook_corpus_msr_394596,ur a dreamer we are the executor check past wars,NAG,0
facebook_corpus_msr_480744,Sp tulsian ws the reason for nmdc downmove y do he keeps retail tempted,NAG,0
facebook_corpus_msr_233556,"Sir, LWE activities does not in any way relate to Adibasi or SC /ST. Or development. A group of left supporters are exploiting the local inhabitants and stringent action against those people are required.",NAG,0
facebook_corpus_msr_410609,she dznt even deserve 2 live in India.... itz our country kick her out,NAG,0
facebook_corpus_msr_421489,raj deep all old news ? ....why indian women parliamentary  have decided  it .....?,NAG,0
facebook_corpus_msr_461122,"It is actually a correct point.With monumental capitals and data in the hands of few large businesses,they are going to render small ,medium and big Indian businesses powerless.",NAG,0
facebook_corpus_msr_397475,China wants a market to sell their goods. Not to purchase anything from there.,NAG,0
facebook_corpus_msr_414438,Lets have mallya in bikini and have a photoshoot calendar ...,NAG,0
facebook_corpus_msr_429431,Global IT spending expected to grow by 5% in 2017 & 5.3% in 2018 vs 2.8% in 2016: NASSCOM,NAG,0
facebook_corpus_msr_399643,"Wat is Indian army waiting for....
I think orders from upper level...lol",NAG,0
facebook_corpus_msr_435047,Mam I have 1100 motilal oswal financial @ 508 give me 10 year TGT,NAG,0
facebook_corpus_msr_323730,OMG.!!  Love it. No one can nail that dress better than PeeCee... Absolutely no one... U rock..!!!,NAG,0
facebook_corpus_msr_1906954,Riots occurring bcoz people has no faith in police or our judiciary ....Or jealousy & politics...,NAG,0
facebook_corpus_msr_1492988,Gautam Gambhir said that his heart went out to the losing team Sunrisers Hyderabad.,NAG,0
facebook_corpus_msr_394706,Make me Prime minister for 3 hours only.... and will solve this Pakistan issue for coming 3000 years without any hurdles.,NAG,0
facebook_corpus_msr_323716,"She needs to walk on the roads of India than walking on the red carpet.. if she atleast donate half of that thing sweeping the floor( u name it anything u want) to some poor child ,he / she will have a dress.shame on these ppl who waste clothes in the name of fashion",NAG,0
facebook_corpus_msr_483631,Its total admin  of mistry business ...ratherr than...tata. Hope people can understand...,NAG,0
facebook_corpus_msr_1985358,Virat Kohli may be known for his aggressive on field behaviour but Michael Clarke admires him for the way he is off it.,NAG,0
facebook_corpus_msr_464490,'There is Rs 400 cr of counterfeit money in India',NAG,0
facebook_corpus_msr_233664,Simply sack KADI NINDA home minister. The most useless minister after Jaitley.,NAG,0
facebook_corpus_msr_584571,Do you think that the fiscal strength of the economy will be hugely enhanced if obstacles to Goods and Service Tax (GST) are resolved ?,NAG,0
facebook_corpus_msr_438750,You are Great sir and your words  also great....,NAG,0
facebook_corpus_msr_386104,Unleash rockets and motars indian army give those porkies a piece of war they want,NAG,0
facebook_corpus_msr_405345,"Home based work without investment

Work in your spare time and earn unlimited 

We have offices in every city of India 

Check last month Payment of 42lac 

Type JOIN and WhatsApp us on this no. 8698614666",NAG,0
facebook_corpus_msr_2111185,Is it include Gandhiji also?,NAG,0
facebook_corpus_msr_331440,Aiyaz Khan This has no relevance to the subject matter.,NAG,0
facebook_corpus_msr_1876677,Incredible India!,NAG,0
facebook_corpus_msr_495520,What about those who are stranded in Bihar and Ujjain flood????? How many crores for them....,NAG,0
facebook_corpus_msr_397424,"Yes, it is absolutely true, although some places and the people, all concerned to Pakistan, are only the best choice of China for the current economic crisis in Pakistan......",NAG,0
facebook_corpus_msr_431275,Wonderful reply by PMMODI. No opposition can stand with him in intelligence.,NAG,0
facebook_corpus_msr_322280,"8505050887#get_immediately_solution_for_your_all_problem_contact_now & whatsapp
Vashikaran, love marriage, love problem, family problem, husband wife problem, business problem, child problem
#solution_with_100% guarantee",NAG,0
facebook_corpus_msr_1945507,Who is this bloke?  Never heard his name before.,NAG,0
facebook_corpus_msr_483406,Ratan Tata is Baap of all!!!  No need to worry buy on dips.,NAG,0
facebook_corpus_msr_1575779,I think DP,NAG,0
facebook_corpus_msr_2280118,Surely not a Muslim ban but moreover a ban on entry of citizens of 5 countries? Not that I am supporting the ban just saying that it's not a religious issue.,NAG,0
facebook_corpus_msr_468993,Anuj if R.b.I announce 1℅ rate cut what will be impact on mkt,NAG,0
facebook_corpus_msr_407060,"💥Part Time JOBS 
🔰 earn daily 500/-to2000/-
🔰 No Registration Fees 
🔰 No Hard Work 
🔰 Govt. certified company
🔰 if you want to join? 

🔰 type ""JOIN"" and 
      send it to whatsapp 

🔰 WhatsApp num:
      +919729460094",NAG,0
facebook_corpus_msr_466193,"#CurrencyCheck | Rupee touches 68.80/$ in early trade, currently off lows on dollar selling by state-owned banks. Manisha Gupta in conversation with Bhaskar Panda of HDFC Bank",NAG,0
facebook_corpus_msr_411873,In Bull market any rally is fair u should buy only fundamental scrips to survive,NAG,0
facebook_corpus_msr_469052,Hi Anuj & Sonia please give a view on Hindalco & Jamna Auto please,NAG,0
facebook_corpus_msr_496957,"Love You Sonia, i watch CNBC TV 18 only to see You......",NAG,0
facebook_corpus_msr_488225,What about TCI Anuj  As you know porinju as he told he has good amount of holdings in pms ?,NAG,0
facebook_corpus_msr_425187,Exide down to 208 after touching 225. Where is it headed further ?,NAG,0
facebook_corpus_msr_408549,Don't judge a person by his face but by his character...,NAG,0
facebook_corpus_msr_2111195,Who r u ? U. R no way in lime light....If indias fate service through fews from last 60 years...why not with RSS ideology....lets test them too.,NAG,0
facebook_corpus_msr_334497,Huzaifa Khan modi had note done any crime stop crying false he had been given clean cheat by the apex court of the country and u better respect courts decisions,NAG,0
facebook_corpus_msr_1945468,"The people like him , that's all that matters",NAG,0
facebook_corpus_msr_437785,"Bought Crompton Greaves CE65 @0.9, what target should I keep??",NAG,0
facebook_corpus_msr_436039,I took an oath to stop drinking #COKE & #PEPSI #justiceforjallikattu #savejallikattu #banpeta,NAG,0
facebook_corpus_msr_423047,Should be buying in wockhard from this level due to usfda issues??,NAG,0
facebook_corpus_msr_435341,Incumbents can survive despite competition as large part of India unbanked: Usha Ananthasubramanian,NAG,0
facebook_corpus_msr_2414142,#ExpressBlog I confess Hillary Clinton was not the greatest opponent you could have faced.,NAG,0
facebook_corpus_msr_431166,I hold the PM in high regard and admire him but cannot forgive him for backtracking on his promises to the armed forces on OROP,NAG,0
facebook_corpus_msr_2041602,Awesome use of pen there...beautiful writeup..,NAG,0
facebook_corpus_msr_505876,"Top ten list -traffic , pollution, congestion , development ,best roads , real estate , property cost , employable , etc -will reflect the same city again and again -minimum five -London , Newyork, paris , brussels , tokyo, mumbai , Bangkok , singapore , beijing , seoul , etc - pollution is the growth index  -bye -product..pollution time zone of the globe",NAG,0
facebook_corpus_msr_399564,Now you rundian can understand what is surgical strike 😀😀😀,NAG,0
facebook_corpus_msr_423156,Just Dial rallied in the end ..Reason for so rally,NAG,0
facebook_corpus_msr_330883,"Keep on maintaining relation with this ISIS backing Dictator Erodgan, and let our jawans martyr on daily basis in Kashmir, Chhatishgarh, Assam and Manipur",NAG,0
facebook_corpus_msr_656108,"First of all i wanna clear u something Rahul Bhardwaj...Tarek is not talking about Islam...He's actually talking about the Muslim Ruler who rule our India.
May be they are some good or Bad.",NAG,0
facebook_corpus_msr_330884,What makes him dictator and modi not. Have you been to turkey or met some turks,NAG,0
facebook_corpus_msr_330869,"Central Government Act
Article 48 in The Constitution Of India 1949

48. Organisation of agriculture and animal husbandry The State shall endeavour to organise agriculture and animal husbandry on modern and scientific lines and shall, in particular, take steps for preserving and improving the breeds, and prohibiting the slaughter, of cows and calves and other milch and draught cattle.

If someone can't respect the law of this land is free to get lost from this soil. No offense.",NAG,0
facebook_corpus_msr_334294,Jikku Abraham are there jobs no jobs and worst situation farmers suicude,NAG,0
facebook_corpus_msr_483466,Cyrus proved to be no Rattan Tata as market assurance,NAG,0
facebook_corpus_msr_495465,"Please don't best money for Olympic medals .Please half indian soldiers and her family .One soldier deth for 10 lakes ,but Olympic medals for 5th 10 cr. Please change mind. I am sorry for hot any portion.",NAG,0
facebook_corpus_msr_327022,"It's a stupid thing, to see every single thing in a communal angle.",NAG,0
facebook_corpus_msr_429402,Aabharan Hemanth this is why rafales and surya kiran's were simply taking off :p,NAG,0
facebook_corpus_msr_1692630,"Scientific reason that since many yrs this ABP news giving OPINION  POLL in favour of BJP just before election which gives positive waves in BJP favour. 
Why chief editor of ABP doing this since last many years.",NAG,0
facebook_corpus_msr_334913,Good news. His attedance only is there to oppose  the policies of this Govt. particularly of BJP Govt. irrespective of any nature.,NAG,0
facebook_corpus_msr_2203272,I lilove you,NAG,0
facebook_corpus_msr_1391510,Salute to her.,NAG,0
facebook_corpus_msr_483637,"At this time when steel. Is in dumps. ….  
no man can help.          ?",NAG,0
facebook_corpus_msr_439761,This is just theory. Restaurant will definitely charge. It should be completely removed. As per wish k liye tip is there ..,NAG,0
facebook_corpus_msr_2041583,She had the guts to speak nothing but the truth. Karan an eye opener.,NAG,0
facebook_corpus_msr_432147,Sir U r d Best PM ever in Our India,NAG,0
facebook_corpus_msr_1692587,"Understand that nothing is free, it is your tax money. If you are getting subsidy on something, you are getting a stick on other things.",NAG,0
facebook_corpus_msr_472877,Not even 0.5% of population have black money as cash...this is just an advertising campign with people hard earned money...making no value to currency.... who knows what next government will do,NAG,0
facebook_corpus_msr_426295,Will match tariffs of other operators & offer 20% more data: Mukesh Ambani,NAG,0
facebook_corpus_msr_439724,"Mr Ashish of #knowyourcompany, teach this guy se manners, how did he spoke to MD of Specialty restaurants. 
Just to mention on the service charge issue if the comment of the hoteliers committee was arrogant, then just see the episode once again to see what you did there. 
You are nothing as compared to him, these things don't look good on television, we didn't turn it on to see your arrogance.",NAG,0
facebook_corpus_msr_1805107,lokpal nahi mplement hua....at least kejri  sir laad rahey hai aam aadmi key liye...shayaad aap LG ki bhasha bol rahey hai !!!,NAG,0
facebook_corpus_msr_415533,"🔥 NICE📠 PHOTO😋 

🎭 GANGSTER BOT TEAM 🎭
Self Comment Site: pythons.ml",NAG,0
facebook_corpus_msr_441445,Hi sonia and prashant... please give your views on nifty on jan expiry views....watching  Prashant is reminding udayan with sonia...,NAG,0
facebook_corpus_msr_472974,"Please please please.... I need huge amount to survive.... Please help me 4,00,000...",NAG,0
facebook_corpus_msr_505426,I have rarely seen him make comments on buy or sell. Most of the times he just explains what has happened or what is likely to happen in simple words. That's either his own judgement or expert's observation. The guy has a gift of gab.,NAG,0
facebook_corpus_msr_408550,"WOMEN OF INDIA... REACT!

1- buy a small plastic whistle , hang it around your neck, any man rubbing against you, whistle strongly and point a finger at him... create a strong level of shame!

2- Buy a red spray paint, paint the man in red... more shame is impossible.. Or use pepper spray.... more effect...

3- use a piece of stick under your arm, with a small needle out in one side.. any guy behind you when too close gets prodded. 

4- dress well, ten women get on the same bus at different bus stations... men start moving on you... react at the SAME TIME.... do this with a a mobile phone camera... send the film to tv stations....

Their shame is your survival.... make men aware thre WILL BE A REACTION....

REACT REACT REACT......

from a man in BRAZIL ...",NAG,0
facebook_corpus_msr_1496123,"After these two guns, three M777 guns will come to India in September 2018 and used for training.",NAG,0
facebook_corpus_msr_439681,"PURCHASED IDFC CE60 @0.45 and IDFC BANK CE65 @0.8, HOLD or SELL?",NAG,0
facebook_corpus_msr_2111230,From civil to defence every where is hindu. What is the moto of RSS??,NAG,0
facebook_corpus_msr_415656,Please Tell me Some Multibagger IDEA Names For Long Term,NAG,0
facebook_corpus_msr_502572,What would happen to FTIL investors? Has he been prove guilty?,NAG,0
facebook_corpus_msr_1614030,GREAT,NAG,0
facebook_corpus_msr_332709,This is the only reason whole travelling from Pollachi to Coimbatore I take only govt. Bus. Pvt. Drivers are threat to two wheelers.,NAG,0
facebook_corpus_msr_323741,Her designer must have some serious convincing skills to make her wear something so outlandish😀😀😀😀,NAG,0
facebook_corpus_msr_395157,"💢 Bot User 💢 Haris Rajput 💢

 ♥PYTHON♥BOT♥TEAM♥

♪----» TAYYAB.GA «----♪

♥♡o. BOT OWNER 💢 TAYYAB KHAN 💢",NAG,0
facebook_corpus_msr_429312,Jio has changed the way we Google. Thanx to jio,NAG,0
facebook_corpus_msr_457167,"take care sonia, you are not looking well
please do the needful....",NAG,0
facebook_corpus_msr_421978,"All that is fine, but as PM what did he do? 
1. Travel foreign
2. Do election campaign/rally (remember almost 2 dozen ministers were in UP, were they elected for this)
3. Implement UPA schemes which he shamelessly opposed earlier
Can anyone talk about it?
In UPA if some MP had criminal background there will be a big TRP debate in shameless media, now anyone dares to talk about Amit Shah
That explains why Indian media is 2nd corrupt in the world and India has moved down in corruption rating in 2016
God bless India if god exists",NAG,0
facebook_corpus_msr_436033,China is filling the vacuum that the Obama administration created: Sorrell,NAG,0
facebook_corpus_msr_439541,"Story of the sme going online is an eye opener , the eay internet technolgy is changing business is done...gr8t",NAG,0
facebook_corpus_msr_503534,"He had his time, he did what he can! We are a billion strong don't tell me we can't find a better one to take his place!!",NAG,0
facebook_corpus_msr_1805351,so he joined bjp,NAG,0
facebook_corpus_msr_394607,"Syed Wajid Ali Shah, you will not know its quite natural becoz u only know abt Kashmiri muslims. You don't know also about the Syrian muslims, the Baluch muslims, the Sind muslims and millions other muslims who are being killed by your own muslims either terrorists or by different tribal muslim fighter groups...",NAG,0
facebook_corpus_msr_507136,"mnrega -35 ,000 crore bananas are sanctioned by central , make sure all bananas reach .",NAG,0
facebook_corpus_msr_536266,"RBI tightens hedging rules for FIIs in currency market. More: http://bit.ly/1cs6uOo

Here’s one more measure by RBI to rescue the Rupee from the mess. Do you think this move will do wonders?",NAG,0
facebook_corpus_msr_507155,This Lady is not getting the notion of the manufacturing cost logically...,NAG,0
facebook_corpus_msr_1492991,Sunrisers fans control urself 128 ka score kkt aaram se jeet jati overs kam hue isliye toh bhi 8 rps ka runrate mila,NAG,0
facebook_corpus_msr_438050,"Gujarat only state in our country to promote vibrancy???  Don't matter fluency in english,  need fluency in policy",NAG,0
facebook_corpus_msr_536270,No.,NAG,0
facebook_corpus_msr_420340,Rajdeep-MONARCHY   ...you can stop me ...you cannot block me ....read my comment in  cnbc,NAG,0
facebook_corpus_msr_422884,Can American Natives work with the environment and pay as compare to their Indian or foreign counterpart?,NAG,0
facebook_corpus_msr_505711,"Sensex would indeed touch 22,000.

In our opinion we are on a brink of a global collapse there will be a cyclical recession in the time period of 2016-2018.

Global events that will exacerbate the recession:

- IMF's Foreign Reserve basket adds Chinese Yuan to its Forex basket reducing Euro's contribution to this basket by a considerable 7%+
- Euro will considerable depreciate 
- BREXIT - British Voters will actually vote for Britain to leave the EU
- US Elections and it's uncertainty.
- Crude Oil Glut
- China Debt-to-Equity conversion 
- Shemitah year of 2016

A Major global sell off should have happened on 2 October 2016 but as that is a Sunday on 3 October 2016, which is a Monday we will witness a global sell off and Global markets will correct in excess of 8%+ 

Targets in the range on 2016-2018
(All prices are in Rupees

Sensex: 18000-19000
Nifty: 6200-6400
Bank Nifty:8500-9000
ICICI bank: 110-120
SBI: 95-105

Google ""Shemitah Year 2016"" we are headed for the biggest blobal recession yet.
You have the opportunities to either become rich or become poor. 

Sit on cash don't buy anything right now.
Until, we reach the above Targets, you should sit on cash.

Welcome to Shemitah Year 2016.
Either you become rich or you become extremely poor the choice is yours the market has already dropped so much from 2014 that all gains have been wiped out and now we are in negative.",NAG,0
facebook_corpus_msr_451389,this is the position of law and order in kalkatta,NAG,0
facebook_corpus_msr_1876662,Beautiful rhythmic Odissi dance. Love it.,NAG,0
facebook_corpus_msr_492702,Sure y not but dey should atlesat get a decent placement first.,NAG,0
facebook_corpus_msr_404533,"Cow in Hinduism:

Eating Beef (Cow Mata) allowed in Hinduism.
Rigveda (10/85/13) declares, “On the occasion of a girl’s marriage oxen and cows are slaughtered.” 
Rigveda (6/17/1) states that “Indra used to eat the meat of cow, calf, horse and buffalo.” 
Manusmriti (Chapter 5 / Verse 30) says, “It is not sinful to eat meat of eatable animals, for Brahma has created both the eaters and the eatables.”
Maharishi Yagyavalkya says in Shatpath Brahmin (3/1/2/21) that, “I eat beef because it is very soft and delicious.”
Apastamb Grihsutram (1/3/10) says, “The cow should be slaughtered on the arrival of a guest, on the occasion of ‘Shraddha’ of ancestors and on the occasion of a marriage.”
Vashistha Dharmasutra (11/34) writes, “If a Brahmin refuses to eat the meat offered to him on the occasion of ‘Shraddha’ or worship, he goes to hell.”",NAG,0
facebook_corpus_msr_1521947,Go ahead,NAG,0
facebook_corpus_msr_439762,If you do not wish do not pay. Govt should mind its own business.,NAG,0
facebook_corpus_msr_488648,Hmmmm I think Cnbctv18 celebrate 8700 put 1 to 137,NAG,0
facebook_corpus_msr_418964,"😂😁🤗 lady reporter :Mr. Naidu. Wat is ur growth.. 
Mr. NAIDU answer : wat I am saying is 
Dat is growth planning to 20 to 30%GDP.
next 20 years.. 
Wat a joke",NAG,0
facebook_corpus_msr_2410132,"“We are examining the evidence produced by the IOs to take a final decision,” Joint Secretary Chhedi Lal Gupta, who heads the committee, told The Indian Express.",NAG,0
facebook_corpus_msr_461560,"Sad demise of jayalalitha..she reigned tamilnadu.woman power ,strength,lioness...may her soul rest in peace..long live tamilnadu..",NAG,0
facebook_corpus_msr_502699,S & p has big barrier at 2260 levels nifty has barrier at 8800,NAG,0
facebook_corpus_msr_1804836,The problem here is we Indians are sooo used to take side of a party first and then try and prove its all wrong deeds as right and ignore other's good deeds also... I feel we should not primarily take side of any party (may it be Cong / BJP / AAP or any other) and then judge them separately on each topic...,NAG,0
facebook_corpus_msr_1563558,"Isreal is God's nation, a nation that belongs to the Jews",NAG,0
facebook_corpus_msr_437781,Sneha Shriyan Neenu Kewlani got featured in CNBC Live @3:48,NAG,0
facebook_corpus_msr_1600608,Thats only u guyes can do.....keep singing !!,NAG,0
facebook_corpus_msr_326286,It's a cowardice act of Pakistan. Indian army must teach a lesson to Pakistan as early as possible without delay by adapting the retributive theory of punishment.,NAG,0
facebook_corpus_msr_461233,He is a time person of the year for Divided state of America,NAG,0
facebook_corpus_msr_2073047,It's real bro.....I know that TMC has done the tit for tat things before but this one is genuine,NAG,0
facebook_corpus_msr_1692573,News from Jansatta,NAG,0
facebook_corpus_msr_441448,Hi Soniya Will Sun Pharma and Aurobindo Pharma rise in coming days? /this fall continues like this only?,NAG,0
facebook_corpus_msr_412643,Is BANKNIFTY approaching overbought region? What can we expect from Axis Bank tomorrow?,NAG,0
facebook_corpus_msr_439534,Don't kill intermediate/brokers first make them engaged with make in India concept,NAG,0
facebook_corpus_msr_332271,"Long live respacted Tayyap Erdogan ...allah blessed u ..
Best leader of d world ...",NAG,0
facebook_corpus_msr_331190,"and worse than all this is the situation which they have made of j&k in last 3 years, they have worsen the situation of kashmir valley by multiple folds.",NAG,0
facebook_corpus_msr_334917,Really sad to hear this. One of the few respected gentlemen and eloquent speaker😟,NAG,0
facebook_corpus_msr_327883,Arshia Ilahi i think only pakistan get benefits from this conflicts,NAG,0
facebook_corpus_msr_443148,Disgusting to see how a corporate stoops to a level to use its might chair and power to fight a man .. sad,NAG,0
facebook_corpus_msr_417014,It's a Japanese concept of capsule hotel. Since the population of Tokyo is very high they invented this concept,NAG,0
facebook_corpus_msr_418374,HDFC Bank has surged a lot... Is there more juice here?,NAG,0
facebook_corpus_msr_1945614,why didn't bjp contest the election projecting him as the cm candidate?,NAG,0
facebook_corpus_msr_1972705,"Sources said the party high command has asked state UP president Raj Babbar, to submit his report on the reasons behind the loss.",NAG,0
facebook_corpus_msr_417024,you get a 3* for 900RS and i am talking about branded 3* :),NAG,0
facebook_corpus_msr_1818408,I totally agree with Maneka Gandhi yesterday i was watching Discovery channel and this morning woke up as Scientist !!!,NAG,0
facebook_corpus_msr_1805307,S gu can follow view. Good 😊 best option by your brother now jogged o had o,NAG,0
facebook_corpus_msr_400281,"""Surgical Strike"" by Pakistan Army 2 indian soldier killed.

SnakeEagle Pakistan Defence Command",NAG,0
facebook_corpus_msr_1737084,"Introspection is more important . Course correction  is needed  .
Kejriwal is not a typical politician who needs politics for survival . He can openly admit his fault & beg pardon .",NAG,0
facebook_corpus_msr_1614080,Super movie,NAG,0
facebook_corpus_msr_2203257,"well as per national crime record per 100,000 people Kerala is number 1 in women sexual assault tally",NAG,0
facebook_corpus_msr_421466,"Expect to give projects for 15,000 kms by March end: Nitin Gadkari",NAG,0
facebook_corpus_msr_451812,RE Is old-school and high on maintenance and cost for and Indian company,NAG,0
facebook_corpus_msr_491986,Really Golden girl. We feel proud of you. Thank you.,NAG,0
facebook_corpus_msr_431325,Shut down every party and make India great  in the whole world,NAG,0
facebook_corpus_msr_1636782,Not surprising..they are from pakistan😂😂😂,NAG,0
facebook_corpus_msr_1493856,"kalbhoshan had 6 months to appeal, he was not going to b hanged immediately,  so stay is useless at this stage",NAG,0
facebook_corpus_msr_451888,No it's not. It's a high rev bike. In no way similar to Bullet. It might end up expanding the sector.,NAG,0
facebook_corpus_msr_491033,Anuj can never be Udyan. You are wrong. And Sonia is far far better than Latha. I don't want her to be Latha.,NAG,0
facebook_corpus_msr_507675,Unable to log into Netbanking mobile app on IOS. Only web browser logins are going through. NEFT transaction to account is getting blocked.   I recommend HDFC Bank account holders to be careful about their accounts or else shift to a better Bank. Probably US Republican and Shiv Sens are interfering with the Banking system that's why HDFC BSE listing is loosing money. #cbi #police,NAG,0
facebook_corpus_msr_470055,Hence they have written off bad loans. Kya baat hai.......Apne bank ko bolkar mera PL maaf karwa do. Badi kripa hogi.,NAG,0
facebook_corpus_msr_443485,Will 8000 be a strong support. Can shorting 8000 PE  makes sense.,NAG,0
facebook_corpus_msr_424170,"HOW CAN U CHARGE MORE THAN U GIVE, WHERE INTEREST ON SAVING AC IS LESS, UTTER FINANCIAL & ECONOMIC DISASTER..",NAG,0
facebook_corpus_msr_1985375,To big players world,NAG,0
facebook_corpus_msr_1563561,"Fortunately, our forefathers were not dumb enough to create a national language and religion.

Congrats for being centuries behind.",NAG,0
facebook_corpus_msr_461128,What a shame.he don't have any comment so said in front of media..wat receive via wats up,NAG,0
facebook_corpus_msr_1492990,"This is cld humanity
He'll gonna gv his all ipl10 earning 2 Indian army..hat's off 2 u ''GG""",NAG,0
facebook_corpus_msr_2041544,"Dipti Sharma Indian Express  compliments to your article. Neither Karan nor Kangana add to my life, but an article laying it out well is appreciated.",NAG,0
facebook_corpus_msr_2041638,I'm awesome,NAG,0
facebook_corpus_msr_463135,"shift this quote to the national museum -new delhi, we are living never accepts dead quote",NAG,0
facebook_corpus_msr_463121,"It takes guts to tell the truth in current situation, you are gutsy Latha. keep doing good work. kudos!",NAG,0
facebook_corpus_msr_436595,"Sonia mam plz tell abt Sintex , can it touch 95 ? thanks",NAG,0
facebook_corpus_msr_1525109,Only those who support terrorits!! Dont mix up,NAG,0
facebook_corpus_msr_472904,On what grounds would the RBI circulate Rs5000 and 10000 notes? What's the math behind the multiplier effect? Sounds very vague when you say that!!!,NAG,0
facebook_corpus_msr_397885,"BROTHER ..............IN A DEMOCRATIC SYSTEM  , CITIZENS CHOOSE THE GOVT. .................GOVT. WILL TAKE APPROPRIATE ACTION IN RIGHT TIME ................IF GOVT. WILL NOT GIVE BEFITTING REPLY TO THE ENEMIES , THE PEOPLE OF INDIA WILL CHANGE THE GOVT.  IN THE NEXT ELECTION ................THIS IS THE "" PEOPLE'S POWER "" IN A DEMOCRATIC SYSTEM .............AND , YOU WILL SEE THE RESULT OR CHANGE IN NEAR FUTURE ...................",NAG,0
facebook_corpus_msr_1775246,Yes,NAG,0
facebook_corpus_msr_483436,Who is the host?She just says something which is cluttered all over and does not make sense!,NAG,0
facebook_corpus_msr_436557,Can u plz suggest for Andhra Bank and Mahindra Life Space developers..I can hold long,NAG,0
facebook_corpus_msr_414312,BANKNIFTY TOMORROW ONCE BREAK 21668 THEN IT WILL BE IN SELL THERE AND MORE ON HIGHER SIDE NEAR 21800 STOPLOSS WILL BE 21980 AND TARGET WILL BE 21200-20800 and more,NAG,0
facebook_corpus_msr_413294,Only economic progress without security can be dangerous. You can threaten us for that good economy. We can develop attachments and kneel down. Security is important. Without that you won't let us stay cool.,NAG,0
facebook_corpus_msr_420679,"Hearty Congratulation Yogi Adityanath ji for the C.M.of U.P., Good luck..and wish u all the best  for the overall developments of U.P. with better law and order and better Standard of living of the people.. under the leadership of Hon'ble PM Mr. Modi..Jai Hind..",NAG,0
facebook_corpus_msr_502831,"Very scattered career...not central to finances. He seems more lika a ""Jack a of all trades"", whereas we require a specialist right now. His only influential accomplishment is Executive Director of IMF, rest is all garbage.",NAG,0
facebook_corpus_msr_2280090,Haha...too true,NAG,0
facebook_corpus_msr_422181,Big lead for BJP in Uttar Pradesh in early counting,NAG,0
facebook_corpus_msr_1614065,Like your post,NAG,0
facebook_corpus_msr_2203271,She seems honest...,NAG,0
facebook_corpus_msr_470286,Boldest move till date ... we are with you modiji,NAG,0
facebook_corpus_msr_331572,Akash Bhatnagar Preet Saini Saumesh Thakar Pratik Trivedi be tejassssss a tejassssss 😜,NAG,0
facebook_corpus_msr_424725,here we believe the function of man is to produce children.,NAG,0
facebook_corpus_msr_451898,Bajaj used to rule when none of the other manufactures were in the market....,NAG,0
facebook_corpus_msr_470838,Thanks Sonia and Anuj..Anuj I am a big fan of yours.. But I still think Federer is a better player than Nadal :),NAG,0
facebook_corpus_msr_472890,You have allowed Malya who owes 9000 corers to banks to go out of country.,NAG,0
facebook_corpus_msr_1487729,I am mi,NAG,0
facebook_corpus_msr_496735,Required a truck to transport my machines from Mundra port ṭo my factory...details posted on truckjee.com...lets c what they offer,NAG,0
facebook_corpus_msr_2280140,There u are...,NAG,0
facebook_corpus_msr_507152,"Sir please just don't copy paste without evaluating.   6 lakh order per second multiplied by 22,500 seconds = 13.5 billion orders. That is more the population of this entire planet. This is an absurd statistic.",NAG,0
facebook_corpus_msr_1957008,Nice pouse,NAG,0
facebook_corpus_msr_431278,Those who are dreaming of bjp to fall .will keep dreaming .....,NAG,0
facebook_corpus_msr_487594,Don't u think it's concerted effort to flush weak hands and there will be big flourish coming around dewali,NAG,0
facebook_corpus_msr_2111178,Consult Oxford Dictionary,NAG,0
facebook_corpus_msr_414529,"CNBC-TV18 well, that s d report part which we all know. Do u have any legitimate solution for buyers??",NAG,0
facebook_corpus_msr_408540,"""Dear healers, Damini needs your prayers and healing...! On my part, I have already done healing for Damini on 23-12-2012 [from 8.00 PM to 10.30 PM] and on 24-12-2012 [from 8.00 PM to 9.30 PM]...!""",NAG,0
facebook_corpus_msr_470204,If it is war to black money then why don't PM modi declare that who save money on abroad bank's as terrorist's money.,NAG,0
facebook_corpus_msr_495513,Finally india is giving importance to athletes....Kudos...an enlightenment to the upcoming athletes.All the best 2020.,NAG,0
facebook_corpus_msr_1805556,Yes he did,NAG,0
facebook_corpus_msr_421085,Pls view on Pharma sector like SUN PHARMA & LUPIN?,NAG,0
facebook_corpus_msr_411735,MCI SHOULD FOCUS TO MAKE SEATS IN MEDICINE AFFORDABLE FOR COMMON PEOPLE AND INCREASE NUMBER OF SEATS AND MEDICAL COLLEGES TO MAKE HEALTH CARE AFFORDABLE IN INDIA.,NAG,0
facebook_corpus_msr_1600588,it is just a matter of two or four days for indian politician and indian media. :p,NAG,0
facebook_corpus_msr_487828,what about     gvk  p&infra and      rolta india  for medium purpose,NAG,0
facebook_corpus_msr_326288,We feel all IPL tamasha should be withdrawn..no fun..let all get serious ...let us protest all hand in hand ..to the terrorists  shameful,NAG,0
facebook_corpus_msr_482249,"We wish you a year of prosperity, happiness and good health. Happy Diwali! :) :D",NAG,0
facebook_corpus_msr_422280,"Gail, Kotak mahindra bank & ITC. Very less Risk.three upcoming emerging sectors ..Disclosure Pls invest only after understanding risk profile.",NAG,0
facebook_corpus_msr_334273,But it is better than Donald Trump ..... who will catch the girl from Vag**a...If he found girl sexy,NAG,0
facebook_corpus_msr_327824,"If you introspect, then one question comes in mind...who is responsible for all these ? Pakistan or India.
For answer..one thing comes in mind...if a mad dog starts biting you on and on....what will you do..you will attack and kill the dog or you will slip away silently to a hospital to be treated and do away nothing with simply condemning. FOLKS...just think of Pakistan about their bravery for barbarism and our so called liberal Indian government for becoming a mere spectator and condemnation.",NAG,0
facebook_corpus_msr_2039520,madam pls help,NAG,0
facebook_corpus_msr_1906959,Look at people evrytime remembering kashmir and  west bengal to justify this kind of henious crime.,NAG,0
facebook_corpus_msr_495475,"Sad that despite doing something remarkable, Dipa doesn't get monetary reward simply because no medal came in.",NAG,0
facebook_corpus_msr_1818441,U r right  mam,NAG,0
facebook_corpus_msr_433140,I live in England but I want my country to United,NAG,0
facebook_corpus_msr_1737100,that's the difference between aap and rss .,NAG,0
facebook_corpus_msr_461365,You guys really need to make sure that ppl behind you are aware that they are online :),NAG,0
facebook_corpus_msr_412314,"Every IT company has a client profile unique to itself. If Infy and TCS were treated as market leaders to even WIPRO then it was and is wrong. INFY and TCS need not and should not rally with WIPRO rally. Market reaction will be company specific in a matured market. There's no fooling thru market or cheer leaders,,",NAG,0
facebook_corpus_msr_413892,good to c tv18 channel management comin on tv and explaining there view .....hope they turn around the company from loss making to profit making ......,NAG,0
facebook_corpus_msr_451781,Somewhat Similar to opening ceremony of Gotthard base tunnel in June,NAG,0
facebook_corpus_msr_407036,"He is trying to become famous by giving a controversial statement, ignore him , don't make him famous by sharing ...lol",NAG,0
facebook_corpus_msr_2203237,"Shubhi Rathore is a BA first year student at Agra’s Baikunthi Devi Girls College, situated barely a kilometre from a Mahila Thana (women’s police station).",NAG,0
facebook_corpus_msr_1805673,Yes. .,NAG,0
facebook_corpus_msr_327871,Said Arain india has more toilet than all of pakistan people and when it comes to clean and development I guess India has more of it :),NAG,0
facebook_corpus_msr_425897,Public investment has not picked up to its actual capacity: CEA,NAG,0
facebook_corpus_msr_399587,Pakistani forces has done cowardice act.Indian forces will give strong reply to dirty pak tricks of provocation.,NAG,0
facebook_corpus_msr_432918,Good things does not want to realise by the rude kings...,NAG,0
facebook_corpus_msr_431165,Pradhanmantri Loksabha me kyaun bolate nahi ye kkahanewalonki puri bolalti bandh kar di. Virodhiyonko sirf awaz karana pada.,NAG,0
facebook_corpus_msr_430201,I love Nikesh shah speaking...his pearls of wisdom are worth listening to.,NAG,0
facebook_corpus_msr_329934,It seems that North Korea is still looks more confident of it's intentions than it's mighty rival US.,NAG,0
facebook_corpus_msr_2039496,The only minister of bjp who really do job.hats off madam.btw how the hell she ended up at loser side really?with this excellent quality she could serve even better if she join AAP really.,NAG,0
facebook_corpus_msr_411727,What do u mean by business? Boss first try to understand  the concept of generic and branded then only pass some comment on doctors business,NAG,0
facebook_corpus_msr_1874542,Antonio Conte's Chelsea side face Crystal Palace sitting ten points clear with ten games remaining,NAG,0
facebook_corpus_msr_490225,Is icici bank a public sector or private sector??.why is it not performing???,NAG,0
facebook_corpus_msr_438549,"The numbers just announced by honourable Finance Minister are on expected line. But the real phase has just begun from this current month. The sustainability is directly linked with the Credit Growth in MSME, IT & Agriculture sectors & all just mentioned three sectors are infused in each other in any ELECTRONIC ECONOMY. It is now remain to be seen how much Banking Industry & Govornment can give in TIER 2 & TIER 3 & TIER 4 cities/towns by massively simplifying MSME, COMPANY & CREDIT LAWS in next 6 months. Next 6 months are the real test for GoI & all state govornments irrespective of party affiliations ✔",NAG,0
facebook_corpus_msr_430424,All the Best ........ You have made the country proved .....,NAG,0
facebook_corpus_msr_2071359,Unbelievable!,NAG,0
facebook_corpus_msr_233587,"What is this ?????Why does not  A to Z strong step,Pray to our country we should be lease to our country to Israel is the best country of the World, don't damage Politics,they should be permanent sulation end this",NAG,0
facebook_corpus_msr_470182,"If it is not addressed in less time 
There will be a huge impact on economy",NAG,0
facebook_corpus_msr_464492,'Demonetisation will lead to a fall in States' tax collections',NAG,0
facebook_corpus_msr_415540,"😵 Sugar?💃 No🐺 thanks,👵 i😱 am🌱 already😁 sweet..👃 

🎭 GANGSTER BOT TEAM 🎭
Self Comment Site: pythons.ml",NAG,0
facebook_corpus_msr_470183,Sonam Gupta bewafa hey kyo ki uske pass sab politicians ka Black money hey,NAG,0
facebook_corpus_msr_1737011,"Dear Indian Express,

Really disgusting title...Please watch it repeat and repeat...until u understand...this is like ""रातभर रामायण सुना, सुबह पुछा राम सिता का कौन???""

And ur Answer -""बेटा""",NAG,0
facebook_corpus_msr_2111204,Killing Gandhiji is it correct?,NAG,0
facebook_corpus_msr_435109,Lic housing 2lot @536 and l&t 2 lots @ 1447..should I hold ??,NAG,0
facebook_corpus_msr_2041598,So?,NAG,0
facebook_corpus_msr_415640,I have 500 Inox leisure @ 255.. sell or hold,NAG,0
facebook_corpus_msr_423029,"what this tech wants ...dance in a bar , have some drink , go in a second car in the roads of u.s , buy a flat in u.s ....settle in u.s

buy few appartments in metrocities of india ..leave them for rental at high cost  for fellow indian ......",NAG,0
facebook_corpus_msr_415069,BANKNIFTY FUTURE TOOKS A TRIGGER POINT AT 21815 IF NOT BREAK THEN YOU CAN HOLD SELL POSITION FOR DOWNSIDE TARGET 21350-21100 minimum and Once break above said level then will be in Buy,NAG,0
facebook_corpus_msr_425606,..it is the continous effort and support  of the millions of  good heart  --real people behind the scene,NAG,0
facebook_corpus_msr_1775200,Chethan Noronha Sir hope he will read above link news☺,NAG,0
facebook_corpus_msr_442954,"Rajesh Thakur, Britain axed their own feet. India didn't do anything significant to bring about the difference. We are still a third world nation lead by an egoist.",NAG,0
facebook_corpus_msr_1493906,Good work by Mr. Harish Salve. Salutations to him.,NAG,0
facebook_corpus_msr_403517,add cloz                           list clear                poke must,NAG,0
facebook_corpus_msr_417304,The process for ramping down BS3 stock was underway: Pawan Goenka,NAG,0
facebook_corpus_msr_431314,"Muhammad thank ur stars u born in India and u can criticize openly
Try doing it in Pakistan they will cut your",NAG,0
facebook_corpus_msr_461227,"They were forcefully Made to select Trump as a person of the year.
Else the Magazine House will suffer a Bad TIME.",NAG,0
facebook_corpus_msr_420280,Manisha Gupta You can do it better than Gem and Jewellery Sectors with Media Power. UID will serve more than one purposes. Direct purpose being perfect purity for buyers. Indirect being curbing black transaction in Jewellery Sectors. Stock can be verified with UID stock marked minus  sells and Balance in stock. Please please work for it.,NAG,0
facebook_corpus_msr_431230,Why all muslims are speaking against modi in this video??? Mohd sufiyan ashraf all muslims... so sad man,NAG,0
facebook_corpus_msr_471235,egg or chicken -finally the product  is from poultry...,NAG,0
facebook_corpus_msr_451852,As per the schedule after her the other singers on stage will perform and then the launch will happen,NAG,0
facebook_corpus_msr_1716150,"Sumit Yadav people like you too will get your turn, just wait & watch😇",NAG,0
facebook_corpus_msr_414513,Let us remember what Churchill said   Opportunities in difficulty.,NAG,0
facebook_corpus_msr_332719,Two Drivers are suspended. It is very great of our proud officials' taken immediate steps.,NAG,0
facebook_corpus_msr_2115226,No pers comments,NAG,0
facebook_corpus_msr_414526,tge quwstion is how do tgese companies manage to get under so much of debt. I heard gaurs  daughter had done some bungling of funds. but even if they siphoned off 70% of funds of wish town still that would be only around 7500 cr. how did they manage a debt  of 60000 cr,NAG,0
facebook_corpus_msr_2111416,India's Karl Marks ?,NAG,0
facebook_corpus_msr_496077,Abhishek Bubu Swain Try to take up from him sooner Debasis Bal you cooperate for Abhi 😝😝😂😂,NAG,0
facebook_corpus_msr_414427,Yes it's good news for the banking sector &all other,NAG,0
facebook_corpus_msr_437749,Hi SIR TELL ME ABOUT MARUTHI? CAN WE EXPECT SOME CORRECTION???.,NAG,0
facebook_corpus_msr_457840,Sorry what i am mentioning about this context. My worry as a customer of Axis bank what really happening in this bank officials are involved in too many money laundering and fraud way helping the black money converted to white. What control you have inside the bank. Do you not have any control in the city or branch level.  I dont understand why you are not come publicly and give cofidence to customer. we are worried to keep funds with your bank.,NAG,0
facebook_corpus_msr_434669,"anyways he is not in india so are the above steps effective enough, wat are the steps SEBI have taken to make sure he does not participate via any in-direct route",NAG,0
facebook_corpus_msr_2041610,"Wow, a very well written engaging article",NAG,0
facebook_corpus_msr_1751489,Scientists have developed a new 3D-printing technique that can be used to create everything with dust from the Moon or Mars.,NAG,0
facebook_corpus_msr_419129,Nara ChandraBabu Naidu Garu best Cm in India great leader,NAG,0
facebook_corpus_msr_421101,I HAVE 4 LOT SHORT SELL IN ULTRATEC CEMNT 4000 RATE WHAT SHOUD I DO PLZZZZZZZZZZZZZZZZZZZZZZZZZZZZZZZZZZZZZZZZZZZZZZZZZZZZZZZZZZZZZZZ,NAG,0
facebook_corpus_msr_461578,RIP to a brave and strong woman who braved and stood tall against all odds.,NAG,0
facebook_corpus_msr_426207,Need to negotiate with Defence Min to get more space for civilian routes: Ajay Singh,NAG,0
facebook_corpus_msr_439179,Truly inspired. Great hope for the non engineers too. Thank u Sunder and wishing you and your team huge success on your future ventures. Great start for this New Year. :),NAG,0
facebook_corpus_msr_490982,Best news channel as compared to ETNOW keep tge good work on and help investors gain more👍👍,NAG,0
facebook_corpus_msr_2159075,Then that is also a kind of bribe.,NAG,0
facebook_corpus_msr_426231,Congestion at airports a big hurdle for aviation sector in India: Kapil Kaul,NAG,0
facebook_corpus_msr_503259,INTOI ARNAB GOSWAMI IS ACTING LIKE A STOOGE & PRETENDING TO BE STREET SMART SADVERY SHAME FUL,NAG,0
facebook_corpus_msr_431318,I am not modi family parson but I was see villages and city developments so I am support,NAG,0
facebook_corpus_msr_470952,UP CM said that black money helps in times of  recessionary pressure. Do you guys agree? I feel it's absolutely incorrect.,NAG,0
facebook_corpus_msr_414403,Y are all the news channels sounding like he will be thrashed n kicked 😂 kind off...he was the king of good times he will remain the same...banks were dumb they lent him... he I'll give back half of it and get a clean chit I feel.... where are those recovery agents and gundas which many banks have who end up breaking some ones leg for a mere 1lakh 2lakh loan... any one gutsy enough to make him pay full 9000cr ?,NAG,0
facebook_corpus_msr_415141,"As you told most of the NRI does not have Aadhar no,  now what they should do",NAG,0
facebook_corpus_msr_437766,Do u see all bank would report good earnings like IndusInd,NAG,0
facebook_corpus_msr_331571,"Bot On Fire 💙 Powered By 💙 Md Adnan 💙 

Self Site <3 Faxt.tk <3
Site By 💚 Usama Ahmad 💚",NAG,0
facebook_corpus_msr_480241,"Alex, I can't help you there.Only you can control your imagination cnbc tv 18 above news falls in B.C OR A.D...watch home alone part 3",NAG,0
facebook_corpus_msr_487650,whether Q2 expected to be good for bank stocks Q2 result start from South indian bank tomorrow,NAG,0
facebook_corpus_msr_430205,"Hai man may i know more about nse upcoming ipo, and can I subscribe , looking ahead on nse ipo,",NAG,0
facebook_corpus_msr_488090,"Don't u think, exactly this is the situation now, where everyone is bullish on nifty, 9k on cards, no1 thinks correction coming, certain bullishness ..... Isn't this the scene we should fear now...... Is this the time ? 😜",NAG,0
facebook_corpus_msr_442677,Govt has to lay out a clear path for growth pick-up: Sanjay Nayar,NAG,0
facebook_corpus_msr_495414,"Aakash Sinha aiff stands for football , why are they rewarding badminton , wrestling Olympians ?",NAG,0
facebook_corpus_msr_1589694,How the Aam Aadmi Party picture changed from 2014 to 2015 and 2016. A status check on the unhappy leaders,NAG,0
facebook_corpus_msr_483362,They won't see the career of employees they just see their benefits,NAG,0
facebook_corpus_msr_1805545,They want to increase trust fund account.,NAG,0
facebook_corpus_msr_443486,is it the good time to buy JSW steels share ? short term basis,NAG,0
facebook_corpus_msr_431167,"Real good one, sir please keep it like that , keep doing the right thing that whichever is better for our mother land.👏👏👏👏👏👌👌👌👌👌🙏🙏🙏🙏🙏",NAG,0
facebook_corpus_msr_332751,"And the bus drivers be like - ""Ride or die homie"" 😛",NAG,0
facebook_corpus_msr_326369,Don't  do politics we want not adequate  action not debate.,NAG,0
facebook_corpus_msr_1614021,Astonishing movie,NAG,0
facebook_corpus_msr_1956914,TRUE,NAG,0
facebook_corpus_msr_506127,"science of governing or craft of governing needed in all states, all level  -irrespective of party  ..issue based politics is what happens in all state -siberian crane news",NAG,0
facebook_corpus_msr_505756,"Very true Bachanu Yadav sir, our aim is to help bring in more awareness...:)",NAG,0
facebook_corpus_msr_480746,Sonia i am very very big fan of u please tell me the dr.reddy target should i hold for long term,NAG,0
facebook_corpus_msr_429403,"MAKES SENSE xD
Maybe he took one flight in each aircraft",NAG,0
facebook_corpus_msr_1521667,"I dont understand wats the problem with you guys hindus nd bjp walas....if u guys dont eat beef ok fine let us eat...
.we r not forcing  u to eat or stop eating  meat .......",NAG,0
facebook_corpus_msr_439184,Joined Google after graduation and in just 10 Years .. leading google as CEO.. Hats off to you Sir..,NAG,0
facebook_corpus_msr_431338,"from 1947 congress looted whole welth of india..

from last 3years my sir narendra modi playing a role of p.m.  he is also a human 
for that human,  just imagin how much years need to do all those repairs...which got corroupted from 1947.

do demolish 1building we need 1 day..

to construct 1 building we need atleast 6months..

so please try to understand my dear friends...",NAG,0
facebook_corpus_msr_1805185,He should start protest at Jantar mantar Delhi against his so called shishya Kejriwal.,NAG,0
facebook_corpus_msr_443308,I think its time to move on bro.. TATA was doing well under Mr. Ratan Tata.. what you are doing now is destruction of the TATA brand which is completely contradictory to your statement of trying to save the company...,NAG,0
facebook_corpus_msr_425643,Same man gave u 15 years of power when he tries to send u home u start to bark as after this age too people don't loose freed for power.,NAG,0
facebook_corpus_msr_483847,"i am not from m.p
Aftr that i am happy , that they going investment in m.p",NAG,0
facebook_corpus_msr_382109,"👱 Bot😫 Powered🐧 By👶 Rbn😄 Ramgarhia

🏨 See My Bot Speed  😽 ABP News♥ Ana Usama Bot ♥
🏢 Monday : 1 - May - 2017
🏨  Like Back♥ ABP News
🏥 comment Late  29 minute :D 48 Sec :v 
 🏪 Auto Comment By   Rbn Ramgarhia
 🏯 ❌ SITE: UnlimitedBot.Cf ❌",NAG,0
facebook_corpus_msr_1737039,Thank u Mr Kumar today i felt some one is there is express the feelings  and truth in public place otherwise in last 7 years we have seen person  just  mislead only,NAG,0
facebook_corpus_msr_507672,"Worst BANK... and all customer care executive including Customer Service Manager (Chairman & MD Cell) MR. RAVI M. are extremely ignorant and they are dealing customers as if they are running a grocery shop.

Just imagine.. 16th of March I received mail from him sayingDear Mr. Customer,

We acknowledge receipt of your below e-mail received at the office of the Senior Management.

The reference number for this interaction is APW-0316-862-BG. We have noted your concerns and we shall reply with the status within 4 working days.

Should you have any further concerns on the same issue, kindly write back to us using this same email ID and reference number.

We appreciate your cooperation and patience in the interim.

Warm Regards,
Ravi M.
Customer Service Manager (Chairman & MD Cell)
Regd. Office : HDFC Bank Ltd., HDFC Bank House, Senapati Bapat Marg, Low

 And till date he has not replied even after 2 reminders... even deputy manager at chennai division
Nagarajan Narayanan
Jebasundersingh Devasahayam
Ravichandran Vaidhyanathan all had replied to mails like blinds.... I am asking for a reason of delay and all these ignorant customer care officers replied , ""you card was delivered."" Completely out of context of the mail that was sent to them . No accountability this BANK has. Obviously that cannot be expected if Mr. RAVI M. (Service Manager of Chairman Cell ) is sleeping and has not lived upto his committments in last 2 months (almost).

WORST BANK AND CUSTOMER SERVICE...!!!!!!!",NAG,0
facebook_corpus_msr_1521930,Cool..,NAG,0
facebook_corpus_msr_417507,poonam when you are going to become 80 years .........may be 2060 ? .....so just enjoy life,NAG,0
facebook_corpus_msr_420661,"I think you guys are reacting hastily.  He is winning continuously from  Gorakhpur since 1998. Even when BJP was not strong he never lost an election. That means he has done some work. And just becuase the media channels have projected him as divisive politician, I doesn't mean he will be bad CM.",NAG,0
facebook_corpus_msr_483443,Ratan Sir.....thank you so much....we are overwhelmed.....was a useless fellow,NAG,0
facebook_corpus_msr_1679258,"The Indian Express tracks a food packet, from the kitchen to the berth.",NAG,0
facebook_corpus_msr_325410,"So India is trying to say that Pakistan did a surgical strike and went back safely.

I smell some foul into it. India has a huge presence of army at the border. How come Pakistani army did surgical strike n Indian army had no knowledge of it. How Pakistani went back safely. 

It all happened at a time when Turkish President was advocating talks on Kashmir.... 

To me India has killed its own army personnel to blame Pakistan and prove Turkish president advocacy wrong. We have seen it in past as well especially at the time when Indian army massacred a Sikh village of Kashmir and blamed Pakistan for it. All this was done to get sympathy from US president Bill Clinton who came to advocate talks on Kashmir...!",NAG,0
facebook_corpus_msr_399701,please reply the creaction  will not be alone . 2 for 20 .,NAG,0
facebook_corpus_msr_439643,"Hi Paytm,

I would like to start with first line (Paytm is worst App and not Recommended to anyone )

I done a transaction of INR 10,000/- on Jan 3rd 2017 and its been more than 15 days but i couldn't get the money in my account .Moreover i am trying to reach paytm people to get the resolution of it but unfortunate they are busy with cheating other customer's.

My register no 9582790322 and email id mukeshpal72@gmail.com

yesterday i post same complaint on Facebook too but no reply till date,i got  only one reply kindly share your register email id and phone number which is already there in my complaint i guess they don't want to  read it properly.

A frustrated and cheated customer 
Mukesh Pal
9582790322",NAG,0
facebook_corpus_msr_451796,they should rather invest on R&D than on this event.,NAG,0
facebook_corpus_msr_425670,"What about the BlackBerry??
They gonna release much awaiting mercury tomorrow at MWC in Barcelona Spain",NAG,0
facebook_corpus_msr_1956898,#ExpressOpinion | The elevation of Yogi Adityanath as chief minister of Uttar Pradesh is an odious and ominous development.,NAG,0
facebook_corpus_msr_2111351,Who is pintar vijayan,NAG,0
facebook_corpus_msr_323679,"Dude, it's just the dress. Style is a universal language, there are people who can criticise or praise it, that doesn't mean they're trying to be better. I would underatand if they're talking about her profession but it's not. By your logic, it seems one has to clear the IAS exam or win an olympic medal to criticise celebs. They are celebrity and it's their job to be in front of the cam, social media nd everywhere, it's their job to be a sensation or butt of joke",NAG,0
facebook_corpus_msr_438214,What are the prospects for Rolta from a long term view?,NAG,0
facebook_corpus_msr_480813,is it the same situation as we had on brexit day?,NAG,0
facebook_corpus_msr_1521837,"And yet hindus of kerala, west bengal, north east india are avid meat eaters, the dalits and the tribal groups of india do consume  huge quantity of beef.
Why drag islam in everything, aren't the dalits,tribals,christians,jews, hindus of some region eating beef?",NAG,0
facebook_corpus_msr_327021,@hanif. Please make better use of the Rs/- 500 you get from Pakistan. Fund this guy's ☝ English Language coaching classes. 😂 😂 😂,NAG,0
facebook_corpus_msr_436606,"I have m&m buying cost 1225 , what to do",NAG,0
facebook_corpus_msr_420680,That's a biggest joke they should have gone with someone better and sensible person.....,NAG,0
facebook_corpus_msr_465499,"Nice analysis and what I like is ""your optimism and point that if my customer has not loose any money, he will be coming back"". I also liked that you were saying there is no much impact on seeds buying for Rabi and rural economy will be gud but these media people under the compulsion of showing some headlines always ask questions repetitively till they get answers the way they want it. In media no body will look at their channel if they don't make big headlines and keep discussing this event for months.
In Summary good analysis !! all the best !!",NAG,0
facebook_corpus_msr_2251568,so sad,NAG,0
facebook_corpus_msr_439180,"Sir, You are soo inspirational for our students.... I am proud do be an INDIAN. 🙏",NAG,0
facebook_corpus_msr_420667,He is Rajput  DNA  👍    just wait and see bro . He know  how to handle  state.  💜,NAG,0
facebook_corpus_msr_433165,Demonitisation is historicand is a ?best oppurtunity to take thecountry tofuture or to the botom  its great oppurtunity historical,NAG,0
facebook_corpus_msr_1805049,I have been reading this comments ..& it is one sided ....some think fishy is hear.......all comments r against Anna Hajare......,NAG,0
facebook_corpus_msr_484294,You should target tier 2 & 3 cities in India,NAG,0
facebook_corpus_msr_482919,Prefer pics in pharma in large cap dr reddy or cipla or sun pharma or lupin for long term?,NAG,0
facebook_corpus_msr_2185142,People Not Obligated To Stand Up When National Anthem Played In Movie Clarifies Supreme Court,NAG,0
facebook_corpus_msr_421051,"time for luxury ......relay the program in luxury time .....

is that sushma swaraj is the right candidate for president ....? 

what about her fitness ...under gone kidney transplantation ....sir give some rest for sushma ji",NAG,0
facebook_corpus_msr_1487739,Mumbai Indians all the way!,NAG,0
facebook_corpus_msr_425134,"Gaurang Sir, I would like to go for portfolio management with you..! Can you please help me out with this",NAG,0
facebook_corpus_msr_419386,There are many companies are performing well and we can close our eyes and invest on. So its not good to point one,NAG,0
facebook_corpus_msr_482411,Thank you and wishing the same to CNBC TV18 and viewers,NAG,0
facebook_corpus_msr_490305,Many multibagger  of the past have stopped moving like skipper sfcl Laopala. What should one do ?,NAG,0
facebook_corpus_msr_2280113,This news is true,NAG,0
facebook_corpus_msr_2041619,Please,NAG,0
facebook_corpus_msr_2082946,People really are jobless,NAG,0
facebook_corpus_msr_404447,He may become Sports Minister or if Modites remain in power may be after 2 decades he may also become President of India,NAG,0
facebook_corpus_msr_1521660,Rahim Rahim you make it sound as if pork is divine in your culture and that is why you abstain from eating it. Infact Beef and pork are not eaten by Hindus and muslims respectively for totally different reasons.,NAG,0
facebook_corpus_msr_332725,Drivers of Bus should understand they are putiting their n passangers life in Danger ...?????,NAG,0
facebook_corpus_msr_1805142,But may be You can start own party to attract all good members of AAP,NAG,0
facebook_corpus_msr_429315,Jio Till june end are april and tell me plz iam confused,NAG,0
facebook_corpus_msr_1805702,Funny Guy,NAG,0
facebook_corpus_msr_1990155,Here are the top stories this morning,NAG,0
facebook_corpus_msr_2280097,Hahaha...Ignorance is bliss...Good day,NAG,0
facebook_corpus_msr_437724,"Hi Anuj, jet airways dropped to 52 week low and bouncing back. whats ur view. is the momentum is strong bull run",NAG,0
facebook_corpus_msr_362807,These Vodafone . airtel . idea .. Should get a lesson should be banned immediately .. For fooling people's since many years .. Thanks to jio who came and saved the common public,NAG,0
facebook_corpus_msr_325924,"The bjp should  change its way of ruling as soon as possible. 
This is the only factor for these surgical strikes.",NAG,0
facebook_corpus_msr_461579,Rest in peace. Salute to a brave hero of the Tamil.,NAG,0
facebook_corpus_msr_491619,"Mr. Reddy, please sometimes think of your shareholders also. We invest hard earned money.",NAG,0
facebook_corpus_msr_480075,"*Trump's first day at the Oval Office after being elected President.*

First briefing by the CIA, Pentagon, FBI:

Trump: We must destroy ISIS immediately. No delays.

CIA: We cannot do that, sir. We created them along with Turkey, Saudi, Qatar and others.

Trump: The Democrats created them.

CIA: We created ISIS, sir. You need them or else you would lose funding from the natural gas lobby.

Trump: Stop funding Pakistan. Let India deal with them.

CIA: We can't do that.

Trump: Why is that?

CIA: India will cut Balochistan out of Pak.

Trump: I don't care.

CIA: India will have peace in Kashmir. They will stop buying our weapons. They will become a superpower. We have to fund Pakistan to keep India busy in Kashmir.

Trump: But you have to destroy the Taliban.

CIA: Sir, we can't do that. We created the Taliban to keep Russia in check during the 80s. Now they are keeping Pakistan busy and away from their nukes.

Trump: We have to destroy terror sponsoring regimes in the Middle East. Let us start with the Saudis.

Pentagon: Sir, we can't do that. We created those regimes because we wanted their oil. We can't have democracy there, otherwise their people will get that oil - and we cannot let their people own it.

Trump: Then, let us invade Iran.

Pentagon: We cannot do that either, sir.

Trump: Why not?

CIA: We are talking to them, sir.

Trump: What? Why?

CIA: We want our Stealth Drones back. If we attack them, Russia will obliterate us as they did to our buddy ISIS in Syria. Besides we need Iran to keep Israel in check.

Trump: Then let us invade Iraq again.

CIA: Sir, our friends (ISIS) are already occupying 1/3rd of Iraq.

Trump: Why not the whole of Iraq?

CIA: We need the Shi'ite govt of Iraq to keep ISIS in check.

Trump: I am banning Muslims from entering US.

FBI: We can't do that.

Trump: Why not?

FBI: Then our own population will become fearless.

Trump: I am deporting all illegal immigrants to south of the border.

Border patrol: You can't do that, sir.

Trump: Why not?

Border patrol: If they're gone, who will build the wall?

Trump: I am banning H1B visas.

USCIS: You cannot do that.

Trump: Why?

Chief of Staff: If you do so, we'll have to outsource White House operations to Bangalore. Which is in India.

Trump (sweating profusely by now): What the hell should I do as President???

CIA: Enjoy the White House, sir! We will take care of the rest!
😂😂",NAG,0
facebook_corpus_msr_327896,India need to give a strong message to Pakistan by army....,NAG,0
facebook_corpus_msr_1805223,"Yes he is right
If he would have joined arvind could hv done anything",NAG,0
facebook_corpus_msr_334893,After vailed attempt to be re-elected.. he is compelled to make such statement.. no takers,NAG,0
facebook_corpus_msr_482923,How do you See future prospects of fmcg sector? Will rural economy be the major force going forward..?,NAG,0
facebook_corpus_msr_472831,"Dear all Zone Master Franchisee Investment 5,00,000/-rs. agreement term 10years. Guarantee Returns 20,00,000/-rs. Interested Parties may cal us. +919738406045",NAG,0
facebook_corpus_msr_412315,Watever wipro is doing but the behaviour over there is very bad,NAG,0
facebook_corpus_msr_491032,Anuj you are next udayan and soniya next lata.. good work guys,NAG,0
facebook_corpus_msr_426299,Jio has added an avergae of 7 customers/per sec in 170 days: Mukesh Ambani,NAG,0
facebook_corpus_msr_464498,'I expect it will take the Govt 6 months to remonetise the economy',NAG,0
facebook_corpus_msr_455842,Could have been better way to showcase the bike.  But bike looks promising.,NAG,0
facebook_corpus_msr_506920,e-transactions are liable to charge!! Should it not be the other way - so much manpower fuel etc is saved for the system!!,NAG,0
facebook_corpus_msr_319244,Useless picture,NAG,0
facebook_corpus_msr_410684,"VISIT AND LIKE THE PAGE ""LOVE INDIAN CULTURE""

PROUD TO BE AN INDIAN........

https://www.facebook.com/pages/Love-Indian-Culture/334445609912554",NAG,0
facebook_corpus_msr_1674440,Win 50%   50%two side,NAG,0
facebook_corpus_msr_483041,If interest rate going down then what is effect on bank earning pls brief,NAG,0
facebook_corpus_msr_2209598,News From Jansatta,NAG,0
facebook_corpus_msr_334830,Services of this should be extended to other major cities too...the success of this would change the face of Indian railway...!,NAG,0
facebook_corpus_msr_331230,In Assam ( including Cachhar ) and Dooars cattle thieves are very active for long time and they are called ' goru chor ' ( cow lifters ) . It's not new thing to beat up these cattle thieves severely without handing them over to police . It's not case of cow vigilante and usual practice throughout Assam and north Bengal . Cattle lifters sell these cows mainly to Bangladeshis .,NAG,0
facebook_corpus_msr_488246,"why no loans and help, from, idbi, banks, icici banks n indian banks.?of tiruvannamalai, branch, to myself.? super trade n news.",NAG,0
facebook_corpus_msr_415065,Crazyvaal will come up with another allegation that EC tampered the displayed evms such that you cant hack them,NAG,0
facebook_corpus_msr_473594,Exce decision. All political parties those who are going against this and making hu and cry they should be closely monitored and they should be taken to task,NAG,0
facebook_corpus_msr_498055,Gm... can i send query related to suzlon and nalco having target of 24.50 & 60.02 respectively..i need to know this year they will touch this target??,NAG,0
facebook_corpus_msr_1614015,Its time to compare talented anushka shetty and  @##$%    Anushka sharma....,NAG,0
facebook_corpus_msr_323755,Agree then represent India in a beautiful saree... the she is representing India.hav u ever thot why our Indian actress imitate westerners nd sumtimes don't even fit there,NAG,0
facebook_corpus_msr_473599,whatever modi did he did right....... MODI Proud by Indian...:) :) :),NAG,0
facebook_corpus_msr_400187,"In other words, Indian Army is saying Pakistani soldiers went across the LoC into Indian side, Mutilated the bodies of two Indian soldiers and came back while no one on the Indian side dared them engage. 
#surgicalstrike 😅",NAG,0
facebook_corpus_msr_472993,They should just give them away to poor instead of burning it... !!!  😡😠,NAG,0
facebook_corpus_msr_491001,Some light on real estate ? Why no action there...only sector that has not moved,NAG,0
facebook_corpus_msr_451601,What will happen to breweries stock like UBL because of Supreme Court ban???,CAG,1
facebook_corpus_msr_1722905,He mentioned the only community who do so..,CAG,1
facebook_corpus_msr_2081687,"News is fine, but whatever has happened to your proof-reading competency, Indian Express? The grammar and English are simply horrible!",CAG,1
facebook_corpus_msr_2117663,What is indian govt going to do with the hate and communal ppl around.,CAG,1
facebook_corpus_msr_445614,50 days is over modi sir do something for money problem,CAG,1
facebook_corpus_msr_1979919,wow! absolutely perfect. my only concern-in some offices that are mostly male- there won't be any shaming. they will be entirely shameless.,CAG,1
facebook_corpus_msr_1775213,"If #Congress Wins its bcos of money,  If #BJP wins ist bcos of Tampered EVM.

Basically, #Congress doesn't trust technology, whereas #BJP doesn't trust our own people!",CAG,1
facebook_corpus_msr_334274,Vipul Chauhan my friend if you don't know about Donald Trump it's not your mistake bcz paid Indian media is showing only they want.  But let me tell you He didn't killed people in the name of religion. And he is only doing what he said before election. He is not diverting people's mind in name of Gaoraksha and ram mandir.,CAG,1
facebook_corpus_msr_2041560,"A good article n very apt...
Mr Karan Johar's late reaction to that article does indicate that, at that time he was taken aback.....
Secondly, he didn't do any favour on anybody by "" allowing "" to air that particular show....because by editing any portion...the episode  would have been a total flop......aka Kapil Sharma episode....
And yes as Kangana rightly said you do put words into your guest's mouth......
You have reduced Koffee With Karan to a ridiculously flippant show.",CAG,1
facebook_corpus_msr_1521642,"Rahim Rahim
Hehe but i can't have my sleep??? 😂😂 #azan",CAG,1
facebook_corpus_msr_2117686,What has your Indian Govt done to stop fascism in India ?,CAG,1
facebook_corpus_msr_451689,stopped watching the video long time back ... just enjoying the comments here now :D .. the worst launch ever for any product,CAG,1
facebook_corpus_msr_2111293,Dividing India by false propaganda must become a jailable nonbailable  offense so that people are more careful about what they write or say!,CAG,1
facebook_corpus_msr_1979689,"Dear Indian Express,
I feel sorry to write that your journalists are out there to misinterpret events and present them in a distorted manner just to make some sensational headlines. The news about upcoming singer Nahid Afreen has been prepared without proper research and investigation. It was very sad to see that your journalists don't even know the difference between fatwa and appeal. 
A fatwa is a non-binding legal opinion issued only by a qualified jurist (Mufti) on a request by someone who is unable to understand religious guidelines whereas the leaflet that is being circulated and presented as Fatwa is just a hard copy of an appeal signed by 46 men who believe in religious practices. The merit of appeal can be discussed on many grounds and in many dimensions but first and foremost, an appeal can not be called a legal opinion (Fatwa). 
We expect apology from your side for such a mistake.",CAG,1
facebook_corpus_msr_1922863,"Terrorists?

Will escape jail?

Deal will be sealed?",CAG,1
facebook_corpus_msr_1714370,Why are you so annoyed? I don't object your opinion. You are free to have. Having an opinion is not equal to judging......😂😂😂😂😂😂😂😂😂😂😂😂😂😂😂,CAG,1
facebook_corpus_msr_1490549,If so is the case kapil Mishra should also be held liable for such hawala kand ...cause he was the part of the government  and he knew all these scams prior to his sacking... Shouldn't he liable for the scams???,CAG,1
facebook_corpus_msr_1724085,All from all around the world,CAG,1
facebook_corpus_msr_469271,This news will be valueless..  (He could mentioned in Our dream..)😏,CAG,1
facebook_corpus_msr_1963939,Are we supposed to rejoice? Such BS,CAG,1
facebook_corpus_msr_399664,"Why India Should #ScrapIndusWatersTreaty
Indus Water Treaty Is Illegal
The case of the 1960 Indus waters treaty, it has been signed by then Prime Minister Jawaharlal Nehru and “nowhere it is declared that the said agreement/treaty has been signed in the name of the President of India”, 
“According to the ministry of external affairs documents, nowhere disclosed agreement has been signed by the Jawaharlal Nehru for the President of India...,” 

“According to the impugned agreement 80% water goes to Pakistan which is a serious injury to the fundamental right of the citizens of India coupled with further financial and natural injuries to national interest.”

If We Indians Keep Quit Today Our Future Generations Will Blame Us And Never Going To Forgive Us

India Need Be Like China Fast And Furious And Must Have Ability To Say On Face.
China Claim South China Sea 
China Made And Develop 7 Artificial Man Made Islands On The South China Sea So Quickly 
Then Why Can't India Stop Water From Our Own States And Union Territories Of India
We Need To Build More Dam On Indus River And Must Have Iccha-Shakti To Say Only One Sentence To World Bank F*ck Off 
India Is Scraping Indus Waters Treaty

If China Can Do For Their Mother Land 
Then Why Not India (If India Cannot Do)
Then Their Is Some Serious Problem In Our Indian Government System With Our Political Partys And Also With Our Useless Politician.
Who Just Know To Bark But Cannot Take Action.

http://siteresources.worldbank.org/INTSOUTHASIA/Resources/223497-1105737253588/IndusWatersTreaty1960.pdf",CAG,1
facebook_corpus_msr_1583971,And people are like wow !!,CAG,1
facebook_corpus_msr_410976,how come MR.DIGVIJAY SINGH comes to know everything even b4 the CID OR POLICE. Is he ANTARYAMEE,CAG,1
facebook_corpus_msr_381310,कितने कायर है पाकिस्तानी मरे हुए लोगो की लाश पर अपनी ताकत  नामर्दगी  dhika  कर,CAG,1
facebook_corpus_msr_329987,How about govt helping farmers affected by the severe drought? Has the PM even met them agitations about their plight for the past one month in Delhi? He's short term easy solution obliterates the bigger problems  facing country,CAG,1
facebook_corpus_msr_1976247,Showing everything and saying bold...,CAG,1
facebook_corpus_msr_1613990,Such a movie mad nation.  Following this page to her news updates but for the last 2 days it was bahubaali this bahubaali that.. Craazzaayy,CAG,1
facebook_corpus_msr_1722983,Well said,CAG,1
facebook_corpus_msr_1804918,"Carefull every one  !   Anna Hazare re-birthed. What is he up to? Sure, it is not to eradicate Indian National Congress. 
Could be, he is aiming to get rid of Kejriwal and AAP.",CAG,1
facebook_corpus_msr_465485,"I m sure,  Modi hasn't assessed this loss and Impact on economy.",CAG,1
facebook_corpus_msr_457810,Two aspects of....first a good humane initiative..........second...a deadly omen....where we are heading....when we can't breathe freely....do we need to purchase machine to breathe and survive...since such installation is not cure for ever growing problem.. but a warning sign to all of us,CAG,1
facebook_corpus_msr_451837,They will come out with a bicycle and undertaker will be riding it!,CAG,1
facebook_corpus_msr_328343,If you claim to be an English News Channel ...you need to have panelists who can debate in English language.,CAG,1
facebook_corpus_msr_454143,rising from the dead dominar after speculation of three years,CAG,1
facebook_corpus_msr_326889,"Don't worry, indian army too won't mutilate pakistan soldiers bodies.......third party would do this...",CAG,1
facebook_corpus_msr_444772,No LKA in the front row or did he not attend?,CAG,1
facebook_corpus_msr_1972984,Sonia's stooges were replaced by Modi you don't remember Fergus Misquitta,CAG,1
facebook_corpus_msr_1722986,Haha! Which part of Kashmir bhai?,CAG,1
facebook_corpus_msr_221700,Watching feom dubai..BJP van lead 1.25 billion then we can rule d world,CAG,1
facebook_corpus_msr_233576,"Enough is enough, now time has come to take the real action. Nowadays technology is so advance can be utilized, their movements can be monitored by drons and subsequently may be executed by the same technology.",CAG,1
facebook_corpus_msr_2341199,If this would done by Muslim prisoners the Indian police would have killed them in fake encounter and branded them as terrorists,CAG,1
facebook_corpus_msr_2367441,One more down the drain!,CAG,1
facebook_corpus_msr_466371,"The architect of modern India (1991 reforms), has come out with smart and simple definition of this money mismanagement game !!",CAG,1
facebook_corpus_msr_1582242,Mr Raja China has no democracy.No freedom of expression.There only one party rules.It supports one China policy and All dissent is met by death.I guess  you want such a model.That's why there is so much of political  killing in Left ruled states of India.,CAG,1
facebook_corpus_msr_2032054,"Bro, 10 lakh kashmiri pandits were made refugees overnight in their own homeland,",CAG,1
facebook_corpus_msr_325116,"Beef band in Maharashtra 
Isn't  it??
Any beef or only cow ????🤔",CAG,1
facebook_corpus_msr_325036,She got chance to explain ....Buffalo Trader with receipt get lynched.......welcome to modified india....,CAG,1
facebook_corpus_msr_1906922,"Om Prakash Hindu yes absolutely the point you said, there were and are lots of other media agencies other than indian express but why didn't they covered the news? Were they were bribed? Or they were Anti-Hindu? Or just was nothing genuine on that issue? You tell me.",CAG,1
facebook_corpus_msr_528457,"Is he worth being, A Clerk even",CAG,1
facebook_corpus_msr_1493811,"We are happy that you lost at ICJ.
A country where judiciary is scared, any thing can happen.  
Army courts in a democratic country? Is it not strange?",CAG,1
facebook_corpus_msr_334858,"If we are able to stand away from political parties and view him as a parliamentarian , other MPs must emulate him in various aspects. We need not be a communist to appreciate him as a parliamentarian. Problem now is we just jump in with saber in hand to finish one personality just cos he belongs to a party. Many parties have good MPs like him , but out of party affiliation to one party or other we just spew venom on others. Better debates by MPs decide  the future of good democracy.",CAG,1
facebook_corpus_msr_451700,Like old undertaker entrance.. He'll come riding the bike 😂😂,CAG,1
facebook_corpus_msr_2018609,Oh god why can't people do whatever is convenient for them without dragging some -ism into it,CAG,1
facebook_corpus_msr_408047,"Ohhh chill man dnt go fr watch dis mv n distribute milk to poor of movie ticket price😂😂😂😂😂😂
Ya it's wasting of milk u rut but we can also lv without watching mv but no one can lv without,start act tdy then u cn complaint abt other",CAG,1
facebook_corpus_msr_1922867,He even not deserve to board in train & not even to bailgadi,CAG,1
facebook_corpus_msr_1805477,He (Kejriwal) has dashed all my hopes. =D =D,CAG,1
facebook_corpus_msr_2137918,"Bhakt itself got the tag of ISI agent , so I don't think they are in a position to call others anti National...",CAG,1
facebook_corpus_msr_449116,"Modi Ji taking off against corruption, we are always with you Sir!!!",CAG,1
facebook_corpus_msr_233541,"The top bosses in CRPF,have little or no experience in fighting either maoists or terrorists.The Men become cannon fodder while the IPS lot,sip their whiskeys ! They wont let Army in !",CAG,1
facebook_corpus_msr_407576,"Insa allah.. Now that pigs body will eaten up by microbial world, ants and other insects in the form of 72 hurs hurrrray.",CAG,1
facebook_corpus_msr_439358,As expected from you...An unconventional exit.... Nothing can replace you,CAG,1
facebook_corpus_msr_446517,Pleaze take good decision because of ur deciaion are create problems only to poor people and agriculturist,CAG,1
facebook_corpus_msr_2020819,"Bihar exit poll over, now UP exit poll.

All the best BJP",CAG,1
facebook_corpus_msr_1722758,"Wake up India.  
That's not immoral.  
That's proactive information to you all.   
It's important to be responsible.  Instead of throwing babies like unwanted objects.   Better to use protection.    Way to go Sunny. ??",CAG,1
facebook_corpus_msr_324002,"No offence please , Drs and ambulance are for mother cow ,, go to pakistan if have any objection regarding this. Plzzz no offence",CAG,1
facebook_corpus_msr_1987963,Cheap!,CAG,1
facebook_corpus_msr_322581,"All on a sudden, USA , Turaska are showing interest to mediate Kashmir issue and India negating , so, slowly world politics are getting concern about Kashmir, while Pakistan is welcoming the move , India sticks to bilateral resolve of the issue . Attacks on Uri  and Pathankot are the biggest failure of India, which is really a great concern and observed that after those two incidents have made other country very much enthusiastic over Kashmir issue. Naturally from strategic point of view India has to reassess the internal security aspect before entering to all out conflict . It is also observed, that ex generals have concede the intelligence failure in respect of Uri and Pathankot incidents . It is also to be asserted that , how far this type of failure is rooted?  This is very much embarrassing situation.",CAG,1
facebook_corpus_msr_445699,He should bring back money from Swiss rather then demonetisation many people in bjp are corrupted too. He is not disclosing their names,CAG,1
facebook_corpus_msr_451767,Maybe they wanna showcase dominar as the DEVIL these guys are scared off,CAG,1
facebook_corpus_msr_444212,Sane ppl couldn't do anything so far ....at least he has the objectives and know what's to be done so that our country  leads towards a bright and  better future...,CAG,1
facebook_corpus_msr_1797360,The Delhi Police had issued a notice to the students and asked them to appear before it for a lie-detector test.,CAG,1
facebook_corpus_msr_1805041,It is better to you to reveal your RSS double face in public.,CAG,1
facebook_corpus_msr_457812,"Finally that day have arrived when humans need machines to purify air to breathe in .. 
And not trees..",CAG,1
facebook_corpus_msr_471014,I just checked nothing working as mentioned in the website,CAG,1
facebook_corpus_msr_474321,But need to stop the new account opening & any transaction s in any bank.,CAG,1
facebook_corpus_msr_497266,Wow so refreshing and informative . It was fun. Both of you are Awesome 👌👌👍👍 keep fighting & keep anchoring .,CAG,1
facebook_corpus_msr_2111221,"Right! And parties like CPM, Congress, SP, who go out and blatantly ask for votes from a particular community promising goodies in return are obviously promoting communal harmony. Well done. You've cleared this level. Achievement unlocked: d1ckheadedness",CAG,1
facebook_corpus_msr_395478,Some people have habit demoralise Indian army.It does not make any difference.Powers had not been delgated to indian army. Now Government has given the free hand to army. Now see the result.By the grace of god Indian army has never lost the war with Pakistan.It has always won war.,CAG,1
facebook_corpus_msr_1723093,Are bhajans played daily.??  5 times a day..?? 🤔,CAG,1
facebook_corpus_msr_1957010,Paid media,CAG,1
facebook_corpus_msr_331302,"Vary causes to kill fellow humanbeings, sometimes it comes as cow, sometimes religion, sometimes caste or skin colour and political difference. Incredible India.",CAG,1
facebook_corpus_msr_402820,No one will even allow him to enter UN building.,CAG,1
facebook_corpus_msr_1763606,People voted you out for failing to deliver. Not the EVMs.,CAG,1
facebook_corpus_msr_379224,Sarkar ko jb action lena h to wo chupchap ku h its wrong baate bs kawalo in se,CAG,1
facebook_corpus_msr_446056,This Govt should be thrown out immediately for playing with the lives of this great country ...,CAG,1
facebook_corpus_msr_334278,Neel please provide proper legal proof that is in line of your argument. Otherwise you may land up in jail for commenting on pm with false allegations. Are you ready?,CAG,1
facebook_corpus_msr_1893397,Why produce so many children in the first place when you can't afford to raise them?,CAG,1
facebook_corpus_msr_349840,"Every time  Mr Modi shows his 56 Inches Chest, you people go into a huddle to form the so called ""Mahagathbandhans"" but so far the success had eluded you. Do you know the reason for that?",CAG,1
facebook_corpus_msr_466278,"The cwg, 2g, rafale deal, railways nepotism was an organized social security program for congreshis 😂",CAG,1
facebook_corpus_msr_408747,"He he he he
Just Ask CM, How much she waste in breakfast only??",CAG,1
facebook_corpus_msr_1804944,Hazare could try to remember something about Lokpal. He is always trying to go about Kejriwal instead. Of course gaining some leverage with BJP each time,CAG,1
facebook_corpus_msr_1979698,"Dear Indian Express,
I feel sorry to write that your journalists are out there to misinterpret events and present them in a distorted manner just to make some sensational headlines. The news about upcoming singer Nahid Afreen has been prepared without proper research and investigation. It was very sad to see that your journalists don't even know the difference between fatwa and appeal. 
A fatwa is a non-binding legal opinion issued only by a qualified jurist (Mufti) on a request by someone who is unable to understand religious guidelines whereas the leaflet that is being circulated and presented as Fatwa is just a hard copy of an appeal signed by 46 men who believe in religious practices. The merit of appeal can be discussed on many grounds and in many dimensions but first and foremost, an appeal can not be called a legal opinion (Fatwa). 
We expect apology from your side for such a mistake.",CAG,1
facebook_corpus_msr_2156087,"""Even Theresa May felt compelled to say, despite Brexit, that it was in the interest of the US to have a strong Europe as a partner.""",CAG,1
facebook_corpus_msr_439308,Good decision..from long tym  he is struggling and not performing,CAG,1
facebook_corpus_msr_379030,Modi aur rajnath ab phir se sirf ninda krenge aur kujh nhi kar skte aur na hi krte h,CAG,1
facebook_corpus_msr_2126963,What's wrong with Indian express it's not massive win.. shiv sena is 84 as compared to last times 75... BJP is 81 as compared to 32 last time..,CAG,1
facebook_corpus_msr_1723967,He is right,CAG,1
facebook_corpus_msr_1723631,stop midnight parties early to bed and early to getup  then azaan or temple bell early m.ning will not iritate you maka ladilla,CAG,1
facebook_corpus_msr_1804981,Is u have any pain on Lokpal or Modi Govt. to weaken RTI Mr.Anna  . You  lost your credibility I thought during your movement that u r statesman but today I think u r a typical modern time Leader. I Also feel ashamed on Me that one day I was also a part of your movement becoz earlier people or I can say Congress was much much better then these rulling Govt.,CAG,1
facebook_corpus_msr_444512,Well to think and to do. It's only four our growth,CAG,1
facebook_corpus_msr_1723044,Bashing any religion does not make anyone secular but respecting religion does !,CAG,1
facebook_corpus_msr_1521643,Bigoted religious fanatics at least save d lyf of 1 animal which is far better dan ill-literates,CAG,1
facebook_corpus_msr_463573,Completely ignoring old users who helped op to establish them,CAG,1
facebook_corpus_msr_2020793,"Exit polls can make modi win elections on moon, mars and US as well.#wellpaidmedia",CAG,1
facebook_corpus_msr_385926,Tiwari ji these words does not suits you. You are intellectual and know better than me which word we should use for our primeminister.,CAG,1
facebook_corpus_msr_679627,😍 SuPerB❤✌,CAG,1
facebook_corpus_msr_325627,So BAT men killed 'em,CAG,1
facebook_corpus_msr_450144,"People who have black money, they will hate him. People who doesn't have black money, they will love PM Modi Ji. 🎩 🎩 🎩",CAG,1
facebook_corpus_msr_452028,2 mins silence for dose who r in front of them,CAG,1
facebook_corpus_msr_233598,Do surgical attack on them first than think about Pakistan..... this bastards need to clean first.... just shoot them immediately neither it will too late... P.M. should take action against naksali and so-called pattharbaj in kashmir...😠😠😠,CAG,1
facebook_corpus_msr_1946820,No brother everyone is not like that. It is the media only who divide but i think that it is the right time for equality.,CAG,1
facebook_corpus_msr_1561842,Don't argument with stupid person .they will drag u with their level .aftt all u are pride of India.,CAG,1
facebook_corpus_msr_1731437,But stock is limited...,CAG,1
facebook_corpus_msr_431280,Send these muslims to Pakistan who r cursing our PM,CAG,1
facebook_corpus_msr_325775,"for Indians and Internation community, India is under tremendous pressure and even Turkish President asks India to stop terrorism and start dialogue with Pakistan..thus Modi govt. had to use these tactics to blame Pakistan....",CAG,1
facebook_corpus_msr_2018544,Mira should be grateful that she has a choice....many mothers would love to spend more time with their kids but have to work....research has proved that children of working mothers are independent and have higher EQ....,CAG,1
facebook_corpus_msr_448180,"Before demonetization, how many BJP Leaders informed in advance by Mr. PM?",CAG,1
facebook_corpus_msr_1731692,Time is over..!!,CAG,1
facebook_corpus_msr_2126999,"Even Pawar voted for BJP ..
Shiv Sena leave the assembly he's ready to support BJP otherwise what SULE n AJIT will do without power whatsoever little .",CAG,1
facebook_corpus_msr_1723909,Lack of understanding about religion.,CAG,1
facebook_corpus_msr_1723266,"We love and respect all the Gods  of all communities But according to me Everybody has a right to live peacefully in his house If personal peace of a person get affected by sound pollution he has every right to express his feelings What is wrong in that If the sounds will be reduced and restricted to that particular area  There will be no harm in doing that 
Sonu has used his freedom of speech and expression",CAG,1
facebook_corpus_msr_325404,u should also fewl pain when ur so Called​ soliders kills innocent people in kashmir,CAG,1
facebook_corpus_msr_1804902,"we also love ANNA u never join AAP, u dont know meaning of AAP it is clear that we the people, we never trust leaders in our party. even one day we are able through our so called leaders AK and manish. we never trust even them. we the people aam admi. power lies with us. never make drama to kill our intention. whenever election is there u come in front and start blaming AAP. i warn u and i try to educate u i know ur from RSS background just keep away from our intention.",CAG,1
facebook_corpus_msr_398270,As long we have people like him in India nothing will change. 😂😂😂.,CAG,1
facebook_corpus_msr_1978810,Where is the secularists?,CAG,1
facebook_corpus_msr_449344,The punishment for all sins should be like in dubs and america then the crimes will stop in my INDIA,CAG,1
facebook_corpus_msr_233830,These spokespersons take all obligations from their respective parties. They will come out with all sort of talks to defend it. It'll not lead us anywhere. Report report report it so many times that these acts are not forgotten. Lives of our jawans are not that important to these political puppets..,CAG,1
facebook_corpus_msr_1919935,"And you have a problem with that?
When BJP has assigned all of the 7 Delhi MPs and Modi has asked his Cabinet ministers to campaign and Amit Shah is himself looking after a simple 'MCD"" elections, then probably you should understand the gravity of these MCD elections. But sorry, you may have taken monies to keep your mouth shut against BJP and projecting, irrelevantly,  AAP in a bad light. :D",CAG,1
facebook_corpus_msr_413264,"Why not stop printing brand name by law, why onus on doctors?",CAG,1
facebook_corpus_msr_1804905,"Great!!
AAPtards are abusing the man who gave that dumbshit Arvind Kejriwal and identity!!!
Seriously, Anna Hazare will be feeling pity on himself :( :( :( :(",CAG,1
facebook_corpus_msr_1723364,"If he is not a a brainless person he should demand ban on loudspeakers at all. Then, whether it is for a leader, preacher, a singer or religious place.",CAG,1
facebook_corpus_msr_1805133,I disagree with his selective approach.... Where is Lokpal sir.. modiji fulfilled ur dream,CAG,1
facebook_corpus_msr_399813,All terrorist are muslim but all muslim are not terrorist,CAG,1
facebook_corpus_msr_1735800,Reservation and terrorism are the biggest problems India is facing right now.,CAG,1
facebook_corpus_msr_1805411,Anna ji...! all set for MCD .,CAG,1
facebook_corpus_msr_328577,"When cat close its eyes, the cat think the world is dark.First Modi need to ban all religious fundamental groups irrespective of any religion.",CAG,1
facebook_corpus_msr_1723911,Ok...thats it! Im not listening to his songs again,CAG,1
facebook_corpus_msr_444125,Good work......just give government employee salary package as in private sector.....,CAG,1
facebook_corpus_msr_1804928,"Anna was anti congress he played a big role in 2014 elections indirectly...now he don't have any problem with the govt. Even if they don't pass ""jan lokpal""  bill...now his only work is to comment againt other parties just right before the elections😆",CAG,1
facebook_corpus_msr_1490556,"Only allegations, just media coverage and just to distract public opinion from modi's policies failure",CAG,1
facebook_corpus_msr_474269,"Not only black money will get affected 
Rupee gets better when it starts rotating in the economy 
Hawala business stopped now
And like this so many",CAG,1
facebook_corpus_msr_1521762,"How can you say that bro? It is the duty of the citizens and the government to care for the minority. Have you heard if the islamic country Bahrain? Do you know how peaceful its there. Watch and learn, a monarchy so good that gives rights, safety,care to all cultures and religions. And back in India, our home we fight amongst ourselves. Why? Eat what you want. Majority and minority shouldnt matter. Its not like we are killing people. Beef for life!",CAG,1
facebook_corpus_msr_1510212,Bro u don't need your nation u have pakistan go there,CAG,1
facebook_corpus_msr_322783,dont worryi bjp will reveng by raise the issue of tripple talaak and cow slaughtering,CAG,1
facebook_corpus_msr_436498,Did u count the heads.... Entire Tamil nadu is against PETA. We people's have a culture... Don't spoil that in the name of law....Ban PETA in India.....,CAG,1
facebook_corpus_msr_431235,"Mr. Macchiwala, please have some sense. This govt has done so much better than Congress. Don't mislead people.",CAG,1
facebook_corpus_msr_495263,"To the genius's, total wealth of a country is not exactly the best parameter to judge, per person income will drop India and China way down on the list. 22 million Australians have little more wealth than 1.5 billion Indians, just to put things in perspective",CAG,1
facebook_corpus_msr_709987,"In 2015 the educated people voted for educated minister an iitian , a former IRS and a social activist. 2015 to 2017 he is working for people betterment media don't show it as it is paid . We trust him n his team and we will again vote for him... We are really pissed of from corrupt mcd . People earning crores from mcd and people of Delhi are just pissed off",CAG,1
facebook_corpus_msr_710010,"Jaswinder Bhai y this stupid question from me....I m not a bjp or rss man......

Rather I think u AAP guys should be happy....coz the campaigning by large number of big wigs from bjp for just MCD elections, is going to help Kejriwal only & create a negative image for bjp - ke saara kaam kaaj chod kar Municipal council elections me lagge hai......... I as a Delhi sensible Delhi citizen would take it negatively.....

So instead of abusing........ u AAP guys should thank BJP for this foolish move.......coz it will again strengthen the image of Kejriwal/AAP only at national level...",CAG,1
facebook_corpus_msr_448190,I am a big fan of Modiji but what about the BJP leaders who have a plenty of black money like....,CAG,1
facebook_corpus_msr_326847,This is the real topic but unfortunately we stuck in religion politics,CAG,1
facebook_corpus_msr_399488,Pak Army entered in Indian territory across 250 meters and Indian Army can't did anything...???,CAG,1
facebook_corpus_msr_332557,Sir delhi police reports to you and your central government.....still crying think about civilians,CAG,1
facebook_corpus_msr_1723996,Let's just Science. Screw the rest.,CAG,1
facebook_corpus_msr_1735809,"Girish Rajani original ID dalit.
Cant digest the truth",CAG,1
facebook_corpus_msr_1722900,"By your logic, India should have nuked the whole Pakistan coz Azmal Kasab was proved to be Pakistani.",CAG,1
facebook_corpus_msr_1723970,It should be applicable to every relegion.,CAG,1
facebook_corpus_msr_1805277,Annaji's action implies that he should has been in BJP!,CAG,1
facebook_corpus_msr_2349565,But vice versa is still a dream in countries having shariyat laws 😂,CAG,1
facebook_corpus_msr_380222,Kb tk hamara 56 inch ke bom ko sambhalkar rkha jayega,CAG,1
facebook_corpus_msr_2111371,u are destroying kerala 😠😠😠,CAG,1
facebook_corpus_msr_1521858,"anti cow slaughter law brought by congress government way back in 60s prevents slaughtering of milking cows & calfs of any age, only oxen above 12years, dry cattles & buffalos can be used  for beef. so that become illegal  happening under the very nose of law, police & government not preventing such acts & butchers are not caring the law",CAG,1
facebook_corpus_msr_444869,I see people in name of muslims making insane comments,CAG,1
facebook_corpus_msr_1943093,Gangs of Wasseypur?? You guys think before writing...,CAG,1
facebook_corpus_msr_2371894,Next...?? Mass Agitations soon..,CAG,1
facebook_corpus_msr_433086,"Guys, stop putting religion between hatters of Modi, this is congress fan , so just treat him like that ways",CAG,1
facebook_corpus_msr_1804877,Please be active n defend kejriwal we need him to save india and to develop imdia,CAG,1
facebook_corpus_msr_2082430,Modi is not the designer of policies,CAG,1
facebook_corpus_msr_1689921,God knws wat d prblm is..,CAG,1
facebook_corpus_msr_329983,"Keep your Maan ki Baat with you, not required, but take necessary action to save lives of our soldiers who are killed on every other day.",CAG,1
facebook_corpus_msr_431175,No foul words pls al of us r decent and ladies r also in d discussions. Pls stick to clean comments. No hatred or bigotry too from anyone. This is seen by lot of people so let us maintain dignity and decorum.,CAG,1
facebook_corpus_msr_2020809,If exit polls decide the election  results then govt should stop election,CAG,1
facebook_corpus_msr_431303,"Maxwell is tottly poor in mind and wealth,,,, plz ignore this poor man,,, who said our pm ,,, tea man",CAG,1
facebook_corpus_msr_1887272,Country is facing acutely employment problems for acomodating unemployed youth in private or govt sector so there is no discontent amongst security services so we should desist to create misconception amongst the people unnecessaryly,CAG,1
facebook_corpus_msr_2379970,Good ... they deserve  ... simply doing March for  publicity ... ....,CAG,1
facebook_corpus_msr_399234,Subhash Sachdev yeah because we already gave you injection as like surgical strike,CAG,1
facebook_corpus_msr_2199138,Azam Khan- you did not object to what Kharge had said but has the audacity to pass your filthy comments on PM' reply. Actually it may not be your fault. Your upbringing is faulty.,CAG,1
facebook_corpus_msr_1490609,"I think everything is plan by kejru only :)
May be to divert public attention from something more fishy",CAG,1
facebook_corpus_msr_450759,"I fully support Mr. MODI  STEP but why 
Liberty for Political parties. .",CAG,1
facebook_corpus_msr_444179,Its the government's duty to do that..not for me to suggest nor any use now in doing so.,CAG,1
facebook_corpus_msr_1493783,Rajshree Jena real face haha world know ENDIA face,CAG,1
facebook_corpus_msr_1722890,"instead of going to nearby place and talk to dem
u jst tweeted and outburst prevailing bad situation .u shldnt do dat...",CAG,1
facebook_corpus_msr_1947244,"While some are busy fighting over fictional tales, there are some who are fighting for real people with real rights! This man! 👏",CAG,1
facebook_corpus_msr_442842,Dear CNBC-TV18; don't u have a better news or clippings to post. This clipping/news is nothing but junk. I feel like im watchin a 'Big Boss' clipping. Please post some better n informative news n clippings.,CAG,1
facebook_corpus_msr_2032137,Another Isis spotted,CAG,1
facebook_corpus_msr_2073055,"congressisation of Bharatiya Janata Party (BJP),",CAG,1
facebook_corpus_msr_2260871,He's adding colour to BJP......,CAG,1
facebook_corpus_msr_1979694,"http://indianexpress.com/article/india/fatwa-issued-against-reality-singing-star-nahid-afrin-by-42-clerics-4569825/ 

 Dear Indian Express,
I feel sorry to write that your journalists are out there to misinterpret events and present them in a distorted manner just to make some sensational headlines. The news about upcoming singer Nahid Afreen has been prepared without proper research and investigation. It was very sad to see that your journalists don't even know the difference between fatwa and appeal. 
A fatwa is a non-binding legal opinion issued only by a qualified jurist (Mufti) on a request by someone who is unable to understand religious guidelines whereas the leaflet that is being circulated and presented as Fatwa is just a hard copy of an appeal signed by 46 men who believe in religious practices. The merit of appeal can be discussed on many grounds and in many dimensions but first and foremost, an appeal can not be called a legal opinion (Fatwa). 
We expect apology from your side for such a mistake.",CAG,1
facebook_corpus_msr_2242038,With awesome roads the car will hide .,CAG,1
facebook_corpus_msr_334346,Yogi adithyanadh is going to become the greatest leader of all time. He is going to make UP great again.,CAG,1
facebook_corpus_msr_2115232,Don't remain Paper Tigers against the Aussies.,CAG,1
facebook_corpus_msr_1804995,"Ya, the place where you are wrong is still being alive! Busy with making movies for the last 2 years, this zombie has suddenly woken up! Crap of a human being!",CAG,1
facebook_corpus_msr_441824,The vegetable vendors are crying no buyers the farmers are crying but MODI &CO are a happy lot.,CAG,1
facebook_corpus_msr_1588059,We will enjoy cricket without India. Indian players always fear with bounce pitches,CAG,1
facebook_corpus_msr_2280138,Ppl cried by Trump name now see most of them have shut their mouths,CAG,1
facebook_corpus_msr_322284,this govt is worst than previous congi... everyday we hear soldiers getting killed and they are doing nothing condemning attacks in strong words..finance minister is our defence who is intersted in stock markets...,CAG,1
facebook_corpus_msr_2111313,and INDIAN EXPRESS IS AGAINST THE IDEA OF CLEAN JOURNALISM,CAG,1
facebook_corpus_msr_2199177,He is the person who given govt security for his bulls.,CAG,1
facebook_corpus_msr_1922885,Good message. If you are a politician you can't do anything.,CAG,1
facebook_corpus_msr_474276,"Sai Baba Dude, it is the truth. If you can't acknowledge and understand. Please try to think about it. you'll get it",CAG,1
facebook_corpus_msr_324642,"Mr. Sathya ............. your history's knowledge is EITHER ASATHYA OR MITHYA, either study history without wearing glasses of bias, or else do visit a doctor for psychiatric therapy ...........",CAG,1
facebook_corpus_msr_445709,Just notice the names of persons who are speaking against modiji.... v will cum to know wat community do they belong to....modiji v indians r wid u,CAG,1
facebook_corpus_msr_334354,"I am working for Indian company providing IT services for an Indian boss. In fact we earn abroad but spend in India. By the ways who's your comment related to my personal life. I am NRI, there millions here (people of all faith) working abroad and spending (investing) in India. From the time BJP has come to power all I see, is false promises, Gunda raj, GauRaksha, riots, etc. and people like you who are defending it and actually abusing the harmony which once was good between different communities.",CAG,1
facebook_corpus_msr_556254,"The government has raised diesel prices by 51 paisa per litre and planned similar monthly hikes in future, to cut record subsidies.

Do you think it's a justified move from the government to meet its fiscal deficit?",CAG,1
facebook_corpus_msr_1723883,Not good sonu nigam i don't think  s,CAG,1
facebook_corpus_msr_2241625,"ha ha ha, then what ? What else you can expect pushpak vimaan teams  :v :v :v :v :v",CAG,1
facebook_corpus_msr_1614000,Anurag Nanda find me one negative comment. Such a phenomenon rarely happens.,CAG,1
facebook_corpus_msr_450977,"Don,t play the blame game , start doing the work of development, especially poor states",CAG,1
facebook_corpus_msr_451825,I think they forgot to bring bike to the launch event..,CAG,1
facebook_corpus_msr_330036,Lol .. great initiative ! I indeed talked to him,CAG,1
facebook_corpus_msr_1714333,its their personal money and not any govt fund.....so why does it hurts,CAG,1
facebook_corpus_msr_1805266,Anna hazare is RSS agent and now giving suggestion to aap party,CAG,1
facebook_corpus_msr_1724216,what he said is 100% true,CAG,1
facebook_corpus_msr_397766,Good joke dear indian if your Army is weak like this then where is your Claim Of Surgical Strike was that True or This is true ?,CAG,1
facebook_corpus_msr_329064,"Pak didn't mutilate the Soldiers, their weapons did - Great thinker gurmehar Kaur.",CAG,1
facebook_corpus_msr_431353,What has he done now for middle and unemployment can anyone explain please,CAG,1
facebook_corpus_msr_1525426,Yes but the question is why they are taking time on triple talaq,CAG,1
facebook_corpus_msr_331462,Tx to Turkey President. we are capable of handling our internal K issue. our politicians are stalwarts n rich experienced. We suggest try to sit with your kurds in turkey n start negotiating peace with them.,CAG,1
facebook_corpus_msr_407723,"Mr. Taroor! Can you explain, Sonia not even fully citizen of India, ruled our India with all powers but accountable to none.
Where were you Mr. Taroor?
You never questioned her?",CAG,1
facebook_corpus_msr_1956928,"It was a shock to me as well when Yogi was made CM despite matured people like Rajnath Singh in the race. But my observtion says, sometimes responsibility makes you mature and thoughtful. Lets hope for the good.",CAG,1
facebook_corpus_msr_399064,Sahi kaha ab dekhte hai komse alag alag party wale ate hai ye check karne ko ke usne kya khaya yahi agar koi dusra hota to ab tak mar mar ke halat kharab kar di hoti uski,CAG,1
facebook_corpus_msr_1956231,No.Let us hope not. It is too early to make s judgement on new Govt.,CAG,1
facebook_corpus_msr_1521861,Dear my all comment friend when you are 2to 4 month you r  mum fed milk to u after 10 to 2year your family by cow milk fed to you make health and strong after u young and y eat cow that means u eat yr mum,CAG,1
facebook_corpus_msr_425622,no schemes ...make it straight ...houses are not selling ....you want more loan paying slaves for old news,CAG,1
facebook_corpus_msr_1649489,Wt will she do ...wen u ll visit ur very own holy country ...,CAG,1
facebook_corpus_msr_1804828,Rohan Vaidya it's not so corruption is not happening in Modi Raj. It's paid media which is being used to divert your attention. Moreover all investigation agencies are now under control of Modi and could not dare to expose him.,CAG,1
facebook_corpus_msr_503432,Never heard of him he doesn't control any of my money so he can go jump in the lake,CAG,1
facebook_corpus_msr_2175510,It is good to see that he is losing mind. People have started sensing his selective muteness. #Opportunist,CAG,1
facebook_corpus_msr_444160,"No one showed the courage to fought Black Money since independence. India 🇮🇳 has the only "" Murd"" in Narendra Modi.",CAG,1
facebook_corpus_msr_325587,Wow Pakistani hates Modi & loves Congress . This is why we support BJP 😘,CAG,1
facebook_corpus_msr_469192,Please forgive us Modi. We cant take more jumlas.... enough!,CAG,1
facebook_corpus_msr_328064,"Government should pass a law that whosoever found cheating public, their petrol pump will become the property of the government. Then these cheaters will lose their property to the government",CAG,1
facebook_corpus_msr_441998,"Some years later a new PM will come and say..... We have been fooled and looted since 80 years, help me to build a better country..... LMFAO!",CAG,1
facebook_corpus_msr_456108,So I am wasting time here and then after 1 year I'll be wasting same time getting the bike's gear box fixed,CAG,1
facebook_corpus_msr_2032119,Copy pasting !😂,CAG,1
facebook_corpus_msr_323712,Now I am feeling sad for ur wife infact Noel Cyril Lazaro,CAG,1
facebook_corpus_msr_326774,Jammu Kashmir if there is truth in what you say...why don't u guys take a video evidence and send it via any social media...how can we come to know about what actually is happening unless we get to see them ...and if at all you have grievances then come to our country's capital and carry out peaceful protest...let us suppose for an instant that government is biased...at least you can try on the media...media will bring things to the forefront...then we can pressurize the government... then there definitely will be solutions...until then we are bound to believe in what our army is doing...coz every time we see you guys pelting stones and hurling anti indian statements that doesn't let us stand on ur side...maybe u guys need to try the social media way for a better connectivity with the rest of our country,CAG,1
facebook_corpus_msr_1805682,where he gone,CAG,1
facebook_corpus_msr_359224,"You can say ,it is the fight between BJP & Congress within AAP. Here ,I am with BJP",CAG,1
facebook_corpus_msr_462741,"Gross. Living in new Jersey and not even half Indian, I am not baffled by your ignorance. Not the right time for such non sense humour",CAG,1
facebook_corpus_msr_1724009,New CM candidate for Bjp....,CAG,1
facebook_corpus_msr_399085,she is brahmin so no hindu-brahmin rss organisation lynching her.,CAG,1
facebook_corpus_msr_1897086,"WHAT IS THE AMOUNT  INVOLVED? IF IT IS ONE LAKH OR SO EVEN NOW ONE CAN BUT IF IT IS 30,  40 lakhs or 30. 40 CRORES then why court even GOD CANNOT HELP YOU! 
PLEASE TELL THE COURT WHICH POLITICAL PARTY LEADER GAVE YOU THIS HUGE CASH FOR STASHING in which case COURT MAY BALE YOU OUT!!
HA HA HA!",CAG,1
facebook_corpus_msr_380595,sarkaar bhi gappon k gole daag rahi hai......sab politician ek jaise hi hain,CAG,1
facebook_corpus_msr_328120,"Please, take akshay as mastri for toilet. He will be know about work.",CAG,1
facebook_corpus_msr_1561801,So???  Uniform and the stars represent the great state and nation we serve how is that supposed to make us invincible to pain and sufferings...???,CAG,1
facebook_corpus_msr_331247,Ha..ha..ha..some people controlling a countries law and order...our judiciary is blind in this case...how can see it??? the eye is covered with a black ribbon...,CAG,1
facebook_corpus_msr_1978774,Grow up Indian Express its high time you start writing for people not just to earn money .... have some reputation or remove Indian from your organization name...,CAG,1
facebook_corpus_msr_1723068,How about we ignore you,CAG,1
facebook_corpus_msr_1762576,"Nusrat Nazir If the criminals are not punished, it is the governments' duty to punish them - if they do not then change the government. We have power to do that in a democratic country. What about the Kashmiri Pandits, did they get any justice? What are you doing about that?",CAG,1
facebook_corpus_msr_326761,"You read the news? The two were patrolling in border, Pak army no need to enter the India more than 10 metres you think in border army stand in line or those half a million soldiers stand at border. Literally it is a guerilla attack. Pak army did genocide in Bengal",CAG,1
facebook_corpus_msr_1731678,When ur son is going to jail?,CAG,1
facebook_corpus_msr_2137926,"But after taking pill, the patient went into coma .
Wrong pill.",CAG,1
facebook_corpus_msr_1893360,She believes only modi can do something. ...,CAG,1
facebook_corpus_msr_328323,price of dal n other can be up n down n it depends on lots of things. Again all party speak against Hindusiam.. that's one of reason they lost.. n they always worried about Muslim votes. And they support all IL legal activity of Muslim like Kashmir. Media even told 25% Muslim will decide who will win but hindu backfire them very badly. That's y they are craying...,CAG,1
facebook_corpus_msr_446613,Let's admit he is not a status quo PM He thinks and dares to act and face the challenge head on,CAG,1
facebook_corpus_msr_2018632,I luv puppies and its very difficult to leave them and go to work too...😊😊😊,CAG,1
facebook_corpus_msr_421000,"time for luxury ......relay the program in luxury time .....

is that sushma swaraj is the right candidate for president ....? 

what about her fitness ...under gone kidney transplantation ....sir give some rest for sushma ji",CAG,1
facebook_corpus_msr_386307,"Gandhi Killer Ram (Nathu) Temple in India......

Big Shame 4 India........",CAG,1
facebook_corpus_msr_1818440,Let's ban movies now :P,CAG,1
facebook_corpus_msr_1737096,Nowadays Indian Express going through a seviour identity crisis that's the reason now they are posting this kind of idiotic posts.,CAG,1
facebook_corpus_msr_1561913,"Misconduct with people shows one,s mentality",CAG,1
facebook_corpus_msr_1521903,n pigs r haram?,CAG,1
facebook_corpus_msr_334029,"Why use cops to fight a guerella insurgency in the jungle when real paramilitary troops can be created and be given a clear mandate?

CRPF is fighting with one arm tied,one eye closed and wrung with beuracratic hurdles that hinder equal benefits and logistical support.

You can't fight naxals with policeman.
You need real paramilitary units.",CAG,1
facebook_corpus_msr_380892,Hamare pm or raj nath ji kadi ninda bhar kar sakte hai,CAG,1
facebook_corpus_msr_503489,Create personality cult and taken political approach not act as director of RBI but as agent of Congress so called intelactual not greater than Indian economy or institution.  Why Congress didn't elect shree kalam for his second term,CAG,1
facebook_corpus_msr_1891380,"Not every African is drug trafficker or criminal Not every indian is rapist ,not every Muslim is terrorist , there are good and bad people  in each community ,Its media propaganda to divide people and rule ,if we unite the elites and politicians will loose there ground,all this problem are not community problem",CAG,1
facebook_corpus_msr_328333,Does debating such topics in TV really matters?I mean does it even make a difference to the people??,CAG,1
facebook_corpus_msr_452313,R they going to bring Chota Bheem r Big Bheem????,CAG,1
facebook_corpus_msr_1722975,Thats a separate issue dear friend.,CAG,1
facebook_corpus_msr_2018690,Indian express becoming new times of India....,CAG,1
facebook_corpus_msr_1735795,"Poverty is across the religions and castes. Unfortunately for vote bank politics, such thing is being done. Reservations should be based on economical grounds. Women reservations are also accepted. But not on religion basis. It should be immediately withdrawn. JAI HIND",CAG,1
facebook_corpus_msr_2020630,Hmmm caught the real cat now ;),CAG,1
facebook_corpus_msr_1818435,Now she will ban movies 😂,CAG,1
facebook_corpus_msr_450825,"That Mrs Indira Gandhi taken permmion from parlament 
That time BJP had 1 seat Janata dal n BJP was against  
East pakistan n west pakistan. If that time you was ap peon in RSS office",CAG,1
facebook_corpus_msr_446346,All mullas and madrasa students started their idiocy here as well,CAG,1
facebook_corpus_msr_450658,Why did Modi avoid speaking in Parliament inspite of repeated insistence by opposition,CAG,1
facebook_corpus_msr_1887375,Defence forces still not got 7  CPC,CAG,1
facebook_corpus_msr_451002,Good luck. I am afraid whether it will work or not.,CAG,1
facebook_corpus_msr_484744,Where do they all come from?--hot seat for old news poured into your brain ...welcome to hotel cnbc tv 18 ...such a lovely place such a lovely place   .......lryics dedicated for cnbc tv 18,CAG,1
facebook_corpus_msr_1805012,"Anna please be away from politics, Your bloody anshans very much damaged congress reputation, and you forget all your goals, you are totally directionless  better enjoy old age :)",CAG,1
facebook_corpus_msr_395267,Maybe Indian army kill 7 chickens in return HAHAHAH.....Indian army scared to face a world powerful Pak Army.....,CAG,1
facebook_corpus_msr_383162,"We win UP we save COWS , why we worry for soldiers , sleep in Ac room , why we want think about soldiers",CAG,1
facebook_corpus_msr_2241608,Everything that ever happens with With Modi it is always the first time ever in history. Guess he makes history every time he opens his mouth.,CAG,1
facebook_corpus_msr_2137950,So best remedy is to kill patient,CAG,1
facebook_corpus_msr_1689924,Where these tests were taken in jio office I think. I am not getting more than 200 kbps and that during night after 1 am.,CAG,1
facebook_corpus_msr_328095,"In govt place not done, th en what? in the railway station  not new and old are so detoriate like to investment 1 kg cement  and also to asked to a hakur to investment to rectified urrnial  consider rail occupied.",CAG,1
facebook_corpus_msr_1716145,Modi bjp rss is concerned about Muslim women who suffer due to  Triple talaq  OK gud but they don't show any concern about widows of vigilante naked  crime  murder looting etc that's why nobody support it on Triple talaq issue becoz its intention s are malafide.,CAG,1
facebook_corpus_msr_1775207,But EVM used to vote only fr bjp...,CAG,1
facebook_corpus_msr_470342,for enlightment refer my  second comment -buddha bless you,CAG,1
facebook_corpus_msr_502445,"I informed the authorities about NSEL, following a tip-off, 6 months ago. I wonder why they took so long in taking action. Monitoring and gathering evidence probably!",CAG,1
facebook_corpus_msr_2349567,"ibn,ishag992/Quran ,what they write on ,really u will shock",CAG,1
facebook_corpus_msr_2039506,"listen mate your eternal father MODI JI  is still your nemesis,",CAG,1
facebook_corpus_msr_1762564,"There is no equality in treatment of indian civilians belonging to minority religions and lower castes from govt departments. And the president has not spoken single word about it.
He talks about happiness. Irony",CAG,1
facebook_corpus_msr_2398036,Why not for every one why only for women only .why not men...men dost have pain..men are not humans??,CAG,1
facebook_corpus_msr_2111217,"secularism- is not an easy thing. I can say no political party is true secular in its behaviour. some appease muslims , in the name of minority and some appease majority. secularism is used  like  commercial advertisement. No  party is secular.......",CAG,1
facebook_corpus_msr_1805101,May be fear of called ANTI NATIONAL,CAG,1
facebook_corpus_msr_1735834,"WTF is this??? How r v, the meritorious general category public supposed to survive???",CAG,1
facebook_corpus_msr_2018600,People were bullying her for not pursuing career n now she has stated her opinion and people have started judging her... it's her mentality and opinion that doesn't mean working women consider their kids as puppies.. if she thinks like this then poor her,CAG,1
facebook_corpus_msr_444733,"It is enough of telling us about previous govrements failures ,listening to that we have lected you ,all the promises you have made speek about them  only",CAG,1
facebook_corpus_msr_1805115,Anna ji lokapal abhi tk nahi aya. Kab andolan karne wale ho? Ya sirf Congress k khilaf drama tha?,CAG,1
facebook_corpus_msr_1561885,U could hv give slap that MLA.,CAG,1
facebook_corpus_msr_397482,"Very true, who needs terrorists produced by Pakistan? :D :D",CAG,1
facebook_corpus_msr_451751,bye bye ..dear bajaj .. i got some better work to do than watching ur funny bike launch,CAG,1
facebook_corpus_msr_445778,This move by pm can't be digested by the corrupt people.indians should be proud that corrupt is being rooted out.next the education system should be corrected.,CAG,1
facebook_corpus_msr_474344,I think all types of notes should be Renewed 😂😂,CAG,1
facebook_corpus_msr_451122,My Support to demonitisation.. All muncipal corporations should cancel license for all shops who still accept cash...,CAG,1
facebook_corpus_msr_2280156,When is India banning visa to Pakistaniz.,CAG,1
facebook_corpus_msr_466320,"Manmohan ji 
U didn't speak ur words. U just spoke congress words",CAG,1
facebook_corpus_msr_233982,"Respected Person, pl all areas Handover to India Army and order to shootout every naksaliyon",CAG,1
facebook_corpus_msr_1617869,"Meghraj accidents can happen anywhere. Kolkata Traffic Police is doing their best to spread awareness about driving on roads, if people doesn't follow the rules they're responsible for their own accidents, stop blaming the entire Bengal for that.",CAG,1
facebook_corpus_msr_233627,"Sambit Patra...Is so pathetic.... Please come to the problem.....Stop giving accounts..... What is the action plan...He is so Shameless, that he just cannot Answer.....BJP...Can only be a good Opposition... They don't​know how to run the Nation.",CAG,1
facebook_corpus_msr_1833374,Cow is not more important than a human life. I think democracy is for the people not for animals.,CAG,1
facebook_corpus_msr_382230,"Sirf  dialogue pe dialogue aur kuchh nahi ,sab faltu bate NOTE bandi ke bad hamla bad gaya hay   Jai hind",CAG,1
facebook_corpus_msr_2367440,Now stone pelting would start against our army just as a gift 😑,CAG,1
facebook_corpus_msr_1521710,Great 👍 best of luck...keep trying....just identified an RSS fanatic,CAG,1
facebook_corpus_msr_2041542,"Really?? And what if your boss promoted his less talented nephew over you who so righteously deserve it having the best qualifications, ambition and acumen? Dear one ,WITH GREAT POWER, COMES GREAT RESPONSIBILITIES. If kj promotes nepotism why the veneer of this sleek , smart and conscientious gentleman? Who is stopping him? But then one needs to be image conscious in this world, rite?",CAG,1
facebook_corpus_msr_2379953,For UP..Elections..JNUSU playing The Dalit card..,CAG,1
facebook_corpus_msr_1403042,"When we drive abroad in other countries, traffic fines are huge due to which people take driving as a responsible & careful affair. Drunk driving is 6 months straight jail in some countries.

In India, we shift lanes without indicating, drive drunk, stand after the stop line at red signal and jump them without thinking twice of the serious implications. Non-existence of emergency lanes on roads. People not giving space to Ambulance & other emergency vehicles. I also lost my mother while in ambulance just because few people had more important places to reach and blocked our way. Believe me your perspective of driving would change completely when you are in a situation like that one.

So I fully support government's decision to make the fines at par with the global norms and hope that all the traffic violators get what they actually deserve.",CAG,1
facebook_corpus_msr_327613,they are not cowards this is the reality media is showing wrong,CAG,1
facebook_corpus_msr_221600,People voted only for Modi not for bjp or any other leader...,CAG,1
facebook_corpus_msr_470024,Modi starer Demonitisation Movie super hit. great collections of 07 days. Breaks world records.,CAG,1
facebook_corpus_msr_334344,Partha bro....your comment smells as if you like the concept of killing,CAG,1
facebook_corpus_msr_326336,Send cow vigilantes to the border it will help both end😂😂😂,CAG,1
facebook_corpus_msr_1453610,law only for poorman,CAG,1
facebook_corpus_msr_1525389,Wife is not meat.. Meat doesn't have its right but wife has.. You can choose meat to eat or not but you can't just throw your wife if you are married..,CAG,1
facebook_corpus_msr_379470,Modiji now its time to give control in the hands of Army.....,CAG,1
facebook_corpus_msr_432128,Can we know whom you want to be PM? Owaisi? @mohammad sufiyan,CAG,1
facebook_corpus_msr_2041533,Kudos Kangana taking a lone stand in an industry filled with cliques makes us realize just how strong you are anyways if anyone should leave the industry it should be Karan himself- you have more talent than he would have in ten lives,CAG,1
facebook_corpus_msr_490962,In a Religion driven economy - atheist becomes a threat 🤔!!,CAG,1
facebook_corpus_msr_1956924,"The author is very free with his words and has scant regard for balance, examination of different viewpoints and reasonableness of conjecture. But I guess he likes this brand of sensationalism which can earn him some brownie points among the armchair left-leaning liberal intellectuals",CAG,1
facebook_corpus_msr_405516,"Pakistan is an associate country..Vl be vanished  in 40-50 yrs from now..
Already Gwador port on lease to China for 40 yrs..China slowly building Colony in Pakistan...
Slow poison Vl vanish dem by Chinese..",CAG,1
facebook_corpus_msr_1922840,Why Delhi police let him go back.he should be jailed& met the worsttreatment,CAG,1
facebook_corpus_msr_334170,Kindly focus on nexus of drug Mafia as u promised before election...for Mrs Gandhi lots of chamche sitting in Delhi,CAG,1
facebook_corpus_msr_1649484,All devils muslims never stay peaceful  any Part of world you go to Works in Saudi Arabia  you are starring terrorist  acative idiot's,CAG,1
facebook_corpus_msr_1805071,"Thank you Anna for not joining AAP, Otherwise AAP may vanish early..!",CAG,1
facebook_corpus_msr_451732,Everyone riding this bike will soon turn into Ghosts. That's the message from Launch ceremony.,CAG,1
facebook_corpus_msr_2175507,"Only life time actor 
That too cz he's an old legend 
No doubt he was great bt his era has gone 
Now all he's doing is just timepass",CAG,1
facebook_corpus_msr_1818410,And whom to blame for rising violence against minorities?,CAG,1
facebook_corpus_msr_1525099,Yes they pelting stone at dog because u bites their children,CAG,1
facebook_corpus_msr_1521722,Bjp making a reverse action..because of thier gimnick cow meat is more popular in kerala..Bjp cant do any thing in kerala.,CAG,1
facebook_corpus_msr_438047,"In my view, dirty cash flow during Election Process can be checkmated if one keeps a close watch upon 2nd & 3rd ranking leaders & helpers - not party workers like personal drivers or typists across spectrum & all banking daily withdraws of around Rs. 20000.00 in relation to their economic, social & political statuses & overall local economic activities of local Economic Heavyweights across economic spectrum & credit bills above Rs. 10000/day of businesses like resturants, event organisers/business houses etc✔",CAG,1
facebook_corpus_msr_1887236,"Physical fitness, is not the prerogative of army, alone.",CAG,1
facebook_corpus_msr_1521648,"I'm a keralate and i don't eat beef 
I think all people have the right to have food of their own wish 
I don't know what's wrong with these BJP idiots",CAG,1
facebook_corpus_msr_422003,"do you believe this news ? .....lets us assume even if the news is real .....p.m election campaign from 2014 -

total number of days wasted -45",CAG,1
facebook_corpus_msr_1582267,Useless,CAG,1
facebook_corpus_msr_1521754,"We in kerala do not have caste system like in the north and we all live in harmony be it Johny,Janardhana or Jafar!! Dont poison our state like UP Maharashtra etc!!",CAG,1
facebook_corpus_msr_1801404,Sad but nothing compared to Hindus getting killed in Bengal kerala,CAG,1
facebook_corpus_msr_1561866,FIR should be registered against MLA.,CAG,1
facebook_corpus_msr_489489,ironically Mumbai also has the 2nd largest slum in Asia ..Dharavi,CAG,1
facebook_corpus_msr_466373,"Atleast his speech has facts unlike that of modi, full of lies and crying...
anyone can speak against wrong deeds specially when someone disable 90 % of people to get their money from their accounts and eventually disable all middle and lower section people to get basic needs of life including  food......
u know what i mean by 90%",CAG,1
facebook_corpus_msr_474346,Government should see that common man should not be in trouble,CAG,1
facebook_corpus_msr_326831,"Hammad Ahmed don't u think this 1 truly a surgical, which enemy claims while we don't",CAG,1
facebook_corpus_msr_1964744,Demonetization did great service during election!!! Look at UP results!! Mafios especially that Dalit mafia queen could not unload black money during election!! See the outcome!!,CAG,1
facebook_corpus_msr_2032084,"Are you living in this planet or with 72 virgin hoors @ ubaid 1qbal,  pls check Google or you tube, you will get what you want there,  how disgusting you people are trying to distort the reality, shame on you",CAG,1
facebook_corpus_msr_506981,WoW!! CNBC-TV18 could not find a picture of an Indian Loco!!! Using Chinese Loco's...,CAG,1
facebook_corpus_msr_2280125,Dike Chukwudi Henry two wrongs do not make a right but as always no one talks about this stuff in the west,CAG,1
facebook_corpus_msr_395555,Anti bjp groups are on paralizing mode....they cant recover ....going to be worst condition more n more,CAG,1
facebook_corpus_msr_330004,"You come to Tamil Nadu man, right now no such problem here, but we have many other problems",CAG,1
facebook_corpus_msr_2117628,Nothing my dear. You lost your husband and only you will suffer life long and your family with you. Others will just do the lip service. God bless his soul to be rested in peace,CAG,1
facebook_corpus_msr_469606,"If Rupee is Lakshmi, Old Lakshmi is visiting temples nowadays!!",CAG,1
facebook_corpus_msr_2349590,Please search some humanity in Syria too,CAG,1
facebook_corpus_msr_1712684,"As cow vigilantism sweeps across Uttar Pradesh, cattle-sellers go online to sell their cows.",CAG,1
facebook_corpus_msr_432555,Real pm who will take indians to hights or down,CAG,1
facebook_corpus_msr_2032101,now dont start discussion and waste my time.i am going with his fathers statement which is strong message.rest lies with intelligence agencies to decide not me or you.you people have no time rather pointing different angles# Venkatarama krishnamurthy,CAG,1
facebook_corpus_msr_2082628,Fascist order by fascist government...!!,CAG,1
facebook_corpus_msr_1582243,"Rajit Raja China aint communist now, only aperson with ZERO knowledge of economics will categorise it as communist.",CAG,1
facebook_corpus_msr_450924,How come u gave tax exempt to political pupil what is the use doing all ?,CAG,1
facebook_corpus_msr_2018567,"Working or not working is a personal choice..the way Mira minds people having judgements about her being a house maker the same way she shouldn't be judgemental about women who work after having babies 
Working after babies no where means these women love their kids any less than she..some don't have a choice due to financial constraint..some choose it because they want to..as simple as that",CAG,1
facebook_corpus_msr_399527,Pak army is layer all offiser are donkey tjey have no guts to fase indian arme on frontline,CAG,1
facebook_corpus_msr_1804926,"Let us call a spade a spade Anna ji. You will go down in history as the person who ushered an era of Anarchy in the country. Atleast one generation will pay the price for having supported your so called followers. Harsh words, i am afraid, but true. Truth hurts, doesn't it?",CAG,1
facebook_corpus_msr_2117687,Thanks to Trump and all racists😣,CAG,1
facebook_corpus_msr_1723052,Very Well said 🖒,CAG,1
facebook_corpus_msr_1805256,An old man who is handled by the most dangerous politician in history,CAG,1
facebook_corpus_msr_2127022,After this the story will be same till next election people will suffer for voting.,CAG,1
facebook_corpus_msr_326302,"Pak Army intruded into Indian terrirtory, killed indian soldiers, had some laugh cup of tea with biscuits, mutilated their bodies and went back to their barracks, now tell me while this all rubbish was happening what were indian border forces doing watching mia khalifa and sunny leone?",CAG,1
facebook_corpus_msr_1622411,"If Dalits not pushing science in India , then there could total choas and illogical things will emerge ..like black vs white, women vs men , short vs tall .. eventually will lead to Delhi Sultnate returning to power ..then British ..why to repeat all history again.",CAG,1
facebook_corpus_msr_1561824,Yogi Adityanath should have come in her support .His support would have salutary  effect on the loose cannons in his party.,CAG,1
facebook_corpus_msr_443241,Ask them how many days it takes to print in 5  lakh crores,CAG,1
facebook_corpus_msr_445704,"If citizens of India had cared for country, would Congress have looted country for 60 yrs. Let us now remain awake in this awakening ,support modi till he cleans all the mess .",CAG,1
facebook_corpus_msr_1722767,Do you like icecream?,CAG,1
facebook_corpus_msr_1804977,now it looks advani & MM goshi and other terrorists are not in the race for president post. So Anna is appeasing modi to get a chance. oooo,CAG,1
facebook_corpus_msr_331402,"Killing Kurds , yazidis , collaborating with ISIS and you r terming them ummahs best leader in the world.
Nonsense.
Pakistan is also ur ummah then",CAG,1
facebook_corpus_msr_397654,"India producing engineer , tea , iitian but mighty pakistan producing terrorist",CAG,1
facebook_corpus_msr_433408,nursery kid should be in their respected  class ......beware you will be lost in the crowd dear,CAG,1
facebook_corpus_msr_506746,"Hai cnbc tv 18.....brain game do watch National geographic channel there by you can recognise true and false facial image created examples actors , false smiles , etc.........muscles of your face . your brain is also highly adopt at recognizing what other peoples' faces are saying...now match your candidate also ...this comments in totality not for any particular subject please .",CAG,1
facebook_corpus_msr_2111172,RSS people starts boiling when any body says about secularism and start giving their own bised definition of secularism. This communal thought was first inducted by Sarwarkar in the year 1910 in Indian freedom straggle and and terminated at the birth of  RSS in 1925 along with another communal organisation MUSLIM  LEAGUE. These organisations seldom taken part in the straggle of India.,CAG,1
facebook_corpus_msr_425927,"Utter bs.
He was sleeping all the while since GST is being discussed.
They all are in deep slumber & taking a break on TV.",CAG,1
facebook_corpus_msr_1521749,I am cutting a pig right now. ..wanna taste it  ??,CAG,1
facebook_corpus_msr_1897740,Top university for raising anti-national slogans???,CAG,1
facebook_corpus_msr_400384,He slaped indian journalist when he tried to RELATE KASHMIR ISSUE WITH KURDS ISSUE.......I GUESS INDIAN SHOULD REMEMBER THAT TURKEY ALWAYS SUPPORTS PAK ON KASHMIR ISSUE......AND ALSO SEE THE INTERVIEW ..LOL!😂........AND YOUR MEDIA WAS COMPairing him with...CHAI WALA!😂,CAG,1
facebook_corpus_msr_2018599,"How else can a doting house held lazy mother justify her life to herself!!!! Well!!! Ms. Rajput... It's probably the most u are capable of.... 
We the kids of entrepreneur woman are actually puppies we learn to be independent very soon and that's what a good parenting calls for....",CAG,1
facebook_corpus_msr_1818390,"OMG. Indians are masters of blaming others for their failure. It seems majority population is not influenced or learned from Ramayana, Gita, Mahabharat, upnishad,  Puran, But they get everything from movies. Ha ha",CAG,1
facebook_corpus_msr_497046,"Ha has gone to Kailash Yatra, after returning back he shall comment on Indias economic reformation.",CAG,1
facebook_corpus_msr_1723462,"He mean when the baby cry while he sleeping  he get disturb of carrying noise so hold the baby's neck 
This is all drama for to get fame only 
Enough now by the using religions 
Now we all Indians are aware of those all",CAG,1
facebook_corpus_msr_1723925,National award on the way !,CAG,1
facebook_corpus_msr_2032209,I think you are Rahul Gandhi supporter,CAG,1
facebook_corpus_msr_2111226,"Who is speaking? Head of a party who execute with the cruelest methods any one who are found to be a threat to their growth, even their own cadres or Leaders who may desert Party. Even Mussolini or Hitler will shudder if they see the method of murders this inhuman party did. They failed miserably in West Bengal. Now many right thinking citizens are rejecting the polarisation jumla of both Congress who are habitual corrupt and Communists whose DNA is political murders and joining BJP refusing to be mislead by their Vote Bank Lies of communalism. Vijayan's party as well Cingress are scared and worried about the erosion of their cadres to BJP and hence unleashed a dirty devilish Malicious  Communal Campaign coupled with murders and clashes on BJP. But this has become outdated and Congress is swept to a corner in Centre. Same experience will meet CPIM and Congress again.",CAG,1
facebook_corpus_msr_2041587,That's male ego talking.. 😈,CAG,1
facebook_corpus_msr_1582196,"Such a horrible article. Quotes the Pope on Marxism as if he is the authority to go by. The highest income inequality today is in Russia of all countries and yet Marxism is the panacea. The attempts to create Marxist utopia have given us horrors of Stalin, pol pot, Mao, Castro, and Hugo Chavez and yet this belief of infallibility of Marx hasn't gone. It is almost if Marxism itself is a religion.",CAG,1
facebook_corpus_msr_2073033,"Where is bhaiya ji joshi , kiren rijuju, anil vij , naidu sir all are silent on thus",CAG,1
facebook_corpus_msr_1956984,Poor interpretation and misrepresentation of facts,CAG,1
facebook_corpus_msr_1804945,"Anna has lost the faith of people.He is not saying a single word about faulty EVM ,misuse of Governors,misuse of all the institutions by corrupt Hippocrate Bhajpa.",CAG,1
facebook_corpus_msr_451763,"I waiting for the launch,,, but I surprised by this performance done at launch",CAG,1
facebook_corpus_msr_2018513,getting married to guy ten years elder to u and while hes going places .. you stay home in the name of motherhood and homemaker is only something who got marid for chilling on someone elses hard money can do.. hard working independent gals have to work to fulfil dreams buy house gve good future and raise independent kids,CAG,1
facebook_corpus_msr_115605,"I toh everytime say this 😂😂😂
You r the one crying all time :p",CAG,1
facebook_corpus_msr_1723198,I like surprises would wait prepare urself n be happy,CAG,1
facebook_corpus_msr_446747,Y it was not an immediate step rather than an informed step..,CAG,1
facebook_corpus_msr_1521802,and that logic comes out of chapter 29 verse 37 😂😂😂😂,CAG,1
facebook_corpus_msr_1521752,"Lol, about 55% of Kerala's population are Hindus, and most don't have a problem with it. What makes it YOUR moral right to speak for them? 55% of the population wrong? Or you don't get maths and logic? Go on, blah blah blah...beef...aiyyo!",CAG,1
facebook_corpus_msr_462577,CASH- LESS...That is Modi's dream.Don't tell me that he has achieved it so faast !!..I don't quite trust the Russian diplomat?!!!!,CAG,1
facebook_corpus_msr_325776,It has to be a 'military 'retaliation and not diplomacy. Paskistan does not believe in diplomacy because they don't believe in it. They believe in combat with weapons that were given to them free by their coalition partners viz U S and some middleeast countries. They have no money to buy weapons,CAG,1
facebook_corpus_msr_334276,My friend 1400 crore has been spend in 2014 election by BJP. Which is most expensive election campaign ever in India. 42% of the total money had spend on media for fake or brain washing publicity.,CAG,1
facebook_corpus_msr_378988,मै ये बिल्कुल पसन्द नही करता कि कोई गाली गलौज करे पर सरकार की जबाबदेही बनती है एक सप्ताह मे दूसरी घटना  सरकार लाचार दिख रही},CAG,1
facebook_corpus_msr_2018490,Madam working women make more successful everything !!,CAG,1
facebook_corpus_msr_418329,"Due to Worse Policies across the country TamilNadu Farmer's are Hunger Strike at Jantar Mantar, Delhi demands for Waive off Agriculture Loans and Drought relief Scheme to be Sanctioned, As on Now Central Govt haven't took any reasonable Empowered Scheme for benefit of Farmers. TN State Govt had requested Central To Sanction Drought relief Scheme Funds But Central Govt didn't addressed Till Now?? Agriculture Ministry Says Financial Burden for UP farmer's loan waiver shall Takeover By Central Exchequer ,Why Not for other Farme's across the Nation?? #Agri Ministry says Farmer's Lost their Lives due failure & Incomptance. 
I Hope Honour Narendr Modi Shall remember that he Is Prime Minister of  Nation Not only For Uttar Pradesh.",CAG,1
facebook_corpus_msr_331446,A man self obsessed with religious ideology even in friendship couldn't be a trustworthy. Let him go back without any further talks.,CAG,1
facebook_corpus_msr_1561790,Well this is quite normal .. if the lady can't bear it then she don't even have any OLQs... Yeah it's in public but nominal one... He just scolded her ....,CAG,1
facebook_corpus_msr_1805751,He should be transported to Afghanistan,CAG,1
facebook_corpus_msr_1805072,It will soon vanish from Delhi also then back to Pavilion.,CAG,1
facebook_corpus_msr_1723937,Nothing wrong in sinus tweet,CAG,1
facebook_corpus_msr_1176727,Then why you are killing our own people there ?He took so many days to understand this simple thing,CAG,1
facebook_corpus_msr_426046,Haha.Modi said demonetization will remove fake notes & black money. Nobody can remove corruption. And now fake money.,CAG,1
facebook_corpus_msr_443980,I do not believe this. Government must see down to the common man. See how common people are suffering. See how people are gathering new notes.,CAG,1
facebook_corpus_msr_451078,He cut head  all of poor peole of our India,CAG,1
facebook_corpus_msr_1737141,Wrong statement made by #Indianexpress 👎,CAG,1
facebook_corpus_msr_451138,"This country requires cash at this moment, not your political speech.",CAG,1
facebook_corpus_msr_379062,Abhi thodi der me modi ji tweeter SE hamla karenge modi ji desh ko chinta karne ki jarurat nahi ha,CAG,1
facebook_corpus_msr_1805162,I dnt knw y inteelectual like u is also behaving Narendra paid bhakts...Srsly msurprised,CAG,1
facebook_corpus_msr_420687,"He is considered to be hardliner.By appointing him CM ,BJP is going to give the message it is serious about the construction of Ram Temple at Ayodhya.",CAG,1
facebook_corpus_msr_1919944,Covering AAM from GOVt schemes is OK. But Delhiwalas don't want to see the face of Kejri as well.,CAG,1
facebook_corpus_msr_447461,printing new notes cost money and those banned costed and was all waste .. why dosent he get forign bank details of his political party people,CAG,1
facebook_corpus_msr_1710277,RM and Sushma Swaraj are the only working people in BJP. Rest are just religious politics and campaigning...,CAG,1
facebook_corpus_msr_394495,"Oh do you know where osama bin laden has been found ?? 
Who started taliban  in 1992 ?? 
Even your x President musarraf excepted that they sponsored terrorism and osama is your hero",CAG,1
facebook_corpus_msr_445780,It should b one same like demonitization... It is rather an informed measure to take the rectification step to avoid mistake,CAG,1
facebook_corpus_msr_445174,Some messages shows how they got their hands burn by demonisation,CAG,1
facebook_corpus_msr_445802,"Correct decision but horrible implementation !
Next steps for any honest PM including him:-
1) All elections to be funded by the Election commission thru special credit cards issued to the extent allowed. 
2) All parties to abide by the limit in case any candidate found exceeding limit he should be declared the looser even if he had won.
3) immediately enforce BTT ( Bank transaction tax which should not. E more than 2% of the value used.
4) No income tax to be more than 10%
5) Sack any one found guilty of corruption without any recourse to courts. Amend service laws 
6) Cover the agriculturists by tax which should not exceed 5%",CAG,1
facebook_corpus_msr_469148,Bhai did u see 2022. Not every politician is same.,CAG,1
facebook_corpus_msr_2349535,so as per whole world plotting conspirocy aginst your religion....LolllZZZ,CAG,1
facebook_corpus_msr_451106,Foreign style attitude. It really works and has to be implied,CAG,1
facebook_corpus_msr_444140,Think so he has won with a blast keep up that rapo so modiji need not beg for bote,CAG,1
facebook_corpus_msr_469146,Every single politician has been saying that for the past 69 years. So only time would tell if 2022 is gonna be any different.,CAG,1
facebook_corpus_msr_1521639,You wanna eat pork it is your call then.we won't stop you.we wanna eat beef it is our call then.you don't stop us.free country free choices.fair and square.,CAG,1
facebook_corpus_msr_2082697,Fake news,CAG,1
facebook_corpus_msr_556266,"I feel the Govt. Should remove all subsidies, let PSU to do buiness on their own not pressurise them. And beleive in ""Survival of the fittest""",CAG,1
facebook_corpus_msr_1804999,"At least Arvind Kejriwal has done something for the society at large. Anna, hand in glove with BJP, is thinking at it's lowest mental level. Shameful !!!!",CAG,1
facebook_corpus_msr_1804903,"WTF, a ruling party is not allowed to have their office in the state, Anna Hazare dont know how many offices BJP, Congress, SP, BSP have in Delhi and in other states....",CAG,1
facebook_corpus_msr_334032,maybe you need to research more on why there are Maoists in that part of india in the first place. Understanding the problem will give you a wider perspective and maybe even how to better deal with them.,CAG,1
facebook_corpus_msr_451713,First improve your service MR Rajiv. Your service guys are sick they can't handle a RS200 properly and the D400 fate gonna be even worse,CAG,1
facebook_corpus_msr_1582246,hahahahahahahhaha. China is communist.hahahahahhahajajahahha.  If anything Its right wing with no democracy. Look at Uighurs and Tibetans If Chinese were Communist monks would've still be living in Tibet and So would Uighur atrocities would be none.    China is country lover Communists are people lover not country.,CAG,1
facebook_corpus_msr_446278,Maximum no. Of politican is caught having black money at home is related to BJP on that what PM is taken action,CAG,1
facebook_corpus_msr_451128,Remove reservation.. continue providing financial aid to under privileged. Let Merritt prevail in jobs.,CAG,1
facebook_corpus_msr_379527,राष्ट्रपति चुन होने दो यारो   पाक हो या कश्मिरी पत्थर बाज इनी नानी,CAG,1
facebook_corpus_msr_1588056,"Nice ,we are sponsoring WORLD CRICKET but can't find sponsorship for eliminating poverty!! Sad",CAG,1
facebook_corpus_msr_1956970,It is the worst of times; it is the age of foolishness; it is the epoch of incredulity; it is the season of darkness; it is winter of despair; we have nothing before us and we are already in abyss.,CAG,1
facebook_corpus_msr_474266,Y to go bank right now if you have white money... stay calm and support govt. We have open window of 50 days. Exchange it in 50 day and do not rush to ATM machines immediately....,CAG,1
facebook_corpus_msr_1805646,becasue anna is RSS man,CAG,1
facebook_corpus_msr_451746,Guys I figured it out they are singing opera in advance for your funeral as 400 cc on Indian roads will kill you lol...,CAG,1
facebook_corpus_msr_446529,Good but Why not say it in parliament to hear a counter view ?,CAG,1
facebook_corpus_msr_1521681,"Ok now u wanna debate on wether we should eat non veg or not. I m all for it dude,eat whatever u want just don't mock my beliefs in my own land. Just that. Besides beef u r free to eat anything , we r not against non veg.",CAG,1
facebook_corpus_msr_1723387,Such comment by such a public figure is quite annoying bcoz we should not b against such sort of things as we live in a country with a lot of cultural and religious diversity so if people r mentioning  such sort of creepy things where everyone of us live in brotherhood inspite of all this we should respect everyone's feeling and believe,CAG,1
facebook_corpus_msr_2398052,Oh really,CAG,1
facebook_corpus_msr_444064,Y he is not recovering loans from big corporates who owe to this country,CAG,1
facebook_corpus_msr_2041535,"My dear, vishesh films which is Bhatt's production bring Kangana a star status 
 To sm extent  she is correct but als talking such rubbish is wrong 

She even herself is promoted by Aditya Pancholi....",CAG,1
facebook_corpus_msr_1582240,"It's a failed philosophy and failed model.Latest example is Food  Riots and economic meltdown, 1000% inflation in Venezuela Country which has similar model.",CAG,1
facebook_corpus_msr_452395,Comparing gt to Duke is like comparing your girlfriend with your drandma,CAG,1
facebook_corpus_msr_1805451,He created a Bhasmasur.,CAG,1
facebook_corpus_msr_328664,"You r not in opposition..
Don't write love letter to pak",CAG,1
facebook_corpus_msr_2128632,Why to vote these goonda party vote to Modi and BJP,CAG,1
facebook_corpus_msr_1441471,Yaar NDTV instead of showing path how to make a good bill you are make it a drama...we dont admire you NDTV your are a fake channel,CAG,1
facebook_corpus_msr_1945572,its betar u became a yogi and compare urself,CAG,1
facebook_corpus_msr_445579,Great Move Modi jee u have set another example  king nd its fraternity will always get cake.. Its the foolish 'subjects' who r sufferer. I did not dare to use wird 'citizens'.. Still i will wait for ur move for party money management.. Alasss once more..,CAG,1
facebook_corpus_msr_401352,"Surgical strike is one type of piles operation, Doctor says it's done successfully but patient want to keep it secret.",CAG,1
facebook_corpus_msr_464912,I guess this is IDS and not demonization! Govt has not gathered any thoughts. Just giving heroic statements will not run well for long term,CAG,1
facebook_corpus_msr_409191,SHANTHI PURASKAR COZ AFZAL GURU KASAB STIL LIVING AND ALL CURREPTED LEADERS ARE FREELY ROMING ON THE ROADS,CAG,1
facebook_corpus_msr_2018636,Why dont you tell ur husband to do the same??afterall misha is not a puppy!! :D,CAG,1
facebook_corpus_msr_233538,Please stop giving the term SAHID for this kind of killings. This is clearly murder due to the weak approach of government. They are useless. Why can't they allow army to take the revenge after killing those rats.,CAG,1
facebook_corpus_msr_1722923,"For God sake, india is a free country and he's an Indian first, a Hindu and a father and then a celebrity! What's up with you ppl and drawing conclusions and making your own presumptions! It's his account and he has every right to tweet what he feels! If idiots react? Too bad!",CAG,1
facebook_corpus_msr_2333602,"What else can you expect from criminal RSS,BJP, leaders in power.",CAG,1
facebook_corpus_msr_2175498,"Why does he deserve my respect? What has he done to earn it? Nothing. My respect is not cheap to be given freely. It is given only to deserving people. 
Don't cheapen respect by giving it freely.",CAG,1
facebook_corpus_msr_332732,This is utter nonsense a big compromise with the safety of passengers . Drivers must be punished .,CAG,1
facebook_corpus_msr_322316,Simmi Nadeem Siraj porki from poopistan! Shame on u! U r sayin a lol,CAG,1
facebook_corpus_msr_1945569,"MR.kunder ,are you gone mad.....",CAG,1
facebook_corpus_msr_324661,Why isn't anyone sending bangles to the PM. I remember a women who told that she will send a bangle to the ex pm last time when they attacked.,CAG,1
facebook_corpus_msr_328098,In Kolkata really to asked be available either by govt or by local arrange or petrol pump or hospital near to shealdha station to avoid rail failure,CAG,1
facebook_corpus_msr_334918,Where is the MLAS. Who will elect him. Knowing that he can't get elected he is playing drama,CAG,1
facebook_corpus_msr_331606,It's million not 'billion' dollars.  Don't u guys proof read your articles before posting?,CAG,1
facebook_corpus_msr_442856,Darshil Patel. Patel Parth. I think you should also start speaking😂PPrem Dave,CAG,1
facebook_corpus_msr_1945586,Why Indian Express have to try to defend his statement?,CAG,1
facebook_corpus_msr_474666,Introducing 2000 will help black money transactions easy...good Initiative 😆 2 more yrs,CAG,1
facebook_corpus_msr_2032233,you need to study law before saying anything to Indian express,CAG,1
facebook_corpus_msr_450797,Deepak u tell us wat should have been done to get back the black money,CAG,1
facebook_corpus_msr_431284,"emerging India emerging actor Narendra Modi Ji, enough of speaking we need to see implementation, we all know you can market your thoughts well, we need more implementation, speaking about the same one good thing all the times does not help. stop the blame game of pointing congress we all know the history, what we are interested is the future",CAG,1
facebook_corpus_msr_1723803,Important n needs follow up n check up in Masjids n their wrong messages in prayer time !,CAG,1
facebook_corpus_msr_1723224,Are you mad,CAG,1
facebook_corpus_msr_2082945,She is the cocaine girl. What is wrong in that ?,CAG,1
facebook_corpus_msr_1804835,"Anna didn't talk about Kashmiri Pandits, triple talaq, malda voilance.... And so on... But the BJP is not calling him pro Congress...",CAG,1
facebook_corpus_msr_671869,Kejriwal is honest person but politically immature better than modi bjp,CAG,1
facebook_corpus_msr_1902066,Now the barath  jalavo party will come up with new version  of development.,CAG,1
facebook_corpus_msr_1805412,Anna is not the same Anna....,CAG,1
facebook_corpus_msr_1723380,Sonu sir please don't comment on any religion. Every religion have its own respect so don't mention particular religion if u have problem with loud noise then write on that electronic item........,CAG,1
facebook_corpus_msr_1724045,He have a great idea....,CAG,1
facebook_corpus_msr_2032153,Here comes a human rights activist who's concerned only about criminals,CAG,1
facebook_corpus_msr_2199186,he is angry why buffaloes are not mentioned,CAG,1
facebook_corpus_msr_447283,People wake up. Just look at the disruption in common people lives and no impact on wealthy people.,CAG,1
facebook_corpus_msr_444149,every thing is right but as an entrepreneur business hve slash dwn sevourly and Rent of the shop are as past. ie incumg flow has decline rapidly and outgoing flow r still increasing. its become vey difficult for a lay man to survive,CAG,1
facebook_corpus_msr_469417,"It is a BIG repeated lie when they say there is no shortage of currency. Almost all banks are refusing to give the assigned quota of Rs.24,000 per week. Instead most bankers negotiate with the customer and give not more than 10,000. The complete system is in a disarray.",CAG,1
facebook_corpus_msr_324383,Ambulance is for cows not for human beings...unless they don't need for themselves...idiots still voted for them,CAG,1
facebook_corpus_msr_1731664,Who listens Lalu!,CAG,1
facebook_corpus_msr_444020,"This is one step , there may be more step",CAG,1
facebook_corpus_msr_435312,"why you guys are reporting to see us , where is the govt officials ? .....from HR",CAG,1
facebook_corpus_msr_1493857,"How can sme1 appeal wen he have nt given any rights,any lawyer,cannot even contact his own country..fr help..nd uh ppl can hang him immdediately like uh did with sarbjit coward army..",CAG,1
facebook_corpus_msr_1737055,I guess #IndianExpress and #ABPNews didn't watch that video properly😡😡,CAG,1
facebook_corpus_msr_1723270,"I wud rather call it noise pollution, but forced religion.
Coz, i smtyms feel that these speakers are nt allowed in any gurudwara, jaagran, masjid, mandir coz they smtyms really disturb at nyt, during exams
Or if they are allowed den their volume should be maintained to a limit.",CAG,1
facebook_corpus_msr_1521859,The hartal was against illegal meet stalls not for beef ban..paid news??,CAG,1
facebook_corpus_msr_2137940,"what did we get from it ? joblessness and lower GDP. "" in long run , we , all r dead "" - J. M. Keyens.",CAG,1
facebook_corpus_msr_1639560,"Wow, before winning they didn't have to do it? Nice journalism!",CAG,1
facebook_corpus_msr_1893412,"This is not some mullah nation to jail people for getting seperated. If you want a divorce, man up like every one else, go through the courts, go through counseling, commit to alimony and child support. This is not 7th century.",CAG,1
facebook_corpus_msr_444719,"This is a start of a political reengineering process. Those political parties who are opposing demonetization have already started reading the writings on the wall. They will not be able to play politics in the name of poor, the method hitherto  being followed, as poor is going to be a state of past. All political parties are not yet equipped to face that situation and hence the hue and cry. Good luck Mr. PM. Let's keep our fingers crossed.",CAG,1
facebook_corpus_msr_2018500,People born with golden spoon shouldn't give statements like this... Had she seen some struggle to provide a better future for children she would have known the importance of a working lady..,CAG,1
facebook_corpus_msr_2111352,how many people get killed by cpm party supporters in keral in one month?,CAG,1
facebook_corpus_msr_1805067,Even we have lost hopes in Anna Hazare....He is not worried about corruption now,CAG,1
facebook_corpus_msr_1610628,another Jumla from Bhartiya Jumla Party.,CAG,1
facebook_corpus_msr_446477,All Govt. Offices should have CCTV camera inside the rooms.,CAG,1
facebook_corpus_msr_1805318,No Mr Anna Hazare is mis guided-there is fact,CAG,1
facebook_corpus_msr_1561861,Really shameful,CAG,1
facebook_corpus_msr_1723213,"If you have complaints against other loudspeakers early morning, they also need to be following law within decibel limits and timings",CAG,1
facebook_corpus_msr_461455,"If you still think Cho was speaking as a sycophant of Modi even after his demonetisation move, you must be extremely anti-Modi.",CAG,1
facebook_corpus_msr_2018577,"I think every female has a right to choose the way she wants to lead her life and dear mrs shahid kapoor no mothers daughter is a puppy whether she is working or a homemaker
Imagine if ur gynaecologist at the time of ur delivery said that i cant leave my daughter and come for ur delivery as she is not a puppy then what!",CAG,1
facebook_corpus_msr_1805289,"Oh, Anna Hazare, still alive?",CAG,1
facebook_corpus_msr_1763620,Cry Baby,CAG,1
facebook_corpus_msr_2082578,People will show the doors to modi government,CAG,1
facebook_corpus_msr_451109,After ur speech I think black money holders also support u,CAG,1
facebook_corpus_msr_420684,I would like to congratulate CNBC 18 for getting so many record breaking comments. 😂 Never seen so many comments your post. Never knew there are so many hasty and self proclaimed political gurus in the country. Zero level of critical thinking in most comments.,CAG,1
facebook_corpus_msr_2377405,Do you know whether i did or not? Buttwipe,CAG,1
facebook_corpus_msr_443957,why showing emotions is bad ...? i dont feel so despite of how he dresses how he talk and how he live the real question should be are we growing with him ...and i find yes we are..,CAG,1
facebook_corpus_msr_2111206,"This newspaper is funny, It did not mention in heading who is Pinarayi Vijayan,  thus giving impression that this statement was made by  some RSS leader. 
Indian express is master of misleading. 
This news was posted at 5.30 morning.  I wonder when was this statement made?",CAG,1
facebook_corpus_msr_2127038,Just 2 seats more than BJP 😜,CAG,1
facebook_corpus_msr_379391,modi Hai to ek politician ye sabit hua.desh bhakti shirf ek chola hai.jis per shirf rotiya hi sekhi jati rahege.aur jawan sahid hotey rahege.,CAG,1
facebook_corpus_msr_329703,height of stupidity.. respecting an animal but disrespecting a lady woww!!!!fights on what to eat n what not to.. put Kajol in jail she should eat according to indian law,CAG,1
facebook_corpus_msr_379812,"If this news is to be believed, the Pakistani army is not following the military ethics at all.
Thank you",CAG,1
facebook_corpus_msr_326915,"Don't worry, indian army too won't mutilate pakistan soldiers bodies.......third party would do this...",CAG,1
facebook_corpus_msr_1723485,"Thanks for My non-Muslims bros who condemn Sonu's tweet...but some people are commenting abt noise pollution n they said that Sonu's tweet abt noise pollution... But one thing i wanna ask them that, is musical concerts reducing noise pollution...?",CAG,1
facebook_corpus_msr_1561820,BJP MLA is most powerful position today. Police officer need to understand.,CAG,1
facebook_corpus_msr_1723218,He specifically said abt Muslims and their Azaan. How is dat right?,CAG,1
facebook_corpus_msr_2127066,Indian express you are too funny,CAG,1
facebook_corpus_msr_1582202,Harish Kumar and kerala too,CAG,1
facebook_corpus_msr_2073038,"how many of you guys know that all internal war Syria is facing was started from Alleppo university and university of Damascus..., if you don't then Google it.....l think we should stop this type of cancer from spreading in our country.",CAG,1
facebook_corpus_msr_452197,seeing all these i guess the dominar dont work in the mornings,CAG,1
facebook_corpus_msr_334988,"Seriously? Have you ever watched. Decent Tamil or Malayalam movie? Actors who did some acting are the Tamil Actors! Remya Krishna, Nassar and Sathyaraj. Direction was not as good as part 1. So many animation flaws. How could the head of the golden statue float on the last scene?",CAG,1
facebook_corpus_msr_2280110,check khaleej times website ...This news is false,CAG,1
facebook_corpus_msr_1521736,Nidhish Nair like his North Indian counterparts are waiting for that 12 lakhs to fall into his account .,CAG,1
facebook_corpus_msr_1805381,Anna g bjp join karke sahi kiya z plus security mili h,CAG,1
facebook_corpus_msr_324654,"Has he got bangles on?? No not yet, I guess Ms. Irani didn't receive the 1000/- yet😂😂😂😂😂",CAG,1
facebook_corpus_msr_2082486,Long back charges on withdrawal were introduced but later had to withdraw. It is unethical. Bank fully utilize clients funds and it was held illegal. Better checkup past experience.,CAG,1
facebook_corpus_msr_416594,"A way of thinking : it's not a loss it's an aggregate of savings of per capita household income, savings of hospital expense caused due to accidents after drink and drive , savings on every house income that goes to govt which is earned by either the lady of the house or the man which can now be spent on something better, savings on the stress caused due to fights between the wife and husband due to drinking, savings on the physical abuse happening in so many homes, saving the child from watching the trauma caused by the fights between his or her mom dad",CAG,1
facebook_corpus_msr_1972706,"The ""reason"" behind the loss in UP is very easy to explain. Pimp Shriman Pappu Maharaj riding bicycle 🚲 with Akhilesh had flat tires . It could not therefore meet their constituents waiting for free laptops and iPhone.",CAG,1
facebook_corpus_msr_413442,et says they crushed cnbc ....you people say we crushed times now ....so both of you people do not speak facts ......then how can we trust market news ...,CAG,1
facebook_corpus_msr_439699,"Mr Ashish of #knowyourcompany, teach this guy se manners, how did he spoke to MD of Specialty restaurants. 
Just to mention on the service charge issue if the comment of the hoteliers committee was arrogant, then just see the episode once again to see what you did there. 
You are nothing as compared to him, these things don't look good on television, we didn't turn it on to see your arrogance.",CAG,1
facebook_corpus_msr_450697,"First American hate him now American  love him, he know how to make tomorrow better.  Who hate him today will fellow him in coming day's.",CAG,1
facebook_corpus_msr_474271,We appreciate the bold move but NRIs who don't have plan to travel to India in 50 days or say till 31st of March will be in trouble.,CAG,1
facebook_corpus_msr_401362,"Central government is spending crores of rupees in j&k for the last 70 years but this is nonsense, go-ahead and clean it.",CAG,1
facebook_corpus_msr_1979709,"http://indianexpress.com/article/india/fatwa-issued-against-reality-singing-star-nahid-afrin-by-42-clerics-4569825/

Dear Indian Express,
I feel sorry to write that your journalists are out there to misinterpret events and present them in a distorted manner just to make some sensational headlines. The news about upcoming singer Nahid Afreen has been prepared without proper research and investigation. It was very sad to see that your journalists don't even know the difference between fatwa and appeal. 
A fatwa is a non-binding legal opinion issued only by a qualified jurist (Mufti) on a request by someone who is unable to understand religious guidelines whereas the leaflet that is being circulated and presented as Fatwa is just a hard copy of an appeal signed by 46 men who believe in religious practices. The merit of appeal can be discussed on many grounds and in many dimensions but first and foremost, an appeal can not be called a legal opinion (Fatwa). 
We expect apology from your side for such a mistake",CAG,1
facebook_corpus_msr_1805478,So true this old man is funded by rss and bjp,CAG,1
facebook_corpus_msr_2111180,I was in RSS from 1951 to 1957 and was regularly attending sakha. But one incident compalled me to leave this oganisation.,CAG,1
facebook_corpus_msr_335056,I am not rich! I haven't made 122 crs. The day I earn that much..I will!,CAG,1
facebook_corpus_msr_1723328,This is whatever is done is reply. So u must say in public !,CAG,1
facebook_corpus_msr_427750,"Anil, Modi will help to get some deals which you do not deserve to make the revenue regards",CAG,1
facebook_corpus_msr_221592,"this guy is stupied, he donot know whta is speaking, chutia sala behen ka loda",CAG,1
facebook_corpus_msr_448423,People struggled for over 200 years to get freedom from British. Can't we struggle 2months for th good of our country?,CAG,1
facebook_corpus_msr_1724001,Sonu u too ??,CAG,1
facebook_corpus_msr_450625,"What is this,  you can't even spell our Respected PM's name???  #namo",CAG,1
facebook_corpus_msr_450518,Modi ji plzz organize a nationwide BURNOL CAMP  after Demonetization nation needs it .... Lol...,CAG,1
facebook_corpus_msr_1804938,This old man has nothing in his mind. He doesn't understand politics in India. Whatever little success he got earlier was because of AK and other. Now try to  agitate for Jonlokpal. BJP will crush you.  Doesn't have courage to stand up and speak against BJP.,CAG,1
facebook_corpus_msr_403359,"Most favoured nation Pakistan ne aaj hi tamacha jada hai, surgical strike ke liye Gujarat election tak intzaar Karo............",CAG,1
facebook_corpus_msr_1723297,"Weddings are once in a way functions and the music generally stops by 11 pm or before. 
The loudspeakers are used round the year at worship places.",CAG,1
facebook_corpus_msr_1521774,You seem to be an expert in that 😂,CAG,1
facebook_corpus_msr_1906939,"Wrong 1 - Bengal riots. Wrong 2 - Gujarat riots. Both are wrong, two wrongs won't make it right. Idiots must stop judging one with another.",CAG,1
facebook_corpus_msr_451827,Expect ????? Show the bike remoter baad mein start with changing the camera men,CAG,1
facebook_corpus_msr_443234,Logistics ... the government could have airlifted them from the minting sites!!,CAG,1
facebook_corpus_msr_506496,"National highways and Expressways are Govt top priority area now-a-days but the whole concept of expressway would be thwarted by rapid growth of commercial / industrial and residential construction along the expressways/bypass made to allow traffic move outside the city. Step should be taken by Govt immediately to stop this practice and Law should be framed to stop construction upto 200 meter on both side of the road, all such construction should be demolished.",CAG,1
facebook_corpus_msr_2111305,Your form of secularism promoting killing opponents can't be understood. Stop this non-sense worshiper of Blood (Red).,CAG,1
facebook_corpus_msr_325255,And you blind Bhakths believe that our EVMs are not tampered with ? You deserve this :D !!,CAG,1
facebook_corpus_msr_1979844,What is all this copy paste?,CAG,1
facebook_corpus_msr_469197,Give me your account number I will give you.  But first show me the video where modi promised you 15 lakhs.,CAG,1
facebook_corpus_msr_1613971,"Saw BAHUBALI 2 .... n yes S S RAJAMOULI is the HERO.....the art of storytelling... each n every character well sketched..... all Indian artistes.... respecting our traditions ......want to see it again n again ...... each frame is like a painting.....
RESPECT",CAG,1
facebook_corpus_msr_1723972,So bat think sonu nigam,CAG,1
facebook_corpus_msr_115507,Now there are quite a few with mediocre students who cannot keep up with the smart ones! Just like IITs in India.,CAG,1
facebook_corpus_msr_1521726,"They are cow rahsah,,, not female protector",CAG,1
facebook_corpus_msr_470560,If cash disbursal was managed then black money could not be removed.,CAG,1
facebook_corpus_msr_2018596,"Women all over the world leave their kids at home to go and work, and they don't treat their children like 'puppies.' I wonder if Mira's definition of a good parent applies to her husband as well, since he was out and about promoting Rangoon soon after his child was born.",CAG,1
facebook_corpus_msr_2018516,"Yes I read that radhika, but if you read it carefully she has mentioned that Misha is not a puppy that I spend one hour with her and run....what's that remark.....puppy?",CAG,1
facebook_corpus_msr_1617881,Both the persons were drunkened while Vikram driving his car at 4 30 AM....,CAG,1
facebook_corpus_msr_2256385,What anger....may be evil  sick mum kill your self,CAG,1
facebook_corpus_msr_326743,As terrorist enter via jungle attack army and flew away to pak..same way pak has terrorist batallion named bat...who are known mutiliating body killing like a terrorist. Bat has jihadi people.,CAG,1
facebook_corpus_msr_1563572,"LOL Ok. How's that search for King David going? Still can't find him, eh? How many more Palestinian homes will you destroy in your search for a mythical figure?",CAG,1
facebook_corpus_msr_469278,In every Indian citizens accounts  filled with 15 lakhs   old 500&1000  notes.,CAG,1
facebook_corpus_msr_444055,"To clean the mess ....somebody had to take the broom in hand.... he rightly did that.... I Salute You... Narendra Modi Sir....
Am with you...",CAG,1
facebook_corpus_msr_379413,Hmare jawano k sath bhut atyachar ho rha h bt sarkar ko koi frk nhi pdta,CAG,1
facebook_corpus_msr_325821,India has no option gud night have a sweet dreams,CAG,1
facebook_corpus_msr_450760,"Gone case, unbelievable, don't know where he will to the country",CAG,1
facebook_corpus_msr_328091,"In TN poor farmers are drinking their urine... no one is even bothered to resolve their basic issues.... aaj KAL Indian mai show off bahoot hogaya 
Cosmetic efforts are being promoting from every were... but genuinely no one is keen about to look at basic issues",CAG,1
facebook_corpus_msr_342316,Bhajpai ji started samjota express and lahore bus service what we get in returned kargil and Mumbai attacks,CAG,1
facebook_corpus_msr_2260841,Nitish you along with George Fernandez made nda. Sahib just come back your fsmily,CAG,1
facebook_corpus_msr_473490,i think you watched jurassic park recently ...watch gullivers travel,CAG,1
facebook_corpus_msr_1563580,Kevin Gaskin.  Good luck with suing our Founding Fathers and the U.S. Supreme Court!  It's your ignorance that has you living in our Christian Nation without taking time to educate yourself on the basics of its foundation.,CAG,1
facebook_corpus_msr_379026,You've got a lot of time to make a comeback to Pakistan because of what Pakistan has done.,CAG,1
facebook_corpus_msr_330898,Mr sah prince I even know india use to known by golden bird during Muslims rule .. now is India known by cowbell,CAG,1
facebook_corpus_msr_2260831,"Lotus is our national flower. I like the lotus very much it doesn't mean I like BJP. What the hell! The people of present India cannot live happily not because they have no reason to be happy, it is because their happiness are eclipsed by some selfish citizens seeking to provide advantages to a party by linking things with party politics. I cannot enjoy 'orange colour' because it is said to be colour of BJP. what are these happening everywhere? Did BJP get copyright on Lotus or Orange colour?",CAG,1
facebook_corpus_msr_1521793,Kerala is one such state where the bhakts on the way to their anti beef protest venue and return eat beef and porotta just to feel full.,CAG,1
facebook_corpus_msr_1723857,Agree with him,CAG,1
facebook_corpus_msr_454856,I think someone from CNBC hit 'live' on Facebook app by mistake😂😂,CAG,1
facebook_corpus_msr_1723193,Same goes to u son of a pros hahaha,CAG,1
facebook_corpus_msr_470179,"Why should you have to beg for your money, people those who black money do you think they will walk to bank to submit? . Common people effected. Big Big Big failure.",CAG,1
facebook_corpus_msr_1689898,Itu Rathore so much effort taking for your webpage promotion? Or was it a copy paste provided to you? Lol,CAG,1
facebook_corpus_msr_402540,"I strongly suggest Khan sab go to UN n become a laughing stock 
Brainless khan",CAG,1
facebook_corpus_msr_1714334,"No single person/ company can fund such a huge sum. It means that the producers will form a consortium to borrow funds from the public or the banks which means that you and I being a depositor or a investor will be bearing the credit risk of this project. For one, this can never be successful becoz Mahabharatha is not a novel, it is an epic of the heroic age nor India has a market to make it successful. Dangal's gross is only some 450 cr. Ultimately, we will be the losers",CAG,1
facebook_corpus_msr_325790,"such a talkative, your weapon is talking that world knows!",CAG,1
facebook_corpus_msr_2073711,Some chutiyas have just realized that India is a superpower.. India became a super power well before this chaiwala assumed office.,CAG,1
facebook_corpus_msr_451761,and finally they will have a bike that will make these songs enjoyable in comparisson....,CAG,1
facebook_corpus_msr_444086,This is not true media and others are spreading slanderous remarks same rules apply to political parties too,CAG,1
facebook_corpus_msr_472817,Nifty is down because unofficially India is in recession due to currency ban . December quarter earnings will be down due to this issue,CAG,1
facebook_corpus_msr_438773,"Why don't they rent platforms for residential purpose on leave n license basis....😜😜
They can also set up tents and cottages and provide luxury amenities...",CAG,1
facebook_corpus_msr_329982,While frustrated Ismail would rather make at least one or two comments on facebook. xDDD,CAG,1
facebook_corpus_msr_1956230,So now again it will continue. Right sir.,CAG,1
facebook_corpus_msr_2111192,Wt well vill c aftr result who made vote of whom k mr bjp aggent of terrirts hahahahah,CAG,1
facebook_corpus_msr_326803,"I don't understand you Muslim people don't live in their own country.. you settle down here are there , out of the crowd .. 
And talking about India and Pakistan matter",CAG,1
facebook_corpus_msr_1689972,What a joke.. Faster than airtel hahahaahaah,CAG,1
facebook_corpus_msr_1723086,Y didn't u ignore his tweet instead of making a mess now 🤔 u urself don't follow ur ideas,CAG,1
facebook_corpus_msr_1805059,Sir you disowned  kejriwal  long time ago. So why you are continuously criticising  only Kejriwal.,CAG,1
facebook_corpus_msr_325180,"Sajid AnsariI do not know how many words I have learned from my country, I want to know how much I am doing.Care should make  be Hindu Muslim Sikh Christian",CAG,1
facebook_corpus_msr_447286,Only our Muslim brothers passing on the negative messages about our PM,CAG,1
facebook_corpus_msr_379445,its not shame For Pakistan Its A shame for us all the peoples of India Why Government Not Taking a Strict action .....Ho jaye ek baar aar par,CAG,1
facebook_corpus_msr_1724075,"true he said,,noise pollution",CAG,1
facebook_corpus_msr_1956983,Oh please get a life....the reason I do not read Indian Express,CAG,1
facebook_corpus_msr_379841,Inka toh roj ka kaam hai hum kb lenge badla,CAG,1
facebook_corpus_msr_221560,"Indian voters know who can be helpful. Kejriwal spilled more dirt, he should have concentrated more on developments. Jo bolega vohi paayega..",CAG,1
facebook_corpus_msr_1818423,Dynasty politics 😂😂😂,CAG,1
facebook_corpus_msr_334305,Vinay Khan  thank you my brother. And Try and walk away from that conversation or ignore. It would be nice if people respected you for being a good and compassionate person not what your religion is or is not.,CAG,1
facebook_corpus_msr_1804830,Anna speaks selectively. I am also from maharashtra and also observe his inclinations towards few and hatred towards others,CAG,1
facebook_corpus_msr_1521833,Cows are getting voting rights to,CAG,1
facebook_corpus_msr_115557,"then every institute is overrated, including Ivy colleges.",CAG,1
facebook_corpus_msr_2111223,Communists live in fools' paradise thinking that people will agree with Vijayan' s definition of secularism. He has no religion! Secularism should mean equal importance for all religions.,CAG,1
facebook_corpus_msr_2018659,U need to get matured enough so sad,CAG,1
facebook_corpus_msr_1735852,HA HA HA Who will put him in jail? you should know MLAS even Corpotator are like kings here.,CAG,1
facebook_corpus_msr_1956977,Your past editors are great.you disgust us.without functioning a single day you judge!,CAG,1
facebook_corpus_msr_1805301,Anna hazare has been a RSS agent always...,CAG,1
facebook_corpus_msr_1805638,election tym...bjp mouth piece,CAG,1
facebook_corpus_msr_2032098,No. There should be no burial for h8m,CAG,1
facebook_corpus_msr_1956941,"When Aurangzeb can rule India despite being a hard line Islamist, why not Adityanath?",CAG,1
facebook_corpus_msr_446316,Saroj Gupta : do you have any idea how many people sacrificed selflessly for our independence ?? Please be mature and stop blaming,CAG,1
facebook_corpus_msr_462590,I was thinking of purchasing a car; could not because of shortage of cash:-),CAG,1
facebook_corpus_msr_2111220,"True. Always They are talking about Indians irrespective of religion, a fatal sign of communalism. Stop them to make our country secular so that we can continue with the minority appeasement politics in the name of secularism.. 👍",CAG,1
facebook_corpus_msr_1978760,Keep your gyan to yourself buddy,CAG,1
facebook_corpus_msr_2127011,Height of hatred😁😁😁we can understand how media finding it difficult to project this result😀😀,CAG,1
facebook_corpus_msr_394499,First go and check the spelling of India 😂😂😂😂 (ENDIA) 😂😂😂,CAG,1
facebook_corpus_msr_233794,"Sambit patra ji
There is no need to think about these naxalies. Just finish them  #army action",CAG,1
facebook_corpus_msr_1617888,Sourav Roy I'm not trying to defend anybody. I myself is a Law student. And Chandan Sen I'm also following ABP only. It was no where  mentioned about drinking.,CAG,1
facebook_corpus_msr_1575750,i think dp has to change her hair style.. her recent one sucks,CAG,1
facebook_corpus_msr_1723124,"Sonu nigam, shows to be ban, bcoz of noise get pollution that he's creating by his shows...",CAG,1
facebook_corpus_msr_1919940,yes same evm gave khujli 67/70 :( this needs to be investigated,CAG,1
facebook_corpus_msr_1689981,Who care about your believe. It's true,CAG,1
facebook_corpus_msr_419600,Arun Jaitley Sir kindly have a proper implementation programme before making any plans. Seems the govt is in a hurry to do everything at one point of time.,CAG,1
facebook_corpus_msr_397868,"Pak highly truthful nation,
didn't accept Kassb was its National,didn't even take back dead bodies of its Kargil dead to disprove its complicity",CAG,1
facebook_corpus_msr_233827,Zubair khan u r duffer from Porkistan. Even naxalites in India r moozlims.,CAG,1
facebook_corpus_msr_1723062,U can ignore him.. bt Indians can't becoz he's the most recognisable and talented singer in Indian film industry.. and if u aren't aware about that.. then better u keep ur mouth shut..,CAG,1
facebook_corpus_msr_221601,Aap party seats should be zero. Kejriwal is Biggest naatakbaaj in political history,CAG,1
facebook_corpus_msr_397809,true so we are waiting for indian surgical strike...plz go ahead,CAG,1
facebook_corpus_msr_329985,D same akshay kr slapped a poor watchman for not treating his son wth respect,CAG,1
facebook_corpus_msr_394634,Lolz and Donald Trump is going to act on your request. ☺☺☺,CAG,1
facebook_corpus_msr_445871,"Modisir you are doing a great job, ignore apposition and some narrow minded selfish  people.",CAG,1
facebook_corpus_msr_1994434,"In Goa and in Manippur, the Congress party is the single largest party, just away from majority.  Therefore, it should have been invited by the Governors to form the Government.  By manipulating the mandate, the BJP is trying to form Government in these states and thereby insulting democracy,.",CAG,1
facebook_corpus_msr_2383804,bjp will win,CAG,1
facebook_corpus_msr_1804888,anna hazare . you should wear black topi with rss dress . you call yourself Gandhian . janlokpal is still not passed in parliament . where is civil society now .,CAG,1
facebook_corpus_msr_1843175,The anti-drug drive launched by the Amarinder Singh government with a promise to eradicate drugs from Punjab in four weeks is turning out to be a repeat of the previous SAD-BJP government’s 2014 crackdown,CAG,1
facebook_corpus_msr_430166,Put everything in action .. Without expecting anything in return ... Focus on action oriented...,CAG,1
facebook_corpus_msr_2243865,Exploiting sentiments.,CAG,1
facebook_corpus_msr_1723836,The men who are understand about religion he should not be tell about religion.,CAG,1
facebook_corpus_msr_466277,Wise men don't speak at every conversation they speak at the right time n hit the nail at the right spot.,CAG,1
facebook_corpus_msr_2126946,Win is Win bro..!,CAG,1
facebook_corpus_msr_2318836,"According to figures released by the government in June 2016, more than 140,000 people were killed on roads in India in the year 2015.",CAG,1
facebook_corpus_msr_1775253,Is EVMs not tampered here? Rahul pl answer.,CAG,1
facebook_corpus_msr_373865,Action willbe taken more then 40 to50 will go to jahanum,CAG,1
facebook_corpus_msr_1763602,Madam aap ka dalit card finished now bcoz dalit people also want  vikas naa ki jaativad,CAG,1
facebook_corpus_msr_439757,"Anurag Thakur was not fit to hold the post of BCCI president in first place.Along with Anurag Thakur ,other politicians like Arun Jaitley ,Rajiv Shukla ,Farooq Abdullah  ,sons of Lalu Prasad Yadav and many others should step down from positions they're holding in various State Cricket Boards  and leave the game to be managed by ex- Cricketers and eminent public figures including retd.High Court and Supreme Court Judges.",CAG,1
facebook_corpus_msr_2243855,"Ofcourse is every single represetatives duty to protect and trains his community, specially wen attrocities, harrasing,and genocide happen to minorities such as Christians,Muslims and dallit Hindus from upper cast rulers and its affiliate groups",CAG,1
facebook_corpus_msr_1804947,"We said sir, once I was also a staunch supporter of AAP and AK but all my hopes are dashed now as they are now behaving like any other party.They should understand that ppl of Delhi gave them such a big majority only because they thought AAp is not like other parties.They should introspect after big defeat in Punjab and Goa and change their way of politics.AK should get rid of idiots like sanjay singh,ashutosh,khetan, pandey as these leaders have no credibility nd cant even win mohalla election on their own.They r the ones spoiling AK's mind.AK should take advice only from Kumar Vishwas because he is the only one in this party who is intelligent,sharp,commands respect everywhere.Even BJP scares of targetting Kumar as they know if he starts speaking,no one has capability to counter him.",CAG,1
facebook_corpus_msr_233890,Loss of our soldiers is a national loss.The protectors r killed n the killers stand protected.We r worried how far the nation will bear such burden of songs without substance.,CAG,1
facebook_corpus_msr_1723567,"If it is to be banned, then it should be banned for all other religions as well.
Got it! It should be same for all festivals of all religions and as well as daily bhajan! Do you agree?",CAG,1
facebook_corpus_msr_431814,resone behind growth rat decline is he do garstic changes,CAG,1
facebook_corpus_msr_327595,This is exactly the problem. Overnight people have become all very aware and gives quick fix solutions to 70 year old problems without taking into consideration the brutality of their solutions on the civilians and the military alike! No wonder why Kashmir will remain a hotspot for years to come!!,CAG,1
facebook_corpus_msr_469659,"Wait fr 2 year to decide if it is gud or nt

Or u can feel....that u are samater then IMF n world bank ceo...who support this",CAG,1
facebook_corpus_msr_1804826,"Do you know what the Lokpal was supposed to do ? It was basically planned to be a machinery to stop curruption effectively. Well, when did you last hear about curruption from the govt ?  Bhai, agar koi sach much accha kaam kar raha hai to accept karna hi chahiye na ?",CAG,1
facebook_corpus_msr_1724050,Absolutely correct. Has hit the nail on the head,CAG,1
facebook_corpus_msr_452103,Who wants to compete with a design older than our grandads,CAG,1
facebook_corpus_msr_328325,The word secular means not religious or spiritual and indian constitution has adopted this concept long back!!Whether the present is secular is anybody's guess!!!,CAG,1
facebook_corpus_msr_402584,As if UN has no other work. They will not even hear this guy.,CAG,1
facebook_corpus_msr_1600579,"Shahzeb Hassan remember 1971 war, when 91000 dumbos surrendered?",CAG,1
facebook_corpus_msr_1521799,"did you see it carefully...was it beef or some pigs meat as advised in chapter number 420 ,verse 420😂😂😂😂",CAG,1
facebook_corpus_msr_1804917,"Let us now take up BJP files and appoint committees they would not be of small wrong doings like AAP. I do not condone small but they can be corrected and they are not so severe as the inflammatory statement dividing India by various so called leaders of ruling party of country. Not to mention the honesty. If for gains they are willing to undermine idea of India and unity, for them corruption would be a cake.",CAG,1
facebook_corpus_msr_379106,Kum se kum unshaeed jawano ke pariwar ki laaj rakhiya insaf kijiye ghus kar mariye janta ne aap pe is baar pura vishwas kiya  ek soldier shaheed matlab ek parivar ki khushiya kuch kariye nhi toh hum aam logo ko gun dedijiye hum sab khud nipat lenge bharat ma ke liye jaan hazir hai,CAG,1
facebook_corpus_msr_334397,"what the ""F"" ....y he touching his feet....India is decomcratic republic which believe politicians are servants of the Common people.... But here .... Really disappointed :/",CAG,1
facebook_corpus_msr_1957020,Indianexpress seems to be Anti National and a Pakistani Newspaper,CAG,1
facebook_corpus_msr_2199152,"Azam Khan, u should know that ur Congress friend Mallikarjun Kharge had referred to BJP leaders as dogs in LokSabha. Modi did not use such remarks at all.",CAG,1
facebook_corpus_msr_1561815,"When our elected legislators disobey laws, how will their followers act otherwise",CAG,1
facebook_corpus_msr_1978735,"Thank you very much for your kindness to update me about it. I wish you would know that I am equally connected to the media as you are. I wish to let you know that do not come to me with ur beef n pork arguments. When some ask why not beef, a set of people would answer why not pork! Hope I am clear to you.",CAG,1
facebook_corpus_msr_422100,Mr. Jacob seems to be so upset. Look at his face. Lol,CAG,1
facebook_corpus_msr_444428,I can't believe he has to defend the decision of fighting against black money,CAG,1
facebook_corpus_msr_334174,Hey why don't you choose dog Vijay Singh then you don't have to worry about any Govt as you won't have any,CAG,1
facebook_corpus_msr_1873437,Sick of such incidents.,CAG,1
facebook_corpus_msr_444340,Who is responsible for 104 people died in the Que,CAG,1
facebook_corpus_msr_2111235,Very soon BJP will lose all the elections. India will be peaceful again.,CAG,1
facebook_corpus_msr_1561906,Bjp. .a darkness chapter of our holy land,CAG,1
facebook_corpus_msr_330896,Nikhil Kashyap we don't have cowbell moving on the streets 😂😂😂😂😂 don't forget India known by taj Mahal who was build by turkish many historic heritage build by Turkish in India during mughal regime..😂😂😂😂 what have you build for your country cowbell ? and ugly 😂😂😂statue for worship,CAG,1
facebook_corpus_msr_445616,"I suggest don't answer to anyone opposing Modi.. they have come to a stage where they will criticise anything that he does, I m waiting for the day when modi will say  that fresh air is good for health and people will start opposing it and stop taking fresh air..",CAG,1
facebook_corpus_msr_2203268,"Indian men dont need to lure a girl, all they have to do is flash some moneeeeyyyyyy.lol",CAG,1
facebook_corpus_msr_1804933,"Anna ji where is lokpal? According to u, now corruption level is ZERO  and no need of lokpal. Bas kro Anna ji bahut hogaya, apna health ka khayal rakhna.",CAG,1
facebook_corpus_msr_1724086,I am with #Sonu,CAG,1
facebook_corpus_msr_1887325,Actual they wants to join BJP for MLA and MP,CAG,1
facebook_corpus_msr_1946941,"So now you'll raise question if someone is practicing his religion. What an irony indeed,Maulana Sahab😃😃😈😈",CAG,1
facebook_corpus_msr_1714355,If u have someone in ur mind as bheema.. Plz mention... Let me know...,CAG,1
facebook_corpus_msr_2082640,Thw worst is yet to come,CAG,1
facebook_corpus_msr_451173,His speeches show the situation is out of his control!! & he has no clue what move to make next!,CAG,1
facebook_corpus_msr_447430,"Mohammad Javeed I completely agree with you Javeed Bhai.. so many people  sacrificed their lives to get freedom to our country, if those people had stopped fighting because so many people were dying, we would not be what we are now. These people too can be ranked so, I pay respects for them and I hope no more deaths will happen due to this decision. Their efforts will certainly bring fruits for our future generation without any deviation.",CAG,1
facebook_corpus_msr_1723054,Haha top of everything is constitution? Yes madam so true! Now let's follow Indian constitution one rule for all? Y sperate set of rules for Muslims n they practise only that?,CAG,1
facebook_corpus_msr_474352,Giving it time may again paralyse it's effect sudden move required,CAG,1
facebook_corpus_msr_334041,"Why are they called Maoists, why not vigilante. Is vigilante only for far RSS goons.",CAG,1
facebook_corpus_msr_1521844,"Another nail by BJP on eating habits,as he f all them BJP do not eat or drink",CAG,1
facebook_corpus_msr_328068,Lol..!! Crooks appear and disappear overnight!! This is called fly by robbery!!,CAG,1
facebook_corpus_msr_398508,Is  Digvijaya is Indian or Pakistani. Always he talks rubbish,CAG,1
facebook_corpus_msr_694972,May be China is also involve in terrorism,CAG,1
facebook_corpus_msr_469284,First let him fix the money crisis!.... After that we will think about 2022!!!!,CAG,1
facebook_corpus_msr_451740,Lolest reveal... I thought a big bike will come.. looks like a rat.. no comparison with Enfield,CAG,1
facebook_corpus_msr_1723498,"Can anyone say with conviction the benefits of using loudspeakers  in the name of religion -Hinduism,Islam or any other- which on the other hand does harass and hassle others?",CAG,1
facebook_corpus_msr_473536,Cowards criticize,CAG,1
facebook_corpus_msr_1804863,AAPtards,CAG,1
facebook_corpus_msr_445706,People who are talking about inconvenience please use debit and credit cards and also cheques. Yes it's inconvenient but something like this will always be. So support this instead of condemning it,CAG,1
facebook_corpus_msr_326762,It's  ture.pakistan  army  made mistake  in Bangladesh. They killed Bangladeshis  1971 war.we accept  the ture thing's.,CAG,1
facebook_corpus_msr_2241595,The moment he is questioned on anything.... he simply looses his cool and start his election speech.... 　 .... He didnt have any proper answers to substantiate his tall claims about #Demonetization so he has to say something inside the house..... I think he must be given every chance to speak within parliament which will expose him more n more....,CAG,1
facebook_corpus_msr_497183,Of course it very citizens responsibility....but why don't the government bring GO's to abolish plastic bags and organise garbage vehicles to pick up dry and wet waste separately and dump the garbage in a proper way...PM sir...you are the man of the country and you have the power...speeches are good but let us see some action...you have also introduced.5% swatch Bharath tax...!!!,CAG,1
facebook_corpus_msr_1805332,Kejriwal is the racing horse,CAG,1
facebook_corpus_msr_2029800,"It is Shocking it happened in Kerala ,The Most Educated State in India.",CAG,1
facebook_corpus_msr_1804953,"Why Anna Hazare not criticising so many issues created by BJP govt including not appointing the Lokpal, communal riots of Hindutwa activists including killings of weaker sections . All his present activities seems to be promoting BJP. We can't trust him any more.",CAG,1
facebook_corpus_msr_450597,We all r with u Sir.. but may I know who is suffering  now..,CAG,1
facebook_corpus_msr_1493778,haha u ENDIAN know judiciary mean?,CAG,1
facebook_corpus_msr_418277,He is an extra constitutional authority in the country these days.He only has powers without responsibilities.Why should he give up his special position to become mere rubber stamp of the central government.?,CAG,1
facebook_corpus_msr_115506,"This post by Quora is a superb example of ""share bait"" on FB. Quora has a great SMM team indeed. Gud luck guys!👍",CAG,1
facebook_corpus_msr_2029803,"What the ***** were police doing, just watched",CAG,1
facebook_corpus_msr_1804822,Satnam Singh- farmers are drying in Maharashtra ?  And do you want to say farmers were happy in Maharashtra before Modi was elected ??  Yaar suna to that sardar joke acche karte hai... Aaj saamne dekh bhi liya.. I am from Maharashtra and i know that farmers are being treated much much better these days... BTW if Anna is RSS agent then whose agent are you ?????,CAG,1
facebook_corpus_msr_2082504,Haha good joke,CAG,1
facebook_corpus_msr_2280131,Jonelle Jones what are the up to over in Kuwait 😕,CAG,1
facebook_corpus_msr_412607,Can we expect rally in infy and tcs along with Wipro tomorrow,CAG,1
facebook_corpus_msr_450743,Modi ji .you ask to RBI how  much currency disti,CAG,1
facebook_corpus_msr_1804940,Are Indian express walo kya aap ne yah Anna ne shunglu commity ki report padhi hai? Agar haan to batao aap ko kahahn se mili. Ya vijendar gupta ke bhonpoo bane hue ho.,CAG,1
facebook_corpus_msr_1521634,You deserve meat of dog,CAG,1
facebook_corpus_msr_2082438,"What if after taking money from bank and you are looted by criminal on gun point, still will Govt reimburse .... don't  spread such foolish thought",CAG,1
facebook_corpus_msr_328108,Even Modi forgot about swach bharat campaign . Now Swatch Bharath name is only while ordering food from hotel where they charge swatch bharath cess,CAG,1
facebook_corpus_msr_447746,He knows he has done a blunder . Can see on his face,CAG,1
facebook_corpus_msr_349325,Modi or BJP doesn't need to speak on Tripple Talaq...there are requirement of women that has to be taken care for their development and self dependant....modi jee..if I really want to do something.. .then do something to construct their future otherwise leave to distruct their personal life....just think,CAG,1
facebook_corpus_msr_1724209,What about the other religions?  I am sure India doesn't only comprises Hindus and Sikhs. You forgot Christians and Muslims.,CAG,1
facebook_corpus_msr_442640,go back simon ....here we are waiting for pyar deal,CAG,1
facebook_corpus_msr_1731415,Burnol no stock sorry try next month.,CAG,1
facebook_corpus_msr_1735790,what abt my right as a general,CAG,1
facebook_corpus_msr_447765,"I think ""deshdrohi"" is a new English word of nomo dictionary 😃😃😃",CAG,1
facebook_corpus_msr_452127,"Don't buy the booth bike ,you to will become booth",CAG,1
facebook_corpus_msr_1723995,He lost his valable respect,CAG,1
facebook_corpus_msr_325745,mazhab pe ku jate ho ...himat hai to kuch kr k dikhavooo....,CAG,1
facebook_corpus_msr_474294,What abt the other who have prblm what they will do before taking decision must give notice before a week such an foolish decision by modi,CAG,1
facebook_corpus_msr_2073773,Fake degree to fake GDP by feku modi,CAG,1
facebook_corpus_msr_451134,He does so much homework before the speech unlike congress people who does only dictation of what is written,CAG,1
facebook_corpus_msr_450685,Speaking in lok sabha will be followed by anonymous voting and he's feared that the descent in his party will reflect in the votes leading to dent his image for the upcoming elections.,CAG,1
facebook_corpus_msr_1510207,and what about Kashmiri Pandits 🤔🤔🤔. why didn't they take up guns🤔,CAG,1
facebook_corpus_msr_451695,An opera launch for a bike trying to compete with royal Enfield. This only makes sense if there are investors in the audience 😂 #stupidity,CAG,1
facebook_corpus_msr_2111300,"Actually right  communist is not Indian , our few  , this party is chinis sarvent",CAG,1
facebook_corpus_msr_1722980,"Dear friend not one not two but there are temples everywhere in kashmir.
They are all safe !!!",CAG,1
facebook_corpus_msr_447409,No game plan on root level to make a healthy system. It's hard to understand how these guys can do whatever being told.,CAG,1
facebook_corpus_msr_1521716,those who  are eating Beef or buffalo meet ask dem once are they really Hindu a true hindu man would nver touch beef like a muslim who nver touch pork so every religion has some boundation some follow it some not so plzz don't comment on whole communtiy dats not correct!,CAG,1
facebook_corpus_msr_2111130,Theeya Hindus of BJP and CPIM are killing each other to protect their upper caste/Nair leaders. Why bring Muslims into it you hatemingering moron.,CAG,1
facebook_corpus_msr_2243851,"I am watching carefully to all the parties, they are all attacking BJP but not for the work Bjp has done, they are attacking BJP only on nonsense issue like Dadri where the Central government doesn't have any role. It's means Modi government is working good in Center.",CAG,1
facebook_corpus_msr_451081,If u cAn't change any things and even don't want to support a person who work for change so u don't have any rights to comment anything wrong :I support  change I support my PM,CAG,1
facebook_corpus_msr_2241622,Bt he only gave speech again...no proper answer!,CAG,1
facebook_corpus_msr_1723811,Try to enjoy Azaan or shift smwhere else bt Azaan cannt b stopped.,CAG,1
facebook_corpus_msr_380101,Pahle ye neta jo h enko soot karege tab ye nid se jagege,CAG,1
facebook_corpus_msr_2241604,"what's communal here bro??
are nt we living in a democracy to speak ?",CAG,1
facebook_corpus_msr_379388,Its time now to deal Pakistan firmly..MFN (Most favoured nation)  status to Pakistan be immediately withdrawn apart from other strategic actions....,CAG,1
facebook_corpus_msr_373739,राजनाथ सिंह जी ने पाकिस्तान पर कड़ी निन्दा की मिसाइल छोड़ दी है बस कुछ ही पलो मे पाकिस्तान नेस्तनाबूद हो जायेगा ।,CAG,1
facebook_corpus_msr_1521830,.better bjp marry all cows...!!!,CAG,1
facebook_corpus_msr_326900,2 Indian soldiers are enough for your 10 if a surgical strike happened dear...,CAG,1
facebook_corpus_msr_1561872,This what we experience Yogi's 'Uttam Pradesh' !,CAG,1
facebook_corpus_msr_1648442,Love jihad in india only for poor people,CAG,1
facebook_corpus_msr_448364,"Common people are suffering Yaar, Look at the incidents we need good planning and structure for making any scheme in India",CAG,1
facebook_corpus_msr_1964745,Perhaps AAP could field Ghuggi or Bhagwant Mann here...,CAG,1
facebook_corpus_msr_469678,"The only problem govt facing from the opposition now, is queues in bank and 100 rs. shortage in atms. this can be easily solved. order all banks, on warfoot measure to install POS machines in all milk booths, govt provisional stores, petrol bunks buses and trains and all other retail outlets. popularise with tv advts of pay tms and sbi buddy and all other fund transfer modes. remember millions and millions of debit cards remain idle with the public, and they are not only for withdrawing cash from atm. if these are applied simaltaneously, the situation will ease very quickly. Take steps today itself and very important thing is make the public aware these steps are being taken at a rapid pace and things will become normal very soon. At least if these measures are successful in metros and urbans, there will be plenty of availablity of cash notes which can be sent to rural areas. all depends how fast you act making the public aware govt is solving the problem",CAG,1
facebook_corpus_msr_326871,This is a propaganda of india just to divert the killings of kashmiris by hindu army and also killing of muslims In india by bjp thugs.this all to show turkey a pakistan brother that Indians r innocent,CAG,1
facebook_corpus_msr_434033,"When our own President appreciating the work done by the present Government, Opposition parties seems not interested at all... They shouldn't be like the #IndianCrabs .",CAG,1
facebook_corpus_msr_432363,Abe what liar what fake he is a genius man,CAG,1
facebook_corpus_msr_445770,Is it really a fight against Blackmoney? If it is then why exemption for political parties which are the big offenders.How much has been recovered from Swiss and other F.Banks? What action is being taken against those named in Panama papers?will trust you if a few of the offenders are punished.Will your party contest elections without accepting funds from Blackmoney holders ?,CAG,1
facebook_corpus_msr_1805147,U were right one more time .by not joining Jihadi Didis campaign in Delhi .,CAG,1
facebook_corpus_msr_446403,Can the tax exemption to political parties be explained in detail?,CAG,1
facebook_corpus_msr_433041,What has he done for hospitals unemployment and reservations and middle class can anyone explain please?,CAG,1
facebook_corpus_msr_1963924,Islam does not allow smoking and drinking. Why Shahrukh is not following Islam?,CAG,1
facebook_corpus_msr_556281,How long u keep on giving subsidy? The cost price has 2 b recovered.,CAG,1
facebook_corpus_msr_1805524,bloody rss filthy agent !,CAG,1
facebook_corpus_msr_1736964,"AK is a daring person who always has learnt from his mistakes,he has the guts to apologise and win his supporters back even after immense bitterness,this is his charm,what he endorsed was logical no matter from whosoever it comes....lets see if any of bjps big guns has heart to endorse this!",CAG,1
facebook_corpus_msr_449525,Let anti nationals and antisocial s who oppose this are dealt severely,CAG,1
facebook_corpus_msr_466234,"Lame duck prime minister of a lame duck government, and was just a rubber stamp, neither he nor his party could take any wise decision for the progress of our country, but corruption was at its peak during their regime.  Now when someone is taking some hard core decisions, they are not able to digest it and trying to make a mockery of politics.  As far as degrees and diplomas are concerned, one doesn't need them to run the nation honestly and wholeheartedly with so many intellectuals around to do the work...",CAG,1
facebook_corpus_msr_450896,why don't you speak in parliament...why do you bubk parliament..??,CAG,1
facebook_corpus_msr_466348,Prime sevak of Gandhi family spoke for Gandhi family again,CAG,1
facebook_corpus_msr_115562,ALTHOUGH PRIVATE INSTITUTION/FOREIGN UNIVERSITY REACH OUT FOR IIT PHD FOR TEACHING. GOVERNMENT UNIVERSITY ABSTAIN FROM THIS & REMAIN HAPPY WITH THEIR SUBSTANDARD FACULTY. IT IS TRUE CENT PERCENT FOR ENGINEERING FACULTY AND HALF TRUE FOR SCIENCE.,CAG,1
facebook_corpus_msr_2117649,"In INDIA these hate crime is there.Do not blame President Trump.Such incidents happened in the previous Presidents rule too happenedr.When someone ask such questions to any Indian staying in USA,just answer politely&move away.After all we are all staying out of our mother land.a motheris a mother& a step mother is a step mother.Please be careful.",CAG,1
facebook_corpus_msr_2111333,Almost all these so-called Secular Intellectuals are with a deep desire to clothe their level of scholarship with half-truths only,CAG,1
facebook_corpus_msr_2041576,She does not need to work with him as the standard does not match :),CAG,1
facebook_corpus_msr_473971,"hey why ur TV anchor Latha is so perturbed, This win of trump is very good for india",CAG,1
facebook_corpus_msr_444137,This on line transections shall be applicable 100% for political parties.,CAG,1
facebook_corpus_msr_453309,Looks more like a movie launch then a bike launch!,CAG,1
facebook_corpus_msr_334353,"Usama Fahad ... People like U working ovet abroad for some oyher nation,  cant speak abt dvelopment of origin state",CAG,1
facebook_corpus_msr_1737010,It's smart move of Kumar but well said. What we as common ppl of nation are doing..Are we too timid Nd cowards ? Yes We are. And we fight among ourselves. Look at USA. Ankh uthakar mere desh ya desh vasiyonko dekha nich lenge,CAG,1
facebook_corpus_msr_1490570,Should find a pond nearby!!! Rest understood!,CAG,1
facebook_corpus_msr_1521892,Situation is equally bad in Tamil Nadu.... there are illegal beef stalls where cows are.slaughtered all over the state including the capital.city Chennai,CAG,1
facebook_corpus_msr_1722936,"Give the man credit for speaking his mind. Loudspeakers should be banned no matter the place. It's a nuisance and hurts old people, animals, children and all human beings. Religion and faith is personal & private and doesn't need loud advertisement",CAG,1
facebook_corpus_msr_402389,The committy rates have gone up and rupee has no value.  Still old currencies are huge with politians and corporates.No foreign policies.  Pak killing our Jawans daily and we are helpless.  We are total failure under BJP rule.,CAG,1
facebook_corpus_msr_450840,Why is he speaking only in BJP parliamentary meet .......are we not eligible to hear his speech as a citizen of india,CAG,1
facebook_corpus_msr_1946794,Coz he preaches a different religion but this doesn't stop him from being affectionate towards Muslims. You never raised the same question when Akhilesh Yadav did not do the same.,CAG,1
facebook_corpus_msr_452276,Babies sleep at night lol . nice tagline. Better than RS200 tagline,CAG,1
facebook_corpus_msr_2073818,Another substandard dialogue for bhakths!,CAG,1
facebook_corpus_msr_448856,The people who are depositing amount in the bank are black money holders and the deposited money is black money,CAG,1
facebook_corpus_msr_433048,Very pity to hear a prime ministers speech..... even a single sentence is not having a sense..... only mouth to mouth dialogue he knows..... only he knows to talk some psychological speech which give some spirit in mind nothing else.....,CAG,1
facebook_corpus_msr_445782,"Visit chennai once , no electricity from last Monday , yesterday evening got power in some area , no ATMS working due to poor network ,swipe machine also not working , then we could make digital india with this kind of situations , if we speak people's say anti terror, when truth comes also nobody will understand",CAG,1
facebook_corpus_msr_1805069,The main person who raised voice against black money.  Now he is no more in the news.everybody forgotten him,CAG,1
facebook_corpus_msr_329954,"If smriti irani can offer bangles to Manmohan for that tragic attack, Yes I have the right to offer Modi bangles and even Bra😂😂😂😂.",CAG,1
facebook_corpus_msr_1805212,How can be BJP and Aap at the same time?  There was corruption only during Congress rule? Where is Mr.  Hazare now?,CAG,1
facebook_corpus_msr_2117639,Razi Ashraf We expect the next new story from secularists that the US President is an RSS sponsored candidate.Great.,CAG,1
facebook_corpus_msr_1804817,These AAPtards will now abuse Anna.,CAG,1
facebook_corpus_msr_423896,There so much MILITARY spending everywhere why INDIAN Military stocks not moving?,CAG,1
facebook_corpus_msr_1723428,I know his songs (shitt) are downgrading nowadays and he wants to grab peoples attention and now using the these bitter words to create a mess among the people. I hope people have to be strong to avoid this Sonu Nigam's Shiittttt coming out from his mouth. Never divide.👍,CAG,1
facebook_corpus_msr_1722759,Political parties are going to decide everything for us now days.... 😡😡,CAG,1
facebook_corpus_msr_1561877,Insane guys.. goons shuld be punished,CAG,1
facebook_corpus_msr_1804855,@Syed: Did Anna alone did all the drama? Was Kejrijoker not with Anna? So why doesn't Kejrijoker does what you want Anna to do as Kejrijoker is in power?,CAG,1
facebook_corpus_msr_1731614,Burnol plz,CAG,1
facebook_corpus_msr_1956902,BTW Yogi asking for the rape of dead Muslim women is a lie..A lie propagated By the media.it was some fringe element gathering and the Media tagged it as Yogi saying it.,CAG,1
facebook_corpus_msr_326785,"Pak army is professional army can not violate, even indian army against",CAG,1
facebook_corpus_msr_1945536,who is she? farah? kaun janta hai inhe? ..,CAG,1
facebook_corpus_msr_451394,being responsible is what required from congress...bjp should be unbiased in its approach,CAG,1
facebook_corpus_msr_334389,Accident me Wife  ki death hue Aman mani accident me Bach gaye to accused go gaye he has facing trail,CAG,1
facebook_corpus_msr_2018494,"And you wouldn't have respected your mother had she not been working ? What has work got to do with giving respect ? All mothers are the best in the eyes of their children, and each has given up a lot to raise them, working or non working.",CAG,1
facebook_corpus_msr_2111218,"Vijayan should ashamed of himself as I have never seen such a hypocrite CM. He belongs to a party which has the dirtiest record killing of millions of people around the globe. Stalin,Mao and their other ruler were more ruthless than Hitler.",CAG,1
facebook_corpus_msr_431185,"Congress gives trigger to Modi turning gun towards themselves then provokes him- result we have seen ""Dogs"" loyality parampara",CAG,1
facebook_corpus_msr_469155,"Post of pramit chatterji SHARED When the corruption keeps happening in broad daylight, nobody panics because it is part of the plan and part of the system. One move against it, and everybody loses their minds.",CAG,1
facebook_corpus_msr_446853,Stricken the law and improve the life standards for common man,CAG,1
facebook_corpus_msr_444734,Govt policies implemented by civil servants and yet they are the ones most corrupt. So how can Modiji policies succeed? EG Bank managers taking a cut and converting black money to new notes by crores. No wonder there is no new notes for general public,CAG,1
facebook_corpus_msr_414491,chinese leaders are using Veto tp protect terrorist in pakistan ? liars.,CAG,1
facebook_corpus_msr_416416,where is the road ? ....finance minister is travelling on congress roads ? .....,CAG,1
facebook_corpus_msr_1887285,"Is any soldier has taken name of our PM? If no, How this print media uses these words?",CAG,1
facebook_corpus_msr_502446,news falls in the category of special effects -oscar nominated news,CAG,1
facebook_corpus_msr_1723490,I have a problem with any religions which forces me to be a part of it. So yeah I support him I'm this issue wholeheartedly.,CAG,1
facebook_corpus_msr_1963954,Pak agens,CAG,1
facebook_corpus_msr_325714,That's for sure I can put my Shirt on the horse,CAG,1
facebook_corpus_msr_1493850,But Mohammad M Raza what i am saying they should have not responded at this.,CAG,1
facebook_corpus_msr_2111131,"Mohamed Sakhir Carry on with such fake secular stories. We also read in newspapers and TV channels by way of censoring secular violences and not reporting and debating.If it makes you happy, then nothing more to comment about.",CAG,1
facebook_corpus_msr_450885,Why some people are against to every step of Modi may be they are having black money,CAG,1
facebook_corpus_msr_335366,Is he Khan ? If not than no need to worries.,CAG,1
facebook_corpus_msr_402392,Pretty zinta is a real woman and doesn't belong to the gang of dumb beauties of Bollywood ...Respect !,CAG,1
facebook_corpus_msr_2256379,"Women, nowadays, suffer from extreme anger. Modernism would take away the old traditional motherhood very soon... and it is quite evident in many instances with both knowns and unknowns.",CAG,1
facebook_corpus_msr_2280108,This news is completely false and baseless....There is nothing official from Kuwait,CAG,1
facebook_corpus_msr_329291,How could they do it? Did they come within Indian Border or Indian forces went there ?,CAG,1
facebook_corpus_msr_1775227,"Wakeup call for BJP, don't give importance to corrupt Congi  leaders !!",CAG,1
facebook_corpus_msr_1722777,She is because in this advt because other celebs dont endorse its all about image her image is like that only :),CAG,1
facebook_corpus_msr_1723943,Stick to singing.,CAG,1
facebook_corpus_msr_451994,Turning radius of Bajaj bikes is just like Ashok Leyland,CAG,1
facebook_corpus_msr_497828,"GST digital control rights are eyed by US republicans. If India is independent then why should we pay money to US politicians even after David Headley were sent to attack India during 26/11. If there are no more roads needed today, then why should we increase taxation. GST is total corruption aimed at crippling the stagflation economy.",CAG,1
facebook_corpus_msr_1532861,seriously man.. these guys report like their newspaper belong to some other country.,CAG,1
facebook_corpus_msr_1956989,"Neha Singh I am not Abhilaashee of any certificate, I made a simple point that person writing this is suffering from a bias and cannot be taken as ""neutral"".... as far as ""Googling"" anything is concerned... Google itself is not Credible source..it only throws out the result based on what is available on internet... there are lot of troll websites making numerous claims and counter claims... so until I know what is ""source"" of information, I can't comment on it..",CAG,1
facebook_corpus_msr_1600562,"This is a sad day Sikhs should not over react to this incident and play in the hands of indian goverment. This is the Same country who DENIED them justice for 1984 Sikh genocide, and gave thEm WIDOW colony in the heart of independent india Delhi. A gift for all their sacrifices. The weak people of this country are only good at giving their girls to produce more TAIMUR proudly. As long india keep promoting face of i on Indian currency and not the real hero BAGHAT SINGH this nation will slowly parish. STOP PROMOTING WEAK BRITISH AGENT i TO KIDS.",CAG,1
facebook_corpus_msr_1945530,Ehy he hasn't spoken on riots on UP and Bengal......,CAG,1
facebook_corpus_msr_446382,Need to get reality check too...look around...vision is good but should be combined ground work!,CAG,1
facebook_corpus_msr_2127041,Udhav has not much on his cards... Lost his charm,CAG,1
facebook_corpus_msr_1737050,Is this the standards of journalism Indian Express practices now..... ????,CAG,1
facebook_corpus_msr_1723637,"At least some one raised his voice over this. Anyone an pray , but using loudspeaker and for everyday 4time. That is not just acceptable .",CAG,1
facebook_corpus_msr_444230,Then why BjP opposed when congress proposed in 2014 same thing... All double standards,CAG,1
facebook_corpus_msr_432286,Most Fenku PM. None of election promise fulfilled. Better go and sell chai now,CAG,1
facebook_corpus_msr_1716146,New drama? They are not happy with the freebies they received it seems.,CAG,1
facebook_corpus_msr_1956250,first seize all guns from north India.,CAG,1
facebook_corpus_msr_1804973,"Anna Hazare is playing to the tunes of BJP. He is silent about all the wrong doings of BJP. There may be some problems in the rule of Kejriwal, maybe he is a sort of authoritarian, but with his limited powers, he has implemented lot of welfare measures. We shouldn't ignore that. While the BJP on the other hand is undoing India. They are killing the social fabric and a man like Anna Hazare is maintaining a dreadful silence. The attack against Africans, dalits, minorities in the name of beef, where were Anna then?",CAG,1
facebook_corpus_msr_2111248,Go to Kerala  and west bengal and see the situation of Hindu people where CPI ruling . people of India already decided who is terrorist party that's why bjp won everywhere in India .and send photos of rally where 3500 people attend the rally...in manglore,CAG,1
facebook_corpus_msr_1649495,"They gave him a fiery short cut to Ja🔫🔫at, where 72 hijda hoores and Ham Lover Ma-HAM-Mad are waiting eagerly  👉👉👉",CAG,1
facebook_corpus_msr_1737093,Paid media trying to creat a rift in the AAP party but no logical citizen is buying it,CAG,1
facebook_corpus_msr_2137913,Naidu also claimed the BJP government is moving forward with a holistic approach where citizens are also being involved in initiatives aimed at their betterment.,CAG,1
facebook_corpus_msr_450643,Vvvvvvv miss planed  move.  More loss to  nation business then the black money pm  Modi  talk about.,CAG,1
facebook_corpus_msr_446205,It's all hog wash rich are getting richer n poor are getting poorer and the middle class are hung,CAG,1
facebook_corpus_msr_2179308,Indian Express you are making it viral like you made Cheep Thrills !!,CAG,1
facebook_corpus_msr_1978775,No body supports JNU Najib's Mother that much than they support Nahid Afrin against Islam Sharia,CAG,1
facebook_corpus_msr_2379910,Then take permission before doing all this crap on streets.,CAG,1
facebook_corpus_msr_1561798,Why should they not cry...???,CAG,1
facebook_corpus_msr_2082507,I protest against such underthoughts acts. I cant keep in home i will hv 2 pay to withdraw... Wat?,CAG,1
facebook_corpus_msr_417552,shut up .........you cannot be  a dragon warrior  with out left right center-ndtv,CAG,1
facebook_corpus_msr_115532,"Lol.kejriwal dude you already won, our taxes went for him XD.",CAG,1
facebook_corpus_msr_1521944,Pork is available in plenty of shops here. Nobody cares. Those who are concerned too much about pork can have it at cheap rates. No dietary Nazis are allowed here.,CAG,1
facebook_corpus_msr_233729,y dont govt form a special force to target existing naxalites group in diff areas n kill them .....,CAG,1
facebook_corpus_msr_437915,"Whichever party comes to power in Punjab, the centre won't let it function. Only bjp will get support from the centre. Delhi has been neglected due to this",CAG,1
facebook_corpus_msr_431766,From his own state gujrat he will be wiped off,CAG,1
facebook_corpus_msr_456681,Need to improve the market outlook analysis.... How fast you people turn bullish and bearish....!!!  A 100 point rally in nifty or a correction would change your whole perspective.... Pls be a little more responsible in this.... I don't find except SPT no one else worth listening in your analysts panel....!!!!,CAG,1
facebook_corpus_msr_1710268,"Even after many price hike, operational efficiency is poor. That's correlate with Minister efficiency. And we will talk about bullet train, flying train etc ...",CAG,1
facebook_corpus_msr_115548,"Yes of course! Unless he/she is passionate, it's all about the brand.",CAG,1
facebook_corpus_msr_334910,From he will fetch the votes to become MP.Making fools to all.,CAG,1
facebook_corpus_msr_470562,"plse focus on politions& hawala holders & big companies, comman man is always haopy",CAG,1
facebook_corpus_msr_1561757,And whom do these policemen share the spoils with ? Donald Trump? Or Justin Bieber?,CAG,1
facebook_corpus_msr_450673,Don't mislead people..... I hate I have voted for you......,CAG,1
facebook_corpus_msr_403356,Chetan Girase  tumhara media fake news say tum ko pagel bnata rhta hay.fool blochistan may india ko gali thi jati haay,CAG,1
facebook_corpus_msr_1735851,If this CM cross the law he must be in jail,CAG,1
facebook_corpus_msr_1972715,"Why Gula ,of family, is not involved",CAG,1
facebook_corpus_msr_2081700,Saurabh Shinde wht does that mean at least he should ist confermed wht the reality is .......,CAG,1
facebook_corpus_msr_373707,Pakistan is a terrorist country everyone knew  then  why  Entire do  not  get  united against it and  blot the  name of terrorist.,CAG,1
facebook_corpus_msr_451000,Wrong decision..... this rules only for poor people and reach people's are always rock,CAG,1
facebook_corpus_msr_405316,Ager daud balast na karwata toh shivsena muslmano ko jine nahi deti,CAG,1
facebook_corpus_msr_455913,"I doubt they are here to announce that they won't launch the Bajaj Dominar, with such depressing event.",CAG,1
facebook_corpus_msr_441433,Tamil Nadu in particular has a disproportionate number of illiterate people. What will people do when the opposition party is even worse. Kerala on the other hand has changed dramatically. Incidence of corruption is at it's minimum now.,CAG,1
facebook_corpus_msr_394593,"Yes wat abt baloch, Sindh, and killings of afghanis and pashtuns? stfu bikhari",CAG,1
facebook_corpus_msr_1805064,That Jan Lokpal has been dumped by Kejriwal,CAG,1
facebook_corpus_msr_444573,"Great PM Ji 
We also need 
1 Simple Taxation Laws
2 Full time Electricity 
3 High Speed Internet 
4 Honest Government & Bank officials",CAG,1
facebook_corpus_msr_452187,Why she is shouting man ? Whats with Gospel Gothic Opera ?,CAG,1
facebook_corpus_msr_2032377,"Terrorist deserve this, his father proved",CAG,1
facebook_corpus_msr_385755,"Thanks SBS for showing high points ,all people excited to see serial's",CAG,1
facebook_corpus_msr_1521625,People who believe that modi is innocent because he got a clean chit from the court are the same people who abuse salman and call him a murderer even thought he too got a clean chit,CAG,1
facebook_corpus_msr_1561744,Haha are you the chairman of the upsc civil service examination board???  How do you say that she is not fit to be the ips?,CAG,1
facebook_corpus_msr_326744,Indian army killed them..sometime sacrificed..they are not sleeping...they are defending the nation,CAG,1
facebook_corpus_msr_2241615,"If stay in country then will know the reality:
http://indianexpress.com/article/india/4-odisha-police-personnel-killed-in-maoist-landmine-blast-4502886/",CAG,1
facebook_corpus_msr_326853,"Arent they old pathological liers.. huge power consolidation with naeaz going on, n recent visit of jindal to nawazs home irked der army on d possibility of back channel talks",CAG,1
facebook_corpus_msr_402576,No work nor inclination to improve his constitution. Hence wastes time.,CAG,1
facebook_corpus_msr_1737023,"he also ridiculed center govt. of being unable to counter Pakistan and bring back our own spy, blames center of giving special trade positions to Pak. Did Indian express only saw half of the video ya fir BJP naamak chasma laga ke dekha video?",CAG,1
facebook_corpus_msr_2280165,"http://m.khaleejtimes.com/region/kuwait/Pakistanis-are-welcome-in-Kuwait,-says-ambassador-

Indians can be fooled easily 😂😂",CAG,1
facebook_corpus_msr_2081759,Ramachandra Guha the twisted marxist goon has taken over BCCI. No wonder Sehwag has bowed down.,CAG,1
facebook_corpus_msr_1805024,This old man will be next year's highest civilian award winner for bringing bjp to power.,CAG,1
facebook_corpus_msr_2117674,You have to plead with Trump to make this as law for Muslims.,CAG,1
facebook_corpus_msr_556272,Ministry should reduce their expenses,CAG,1
facebook_corpus_msr_2032135,Awesome analysis dude. I salute to your small brain. Anyway what do you smoke when making such a comment!?,CAG,1
facebook_corpus_msr_2115229,The type that's beyond you,CAG,1
facebook_corpus_msr_2241593,And should clean bjp out of govt too😂,CAG,1
facebook_corpus_msr_2018496,"Moni Singh If a woman has a choice to not work outside so be it. She then can decide whether to work outside or work at home. And how is working at home not a job ? And anyway she spoke only for herself, not for the world. Then why is everyone offended? And why is it necessary to have social validations to prove your identity ? Isn't being a good human being an identity. True equality will come the day when both stay at home moms and DADS are given equal respect as working men and women.",CAG,1
facebook_corpus_msr_1689934,bro my phone has inbuilt speed meter,CAG,1
facebook_corpus_msr_379447,INDIA KEVL NINDA HI KRE GA OR WO PAK K NAMARD HUME MARTE RHENGE😈😈😈😈😈,CAG,1
facebook_corpus_msr_1493905,Guard of Honour will be given to jadhev at DELHI'S Airport😉,CAG,1
facebook_corpus_msr_464065,"This is pathetic decision, I feel BJP government is acting against the common Public. The decisions Govt is taking has to be perfect and it should not boomerang on Govt.  Firstly BJP Govt first decision on Demonization has failed in collecting the Black Money from Market and even there is cash crunch in market. If BJP government will take such haphazard decision then public will show non-cooperation on each and every action. Timely rethink on haphazard decisions.",CAG,1
facebook_corpus_msr_380629,Koi na ab inke kinoge time do thoda sara pakistan royega,CAG,1
facebook_corpus_msr_710011,AK creating ri8 image of BJP and bjp doing reverse of it spreading false propaganda against AAP,CAG,1
facebook_corpus_msr_326089,How the  Pakistani soldier mutilates an Indian BSF jawan? By entering in to loc? Don't make fool of your nation.,CAG,1
facebook_corpus_msr_407764,Is he sleeping when congress government is existing and enjoying the corruption money through multiple scams.,CAG,1
facebook_corpus_msr_2018642,Great lady always wants to spend their time with kids and family not with puppies,CAG,1
facebook_corpus_msr_1689991,Survey pe mat jao. Speed competion lagao. Survey ki ad to airtel b krra h :P,CAG,1
facebook_corpus_msr_444243,Modi why don't you stand in the queue? 29th December is commencing. Be ready with your 'achche din within 50days'.,CAG,1
facebook_corpus_msr_431270,Maxwell.. if you cant see developments happening then you should just shut,CAG,1
facebook_corpus_msr_379446,Bolna se kuch nhi Hota..Hme bolne wali sarkar nhi chahiye..Hme kuch krne wali sarkar chhiye,CAG,1
facebook_corpus_msr_2018537,"It may appear rude to working mothers, but Mrs. Kapoor is just stating the fact that she is happy that she has the choice of being there for her child everyday. She understands that her love for her child is more important than the peer pressure of the times to get a job to boost one's ego. It may be difficult for the middle class working mothers to do the same, as they are working to supplement her husband's income and thus ensure a decent life for her family and dependents. It is a shame when wives of rich successful men, get jobs through their husband's recommendations and support, performing part-time mother duties. These positions could have been suitably filled by another needy person, man or woman, that could help another family overcome their hardships. Feminism is a joke in such cases.",CAG,1
facebook_corpus_msr_710028,correct sir.. backward leader consider backward caste as their fixed vote bank and by getting some vote from forward caste they will win their election so if they raised this point which is happened in GATE exam then their politics will be in trouble...and most of our backward  leader are unaware about  gate exam.....,CAG,1
facebook_corpus_msr_2210552,If needed you can find a link between demonitisation and aliens not visiting earth too! Keep amusing us.,CAG,1
facebook_corpus_msr_1176739,Right,CAG,1
facebook_corpus_msr_474283,It will seriously affect common man and not well thought decision,CAG,1
facebook_corpus_msr_327622,"How do we know, who claims responsibility??? Do they post any video or statement??? If they are so friendly with journalist, doesn't it makes journalist, a terrorist?",CAG,1
facebook_corpus_msr_1622414,"If Dalits not pushing science in India , then there could total choas and illogical things will emerge ..like black vs white, women vs men , short vs tall .. eventually will lead to Delhi Sultnate returning to power ..then British ..why to repeat all history again.",CAG,1
facebook_corpus_msr_2199181,Pot calling kettle black!,CAG,1
facebook_corpus_msr_1947047,#paidmedia #presstitute,CAG,1
facebook_corpus_msr_2020810,"Why wait till 11 March, why not appoint rulers through News Agents, why waste crores in voting.",CAG,1
facebook_corpus_msr_1805503,"Why has he no grudges against others like V K Singh,Kiran Bedi",CAG,1
facebook_corpus_msr_1563605,"No, they just hate everything else about them.",CAG,1
facebook_corpus_msr_2111182,Have some tolerance and listen other people also. I have many many stories from the people of such organisations,CAG,1
facebook_corpus_msr_445788,"People's can stand for darshan of God in q four hours, why can't we stand for our India, my country is charging... Plz cooperate.",CAG,1
facebook_corpus_msr_1804997,"You cannot survive in politics even for a day. Politics is no child's play, especially in India. One has to play a bit dirty.",CAG,1
facebook_corpus_msr_334390,He is a accused not a criminal. He is still very much innocent like we all.,CAG,1
facebook_corpus_msr_474441,"Most absurd way of  implementing the system, second most  populous country in the world,  how is the government  addressing  the  cash tender?? Are banks n post  office  enough to  exchange for every single  indian... #marketingmanmodi#nobrains",CAG,1
facebook_corpus_msr_445854,"the idiot addresses his party leaders and gives a lecture but wont face opposition or court and answer. just moaning about the past instead of addressing current woes caused by him and his stupidity that is making the people of the country suffer while making his friends rich. this joker is turning the economy into a lottery game.  He wants to beggar the nation by making everyone a debtor controlled by the system. my india is doomed, a lot of bhakts will fall for this drama.",CAG,1
facebook_corpus_msr_1804943,"Dear anna, u have already given greatest gift in the form of AK to this country... now again u have started to hog the limelight... Pls spare us all by disappearing somewhere...",CAG,1
facebook_corpus_msr_1945516,Kinder joy chocolate I know but I don't who is dis another chocolate guy and why newspaper like indian Express covering him ... Must be paid newz ...,CAG,1
facebook_corpus_msr_1805325,By the way where is Lokpal.. Mr Anna..?,CAG,1
facebook_corpus_msr_443953,"He is Prime minister of BJP , PM post for India is still vacant!!  90% of his speech is to tell how bad is congress which most of know by now.",CAG,1
facebook_corpus_msr_46354,It is quite natural to the politicians because people are responsible for ensuring them that they are not going to change. How many politicians are kept away from contesting. Unless people are changed the system will like this only,CAG,1
facebook_corpus_msr_327653,without take army any bank vehicle would loot by arabi muslims attacker occupied kashmir,CAG,1
facebook_corpus_msr_53439,What took them so long? Probably the bill now has provisions that indirectly/inginiously protect  them....,CAG,1
facebook_corpus_msr_2137949,What illness doctor sahab?,CAG,1
facebook_corpus_msr_1804827,You ppl still seem confused about what removed you from government... Was it Anna Hazare / was it Modi wave / was it your own bad behaviour / your curruption / your inability / your daily news of arrogance and curruption OR all above together ????,CAG,1
facebook_corpus_msr_1833344,"If cow is our mother, then what will happen to our human mother? Should we just forcefully take the property of our human mother when she is old and evict her from house?",CAG,1
facebook_corpus_msr_1978766,Manipur lady comming to Kerala why don't she welcomed by the politicians here,CAG,1
facebook_corpus_msr_451181,"Few promises of modi in 2012.
USA $ at 35 rupee. Huwa k nai.
Wadra will be brought to book?
Tax rate will be low?
GDP @8%?
No terrorism from pakistan?
1 crore employment per year?",CAG,1
facebook_corpus_msr_233515,The strike required on the Vaampanthi Aakaas of these naxalite. i.e. CPM and it's allies. Then only this problem will get solved. Otherwise they will keep on Producing  Traitors like Khalid Umer and Kanahyas !,CAG,1
facebook_corpus_msr_656267,Syed Shanam Haider i will lodge cyber cell FIR,CAG,1
facebook_corpus_msr_445781,"Some people live only to criticize. It is our mistake that we did not embrace cashless transactions for the past 2 years when we were given all the facilities to do so. If a radical step is not taken today, we will never learn because we don't bother as long as we get our food and jobs. So Modiji, you lead. We don't have the right to complain but to shut up and follow. Today, you have set India as an example for Venezuela, Australia and many more to come. Hoping for a good new year ahead. A different new year..",CAG,1
facebook_corpus_msr_2032087,Muslim living in india are totallly differnt from muslim lving other part of world..!!  They r more sensable and educated..!!!  But one such decisions from old man allow others to think  how indians reacts to terrorism,CAG,1
facebook_corpus_msr_394620,@yasir you may be also thought in school that you have won 1971 what... I am not surprised... With your knowledge :),CAG,1
facebook_corpus_msr_1957003,Indian Express is .......... it needs to be........,CAG,1
facebook_corpus_msr_1763600,Rest assured none targets you. You will go down under the weight of your illegal assets.,CAG,1
facebook_corpus_msr_446932,Those who dosen't belive.... they r all fraud.... and those who belive....can make hindustan change......,CAG,1
facebook_corpus_msr_1710288,"Have u read the article, it speaks that due to pay commision the impact will be on railways ..which termed in stad of 16 years.and u without understanding started posting hatred towards central govt , suresh prabhu as it is run my modi....come out of ur hatred annd communal mindset...grow up..high time",CAG,1
facebook_corpus_msr_1956944,"Indian Express is a cry baby...They can any extent to oppose BJP....According to them BJP and Hindutvya has every problems...But propaganda media like it, more people are moving towards bjp",CAG,1
facebook_corpus_msr_1521765,"Trying to stop beef eating in Kerala ( Somalia) , well keep trying.
The somalians will stuff beef in your mouth and kick you out.",CAG,1
facebook_corpus_msr_1946767,"Just because, he is not going to do buttering for vote bank like other politicians has done. He is Hindu by religion and leave him, will this so called Maulvi do Hindu pooja? No, so don't say the things you don't follow by yourself.",CAG,1
facebook_corpus_msr_451766,I would appreciate justin beiber today rather than this performance,CAG,1
facebook_corpus_msr_411431,"""Ladies and gentlemen, family and friends, we are gathered here today to witness and celebrate the joining of -------------and _______________________________ in marriage. With love and commitment, they have decided to live their lives together as husband and wife....................................

cnbc tv 18 is the, above proof is good? ...for the wedding ceremony",CAG,1
facebook_corpus_msr_327939,India will do surgical strike in media .And ppl will chant modi modi than bjp will elections in West Bengal,CAG,1
facebook_corpus_msr_331278,Wow..!!Now its time for Assam to face the ire of cow vigilantes..sounds great..!! So ur here to spread hatred amongst communities just for the sake of cows..!,CAG,1
facebook_corpus_msr_1561828,I pity desperation of IE to just malign Modi and now Yogi at any cost.,CAG,1
facebook_corpus_msr_1736962,"Hey listen this party is the only party where each and every person have right to say their words. Its not BJP or congress where if somebody comments against their leader will through out of party.....🌹🌹🌹🌹🌹
Another thing brother log tuo modi ji se be bahut kuch puch rehe ha, kya modi ji ne monn warat reakha ha kya. Now EVM, not even a single statement or press conference by any official of EC is released till the date which shows something is happening.......🙏🏻🙏🏻🌹🌹",CAG,1
facebook_corpus_msr_1804964,"Anna Hazare jee ab aapke aaram karne ka samay aa gaya hai. Kejriwal jee, Manish Sisodia, Kiran Bedi, Prashant Bhushan etc ke chalte aapka kusch naam hua hai aur log aapko jaanne lage the. Lekin aaj aap aandolan karke dikhayiye, dawe ke saath kahta hoon ki aapke sage sambhandhiyon ko chodkar koi bhi aapke aandolan mein sharik nahi hoga. Natak chodiye. Janta jaan chuki hai ki aap bhi RSS se hain. Aap ko BJP se kitna paisa milta hai jo ki election ke samay hi hamesha bil se bahar nikalte hain aur ek imandar neta Kejriwal jee ka ninda karke chale jaate hain.",CAG,1
facebook_corpus_msr_671907,evm ka magic,CAG,1
facebook_corpus_msr_445686,Go India 🇮🇳 don't support from here lol 😂 how's everything,CAG,1
facebook_corpus_msr_2111277,But red  agents r very dangerous not only in India but to the whole world. Better get rid of them like Soviet,CAG,1
facebook_corpus_msr_2018564,"Tats sad no mother thinks her baby as puppy but few of them don't have choice to stay at home, every mother tries to be their babies for max time possible. This new law will certainly make mothers more available for their child .",CAG,1
facebook_corpus_msr_444558,People who died standing in line must have been ill or old. How can it be blamed on him.,CAG,1
facebook_corpus_msr_1922812,"Unbelievable! This is worse than the British Raj! 
What makes a Neta..who is ""elected"" by us - the people..to lead us..humiliate any one!!

All Airlines should blacklist. 
Gunda raj should NOT be tolerated.
Doesn't this guy have a family ? Wife? Mother? Kids? 
What do they have to say about his ""behavior""??",CAG,1
facebook_corpus_msr_463921,Yeah..... Of course the country's brightest and best economic advisors aren't enough eh?,CAG,1
facebook_corpus_msr_1723013,"Friends, if a Kashmiri Muslim does indeed have no issues with Kashmiri Pandits, then let us pray that we have lakhs more of such Kashmiri Muslims. As far as the loudspeaker usage is concerned let the same law apply to everybody.",CAG,1
facebook_corpus_msr_115555,Completely true ... Today iit is no more a collage ...its a brand,CAG,1
facebook_corpus_msr_2241656,Yet another lie,CAG,1
facebook_corpus_msr_1945566,Why this man is talking all nonsencse?,CAG,1
facebook_corpus_msr_1622380,"Or in other sense, the press may want to show us that all those reserved candidates are not always undeserved. And behind every misdeeds performed by any doctors/engineers, there is not always a reserved candidate.
#Justanopinion",CAG,1
facebook_corpus_msr_1804873,Why now media is disclosing these 11000 bills at the peak  of mcd elections....n overall its not paid n under inspection.....,CAG,1
facebook_corpus_msr_445789,Our prime minister was saying demonitisation must have done in1971 that time inflation was too high due to Bangladesh liberation war and due to drought if demonitisation was done at that time people reeling under inflation might have died if they can't get employment what is happening today the casual labour and farmers are the most affected today allover digitalisation is their but at that time even electricity was a luxury,CAG,1
facebook_corpus_msr_448006,What about buerocrats ans minsters of all parties including BJP,CAG,1
facebook_corpus_msr_2117654,I agree with Abhishek Jairaj that Hindus needs to have one label that I am Hindu Indian and not Muslim. I feel lets every Hindu try this.,CAG,1
facebook_corpus_msr_1724027,His target achieved,CAG,1
facebook_corpus_msr_446564,Only intelligent people can understand what our PM has done hats of to you modiji,CAG,1
facebook_corpus_msr_451808,The bike will have this sound only when it is started..lol,CAG,1
facebook_corpus_msr_330051,Nowadays children r far better than learning humanity than our pm,CAG,1
facebook_corpus_msr_379386,Ab kya hua BJP ko Manmohan singh pe aarop lagate the ki kuch bolte hi nahi hai Modi kuch karte hi nahi hai,CAG,1
facebook_corpus_msr_411424,"1 villain can create 1000 hero , 1 hero can create 1000 villain ..which is better ........",CAG,1
facebook_corpus_msr_335368,"Raids were carried out at home of retired army personnel - a colonel, who owns a college in Bareilly. Also in question is the army officer's son, Prashant Bishnoi, who is a national level shooter.😜😜",CAG,1
facebook_corpus_msr_1722802,Is it Leone or the  Ad company making the  advert that is at fault?,CAG,1
facebook_corpus_msr_2018670,She has money therefore she has  choices.,CAG,1
facebook_corpus_msr_233971,the political parties give the only assurance to the people because we people are innocent but we are work honestly when we understand,CAG,1
facebook_corpus_msr_398351,No value of Diggi 'S statement ...but anyway why poking his nose in pak affairs ..,CAG,1
facebook_corpus_msr_2243871,She will elephants to all. Idols,CAG,1
facebook_corpus_msr_1979708,"http://indianexpress.com/article/india/fatwa-issued-against-reality-singing-star-nahid-afrin-by-42-clerics-4569825/

Dear Indian Express,
I feel sorry to write that your journalists are out there to misinterpret events and present them in a distorted manner just to make some sensational headlines. The news about upcoming singer Nahid Afreen has been prepared without proper research and investigation. It was very sad to see that your journalists don't even know the difference between fatwa and appeal. 
A fatwa is a non-binding legal opinion issued only by a qualified jurist (Mufti) on a request by someone who is unable to understand religious guidelines whereas the leaflet that is being circulated and presented as Fatwa is just a hard copy of an appeal signed by 46 men who believe in religious practices. The merit of appeal can be discussed on many grounds and in many dimensions but first and foremost, an appeal can not be called a legal opinion (Fatwa). 
We expect apology from your side for such a mistake",CAG,1
facebook_corpus_msr_444117,"Sir , great step , very bold step , it is definitely good for country . But planning lapses are there. By this time , liquidity should be there in market .",CAG,1
facebook_corpus_msr_1737180,KUMAR.HOW DARE YOU TO COMNENT ABOUT KUJILI? KUJILI IS THE DIRECT SON OF GOD AND LOK RAKSHK.BUT NOT HINDUS MUSLIMS FOR HIS VOTE BANK.,CAG,1
facebook_corpus_msr_327598,The solutions kids suggest : Let's kill them and then make them love the country. *Claps*,CAG,1
facebook_corpus_msr_444351,Anyone who criticises others should tell the solution which feel is best to resolve the problems,CAG,1
facebook_corpus_msr_2018601,She is lucky that she got married to Shahid Kapoor! She got married just after completing her graduation and now she is talking about feminism.,CAG,1
facebook_corpus_msr_2179114,Daanish Ali Sayed some nonsense you keep saying 😶,CAG,1
facebook_corpus_msr_2073759,"That is why you are enamoured with donkeys. Like you donkeys cannot think for themselves, but can only follow blindly.",CAG,1
facebook_corpus_msr_1561724,Prithvi Setty ohhhh.....lathi charge is the democracy you are talking about ??.... and you should be from AD4000.....right,CAG,1
facebook_corpus_msr_1945434,Bro 👦we coined a term #presstitutes.,CAG,1
facebook_corpus_msr_324085,Yea coz BJP govt wants to protect cows instead of humans,CAG,1
facebook_corpus_msr_402619,Azam khan wants to search his brother inlaw because he wants to marry his sister after tritalak but here we get another situation his sister has left her husband and like new who punish modi.,CAG,1
facebook_corpus_msr_327856,India will react by not playing cricket with Pakistan or they ll make a bollywood movie against Pakistan in which they will show their army doing surgical strike... lol,CAG,1
facebook_corpus_msr_1724031,He is right. Why do Muslims want to encroach my fundamental rights,CAG,1
facebook_corpus_msr_2260850,"Any amount of colouring, the Lotus will remain colorless.",CAG,1
facebook_corpus_msr_451066,"Are you living in India to know the problems, There is absolutely no problem from day 3 here in Udupi Which is a small town. By the way common man does not spend Rs24000/ a week unlike rich NRI like you when you are on vacation.....",CAG,1
facebook_corpus_msr_449514,If modiji not get support from us then will be back to congress era. This is very crucial period of India,CAG,1
facebook_corpus_msr_432542,Dnt understand what Mr pm speaking so I'm logging out,CAG,1
facebook_corpus_msr_1805186,Indian Express who u r to decide this...this is not your work,CAG,1
facebook_corpus_msr_1804886,"PM sahab clearly said they cant bring lokpal bill, but can bring all anti people finance bill lots of tax and zero transparentcy on political fund",CAG,1
facebook_corpus_msr_334874,"So, Now there is no one to raise voice aganist BJP without fear.",CAG,1
facebook_corpus_msr_445844,No change of goal digital payment is a by product of fighting black money,CAG,1
facebook_corpus_msr_1521719,BJP please continue with your beef protest in Kerala.. and all of us will get FREE beef biryani every day from cpim :),CAG,1
facebook_corpus_msr_451718,Blame it on demonetization. Bajaj cannot show you the bike today guys!!!,CAG,1
facebook_corpus_msr_2111410,What about Kerala Muslim league ?,CAG,1
facebook_corpus_msr_1723924,Publicity stunt,CAG,1
facebook_corpus_msr_1922816,If planned rioters can be CMs & PMs than an MP who has just slapped must not be an issue. The society gets leaders which it deserves. #HinduTaliban,CAG,1
facebook_corpus_msr_450832,Only people with bjp rss minded are with MODI. NOT ALL INDIANS,CAG,1
facebook_corpus_msr_1979710,"Dear Indian Express,
I feel sorry to write that your journalists are out there to misinterpret events and present them in a distorted manner just to make some sensational headlines. The news about upcoming singer Nahid Afreen has been prepared without proper research and investigation. It was very sad to see that your journalists don't even know the difference between fatwa and appeal. 
A fatwa is a non-binding legal opinion issued only by a qualified jurist (Mufti) on a request by someone who is unable to understand religious guidelines whereas the leaflet that is being circulated and presented as Fatwa is just a hard copy of an appeal signed by 46 men who believe in religious practices. The merit of appeal can be discussed on many grounds and in many dimensions but first and foremost, an appeal can not be called a legal opinion (Fatwa). 
We expect apology from your side for such a mistake.

http://indianexpress.com/article/india/fatwa-issued-against-reality-singing-star-nahid-afrin-by-42-clerics-4569825/",CAG,1
facebook_corpus_msr_2379951,"Is this the same Vemula who faked he is Dalit and was milking the country, enjoying benefits meant for others?",CAG,1
facebook_corpus_msr_115486,"This post isn't about IIT at all. It's about a student who thought he is going to the right place, only to realise mid-way that he wants his destination changed!! The title and subtitle of the article are misleading. The matter and the title are VERY different. And as Indians aren't good at argumentation anyway, even the readers are discussing the title and not the body of the article!! Lol",CAG,1
facebook_corpus_msr_330867,"Cow vigilanta don't do bomb blast in markets.
And we also condemn ATTACK by cow vigilants on any one",CAG,1
facebook_corpus_msr_1561833,"Better resign or don't work for people because people voted them,  they selected bigotry representatives so why u worry,  what they want do in that way...",CAG,1
facebook_corpus_msr_445698,"This is really a subject of stupidity , aam Aadmi is the sufferrer , y was 1000 ,100,500, not been launched first n y was it tht 2000 a first launch.,.simple all the black huge some would be saved safeguarded...chai wala thinks he is really brilliant n he is the God for the nation...no one has did nothing in this previous decades. Y Is attacking only Karnataka govt y not other states.......",CAG,1
facebook_corpus_msr_2117635,"Indian is Indian ,the USA has no special consideration to any particular religious segment from  India",CAG,1
facebook_corpus_msr_455964,She says who every is buying Dominar 400cc will have a grave end.....,CAG,1
facebook_corpus_msr_445869,the goal was black money.... Need 30 days.   Changed to 50 now need more time.  Why till date he is moan. Silent on the deths of poor and innocent Indians in bank lines.  Shame no one is talking of justice for more than 80 deaths.,CAG,1
facebook_corpus_msr_1897104,"AS D CASE IS IN D COURT. NOW LET D JUDGE DECIDE WHAT IS TO BE DONE NOW. THAT IS WHY WE HAVE COURTS N POLICE STATIONS TO GIVE JUSTICE TO D CITIZENS OF INDIA.
GIVE UR VALID REASON FOR UR TROUBLES N EXCESS MONEY. THEN IF D COURT FINDS IT REASONABLE DEN D POLICE MEN INVOLVED SHOULD BE SACKED FROM HIS JOB AND D POOR MANS MONEY MUST BE EXCHANGED N RESTORED BACK TO HIM.",CAG,1
facebook_corpus_msr_1723915,I disapprove of loud speakers in our churches as well,CAG,1
facebook_corpus_msr_1723109,"Suhas Shilker You must have heard or read about scuffles, riots, murders etc when a person from different community objects to loud noise from bhajans. I also experience this constant loudspeaker noise from nearby temple but I have to bear with it to avoid communal tensions.",CAG,1
facebook_corpus_msr_445901,Modiji break the barns and  feed the poor break mills and cloth the poor and break property builders and give shelter to the poor and open the water lines and give the poor. Money is paper and only makes life miserable,CAG,1
facebook_corpus_msr_1805180,Anna ji where is lokepal bill where is your seculiyarism better you were some other dress not Gandhi topi,CAG,1
facebook_corpus_msr_1804990,"Anna Hazare  is a failure. He could neither introduce a Lok Pal Bill, as he wished, nor could produce a political party to counter Congress and BJP. He shouldn't have started any movement and to produce opportunist leaders like Kejriwal and Kiran Bedi who used him.",CAG,1
facebook_corpus_msr_431213,"What an actor, he is:-P may be after 2019 he will be a part of hera pheri 3B-)",CAG,1
facebook_corpus_msr_2018552,"Strongly agree to you Sunitha Lakshmanan di!! 
I believe working mothers are raising thr children with more confidence, freedom and love!! Definitely homemakers were winners in this race , but today the race and path has been changed!",CAG,1
facebook_corpus_msr_1893409,Child marriage is illegal then Modi's parents and Jashoda's parents should go to jail.,CAG,1
facebook_corpus_msr_2082497,Is this what we were said as achche din? We have been fooled by Modi and his govt. Unite and revolt against this.,CAG,1
facebook_corpus_msr_1805019,#kejriwal was always right in joining politics you just be busy in making your image and be the next gandhi,CAG,1
facebook_corpus_msr_1582210,"and by the way, russia is way developed than india. so dont cry salo",CAG,1
facebook_corpus_msr_1722977,And as you're from Kashmir. That's enough you enlightened yourself. -_-,CAG,1
facebook_corpus_msr_1714337,Wait and watch how those fat hands can cause ur throught an delusion,CAG,1
facebook_corpus_msr_1735798,"nope it has to pass through centre, they won't allow it",CAG,1
facebook_corpus_msr_445823,no postmartom before december tax shown recoeds..... no fear to bussines man who is ready to do digitalisation now onwards....,CAG,1
facebook_corpus_msr_416597,What sort of a justice is this when there is no concern for loss of jobs and loss of revenue ?  Didn't the govt have any advocate  to  represent it  in court? Was the order an ex parte one ?,CAG,1
facebook_corpus_msr_466218,"but anyone can speak against wrong deeds specially when someone disable 90 % of people to get their money from their accounts and eventually disable all middle and lower section people to get basic needs of life including food......
u know what i mean by 90%",CAG,1
facebook_corpus_msr_1972709,What kind of report need high command ? Its simple Gandhi family. Until through out Gandhi family from congress it can't win...,CAG,1
facebook_corpus_msr_1723738,It seems he wants to be in limelight. I will not stop listening to his songs.,CAG,1
facebook_corpus_msr_2111372,My goodness so many bigots,CAG,1
facebook_corpus_msr_2117652,US govt. are not accountable to people of India ... Are they ? .... Rather ask what is the Indian govt going to do to stop hate crimes to Indian on US soil ?,CAG,1
facebook_corpus_msr_456097,"""tough competition for Royal Enfield""
Royal Enfield be like : ""HAHA, that's cute""",CAG,1
facebook_corpus_msr_1723069,"Peeps, it's my opinion. If you can't accept it; you could ignore it. I am not here for a war of words.",CAG,1
facebook_corpus_msr_2111114,Vijayan said the RSS is opposed to the idea of secularism.,CAG,1
facebook_corpus_msr_1723021,Think so u have read Quran Anurag Mishra,CAG,1
facebook_corpus_msr_2032343,Where them Leftists at?,CAG,1
facebook_corpus_msr_466281,Why were you silent when your government was looting the nation for 10 years?,CAG,1
facebook_corpus_msr_444432,When u have started blak money clean up pl clean thoroughly,CAG,1
facebook_corpus_msr_2241632,Modi always talk like this.we should not take serious.,CAG,1
facebook_corpus_msr_2018625,"1. Why should a human baby be more important than a puppy?
2. Wtf is wrong with her 
Promit Mookherjee",CAG,1
facebook_corpus_msr_1723074,"Aruna Adeel,  right. No one cares about millions of tweets on cleanliness or eye donation.",CAG,1
facebook_corpus_msr_2073774,NO ONE KILLED BY HARVARD.  BUT IDIOT WORKED HARD TO KILL 150 INNOCENT PEOPLE.,CAG,1
facebook_corpus_msr_1956945,"YOGI being a Hindu tries to safeguard Hindu interest.He also Believes in Sabka  Sath Sabka Vikas.That is Why he is the best Choice for C.M of U.P.
UNDIAN EXPRESS STOP CRYING FOUL.",CAG,1
facebook_corpus_msr_454939,Plot twist : sorry this is not a bike. This is a movie about the bike,CAG,1
facebook_corpus_msr_466262,That was blessing I gave u to own cars.... U r the only one who can refuse a blessing... No problem you only use the cars but I'll pray I own them someday...,CAG,1
facebook_corpus_msr_408828,I just want to say that media works only for own TRP. Media never like to arise the grievances of an ordinary people. I have news that on 8-12-12 an 18 year old went to tuition and never returned back and family found her body in nearby mortuary after 4 days on 12-12-12. Stunning thing is that the parents of the girl lodged missing report on the same day and girl was killed on railway track on 8-12-12 & police recovered the body on the same day. Police has no time to even collect her PM report & investigation is yet not started to allow the culprits to erase the evidences. No news paper/channel dared to show the news as it has no worth for them. A police person was killed in agitation at India Gate and PM report came to police within 24 hours and MS of Ram Manohar Lohiya Hospital is summoned by the police to be appear in their office.,CAG,1
facebook_corpus_msr_495267,"Whatever the analysis, if America comes first, it always seems like faking it.",CAG,1
facebook_corpus_msr_420965,Surprising to come from a man who constantly ditched those very friends who were instrumental in his success...,CAG,1
facebook_corpus_msr_1887323,potbelly does not go well with uniform.,CAG,1
facebook_corpus_msr_1723634,This shows wat respect indian muslims have in india...,CAG,1
facebook_corpus_msr_1723022,"Now tell the other people commenting,  that there are temples in Kashmir Rahul Sharma",CAG,1
facebook_corpus_msr_474282,The quantum of gali to modi is directly proportional to black money they have,CAG,1
facebook_corpus_msr_1521761,Consanguineous marriages increase the chances of genetic abnormalities and you people are ample proof. ..Lol  !!,CAG,1
facebook_corpus_msr_1762588,"Yes,HE. Global power of Happiness which is under tremendous threat.",CAG,1
facebook_corpus_msr_2041612,"Nobody condemned karan for taking Pakistani actors, why ????",CAG,1
facebook_corpus_msr_1722787,Sunny Leon would not face any problem if she did a FAIRNESS CREAM ad.,CAG,1
facebook_corpus_msr_455722,imagine the plight of the other hooded  guys/girls on the stage - they must be sweating and cursing the bike and the lady singing - their Badduua will ensure the first 100 bikes have punctures!!\,CAG,1
facebook_corpus_msr_451142,Some idiots are busy in spreading rumours without understanding the reasoning behind remonetisation.,CAG,1
facebook_corpus_msr_380542,"मागते रहो भीख आतंकबाद खत्म करने की ।
अरे खुद ही कुछ करो ऐसा कब तक सहन करेगे ।",CAG,1
facebook_corpus_msr_1490607,Stooge of bjp,CAG,1
facebook_corpus_msr_2018550,Hahaha..awe that people like u still exist.. MCPs.. no need to make an argument wid u..u got no brain for that!,CAG,1
facebook_corpus_msr_1805562,Why will a bjp man join AAP,CAG,1
facebook_corpus_msr_1775199,Vishwa Yandigeri... U might be right.. I thought the same when BJP stacked enough money and then got demonetisation just before UP elections.. and won because they were the only party with money... others were raided and stripped....,CAG,1
facebook_corpus_msr_445987,Modi met Rahul gandhi.... 7 parties pulled out of protest march to rastrabathi bavan... Great Modi ji,CAG,1
facebook_corpus_msr_469279,In 2022 Modi was Normal citizen like you and me! Why he thinking tooo much !!!,CAG,1
facebook_corpus_msr_334177,"Rightly said, all boot lickers are left in this grand old party... No one left to take on the bull by its horns..",CAG,1
facebook_corpus_msr_374058,Bc pakistan par ek parmanu bam gira kar safaya karo.,CAG,1
facebook_corpus_msr_2032277,"Don't forget the nationalist arrested for spying for Pak.
You have good knowledge of pedeg....",CAG,1
facebook_corpus_msr_446215,Even a good decision if not implemented properly then it is a failure at the end of the day.,CAG,1
facebook_corpus_msr_1561917,Ya  well. On the bright side atleast the senior was supportive and she is able to do what's right and not succumb to the big-headed crowd-pleasing Mla.,CAG,1
facebook_corpus_msr_454888,This bike is for the night that why it is dark,CAG,1
facebook_corpus_msr_2041575,Nepotism exists... No wonder people vd no talent at all like #sonamkapoor continue to exist,CAG,1
facebook_corpus_msr_221625,Kejriwal should resign immediately. .if he has some dignity left,CAG,1
facebook_corpus_msr_326813,my simple question......soldiers got killed with fire....how come their bodies were mutilated ?? this shows they were in Pakistani territory.....and if they were in Pakistani territory they were surely at wrong place and met their fate....and as far as mutilation is concerned this claim is absurd......neither we mutilate nor we use humans as shield like indian army does.....this is how we treat soldiers ....ur very dear chandu Lal chohan,CAG,1
facebook_corpus_msr_1722917,"Sickular spotted ha Vikash okk i take it... u r no less then communal too then, who knows only to respect his own beliefs and insults others... If respecting everyone is termed as Sickular then Yes i am a Proud Sickular, bt frstly i am Human being and knows Humanity, rest u cn term me wtever u wnt, neither i ever cared nor i will now... Nd ya Malice a true secular and liberal mind should be respected atleast more then a selfish communal narrow mind... Nd avinash i know he tweeted three tweets exactly.. i m just sying ws it necessary to highlight a particular Community for opposing noise pollution, in his previous two tweets.. And I am not Muslim too, I m a Sikh, i stand for humanity thats wt our Dhan Gurus says.. Thanks..!",CAG,1
facebook_corpus_msr_1724079,He as finish is music carrier he want bharat ratna and bjp ticket,CAG,1
facebook_corpus_msr_2081715,You let out blood thirsty hounds on a 20 year old kid! You should feel ashamed! You legitimised her trolling,CAG,1
facebook_corpus_msr_463933,i like grey hair that is the reason 50:50 (krackjack),CAG,1
facebook_corpus_msr_1521717,"You know it just baffles me how despite so much education and information around, people like you ask such dumb questions. Could you just define what a true Hindu, Muslim or a Christian is supposed to be like? By all means feel free to come to Kerala and do your survey yourself as to whether Hindus here eat buffalo or cow beef. By the way I also have Kerala Muslim friends who drink also. (Jinnah btw ate pork and drank too) So you can do a simultaneous survey on how many true Muslims are there in Kerala. And do remember to share your survey results with everybody. It will be enlightening. Like I said in my comment, Kerala, it's food practices and culture is beyond the understanding of most North Indians like you.",CAG,1
facebook_corpus_msr_1805206,"Shunglu report is ok 
What about mcd.  Delhi
Most corrupted corporation in India led by BJP.",CAG,1
facebook_corpus_msr_431158,Their imam tells to marry 4 women nd have 40 kids with them all.. BJP oppose this.. thts the main issue with these sufiyan type people,CAG,1
facebook_corpus_msr_1649494,"Nusrat Nazir She and her ministry have rescued hundreds and thousands of Indian's from Yemen war and they there countless expatriate workers who praise her for taking interest in individual problems. Just yesterday, she ordered the Indian embassy in KSA to rescues a Muslim woman who was confined by her employer abusing the kafila system.",CAG,1
facebook_corpus_msr_395445,Have we stupid Indians made our mind to give a befitting reply to porkistan in facebook only... plz wait and we have confidence in our army...,CAG,1
facebook_corpus_msr_378917,????? Respect your nation buddy. Let PM Modi attack will full thrust. Enough is enough.,CAG,1
facebook_corpus_msr_1737062,"Original video in the link....and a segment of the video used by few media house to propagate how Kumar Biswas attacked Kejriwal.....watch both the video by yourself  to see how mainframe media is using all its take to defame delhi government as much as possible before MCD election.
#shameonjournalism #soldmedia

https://m.youtube.com/watch?v=iuoS2dpccHU",CAG,1
facebook_corpus_msr_1937576,Looks like he needs a slap from Shah Rukh Khan again!,CAG,1
facebook_corpus_msr_466266,"This idiot was the major contributor of black money as slave prime minister of Sonia gandhi .

Now shedding crocodile tears .

Most useless ex prime minister of india .",CAG,1
facebook_corpus_msr_2032082,Ubaid think about future not about past .....increasing terrorism is an issue now days ..it dosent matter who he is ....,CAG,1
facebook_corpus_msr_1887259,"Still we should know why exactly they are leaving, so that right corrections can be applied.",CAG,1
facebook_corpus_msr_327894,Tough words are not enough. Strike strike and strike......Mr PM your 56' chest is on stake....,CAG,1
facebook_corpus_msr_1525410,What did I do then? I put my opinion too.. And you can put your opinion but can't order the court..,CAG,1
facebook_corpus_msr_554024,he should read a few books on economics... am not sure if he knows the basics of economics...,CAG,1
facebook_corpus_msr_431238,Once his term comes to end he will say give me another 5 yrs by that time he will completely ruin the country,CAG,1
facebook_corpus_msr_444148,A speech full of just superficial ideas. Mr. Modi look down to common men . See where he is right now. Ur just blah blah blah blah blah. Nothing else. No ground reality.,CAG,1
facebook_corpus_msr_2032297,"Why  u did like this, GODSE body still revered in India",CAG,1
facebook_corpus_msr_466254,"being highly educated and learned and not using any of it for the benefit of the country is useless... i have also stood in lines for hours and not only seen poor people stand but also people who drove Mercedes and BMW's getting out of their cars and standing in queues. Thats y i said not everything you read is true. If you have read the Bible... God bought a flood when only Noah and his ark and all that was inside his ark was safe. do you know y ???? if not please find out y... No religion teaches bad things its people who do bad. We all have comments on everybody and everything... Also, please go back in time when the Puppet was a PM and you will come to know alot of things that happened but nobody spoke about it... neways... you take care and time will tell us... lets leave this to time... take care and all the best buddy....",CAG,1
facebook_corpus_msr_556256,noooooo,CAG,1
facebook_corpus_msr_1805483,Drama man,CAG,1
facebook_corpus_msr_2018504,Absolutely perfect reply,CAG,1
facebook_corpus_msr_2379895,actualy they all are bhakts :D,CAG,1
facebook_corpus_msr_1737053,"What he said and what are you quoting?

Wish you looked at the video in an unbiased manner....",CAG,1
facebook_corpus_msr_397828,We will get revenge as soon as possible. Just wait and watch.,CAG,1
facebook_corpus_msr_1737040,"I was personally fan and become bound to watch his alliance and particularly Mr Kumar Vishwas and his own made talent  including poet one,I believe that,*Zinke andaj shairana note gain,oonke jajbat aashikana vote hai*but what I get ,seriously I want to say * Aap aap ho gate bavajah,hum   tum ho gaye be vajah.Sorry to say you have lost not only yourself but believe of common Indians,who started to store power and confidence to stood before malapersonalities.",CAG,1
facebook_corpus_msr_1493804,It was bound to happen . ... what chances did pak have in intellect with India . .... a country who compares Indian mars mission with their low quality missile test ... how can one think that they can even compete with India who is not just a super power in technology but also has a  soft power skills .......,CAG,1
facebook_corpus_msr_349428,First of all this is our constitution mistake to farm uniform civil code.if  Previous govt  could have do it earlier it will not be discussable matter to day. Perhaps may be vote bank .One thing I can't understand. For all crime they want IPC. WHY THEY DONT TRIPLE TALAQ TO BE IN IPC...even most of educated persons are not raise theire voice against this...,CAG,1
facebook_corpus_msr_417578,Reliance is cheater.....they made billions via insider trading....... avoid the cheater,CAG,1
facebook_corpus_msr_466265,"Finally he spoke but not what he wanted to, but instead what Congress wanted to.",CAG,1
facebook_corpus_msr_2383816,Keni Siezo Punyu sakshi maharaj have no public support...yogi is the leader of purvanchal,CAG,1
facebook_corpus_msr_334339,Amanmani  is a culprit. 4 political milage he is trying 2patch up with adiyanath. Let's c what he does.,CAG,1
facebook_corpus_msr_325774,The pot cannot call the Kettle black ??  India loses the right to accuse other for the same crime that India itself commits routinely to others. India has killed 57 Bangladeshi Army officers in a staged rebellion in Bangladesh who bodies are totally mutilated. India extra-judicially kills Bangladesh Border villagers almost everyday. India has been recently killing its own Muslim citizens for the crime of eating or wanting to eat beef.,CAG,1
facebook_corpus_msr_466252,so are you saying that this puppet was not responsible for anything that happened in the country for the last so many years.... come on....,CAG,1
facebook_corpus_msr_398307,Please stop such nonsense statement. No results come from any talks. They are not at all worth of it. So tackle the situation as per the demand and betterment of the nation.,CAG,1
facebook_corpus_msr_1723968,One more swine,CAG,1
facebook_corpus_msr_447020,Congress did in 70 year BJP did in 30 min,CAG,1
facebook_corpus_msr_365635,It appears so because after becoming her C.M anti -national activities has increased.,CAG,1
facebook_corpus_msr_367670,"In other words, Indian Army is saying Pakistani soldiers went across the LoC into Indian side, Mutilated the bodies of two Indian soldiers and came back while no one on the Indian side dared them engage. 
#surgicalstrike 😏",CAG,1
facebook_corpus_msr_380837,Modi ji now act do not follow congress path nation wants result,CAG,1
facebook_corpus_msr_433102,Modi has chopped congress into 4 pieces ...what a speech,CAG,1
facebook_corpus_msr_1804829,This mam seems to high on cheap brands smoking pots .......he even abuse pious man like anna .,CAG,1
facebook_corpus_msr_444141,He is doing good but he should have silenced opposition by facing them in parliament.,CAG,1
facebook_corpus_msr_1956950,"Chill Indian express..u all have seen work of many so called good people..let him also work..how can you question the confidence of Gorakhpur voters who have voted for him since 1998..take a chill pill and work for transperancy and intellectual development of country, don't create suspense and hatred..",CAG,1
facebook_corpus_msr_450833,Petrol ke price exceed kyu ho rahe hai? Why even after cash being seized,CAG,1
facebook_corpus_msr_1561797,Yeah because once they wore uniform they aren't human anymore?,CAG,1
facebook_corpus_msr_474292,A person having black money will go to bank or post office and will exhange the notes. Then how does this move going to help curb blackmoney?,CAG,1
facebook_corpus_msr_433141,Give Mahajan a gun to shot all the so called palimentarians who do not listen to her,CAG,1
facebook_corpus_msr_401406,I want to send some bangles to all BJP leaders including Natendra Modi...!,CAG,1
facebook_corpus_msr_1805074,B coz he is with B J P And lots of money...............         AAP doesn't have.,CAG,1
facebook_corpus_msr_2137937,Don't worry this bitter pill will make you all ill for a long time resulting in your death.,CAG,1
facebook_corpus_msr_2111261,For him secularism is bootlicking of mullahs.... Thank God India is in safe hands 😊😊😊😊,CAG,1
facebook_corpus_msr_2137921,"Shakeel Mohammed Right Jaitley is another  Modi Chaiwala's  KMA . He too sneaked in through the back door. These back door entrances includes Smriti , also.",CAG,1
facebook_corpus_msr_431602,How much was petrol prices during Congress rule Mr. Fake maxwell?,CAG,1
facebook_corpus_msr_324444,These days cows and dogs are more important than humans,CAG,1
facebook_corpus_msr_1805111,The whole world knows you are with RSS/BJP. Whom are you trying to fool???,CAG,1
facebook_corpus_msr_431220,"Congrass is end of india, that's why they joined SP 😂😂😂😂",CAG,1
facebook_corpus_msr_1722964,"Yes y nt Md. Sir, noise pollution is noise pollution, SC has law of not playing speakers from 22.00 to 06.00, i believe everyone shud follow it, evn my Gurudwara.. Nd i aint sying there shud be no loudspeaker in religious place, it shud be there bt in a controlled way abide by Indian Judiciary laws.. If wt u r doing is legal noone has the power to stop u... And as u can see Sir, i aint defaming neither supporting any religion here, i m supporting wt is right according to my point of view..",CAG,1
facebook_corpus_msr_1521746,"Hindu majority,,,,okkk  does that makes anyone wanna stoop to your decisions.... You better live with your beliefs, nobody is going to question you , but never try to pull others into your zone.... nobody cares....   if you are protecting some thing religious, holy or whatever then we are protecting something more important to us which is our freedom and right as a human ....... any sensible person will understand  this....",CAG,1
facebook_corpus_msr_450598,It may be bad for some Indians but great for all India,CAG,1
facebook_corpus_msr_1493817,Omkar Bhatwadekar ooohhhh really what a achievement.,CAG,1
facebook_corpus_msr_656232,hahahhaha...look who's talking about respect..what a man .....😂😂😂 nd i don't want to Judge u coz u r also show ur third mentality cheap people don't believe u r human being....,CAG,1
facebook_corpus_msr_367645,Our blood boils when we see/hear such news. Have the govt. got any blood to boil?,CAG,1
facebook_corpus_msr_408519,"friends we have to understand the ground reality, b'coz this will not turn-up in a day or two day protest, only parliament has right amend this procedure.",CAG,1
facebook_corpus_msr_394608,"Surgical Strike would be a better option as you already have ""successfully"" conducted that.
😂😂😂😂😂😂😂
But please this time with proofs as you know world doesn't believe on your fake claims.",CAG,1
facebook_corpus_msr_1979688,"Dear Indian Express,
I feel sorry to write that your journalists are out there to misinterpret events and present them in a distorted manner just to make some sensational headlines. The news about upcoming singer Nahid Afreen has been prepared without proper research and investigation. It was very sad to see that your journalists don't even know the difference between fatwa and appeal. 
A fatwa is a non-binding legal opinion issued only by a qualified jurist (Mufti) on a request by someone who is unable to understand religious guidelines whereas the leaflet that is being circulated and presented as Fatwa is just a hard copy of an appeal signed by 46 men who believe in religious practices. The merit of appeal can be discussed on many grounds and in many dimensions but first and foremost, an appeal can not be called a legal opinion (Fatwa). 
We expect apology from your side for such a mistake.",CAG,1
facebook_corpus_msr_1561795,"We have a Lady sub-inspector in sec-7, cda, cuttack. 
She takes bribes from criminals to protect them. 
Have asked officials to refrain her from using Laal Batti PCR vehicle until vigilance takes care of her.... Vigilance sitting with her reports from 2015.
She has filed cases against victims for hitting her with iron -rods. 
After getting hit with iron-rods she actually and sincerely gets pregnant and avails maternity leave. 
Her pregnancy outcome : First Iron baby daughter of odisha. 
We have requested everyone locally to bless the iron - baby so vitamin deficiencies could be cured.",CAG,1
facebook_corpus_msr_444275,Opposition Parties hv only ONE AGENDA that Modi should not b allowed 2 work. They r trying thr best 2 incite people agnst Govt.,CAG,1
facebook_corpus_msr_1805156,There was a time when every Indians respected Anna...but nw entire India is ashamed of him...,CAG,1
facebook_corpus_msr_1351267,This country will run by constitution not by Veda or any religious book that our four father decided don't ruin diversity and pluralism of this country . For your kind information every one has  believes. Animal life is more important than human life ?,CAG,1
facebook_corpus_msr_334173,A man who has will power to lead the party boldly in Punjab.,CAG,1
facebook_corpus_msr_2073032,BJP sees ‘TMC conspiracy’; CID says didn’t make public accused whereabouts in Nepal deliberately,CAG,1
facebook_corpus_msr_444115,Neither black money was unearthed nor corruption was curbed. He talks about right of poor people and the same poor man is dying of hunger. Black money is parked thru Political funding and now they are exempt.,CAG,1
facebook_corpus_msr_325026,"Kajol clarified saying...she was eating aunty not Mommy.. go to her house.. you cowards.. and punish her, if you've guts.. hypocrites..",CAG,1
facebook_corpus_msr_1805360,Why is he always poking into affairs of kejriwal??,CAG,1
facebook_corpus_msr_1521640,"//17-year old RSS worker Ananthu in Alappuzha, 20-year old BJP worker Nirmal in Thrissur, 44-year old BJP worker Jayakumar in Thrissur and a few others.// I think it is better to mention specifically who killed these BJP workers. otherwise they will definitely add these name to the incidents of 'brutal one sided killing' of BJP workers in kerala. it is sanghis and spreading lies is their game!",CAG,1
facebook_corpus_msr_431247,Forget about religion and tell if anyone take such strong decisions in favour of country?,CAG,1
facebook_corpus_msr_2032262,This serves as a fitting reply to the so-called liberals.,CAG,1
facebook_corpus_msr_1510208,"For kashmiri pandits thy hv no answer, as thy can see only their problms only..like thy do remember proper dates n no. Of ppl got harmed bt thy dont remember their deeds behind that..unfortunatly",CAG,1
facebook_corpus_msr_2082523,"What is your money and my money? Who will pay for d building, salary of bank staff,elect etc ? Indian express?",CAG,1
facebook_corpus_msr_2280082,"Jennifer Anne Juste do you agree with child rape, killing of gays and Jews, slavery, wife beating and killing of Apostates? Is that what being liberal is? Sacrifice all for the intolerant?",CAG,1
facebook_corpus_msr_450698,Who ever is abusing PM. Keep ur mouth shut as u did for so many years...,CAG,1
facebook_corpus_msr_1897742,Very  nice  but  difficult .. To find  with  merit ...,CAG,1
facebook_corpus_msr_1804784,"""I am pained by the Shunglu Committee report...He (Kejriwal) has dashed all my hopes.""
Do you think Anna Hazare made the right decision? Share if you agree!",CAG,1
facebook_corpus_msr_1521708,"Sooner or later BJP will raise through RSS more and more........15% to 20 or 30%..even more.....

And all this will happen bcas of people like you",CAG,1
facebook_corpus_msr_2260837,If BJP wins UP he will go to NDA that will be the end of opposition.,CAG,1
facebook_corpus_msr_444082,That means he is not the right leader and he fails to control his subordinates,CAG,1
facebook_corpus_msr_1617880,"Megharaj u may have not read the actual news , that i understood from ur 1st comment.",CAG,1
facebook_corpus_msr_2032177,"At times like these I feel sorry for parents who sacrifice so much to bring up their kids, only to be let down by the same child. Can't even begin to try and empathise with this man's state of mind at the moment. I wonder what he and his wife might be going through at such a difficult time. Almighty please don't ever punish any parent the way you are punishing this couple. He turned out to be an ungrateful son and eventually an ungrateful Indian. Shame!! I do however feel that his fTher should have him buried the dead need to be put to rest who ever they might be. I doubt any of us will question this poor old man's patriotism if he puts his son to rest. Please burry him.",CAG,1
facebook_corpus_msr_450156,"PM take the crocodiles from the nation out !!
We are with u",CAG,1
facebook_corpus_msr_1034371,Waooo,CAG,1
facebook_corpus_msr_1907013,Do you know Malda. ??,CAG,1
facebook_corpus_msr_1956248,RIP,CAG,1
facebook_corpus_msr_1521856,"in cattle fair, keralites purchase mother with calf for butchering by offering price no other can offer.",CAG,1
facebook_corpus_msr_431249,Now you are saying what you really think. MR Macchiwala. This the main reason y you are hated here,CAG,1
facebook_corpus_msr_1521948,Dog meat or beef or chicken  stopped eating grass,CAG,1
facebook_corpus_msr_2111162,look at your party's principles and actions also. can they be called secular and in the interest of the country. we find more communal riots in periods of pseudo-secular rule. why?,CAG,1
facebook_corpus_msr_451830,don't worry .. asia sound will come only after you start the machine.,CAG,1
facebook_corpus_msr_466248,Anthony.... not all u read is true.... everybody has a viewpoint... you speak what you feel and i will say what i feel. . you are right coz thats ur viewpoint and i am right coz this is my viewpoint... Every individual should speak for themselves. let not make other speak what we feel is right or wrong... let people decide if the country is changing for good or for bad.,CAG,1
facebook_corpus_msr_403535,Could it be pimp Pappu Maharaj seeking to relieve his frustrations ?,CAG,1
facebook_corpus_msr_451876,The marketing team of Bajaj is loosing the Plot... First the FLG theme of Avenger and and now this :( SAD...,CAG,1
facebook_corpus_msr_419601,It is the biggest fraud. A girl student living on rent prepared an Adhaar card on my adress but she was a resident of Bhiwani. She got married and got the registration of her car on my address. When the card came on my address I refused to accept it that she does not live here no penal action was taken against her.,CAG,1
facebook_corpus_msr_474286,He made people across India to stand outside bank from early morning and he left for Japan as usual,CAG,1
facebook_corpus_msr_407659,Good to hear this news may God call him soon to his home ...,CAG,1
facebook_corpus_msr_431246,Hindus and other religions were also died...It was agitated by ruling party and local goons,CAG,1
facebook_corpus_msr_1723112,"Muslims are slaves, this is fact",CAG,1
facebook_corpus_msr_334370,"As Mr. Gathkari has pointed out, BJP is the mothership of all types of criminals from thugs, mass murderers, cheats, fraudsters..",CAG,1
facebook_corpus_msr_1724366,"Tension prevailed in the village when the police dismounted the loudspeaker from the temple on Ram Navmi after the Muslims objected to its use.

https://m.facebook.com/story.php?story_fbid=10154868919463580&id=111445058579",CAG,1
facebook_corpus_msr_2073801,"Haha,  now this is gross",CAG,1
facebook_corpus_msr_1902072,its the New India of vikas....by Modi govt,CAG,1
facebook_corpus_msr_221676,Kejriwal dissolve assembly elections in Delhi best for you,CAG,1
facebook_corpus_msr_1724213,See wha t suprim Cory say about it,CAG,1
facebook_corpus_msr_1521674,"Yep dude nd now u know cows r sacred to us, that's why we feel sad nd r against it.",CAG,1
facebook_corpus_msr_2032072,He was boy friend of your mother,CAG,1
facebook_corpus_msr_334876,But its the Truth... U watch Rajasabha Tv. U can see that each and everyone is made fun and antinational by BJP leaders who stands aganist them. Yechury is the one who stands tall with big voice.,CAG,1
facebook_corpus_msr_322597,Know every BJP member giving tributes but till concrete action taken,CAG,1
facebook_corpus_msr_329979,Because they know now to survive in bollywood they have to praise modi.but this hindu actors r been used by bjp and rss to propaganda for them.shame on actor like akshay and others who r trying to divide bollywood by religoun.bollywood is like family and one should not become puppets of politicians they will come and go but bollywood will remain for ever.so pls akshay u r good actor but don't make ur self to cheap for this hindevta propaganda agent.,CAG,1
facebook_corpus_msr_1979930,What a good reply,CAG,1
facebook_corpus_msr_1723840,I'm with sonu nigam,CAG,1
facebook_corpus_msr_1622383,"There is no hash tag for human brain pls. Who ever it is, the Intellect should be applouded. The media and the politicians are running in the same dirty stream.",CAG,1
facebook_corpus_msr_394963,"Indian Army trying to divert attention from Kashmir unrest... where they stop internet access,social media bane, violation of human rights , killing of innocent Kashmiries on daily basis....thats why every Kashmiri stands against Indian aggression , but remember the struggle of self determination of Kashmirs people will continue until their freedom..",CAG,1
facebook_corpus_msr_1723771,If u  r hindu and hv gone  through hindu literature ..uwa Vedas also speak about getting early..,CAG,1
facebook_corpus_msr_365664,That is why Kashmir situation goes worst day by day,CAG,1
facebook_corpus_msr_866674,This is modi Effect,CAG,1
facebook_corpus_msr_325761,Kaleem Bukhari i wish such toys were there in the era of harami tharaki 1400 years back... u know what i mean ... Kaleem Bhikari..,CAG,1
facebook_corpus_msr_328985,Like modiji responded to others ? By surgical strikes which is a routine practice and by fooling the public that u did something ?,CAG,1
facebook_corpus_msr_402626,Definitely go Mr. Azam and then see how fool you will look.,CAG,1
facebook_corpus_msr_492705,Sir pls change the fortune of Andhra..     Modi ::Johnny Johnny yes papa telling lies yes papa  giving spl status no papa,CAG,1
facebook_corpus_msr_445752,"People who are not in support of modi, please think ten times what the previous govts have done, they have achieved lots of scams looting crores of public money. Please wait for sometime and have Patience to see a bigger difference. Modi is a great prime minister India has ever had. Let's support for our better future, I agree this is a pain which lasts very soon.",CAG,1
facebook_corpus_msr_221616,We will not Celebrate Bjp win we will pray for our brave soldiers Sukma attacks,CAG,1
facebook_corpus_msr_1804991,"Why is this man targetting only one man---Kejriwal?? More he'll bark against Kejri,  more popular Kejri will become.. Both Anna and Kejri are trying to show audience the drama resemble to that of 'Yadav family' of UP, have dispute among themselves.. They might have forgotten the result of UP general election..",CAG,1
facebook_corpus_msr_1480709,"I return, interviewed a couple of people on their way out. But while I interviewed the last family, I hear some noise, quite different from ‘Har Har Modi’ or the ‘Modi Modi’ chant across the 7th Avenue. I turn around only to find Rajdeep Sardesai and a senior cameraperson in the middle of a mob trying to calm down a group of approximately 50 people around him.


http://www.naisadak.org/the-rajdeep-sardesai-video-no-one-will-post-on-youtube-or-social-media/",CAG,1
facebook_corpus_msr_450467,Y I don't see common people suffering haan those people who have kept their money in high amount with them are barking alot if u were having high amount of money then u would have put it in your bank account and have paid tax to the government from.starting then we all wouldn't have suffered.....so give chance to him also as we have given the corruption leader in past.....give him a chance might the situation will get changed......,CAG,1
facebook_corpus_msr_1521945,Pork and beef are both delicacies in Kerala and Bengal. Better to ban BJP,CAG,1
facebook_corpus_msr_325706,And Pakistani Army came and beheaded our soldiers and you were busy with Erdogan your look alike,CAG,1
facebook_corpus_msr_445745,Mr. Modi - 1971 was wrong year for demonetisation because war was upon us. West Pakistan migrating in India 🇮🇳 India who has opportunity to finish war of 1965. And teach Pakistan a lesson. Thanks 🙏 to greatest general of India field marshal Manekshaw we were able to finish this war in 13 days. Biggest surrender in world history.,CAG,1
facebook_corpus_msr_1805158,"Who are ashamed of him, chamchas of keeji.",CAG,1
facebook_corpus_msr_404537,"INDIA TV, how dare u to compare Cow with Animals, Cow is Godess, Gou mata",CAG,1
facebook_corpus_msr_834433,Tell this to Donald Trump,CAG,1
facebook_corpus_msr_1561806,Training gives officers the ability to handle situations without emotional bias it doesn't make you emotionally invincible...  With all due respect to your opinion sir I understand where you're coming from but I think the men and women in uniform need to be seen as human as anybody for the peaceful functioning of society...,CAG,1
facebook_corpus_msr_1804968,"It somehow seems strange how this quaint old man suddenly decides to speak only when there are elections around the corner, and that too only against Arvind Kejriwal. Why not the tremendous amount of good the AAP is doing among the really poor and voiceless Mr. Hazare? Or maybe you have not been told all that???",CAG,1
facebook_corpus_msr_443232,2000 notes are of no use ... I am staying proper Mumbai I have not seen 500 rupee note .. still banks not giving 500 rs. Notes,CAG,1
facebook_corpus_msr_1521946,"For us,  Beef Jaan se Pyari hey. In that way we are BJP, at least once in a week 😉",CAG,1
facebook_corpus_msr_1723867,Sonu Nigam is right... I support him...,CAG,1
facebook_corpus_msr_1583973,so?,CAG,1
facebook_corpus_msr_1723072,David Singh I have already said that. And I would love it. 😜,CAG,1
facebook_corpus_msr_445826,"Lower the income tax rate , it will increase consumerism",CAG,1
facebook_corpus_msr_1723632,This is a new low to stay in the public eye .. desperate measures to retrieve your dying career I guess,CAG,1
facebook_corpus_msr_1907022,Terrorism in Gujarat. .. And Gujarat govt failed to act on terrorist  who are responsible for such Terrorism,CAG,1
facebook_corpus_msr_1493870,For what.:D,CAG,1
facebook_corpus_msr_447482,Every indian minorities must know they are minorities and will be minorities if we unite on black anti social doings,CAG,1
facebook_corpus_msr_1722916,Sickular spotted..,CAG,1
facebook_corpus_msr_1722940,I wonder if you ever had given sermons to people like owaisi... Don't get me wrong brother but like sonu nigam you should also weigh and say anything on public platform. You never know who may endorse your opinion and go on to hate people from particular community,CAG,1
facebook_corpus_msr_1724023,I kind of support him.,CAG,1
facebook_corpus_msr_446045,@arjun - if you have black money give to me... But don't disrespect PM modi,CAG,1
facebook_corpus_msr_450494,I dont believe him. Waiting for 50 days to b over to prove his sincerity to nation.,CAG,1
facebook_corpus_msr_2243258,"""There are widespread doubts on Amma's health among people. It is the responsibility of a government to clear those doubts...""",CAG,1
facebook_corpus_msr_451019,"Sir , please do something for government employees who take bribe",CAG,1
facebook_corpus_msr_325710,We never said around 90christian countries their dictatorships killed almost 8bn people,CAG,1
facebook_corpus_msr_420698,"All gunda element of u. P., are subsid and no one dair to do crime. Make up mind to do something in u. P. & India.",CAG,1
facebook_corpus_msr_326854,"Even if this is a lie, we must welcome this and call it as a change...and make Pak to adhere to this....we may have centuries more to this partition atrocity committed by so called Secular Leaders who betrayed both the  religions Sushma Swaraj Shankh Naad Narendra Modi Bharatiya Janata Party (BJP)",CAG,1
facebook_corpus_msr_334908,Question is not re-election but when will he shut his mouth? Don't care which party he belongs to.,CAG,1
facebook_corpus_msr_451885,Its too much now BAJAJ. Waited for almost 3 years now on top of this this hymns !!!,CAG,1
facebook_corpus_msr_1723160,I agree with all the arguments u made except for one. All are not supposed to wake up at the early morning azaan or bhajan. Some peeps have to go to sleep at 1-2 in the late night.,CAG,1
facebook_corpus_msr_484482,"over step with adidas ...first never follows -adidas advt--> from james bond ""world is not enough """,CAG,1
facebook_corpus_msr_431168,"Plz muslim frend dnt speak the language of past incident,,,, plz be in present and think about future,,,,, he is the only man ,,, which can create a diamond pic of india",CAG,1
facebook_corpus_msr_2032104,"Absolutely, regardless of religion.",CAG,1
facebook_corpus_msr_1582226,Not to mention the 150 million children working as slave labour thanks to capitalism,CAG,1
facebook_corpus_msr_331416,You showed the true color of ur blood. Bravo...let people know where ur heart n loyalty is. U can't be trusted even if ur thousand generation eat this lands food n drink this lands water. U prefer to lick Arab spit rather than being loyal citizen here.,CAG,1
facebook_corpus_msr_444354,Sir my land load demanding rent in cash only he worn strictly. What I do pls suggest 7827950141,CAG,1
facebook_corpus_msr_1723944,Frustrated Nigam.,CAG,1
facebook_corpus_msr_1521806,I love Indian maaata in kerala hotel in saudis,CAG,1
facebook_corpus_msr_448274,What did Congress do for 70 yrs. At least appreciate our pm he has shown in 2.5 yrs,CAG,1
facebook_corpus_msr_2018534,And this is the problem with privileged kidswho live in their own bubble of comfort and privilege and forget that not everyone is born with her luck ....!!!!she can sit at home and afford to say all that but the majority can't...Mira Rajput u need to interact more with people  from all classes and walks of life.. And that would only happen if you work...working mothers don't treat their babies like puppies but they teach all their daughters and sons how versatile and capable a women can be... Which particularly Indian sons need to learn...,CAG,1
facebook_corpus_msr_2018665,omg...she is trying to irk kareena by this statement it seems....,CAG,1
facebook_corpus_msr_495673,Ha ha ha ha ha ha ha funny as hell.. ha ha ha ha ha,CAG,1
facebook_corpus_msr_469275,That is too much... Looks like 15 lakhs to everyone ...lol,CAG,1
facebook_corpus_msr_1561847,They are become arrogant after getting power in UP....This is very sad and IPS officer is treated like such threatening way,CAG,1
facebook_corpus_msr_1723063,"Instead of understanding what he meant,just ignore him😑such a ignorant society",CAG,1
facebook_corpus_msr_1490589,Why nonsense?whyno reply?,CAG,1
facebook_corpus_msr_1723329,"All loud speakers should be disallowed- whatever religion. I personally find temple bells, Azaan and church bells very soothing in the morning if in tune - else no:)",CAG,1
facebook_corpus_msr_1818406,It's the patriarchal social setting that prohibit the fee mixing of youth of two gender that provoke such incidents mostly. Meanwhile if our youth start taking clues on current politics from movies...they would have overthrown you all,CAG,1
facebook_corpus_msr_1805591,Already you have joined BJP.,CAG,1
facebook_corpus_msr_328097,When you are roaming in a Big Developed City and You walk for 500 meters and there are no public Toilets in that City.....What is your Opinion on that Developed City of India?????,CAG,1
facebook_corpus_msr_327864,we know history.Don't think us fool.We know what kind of friend you are and why you creat civil war and gives us arms.So don't act  here bro.,CAG,1
facebook_corpus_msr_2137925,"Ok, how much black money retrieved .....pill made BJP sick through out India, pill took 150 causality, pill doesn't treat Reddy who mad 500 cr. Wedding..",CAG,1
facebook_corpus_msr_1956232,some odd incidents on personal rivalry would continue and the police can't check every single incident 24x7 as they have their own limitations = let's hope good sense prevails all over,CAG,1
facebook_corpus_msr_1805703,& he is called as gandhian,CAG,1
facebook_corpus_msr_1897734,Good to know that HRD Minister acknowledges the fact that quality work and research happens in JNU,CAG,1
facebook_corpus_msr_2073814,Biggest Gaaaan D00 in the world,CAG,1
facebook_corpus_msr_1805165,U bhvng like modi paid spectator...Srskty nvr xpctd atleast from u...,CAG,1
facebook_corpus_msr_2018629,Really ??? I would like to know her job profile where she will have to work 23 hours a day,CAG,1
facebook_corpus_msr_1490590,Satya Narayan Padhi no need to reply such nonsense..! Where's the evidence..? Why he kept himself silent since 2014..?,CAG,1
facebook_corpus_msr_324327,You targetted hindus hajra so please dont play on that harp of pretence. It was wrong enough you commented on a mans dead sons post and stoked emotions. Is it further needed to fuel the fire????,CAG,1
facebook_corpus_msr_2260849,Great. So now you forgot that Lotus is our National flower.,CAG,1
facebook_corpus_msr_1525357,"The Court has done justice. There should not be any restriction, ban on food for the human beings to eat. Look in the west & the rest of the world the stores are full of all sorts of food, vegetarian/ non- vegetarian, beef, pork, mutton. Chicken all sorts. The choice is there, all the customers Christians, Hindus, Sikhs, Buddhists, Jains Muslims etc. They go to these store & buy what they like, every one has the freedom to choose , to eat they like. Why India is so intolerant, so narrow minded ?",CAG,1
facebook_corpus_msr_1723528,I started hating sonu nigham from today.......and will till death,CAG,1
facebook_corpus_msr_1722951,Gopal Tripathi.there must be a ban on all noise pollution including the night long devinavaratri bhajans where sonu Nigam sells his sound pollution causing voice for money.at that time sonu Nigam and his ilk forget their devotion is other 's sound pollution. Azan lasts only 2 or 3 min.usually very few non Muslims live in the vicinity of a masjid.,CAG,1
facebook_corpus_msr_451065,Horrible state of common people. All suffering. He has no understanding the ordeal people r going  thru,CAG,1
facebook_corpus_msr_1723092,"Dear brother 
Pls see the all the comments above and below .not only Muslims respect other religions but Hindus also respect our religion.",CAG,1
facebook_corpus_msr_1787315,"Beta u know, what is surgical strike?? Lol",CAG,1
facebook_corpus_msr_1922881,He deserves it!!,CAG,1
facebook_corpus_msr_334306,"Same Here,if Ajmal Kasab Will Kill 200 Hindus In Mumbai Attack,Why He Lived So Many Days In Jail.He Should Have Been Hanged Publically Within Days..Even My Own Brother Will Kill An Innocent Hindu,He Should Be Punished As Per Law.There Should Be No Mercy To Killers Of Humanity.",CAG,1
facebook_corpus_msr_1521646,Sanjiv Sharma and what evidence you have got to call the communist party.murderers?,CAG,1
facebook_corpus_msr_325049,"Its 2017 and people have to justify what they ate! 

God bless us everyone !!!!",CAG,1
facebook_corpus_msr_1946795,It's his wish. Who is this mullana preaching others and interfaring in others religious beliefs ? He's also a citizen of India and have his own religious freedom. Being a CM doesn't mean he do stop believing in the faiths of his religion.,CAG,1
facebook_corpus_msr_1804832,Ahmad ji you are absolutely right.  Anna is not talking about Gau Raksha case. And other thing don't  worry about these bhakts.  Because they are blind. They can't see what is happening or what may happen.,CAG,1
facebook_corpus_msr_417453,The money lost by SBI to Mallya will be collected with our common people in the new way..... Super,CAG,1
facebook_corpus_msr_1723484,He said the truth.. he says against loud speaker thats it.. harsh cmnting and abusing him just proves the mean mentality of the individuals.. if one dont like his sayings just they can ignore other than insulting him this way..,CAG,1
facebook_corpus_msr_445799,"With this move, all the black is converted into white with the help of political parties,  we don't  need banks anymore.  Mission accomplished :)",CAG,1
facebook_corpus_msr_322585,Sorry our govt couldn't appoint a full time defense Minister. One Minister give up because of pressure of defense ministry. Our govt  know only how to politically use soldier and their wins.,CAG,1
facebook_corpus_msr_26265,"Dileep just proved you right, Kanhaiya :D
No knowledge, no info, no data, just empty abuses. Makes me laugh more harder :D",CAG,1
facebook_corpus_msr_2111412,"Commi is against democracy , it's as simple as that",CAG,1
facebook_corpus_msr_445589,Deepak when black money was getting stashed in the Swiss bank what was Congress doing ? What has been done in past 15 years can't be undone immediately... Change has begun wait that black money will also come back...have some patience,CAG,1
facebook_corpus_msr_327064,Now bhakts will worship Gates like they worshipped Trump. 😂,CAG,1
facebook_corpus_msr_1723293,I stay in my wife village where at 4.30 am jain song is been played followed by azan ... people are living United. The best thing is jain song will be stopped for 5 mins Azan. That's best of South India.   Proud to be born in South India where there is no religious fight,CAG,1
facebook_corpus_msr_328123,Eat less spicy Ur colon will thank u and Facebook posts also,CAG,1
facebook_corpus_msr_444513,"if demonetization was implemented without being discussed in parliament ( which is the SOP for any reform, irrespective about corrupted politician ) which Modi thought was right, then why other reform like GST,  abolition of reservation, Janlokpal etc are being kept for discussion in parliament. Comeon see dream, wake-up and pass the bill on your own...",CAG,1
facebook_corpus_msr_334378,All those who kill their wives or abandon them have a special place of Honor within the BJP.,CAG,1
facebook_corpus_msr_1945613,"I agree, that there is no point of making a goon a CM, who will decide whether he is a goon or not?",CAG,1
facebook_corpus_msr_1805581,He is bought up by bjp,CAG,1
facebook_corpus_msr_1956962,Perfect example of SOLD media house. Just like SONIA/RAHUL GANDHI who will sell anything ifthe price is right.,CAG,1
facebook_corpus_msr_2111425,He is against of india,CAG,1
facebook_corpus_msr_1723227,I lived in a area where there were 2 Mandirs and 1 Masjid I never got disturbed in Ganesh chaturti even if the loud speakers started at 6 am in morning and went on till the night. I still remember when the Azan used to start all the loud speakers used to be turned off by their respective people. It never occurred to me that they were doing wrong because I believed it was important to them and I respected that... Have respect for everyone's faith Mr Sonu Nigam and you wouldn't get disturbed.,CAG,1
facebook_corpus_msr_435464,fractured finger theory ...ladies finger news ..french finger fried in the hot pan of cnbc tv 18 .say cheers,CAG,1
facebook_corpus_msr_334467,Accused of killing wife. Loina clean chit fanglamni Atol Kazi Nurul Hussain Rafique Ahmad,CAG,1
facebook_corpus_msr_433164,Demontisation is completly failed   Lack of proper planning and Uncontrolled Bank Officials.  COMMON MAN HAS TO SUFFER.,CAG,1
facebook_corpus_msr_326852,I dont know why indians blame Pakistan for everything and yet not willing to accept their responsibility for their creation of disturbances in bochistan and other parts of Pakistan.,CAG,1
facebook_corpus_msr_434666,Completely biased the reporter is clearly trying to tell the time was bad instead of listening to the vendors,CAG,1
facebook_corpus_msr_397436,"As if China was Waiting for the day Pakistan kills two pigs then they will give statement to make india happy??? 😂😁😂
No Paki or intel media give such news only Lundian media with lollypoop for Public 😁😄😄",CAG,1
facebook_corpus_msr_2073728,"Q1) Are GDP data fudged?

- Yes, they are. They aren't accurate. They are being fudged to promote a lie.

Q2) Can you prove that the GDP data are fudged?

- Until January'2015, Indian economy was witnessing its worth growth since the mid 1980s. And then the magic happened. The Central Statistical Office (CSO) changed the way it calculates GDP saying that it was necessary to do so keeping in view the global practices. As a result, India outpaced China and became the fastest growing economy. In 2013-14 our economy grew at 6.9%, rather than 4.7%, which the CSO data showed earlier. Even the country's chief economic advisor, Arvind Subramanian, said “I am puzzled by the new GDP growth numbers. The revised numbers show GDP growth rose from 4.7% to 5.1% for 2012-13 and from 5% to 6.9% for 2013-14. This means acceleration in GDP growth of 1.9 percentage points in 2013-14, just by comparing the new numbers across time"". He also said ""these numbers, especially the acceleration in 2013-14, are at odds with other features of the macro economy"". Almost every economic expert, working in or out of the government ( including Mr Raghuram Rajan), questioned the GDP numbers as they found that the ground realities reflected a completely opposite picture. The new GDP numbers seemed completely in conflict with other economic indicators. According to R Nagraj , an independent member of the sub-committee that examined the new methodology to estimate output, the version adopted by the Central Stastical Organisation differed dramatically from the report finalised by the sub-committee in September 2014.

Q3) What about the latest GDP data released post-demonetization?

- They too are fudged. While the performance of few sectors have been better when compared to their performance in previous quarters, the huge improvement in private consumption (almost doubled) seems highly doubtful amidst the cash crunch during demonetization. It seems that the CSO hasn't been able to map the demonetization effect in its data. Both the government and RBI have also been saying ( just like few of their sensible critics) that the effect of demonetization can be mapped over a longer time-frame. Also, the CSO revised DOWN the Q3 estimates of 2015-16 by 0.3 percentage point to 6.9% from 7.2% earlier, which led to considerable improvement in Q3 2016-17 figures. For those who don't find it surprising, the CSO revised UP Q1 and Q2 estimates of 2015-16. This downward revision of Q3 of 2015-16 has helped in restricting the effect of demonetization in figures.

Q4) I am not able to understand anything. Why?

- You won't be able to get it. You are neither a statistician nor an economist. Everytime reports and claims like these surface, hustle a little bit on internet beyond Facebook and Twitter, and read about basic things and what experts have to say about them.

Q5) But Modi ji says experts know nothing. Don't you think that he is right?

- After Hindutva, the best tactic Modi ji has got is misinformation. He has convinced people in believing that experts know nothing. He misinforms people who don't know anything but to believe him. They don't have enough time or will to find out the truth. And when experts question his claims and him, people never understand what experts are saying because they aren't educated enough to understand.",CAG,1
facebook_corpus_msr_1737061,Indian Express at its lowest. I need to rethink if I should continue with its subscription?,CAG,1
facebook_corpus_msr_445585,Most Muslims oppose PM and support opposition but Hindus love  & and they will vote him to  power again !,CAG,1
facebook_corpus_msr_445703,Good work by u sir intentions are great but try to provide cash in industrial sector otherwise there will be mass unemployment. Moreover tax system must be simplified.,CAG,1
facebook_corpus_msr_1939486,and we shud also destroy taj mahal... qutub minar ....laal qila aftr that visiters seen only GBRoad vd hvng a fun vd ur neighbours,CAG,1
facebook_corpus_msr_1956988,You are very truthfull and you got a certificate that you are an indian. :) like these people having certificate with 11 cases of murder etc. Google it.,CAG,1
facebook_corpus_msr_397601,KEEP GIVING AID TO AFGHAN GOVT BUT INDIA OWN ARMY DYING FOR STARVATION 😂😂😂😂😂😂😂😂,CAG,1
facebook_corpus_msr_421695,Not a good idea..Will simply increase overheads if not managed well. Specially aviation sector.,CAG,1
facebook_corpus_msr_1284180,"The Biggest Facebook Scam Unearthed.
Just ONE innocent ""Like"" on a post may ruin your life.
Do Read https://www.facebook.com/SMHoaxSlayer/photos/a.147357335599672.1073741828.140690692933003/249768748691863/?type=3",CAG,1
facebook_corpus_msr_326872,"Suar,indian army Air Force have muslims, Sikhs Christian, paarsies etc as officers soilders etc(not like Punjabi (naqli) sunni(again naqli) hijdaa(asli) so called army.",CAG,1
facebook_corpus_msr_556289,yes,CAG,1
facebook_corpus_msr_2018519,I totally agree with  you Meenaxi Gautam......,CAG,1
facebook_corpus_msr_335301,"That is not going to solve the problem. We are not limited to MP and MLA elections, we have so many other elections like local body elections, by-elections, etc., and so on. We need to eliminate as many elections as possible because that will reduce the scope for fake currency as well. If an elected representative dies in office, the runner-up candidate should be given the responsibility rather than conducting another election. An elected government can't fall at the behest of few selfish politicians. We need to change rules to make the elected representatives to complete the term or even share power across party lines when there is no clear majority. Conducting elections after elections are bleeding this country.",CAG,1
facebook_corpus_msr_444791,What man he & look his visions out of imagination.,CAG,1
facebook_corpus_msr_2082459,So far banks are showing profits except for the Big Fishes whose huge loans have become irrecoverable by the banks . The normal saving Bank holders are unnecessarily going to be punished.  Who Cares ?,CAG,1
facebook_corpus_msr_1723669,i cant believe its u sonu.. i was hardcore fans of urs b4 ur tweet.,CAG,1
facebook_corpus_msr_446002,Don't go digital if you wish  kaleem....  We can drag a horse to river but can't make it drink water... Same is with you...,CAG,1
facebook_corpus_msr_1561812,Bjp mla means  super nationalist 👏👏👏 no more comments  other wise bhakts send pakistsn tag antinational 🖕🖕🖕,CAG,1
facebook_corpus_msr_399570,Is it a surgical strike ....Lol That was cowardness by pak.,CAG,1
facebook_corpus_msr_466273,Demonetization a successful move made by PM Mr.Modi ji that even a long time silent keeping ex -PM start mumbling,CAG,1
facebook_corpus_msr_1723991,I also support sonu,CAG,1
facebook_corpus_msr_470745,A man who cannot respect his mother how do you expect him to respect his motherland,CAG,1
facebook_corpus_msr_1723887,Very good sonu nigam,CAG,1
facebook_corpus_msr_1804914,"Not pained at the legalised corruption of electoral system under the new Bill that allows unlimited secret corporate funding. 

Not pained at the goonda Raj, the dalit attacks in Una and student attacks.",CAG,1
facebook_corpus_msr_1582198,Just look at Bengal after 30 yrs of communist rule.,CAG,1
facebook_corpus_msr_747666,Punch line... Strongly said & boldly put forward...,CAG,1
facebook_corpus_msr_402558,Do it Ajam Khan... lets see who would be shamed after that.,CAG,1
facebook_corpus_msr_1723914,Childish.,CAG,1
facebook_corpus_msr_324046,Ambulance is only 4 Cow thts the way Yogi sarkar govern in UP animal is mor value thn human being thy keep thinking on animal bas law not 4 human being developmnt,CAG,1
facebook_corpus_msr_1762574,nusrat r u indian or not?,CAG,1
facebook_corpus_msr_2032264,"But my question is , Why you have not given him to Police when he was live and was moving to Terrorist side?",CAG,1
facebook_corpus_msr_1805589,He is only RSS product,CAG,1
facebook_corpus_msr_1946957,So that means muslim leaders hate hindus because they never perform Havan in there home or office 😂😂,CAG,1
facebook_corpus_msr_1805354,Old man needs to retire.,CAG,1
facebook_corpus_msr_1722992,R u really Kashmiri?,CAG,1
facebook_corpus_msr_1987959,It really makes me sad to see what you're turning into #Indian_express!,CAG,1
facebook_corpus_msr_446975,Only the black money holders are shouthing on u modiji...we r proud to get a PM like u modiji....,CAG,1
facebook_corpus_msr_450746,Delayed by 40 years...congress would have never done it..only govt whocould have done is this one,CAG,1
facebook_corpus_msr_1521673,I dont hav right to kill ur belief nd tell u to eat sumthing which is holy for you.....my point was why is that ur problem when it is not our religious belief,CAG,1
facebook_corpus_msr_2032074,Courageous act.time has come to isolate terrorists like this.,CAG,1
facebook_corpus_msr_2117675,Moon star that sign also belong hindu original  muslims  whare got land all invasion  attack killing  now thay start in usa thare hand works,CAG,1
facebook_corpus_msr_1723467,However the population of Hindus in Pakistan has declined from 10 % during partition to a minuscule 1% now....... Check ur premises.,CAG,1
facebook_corpus_msr_379242,Gnta kuch nhi krenge bs ese hi mrte rhenge fuudu govt he India ki netaao Ko kya frk pdta he agr bdla dekhna he to France ka dekho on the spot,CAG,1
facebook_corpus_msr_466349,A great man of no use for self or other.,CAG,1
facebook_corpus_msr_2260840,"So what? , Media unnecessarily giving  attention, keeping important news at back end",CAG,1
facebook_corpus_msr_1937578,Looks like this guy will be the next KRK..:P,CAG,1
facebook_corpus_msr_1521870,"Abel Mathew, Sourav Rakesh read these comments. Mallus are pretty much🔥",CAG,1
facebook_corpus_msr_53415,"No who said,  but better than AAP",CAG,1
facebook_corpus_msr_446611,"Keeping mum in assembly and speaking in the family and public rally.,. Great!!!!!",CAG,1
facebook_corpus_msr_466274,"Absolutely true, Many ppl Wil understand his words very late Wat he means",CAG,1
facebook_corpus_msr_1731585,Look who is talking :P,CAG,1
facebook_corpus_msr_325773,Sad to see our people die..... But even sadder to see the media coming to conclusion without knowing what has actually happened.... Putting salt on wounds and make them burn.... Its not so easy to enter loc and kill someone sensibly... And that also Indian side... Its impossible,CAG,1
facebook_corpus_msr_1490566,"Good Drama,well acted by Kapil Misra niw all eyes on Bjp that what reward he will get for this.",CAG,1
facebook_corpus_msr_2117661,Mohammad Ashfaq Siddiqui I don't know what part of the news didn't you understand when the killer mistook him for an arab. The fact is there is more chances for Indians to to be alive and live peacefully in U.S if he/she is a hindu ofcourse unless a white is brainwashed by muslims into killing Hindus which I think the probability of that happening is high.,CAG,1
facebook_corpus_msr_2071360,@Indian Express Even if you want to degrade some particular group of people. Please do come with something that make some sense or at least something that is not happening with people in other parts of the world.,CAG,1
facebook_corpus_msr_446705,60 years passed . Congress give birth of black money. Now time to kill it.,CAG,1
facebook_corpus_msr_340741,Want to try cut 1 then decide we are impotent or not . Makes you hindu sa musalmani 😀,CAG,1
facebook_corpus_msr_451742,I'm not in mood of showing you guys the bike appreciate the music first,CAG,1
facebook_corpus_msr_1804872,fighting with the system to make it more corrupt...11 lakh on lunches...stop being a retard for life kid...,CAG,1
facebook_corpus_msr_1722763,Wish the fathers of these wonderful people wore one on that particular night!,CAG,1
facebook_corpus_msr_2280114,Now who will clean the toilets and collect the Garbage from Roads....If Kuwait ban the Pakistani.,CAG,1
facebook_corpus_msr_1723837,I support Sonu Nigam,CAG,1
facebook_corpus_msr_326836,"Pakistan's Inter-Services Public Relation said in a statement, ""Pakistan Army is a highly professional force and shall never disrespect a soldier, even Indian"".",CAG,1
facebook_corpus_msr_450795,Arun Signal ....using such words barking? Shameful. Very bad.So intolerant?,CAG,1
facebook_corpus_msr_393669,If someone knows the name of this fellow it is only because of kapil Sharna show,CAG,1
facebook_corpus_msr_451388,"The culture we adopted under colonial rule & even after independence till now, very difficult to remove easily.  it will haunt on us for some more time, until they realize how think logically...",CAG,1
facebook_corpus_msr_1893404,"His own wife wants to live with him. He is not calling her back. And you think he will help you. 

http://zeenews.india.com/news/india/pm-modis-wife-jashodaben-says-she-wants-to-live-with-him_1502606.html",CAG,1
facebook_corpus_msr_480478,What would you guys pick in this down trend :),CAG,1
facebook_corpus_msr_1805077,Appears on and off only for passing some negetive comments on Kejriwal and some attention..!!,CAG,1
facebook_corpus_msr_2117641,"Pls Trump make a wall so that we can have our own Google, Microsoft etc, all our workforce that is contributing to your GDP and then we will talk big.",CAG,1
facebook_corpus_msr_1490552,He has been trained from his own Kejriwal :D,CAG,1
facebook_corpus_msr_420712,It is going to be a acid test.CONGRATULATIONS TO HIM AND HIS TEAM.,CAG,1
facebook_corpus_msr_1724002,"Before you lose 5 minutes a night, now it'd be more.",CAG,1
facebook_corpus_msr_1613974,"Most modi bhakts are biggest c and hate mongers of the era how comes pk was insult to Hindu God? 
It was a lesson for the people to not fall in the trap of dhongi babas and yogi all.",CAG,1
facebook_corpus_msr_420673,"Since 2014 each and every decision of our PM only made me respect him more but this one I could not digest.... 
No ""Yogi"" pls, to make our nation better we need more educated and qualified strong administrator.
I hate Pseudo-seculars and equally hate those who runs people fooling business based on any religion.

Hope I am wrong about the new UP chief Minister , at least this govt would prove me wrong.",CAG,1
facebook_corpus_msr_1945437,"He himself is surviving on his wife's salary , he is just venting out his frustration of being unemployed ☺😜",CAG,1
facebook_corpus_msr_328094,"I am not sure whether this is practical, but if you look at familiar spots frequented by people that will give an idea where it needs to be located. Also no one should be saying 'NO' to use the loo even if it's in private area, that is the way we can keep our environment clean.",CAG,1
facebook_corpus_msr_2082581,Dictatorship is going on,CAG,1
facebook_corpus_msr_331428,"What you should know about Turkey's President, Recap Tayyip Erdogan:

The Turkish economy between 2002 and 2012 caused a growth of 64% in real GDP and a 43% increase in GDP per capita.

Erdoğan inherited a debt of $23.5 billion to the IMF, which was reduced to $0.9 billion in 2012. He decided not to sign a new deal. Turkey's debt to the IMF was thus declared to be completely paid and he announced that the IMF could borrow from Turkey.

In 2010, five-year credit default swaps for Turkey's sovereign debt were trading at a record low of 1.17%, below those of nine EU member countries and Russia.

In 2002, the Turkish Central Bank had $26.5 billion in reserves. This amount reached $92.2 billion in 2011. During Erdoğan's leadership. Inflation fell from 32% to 9.0% in 2004.

Under Erdoğan's government, the number of airports in Turkey increased from 26 to 50.

Between 2002 and 2011, another 13500 km of expressway were built.

For the first time in Turkish history, high speed railway lines were constructed, and the country's high-speed train service began in 2009. In 8 years, 1076 km of railway were built and 5449 km of railway renewed.

Erdogan put greater investments into the healthcare system than any predecessor. As part of the reforms, the ""Green Card"" program, which provides free health benefits to the poor.

Erdoğan increased Education spending from 7.5 billion lira in 2002 to 34 billion lira in 2011, the highest share of the national budget given to one ministry and number of universities in Turkey nearly doubled, from 98 in 2002 to 186 in October 2012.

In 1996 1$=222 Lira and in 2016 1$=2.94 Lira, even after the recent turmoil. Indian fooled by Saffron gay gangsters government",CAG,1
facebook_corpus_msr_412612,Whatever wipro is growing but what is happening in the root is not notified by anyone which is very bad. If someone is going to come for audit then that person use to come before the audit days and use to inform everything what he is going to do . And if something is wrong than also bosses over there use to protect the person who is responsible for that and on opposite side person working on 3rd party were forced to do work for everyone and they use to get scolding on regular basis without any reason,CAG,1
facebook_corpus_msr_1582211,"Rajkumar Panthoiren Yeah where shud I go to ask them gulf? Kerala is becoming hub for producing cheap labour for gulf, No jobs there only entrprise producing jobs there r public sector ones. Telling chutiya 10 times wont make your comment intellectual just shows u use same language as gau rakshaks u so abhor. Communism has killed 70 million in China are u defending those deaths? U want that in India dont worry we will give u that. If being a right winger  means defending killing on basis of religion then i guess you should accept that u support an ideology that killed millions will u or ur tiny brain who mastrubates after reading name of FAILED marx is inacapable of irony, or maybe u studied in a madarsa in kerala?",CAG,1
facebook_corpus_msr_1521743,Beef is eaten by  members of all communities in Kerala.Their numbers may vary. The choice food is the individual preference . No organisation has the right to interfere in that.,CAG,1
facebook_corpus_msr_444231,How govt let bank mangers to sell new currency in black market with out monitoring on funds. When people are suffering at queues,CAG,1
