,Text,Abuse,Label
468,"बीजेपी का ये कार्यकर्ता क़ुबूल करेगा इस्लाम धर्म, बोला अब अल्लाह मेरे साथ है",benign,0
469,मोदी जी तो सत्ता के नशे में चूर हैं। बीजेपी के कुछ नेता बिना सोचे समझे कुछ भी बकवास करने लगते हैं। बीजेपी का राजनीति करने का तरीका सबसे घटिया है।,benign,0
470,घनचक्कर मिश्रा बीजेपी   शाशित   के बारे भी कुछ बक दिया कर मन्दबुद्धि        अमित शाह का पिछे वाला डंडा काम कर रहा है,benign,0
471,अब अगर बीजेपी ने कोई भी बहाना किया तो सौगंध राम की कांग्रेस की तरह ही नहीं जनता दल की तरह बीजेपी को समूल नष्ट करके ही छोडेंगे । अगर भारत देश में राम का सम्मान नहीं । तो राम नाम पर खाने वालों का भी काम नहीं ।।,benign,0
472,आप बीजेपी के चाटुकार है। कृपा करके उनकी गा चाटे,benign,0
473,इतने सालों से भारत में हिन्दू महफूज़ था और बीजेपी के आने से हिन्दू ख़तरे में आ गये,benign,0
474,देश की जनता ने आपको प्रधानमंत्री बनाया देश को संभालने के लिए लेकिन आप बीजेपी पार्टी संभालने लगे। जब चुनाव आता है तब आपको गरीबी और बेरोजगारी याद आती है। आपको पांच साल बीत गया लेकिन आज भी आप कांग्रेसियों के नाम पर विलाप करते हैं।,benign,0
475,"ओर तू फेंकू का सिक्सर, अपने गुरु अमित मलपिया की दलाली करता हुआ, रैपता याद है कैसा छापा है फेंकू ओर तड़ीपार के चेहरे पर, पूरे बडगाम ने थूक दिया बीजेपी के चेहरे पर",benign,0
476,बीजेपी में शामिल होकर नेताओं की हत्या करना चाहता था जैश कमांडर तांत्रे,benign,0
477,में अपनी सरकार के बारे में सोचे लगातार  बार जीत दर्ज करने के बाद अब हार का सामना न करना पड़े।क्यो की में बीजेपी और मोदी जी के काम से बहुत ही गर्व महसूस करता हु की देश को बहुत दिनों के बाद एक ऐसा लीडर मिला है,benign,0
478,जी घोटाले के मुख्य सूत्राधार बिनोद राय ओर बीजेपी की सांठगांठ,benign,0
479,खलबली तो मची पर छत्तीसगढ़ में अभी एक ट्रेंड चल रहा है बीजेपी के पक्षधर शिक्षाकर्मी भी इस बार मुड में लग रहे है,benign,0
480,मित्रो भाईयो ये मेरा पेज है बीजेपी शिवा त्रिपाठी के नाम से और मै आप उन सभी लोगो से उम्मीद और आशा रखता हूं कि जिन्होने अभी तक मेरे इस पेज को लाईक नही किया है वो सभी भाई इस लिंक पर जाकर मेरे पेज पर अंगूठे को बटन दबाकर लाईक करेगे शेयर करेगे मित्रो को इन्वाइट,benign,0
481,क्या कुमार विश्वास जी का बदला लिया जा रहा है वैसे इसमें बीजेपी का क्या योगदान है।ये तो सब  के  से हुआ है।।,benign,0
482,मोदी जी राजस्थान का कुछ करो वसुंधरा को हटाओ राजस्थान मे बीजेपी बचाओ गोयल को हटाओ जैतारण मे बीजेपी बचाओ,benign,0
483,बेसे इन सांघियों के पास तो फ्री का पैसा आ रहा है इनकी जो बीजेपी सरकार हें,benign,0
484,अभी भी समय है  वसुंधरा हटाऔ और राजस्थान मे बीजेपी बचाऔ हिन्दुत्व को साईड करके गलत कर रहै हो विकास और हिन्दुत्व साथ साथ लेके चलो नही तो राजस्थान मे कांग्रेस का जो हाल पिछले विधानसभा चुनाव मे हुआ था इस बार आपका हो जायेगा,benign,0
485,राजस्थान में बीजेपी अपने केन्द्रीय नेतृत्व के अहंकार के कारण हारी है जनभावना का तिरस्कार कर बेवडी को नहीं हटाना भारी पड़ा,benign,0
486,बीजेपी के जहन में झूठ बोलना व झूठ का पोटारा,benign,0
487,मैं बीजेपी को उसकी जीत के लिए अभिनंदन नहीं दूंगा क्योंकि ये जीत बेईमानी से हुई हैं। गुजरात की जनता जागृत हुवी हैं लेकिन और जागृत होना ज़रूरी हैं। के साथ छेड़छाड़ हुवी है यह हक़ीक़त हैं।,benign,0
488,ध्रुव सक्सेना जब से पकड़ा गया है तब से बीजेपी इन्क्वायरी नही करवाती क्योंकि उसके ही पाकिस्तानी एजेंट है वैसे गुप्त रोगी जी करवा दो ।।,benign,0
489,राहुल गाँधी हरे हुए नेता हैं  बीजेपी    पर ट्वीट कर दें अपनी राय,benign,0
490,"देशभर में तथा खासकर भाजपा शासित राज्यों उत्तर प्रदेश, गुजरात, मध्य प्रदेश, हरियाणा, राजस्थान व महाराष्ट्र में अपराधनियन्त्रण व कानूनव्यवस्था के साथसाथ जनहित व विकास का बुरा हाल है और यह प्रमाणित करता है कि सत्ताधारी बीजेपी एण्ड कम्पनी का हर स्तर पर घोर अपराधीकरण हो गया है।",benign,0
491,बीजेपी विधायक का विवादास्पद बयान भारत में बहुत कम मुसलमान हैं राष्ट्रभक्त,benign,0
492,बीजेपी  हैक कर के चुनाव जीत गयी है तू कब जा रहा है जेल,benign,0
493,"बीजेपी की समस्या यह है कि उसे प्रशासन और न्यायपालिका में कौन कौन छुपे वामी,कांगी है पता ही नही चल पाता है,",benign,0
494,नगर पालिका बाजपुर चुनाव मेंअब हो सकता है बहुत बड़ा उलट फेरबीजेपी का सर्वे हुआ तेज,benign,0
495,भूल है आपकी  बी जे पी दिल्ली नही  पूरे भारत को बर्बाद कर रही है,benign,0
496,शुक्र करो परचार ही नही किया नहीं तो बीजेपी नेताओ की जमानत ही जब्त हो जाती चुनाव मे,benign,0
497,एंकर ने कहा कि अगर तुम दोनों बीजेपी एजेंट हो तो मैं कौन,benign,0
498,हार के बाद राहुल की बौखलाहट बढ़ी  बीजेपी   पर ट्वीट कर दें अपनी राय,benign,0
499,श्री मान नरेंद्र मोदीजी कल पचपदरा आगमन पर हालीवाव बीजेपी युवा मोर्चा की तरफ से बहुत बहुत बधाई,benign,0
500,सर जी आपने कितने गुजरातियों के घरों में जाकर पूछा कि गुजराती बीजेपी से नाराज हैं या सिर्फ हार्दिक ने बोल दिया और आपने मान लिया,benign,0
501,शिवसेना कितनी भी कोशिस कर ले मगर बीजेपी से अलग होकर अब वो अपनी साख नहीं बना सकती,benign,0
502,संवैधानिक सीमाओं से बाहर जा कर फैसला लो जनता को पागल बना ओ मीडिया बाजी करो कानूनी अड़चन के बाद फाइल अटक जाए तो बीजेपी और  को बदनाम करो,benign,0
503,यदि बीजेपी को राजस्थान जैसी हार  में नही चाहिए तो प्रसून जोशी को तुरंत हटा दो वार्ना लुटिया डूब जाएगी,benign,0
504,"पत्रकारिता का सबसे बड़ा नुकसान चारण संपादकों ने किया है, बीजेपी के पास अपने पत्रकार है। इंटरव्यू के लिए जमीर बेचा तो पत्रकार का बचा क्या",benign,0
505,रोहित सरदाना और स्वेता सिंह बिकाऊ पत्रकार हैं बीजेपी के दलाल है मोदी भक्त हैं   लालू यादव जलेवी की तरह सीधे कोयले के जितने सफेद   और चीन जेसे सच्चे पकिस्तान जेसे ईमानदार  है हद है दोगलेपन की,benign,0
506,"टिकेट पक्की है बीजेपी से ,लगे रहो",benign,0
507,हेहेहेह  जोकस देश को बाटा बीजेपी और आरएसएस ने और नाम कांग्रेस का हेहेहेहेहे,benign,0
508,"गुजरात में मात्र कांग्रेस का प्रदर्शन देखकर ही बीजेपी विधायक रैलियों में काजू छुपाते हुए,",benign,0
509,बीजेपी प्रदेश कार्यालय में प्रदेश पदाधिकारियों की बैठकबीजेपी के  सभी जिलाध्यक्ष और सभी मोर्चों के अध्यक्ष बैठक में शामिलबीजेपी के राष्ट्रीय महामंत्री डॉ अनिल जैन की अध्यक्षता में बैठकबीजेपी प्रदेश अध्यक्ष लक्ष्मण गिलुआ भी बैठक में मौजूद,benign,0
510,"बीजेपी नेता की पीटपीटकर हत्या, मारने के बाद शव को पेड़ पर टांगा",benign,0
511,फरवरी को अहसाह हो जाएगा  खून के आंसू की कीमत बीजेपी नहीं चूका पाएगी ।,benign,0
512,बीजेपी को जिताओ आतंकवाद को भगाओ । एक जमाना था आतंकवादी ही रिहा होते थे पहली बार देश भक्त रिहा हो रहे हैं बीजेपी के राज्य में ।,benign,0
513,उत्तर प्रदेश में  के लोकसभा चुनाव मेंलाख संविदा कर्मी बीजेपी को ले डूबेंगे क्योकि मोदी जी अपनी जुवान से किया हुआ वादा नही निभाया सबसे बड़ी बात  संविदा कर्मचारी गाँव से विलांग करते हैं।बीजेपी की उलटी गिनती राजस्थान से शुरू हो चुकी है। जय श्री राम,benign,0
514,योगी और   केशव प्रसाद मौर्य में बद दिली  बीजेपी बेचैन कुछ चापलूस टाइप के कुटनी अधिकारियो के गुट की हरकतें भी बीजेपी में आपसी इकतेलाफात को हवा देने के लिए हैं सक्रिय,benign,0
515,"गुजरात चुनाव पति को हुई जेल तो चुनावी मैदान में उतरीं पत्नी, क्षत्रिय वोटों के दम पर जीतीं बीजेपी की गीता जडेजा",benign,0
516,"फिर लगता है की बीजेपी में   है ही नही। खैर हम तो  का  साल काम, पाँचवे साल राजनीति का इंतज़ार कर रहे हैं।",benign,0
517,साल में बीजेपी ने पूरे विपक्ष को बेरोजगार कर दिया है अब बेरोजगार लोग मोबाइल पर ट्विटर   के जरिए अपनी बेरोजगारी का हाल दर्शाते हैं,benign,0
518,मुझे कुछ पैसो की जरुरत पड़ी  मेने अपने बीजेपी के मित्र से पैसे  मांगे  उसने पूछा वापस कब दोगे मेने कहा राम मंदिर बन्ने के एक हफ्ते के अंदर ही देदूँगा भाजपाई मित्र भड़क गया उल्लू बना रहे हो   मेने पूछा कोंन,benign,0
519,ये बीजेपी की भ्रस्टता को दर्शाती है या आम जनता के भरोसे का खून होना दर्शाती है। इसका मतलब तो ये हुआ की मालेगाव ब्लास्ट कभी हुआ ही नहीं।तब क्यों   पुरोहित के  साल कारगर के अंधकार में बिताना पड़ा इसका जवाब कौन देगा,benign,0
520,आप को भी औऱ बीजेपी यूपी को भी सभी यूपी वासियों को भी स्थापना दिवस की शुभ कामना,benign,0
521,मुसलमान गुस्सा होता है तो अपने धर्म के प्रति और कट्टर हो जाता है  और हिन्दू गुस्सा होता है तो बस बीजेपी को वोट नही देता है,benign,0
522,आज जो अदालत का फैसला आएगा  उस के बाद औरतें चीखै मारेगी कि ये कैसे हो गया बीजेपी का पकड़ ने वाली औरतों आज के बाद चीखै मारेगी,benign,0
523,कमाल का हिसाब रखते है गुजराती देख लो कांग्रेस को हरा दिया  और बीजेपी को डरा दिया,benign,0
524,"हाँ हाँ तूम जीत गये तो ठीक है ईभीएम,बीजेपी जीत गई तो ईभीएम से छेड़छाड़ हूआ। चारा चोर।",benign,0
525,अरे नहीं बीजेपी में भी सच्चे मिल जायेंगे बस ढूंढना होगा,benign,0
526,किस जादू के जोर से केजरीवाल की लड़ाई कांग्रेस के भ्रस्टाचार से हट कर साम्प्रदायिकता और बी जे पी के विरुद्ध हो गई,benign,0
527,बीजेपी अमरीका जाकर कांग्रेस को बदनाम करे वो सही है।  मोदी भक्तो,benign,0
528,केजरीवाल जी कांग्रेस की बी टीम हैं। गुजरात में यह साबित ह गया। उनके कारण बीजेपी को दो सीटों का नुकसान हुआ है।,benign,0
529,राजस्थान के कट्टर हिन्दू  बीजेपी के राज में पद्मावती फ़िल्म रिलीज हो गयी इसलिए गौहत्यारी कश्मीर के हिन्दुओ की,benign,0
530,अरे हार्दिक भाई ये नई चाल है बीजेपी की कोई लापता नही हुआ देखना इसपे राजनीति चालू अब,benign,0
531,"अलीगढ़ को एनसीआर में शामिल करने का प्रस्ताव एनसीआर प्लानिंग बोर्ड के पास भेजे जाने पर बीजेपी सरकार को बहुत बहुत धन्यवाद ।    ,",benign,0
532,शिवराज मामा संविदा   को वापस लो नहीं तो इस बार चुनाव में जरूर हारेंगे शिवराज मामा संविदा विरोधी बीजेपी मामा तू बहुत पछताएगा,benign,0
533,और भरस्टाचार में डूबी कांग्रेस को पवित्र गाय घोषित होने का सुअवसर। बी जे पी और कांग्रेस एक दूसरे की पीठ खुजाने में ही लगे रहकर जनता को उल्लू बनाते हैं।,benign,0
534,योगी राज में धमकी ।बहुत शर्म की बात है बीजेपी बालो के लिय।,benign,0
535,"पटेलों का हत्या काम ना आया दलितों का पीटवाना काम ना आया सिर्फ वोट के लिए हत्याफूट की राजनीति,अब किस बीजेपी शासित राज्य में हत्या करवाओगे याद दलितों को पीट पाओगे",benign,0
536,"राजस्थान की दोनों लोक सभा और एक विधान सभा सीट पर आज उप चुनाव हो रहा है, मोदी सरकार के खिलाफ गज़ब का गुस्सा है। लोग मोदी जी के जुमले से तंग हो चुके है। दोनों सीट पर बुरी तरह से हार जाये गई बीजेपी। मध्य वर्ग, छोटे दूकानदार बहुत नाराज़।",benign,0
537,"इतनी ही चिंता है तो  को भी पूरी करवा दीजिये उसमे तो सिर्फ नियुक्ति पत्र बचा है। या बदले की राजनीति ही करनी है बीजेपी को।अभी तक तो  के लिए आपके पास बजट नही था अब कहा से आ गया, ये आप नही सुप्रीम कोर्ट का आर्डर था जिसको आपको करना ही है।",benign,0
538,आप सभी ने करोड़ों का समोसा खाया था बिजेपी वाले कितने का खा गये,benign,0
539,खुराना जी दिल्ली ये भी जानना चाहता है कि आप लोगों ने मुकुल राय को क्यूँ बीजेपी में शामिल किया  पहले अपना घर संभाले और दिल्ली की चिंता ना करें,benign,0
540,"हर बात में झूठ बोलते हैं बीजेपी वाले बेचारे कितना माफी मांगे , बेचारी माफी भी शरमा जाएगी ।",benign,0
541,दिल्ली दिल्ली बीजेपी अध्यक्ष  का बयान।,benign,0
542,चुनाव कांग्रेस पार्टी से लड़ा है या बीजेपी से।     बहुत उतावले लग रहें हैं बधाई देने के लिए।,benign,0
543,"बकौल बीजेपी मंत्री, बीजेपी संविधान बदलने और अपने लोगों के मुकदमे खत्म करने के लिए आई है। जनता क समझेगी इनकी चाल",benign,0
544,लोगों को बीजेपी से इस कदर में  हो गई है कि अगर गली का कुत्ता भी मर जाए तो लोग कहेंगे नरेंद्र मोदी देखने क्यों नहीं आए  हद है जरा जरा सी बात में सब लोग मोदी के ही पीछे पड़े रहते पता नहीं क्यों   अनुज बाजपेई,benign,0
545,"हरियाणा बचाओ संघर्ष रैली    हरियाणा में किसान, मजदूर, व्यापारी व आमजनता के खिलाफ बीजेपी की जनविरोधी नीतियों के",benign,0
546,गुजरात में बचकर निकल गयीं बी जे पी ठीक कहा पर हिमाचल मे क्या हुआ ये बताना शायद भूल गये। वैसे वहां आप चुनाव कैम्पेन के लिए गये थे क्या। अभी आपको और मेच्योर होने की आवश्यकता है।,benign,0
547,फिर भी डिबेट मे हार   की सौचने की बाथ है    बी जे पी कभी भी सौ चुहे  खा के हज को गई ही नही है,benign,0
548,"के आरोपी बरी होते हैं तो कहते हो अदालत भृष्ट है , अमित शाह जज लोया को मरवा कर अदालत से बरी होता है  तो कहते हो न्यायपालिका पर भरोषा है इतना दोगला पन लाते कंहा से हो बीजेपी वालो",benign,0
549,जो लोग अन्य पार्टी छोड़ कर बीजेपी में जाने की सोच रहे थे अब वे राजस्थान के जनादेश के बाद सोचने पे मजबूर हो गये है की नेता बनने से अच्छा पकोडे तलना है,benign,0
550,अब अगर बीजेपी ने कोई भी बहाना किया तो सौगंध राम की कांग्रेस की तरह ही नहीं जनता दल की तरह बीजेपी को समूल नष्ट करके ही छोडेंगे। अगर भारत देश में राम का सम्मान नहीं । तो राम नाम पर खाने वालों का भी काम नहीं ।।,benign,0
551,अरविंद केजरीवाल का गले खाँसी का आॅपरेशन बीजेपी जल्दी ही करने वाली है।,benign,0
552,दिल्ली कीअवैघ कालोनीयो को नीयमित करने का बीजेपी का पैतरा याने अाम आदमी पार्टी के मुद्दे का हाई जैक |,benign,0
553,"उपचुनाव में बीजेपी को तगड़ा झटका, कांग्रेस ने मारी बाजी",benign,0
554,हमारे देश के  बीजेपी  कांग्रेस माने चौकीदार न्यायमूर्ती  खुद को समजते  वोट मांगते टाइम  दोनों मिलके चिल्लाते  चोरी हुई        चोरी हुई  चोर पकड़ने के समय चोर के साथ मिल जाते,benign,0
555,बीजेपी के पास सफ़ेद झूठ सिवा और कोई भी मुद्दा नही है और नही विकास कोई योजना है सिर्फ़ और सिर्फ़ समाज मे और देश मे ज़हर घोलना ही काम है,benign,0
556,"नहीं इस मैं बीजेपी जिम्मेदार नहीं हैं, बल्कि कुछ फालतू किस्म के लोग जिम्मेदार हैं",benign,0
557,देश के  राज्यों में बीजेपी की सरकार है  कोंग्रेसियों ऐसी नीच हरकतें जारी रखें  अभी २३ राज्यों में कांग्रेस बची हुई है,benign,0
558,बीजेपी वाले दंगे पर उलझायेगी  लेकिन मेरे युवा साथियों आप रोजगार पर अड़े रहना,benign,0
559,"शिया बोर्ड हमेशा बीजेपी की पक्षधर रही है नाम शिया बोर्ड का लिया जा रहा है और बात बीजेपी की है, शिया बोर्ड कौन होता है हमें समझाने वाला",benign,0
560,राजस्थान उपचुनाव इन  वजहों से चारों खाने चित्त हुई है बीजेपी,benign,0
561,चाहे जो हो अब तो लगता है कि बरनाल की जरूरत बीजेपी वालों को है क्योंकि कल कल कोर्ट के दिए फैसले से जलन बहुत हुई होगी,benign,0
562,पाजी आपने कहाँ था बीजेपी मेरी माँ है उसे कैसे छोड़ दूँगा फिर राजनीती चमकाने के चक्कर में खोंग्रेसियो से जा मिले ये पब्लिक है सब जानती है,benign,0
563,हम युवाओ का भविष्य ख़राब न होने दो हमने विश्वास से बीजेपी को मत दिया था,benign,0
564,स्वक्क्ष भारत अभियान के नाम पर डींग हांकने वाले बीजेपी सरकार देश के जनता को गुमराह ना करें और साफ शब्दों में जनता को बताए अब तक गंगा कि सफाई काहा तक  हुआ।,benign,0
565,सिंधिया जी के हाथ तोड़ने वाले बीजेपी के नेताओ के पायजामे में नाडा है या नही।,benign,0
566,तो आप यह बता दीजिए चंदन गुप्ता को किस बीजेपी नेता ने गोली मारी,benign,0
567,कपिल भाई सरस्वती माता की वजह से तो आज  कुर्सी चली गयी बेचारों की आप आज भी उन्हें पेल रहे हो मातम तो मना लेने दो बेचारों को। बहुत जल्द भगवान् को भी बीजेपी का एजेंट घोषित करेंगे केजरीवाल और उनकी गैंग।,benign,0
568,"चोर चुस्त चोकीदार सुस्त   हैरानी नहीं होगी, अगर कल को दाऊद को भी बेगुनाह करार देकर, बीजेपी से टिकट दे दी जाए",benign,0
569,रिजल्ट जारी करो वरना बीजेपी को इतिहास में बदल डालेंगे बेरोजगार,benign,0
570,"माननीय रेलमंत्री जी, बीजेपी से बहुत आशा थी कि आरक्षण का लाभ केवल ज़रुरतमंद को ही मिलेगा परन्तु ये तो अभी भी जातिगत समीकरण में उलझा हुआ है इस भ्रष्टाचार पर भी कोई कठोर कार्यवाही कीजिये अकेले रेलवे को ही इस भ्रष्टाचार की कितनी बड़ी कीमत चुकानी पड़ रही है",benign,0
571,"एक पत्रकार साहिबा के लिये पहले ये स्लोगन था  सुरक्षित काले मेरे बाल वेसमोल ने किया कमाल  लेकिन बीजेपी, मोदी जी का विरोध करते करते अपने ही बाल नोचकर छोटे कर डाले  अब ये स्लोगन है छोटे हो गए मेरे बाल बरनाल ने किया कमाल  इस ट्वीट का  आंटी से कोई सम्बन्ध नही",benign,0
572,बीजेपी के विकास के रूप,benign,0
573,आप  बीजेपी के लिए  सबसे  बड़े  अशुभ  ग्रह  हो  चिपटे  क्यो  बैठे  हो  जाओ  केजरीवाल  या  लालू  के  साथ  नीतीश  जी  तो  अब  घास  डालेंगे  नहीं,benign,0
574,बस कंडक्टर और चाकूबाज संजय उर्फ गुंडा अपनी नाकामियों को छूपाने के लिए बीजेपी शासित राज्यो पर झूठे आरोप लगाता है तुम लोग बीजेपी शासित राज्यो की धूल के बराबर भी नहीं हो दिल्ली मे गरीब ठंड से मर रहे हैं और ऐ दिन मे करोड़ों कमाने मे लगे हैं,benign,0
575,साल जिस तरीके से मोदी ने सरकार चलाई है जो आशाएं अपेक्षाएं बीजेपी से लोगों को थी सब नील हो गई दोबारा आना मुश्किल है,benign,0
576,बोडर पर जवानो को पूछ कर बताना बिजेपी जूठी है या नही देस के अन्दर कूछ भी बोलो आप सूरक्सित हो,benign,0
577,नाम कैसे लेते देश का फायदा हुआ या आम जनता का क्या फायदा हुआ अगर फायदा हुआ किसी को तो ओ अमित शाह जी के बेटे को इसको नही बोलेंगे बी जे पी के नेता और न ही बिकाऊ मीडिया ।,benign,0
578,हमारे और से पूरे बीजेपी परिवार को बधाई,benign,0
579,"मैडम, बीजेपी को तो ज़ुबानी वाकयुद्ध में ही महारथ हासिल है,और उससे देश का क्या भला हो सकता है  इतिहास इस बात का गवाह है।",benign,0
580,"सर्वप्रथम गुजरात की जीत की आपको बहुत बहुत बधाई , लेकिन गुजरात में बीजेपी के  के लक्ष्य को  पर सिमट देना चिंता एवं विचार करने का विषय है ।",benign,0
581,बिजेपी तुष्टिकरण की राजनीती कर रही हैं। वैसे भी राजनीति किसी कि भी हो कटती समान्य वर्ग की है।,benign,0
582,समाजवादी लोग दोगले नहीं होते दोगलेपंती तो बीजेपी और आरएसएस वालो के खून में है,benign,0
583,भाई चोरी से जीत रहे है जैसे कांग्रेस का पत्ता साफ हुआ है ऐसे बी जे पी का भी होगा,benign,0
584,"के बेरोजगार साथी जो  सालो से आपके हर चुनाव में एक कार्यकर्ता से ज्यादा फेसबुक, व्हाट्सएप, ट्विटर पर बीजेपी के लिए घर घर जा कर सदस्यता अभियान को सफलता दिलाई। हर चुनाव में आपको विजयी बनाया आज भुखमरी के दहलीज पर है हम युवा। कृपया अब नियुक्ति हो  अब न्याय हो",benign,0
585,"उपचुनाव  गुजरात में बीजेपी शेर, तो राजस्थान में कांग्रेस ने किया ढेर",benign,0
586,में विपक्ष को मात देने के लिए ये है बीजेपी का नया गेम प्लान,benign,0
587,बिल्कुल सही । हमारे लालू प्रसाद यादव जी को षड्यंत्र के तहत फसा सकता है बीजेपी वाले लेकिन हरा नहीं सकता है।,benign,0
588,"बीजेपी पार्टी अध्यक्ष अमित शाह के बेटे ने पकौड़े, चाय के साथ समोसे और सेंडबिच भी बेचे होंगे तभी इतनी जल्दी  हज़ार से  करोड़ बना लिए।।",benign,0
589,नरेंद्र मोदी जी की लोकप्रियता में कोई कमी नहीं आयी लोगों को मोदीजी और बीजेपी में ही विश्वास है।,benign,0
590,तीन तलाक ताजमहल लवजिहाद के बाद अब लैंड जिहाद अब नया ड्रामा बीजेपी वाले ने देश के साथ मज़ाक करना सुरु कर दिया है,benign,0
591,ये खबर के अभिसार को मत बताना नहीं तो कहेगा ये सब बीजेपी की साजिश है पुलिस ने हथियार पहले छुपाये फिर पकड़वाये हैं,benign,0
592,राहुल गांधी के बारे मै तुम्हारी मानसिकता दूषित है।उनका नाम लेकर तू चर्चा मै बनी रहना चाहती है।या तो बीजेपी की फ्रिंज एलीमेंट हो या तो अपने दिमाग को गिरवी रख दी हो। राहुल गांधी पार्टी प्रेसिडेंट है हर कार्यकर्ता राहुल गांधी को रिप्रेजेंट करता है।,benign,0
593,बीजेपी को बांटो व राज करो की संस्कृति से करें मुक्त अहमद पटेल,benign,0
594,"पाकिस्तान को मोस्ट फेवरेट नेशन का दर्जा कब खत्म होगा और उसे आतंकवादी देश कब घोषित किया जाएगा जनता की सब्र की सीमा ख़तम हो चुकी है, बीजेपी आक्रोश में जल जाए उससे पहले कुछ कीजिए। जय हिन्द",benign,0
595,राहुल के विदेश दौरे पर क्या बोले बीजेपी के प्रवक्ता ||,benign,0
596,पीएम मोदी ने जिन इलाकों में किया ज्यादा प्रचार वहीं बीजेपी को हुआ भारी नुक्सान,benign,0
597,बीजेपी का हिंदुत्व एजेंडा अब खुल कर सामने आ रहा है प्रवीण भाई तोगड़िया जी की गिरफ्तारी एक साजिश है हिन्दू समाज पार्टी झारखंड प्रदेश इसका कड़ा विरोध करती है इस लिए कहता हूँ विनाश काले विपरित बुध्दि की और जा रही है भाजपा सरकार,benign,0
598,एक जमाना था जब कांग्रेस अपने   को   के लिए जेल में डलवा दिया था दोनों   और  लंबे समय तक जेल में रहेमोदी जी की सरकार आई आज  दोनों बरी हो गए अब बीजेपी इनसे  करके चुनाव लड़ेगी,benign,0
599,"भारत का डंका पुरे विश्व में आज बज रहा है।ये राष्ट्रवादी सोच,इच्छा शक्ति का देन हैं।इस के लिये प्रधान मंत्री जी को धन्यवाद ।और भारतीय जनता से अपील करूँगा की  में बीजेपी को इसबार से ज्यादा सीटो से जिताये जय हिंद",benign,0
600,बीजेपी मैं मिडिल क्लास के परिवार के लिए लुटिया डुबो बजट पेश किया  बढ़ते जा रहे हैं आमदनी के साधन खत्म हो रहे हैं नौकरियां है नहीं  सा,benign,0
601,राजनीत में ऊंट किस करवट बीतेगा कहना मुश्किल है  उसी तरह जैसे राम मंदिर लगता था बीजेपी आते ही बन जायेगा परन्तु क्या हुआ,benign,0
602,तुम जैसे नेताओ जरा सी शर्म नही आती है ऐसे बयान देने मे शब्द नही है निंदा करने को याद रखना दो गज कफन नसीब नही होगा जब तुम कहते हो की बीजेपी सत्ता मे क्यो आती है तो तुममे ओर हममे यही फर्क बस,benign,0
603,मांडलगढ़ विधानसभा उपचुनाव  निर्दलीय गोपाल मालवीय बिगाड़ सकते हैं कांग्रेस और बीजेपी के समीकरण,benign,0
604,"जी घोटाले में ए राजा और कनीमोझी निर्दोष बीजेपी ने डीएमके से डील कर ली वृहस्पतिवार,  दिसम्बर,   आई बी टी",benign,0
605,"बीजेपी के राज में  बार सेना पर  हुई ओर कमाल देखो, तीन बार हुए लोखसभा उपचुनाव में बीजेपी तीनो अपनी जीती हुई सीटें हार गई  दया कुछ तो गड़बड़ है",benign,0
606,"मध्यप्रदेश के युवा,विनम्र,मिलनसार,प्रिय,मार्गदर्शक, बीजेपी के  प्रवक्ता आदरणीय श्री  भैया एवं भाभी  जी को शादी के  वर्षपूर्ण होने पर हार्दिक बधाई",benign,0
607,यहा तक कल मिर्ज़ापुर में नवनिर्वाचित छात्र संघ अध्यक्ष जो कि अखिल विद्यार्थी परिषद से का है उसे भी मारा जो कि उसकी भारतीय जनता पार्टी में अच्छा पकड़ है बीजेपी के ही कार्यकर्ता कहते देखे अगर समाजवादी सरकार थी।,benign,0
608,लोकसभा उपचुनावों से घबराए अखिलेश यादव  का विरोध कर रहे हैं  बीजेपी,benign,0
609,"दिल्ली  प्रदेश अध्यक्ष  का बयान दिल्ली में पानी को लेकर हाहाकार मचा है, व्यापारियों की दुकानें सील की जा रही है, बीजेपी का कार्यकर्ता चुनाव के लिए तैयार।",benign,0
610,"ठक्करबापानगर के चुनावों में नहीं दिखी पाटीदारों की नाराजगी, बीजेपी से बुरी तरह हारे हार्दिक पटेल के वकील",benign,0
611,चिदम्बरम ने गरीबों का मज़ाक नहीं उड़ाया बल्कि सरकार को आगाह किया है की क्या बड़ी बड़ी डिग्री ले के लोग अब चाय पकोड़े बेचेंगे बीजेपी देश को बरगलाना छोड़े और हर बात तो देश से जोड़ के अपनी कमज़ोरियो पे पर्दा न डाले जुम्लेबाज़ों को देश पहचानने लगा है,benign,0
612,बजटसम्मेलन में  का दावा मिडिल क्लास को पिछले चार सालों में वो सब दिया जो उन्हें चाहिए था  का आरोप चुनाव पास तो बीजेपी को आ रही किसानों और गरीबों की याद,benign,0
613,गुजरात में बीजेपी सरकार से सबसे ज्यादा कौन नाराज थे किशान वही हाल  में भी हो रहा है इसका नतीजा  में दिखेगा  की जगह  सीट आएगी,benign,0
614,बीजेपी सर्कार डर गई है युवा जोष देख कर जय हो,benign,0
615,हरियाणा में बढ़ रही रही रेप की घटनाओं को लेकर बीजेपी सांसद राज कुमार सैनी ने विवादास्पद बयान दिया। इन महाशय का कहना हैं आदिकाल से हो रही हैं रेप की घटनाएं और बढ़ती जनसंख्या है कारण  इसके बयान पर प्रधानमंत्री जी सफाई दे या ऐसे निच सांसद से इस्तीफा मांगे,benign,0
616,बीजेपी में अकेला मोदी और क्रिकेट में अकेला कोहली क्या क्या करेंगे एवं कब तक कर पायेंगे,benign,0
617,जय श्री रामहिमांचल प्रदेश बीजेपी के नए मुख्यमंत्री श्री जयराम ठाकुर के बनने पर ढेरों बधाई एवँ शुभकामनाएं,benign,0
618,गुजरात में जीएसटी प्रभाव वाली  में से  सीटों पर बीजेपी को जीत मिली है वही सूरत की  में से  सीटों पर जीत मिली है,benign,0
619,बीजेपी आयुर्वेदिक जैसी पार्टी है। साला पता ही नही लग रहा है।फायदा हो रहा या नुकसान।बस इसी आस में जिए जा रहे हैं की आगे बहुत फायदा होगा और देश का रोग जड़ से मिट जाएगा। बाकी आप जानो।,benign,0
620,"अजमेर और अलवर के लोकसभा क्षेत्र की विधानसभाओं और मांडलगढ़ को मिलाकर  विधानसभा क्षेत्र आते है, इन  मे बीजेपी",benign,0
621,अंबेडकर जी सविंधान बनाएं  काग्रेंस सविंधान को बचाए  बीजेपी की सोच सविंधान खत्म किया जाए।,benign,0
622,भाई साहब कोई बताएगा  जी घोटाला इस देश मे हुआ की नही हुआ तो दोषी कोन बीजेपी को देश की जनता को को बताना चाहिए,benign,0
623,"राजस्थान पूर्व सीएम अशोक गहलोत का बड़ा आरोप,गुजरात चुनाव जीतने के लिए बीजेपी ने लोगों को भड़काया",benign,0
624,"ये बीजेपी खुद तो कुछ कर पाती नही है सिवाय जुमलों के,और अगर कोई सरकार पब्लिक के लिए कुछ करना चाहती है तो ये अड़ंगा लगाते हैं, आखिर ये क्या चाहते हैं।इनको तो दिल्ली सरकार का सहयोग करना चाहिए।",benign,0
625,वसुंधरा राजे और तोगड़िया की आपस की लड़ाई में बीजेपी असमंजस में है कि किसका साथ दें,benign,0
626,"गुजरात,हिमांचल मे बीजेपी की अभूतपूर्व  विजय स्वतंत्र भारत जीता परतंत्र इंडिया पराजित गुलामों की हार स्वाभिमानों की विजय वंदे मातरम।",benign,0
627,की तेयारी कास गंज से शुरू कर दे बीजेपी ने अब ये लोग अब जगह जगह दंगे करायेगे,benign,0
628,हम  बिजेपी के हे लेकिन अब राजस्थान का मुखियेमंत्री आपको नही,benign,0
629,"बीजेपी का मिशन , युवाओं को अपने पाले में करने के लिए ये है पार्टी का मास्टर प्लान ",benign,0
630,गोधरा मे वोट पड़े  वोट गिने गये          मतलब  पड़े वोटों से  वोट ज़्यादा गिने गये और  बीजेपी  वोट से जीत गई,benign,0
631,"भारताची राज्य घटना बदलविन्याची भाषा वापरनारे बीजेपी चे नकटे, करंटे ,बुध्दीची दीवाळखोरी जगजाहीर करनारेेचे जाहीर निषेद,निषेद,निषेद",benign,0
632,कश्मीर के हालात क्या ह बीजेपी पीडीपी ने सेना पर कल  दर्ज करवाई ह वाह रे कथीत राष्ट्रवादी सरकार भक्तो नागीन डान्स करो,benign,0
633,गुजरात और हिमाचल में जीत के बाद अब देश के इतने राज्यों में बीजेपी की सरकार,benign,0
634,बीजेपी के जो लोग फ़िरोज़ गाँधी पारसी को हे दृष्टि से देखते हैं उन्हें ये नहीं भूलना चाहिए की बीजेपी की   बहु का पति भी पारसी है और वो पहले किसी और का पति था,benign,0
635,"सरकार से बेकाबू हुई आंतकवादी करणी सेना, कानून व्यवस्था को ताक पर रखकर बीजेपी सरकारों के संरक्षण में कई राज्यों में आतंक फैला रही है।            ",benign,0
636,"सुर जी, बीजेपी का तात्पर्य ये था कि जो  के बाद पैदा हुए हैं ,उनमें से भी जेब्रा भक्त, को   नहीं देना पड़ेगा । सच ही तो बोला था ।",benign,0
637,जब मोदी विदेश में विरोधी पक्ष की निम्न स्तर की आलोचना करते है तो वह बीजेपी के लिए जायज है अगर राहुल ने सरकारी नीतियों पर चिंता प्रकट की तो बीजेपी के नेताओं को नागवार गुजर रहा है,benign,0
638,अगली बार  पर सिमट जायेगी बीजेपी यही कहना चाह रहे हो,benign,0
639,जिन भक्तों के बाप ने अख़लाक़ के फ्रीज़ में बीफ ढूंड डाला था उसको  में एक सबूत तक नहीं मिला  मिलार्ड आपके इस निर्णय से कांग्रेस बाइज़्ज़त बरी और बीजेपी बेइज़्ज़ती से भरी,benign,0
640,मुझे याद आया कि बीजेपी के एक नेता ने कहा था कि हरियाणा में बीजेपी सरकार आने पर कुवारे लड़कों कि बिहार कि लड़कियों से शादी करायेंगे अब तो काफी समय हो गया दोनों जगह बीजेपी की सरकार हैं कितने हरियाणावी लड़ंकों की शादी हुई है,benign,0
641,"यूथ वोटर्स के हाथों में कांग्रेस और बीजेपी, ये चाहें तो बदल सकता है शर्मा और लाम्बा का कॅरियर",benign,0
642,"तुम किया जानो गरीबों देशभक्ती किया होती है तुम लोग गरीब हो पुलों के नीचे ही मर जाओगे देशभक्ती देखनी है तो इन भाजपा वालों की देखो ऐसी है बीजेपी नेताओ की देशभक्ति , तिरंगे पर बैठे है कार्यकर्ता",benign,0
643,"कहते है मैक्सिमम व्यापारी भाजपाई है , लेकिन ये क्या हुआ बीजेपी ने तो अपने इनके पेट भी लात मार दिया। निष्कर्ष ये बीजेपी किसी की हितैसी नही है इन्हें बस चुनाव लड़ने और विद्यायक खरीदने के लिए पैसा चाहिए तो वो चाहे सीलिंग से मिले या किसी और सोर्स से।",benign,0
644,जहाँ बंगाल में हिंदुओं पर मुस्लिम अत्याचार बढ़ रहा है और हिन्दू मुस्लिम की खाई बढ़ रही है और बीजेपी हिन्दू हिन्दू कर रही साथ साथ मुस्लिम सम्मेलन भी कर रही राजनीति समझिए बीजेपी की,benign,0
645,बीजेपी सरकार यहां पिछले  साल से है,benign,0
646,"अबकी बार आप की सरकार, बीजेपी ओर कॉंग्रेस को लगेगी फटकार",benign,0
647,क्या गोदी मीडिया की बीजेपी की पालतू चापलूसी में देश को गुमराह करना घटिया पत्रकारिता हैं,benign,0
648,"मध्य प्रदेश में  साल से बीजेपी सरकार होने के बावजूद खुले में जमीन पर बैठ के पढ़ते है बच्चे, नाले का पानी पीने को मजबूर",benign,0
649,बिहार में भी बीजेपी सरकार होनी चाहिए लेकिन मुख्यमंत्री का एक नया चेहरा,benign,0
650,"बीजेपी नहीं आम आदमी पार्टी जिम्मेदार है, बस यही साबित करना है ना",benign,0
651,गुजरात चुनाव बीजेपी के लिटमस टेस्ट  हैं। यही सुनाई दे रहा था।क्या काँग्रेस और विपक्ष अपनी टेस्ट दे चुका   और परिणाम क्या निकला  क्या लिटमस टेस्ट की थ्योरी देने वाले महानुभावों के प्रस्तुतिकरण की भी कोई परीक्षा होगी,benign,0
652,हकीकत में बीजेपी की लुटिया आपके अहंकार ने डुबोई है राजस्थान में लेकिन अहंकारी मनुष्य को अपनी कमियाँ नजर नहीं आती,benign,0
653,बीजेपी मतलब गरीब जनता से धोका,benign,0
654,चंडीगढ़ में बीजेपी ने जीती तीनों सीट,benign,0
655,"मुसलमानों के ऊपर हाथ धो कर पड़ी हुई है ये बीजेपी वाले और बार बार उन्हें बदनाम करने की साजिश कर रहे हैं,कान खोलकर सुन लो संघियों की देश की आज़ादी में मुसलमानों ने भी अपना खून बहाया है और अपने मर्ज़ी से अपना मुल्क भारत चुना है,इसलिए तुम व्हम में न रहो",benign,0
656,कोई भी दुखी नहीं है हम तो बहुत खुश ह और  में वोट भी बीजेपी को ही देंगे प्रचार  भी कर रहे ह हिन्दू एकता के लिए। जागो हिन्दू जागो हिंदू जागेगा देश जागेगा।,benign,0
657,बीजेपी वाले दोगले हैं।चुनाव आयोग वाले हरामज़ादे हैं। सड के मरेंगे ये सब के सब।,benign,0
658,बीजेपी की  गुजरात और हिमाचल जीत के बाद कांग्रेस भवन में सन्नाटा,benign,0
659,बीजेपी गोवा और मेघालय में बीफ बेचेगी और कर्नाटक में बीफ बैन करवायेगी। सवाल मत पूछो देशद्रोहियो पापी वोट का सवाल है।,benign,0
660,करणी सेना ने ये धमकी भी दी है अगर बीजेपी ने लोगों के साथ ऐसा ही बर्ताव बरकरार रखा तो आगे आने वाले विधानसभा,benign,0
661,सब कुछ बीजेपी ही कर रही है तो तुम सालो वँहा केजरीवाल की चड्डी धोने के लिए बैठे हो क्या।,benign,0
662,"हम सब पुरजोर समर्थन करते है कि कोई भी मुस्लिम बीजेपी को वोट ना दे लेकिन सबसे दुखद यह है कि सबको बराबरी का दर्जा देकर भी काँग्रेस खाली, कोई बसपा को तो कोई सपा के मुरीद",benign,0
663,"कॉंग्रेस लानी नहीं थी, बीजेपी को चेतावनी भी देनी थी। गुजरात में दोनों काम सही ढंग से हो गए। समझदार को इशारा काफी।",benign,0
664,पहले बोलते थे कि बीजेपी शासन में भारत का मुस्लिम परेशान रहते हैं। अब बक रहे हैं कि देश के दलित परेशान किये जा रहे हैं बीजेपी के शासन में। आसल बात तो ये है कि  को सत्ता चाहिए जिसके लिए ये कुछ भी करेंगे खुद का थूका भी चाट लेंगे,benign,0
665,प्रवीण तोगड़िया अगर गिरफ्तारी हुई है  तो समझो बीजेपी के पतन की सुरूआत है,benign,0
666,"सर दंगा हुआ है  मर गयेलिबरल  कहां  कैसे  मजा आ गया एक आर्टिकल लिखो और बीजेपी,को ब्लेम करोसर मुस्लिम ने हिन्दू को मारा है लिबरल  ओहो तो तैमूर के डायपर पे आर्टिकल लिखो",benign,0
667,जब काँग्रेस की सरकार थी तब कोर्ट ने जी को घोटाला माना था और आज जब बीजेपी की सरकार है तो कोर्ट के अनुसार कोई,benign,0
668,"पाकिस्तान के रवैये के खिलाफ देश भर में फूटा गुस्सा, बीजेपी सांसद ने कही ये बड़ी बात",benign,0
669,वसुंधरा को  पद से त्यागपत्र दे देना चाहीएसचीन पायलट सिर्फ  सीटे हारने पर तुम बीजेपी को कोसते हो तो  राज्यो मे हारने के बाद कोंग्रेस को चुनाव लडना ही छोड देना चाहिए और राहुलसोनिया को राजनिती से संन्यास ले लेना चाहीए,benign,0
670,बिल्कुल सही फैसला है अब दिल्ली की जनता को चाहिए फिर से आप को ही वोट करे क्योंकि कांग्रेस के मुह में जलता हुआ     पकौड़ा घुसा दिया है बीजेपी ने अब वो कभी बोल नही सकती,benign,0
671,"का दादा  है ये जग जाहिर है ये तो बीजेपी वाले हैं जो अपने  के बारे में नहीं बताते कभी गंगा को तो कभी धरती को माँ और देश को बाप,बोलते हैं शायद इनके  ने देश के लिए कुछ किया ही नहीं या कुछ ऐसा किया जिसे बताने में इन्हें शर्म आती है, तभी तो किसी को माँ, किसी को बाप",benign,0
672,बीजेपी की नीयत में कोई खोट नहीं है अजय भट्ट |,benign,0
673,"यूपी चुनाव का अपना दावा भी याद कीजिये ,बीजेपी तो चनाव जीत गई ,मगर आपका तो सूपड़ा साफ हो गया।",benign,0
674,ये बात हज़म नही हो रही है बीजेपी अगर सच्ची होती तो वो  को  रेकॉउंटिंग के लीये भेज सकती थी लेकिन यहाँ दाल में कुछ काला है,benign,0
675,ये उन्नाव की ख़बर है भैया जी जहाँ विधायक सांसद सब बीजेपी से है योगी राज है ऐसा ही रहा तो बिना टॉर्च के ऑपरेशन करेंगे,benign,0
676,जम्मू कश्मीर में सेना पर   क्या देशभक्ति हे बीजेपी की,benign,0
677,इनसे और उम्मीद भी क्या कर सकते हैं  बीजेपी मे अब ये हो रहा है कि बुजुर्ग नेताअो को मार्गदर्शक मडंल मे भेज दो और जो बच जाये उन नेताअो को सडक पे अपनी जवानी का जोश दिखाने दिया जाये  वाह रे खट्टर सरकार,benign,0
678,"बेचारे  कितने भोले है, बीजेपी की रणनीति कौशल नही समझ पा रहे है  जैसे हिमाचल अभी बीजेपी के मैप में एड",benign,0
679,न मै कांग्रेस की समर्थक हूँ और न ही बीजेपी की  लेकिन एक सच्चाई है अगर कांग्रेस देश बेच देती तो मोदी जी आज भी चाय ही बेच रहे होते,benign,0
680,बीजेपी और मीडिया दोनों ज़िम्मेदार हैं,benign,0
681,"काँग्रेसियों देख लो, ये है आज का हिमाचल बीजेपी के साथ",benign,0
682,पूंजीवादी घराने बीजेपी को चंदा दे रहे हैं और बदले में सरकार उनको रियायतें देने पर मजबूर है बाध्य हैं। अब कितना,benign,0
683,हमारा निवेदन है श्री  जी और श्री  जी से की अगर  के लोकसभा चुनाव में बीजेपी को  की जीत दोहरानी है तो कृपया बिना समय गवाएं  जी को गुजरात का ओर  जी को हिमांचल का मुख्यमंत्री बनाया जाये,benign,0
684,बीजेपी की साज़िश है,benign,0
685,जस्टिस लोया के पुत्र द्वारा प्रेस कॉन्फ्रेंस करवाना यह बताता है कि दाल में कुछ काला है और बीजेपी बेहद डरी हुई है।,benign,0
686,"आदरणीय आपने मध्यम वर्ग का कबाड़ा कर दिया, आने वाले चुनाव में आपकी वजह से मध्यम वर्ग बीजेपी का कबाड़ा कर देगा।",benign,0
687,कुछ नहीं होगा । बीजेपी की सरकार है भाई ।,benign,0
688,चंडीगढ़ नगर निगम चुनाव बीजेपी ने तीनों सीटों पर जमाया कब्जा ।,benign,0
689,और ये कीचड़ आपके पुरखो ने ही पैदा की है न वो बीजेपी को जन्म देते न ये हाल आज देश का होता।,benign,0
690,"सुमित अवस्थी कभी रोजगार, महंगाई, कालाधन, भ्रष्टाचार पर भी बहस करा लिया करो। बीजेपी की चापलूसी से बाहर निकलो, हिन्दू मुस्लिम, तीन तलाक से बाहर निकलो। आप गोरखपुर नाच को औचित्य क्या इसलिए दे सकते कि सपा हार चुकी है,  कायदे के मुद्दे उठाये करो ।",benign,0
691,"गुजरात की विजय  बीजेपी के लिए एक चेतावनी है,जो यह बता रही है कि अब कांग्रेस मुकाबले के लिए  तेयार है।यह चुनाव मोदी के गृहप्रदेश  में था,इससे वह जीत भी गए।किन्तु अब अन्य राज्यो में उन्हें कड़ी टक्कर लेना पड़ेगी।अब राहुल भी परिपक्व होते दिखाई दे रहे है।",benign,0
692,बीजेपी की नीयत में कोई खोट नहीं है अजय भट्ट,benign,0
693,"छोड़  दो  बीजेपी,  वो भी  चैन की  सांस लें  लालू  का दामन  थाम  लो  तुम्हारा स्टैंडर्ड  वहीं तक है",benign,0
694,बिजेपी में चर्चा चल रही ह कि रिफायनरी तो हमने बाड़मेर मे लगाई  पण तेल अलवर अजमेर मांडलगढ म किया निकलग्यो,benign,0
695,"योगी सरकार पर इस बीजेपी विधायक का आरोप, कहा सपाबसपा सरकार की तरह हो रहा काम",benign,0
696,बीजेपी के सिक्के  ही चलेंगे,benign,0
697,"पूरी सेटिंग है कोंग्रेस ने जयशाह ,राफेल और गुजरात  बीजेपी के लिए छोड़ दिया बदले में बीजेपी ने वाङ्रा जी कोंग्रेस के लिए छोड़ दिया भक्त भी खूश मीडिया की भी चांदी बीचारा संजय लीला भनशाली बीचमे बकरा बनगया",benign,0
698,"बीजेपी की सरकार बनने के बाद सलमान,अमित शाह, साध्वीप्रज्ञा,इन सब पर कोर्ट का फैसला आ गया। इन सबसे पुराना मामला राम मंदिर का हे उस पर फैसला क्यों नही आ रहा हे",benign,0
699,बीजेपी का शुक्रिया अदा करना चाहूंगा यहां आकर  आजम खान,benign,0
700,"बीजेपी के सफाई के लिए कांग्रेस से करोड़ों रुपया लिया था हार्पिक ,गारंटी था डिटरजेंट जिग्नेश से अच्छी धुलाई करुँगा । अब टाँयलेट मे खामियाँ निकाल हार्पिक ,कांग्रेस के दिए रुपये लौटाने से बचना चाहता है।",benign,0
701,हमने पहली बार मंच सजाकर बीजेपी को हराने का आह्वान किया था और हम इसमें कामयाब रहे।,benign,0
702,"आये थे दलित के लिए काम करेंगे कहकर,पर दिन भर ये सोचनेे और रणनीति बनाने में निकल जाता है कि बीजेपी को कैसे हराया जाया,ये सत्ता है ही कुछ ऐसी।लाख कोशिश कर लो भारत और हिन्दुओ को तोड़ने की मंशा कभी पूरा नही होगा।",benign,0
703,जब तक जान मे जान बाकि है तब तक बीजेपी है,benign,0
704,खबर है कि बीजेपी का एक धड़ा कोलकाता की टीपू सुल्तान मस्जिद के पूर्व शाही इमाम नुरूर रहमान बरकती को पार्टी में लाने की कोशिश में है।,benign,0
705,"बी जे पी वाले हर चुनाव में राम मंदिर बनवाना शुरू करते हैं, लेकिन चुनाव के बाद उनके लेबर और मिस्त्री भाग जाते हैं",benign,0
706,बीजेपी पढ़े लिखों से पकोड़े बेचने की उम्मीद कर रही है उसमे तुम्हें पढ़े लिखे बेरोजगार लोगों का अपमान नही दिखा।,benign,0
707,हरियाणा ही नही छत्तीसगढ़ और मध्यप्रदेश में भी बीजेपी विधायकों की सदस्यता जानी चाहिए।,benign,0
708,"राजस्थान में बीजेपी तीनों सीट इसलिये हारी है,ताकिं जनता को  पर भरोषा होेे,ताकि आने बाले चुनाव में  को सेट कर बीजेपी जीत सके  सर जी जरा समभल कर  चुनाव वैलेट पेपर से ही करवाना चाहिए",benign,0
709,भाई जान मैं कांग्रेस की ही बात कर रहा हूं। मोदी को हिंदूवादी नेता बता बता कर पूरे विपक्ष ने इतना बड़ा बना दिया कि बीजेपी ने उन्हें प्रधानमंत्री बना दिया। अब विपक्ष उनको रावण बता रही है। खुद ही खुद को गलत साबित कर रहे है,benign,0
710,"काकोरी लखनऊ में,बीजेपी नेता की पीटपीटकर हत्या, शव पेड़ से लटकाया",benign,0
711,सर यह सिद्ध हो गया कि बीजेपी केजरीवाल जी को नाकाम करना चाहती है दिल्ली की हार को पचा नहीं पा रहे हैं,benign,0
712,ये गुजरात और हिमाचल  की जनता और बीजेपी के विकास की जीत है। आप लगातार विकास करते रहो। हमे गर्व है की हम  जैसी पार्टी के कार्यकर्ता है।,benign,0
713,"घोटाले में  कोर्ट के द्वारा सभी दोषियों के बरी हो जाने पर भाजपा की साजिश का भंडाफोड़ हो चुका है कि, किस प्रकार से बीजेपी ने सत्ता के लिए कांग्रेस का दुष्प्रचार किया था।  सत्यमेव जयते",benign,0
714,"साथ ही एक और ऐसा है बीजेपी पूर्व विधायक पंचूलाल, पन्नबाई, मंडल के अध्यक्ष सब रीवा जिले के महान हस्तियों से भी ज्यादा खुद को समझते है",benign,0
715,अब हरियाणा में बीजेपी के  विधायकों की सदस्यता भी सवालों के घेरे में है,benign,0
716,संविधान बदलने वाले बीजेपी मंत्री के बयान पर संसद में हंगामा,benign,0
717,ये क्या गुजरात जीतने के बाद भी बीजेपी को लगा है डबल झटका,benign,0
718,हर कोई है बीजेपी के खिलाफ इस सरकार ने सभी लोगों का किया जीना मुश्किल हमारी भूल कमल का फूल,benign,0
719,"गुमला सीएम रघुवर दास के कार्यक्रम का बहिष्कार, बीजेपी जिला कमिटी समेत कार्यकर्ताओं ने किया बहिष्कार, सुरक्षाकर्मियों के व्यवहार से नाराज हुए कार्यकर्ता",benign,0
720,"की रिपोर्ट में नमामि गंगे प्रोजेक्ट पर बड़ा खुलासा, पढ़िए क्या कर रही है बीजेपी सरकार",benign,0
721,"कोशिश करो ,बी जे पी साफ़ हो जाएगी अगली बार",benign,0
722,कर्नाटक चुनाव जीतने के लिए टीपू सुल्तान बीजेपी के प्रचारक,benign,0
723,पतन के बाद दोनो पार्टियां आप और बी जे पी मिलकर भजन करना,benign,0
724,"हिंदुवादी छवि से दूर भागकर भाजपा सब कुछ खो देगी पर पाएगी कुछ भी नहीं, अल्पसंख्यको का वोट भी नही इसलिए बीजेपी अल्पसंख्यक वोट की  मृग मरीचिका ना ही रखे तो उसके लिए अच्छा हैं",benign,0
725,यह  का त्रिया चरित्र है  की चाल है  ही ऐसी हरकतें करती है जो पोस्टर छपवा कर चिपका कर कांग्रेस को बदनाम कर रही है राहुल की आस्था से बीजेपी में बौखलाहट है  का अपनी आस्था में विश्वास इसलिए नहीं क्योंकि  हिंदू और हिंदुत्व को राजनीतिक चश्मे से देखती है,benign,0
726,जब भी बीजेपी का कोई घौटाला  सामने आता है या तो पाक या फिर चीन का मुद्दा उठा उसे दबा दिया जाता है अब आधार घौटाला सामने आया तो इनका चीन ने पानी रोक दिया और कांग्रेस भी उसे भूल लग गयी चीन चीन  इस देश की बर्बादी में सबसे बड़ा हाथ होगा बिकाऊ मीडिया का,benign,0
727,"जब हिन्दूओ को अपनी सुरक्षा खुद ही करनी है तो काहे बीजेपी को सपोट किया जाए काहे योगी मोदी से अपनी सुरक्षा की आश लगाये, अपना काम स्वयं करो",benign,0
728,कांग्रेस के हारने के सदमे में रवीश कुमार को पागलपन के दौरे पड़ रहे हैं क्या करें रवीश कुमार  महीने से कुत्ते की तरह भौंक रहा था कि गुजरात में बीजेपी हारेगी हारेगी पर नहीं हारी इसलिए सदमे में आ गया,benign,0
729,हिमाचल प्रदेश में मुख्यमंत्री जयराम ठाकुर के नेतृत्व में बीजेपी सरकार ने शासन संभाल लिया है। बुधवार को शपथ ग्रहण,benign,0
730,अब बीजेपी और उसके तथाकथित भक्त  घोटाले में यूपीए सरकार को क्लीन चिट दिए जाने पर कही  कोर्ट को ही देशद्रोही व पाकिस्तानी ना घोषित कर दें।,benign,0
731,अरे भाई उनको तो अब बीजेपी ज्वाइन कर लेना चाहिए पार्टी के शीर्ष नेताओं के साथ ताकि रोज़ रोज़ की पड़ेशानी से भी ज्यादा सामना नहीं करना पड़ेगा और भारत वर्ष में इलेक्शन के झंझटों से मुक्ति मिल जाएगी।,benign,0
732,"अगर महारानी जी अब भी नही सुधरी तो राजस्थान से उनकी विदाई तय है ,वैसे बीबीसी वाले  को मुद्दा क्यो नही बना रहे है , पे तो सबसे ज्यादा रंडी रोना बीबीसी का ही था क्या जहा बीजेपी हारती है वहाँ के  सही होते है जहाँ जीतती है वहाँ हैक की गई थी",benign,0
733,प्रवीण तोगड़िया को परेशान करके बीजेपी अपने पैरो पर खुद कुल्हाड़ी मार रही है,benign,0
734,अगर लालू बीजेपी में होता तो चारा चोर ही नहीं होता,benign,0
735,"तब तो भैया  , , ,   सब  हो गया होगा।  फिर क्यों इतना दहाड़ मार मार कर बीजेपी सबका दिमाग ख़राब कर रही है।  सारे   कर ले।",benign,0
736,"राजस्थान के उपचुनाव में बीजेपी की करारी हार ,बहुत ही अच्छा संकेत है । इस हार का एकमात्र कारण  राज्य की सत्ता का",benign,0
737,गुजरात वालो जब तक तुम्हारे आंसू न निकल जाये बीजेपी को मत हराना ओके,benign,0
738,पहले बिहार के पदाधिकारियो के बढते हुए मनोपोली को सुधार करवाने मे मदद करे वरना बिहार से फिर फिसलेगा बीजेपी देन नीतीश कुमार जी जिनके कारन फिर,benign,0
739,आरएसएस और बीजेपी का विरोध करने वाले कभी केरल बंगाल जम्मू कश्मीर घूम कर आओ सारा नशा उतर जाएगा और आरएसएस पर विश्वास बढ़ जाएगा।,benign,0
740,ओ तो पहले से ही था अभी तो बस मोदी जी और बीजेपी के वजह से सब के सामने आरहा है,benign,0
741,"बीजेपी विधायक ने खुद नही गाया वन्देमातरम, लेकिन मुस्लिम सभासदों से गाने को कहा",benign,0
742,"कोर्ट ने  घोटाले में सभी को बरी कर यूपीए सरकार और मनमोहन सिंह को क्लीन चिट दे दी है, जो घोटाला था ही नही,बीजेपी ने  सत्ता के लिए कांग्रेस को बदनाम किया था।",benign,0
743,जनता के जोश व  उत्साह को देखकर लगता है मैडम किरण चौधरी की आंधी में ताश के पत्तो की तरह उड़ जाएंगी इनेलो व बीजेपी,benign,0
744,"बीजेपी, बिल्कुल घड़ी डिटर्जेंट पावडर की तरह है, बीजेपी ज्वाइन करते ही हर दाग धुल जाता है।। इनका तो नारा है बीजेपी में आओ सारे दाग धुल जाएंगे।।।",benign,0
745,बीजेपी की सरकार है भाई चुनाव में जो  वोट लेना है,benign,0
746,राजस्थान में उपचुनाव है इस लिये यहा पद्मावत फिल्म को बेन किया अन्य कई बीजेपी शासित राज्यों में फिल्म पर बेन नहीं  ये कैसा दोगलापन है सिर्फ और सिर्फ वोटबैंक के अलवा कुछ नही आता है इन्हें,benign,0
747,"नितिन सर,हमें बीजेपी और  के खिलाफ सड़कों पर उतरना होगा वरना ये दलाल केजरीवाल सर को काम करने नही देंगे",benign,0
748,ये आपकी गलत फहमी है जनता को नए चेहरे की तलाश है वैसे भी आपने राजस्थान के  साल बर्बाद कर दिए अब और नहीफिर भी अगर आपको नही हटाया तो बीजेपी की जमानत जब्त न हो तो कहना सब कुछ पालो पर गलत फहमी मत पालो,benign,0
749,तुस्टीकरण वाले दूर रहे क्योकि बीजेपी  में अटल जैसी हालत में ही पहुँचेगी।,benign,0
750,जींद में मोटरसाइकिल रैली से नई हुंकार भरने को तैयार हरियाणा बीजेपी      ,benign,0
751,"राजस्थान अलवर और अजमेर में लोकसभा उपचुनाव के लिए वोटिंग शुरू, एक फरवरी को आएंगे नतीजे,बीजेपी के  ने डाला वोट",benign,0
752,ख्वाब दिखाने वाली बीजेपी फिर से ख्वाब दिखाई दी  आम बजट  पर किशनगंज से कांग्रेस के लोकप्रिय विधायक डाॅ जावेद साहब की प्रक्रिया,benign,0
753,जज ने बोला कि कुछ गलत हो रहा है और बीजेपी संघ भक्त गोदी मीडिया  जज को कांग्रेसी नक्सली साबित करने में जुट गये  यही सबूत है कि लोकतंत्र खतरे में है,benign,0
754,अरे बीजेपी वालो कुत्तो शर्म से डूब मरो तुम बीजेपी वाले देश पर बोझ हो,benign,0
755,आप बधाई नही देवोगे तो अब बिजेपी को कही होवेगो,benign,0
756,अटल सरकार में भी हज सब्सिडी दी गयी थी।रही दूसरी बात  साल का सवाल क्यों उठाते हो क्या आजादी संघ ने दी या बीजेपी ने।दोनों हि पार्टी आम जनता को मूर्क बना रही है और हम सवाल  साल का उठाते है।,benign,0
757,श्री युनुस खान जी की प्रेरणा से मुस्लिम भाईयों ने की बीजेपी जोइन।,benign,0
758,अंत तक लोकसभा चुनाव संभव  बीजेपी  कोंग्रेस  शेषअन्य   कोंग्रेस चुनावी सर्वे करवाएगी की  की पूर्ण बहुमत सरकार बन रही हे ताकी साहेब मदहोश है और मदहोश ही रहे ज़िन्हे भी विश्वास ना हो इस  को  करले   रखले  जय श्री राम,benign,0
759,बीजेपी के नेता का मतलब पागल विकास,benign,0
760,जिस तरां से बीजेपी वाले योजनाओं के नाम बदल रहे हैं उससे लगता है एक दिन बीजेपी वाले अपनी पार्टी  का नाम भी बदल लेंगे    भाग   झूटी   पार्टी,benign,0
761,बीजेपी का अगला मुद्दा मस्जिद के लाउड स्पीकर के बाद अब बीजेपी का अगला मुद्दा पता चल गया है बीजेपी वाले अब मुसलमानो की दाढ़ी पर मुद्दा बनाएंगे बीजेपी वालो का कहना है की जिस के चहरे पर दाढ़ी है वो आतंक बाद है और वो देश द्रोह है,benign,0
762,प्रधानमंत्री घर वापसी योजना के तहत बीजेपी जॉइन करने वालों को सभी आरोपो से बरी करके देशभक्ति का प्रमाण पत्र दिया जा रहा है  यह उसी योजना के अंतर्गत हुआ है,benign,0
763,"भाई पिछले  साल से बीजेपी जीती है और आज की जीत के साथ अब साल रेकॉर्ड बना दिया है,जबकि उधर हिमाचल में सिर्फ साल सत्ता पाने के बाद भी नही जीत पाए और आये है गुजरात जितने। पहले खुद का कुछ करो हिमाचल के जो  साल के बाद सम्भाल नही पाए और आये हर साल के गुजरात को हराने।",benign,0
764,"मनीष सर ,हमें बीजेपी और  के खिलाफ सड़कों पर उतरना होगा वरना ये दलाल केजरीवाल सर को काम करने नही देंगे",benign,0
765,"सुमित जी देश प्रेम की भावना किसी के जगाने से नही जगती, खास तौर से बी जे पी जिस तरह जगाना चाहती है",benign,0
766,बीजेपी वालो का पकौडा बजट सारा धन घुमने मै खर्च कर दिया और घोटाला किया देश मै दंगा कराया सारा खजाना साफ कर दिया तो जनता को पकौडा दिखा दिया और बदले मे जनता ने राजस्थानबंगाल मे मुँह काला किया,benign,0
767,"चांदनी चौक से बीजेपी सांसद का कहना है की मैं बिजली की तारों का कुछ नहीं कर सकता,क्यों की मैं तो देश का स्वास्थ मंत्री हु ना की बिजली मंत्री",benign,0
768,ये तो अब आइने कि तरह साफ हो गया कि काशगंज कि तिरंगा यात्रा तिरंगा यात्रा नहीं थी । ये तो गुंडागर्दी कि यात्रा थी।जो लोग ये समझ रहे है कि सरकार बीजेपी की है तो योगी आदित्यनाथ  जी को चाहिए कि ऐसे लोगों से कडाई से निबटें।ताकि दोबारा  ऐसी घटना न हो।,benign,0
769,चापलूसी तो बिकाऊ मीडिया और बीजेपी के धूर्त नेता कर रहे है फेकु और ताड़ी पारी का,benign,0
770,इनकी पोल खोलने बाला काँग्रेसी था और अब बह भाजपा में है अब  के चुनाव से पहले फ़ैसला हाई कोर्ट से होगा और घोटाला घोट कर चुनावों में बीजेपी भुनायेगी छोडा गया तीर कई जगह गहरे घाव करेगा सिहासत में कोई किसी का नहीं,benign,0
771,मनिशंकर अय्यर बी जे पी के स्टार प्रचारक साबित हुए,benign,0
772,"इतने सारे कांडो के बावजूद जिन लोगो का बी जे पी   से भरोसा नही उठा , ये वही लोग है  जिन्हे लगता है की देर तक अंगूठा चूसने से उसमे से दूध निकलता है",benign,0
773,रिकॉउंटिंग की मांग उठते ही बीजेपी वालो ने पुरे ट्रक  को रोड पे पलटवा दिया ताकि  छतिग्रस्त हो जाएँ आगे आप खुद सोचिये ऐसा क्यों किया गया,benign,0
774,जो पद्मावती के विरोध में कह रहे अगर फ़िल्म आई तो वो मोदी को बीजेपी को वोट नहीं देंगे सत्ता से हटा देंगे  वोट की ताकत है हमारी । मतलब समान में लड़ते हुए जयसिंह बनोगे फिर से कांग्रेस को वोट देके। वैसे सही आपका तो इतिहास रहा है दुश्मनों के साथ जाने का,benign,0
775,"गुजरात में बीजेपी की जीत, लेकिन मोदी के घर में हुई हार  भाजपा जीतते हुऐ भी हारी है ।सत्ता मैं रहते हुऐ भी आठ मंत्री बुरी तरह हार जायें तो इससे बुरी हार  के लिये और क्या होगी मोदी जीत कर भी हार गये राहुल हार के भी जीते है ।ये बड़े ही शर्म की वात है ।",benign,0
776,सभी को सरकारी नौकरी नहीं दे सकते इसलिये बीजेपी का पकौड़ा मॉडल सुझाव ।,benign,0
777,जब भी सरकार की फज़ीहत से जुड़ा कोई बड़ा मुद्दा जनता के सामने होता है  उसे  मीडिया से गायब करने के लिए बीजेपी का कोई नेता एक फालतू सा बयान दे देता है। फिर  मीडिया आसानी से जनता को मेन मुद्दे से भटका कर फर्जी बहस में फंसा देती है।,benign,0
778,राजस्थान  बीजेपी विधायक ने कहा  मोदी और राजे को लोगो ने सिखाया सबक   घर का भेदी लंका धाये  मोहम्मद इकबाल खान कादरी श्योपुर एमपी,benign,0
779,"भदोही में विश्वास मत में एसपी पराजित, बीजेपी की प्रियंका बनीं ब्लॉक प्रमुख",benign,0
780,"उद्धव ठाकरे भी उतरे अखिलेश के समर्थन में, बोले यूपी में अखिलेश को जिताएं, बीजेपी गुंडों की पार्टी है।",benign,0
781,"कासगंज जिले में लगभग  आबादी हिंदू है  की जनगणना रिपोर्ट  वहां की  मुसलमान आबादी, जो बेहद गरीब है, का डर दिखाकर बीजेपी राजनीति कर पाती है, यही आश्चर्य है",benign,0
782,"आज  को देश का इतिहास बदल गया  और सब के सब न्यायधीश, सीबीआई, कांग्रेस, बीजेपी चोर चोर मौसेरे भाई निकले।",benign,0
783,बीजेपी से लोगों का किनारा भाजपा को छोड़ आम आदमी पार्टी में शामिल हुए जींद के निवासी,benign,0
784,क्या बीजेपी उत्तर प्रदेश में बीएड टेट  को नियुक्ति दे पायेगी,benign,0
785,यार एक बात तो साफ़ है जो बी बीजेपी की सच्चाई बताता है  उसको ये मौलाना कहते है    अपने मामलो में मूस्लिम को तो बदनाम मत करो,benign,0
786,"पहले तय करें राहुल गांधी क्या हैं पप्पू,डोरेमॉन देखने वाला,कॉमेडी शो देने वाला,नॉन सीरियस पॉलिटिशियन और राजनीति छोड़ हमेशा विदेश रहने वाला नेता या ऐसा घाघ नेता जो इतना जोड़तोड़ में माहिर है कि बीजेपी रुल्ड स्टेट में चुपचाप आंदोलन फैला दे। समाज में तोड़फोड़ कर दो",benign,0
787,"हिंदुस्तान की इतिहास में लिखा जाएगा।  हजार करोड़ न्यायधीश, नगरपालिका, कांग्रेस और बीजेपी मिलकर कहा गये।",benign,0
788,"लोग कहते हैं बीजेपी जुमला नहीं देती, झूठ नहीं बोलती, कहते है  साहब झूठ नहीं बोलते तो क्या ये हिंदुस्तान न्यूज़ पेपर बाले झूठ छापते है",benign,0
789,"लो अब तो एक के बदले  सिर आ रहे है, लेकिन फिर भी राहुल गांधी जी बीजेपी पर आरोप लगाती है, कहा गये ज्योतिराज जो एक सर के बदले  सर की बात कर रहे थे, अब तो बोलो या फिर काश ये कदम आपकी सरकार ने उठाए होती तो ऐसे दिन नही आते",benign,0
790,सभी समाचार चैनलों पर बीजेपी शासित राज्यों को भगवा रंग में दिखाया जा रहा है लेकिन सिर्फ़ एनडीटीवी चैनल पर इसे ख़तरे के निशान लाल रंग में बार बार दिखाया जाना इस चैनल की एक सोची समझी चाल है यानी बीजेपी को एक ख़तरे के रूप में प्रदर्शित किया जा रहा है,benign,0
791,"क्या संघ को बीजेपी की जीत पर है शक, क्या दी नसीहत",benign,0
792,आपने संविधान बदला तो लोकतंत्र की खूबसूरती  बार संविधान बदलने के बाद भी बाबासाहब का अपमान नहीं होता लेकिन बीजेपीआरएसएस ने संविधान के बारे में बोलने मात्रसे बाबासाहब के अपमान के साथ लोकतंत्र भी खतरे में आ जाता है,benign,0
793,हिमाचल चुनाव  सीएम उम्मीदवार प्रेम कुमार धूमल और बीजेपी प्रदेश अध्यक्ष हारे,benign,0
794,"के सहयोगियों को  की चिन्ता सताने लगी है। शिवसेना साथ छोड़ चुकी है, चंद्रबाबू नायडू भी बस छोड़ने ही वाले हैं। कई अन्य दल भी बीजेपी से दुरी बना रहे है।  अब हिंदू भी साथ छोड़ दे, उसके पहले सम्भल जाओ सुधर जाओ। उस रास्ते पर लौट आओ जिस पर चलकर सल्तनत हासिल हुई है",benign,0
795,"आप लोग अपना व्यवहार ऐसा ही रखिये,अगली बार बीजेपी आप का सीलिंग करवा देगी।कमाल है जो काम आराम से हो उनकी वाहवाही खुद की और जिसमें मालूम है कि हमारे हद से बाहर वहां ड्रामा करना जरूरी है।",benign,0
796,भैया यही तो बीजेपी का असल मकशद हैं। ये लोग एक दीन पुरे हिंदुस्तान पर राम राज्य की हुकुमत नही बाप राज करेंगे।,benign,0
797,"साउथ में चुनावी खेल खेलने के लिए। जी के सारे आरोपी बरी, बीजेपीकॉग्रेस एक ही थाली के चट्टे बट्टे।।",benign,0
798,"पचुनाव में हारकर बीजेपी ये साबित कर रही हैं की  में कोई गड़बड़ी नहीं,     ताकि  लोकसभा चुनाव  में सेटिंग कर जिते जा सके",benign,0
799,दंगा होता नहीं है कराया जाता है दंगाई कोई नहीं होता बनाया जाता है  जैसे मुजाफ्फरनगर का दंगा संगीत सोम  बाबरी मस्जिद दंगा बीजेपी आरएसएस वीएचपी,benign,0
800,"अल्का दीदी,हमें बीजेपी और  के खिलाफ सड़कों पर उतरना होगा वरना ये दलाल केजरीवाल सर को काम करने नही देंगे",benign,0
801,लगता है अभी आप निद्रा मैं है  महोदय  साल से कांग्रेस नही बीजेपी की सरकार है आरोप लगाना बंद करो सुधार करो,benign,0
802,आप अभी जेल में नही हो इसका मतलब आप बीजेपी में है,benign,0
803,"आप  सभी  को  बी जे पी के झूठ का पर्दाफाश  करना  चाहिए ।यही  झूठे  अपने को  देशभक्त  मानते हैं ,बाकी को चोर ।अब  उनकी   दुर्दशा होगी ।",benign,0
804,"लाभ के पद अब घिरे बीजेपी विधायक ,",benign,0
805,बिल्कुल सही है बिजेपी को दो अंको मे सिमेट दिया है गुजरात की जनता ने ।,benign,0
806,अच्छा तो अब आप लोग भी सर्टिफिकेट बाँटने लगे। अभी तक ये काम केवल बीजेपी और संघियों के द्वारा संचालित किया जा रहा था। अच्छा किया आपने आपके दोस्तों पर लोड कम होगा,benign,0
807,"रांची बीजेपी नेता सफीक अंसारी के साथ मारपीट  दर्ज, फुलिस ने आरोपी को किया गिरफ्तार",benign,0
808,चपुलुसी तो आजकल मीडिया से लेकर बीजेपी के सारे नेता फेकु की कर रहे है,benign,0
809,बीजेपी के भरस्टाचार का,benign,0
810,बीजेपी की जी हजुरी करके पद पर भी तो बने रहना है चैयरमेन साहब को,benign,0
811,"कांग्रेस ने कसा बीजेपी पर तंज, बताया बीफ जनता पार्टी",benign,0
812,कोंग्रेस को अब क्षेत्र कम करना अनिवार्य हो गया हे । अन्यथा बीजेपी मस्ती से आने वाले चुनाव मे  कमल ले जायेगी ।और पटवारी जी के पास सिर्फ कीचड़ बचेगा ।,benign,0
813,"के सहयोगियों को  की चिन्ता सताने लगी है। शिवसेना साथ छोड़ चुकी है, चंद्रबाबू नायडू भी बस छोड़ने ही वाले हैं। कई अन्य दल भी बीजेपी से दुरी बना रहे है  अब हिंदू भी साथ छोड़ दे,उसके पहले सम्भल जाओ सुधर जाओ।उस रास्ते पर लौट आओ जिस पर चलकर सल्तनत हासिल हुई है",benign,0
814,"बदायूं भाजपा जिला अध्यक्ष हरीश शाक्य पर विघुत विभाग के एक्सईएन, जेई से मारपीट और ऑफिस में तोड़फोड़ के मामले में पुलिस ने बीजेपी जिला अध्यक्ष को क्लीन चिट दी है।",benign,0
815,लोगों को बेवकूफ बनाकर दिल्ली पर काबिज हो गए काम हो नहीं रहा अब ठीकरा बी जे पी के सर फोड़ोकाम करते थे इसलिए  में जीते आपकी सरकार होने के बावजूदकाम करिये जनता आप लोगों जितनी बेवकूफ नहींकाम नहीं करोगे जनता अपने आप उत्तर देगी उनको भी आपको भी,benign,0
816,"आप कांग्रेस बिजेपी की दिवार पर सर मारो, खुशफहमी वही पर मिलती है।",benign,0
817,"अरे यार तुम बकवास क्यों कर रहे हो, झूठ क्यों फेल रहे हो,अब भरोसा नहीं रहा तुम पर, गुजरात में दावे से कहा था बीजेपी हार रही हे पर उल्टा हुआ।  हजार करोड़ का फिगर कहा से ले आये।",benign,0
818,"क्या हरियाणा के सीएम अपने संवैधानिक जिम्मेवारी के विरुद्ध नहीं कार्य कर रहे हैं,अगर हां तो क्या राष्ट्रपति उन्हें पड़ से बर्खास्त करगें या फिर बीजेपी से होने के करण उनका हर गुनाह माफ है",benign,0
819,"कुर्मांचल परिषद द्वारा गहरा शोक व्यक्त उत्तराखंड बीजेपी मुख्यालय देहरादुन में  जहर खाने वाले  प्रकाश पांडेय ट्रांसपोर्टर की अस्पताल में मृत्यु हो जाने पर कुर्मांचल परिषद गहरा दुख     चंद्रशेखर जोशी केंद्रीय महासचिव एव समस्त कुर्मांचल परिषद, देहरादून",benign,0
820,तुम जैसे दल्लो के वजह से ही बीजेपी को नुकसान हुआ है,benign,0
821,"ये देखिए, योगी जी और बीजेपी के  फेसबुक लाइव पर खुलेआम मुस्लिमों को धमका रहें हैं, क्या ऐसे लोगों को  बने रहने का अधिकार है मीडिया ऐसे न्यूज़ को नहीं दिखाती है",benign,0
822,बीजेपी अध्यक्ष अमित शाह ने  दिसंबर को कर्नाटक के सांसदोंविधायकों की बैठक बुलाई,benign,0
823,"सर कोई ठोस नीति शिक्षामित्रों के लिए बनवाने का प्रयास  करें  बीजेपी सरकारयामें शिक्षक पूरे होने पर ,सबको निकाल देगी",benign,0
824,दुःख की बात ये है की कासगंज में मारा गया चंदन गुप्ता बीजेपी का संघर्षशील कार्यकर्ता था और कोई भी नेता उसके घर मिलने तक नही गया,benign,0
825,आप का अगला आंदोलन कांग्रेस शासन में होगा बी जे पी के शासन में तो कर नही सकते ।,benign,0
826,शिक्षामित्रो से किया वायदा निभाए बीजेपी  आपने घोषणा पत्र में वायदा किया था,benign,0
827,"हजार में गीता बेचकर कंश की भूमिका निभाई है खट्टर ने, बीजेपी ने पहले राम को बेचा अब कृष्ण की गीता बेच रहे है",benign,0
828,अब ये अफवाह कोण फैला रहा है  गुजरात में बीजेपी उन्ही सीटों पर हारी है जहां पर राहुल गांधी ने रैलियाँ नहीं की            जय हिन्द जय भारत जय श्रीराम,benign,0
829,"अशोक गहलोत भले ही बीजेपी जीते, बाजी तो कांग्रेस के ही नाम रहेगी",benign,0
830,"बीजेपी का मतलब  भारत जलाओ पार्टी, अब बीजेपी देश को जलाये अथवा बरबाद करे, अब योगी जी जैसी आत्मा",benign,0
831,"बीजेपी के शत्रु पर गिरी  की गाज, गिराया बंगले का अवैध हिस्सा",benign,0
832,पंडित जी चाहे आपकी सरकार हो चाहे कांग्रेस की सब के सब अब चुनाव विकास के मुद्दे पर नहीं लड़ना चाहती क्योंकि विकास से बीजेपी और कांग्रेस का लेना देना नहीं है पहले आप यूपी में देख लो कितना विकास कर रहे हो,benign,0
833,कमल हासन की विचारधारा द्रविड़ राजनीति से मेल खाती है लेकिन रजनीकांत का झुकाव बीजेपी की ओर है,benign,0
834,न काला धन मिला  न  स्कैम हुआ  न वाड्रा अंदर गया  तो क्या लोगों ने बीजेपी को वोट सिर्फ आधार को सिम से लिंक,benign,0
835,"बीजेपी का नेता टी राजा कह रहा है कि कासगंज में मुस्लिम घरों की तलाशी ली जाये तो हर घर से निकलेगी ,  ये मेरा दावा है कि तुम तलाशी लो, और इन्शा अल्लाह हर घर से हथियार नही क़ुरआन निकलेगा",benign,0
836,"स्टूडेंट्स ने बीजेपी को वोट नहीं देने की ली शपथ,  अब युवा हार गया है बेरोजगारी से । अब पूरे भारत मे युवा एक होकर शपथ ले  रहा है ।",benign,0
837,सब कुछ बीजेपी करा रही है तो आप लोग घुइयां छीलने के लिए  विधायक लिए बैठे हो,benign,0
838,जिस तरां से बीजेपी वाले योजनाओं के नाम बदल रहे हैं उससे लगता है एक दिन बीजेपी वाले अपने पिता का नाम भी बदल लेंगे,benign,0
839,"मणिशंकर जी के बयान से बिजेपी को  बहुत बड़ा फायदा हुआ,        मैं आशा करता हूँ की मणिशंकर जी,   आप अपना बयान आगामी चुनाओ मैं भी बरकरार रखे ,  जय श्री राम,",benign,0
840,बीजेपी के परम मित्र शत्रु जी आप अभी तक बीजेपी में हैं यानि आप कांगियों को फीलर्स भेजते रहते हैं और वहां से कोई रेस्पाँस नहीं आता   ये क्या हाल बना रखा है,benign,0
841,शर्म आनी चाहिए बीजेपी को  जजों का वेतन इसलिए बढ़ाया  ताकि अब अपना बढ़ा सकें,benign,0
842,बीजेपी वालो के सभी काम  से ही सुरु होते है तब तक जनता घंटा बजाये,benign,0
843,बीजेपी से सम्बन्ध रखने वाले ने किया आप हरियाणा का ट्विटर एकाउंट हैक,benign,0
844,हिमाचल में नई पार्टी का आगाज बीजेपी,benign,0
845,बीजेपी की शानदार जीत हासिल करने पर तह दिल से हार्दिक बधाई,benign,0
846,"लोल, बीजेपी के मार्गदर्शक मंडल में देखो, एक है वहां बहुत पहले से ।",benign,0
847,बीजेपी उम्मीदवार ने धर्म के नाम पर जनता को बांटा है । चुनाव आयोग के पास मौका है अपने अस्तित्व को सिद्ध करने का  जसवंत यादव को डिसक्वालिफाई किया जाना चाहिए। वोट,benign,0
848,बीजेपी और संघ से तो कोई बोला भी नही। लगता है सुलगी आपकी है,benign,0
849,ब्राम्हण विरोधीहिन्दू विरोधीमुल्ला प्रेमीआरक्षण प्रेमी हैपूरी बीजेपी,benign,0
850,राजस्थान में बीजेपी नहीं हिंदू हारा है।  जो समझ गये वो खिलाडी जो समझे नहीं वो हिन्दू अनाड़ी है ओर अगला कन्वर्ट होने वाला खिलाड़ी हैं।,benign,0
851,आपकी  सरकार की नीतियाँ दो कौड़ी की हैं सिर्फ जुमलेबाजी करते हो तो आप लोग। जनता के अच्छे दिन नही आ रहे हैं लेकिन बीजेपी वालों के आ गये सिर्फ गाय गोबर तक राजनीति सिमित है आप लोगों कि  में वोट मांगने मत आना अब मुझे ब्लाक कर देना जैसे पहले किया था,benign,0
852,राज जनता ने  पर भरोसा कर बीजेपी के झोली में अभूतपूर्व जीत डाली और आपने अपने शासन काल में मोदीजी के सारे अरमानों का सत्यानाश कर दिया। आज प्रदेश की जनता आपको बिल्कुल पसंद नहीं करती और अगले चुनाव में आपको सबक सिखाने को ठान चुकी है।   वसुंधरा हटाओ  बीजेपी बचाओ,benign,0
853,शहरों में बीजेपी बहुत ही मजबूत हैसिर्फ गांवोमे ध्यान देना जरूरी हैवही पर काँग्रेस सेंध लगा सकती है रिफार्म के साथ किसानों के लिए नजर आने वाले काम होने चाहिएजो स्पष्ट दिखे जमीन पर,benign,0
854,बीजेपी हर इलेक्शन जीत रहा है। सेंसेक्स नए उचाईयो पर हैं। विदेश मंत्रालय सही काम कर रहा हैं। सारा विपक्ष एक साथ औंधे मुह गिरा हुआ हैं। सही में देश बदल रहा है।।,benign,0
855,बीजेपी नामक गंगा से अब कांग्रेस वाले भी सब अच्छे होने ही लगे हैं  स्पेक्ट्रम दाग तो उनका दिल मिल गया बाकी भी धूल ही जाएंगे,benign,0
856,प्रधानमंत्री बीजेपी में से करें विभाजन और जुमलों की संस्कृति से मुक्त कांग्रेस,benign,0
857,"बौखलाई बीजेपी और आरएसएस, भीमा कोरेगांव की संघ और भाजपा के चहरे से  फर्जी दलित प्रेम मुखोटा उतरा                ब्लॉग दलित गौरव की बात सवर्ण हिंदुओं के लिए तकलीफ़देह क्यों",benign,0
858,बीजेपी का नया नारा  बीजेपी का नया अवतार। सेक्युलर सरकार। सेक्युलर सरकार।,benign,0
859,वाह बीजेपीउदितराज ने मनुस्मृति जलायी और मौन होके देख रहे हो ।तुमारे एक सांसद में औकात हो कुरान जला के देखो पूरे बीजेपी नेताओ का पिछवाड़ा न लाल के दे तो कहना। मोदी जी सुन रहे हो का । वैसे भी सबसे सस्ता धर्म हिंदू है आप बेचते भी हो जलाते भी।,benign,0
860,वैसे बाकि सब सही है पर ये करणी सेना वालों का शौर्य बीजेपी वाले राज्यों में क्यों उफान मार रहा है बाकि जगह स्वराज फट रहा है या वहाँ भावनाएं पत्थर की हैं आहत नहीं होती।,benign,0
861,हिमाचल प्रदेश में जीत के बाद बीजेपी कार्यकर्ताओं का दलितों पर हमला,benign,0
862,बीजेपी नही तेरी चिंता कर,benign,0
863,"क्या बीजेपी का प्रदर्शन गुजरात में असंतुष्ट रहा,  अपना जवाब हमे यहां वोट करें",benign,0
864,विनाश ही बीजेपी का आधार है क्योंकि  हिन्दू मुस्लिमों की एकता का विनाश देश की अखण्डता का विनाश भाईचारा का विनाश शान्ति का विनाश,benign,0
865,वह रोजगार भी बीजेपी ने नही दिया हैं। पकोड़े बेचने वाले पहले भी पकोड़े ही बेचते थे। अब भी बेचते हैं। सर्दी और बरसात में यह धंधा जोर पकड़ता है। गर्मी के दिनो मे ज्यूस बेचना पड़ता है। पकोड़े नही चलते।,benign,0
866,कुछ तो शर्म करो शिवराज बीजेपी सरकार,benign,0
867,वंदे मातरम बीजेपी में किसको आता है,benign,0
868,भाई गुजराती हिसाब के है बड़े पक्के  १५१ सीटों का लक्ष्य था बीजेपी का २८ प्रतिशत जीएसटी काटने के बाद ही सीट दी है लगालो हिसाब,benign,0
869,बी॰जे॰पी॰ भक्तों के लिए बवासीर की तरह है दर्द तो है मगर किसी को दिखा या बता नहीं सकते,benign,0
870,सवाल संबित पात्रा से है कि जिस प्रकार कांग्रेस ने आखिरी बजट में असंभव और मुश्किल घोषणाए की थी यह जानते हुए कि वह सत्ता में नहीं आयेगी। यहीं काम तो बीजेपी ने नहीं किया है,benign,0
871,"आज कांग्रेस और बीजेपी में होगी आरपार की जंग, मनमोहन ने मोदी के खिलाफ उठाया ये बड़ा कदम",benign,0
872,गंजे के नाखून नहीं होगा वह खुजुलाएगा क्या  बीजेपी की पार्टी मे किसी नेता का कोई अस्तित्व नहीं है चाहे अडवानी अटल मोदी या योगीजी हो सबके सब  के हाथों कठपुतलियाँ है  वंशवाद क्या  चलेगा,benign,0
873,कितना लूटोगे योगी महाराजइतनी इनकम न बढ़ी हैकिराये में  तक की वृद्धि तभी ये बस खाली चल रही हैंहर बार गलती हो जाती है बीजेपी को लाकरबहूत अच्छा न कर दिया कुछ  साल मेंअभी  साल और भुगतना है जो पैसे ले लेते वो वापस न आते,benign,0
874,सब कुछ बीजेपी कर रही है तो घुइयां छीलने के लिए  विधायक लिए बैठे हो,benign,0
875,"हमारी सरकार भी आजकल हमारे साथ ऐसे पेश आ रही है  जैसे गठबंधन वाली सरकारें हुआ करती थी  पूर्ण बहुमत का कुछ मतलब समझ में नहीं आ रहा है हिन्दुस्तान के  राज्यों में बीजेपी, केन्द्र में बीजेपी,फिर भी",benign,0
876,काग्रेस के शासन मे चाय बेचने वाला प्रधानमंत्री बन गया बि जे पी के शासन मे इजिनीयर पढने वाला चाय पकौरे कि दुकान खोल ने कि ईसथीती मे आ गया हैं।                    सरोज,benign,0
877,कभी कुछ पढ़ लिख लिया कीजिये या सिर्फ अब एक ही काम बचा है बीजेपी विरोध करना ही बचा है,benign,0
878,गुजरात का  उसे बनाया जाए जो रुठे हुए लोगों को  तक वापस ले आए किसी पर यूं ही मेहरबानी करना ठीक नहीं होगा गुजरातियों ने कांग्रेस को तो हरा दिया लेकिन बीजेपी को भी डरा दिया,benign,0
879,वाह बीजेपी,benign,0
880,"बीजेपी तो फिर सत्य की मूरत है , दुध की धुली माफ़ी नही न मांग सकती",benign,0
881,बेरी में इनेलो पार्टी के कार्यकर्ताओं द्वारा के प्रदेश में बढ़ती बलात्कार की घटनाओं और सरकार की नाकामी को लेकर बीजेपी सरकार के खिलाफ हर्बल पार्क से बाज़ार से होते हुए शिव चौक तक प्रदर्शन करते हुए मुख्यमंत्री मनोहर लाल खट्टर का पुतला फूंका।,benign,0
882,बीजेपी की सरकार ने बिजली की ऐसी दुर्दशा करदी की जनता बिजली आने पर आज भी शोर मचाती है की लाईट आगई  लाईट आगई,benign,0
883,इस बीच  का कहना है कि ये सब बीजेपी की साजिश है उन्होंने ज्यादा कुर्सियां रखवा दी,benign,0
884,बीजेपी के   सुधर जाओ लोग मोदी जी को देखकर वोट देते हैं  आप लोगों की वजह से मोदी जी जैसा प्रधानमंत्री हमे खोना पड सकता है जय श्री राम,benign,0
885,क्या हुआ शरद जी पिछले  माह से बीजेपी ने खूब भर्ती की है यूपी में इसके लिए आप लोग बधाई के पात्र है। आज तक कोई सरकार ऐसे काम रोजगार के क्षेत्र में नही कर पायी है।  अच्छा फसा दिए हो।  आ गयी और पुरानी पूरी न हुई। युवाओँ का शोषण,benign,0
886,बीजेपी के लोगों ईता जोड़ से नाचू आज दिल   होगाया,benign,0
887,बात तो कोई जरूर है पर आपका कहना उचित नही है की बीजेपी या संघियो को कोई परेशानी है ।यह हमारे  देश का मामला है इसमें हम सभी देश की हित में सोचना चाहिए न की किसी पक्ष की बुराई या किसी को खुशिया मनानी चाहिए,benign,0
888,बीजेपी को विश्वास  नही था कि हमारे सभी मंत्री हार जायेगे वरना ईवीएम से बात कर जितवा लेते । लोकतंत्र खतरे मे है ।जनता सब समझ चुकी है इसका जबाब  मे देगी जनता।,benign,0
889,"आरोपों की जांच बीजेपी के शासन में किसने की दरअसल ये मामला  टाइप का है। घोटाला हुआ, ये तो तभी साबित हो गया था, जब सुप्रीम कोर्ट ने १२२ लाइसेंस कैंसिल किए थे। बस, गुनहगार कोई नहीं है।",benign,0
890,बीजेपी खेमा में जाइए ईमानदारी की प्रमाणपत्र पाइए|वहाँ देश भक्तोंऔर ईमानदारों के लिए प्रमाणपत्र उपलब्ध है|जय मूलनिवासी जय भीम जय भारत,benign,0
891,भाई इनका विकास मुसलमान ही कर सकते हैं अपने और बीजेपी के बस का नहीं है  ।,benign,0
892,नोट वन्दी के बाद तो मोदी  जी की टीम ऐसे बोल रही थी जैसे कि अब तो बीजेपी ने सारे आतंकवादी खत्म कर दिये हों,benign,0
893,"सियासत का  ये बिसात मे आखिर । अवाम को एहसास करा गये आखिर ।।  रिटायरमेन्ट के चार पॉच दिन  पहले । बीजेपी नवाज थे, बता गये आखिर ।।                    सैफ",benign,0
894,में बीजेपी से सवाल पूछ रहा हूं कि आप ने माध्य्म लोग को क्या दिया है और नवजवानों को  सालों में कितनी नौकरी में है मोदी जी आप लोग  बहुत बुरी तरह हार हो में जबतक जिऊँगा तबतक में वोट नही दूंगा और ना ही मेरे घरवाले देगें और ना गाँव वाले आप को देगें,benign,0
895,"बीजेपी के दिवंगत वरिष्ठ नेता डीडी उपाध्याय,श्यामा प्रसाद मुखर्जी ने अंग्रेजों के खिलाफ कोई आवाज नहीं उठाया तो  उनके नाम का मोहल्ला क्यो",benign,0
896,भाइयो और बहनों । देश को बचाना है तो बीजेपी को सत्ता में वापस लाना है । बीजेपी को वोट देवे देश को बिकने से बचावे । । । । । । । । । ।  धन्यवास,benign,0
897,"हर हर महादेव परम् आदरणीय  जी,  जी, आपको व समस्त बीजेपी कार्यकर्ताओं को गुजरात एवं हिमाचल राज्य मे  इस अभुतपूर्व जीत पर अनेकअनेक बधाई।",benign,0
898,भाजपा नेता उदित राज ने रामलीला मैदान में मनुस्मृति जलाई पर ट्विटर पर इतना सन्नाटा क्यों है भाई  इसलिए कि वो भाजपा नेता है यानी अब बीजेपी धर्म से बढ़कर हो गई  उसके नेता विरोध के नाम पर जो मर्जी धर्म का मजाक उड़ाए ।,benign,0
899,"बीजेपी के इस नेता के घर पर चला  का बुल्डोज़र,आवास का एक हिस्सा गिराया गया",benign,0
900,"मेरे मुल्क की दो खूबसूरत तस्वीरे,मगर अफसोस किसी भी दिहाड़ी वाले चैनल या अखबार या बीजेपी आईटी सेल के मजूदरों में इसकी चर्चा नहीं होगी",benign,0
901,"हर कोई मुसलमानों का मसीहा बनना चाहता है आखिर हिन्दू तो जाएंगे ही कहाँ। अब तो हिन्दुओं की तथाकथित पार्टी बीजेपी भी इस होड़ में पीछे नहीं रहना चाहती हालाँकि सोंचसमझकर आगे बढ़ती है, हिंदुओं को भी तो बेवकूफ बनाना है, मोटा वोट बैंक तो इन्हीं के पास है।",benign,0
902,टू जी स्प्रेक्ट्रम घोटाला फैसला मोदी जी का भ्रस्टाचार मुक्त भारत  पीएम मोदी जी का जुमला याद आया  न खाऊंगा ऒर न खाने दूंगा  लगता है कि खेल कर्नाटक राज्य में मजबूती का है तो बीजेपी का मिशन कर्नाटक होगा तेज,benign,0
903,ये बीजेपी से कुछ नही होता । ना ये    का दर्जा हटाएंगे । ना ये कश्मीरी पंडित को बसाएंगे  ना ये रेलवे की   करेंगे।   तो दूर ये तो नपुंसक  की तरह काम कर रही है,benign,0
904,बीजेपी के जीत से ज्यादा कांग्रेस के हार के चर्चे है,benign,0
905,भाई अल्का लाम्बा की कोई गलती नहीं है चम्मच गिरी करना उसकी मजबूरी भी हो सकती है नहीं तो इसे अब बीजेपी वाले भी नहीं लेने वाले उनकी कचरे की टोकरी पहले ही भर चुकी है,benign,0
906,"टूजी घोटाले पर कांग्रेस का काउंटर अटैक, संसद में बीजेपी को घेरा  नवयुग संदेश",benign,0
907,मुजफरनगर दंगा हुआ  की तैयारी हो गई थी  कासगंज दंगा  तैयारी है कब समझोगे भाइयों बीजेपी  को कोई मतलब नही,benign,0
908,अंगूर खट्टे हैं  कालिए जरा अपनी सीटे तो बता कितनी आई अबकी बार दिल्ली में भी बीजेपी आएगी,benign,0
909,शत्रुघन सिन्हा तब से बीजेपी में है जब इस पार्टी का कोई अस्तित्व नही था ।फिर तोगड़िया कौन सा पाप किया,benign,0
910,बीजेपी हटाओ कांग्रेस लाओ,benign,0
911,अशोक परनामी को राजस्थान बीजेपी अध्यक्ष पद से इस्तीफा देना चाहिए तथा हार की जिम्मेदारी अपने ऊपर लेनी होगी।,benign,0
912,"उम्मीद है पाकिस्तान को दी हुई  का दर्जा वापस लेकर और इंडस वाटर ट्रीटी तोड़कर आप अपना वादा पूरा करेंगे तथा पाकिस्तान को सबक सिखाएंगे, नही तो  को बीजेपी को वोट नही दूंगा",benign,0
913,"राहुल गाँधी बहुत चालाक हैं जबसे उन्हें पता चला है कि सत्ता जहर है,  वे सारा जहर बीजेपी को पिला देते हैं और",benign,0
914,आज हम बीजेपी वालों से राहुल और चंदन  की मौत पर प्रतिक्रिय सुनना चाहते हैं ये कुत्ता युद्ध नहीं हमें एक बार ठगा जा सकता है पर हम बेवकूफ नहीं,benign,0
915,पिद्दी लोग तो बस इसी में खुश हुए जा रहे हैं कि बीजेपी को थोड़ी कम सीटें आईं,benign,0
916,कुर्मांचल परिषद द्वारा गहरा शोक व्यक्त   उत्तराखंड बीजेपी मुख्यालय देहरादुन में कैबिनेट मंत्री के जनता दरबार मे,benign,0
917,अब अगला चुनाव किस मुद्दे पर लड़ेगी बीजेपी सरकार सारे जुमले तो खर्च हो गये गुजरात में  लगता है साहब विदेश यात्रा करके आयेंगे जुमला नया लाएंगे,benign,0
918,शर्मनाक जिस कार्यक्रम में प्रकाश राज पहुंचे उस मंच का बीजेपी युवा मोर्चा ने कराया शुद्धीकरण,benign,0
919,हां यह मीटिंग लेना सही है क्योंकि उत्तर प्रदेश में योगी सरकार बहुत जबरदस्त प्रदर्शन कर रही है इसी कारण से बिहार के मुख्यमंत्री को भी कुछ ऐसा ही काम करना पड़ेगा जय बीजेपी सरकार  जिंदाबाद,benign,0
920,महिला सम्मान और बीजेपी कभी नही आज भी अबसे अधिक अत्याचार बीजेपी शाषित राज्यो में महिलाओं पर क्यों हो रहे है रोको इनको मन की बात करने का समय है काम करने का नही,benign,0
921,मैं नहीं कांग्रेस को सपोर्ट करता हूं नहीं बीजेपी को लेकिन थोड़ा बहुत मोदी जी से भी उम्मीद थी अब वह भी खत्म होती जा रही है  क्योंकि उनके मंत्री और उनके पार्टी में छिपे गद्दारों का सच सामने आते जा रहा है,benign,0
922,"आप  तक इंतजार करिये  ,बीजेपी ने अपना चुनाव प्रचार आरम्भ भी कर दिया है",benign,0
923,इसी बाबा ने कहा था कि बीजेपी सत्ता में आएगी तो इनकम टैक्स पूरी तरह से बंद हो जाएगा अब यह  के लिए वह भाषा इस्तेमाल क्यों नहीं करता जो कांग्रेस के लिए करता था,benign,0
924,सिर्फ और सिर्फ बी जे पी को लाना है हार्दिक जिग्नेश जैसे लोगो सेदेश को जाती पाती जैसी अग्नि में झोंकने से बचाना है।,benign,0
925,मोदी ने खूद की सिरक्त विराट कोहली के रिसेप्शन समारोह में और वही बीजेपी के एक नेता ने विराट को देशद्रोही बातया ये,benign,0
926,कांग्रेस को जनता  साल तक इस लिए चुन रही थी क्यों की जनता बीजेपी को  सालो के लिए चुन कर देख ली   देश को बचाना है               तो कांग्रेस को लाना है,benign,0
927,बिल्कुल सही बात है सर मे राजस्थान से ही हु बीजेपी हाईकमान को इस विषय मे जरूर श्घंयान लेना चाहिए राजस्थान की जनता को महारानी का नेतृत्व मंजूर नही है ओर यही हाल रहा तो जनता का फैसला देखले   टाइटल,benign,0
928,"हमारे राजस्थान मे भी महारानी ने हिंदुओ की हालत खराब कर रखी है ये बीजेपी वाले दोगले लोग है , इनको सबक सिखाना है इस बार , हमारे यहा तो महारानी की वजह से बीजेपी सीट नही जीत पायेगी",benign,0
929,धन्य है रजत शर्मा तेरे चैनल के रिपोर्टर काला झंडा दिखा रहे बीजेपी वाले राहुल गांधी को और तुम बीजेपी वालों की रिपोर्टिंग दिखा रहे हो धन्य हो तेरी जी हुजूरी को,benign,0
930,जयमाता दी बहुत ही सुन्दर बलराम पुर जिले मे बी  जे पी टी रो सीट हार गयी  ज़िला अध्यक्ष या कारकारणी के उपर कयाे कार वाही नही की गयी श्रम की बात चारो सीट मुश्लीम ने जीती है इसके ज़िम्मे दा व भी है २०१९ को ध्यान मे रक्खे,benign,0
931,"सूरत के कारोबारी परिवारों की मांग है कि नयी सरकार जीएसटी का सरलीकरण करें, जनता मान रही है सूरत ने बीजेपी को बचायाग्रामीण एरिया में इसका नियोजन किया जाय कीच कैम्पिअंग किया जाए जिससे गाओं में लोग समज सके की क्या है",benign,0
932,बीजेपी का यु टर्न,benign,0
933,झूठों को भगवान ज़रूर नंगा करेगा । हिंदुत्व को बदनाम करने वालों तुम्हारे बुरे दिन शुरू हो चुके हैं ।। बीजेपी वालों अब तुम्हारी चडढी बची है ज़रा भी शर्म हो तो वही बचा लो ।।।,benign,0
934,"कांग्रेस का दूसरा पहलू ये है कि ये अपने राजनीतिक विरोधी को दोस्त बनके खत्म करती है,चारा चोर    को तो जेल भेजकर एक  को हटा दिया अब बिहार में  दल रह गए है,जदयू और बीजेपी के इस गठबंधन के विरुद्ध अकेली कांग्रेस रह गई,जय हिंद",benign,0
935,रिजर्वेशन ख़त्म करनी चाहिए और बीजेपी उसको बड़ा रही है। ऐसी उम्मीद न थी,benign,0
936,कांग्रेस के लिए बी जे पी वाले लगाते वो सुमित जी को न दिखते है और न ही इनको देखने की अनुमति है शायद,benign,0
937,स्वदेशी बाबा अब आंदोलन क्यों नही करते  या फिर बीजेपी के संरक्षण में अपना कथित स्वदेशी सड़ा माल देश को बेंच रहे हैं।,benign,0
938,अधिक अंक वालो को नियुक्ति दो नहीं तो पूरे प्रदेश में बीजेपी का सूपड़ा साफ करेंगेबहुत उल्लू बन गए मोदी मोदी के नारे लगा के,benign,0
939,करण सिंह तंवर और बीजेपी सदस्य बी एस भाटी के बीच  कौंसिल,benign,0
940,बीजेपी शासन का मतलब जनता के साथ सिर्फ धोखा,benign,0
941,"कौन बनेगा गुजरात का सीएम, आज हो रही है बीजेपी विधायक दल की मीटिंग",benign,0
942,"व्यक्ति विशेष नही , बीजेपी चाहिए ।  जय श्री राम",benign,0
943,"सर, कांग्रेस इतनी ही सजग होती तो इतनी पीछे न होती,  सभी मामलो में आगे रहती हैं, उनमे जोश दिखाई देता हैंराजस्थान की बीजेपी को छोड़कर, तभी तो कहाँ पहुच गई ।।",benign,0
944,सर कोई जॉब बीजेपी सरकार में नहींमिल रही है,benign,0
945,आप पत्रकार है या बीजेपी के चमचे,benign,0
946,तभीतो जनता ने इनको इनकी ओकात दिखा दी।श्रीकांत जी  मे कांग्रेस मुक्त भारत को होने से कोई रोक नही सकता ।करें कितना साजिस करते हैं बी जे पी के साथ।,benign,0
947,हरियाणा मे तो खट्टर सरकारबीजेपी है।सुशासन का ढिंढोरा पिटने वाले भाजपाइयों के शासन मे ये अनहोनी कैसे हो रही है।कहीं दूसरे के सत्ता को जंगलराज कहने वाले खुद तो महाजंगल राज बनाने मे नही जुटा है।,benign,0
948,ग्रहण लग गया आखिर वार   चला नही बीजेपी का,benign,0
949,साहब सीधा ही लिख देते उनके बहनोई के मौकापरस्त पिता जो काँग्रेस छोड़ कर गए थे बीजेपी के टिकट पर चुनाव जीत गए,benign,0
950,महबूबा का हाथ पाकिस्तान के साथ नहीं  बीजेपी का हाथ महबूबा के साथ और महबूबा का साथ पाकिस्तान के साथ ऐसा लिखो अपने सरदारों से इतना डर क्यों रहे हो भत्ता नहीं बंद होगा पत्रकार हो   हजारों महीना कमाते हो टेंशन काहे ले रहे हो बे फिकर बोलो,benign,0
951,"सर इतना मत गुस्साईए नरेश अग्रवाल पर,कल बीजेपी में चला गया तो आप ही बचाव करेंगे उसका",benign,0
952,"दोपहर विशेषः फुस्स हुआ  जी, बैकफुट पर बीजेपी",benign,0
953,मुझे अपार पीड़ा हो रही है कासगंज की घटना को घटित हुए  दिन हो गए  लेकिन विपक्ष को छोड़ो बीजेपी के  सांसद  विधायको में से कोई भी चन्दन के परिवार को सांत्वना तक देने नहीं गया  धिक्कार है,benign,0
954,मेने राजसथान सरकार से क ई बार गुजारीस की मेरा कोई काम नही हुआ मेने सरकारी बेक से लोन मागीथी मे चार रूपीया बीयाज भरकर मे करजदार हु मेरी दूकान बी बदपडी हे आप की सरकार गरीबोकी नही सुनती मेने सोबार बीजेपी सरकार से लीखर मे मरनेजेसा हु कोई नही सुनता,benign,0
955,बीजेपी का एक ही सपना मिट जाए भारत अपना।,benign,0
956,लगता है गुजरात चुनाव में  इसबार बीजेपी की जितनी सीट आयी उसमे जनता ने  परसेंट  काट ली,benign,0
957,"क्या जिस तरह योगी सरकार और मोदी सरकार युवाओ का शोषण कर रही है,और अधिनस्त आयोग ११००० पुरानी भर्ती प्रक्रिया रोक कर बैठी है,क्या उस तरह बीजेपी  मे आयेगी की जायेगी,",benign,0
958,राजस्थान में बी जे पी की करारी हार के बाद  राहुल गांधी कब ले रहे पी एम पद की शपथ  कोई चाटुकार बताएगा,benign,0
959,जेटलीजी हमें ये समजा रहे है कि कांग्रेस के माथे से भ्रष्टाचारी का लेबल हटना नहीं चाहिए और बीजेपी पर  घोटाले का लेबल लगना नहीं,benign,0
960,श्रीमान ठेका भी बीजेपी बंद करावेगी,benign,0
961,गुजरात में बीजेपी कई सीट नोटा की वजह से हारी। कहीं ऐसा ही  में भी न हो जाए,benign,0
962,हमारी भूल कमल का फूल   संविदा विरोधी बीजेपी मामा जी वोट सविंदा कर्मचारी भी डालते है,benign,0
963,"राहुल गांधी पर बीजेपी का पलटवार, नफरत और घृणा की राजनीति कर रहे हैं राहुल",benign,0
964,गुजरात में बीजेपी सरकार के गृहमंत्री हरेन पंडिया हत्या के मामले में उसकी पत्नी बीजेपी सामने मोर्चा खोला था। बाद में बीजेपी में शामिल होग ई।  लोया का मामला बिल्कुल वैसा ही है।,benign,0
965,मिडिया कितना बिकाऊ हैं।  सालों ने  के निकाय चुनाव को कितना दिखाया और पंजाब के निकाय चुनाव को नहीं। क्योंकि वहॉ बीजेपी हारी।,benign,0
966,बीजेपी ने भी कोंग्रेस की तरह दिल्ली की झोली में कुछ नहीं डाला,benign,0
967,इटली में शादी करने वाले विराट कोहली राष्ट्रभक्त नहीं हो सकते बीजेपी विधायक,benign,0
968,"आप लोग अपने दिमाग का सही चेक अप करवाएं। पता नही कौन से प्रजाति के पागल हैं, कोई इलाज ही नहीं है। हर बात के लिए बीजेपी ही जिम्मेदार है, आपकी कोई जवाबदेही बनती ही नही, बस बीजेपी बोल के निकल जाना है।",benign,0
969,पूर्व वित्त मंत्री पी चिदंबरम ने पीएम मोदी पर तंज़ कसा कि पकौड़े बेचना नौकरी है तो फिर भीख़ मांगना भी नाराज बीजेपी ने बताया गरीबों का अपमान,benign,0
970,बीजेपी का चुनाव चिन्ह कमल नहीं कमाल होना चाहिए। कमाल के करतब दिखता है।,benign,0
971,बीजेपी को हराने के लिए  सालो का हिसाब किताब लिख कर सुधार करना चाहिए नही तो आगे खाई पिछे कुआ,benign,0
972,कड़वा सच  सही कहा हमारे यहाँ के मुसलमान  खुद बीजेपी मोदी जी की तारीफ करते हैं   लेकिन जब पूंछो की वोट दोगे तो उनका चेहरा उतर जाता है,benign,0
973,"कांग्रेस की हार पर बीजेपी ने शेयर किया मौकामौका का ये मजेदार वीडियो, देखकर हो जाएंगे लोटपोट",benign,0
974,"हिमाचल प्रदेश में राज्यपाल आचार्य देवव्रत ने जयराम ठाकुर को पद और गोपनीयता की शपथ दिलाई। शपथग्रहण समारोह में प्रधानमंत्री नरेंद्र मोदी, बीजेपी अध्यक्ष अमित शाह समेत बीजेपी के कई वरिष्ठ नेता शामिल हुए।",benign,0
975,रावटसगंज सोनभद्र के तरफ से नगर मंत्री अखिलेश कश्यप बसंत पंचमी की हार्दिक शुभकामनाएं बीजेपी  यूपी सबको सादर प्रणाम,benign,0
976,बीजेपी ने नीतिश कुमार को दिया बड़ा तोहफा |,benign,0
977,ये तस्बीर आपके शाशन काल की है बीजेपी के शाशन की नहीं,benign,0
978,मंडी में सेराज से पांच बार के विधायक  को  दिसंबर को बीजेपी विधायक दल का नेता चुना गया था बीजेपी ने  सदस्यीय सदन में  सीटों पर जीत दर्ज की है और कैबिनेट में स्थान पाने के लिए वरिष्ठ नेताओं सहित कई दावेदार हैं,benign,0
979,मुजफ्फरनगर में युवती से छेड़छाड़ के बाद दो संप्रदायों के बीच हुए खूनी संघर्ष में जमकर लाठीडंडे और धारदार हथियार चले। बीजेपी सांसद कैलाश विजयवर्गीय बोले करणी सेना सबसे शक्तिशाली है। जी जी पता है राजस्थान और मध्यप्रदेश में चुनाव है।,benign,0
980,राजदीप सरदेशाइ तो कह रहे है बीजेपी हार गयी गुजरात मे,benign,0
981,"शत्रुघ्न सिन्हा के सामने ही उनके आठ मंजिला घर पर चले हथौड़े, अवैध ढांचा ढहाया गया     डाउनलोड करें   जब बीजेपी के खिलाफ जाओगे तो भुगतना ही पड़ेगा।",benign,0
982,कऱोड गरीब नही लगभग  करोड हुए  करोड़ परिवार में।  कऱोड से बीजेपी  कऱोड को   दे सकती है तो कीयू न  क्रोडसे पूरे संसार के  कऱोड को ही मुफ्त  देखे मोदी जी को हीरो बन दे,benign,0
983,पार्टी का नामकरण भी तो उसी तरह का है बी बहुत बङी जे  झूठी पी पार्टी यथा नाम तथा गुण,benign,0
984,रोहित सरदाना और स्वेता सिंह बिकाऊ पत्रकार हैं बीजेपी के दलाल है मोदी भक्त हैं   लालू यादव जलेवी की तरह सीधे कोयले के जितने सफेद   और चीन जेसे सच्चे पकिस्तान जेसे ईमानदार  है हद है दोगलेपन की इत्ति सस्ती चरस लाते कहा से हो बे,benign,0
985,आदरणीय शत्रुघ्न सिन्हा जी आप यह कहां भूल रहे हैं कि उमा भारती जी भी बीजेपी की हैं और बीजेपी वालों की आदत है जो कहते हैं वह करते नहीं हैं,benign,0
986,"बेवकूफ बनाने की हद होती है,जैसे बीजेपी बना रही है,बेवकूफ बनने की भी हद होती हैं जैसे भक्त बन रहे है।",benign,0
987,इंदिरा के समय  में से  राज्य थे। अब  में  राज्य है जिसमे से  राज्य में मिली जुली सरकार चल रही है।बीजेपी खुद की  है।,benign,0
988,"बीजेपी सरकार बनाने में कामयाब रही, ये रहे बीजेपी की जीत और कांग्रेस की हार के कारण",benign,0
989,क्यों आप को शर्म आती हैं ये बताने में बीजेपी सरकार की मध्य प्रदेश परिवहन विभाग की व्यवस्था।अगर यह बोलेंगे तो तुम्हारे अप्प बु ल,benign,0
990,ऑफिस ऑफ प्रॉफिट हरियाणा की बीजेपी सरकार के   की सदस्यता रद्द करने की मांग,benign,0
991,मोदी को शत्रुघन सिन्हा की बात पसंद नही आई। मुम्बई में बीजेपी सांसद शत्रुघ्न के आवास पर चला  का हथोड़ा,benign,0
992,मोदी चुनाव प्रचार में जादूगर लाने वाला था जादू तो गिनती के वक़्त हुए।  में बीजेपी के वोट कम मिले तो  बदल दिए।,benign,0
993,बीजेपी की हार से मोहतरमा को रात भर नींद नहीं आई।धड़कन बढ़ गई दिल की।तो आका के यहां गुहार करने लगी।,benign,0
994,"हिमाचल में बीजेपी की ताजपोशी ,सरकार बनाने पर बधाई,।",benign,0
995,"ने बीजेपी के लिये इस बार ऐसा रायता फैलाया हैं,कि अब आगे कुआ और पीछे खाई वालें हालात पैदा कर दिये हैं  के लिये",benign,0
996,"ये गारंटी, पब्लिक के लिए है या बीजेपी के लिए,",benign,0
997,"बीजेपी के प्रोग्राम में नाचीं बार गर्ल्स, यूं होती रही मंच पर नोटों की बारिश",benign,0
998,आप को बहुत पता ह ऐ सब बीजेपी आरएसएस ने किया नींद से जग जाओ ऐ सब  साल पहले जो बीज बोया कांग्रेस ने उसे का फल देश को मिल रहा हे।।।।,benign,0
999,"राजस्थान में कांग्रेस के हाथ से हिला बीजेपी का सिंहासन, वसुंधरा हारी या जनता जीती   इंडिया",benign,0
1000,बीजेपी आज राजस्थान में होने वाले उपचुनावों में हार रही है।कासगंज हिंसा साम्प्रदायिक भाजपा का नमूनाभर है।,benign,0
1001,"अमेठी में गांव वालों ने लगाए हर हर मोदी के नारे, गुस्साए राहुल बोलेबीजेपी में जाओ",benign,0
1002,बीजेपी नफरत की राजनीती करती है,benign,0
1003,"लगभग बीस साल का राज,  की  चुनावी आमसभायें, श्री अमित शाह की  आमसभायें, जिस प्रदेश का विकास मॉडल दिखाकार  बने, उसी प्रदेश में सिर्फ  सीटें| जनता ने बीजेपी के विकास मॉडल को नकार दिया और बता दिया कि जनता अब जाग रही है|",benign,0
1004,दलाल को तो दलाल ही कहा जाएगा मैडम राष्ट्रपति उपराष्ट्रपति और सभी संवैधानिक पदों पर बैठे हुए बीजेपी के दलाल ही तो है इस समय,benign,0
1005,राजस्थान में बीजेपी में हारी तो भक्तों ने वसुंधरा को दोष दिया और अगर राजस्थान में हुए उपचुनाव में बीजेपी जीत,benign,0
1006,"बौखलाई बीजेपी ,भाई क्यो इतनी बौखलाहट राहुलजी तो पप्पू है संबित पात्रा, रविशंकरप्रसाद क्यो पत्र परिषद ले रहे है बीजेपी तो राहुलगांधीजी को सीरियस नहीं लेती है। देश को मालूम हो गया है कि, जात पात के नाम पर भाजपा बाँट रही है।।",benign,0
1007,इसमें एक बात जोड़ना चाहूंगा अभी सदन में बीजेपी ने कहा है की जो बात सदन में नहीं कही हुई उसके लिए प्रधान सेवक माफी नहीं मांगेंगे लेकिन रेनकोट की बात तो उन्होंने सदन में ही कही थी तो क्या अब वह माफी मांगेंगे नहीं क्योंकि  इंच का सीना होना अलग बात है और उसमें कलेजा तो हो,benign,0
1008,रोड्वेज के कर्मचारियों को दीपावली का बोनस तो दिलाओ मेडम जी बी जे पी जिन्दाबाद,benign,0
1009,आज नहीं तो कल खुद को नहीं तो पत्नी को बद्जुवानी का इनाम मिलना पक्का है जिस प्रकार स्वाति सिंह की किस्मत खुलगई और एक साधारण गृहणी से  बनादी गई फिर पतली गली से पति की  भी हो गई  संविधान का अपमान बीजेपी की सोची समझी चाल है जभी तो देश का बुरा हाल है,benign,0
1010,बीजेपी की चापलूसी करने में रोज जबर्दस्त बेटिंग करते हो  पतिकारिता को किस लेवल तक ले जा रहे हो ऐसा कितना मिल गया है जो अपना जमीर अब तक बेच रखे हो कभी तो ईमानदारी दिखाओ   की तरह,benign,0
1011,बीजेपी कार्यकर्ता होने के लिए मिस्ड कॉल देना जरूरी है  कांग्रेस कार्यकर्ता होने के लिए वेरिफिकेशन होना जरूरी है   आवैसी कार्यकर्ता होने के लिए  पास होना जरूरी है  कार्यकर्ता होने के लिए मॉडर करना जरूरी है,benign,0
1012,बीजेपी के लीए पाक सिर्फ इलेकशन जीतने एक साधन है सरकार कुछ नही करेगी,benign,0
1013,माननीय मंत्री जी बीजेपी सरकार आयी थी भ्रष्टाचार खत्म करने के लिए क्या आत्मा कार्मिको के भविष्य पर विचार करे सर  महान कृपा होगी,benign,0
1014,"सत्ता चली गयी तो बौखलाहट साफ दिख रही है,राहुल जी विदेश में भी जाकर बीजेपी बीजेपी कर रहे हैं,",benign,0
1015,हिमाचल में मोदी लहर इतनी जबरदस्त है कि  का  कैंडिडेट ही बह गया    हिमाचल में बीजेपी वालों के हाल उस बरात की,benign,0
1016,गुजरात चुनाव का नतीजा बीजेपी के पछ मे  और   का नतीजा कांगेस के पछ में। कही ना कही यह कडी जुड रही है ।,benign,0
1017,"जी,  बीजेपीआरएसएस वाले लोग खानदानी गद्दार होते है  जब तक पूरा देश बर्बाद नही होता तब तक ये लोग किसी की नही सुनने बाले है   जब  रुपये रोजी से एक इन्सान का घर चल सकता है,  तो  लाख रुपये महिना क्यों होना इन फकीरों को",benign,0
1018,"बीजेपी सरकार आरएसएस के एजेंडे पर कार्य करते हुए आरक्षण की समाप्ति का कदम धीरे धीरे उठा रही है।      आज पुलिस भर्ती में फीस में छूट खत्म कर दिया गया।   ,,  के लोगों अब मंदिर बनवा लीजिये और भिखारी बनिये उसी के सामने।       जय श्री राम",benign,0
1019,नरेश अग्रवाल को बीजेपी ज्वाइन कर लेनी चाहिए फिर खुलकर बिरयानी भी मिलेगी और देशभक्त भी हो जाएंगे।,benign,0
1020,"बीजेपी को फिर डॉक्टर साहब पर भरोसा, रमन के चेहरे पर लड़ेगी चुनाव",benign,0
1021,"जिस तेजी से मोदी की साख गिर रही है उसे देख कर लगता है कॉग्रेस के  साल के सामने बीजेपी  साल टिक नही सकती यह है कम्पेरिजन,",benign,0
1022,बीजेपी कोर ग्रुप की बैठक  को सीएम हॉउस में,benign,0
1023,दिल्ली न्यूज बीजेपी सांसद के घर में लगी आग  यहाँ पढ़िए,benign,0
1024,सबक तो सिखाना जरूरी है जब सभी पार्टिया अपना वोट बैंक सम्हाल रही है तो बीजेपी को भी अपने वोट बैंक पे ध्यान देना चाहिए नही तो इससे बुरा हश्र होगा,benign,0
1025,एंकर के नाम पे धबबा है ।सिर्फ हिन्दू मुस्लिम का डिबेट दिखाकर देश का माहौल खराब कर रहा है। ऐसे चैनेल को सरकार को बंद कर देना चाहये लेकिन बीजेपी को फायदा पहुचना ही इस चैनेल का मकसद है,benign,0
1026,बहुत बहुत बधाई   अचिन मेहरोत्रा जिला महामंत्री बीजेपी,benign,0
1027,"लफंगों को मत बना के ही बीजेपी समर्थक मानेगे, गुजरात और और बिहार के रिस्पांस से यही लग रहा है",benign,0
1028,माननीय मंत्री जी बीजेपी सरकार भी अन्य सरकारों की तरह कार्य करेगी आत्मा कार्मिको का जो शोषण होरहा था क्या अब भी होगा सर भरस्टाचार खत्म करें,benign,0
1029,और जो नपुंशक लोग भासड दे रहे थे कि राजपुतो के बस का कुछ नही है उन्हें  राजस्थान के रिजल्ट का विश्लेषण करना चाहिए । बीजेपी को वापसी करने के लिये जरूरी है अपने लोगो का भी ख्याल रखे। नही तो जो अपनो का नही हुआ तो किसी का नही होगा ऐसा कहके लोग  से  पर ला देगे,benign,0
1030,गुजरात में फिर से बीजेपी की सरकार बनाने के लिए आपको धन्यवाद हार्दिक अभिनंदन।   हिमाचल में कांग्रेस का जनाजा निकालने के लिए   को बधाई अभिनंदन। एक और राज्य कांग्रेस मुक्त हुआ   अब कर्नाटक के चुनाव प्रभारी बन कर एक और राज्य बीजेपी की झोली में डालिए,benign,0
1031,"अभी भी वक्त है बीजेपी को अपने पारंपरिक मतदाताओं के बारे में सोचना होगा नही तो अटल बिहारी बाजपेयी की तरह साइनिंग इंडिया के गुब्बारे की हवा जैसे  में निकली थी वैसे ही मोदी सरकार का हाल  में होगा, राजपूतों की नाराजगी का असर तो राजस्थान में दिख ही गया",benign,0
1032,"केजरीवाल जब चाहता था तो बीजेपी बिधायक बिजेंद्र गुप्ता को बाहर फेकवा देता था, नियति का खेल देखो अब उसके भी  बिधायक बाहर फेके गये",benign,0
1033,"चुनाव आयोग ने ईवीएम हैकिंग को लेकर किया बड़ा खुलासा, इस वजह से बीजेपी जीत रही हर चुनाव",benign,0
1034,में बीजेपी की  सीटें आई थीं तो धूमल नेता प्रतिपक्ष बनाए गए थे। मगर अब कांग्रेस की  सीटें होने के बावजूद,benign,0
1035,बीजेपी संविधान बदलना क्यूं चाहती है  ताकि दलित आदिवासी मुस्लमानों को उनके हक से वंचित रखा जा सके  देश पूंजीपतियों के इशारे पर चल रहा है  पूंजीपतियों को देश का सच पसंद नही है,benign,0
1036,"दमन और दीव मुक्ति दिवस  दमन और दीव की जनता को प्रगति, सुख और शांति के लिए हार्दिक शुभकामनाएं    आनंदभैय्या रेखी राष्ट्रीय युवा नेता बीजेपी",benign,0
1037,"राहुल जी ने एक कुत्ते का फोटो ट्वीट किया था और लिखा था  मेरा ट्वीटर यही हैंडल करता है अब समझ में नहीं आ रहा है कि वो अपने वारे में या अपने सहयोगियों के बारे में कह रहे थे,क्योंकि बीजेपी वाले तो उनका ट्वीटर हैंडल करेगें नहीं ।",benign,0
1038,"राघौगढ़ मध्य प्रदेश नगरपालिका चुनाव कांग्रेस ने  में से  वॉर्ड जीते, बीजेपी को मिली  वॉर्ड्स पर जीत।",benign,0
1039,"बेरोजगारी भारत के लिए विस्फोटक समस्या है राहुल गांधी,  बेरोजगारी के मुद्दे पर काका बीजेपी के साथ है, क्योंकि कांग्रेस ने केवल मुसलमानों को बेरोजगार बनाया, जबकि भाजपा ने सामान रूप से हिन्दुओं को भी बेरोजगार बनाया काका इस पारदर्शिता का सम्मान करता है",benign,0
1040,सत्ता बीजेपी के  हाथ में हैं तो डर किस बात का जब सत्ता कांग्रेस की हाथ में थी तो मान सकता था की कांग्रेस रोड़ा थी।अपनी नाकामी छुपाने के लिए ये बात बीजेपी बोलती हैं की कांग्रेस रोड़ा अटका रही हैं।,benign,0
1041,"तुम जैसे अगर अपना कोई होतो दुश्मन की जरूरत क्या हौ और आखिर बीजेपी की मजबूरी क्या है जो तुम जैसे कुछ बोझ को हमेशा से ढोती रहती है,अगर मैं राष्ट्रीय स्तर का नेता होता निर्णय लेने वाला तो तुमको मक्खी की तरह कब का निकाल कर फेंक दिया होता।।",benign,0
1042,"गुजरात विधानसभा चुनाव   बीजेपी को पहली बार मिली  से कम सीटें ,पढ़ें नतीजों",benign,0
1043,सुनो गोर से कांग्रेस वालो ।चाहे जितना जोर लगा लो ।। कितने भी दंगा करवालो।फिर भी जीतेंगे बीजेपी।। जय मोदी जय हिंद,benign,0
1044,वो तो जन्मजात कठमुल्ले है उनसे कोई उम्मीद भी नही है पर राष्ट्रवादी सरकार क्या कंचे खेलने के लिए बनवाई है उनसे भी तो तो कुछ नही हो रहा है कोई नेता नही पहुंच बीजेपी का अब तक,benign,0
1045,हल्द्वानी में बीजेपी मंत्री की बैठक में जो दुखद घटना हुई है पांडे जी की मौत हुई है बहुत ही शर्मनाक हादसा है सरकार को इस पर विचार करना चाहिए कि हमारे व्यापारी वर्ग कितना परेशान हैं,benign,0
1046,आज अगर  की पोल खुल जाएगी तो बीजेपी अपने औकात में आ जायेगी जादूगर की जान तोते में,benign,0
1047,राजस्थान का एक दोस्त ने मुझसे कहा वसुंधरा से इतनी नफरत हो गयी है की अब कांग्रेस के अलावा कोई विकल्प ही नहीं है और बीजेपी की हार नहीं बल्कि वसुंधरा की हार है।,benign,0
1048,ये बी जे पी वाले इतने नीच है कि दंगा करने के लिए कहा जाए तो ये अपनी मां बहन की इज्जत की भी परवाह न करे,benign,0
1049,न काला धन मिला  न  स्कैम हुआ  तो क्या लोगों ने बीजेपी को वोट सिर्फ आधार को सिम से लिंक करने के लिए दिया था,benign,0
1050,गुजरात चुनाव में बीजेपी के जीत की बहुत बहुत बधाई।,benign,0
1051,जब तक एक एक शिक्षामित नही मर जाता हम कुछ नही कर सकते बीजेपी प्रवक्ता,benign,0
1052,"जज लोया के बेटे के पीसी में जिस अमित के नाम का उजागर हुआ,और जिसे सोशल मीडिया पर बीजेपी अध्यक्ष अमित शाह कहा जा रहा है, के संबंध में  का रहस्योद्घाटन पच नहीं रहा है अब आप ही सोचें एक अप्रा जज एक वयस्क वकील को भला सर क्यों कहेगा   टीवी वालों मुर्ख बनाना छोड़ो",benign,0
1053,"इसे काग्रेस हो या बीजेपी सोचो देश के लिये कीतना खत्रा हो रहा है   शिया वक्फ बोर्ड ने  मोदी को लिखा पत्र, कहा आतंकवादी कर रहे मदरसों को फंडिंग",benign,0
1054,पहली बार ऐसा हुआ की बिजेपी की हार से कांग्रेस से ज्यादा बिजेपी के हम छोटे से कार्यकर्ता से लेकर विधायक तक खुशी मना रहे है,benign,0
1055,ऐसे लोग ही बी जे पी के हितेशी हैं। इनकी मदद के बिना बी जे पी सरकार नहीं बना सकती,benign,0
1056,अगले  से होने वाले चुनावों में परिणाम आ जाने के बाद जिसमे बीजेपी की जित होगी  किसी को आपती हो तो ३३० को,benign,0
1057,बीजेपी जीत गई बो तो थीक है लेकिन बो दलालचाटुकारगुलाम मीडिया कहा है जो अभी तक मोदी के धर मे  वोट से हार कि एक भी खबर ना चलाई लेकिन अमेठी में जाकर बड़ चढ़कर चाटुकारिता की इसलिए कह रहा हूं बीजेपी को कम से कम एक चाटुकार पत्रकार को गुजरात का मंत्री बनाना चाहिए,benign,0
1058,एक नये राजस्थान की कल्पना के लिए ये कदम उठाना जरूरी हैं वरना वही बीजेपीकांग्रेस वाली लूटेरों की सरकार ।।,benign,0
1059,"जजों ने सवाल चीफ जस्टिस पर उठाए न कि मोदी सरकार पर,लेकिन पूरी  मंडली क्यो बचाव में उतरी है  चीफ जस्टिस कोई बीजेपी नेता हैं",benign,0
1060,हर हर महादेव  योगी जी  लाख परिवार को मिल जायेगे  मिडिया को खबरे मिल जायेगी  लेकिन सच्चे देश भक्त को क्या मिलेगा  हमने सोचा था बीजेपी की सरकार मे हिन्दूत्व सुरक्षित है । लेकिन ऐसा कुछ नही हो रहा है। योगी जी हत्यारो को फासी दो ।,benign,0
1061,मुबारक हो आपको   करोड मुस्लिम अलग से मुस्लिम देश बनाने से कोई नही रोक सकता क्योकि बीजेपी छोड़कर बाकी सब का सपोर्ट हे धन्यवाद समाचार समाप्त,benign,0
1062,दिल्ली आग खुसफुसाहट पर घिरीं बीजेपी नेता,benign,0
1063,"राजधानी लखनऊ में बीजेपी नेता की पीटपीट कर हत्या, बाद में शव को पेड़ पर लटका दिया",benign,0
1064,शर्म आती हैं मुझे की मैंने बीजेपी को वोट दिया और बूथ पर एजेन्ट बना,benign,0
1065,मुझे तो शक हो रहा हैं कि कांग्रेस और बीजेपी में डील हुआ है कि बीजेपी बोली कांग्रेस  की  देखो इज्जत की बात है गुजरात हार जाओ  जी का घोटाला हम निपटा देंगे और बीजेपी अपना वादा पूरा किया,benign,0
1066,जैसा चाहिए था वैसा ही परिणाम आया कांग्रेस को लाना नहीं था  और  बी जे पी को हवा में उड़ने देना नहीं था       स्मार्ट गुजरात ।।।,benign,0
1067,नोट और वोट के खेल में बीजेपी ने लोगों की सुरक्षा और भाईचारा दांव पर लगा दिया,benign,0
1068,कि मोदी सरकार के खाने के दांत और हैं दिखाने के ओर हैं इसी एफडीआई का विरोध बीजेपी और मोदी ने पुरजोर तरीके से किया था और आज  परसेंट एफडीआई लागू कर दिया आज संपूर्ण भारत की जनता जनार्दन को संपूर्ण रुप से बीजेपी की सरकार के खिलाफ आंदोलन करना चाहिए,benign,0
1069,गुजराती ने भारत को हार से बचा लियाबीजेपी गुजराती भारत को जीता नहीं पाया कांग्रेस,benign,0
1070,"पश्चिम बंगाल उपचुनाव में हार के बावजूद भी बीजेपी खुश, जानेंक्या है वजह",benign,0
1071,"गड्ढा मुक्त सड़कों का नजारा देखने के लिए यह वीडियो देखिए, बीजेपी अध्यक्ष के जिले का यह हाल है तो    ",benign,0
1072,अब भी मौका है गुजरात के बीजेपी सांसदों के पास भाजपा छोडो  वर्ना  सालो में सीट बचा भी नहीं पायेगे,benign,0
1073,क्या बात है आजकल बीजेपी के नेता बहुत ज्यादा छा गए,benign,0
1074,जी घोटाला का नाम लेयी बीजेपी ने  में सरकार बानाई,benign,0
1075,ऐसे पत्रकार को जेल में डालना चाहिए लेकिन ये होगा नही बीजेपी का चमचा जो ठहरा ।,benign,0
1076,ट्विटर मीडिया सिर्फ बीएड टेट से भरा पड़ा है कह सकते है बीजेपी के फॉलोवर है जो  में आपका साथ देंगे नियुक्ति दीजिये या मुक्ति दीजिये,benign,0
1077,ये तो  है पिक्चर अभी बाकी है मेरे बी जे पी के भक्तों,benign,0
1078,"हां गलत हैपर इस पर क्या ख्याल है। इसीलिए नेताओं को समझना चाहिए कि वे जो बोलते हैं उसका असर कहां होता है। बीजेपी नेता तो सरेआम मोदी को राम बताते हैं, ये तो बेचारा कार्यकर्ता है।",benign,0
1079,हमारे नेताओं का तोण नहीं हैं बी जे पी के पास,benign,0
1080,"कांग्रेस ने तो  के मुकाबले  सीट ज्यादा जीती है,मोदी जी के गृहराज्य मेँ।राहुल गांधी ने सर्दी मै पसीने ला दिया, पर बीजेपी सारे प्रयासो के बाद भी सीट हार गयी,फिर भी बीजेपी मिठाई बाट रही है।  कुछ मजाक सा नहीं लगता",benign,0
1081,गलती ಯಡಿಯೂರಪ್ಪ का है। जो इलेक्शन का समय पे बीजेपी के आगे की दरवाजे से  भाग गया। और आज अंदर है।,benign,0
1082,बि जे पी के मंत्री गण निखटु और काम चोर है येलोग को जन्ता से हमर्दी नही है येलोग र्सिफ अपना फायदा देखतें है जन्ता को पप्ता ही नहीं देते है,benign,0
1083,बीजेपी अब उन राजनितिक पार्टियो में शामिल हो गयी है जो चुनाव् जितने के बाद अपने कार्यकर्ताओं की अनदेखा करती है,benign,0
1084,इतना दबाव बनाने पर भी बीजेपी को नहीं हरा सके आगे ऐसा मौका दोबारा मिले यह जरूरी नहीं,benign,0
1085,यूथ क्लब सांचौर का वॉलीबॉल फिनाले मस्तमस्त। तारक मेहता के उलटे चश्में के कलाकार जेठालाल आए। बीजेपी की राष्ट्रीय,benign,0
1086,बीजेपी युवा मोर्चा के राष्ट्रीय उपाध्यक्ष और सूरत के मजूरा विधानसभा के लोकप्रिय युवा नेता मान  जी को गुजरात चुनाव में  से अधिक मतों की शानदार जीत पर हार्दिक बधाई एवं शुभकामनाएँ,benign,0
1087,सारा काम बीजेपी कर रही हे तो ७० में से ६७ लेके आप क्या कर रहे हो,benign,0
1088,"बीजेपी युवा मोर्चा के ज़िला अध्यक्ष गिरफ्तार,  साल की लड़की को प्रताड़ित करके आत्महत्या के लिए किया था मजबूर। देश में कोई भी दंगा, लूट, बलात्कार, बाल तस्करी, सेक्स रैकेट, हिन्दू मुस्लिम, मंदिरमस्जिद जैसा मामला है जिसमें भाजपा के गुंडे मुलव्विस ना हों",benign,0
1089,हिंदू मरे या मुस्लिम मरे हर जगह हाथ बीजेपी  द्वारा संरक्षित गुंडों का ही होता है,benign,0
1090,बीजेपी के पाप बताया तो चुप क्यो है भाई गुगां हो क्या बोलती बंद हो गया या फिर मुह मे लकवा मार दिया भाई  राजस्थान बंगाल मै बीजेपी का मुहँ काला  बीजेपी चोर गुंडा माफिया और अमीर का पार्टी है कुछ बोलो बीजेपी भक्तो  जी न्युज तो बीजेपी का गुलाम है,benign,0
1091,देश मे बी जे पी की सरकार रोजगार चालू कर दिया डेर सारे पैसे कमाओ लोगो पिछे रहोगे तो पछताओगो,benign,0
1092,पहले से सोलह सीटें ज्यादा आई है और बीजेपी ने छठी बार जीतकर सरकार बना रही हैं इसलिए कांग्रेस को अपनी सफलता के लिए विश्वसनीयता बनने की कोशिश करनी चाहिए।,benign,0
1093,राहुल गांधी ने गुजरात इलेक्शन के बाद लगातार बीजेपी में खलबली मचा रखी हैअब  को भी लगने लगा है कि  में राहुल से पार पाना मुश्किल होगा राहुल सच के साथ है मोदी झूठ का बड़ा डिब्बा है,benign,0
1094,बीजेपी को मिली है नो नो  यानि गुजरात चाहता है बीजेपी नो नो अभी तो उन सांसदों में खलबली है जिनकी लोक सभा से विधान सभा हरे है,benign,0
1095,यही शायद बीजेपी का रामराज्य हे,benign,0
1096,बांध ले बिस्तर अब बीजेपी तेरा राज जाने को है बहुत जूल्म कर चुके जनता अब सबक सिखाने को है,benign,0
1097,झारखण्ड में कुमार विश्वास खेमे के संजीव झा पैसा लेकर उच्च सारे पद पर ब्राह्मण एवम बीजेपी के एजेंट को बांट दिया है ।,benign,0
1098,"राजपूतो की हो रही है अनदेखी , अगले चुनावो में भी सिखाएंगे बीजेपी को सबक  करनी सेना",benign,0
1099,"वैसे फ़िल्म सेंसर बोर्ड ने पास की है जो बीजेपी द्वारा नियुक्त है, अगर हम इस विवाद को छोड़ दे तो बेहतर है और बहुत से मुद्दे हैं जिन पर हम देशद्रोही को सबक सिखा सकते हैं",benign,0
1100,जब मन्दिर मन्दिर भज कर बीजेपी  से  पर आ सकती है तो कांग्रेस  से  पर क्यों नहीं  दरअसल बीजेपी का यही डर तो बीजेपी की नींद उड़ा रहा है,benign,0
1101,"सौराष्ट्र और गांवों में पाटीदार बीजेपी से छिटके, शहरों में चला मोदी का जादू",benign,0
1102,बीजेपी देश के साथ धोखा कर रही है ।।,benign,0
1103,भाई क्या हुआ यह हिंदू तक सरकार की क्या हुआ ही बीजेपी सरकार की जय जी घोटाले को इतना मुंह फाड़ फाड़कर चिल्लाती थी फैसला तो आ गया आज और आपने भी देख लिया होगा तब जरा मोदी जी से पूछिए कि ऐसे ही गलत विचारों से दूसरे की पार्टी को बदनाम करते हैं अरे महाराज चाय बेची है उसी में जिंदगी गु,benign,0
1104,"क्या है बीजेपी का प्लान नीतीश,  से मिलने को तरसे",benign,0
1105,"कांग्रेसी, सपाई, विपक्षी बिल्कुल खुशी ना मनाएं, क्योंकि हम वो कुम्हार है जो बीजेपी की मिट्टी से हिंदुत्व का बर्तन बनाना जानते हैं  जय सनातन संस्कृति",benign,0
1106,कूड़ेदान के लिए कहतेकहते  महीने हो गए क्या यही है बीजेपी का स्वच्छ भारत अभियान,benign,0
1107,मुंबई में बीजेपी सांसद शत्रुघ्न सिन्हा और सोनाक्षी सिन्हा के बंगले रामायण में अवैध निर्माण पर चला बीएमसी का हथौड़ा,benign,0
1108,बीजेपी की फिरकापरस्ती ने पद्मावती को पद्मावत् बना डालाराजस्थान की जनता को सलाम तीनों सीटों पर कांगे्स को जिता भाजपा के मंसूबों को धवस्त कर डाला,benign,0
1109,"हरियाणा मुसलमानों की हांडी में बीफ सूंघ लिया जाता है, एखलाक के फ्रीज में रखी बीफ को सूंघकर उसे क़त्ल कर दिया जाता है मगर मोदी के  साल के कार्यकाल मे मुल्क के सबसे बड़े  घोटाले का सुबूत इकट्ठा नहीं कर पाती है हमारी सीबीआई बीजेपी का तोता",benign,0
1110,केजरीवाल के समर्थन में उतरे बीजेपी के बागी नेता,benign,0
1111,"मौकों का फायदा नही उठाते है कांग्रेस के कार्यकर्ता ,  लोहा गरम हो तब चोट करना चाहिए  । पर वो तो बीजेपी के ही जाल में फंस जाते है ,  ब्लाक लेवल काम करने की जरूरत है",benign,0
1112,बीजेपी सुधर जाइये। ये पब्लिक हैं सब जानती हैं।,benign,0
1113,"बी जे पीदिल्ली मेट्रो के उद्घाटन समारोह की तरह,इस प्रोजेक्ट को भी हड़पना चाहती हैं",benign,0
1114,"बीजेपी के  को बीएमसी ने दिया झटका, तोडा बंगले में अवैध निर्माण",benign,0
1115,उपराज्यपाल सविधान के लिए प्रतिबन्ध है उसे सभी फैसले सविधान के अनुसार करना होता है ना की कांग्रेस बीजेपी के अनुसार ये दुखद है,benign,0
1116,महारानी  के लिए बीजेपी के लिए खतरा इसीलिए महारानी को राजस्थान से जल्द से जल्द हटाई जाए बीजेपी  में महारानी के नेतृत्व में  हो जाएगी,benign,0
1117,सबका विकास तो काम नहीं आया इस  में मेरे हिसाब से क्योंकि मुस्लिम वोट न कभी मिला था न कभी मिलेगा बीजेपी को।,benign,0
1118,राजीव जी आप राम राम भज रहै कही मेडम आपको बिजेपी के प्रवक्ता न समझने लगे,benign,0
1119,बीजेपी नेताओं के झूठ के गुब्बारों की हवा एक एक करके निकल रही है। गुजरात मॉडल की हवा निकलने के बाद जी की हवा निकल गयी।  सत्यमेव जयते,benign,0
1120,आज मैं ये एलान करता हु की अगर बीजेपी  में अयोध्या में राम मंदिर नही बनवा पाई तो  में मेरा वोट  में जायेगा अब सोच लो क्या करना है बीजेपी। और आपका वोट,benign,0
1121,मिर्ची लगी रविशंकर को क्यो क्या मीडिया को खरीद लिया है बीजेपी ने ।।।।।।,benign,0
1122,गुरूजी ये आप के द्वारा दिलाई गई या आपके कार्यकर्ता द्वारा दिलाई गयी जीत नहीं है ये तो आपके लिए बीजेपी कार्यकर्त्ता द्वारा की गये परिश्रम का फल है,benign,0
1123,भले आप बीजेपी में रहिये पर सच्चाई से मुँह मत मोडो खैर आप का ट्वीट पसंद आया,benign,0
1124,"समाजवादी पार्टी से छिन गयी एक और सीट, ऐसे जीत गई बीजेपी",benign,0
1125,मोदी को कोसने से कुछ नही होगा ।उल्टा बीजेपी को ही फायदा होगा,benign,0
1126,वोटरों का बीजेपी को वोट कम मिलना चिंता का विषय है  क्योंकि   के चुनाव में ये सब बीजेपी के साथ थे  तो क्या कारण है की वो कांग्रेस की तरफ जाने लगे ध्यान दें,benign,0
1127,योगी आदित्यनाथ समेत बीजेपी के नेताओं के खिलाफ दर्ज मामले अब होंगे वापस,benign,0
1128,बीजेपी मंत्री के सामने जहर खाने वाले प्रकाश पांडे की मौत,benign,0
1129,भाभीजी पता नहीं बी जे पी शिक्षा मित्रों से कौन सा बदला ले रही  है ।,benign,0
1130,ठाकुर साहब कोर्ट जब बीजेपी के पक्ष में फैसला दे तो ही सही मानोगे  क्या।,benign,0
1131,"बीजेपी में भ्रष्टाचार ही शिष्टाचार है, प्रदेश के मंत्री बोले, योगी सरकार में बढ़ा  है भ्रष्टाचार",benign,0
1132,"बेबाक पत्रकार   निर्दलीय विधायक की रैली में जुटी इतनी भीड़, बीजेपीकांग्रेस में मची",benign,0
1133,भाई अच्छे नेता को सपोर्ट करो ना कि पार्टी को फिर कांग्रेस और बीजेपी में क्या अंतर रह जायेगा,benign,0
1134,आंदोलन के सिवा और कुछ कर भी तो नही सकते अपनी नाकामयाबी छुपाने के लिए एलजी बीजेपी का दोष देते रहो।,benign,0
1135,पाकिस्तानीखुफिया एजेंसी  से लेकर सेक्स रेकेट चलाने तक सारे के सारे दलालो का कनेक्शन बीजेपी से  क्यों पाया जाता है  अब पता चला कि इनके नेताओं का पैतृक थंथा यही तो है ।,benign,0
1136,केवल सुरक्षित है तो केवल बी जे पी सरकार  तक,benign,0
1137,बीजेपी की सरकार बनवाने वाले तत्कालीन  अध्यक्ष संघी विनोद राय को सिर्फ पदम् विभूषण इसे तो भारत रत्न मिलना चाहिए,benign,0
1138,"बीजेपी देश की सभ्यता को खत्म नहीं कर रही,खत्म हुई पुरानी विरासत को वापस ला रही और कूरीतियों से मुस्लिम महिलाओं को आजाद कर समता ला रही।",benign,0
1139,सर बजट का बिरोध  देखना है तो मिडिल  कलश  में देखो  समझ आ जायगा मैं भी बीजेपी फैन  हु लेकिन मुर्ख  नहीं आपने  तलाक के पीछे  वोट बना  रहे हो और स्वर्ण  समाज को रोड  पे लाने का तैयारी कर रहे हो गधा  को रेस में आगे  निकलने के लिए घोड़े को पैरो  में जंजीर डाल रहे हो,benign,0
1140,बीजेपी के पूर्व जिलाध्यक्ष श्यामू पांडे जी की हालत देख के लगता है कि जीवन भर का संघर्ष का इनाम यही होता है,benign,0
1141,अमित जी गुजरात में कांग्रेस को जो इतनी सीटें मिली हैं यह राहुल या किसी और की वजह से नहीं बलकी गुजरात के लोग कुछ नाराज लग रहे हैं बीजेपी से । समय रहते इस तरफ ध्यान दीजिये । युवा वर्ग को संभालिये ।आपका शुभ चिंतक ।,benign,0
1142,"सकलडीहा के समाजवादी पार्टी विधायक का धरना, बीजेपी नेताओं के दबाव में पुलिस पर कार्रवाई का आरोप",benign,0
1143,बीजेपी ने कांग्रेस के दबंग विधायक बंबर ठाकुर से वापस ली बिलासपुर सीट,benign,0
1144,"देश में पहले की तुलना में दुगनी चौड़ी सड़के बनाई जा रही है, दुगनी रेलवे पटरियां बिछाई जा रही है, तो ऐसे भी तो जनता को रोजगार प्रदान किए जा रहे हैं अशोक गोयल, प्रवक्ता बीजेपी",benign,0
1145,"चिदंबरम  के भीख वाले बयान पर बीजेपी बोली, गरीब भारतीयों का अपमान कर रही है कांग्रेस",benign,0
1146,अगर बीजेपी को इस्थिपा मांगने की बीमारी है तो कांग्रेसी मंत्रियो को इस्थिपा देने की बीमारी क्यों लग गई,benign,0
1147,ट्रिपल तलाक बिल पर बीजेपी ने जारी किया विह्प कहा चर्चा के दौरान सदन में रहें मौजूद,benign,0
1148,"विपक्ष में थे तब तो बड़ी बड़ी बाते करते थे, सभी बांग्लादेशी को देश से निकालेंगे,स्विस बैंक से काला धन लाएंगे,वाड्रा,सोनिया और भ्रस्टाचारियों को जेल भेजेंगे, राम मंदिर बनाएंगे, हटाएंगे, बिल लेके आएंगे। सब भूल गई बीजेपी",benign,0
1149,बच के रहना है तो तुम्हें भी ग़ायब कर देंगे ऐसा कोई बचा जिसे बीजेपी ने ठगा नही २,benign,0
1150,"से पहले ये है बीजेपी का अगला मिशन, जीतना चाहेगी",benign,0
1151,"और आप लोगों ने अपने रोजगार नीति को पकौडा बेचे नीति बना कर,अपनी ओछी नीति का प्रदर्शन किया उसका क्या। बीजेपी बी बेचो जे जनता पी पकौडा",benign,0
1152,बीजेपी को सरकार   लोकतंत्र खतरे में है बीएड टेट  भी खतरे में है उनकी जान  चाहिए,benign,0
1153,टीचर  सुनाओ              टीचर  कहा है  खिंजल वो तो बीजेपी वालों के पास है जी,benign,0
1154,"पे कोर्ट का फैसला क्या आया गुजरात मे  से भरी हुई ट्रक ही पलट गई , यह एक संयोग की बात हो सकती है बीजेपी से इसका कोई लेना देना नही है ये अलग बात है कि कही पोल न खुल जाए इसलिए ऐसा हुवा है",benign,0
1155,महारानी राजस्थान में बीजेपी को ऐसे ले डूबी जैसे हनीप्रीत बाबा राम रहीम को मोदी जी थोड़ा ध्यान दो राजस्थान की तरफ  नजदीक आ रहा हैं नमो नमो,benign,0
1156,"बीजेपी के शीर्ष नेतृत्व को जो सलाह देनेवाला समूह है, उसमे जरुर किसी ने कांग्रेस से हाथ मिला लिया है और अपने",benign,0
1157,असा होता तो बंगाल भि बीजेपी होती तमिलनाडु भी महाराष्ट्र मे पुर्ण बहुमत होता  जरासा सौच लिजिए,benign,0
1158,माया जी दस वर्ष आप काग्रेसियों मे थी आप कमायी कर रही थी तब मौसेरे भाई कौन किसका था ये तो बी जे पी मटगुणदी मे आगयी ह वरना तुम जैसे का नाम तो डुडने सेभी नहीं  मीलता,benign,0
1159,बात पद्मावत की नही देश में कानून और सरकार के इकबाल की है बीजेपी और मोदी देश में कानून की रक्षा में विफल रहें जो मुठी भर गुंडे नही संभाल सकते देश क्या संभालेंगे   मोदी और उनकी सरकारें जहां जहां है तुरंत सत्ता छोड़ दें देश चलाना इनके बस का नही,benign,0
1160,लालू जेल मे रह कर ट्विटर पर मचाया धमाल यदि मैं चोर होता तो बीजेपी मे होता जेल मे नहीं,benign,0
1161,अभी  और विकेट गिरने बाकी है फिर मांगने की जरुरत नहीं पङेगी और  विकेट गिराना अमित भाई शाह जी को टाईम नहीं लगेगा केजरु तो गये बीजेपी हमें तो सिर्फ नमो सरकार चाहिए,benign,0
1162,"रिफायनरी बाड़मेर में लगी तेल अजमेर में निकल गया बीजेपी का,  आपका भी  बन रहा है मोदी जी,",benign,0
1163,"एन्टी भूमाफिया पूरी तरह से फ्लॉप है प्रशासन की मिलीभगत से जौनपुर जिले के शाहगंज तहसील के सबरहद गांव में  वर्षों से भीटा, बाहा,नाला, तालाब, चबूतरा पर कब्जा हैअधिकारी खूब पैसा कमा रहे हैं और भाजपा के नेता मंत्री सब बेकार है भाजपा के नेता,मंत्री,विधायक, सब नोट कमा रहे है बीजेपी",benign,0
1164,तेजस्वी भाई बीजेपी से पहले कांग्रेस की सरकार थी कुछ घुस कांग्रेस को भी दिया था क्या जैसे अभी तक आप बसते चले आए और जैसे ही सरकार बदली अंदर हो गए,benign,0
1165,अरविन्द केजरीवाल ने बीजेपी की खोली पोल |,benign,0
1166,बीजेपी के जनता दरबार में ज़हर खाने वाले ट्रांसपोर्टर प्रकाश पांडे की मौत,benign,0
1167,"की हमे ऐसा विकास नहीं चाहिए जिस से हमारे घर चलना मुश्किल हो जाये ,इस प्रकार से बहुत पीड़ा हो रही हे पुरे इंदौर सर बीजेपी नगर निगम के खिलाफ लोगो का आक्रोश हे हम नहीं चाहते हे बीजेपी नगर निगम से चली जाये , आपसे अनुरोध हे सर आप कुछ विकल्प निकालेंगे",benign,0
1168,"फिरोज़ शाह रोड पर बीजेपी  बी श्रीरामुलु के निवास में लगी आग, कहा बहुत भाग्य से बचा हूँ",benign,0
1169,हमे लगता है कि गुजरात वाला हाल  में बीजेपी का होने जा रहा है,benign,0
1170,बीजेपी सरकार में बिजली व्यवस्था अच्छी हुई है तीव्र गति से कार्य हो रहा है इसकेलिए युवा मंत्री जी को धन्यवाद लेकिन बिजली विभाग पारदर्शी लायें,benign,0
1171,आवारा गायों से परेशान किसानों ने बीजेपी सरकार के ख़िलाफ़ खोला मोर्चा कहा जब तक सभी आवारा गायें,benign,0
1172,मोदी जी दलीत बस्ती में मन की बात सुनने से दलीत का विकास नही होगा जहाँ जहाँ बि जे पी के सरकार है वहाँ के दलीत के बस्ती में जा कर देख सकते है कितना विकास हो रहा है,benign,0
1173,"गुजरात चुनाव के  मशीन टूटने लगे, रिकॉर्ड गायब होने लगे बस खाली जीते हुए बीजेपी के प्रत्याशी को कुछ नहीं हुआ, सरकार बना पाये।",benign,0
1174,बीजेपी के सासंद मंत्री विधायक बंदर बांट के लिए आपस मे झगड  रहे हैं प्रदेश की जनता को राम भरोसे छोड़ दिया है प्रदेश में जंगल राज कायम  योगी जी को अब संन्यास ले  लेना चाहिएऔर प्रदेश में राष्ट्रपति शासन लगा देना चाहिए,benign,0
1175,"हमारे बाबा ने इस बार जनेऊ पहिने बीजेपी को कड़ी टक्कर दी, अगली बार नागा साधु बनके बीजेपी को धूल न चटाई तो कहना",benign,0
1176,"यहाँ बीजेपी ने फिर बनाया रिकॉर्ड, पहले थी जीत की, अब बनी हार की",benign,0
1177,"मतलब दंगा पार्टी के नुमाइंदे का मन भी कचोटता है कि सपा, बीजेपी और कांग्रेस ने सिर्फ दंगो में बेगुनाह लोगो को मरवा अपनी राजनीति चमकाई है  वैसे बसपा राज में दंगे नहीं होते थे",benign,0
1178,"बीजेपी की लहर में भी बाहुबली मुख्तार अंसारी ने दर्ज की बड़ी जीत, अब लड़ रहे जिंदगी से जंग हालत सीरिसय",benign,0
1179,दिसंबर प्रातः बजे दिल्ली में पानी  की बढ़ी कीमतों के खिलाफ दिल्ली के मुख्यमंत्री अरविंद केजरीवाल के निवास पर दिल्ली प्रदेश बीजेपी द्वारा प्रचंड प्रदर्शन किया जाएगा कृपया भारी से भारी संख्या में  पहुंचने का कष्ट करें धन्यवाद निवेदक जगत लोहिया सदस्य दिल्ली जल बोर्ड,benign,0
1180,मोदी जी की सीबीआई ने  घोटाले के सभी आरोपियों को बचा लिया।  बीजेपीकांग्रेस के भाईचारा का रिश्ता ऐसे ही बना,benign,0
1181,झूठ  कोई आन्दोलन नहीं करेगें आप । बीजेपी की सरकार है अभी । आप तो बीजेपी के कट्टर समर्थक हैं श्रीमान ।,benign,0
1182,"कहावत है खिसयानी बिल्ली खंम्भा नोचे ,  की हालत  जिसको इन्होंने शब्द दिये हैं, बीजेपी  जो जीता वही सिकंदर",benign,0
1183,बीजेपी के लिए सबसे बड़ा बदला   में एक विशाल बहुमत के साथ वापस आना है। सभी कुत्तों को अपने स्वामी और दीमक को लकड़ी के पास वापस जाना होगा।,benign,0
1184,बीजेपी जुल्मियों की सरकार है  साल में सबसे घटिया सरकार का रिजल्ट रहा हैं,benign,0
1185,"बीजेपी नेता की पुत्रवधू की गोली लगने से संदिग्ध हालात में मौत,कहीं ये वजह तो नहीं",benign,0
1186,ये गो हत्या नही है ना ही चारा घोटाला है। यह तो गो माता को मुक्ति दिलाने का काम है। जो कि बी जे पी के लोग कर रहे है।,benign,0
1187,"चाहे बीजेपी हो चाहे कांग्रेस हो , ये",benign,0
1188,"बीजेपी नेता का विवादित बयान हिंदु हो तो हमें वोट दें, मुस्लिम कांग्रेस को वोट दें",benign,0
1189,ऊपर वाला भी बीजेपी से मिल गया है अब,benign,0
1190,धन्यवाद। वैसे सवाल तो बहुत हैं पर बीजेपी जो कुछ सकारात्मक कार्य करती है ये उसमें रोड़ा अटकाते हैं। सिर्फ दोषारोपण से काम नहीं चलता काम भी तो करने होते हैं।,benign,0
1191,"देल्ही में पुलिस की जिम्मेदारी सेंट्रल  की है, यूपी पुलिस की किसकी  लोग इतने ज़ाहिल है जितने बीजेपी के चमचे उन्हें समझ बैठे हैं",benign,0
1192,"में बीजेपी ने  लाख युवाओं को रोजगार देने का वादा किया था, सरकार बने  साल हो चुके है लेकिन युवाओं को रोजगार के बजाय लाठियां पङ रही है महारानी भ्रष्टाचार की देवी बन चुकी।",benign,0
1193,नकारा तो बीजेपी को भी है ।आपको भी समीक्षा करने की आवश्यकता है,benign,0
1194,अच्छा मजाक करतेभ्रष्टाचार मुक्त भारत की बात करते हो सिर्फ बीजेपी को भ्रष्टाचार मुक्त करते होजनता को सिर्फ ठगते हो,benign,0
1195,मैंने पहले भी ट्वीट किया था कि बीजेपी को शासन करना नही आता।अपने वोट बैंक को लात मारकर आपने अपने पैरो मे कुल्हाडी मार ली,benign,0
1196,"बीजेपी को सीएम पद का चेहरा मिला,",benign,0
1197,"निर्णय हुआ तो नही होना ही चाहिऐ , चाहे सरकार गिरे या रहे, कायदा कानून सबके लिऐ बराबर है कोई बीजेपी इससे अलग नही , यह निर्णय चुनाब आयोग को करना है कि कब करे",benign,0
1198,"स्वच्छ भारत योजना के तहत  में कांग्रेस, बीजेपी ओर भी कई छुटभैये नेता साफ हो जाएंगे अब राजनीति का शुद्धिकरण",benign,0
1199,लोग अक्सर अपने मन की भड़ांस निकालते रहते हैंऐसा होता तो बीजेपी के खाते में सभी सीटें होती,benign,0
1202,साला आज तक समझ नही आया की जीतो तो शानदार और हारो तो शर्मनाकये गेम हे हार जीत चलती है। ,benign,0
1204,ईसलिए किताप बन्द कर दि। ईतना हि समझ आई योगी का साला क्या कमाल का था,benign,0
1208,उ साला भौजाई संघे लगा है भूल गया भाई को थु है पे  ,benign,0
1209,सबसे बङा बवाल तो साला गौतम बुध नगर सीट पे हो गया यहाँ ने लाख मेंबर बनाये थे और प्रत्याशी को बस हजार वोट मिलें ,benign,0
1210,देशवासियों इस फोटो में खड़े सब लोग बैंक अधिकारियों जैसे या कोई बिजनेस मेन जैसे लग रहे हैं कोई इसमें से बैंक का पैसा लेकर विदेश भाग गया तो क्या इसके लिए योगीजी जिम्मेदार हैं ये कैसा लॉजिक हैं। साला करे कोई भरे कोई  ,benign,0
1219,पहले भी इस तरह की खबरे आ चुकी है लेकिन साला होता कुछ नहीं जहां न्याय नहीं वहां विद्रोह पनपता है  ,benign,0
1220,तारिक सर आपके प्रोग्राम में १ ग़लत फ़हमी फैलाई जा रही है की हिंदू धर्म में गोद लेना हराम है एसा कहाँ जाना इस महिला ने ,benign,0
1222,पे लोग शादी के फ़ोटो उपलोड और रिलेशनशिप अपडेट कर रहे है यहाँ साला ये डिसाइड नहीं की रात में डिनर के लिए दाल चावल बनाऊंगा या सब्जी ,benign,0
1223,भड़का आशिक़ बहुत ख़तरनाक होता है। थैक्स अनुष्का साला में बनाने थे इसने में बना डाले ,benign,0
1232,काला धन रखने वालों की नींदे हराम कर दी हैं मोदी जी ने राष्ट्रवाद जिंदाबाद ,benign,0
1235,ऐ लो लेवल है मैं बैंजो से शुरू करके ढोलक तक जाता हुं हाहाहाहाहा ,benign,0
1236,साला आज तक नहीं समझ आया की निर्दालिये और निर्दई उमीदवार में फर्क  ,benign,0
1246,संजय सिंह को कल मैंने सूअर खाते फिर बाद में कुमार विश्वास को किस करते देखा थालेकिन मेरे पास सुबूत नही है|  ,benign,0
1249,कोयला काला है चट्टानों ने पाला है अंदर काला बाहर काला पर सच्चा है साला।  ,benign,0
1262,साला फेसबुक पर बनाने की हद्द हो गई बाहुबली की आई है  ,benign,0
1263,घर लूटने को मेरा क्यूँ है ये अमादा शराब हराम है और नशा हरामजादा  ,benign,0
1270,तेरी दोस्ती का सबब कुछ यूँ है साला हंस हंस के पेट में दरद क्यूँ है  ,benign,0
1276,पपपू कहता है किसान तृसत और मोदी मसत इसको काँग्रेस का समय पता नही जब मनमोहन मौन जनता नीद तक हराम कर रखी थीऔर काँग्रसी चाँदी काट रहे थे  ,benign,0
1277,कम से कम वफादार होता है सुअर तो गंदगी ही खाता है और करता भी गंदगी ही है  ,benign,0
1282,भाई तू सच मे आईपीएस ही है या दिग्विजय का साला।  ,benign,0
1294,ये साला प्यार हो गया की का एग्जाम पास ही नही होता ,benign,0
1299,हर कोई अपने आप को रॉबिनहुड के समझता है साला जो भी देखे तैयार है  ,benign,0
1301,पता नहीं लोग सच्चा प्यार कैसे ढूंढ लेते है यहाँ साला पिछले आधे घंटे से टेप का किनारा ढूंढ रहा हूँ मिल ही नहीं रहा   ,benign,0
1311,भारत में डर का इतना माहौल है  ,benign,0
1313,अबे सपोर्ट कहते है इसकओ बाहर से साला देखते नहीं हो का आज तक पे बस केजरीवाल का न्यूज़ अत है  ,benign,0
1315,साला साल नौकरी करने के बाद भी के दाम जितना पैसा जमा नहीं हुआ मेरे पास  ,benign,0
1318,साला सरकार किसी की भी आये पेट्रोल के दाम और बीवी के नखरे जो हमेशा आधी रात को ही बढ़ते हैं उन्हें कोई नहीं रोक सकता। ,benign,0
1319,साला यहाँ बाथरूम से बिना पैर धोए आने से मन नहीं भरता और लोग कागज से पोंछ कर भी निकल जाते हैं।  ,benign,0
1336,मोदीजी दो साला मनाना बेमानीहै पॉचसालतो होनेदीजिए हिसाबकेसाथ मनाते।स्वयं सुभाषचंद्राके आत्मकथापर कहेथे कि ये काम जल्दी कर दिया।  ,benign,0
1337,एक आदमी के पीछे सारे बेईमान जब पड़ जाए तो समझ लो उस आदमी ने बेईमानों भ्रष्टों की रातों की नींद हराम कर दी है अभी साल हुए है रुकों थोड़ा  ,benign,0
1344,साला अब मुझे डेंगू बुखार हो गया  ,benign,0
1351,साला कोई लाइक हो गया कि देश को टैक्स भर रहा है वह भी करोड़ों में और कितने अच्छे दिन चाहिए शर्मा जी  ,benign,0
1355,हम पे ये किसने ऐसा रंग डाला चार बार नहाया पर छुटा नहीं साला   ,benign,0
1360,पगली बोल दे तेरे बाप को कि बढा दे तेरी । क्योकि आज मेरी माँ नु कवह थी के बहु  ,benign,0
1372,अपने साला पर एक लिख रहा हूँ तलैय्या के आपका कोई  ,benign,0
1379,पाकिस्तान कहरहा है हमने रा के दो जासूस पकड़े है  ,benign,0
1389,डॉक्टर गांड में डाल दिया सुई देसी  ,benign,0
1403,लेकिन साला लेनेवाले कोई नहीं थे हाहाहाहाहाहाहाहा मैंने खुद खा लिया।  ,benign,0
1412,मैं दोस्त के घर जाऊ मुझसे नही अपने से पुछो मुझसे नही अपनी से पुछो साला घर हैं या की  ,benign,0
1415,तेरी गली का सूअर । मेरी गली का सूअर  ,benign,0
1416,साला अभी तो किसी ने नहीं कहा या ने तो यह हाल है अगर कर दिया तो तक चैन से सो नहीं पायेगी टिंगु और गैंग  ,benign,0
1420,ये साला टीम इंडिया सही से नहीं खेल रहा और गालियां मुझे पड रही है  ,benign,0
1430,सेना को गोली मारने के स्टेटमेंट देने की क्या जरूरत हैं हरामी की ओलादो को पहले गोली मारो फिर स्टेटमेंट देते रहना।  ,benign,0
1439,कोनू साला कपडे बदल बदल कर फिरकी लेरहा हैं  ,benign,0
1444,शीलाजी तॊ मोदीजी की चाची नही है लेकीन तेरी माँ जैसी जरूर हैअगर आपने ज़बान सही नही रखी तॊ कोई इज्जत नही होगी  ,benign,0
1450,काका सही कह रहे हो केरल में सुअर बेकाबू हैं  ,benign,0
1458,जंगली सूवर ने किया ग्रामीण को घायल  ,benign,0
1459,से बुरा कुछ नही है साला बहुत जल्दी आ जाते है  ,benign,0
1461,चाय से नींद नही आती यह तो सुना था। लेकिन एक चायवाला लाखो भ्रष्टाचारियो की नींद हराम कर सकता हॆ यह मालुम नहीं था नमो नमो  ,benign,0
1466,सतां को थप्पड़ मार के बोला  ,benign,0
1474,पठानकोट तो बहाना है बैन एक आदमी पर लगाना है। साला सवाल बहुत पूछता है| ये नही है  ,benign,0
1479,मिल नहीं रहा मेरा चार्जर मिल नहीं रहा मेरा चार्जर साला ढुड डाला सारा घर  ,benign,0
1502,साला मुझे नकल कर रहा है  ,benign,0
1504,काग्रेस की लहर ने भाजपा की रातो की नीदं हराम कर दी हे खासकर गुजरात के हालात पर अपने घर मे ही मोदी की बहुत बुरी हार होनी तय हे जनता जाग चुकीह  ,benign,0
1507,किसी मुस्लिम ने अपनी बहन बेटी को बधाई दी तीन तलाक खत्म होने की अपनी बच्चियों की खुशी भी हराम है क्या इस्लाम में  ,benign,0
1510,जब जीएसटी का चॉद उगा हो और धन्धे को मार लगी हो विक्री घटे परेशानी बढे दुकानदारी बाद मे करो पहले रिटर्न फाइल करो नही तो फाइन दो हर हर  ,benign,0
1512,साला सारे देश की वाट लगा डाली तुम नेसत्ता छोड़ो  ,benign,0
1533,साला दिन भर की थकान दूर हो गयी ।। जबरदस्त ट्वीट था भाई  ,benign,0
1534,अमित बाबू ई ठीक नही हो रहा है एक तो हमको साला ठो सीट दिया ऊपर से खीर के लिये भी नही पूछा  ,benign,0
1535,मनमोहन जिसको बोलना था वो बोलता नहीं और दिग्विजय जिसको चुप रहना था वो साला चुप नहीं होता था और ये फिर से सरकार बनाने चले थे।  ,benign,0
1537,अजब दुनिया की गजब कहानी बचपन में लड़ते थे कि माँ मेरी है माँ मेरी है किन्तु अब बड़े होकर लड़ते है कि माँ तेरी है माँ तेरी है  ,benign,0
1539,तेरी यादो को भुलाने के लिए दिल में जो पत्थर रख लिए थे वो सरक कर किडनी की पत्थरी बन गए साला अब दर्द ज्यादा होता है    ,benign,0
1554,इतना एंटरटेनमेंट तो साला बाहुबली और आईपीएल में भी ना हुआ जितना ये आम आदमी पार्टी वाले कर रहे है  ,benign,0
1565,साला इतना आगे हैं हद हैं  ,benign,0
1572,आज सुबह सुबह लड़की की आई।।। साला ख़ुशी ख़ुशी में पर कर दिया।।  ,benign,0
1585,काले धन की बंद दुकाने तेरे दिल की आग नजर आती तेरी मुस्कान में चार चाँद लगा दिए तूने भारत माँ की शान में  ,benign,0
1586,साला इंडियन प्लयेर्स को खाना खाने के बाद बदहज़मी हो जाती है पिच पे आते ही बाथरूम जाने की जल्दी मची हुए है सभी को  ,benign,0
1601,जीवन के भी अजीब किरदार है पता ही नही चलता कोन जीजा और कोन साला     ,benign,0
1381,ये मादरचोद ऐसे बोल रहा है जैसे अपनी माँ को चुदा के अकाउंट रेजिस्टर करके आया है  ,abusive,1
1382,जन्मदिन की गांड फाड़ते हुए बधाईयाँ। मुर्गा चापों भेन्चो।  ,abusive,1
1383,बुरी नजर वाले तु मर जा काला तो सुअर भी होता है     ,abusive,1
1384,बस इतना ही की तू सुवर का पिल्ला है समझा और कुछ नही क्यू की दोगले हो और राजनीति में तेरे से बड़ा दोगला नही देखा आअ थू  ,abusive,1
1385,माँ दोनों को पता चल जाएगा हाँ रंडी  ,abusive,1
1386,साल से हराम खा रहे थे।  ,abusive,1
1387,ये हीजड़ा उनपर क्या बोलेगाऐसे ही लोगो कीसै पर हमारी मुस्लिम बहने तीन तलाक और हलाला से पीडित है साला दोगला     ,abusive,1
1388,सही कहा हरामी मिडिया देश द्रोही     ,abusive,1
1390,तू साला कहा में घुस रिया है दम है तो वहाँ भी लड़ ले तेरे से भी बड़े गुन्डो के साथ  ,abusive,1
1391,तुम जनता को और कितना फुद्दू बनाओगे  ,abusive,1
1392,अगर अंग दान हराम है तो जो बचपन में दान किया वो क्या था डर तो नहीं कहीं छोटे ना हो जायें कट कटकर।     ,abusive,1
1393,साला इन सभी देशद्रोहियों को बंटवारे के समय पाकिस्तान भगाना था।     ,abusive,1
1394,का अब तक ट्वीट नही आया लगता है वो पैसे गिनने में है। चुतिया साला  ,abusive,1
1395,इस माधरचोद पवनवा की गांड में किरी काट रही थीगलत जगह गलत बात बोल दिया इस पवनवा माधरचोद ने  ,abusive,1
1396,शायद एक हरामी देशद्रोही  ,hatespeech,1
1397,ऊस हरामी आजम खान को ईसी पाणी डुबाकर मारना चाहीए सुअर कहींका  ,abusive,1
1398,मधुरिमा मैं मारु तुमहारी गांड ऐसे  ,hatespeech,1
1399,बकचा तो हरामी ही केहलाया जायेगा  ,abusive,1
1400,इतिहाश का प्रूफ मांगने वाले भड़वे इस बात का भी क्या प्रूफ हे की तू ही अपनी बाप की औलाद हे  ,abusive,1
1401,साले हरामजादे ।सुवर की औलाद ।चोर ।खलनायक ।नालायक ।हरामी ।हरामखोरो।बहुत हुआ ।बंद करो दुकान वर्ना भागना पड़ेगा ।मुगल के पाकिस्तान के दलाल ।     ,abusive,1
1402,मतलब साला है तो बिना काम किये भी पैसे मिल जाएंगे सड़ जी बहुत किलर जोड़ी है जीजा साले की पेंचो  ,abusive,1
1404,सुअर भी खाया करो भाई जान उसे क्यूँ हराम मानते हो या अल्लाह ने जानवरो के काटने में भी भेदभाव रखा हे जैसे काफिरगिरी करके रखा ।  ,abusive,1
1405,सुना है ये चूतिया गांजा पिने के लिए आजकल लाजपतनगर में किसी रेहड़ी पर ग्राहकों को लुभाने के लिए सूअर की आवाजें निकलता है  ,abusive,1
1406,आतंकवादी सर्वथा कृष्ण नीति अनुसार वध करने योग्य है। आतंकवादी के हरामी समर्थकों के लिए जिन्दा छोडना बहुत गलत है।     ,abusive,1
1407,गांड और चूत दोनों गरम गरम वीर्य से भर गयी  ,abusive,1
1408,हराम के पिल्ले कितनो की कंप्लेंट करेगा। लाखो करोड़ो मोमिन है जो अपने नबी ओर पाक पंजतन से मोहब्बत करते हे अपनी जान को लूटा देते हे। खुद को मिटा देंगे हम जान लूटा देगे नामु्स ए रिसालत पे हम सर कटा देंगे लब्बैक या रसुल्लल्लाह या हबीब अल्लाह  ,hatespeech,1
1409,में आज एक निहायती हरामी बद्ददीमाग एक नंबर का गधा भक्त ढूंढने निकाला मानोगे नहीं एक के बदले हज़ारो मिले   ,hatespeech,1
1410,सब लोग भोसडी के एक साइड लेलो या इधर या उधर बीच में कोई भोसडी का दिखा तो गांड चौराहा बना देंगे गंज वाला  ,abusive,1
1411,तुम पत्थर फेंको हम मोहब्बत दिखाए साला आशिकी ना हुई धारा हो गयी  ,abusive,1
1413,साला असहिष्णुता की हद हो गयी फेसबुकिया लौंडों ने ईद पर बधाई की इफ्तार करके ट्रंपमोदी को भी पीछे छोड़ दिया दिया ही नहीं  ,abusive,1
1414,साला दो कौड़ी का और इसका सर्वेसर्वा नावेद अमेरिका ब्रिटेन जैसे देशों में भारतीय नागरिकों पर हमले होते हैं लेकिन वहाँ के नागरिक रेडियो स्टेशन ऐसा नहीं करते क्योंकि वहाँ तुम जैसे सूअर नहीं होते ये जो कुछ आगरा में हुआ है वो तुम जैसे नाली के कीड़ों द्वारा किया गया  ,abusive,1
1417,भीमसेना के इंतज़ार में रामपुर के दलित सहारनपुर वाला रुप दिखाओ तुमहारी बहनों की इज़्ज़त पर हाथ डालने वाले मीमों परया गांड मै दम नही है     ,abusive,1
1418,तुम तो हो साला सुअर की औलाद  ,abusive,1
1419,वो सलवार तेरी माँ की थी जिसमें से तू निकला है  ,abusive,1
1421,साला शायरी पेल रहा है  ,abusive,1
1422,समय की विडंबना देखिये रंडी टीवी के पत्रकार अभी रात में भी नमो नमो का नारा लगा रहे है  ,abusive,1
1423,सर। मुझपे का कुछ पैसा बकाया था। मेरा जीना हराम करदिया था। अभी मैंने देखा की टीम आईपीएल में है।  ,abusive,1
1424,मैने कल्लूनाई से रू लिए साला मुझे घर से उठा ले गया सोचता हूँ बैंक वाले माल्या को कैसे छोड़ दिए । बैंक से कल्लूनाई ज्यादा पावरफुल है  ,abusive,1
1425,कुत्ता तू सुवर तू।   ,abusive,1
1426,सालो मैच फिक्स किया हुआ है मोरिस को क्या गांड मैं दोगे जानबुझ कर हारे हो तुम मैथ्युज ने एक बार भी बड़ा शाट खेलने की कोशिश नंही की  ,abusive,1
1427,ये सिमंस को दो बार फुद्दी मिल गई है यार आउट करो यार  ,abusive,1
1428,ये टट्टी तो गम्भीर है  ,abusive,1
1429,तेरी माँ की घाघरी चोरी कर ली क्या बीजेपी वाले ने  ,abusive,1
1431,बहुत घटिया हरकत है करवाचौथ का व सुहागिन की भावनाओं का मजाक उड़ाना इस हरामी के खिलाफ कानूनी कार्यवाही हो  ,abusive,1
1432,मादरचोद मादरचोद करते करते तुम पे मरते मरते ,humor,1
1433,ये साला जूमला है। जेटली ने गरीबो को ठुला दिया  ,abusive,1
1434,सभी भोलेभले नेकदिल सज्जनों और सभी हरामी टाईप के ठर्कियो को शुभ प्रभात,humor,1
1435,ये नहीं बोलने वाले कौन है भाई बीजेपी वालों के लिए इनका चंदा तो हराम का होना चाहिए  ,abusive,1
1436,ये फाडेगा तुम्हारी फुददी  ,abusive,1
1437,तू उन कोठे वाली रंडियो से बड़ी रंडी है  ,abusive,1
1438,तेरे जैसे लोगों की गांड फट जाती है मोदी के से जो फटनी भी चाहीये जरुरी है  ,abusive,1
1440,जिसको ज्यादा तकलिफ होए वो गांड़ मरवाकर सोए ,humor,1
1441,और वे भड़वे आपिये कांगी ही निकले ये सूअर किसी भी हद तक गिर सकते है  ,abusive,1
1442,साला दिल्ली में बैठकर कैंची की तरह ज़ुबान चलाया और हमारी जेब क़तर दी अब बुढ़उ के नाती पोते ऐश करेंगे ।  ,abusive,1
1443,चुदाई की सेक्स कहानी बड़ा लंड की प्यासी ओरत को खुश किया  ,abusive,1
1445,रिचार्ज करने वाले अंकल के रजिस्टर से लड़की का नंबर चुरा लेते हैं बहुत हरामी दोस्त हैं मेरे  ,abusive,1
1446,साला केजरीवाल से अच्छा तो लालू है जोकर ही सही पर पाखंडी तो नही  ,abusive,1
1447,तू वो हरामी है जिसे दिल्ली में ठंड से मरे लोग नहीं दिखे माल्दा की हिंसा नही दिखी लेकिन हैदराबाद पहुँच गया गू चाटने।  ,abusive,1
1448,तो ईतना गीर गये सुआर को भी काट लेते हो  ,abusive,1
1449,गुस्सा शैतान का हुनर है इसलिए हराम है। ,abusive,1
1451,किताबों से दूर भागते विद्यार्थी पूछते हैं अच्छे दिन कब आयेंगे कारखानों में हराम खोरी करते लोग पूछते हैं अच्छे दिन कब आयेंग  ,abusive,1
1452,साला क्या समय चल रहा है खाते है तो पचता नहीं कमाते है तो बचता नहीं ऐसा लगता है कि… बटुऐ में नाथुराम गोडसे    ,humor,1
1453,बेसन से बनाऊंगा पकोड़ा तेरी माँ चूसेगी मेरा लौड़ा    ,abusive,1
1454,जब कबाव और मांस ही हे तो सुअर का खाऔ बो भी लजीज होता है  ,abusive,1
1455,अब चिल्लता क्यू नही के जी पवन को घर ले आओ बोल कर हिंदूविरोधीकेजरूदोगलाहरामी  ,abusive,1
1456,तो आ जाओ न भाभी अपने इस देवर के लंड का मजा लो ।  ,abusive,1
1457,बस आज के एपिसोड की तूने जो माँ बहन करी है उसके लिए तेरी गांड चीरने का मन कर रहा है भाई कर दे अनब्लॉक भोसिडी के  ,abusive,1
1460,रे कुत्ता ये बता की ये नक्शा आप पार्टी ने पोस्ट किया था किस मकसद से।सूअर सवाल का जबाब देता नही और बक्वासी चोद रहा  ,abusive,1
1462,भाविक आ गया हरामी  ,abusive,1
1463,एक दिन में तीन या चार बार लंड चाहिए इस लंडखोर कुतिया को    ,abusive,1
1464,ओर तेरा फेकू सुवर ह ओर तू उसका चुया भक्त जिसको देशका विकास होते दिख रहा ह ओर पढ़ले बादमें औकाद की बात करना तेरी मा की  ,abusive,1
1465,पाकिस्तान सूअर हे ।सूअर था सूअर रहेगा।और सुअरो को मारने का आर्डर मिल बस जाये सुअरो को लात लात मारेंगे     ,abusive,1
1467,सबसे बड़ी रंडी सोनिया अब आएगी प्रियका चुदवाने  ,abusive,1
1468,साठ सालाकाले कारनामों का बुरका पहनोऔर हर सवाल हर समस्या से बचकर निकल जाओ  ,abusive,1
1469,जमातऐहरामी के मौलाना कजरुद्दीन ने शरिया कानून के समर्थन में जेहादियों से कहा की में जीता तो पत्थर मुफ्त दूंगा जी  ,abusive,1
1470,साले कुछ लोग बस बातै हि चोद सकतै है बस  ,abusive,1
1471,फ़ुद्दी जैसा देश बना के उछल रहे है । साला सिर्फ यूपी मूत दे तो वहा बाढ़ आ जाये।  ,abusive,1
1472,रबाडा ने दिया कंगारूओ के मुह अपना कला लंबा लौड़ा  ,hatespeech,1
1473,गब्बर कितनी बॉल बाकी थी बांग्लादेश बॉल गब्बर रन कितने बाकी थे बांग्लादेश सरदार रन गब्बर सूअर के बच्चों फिर भी हार गये  ,abusive,1
1475,केचप पीने में गांड लग जानी थी एक्टर्स की  ,abusive,1
1476,तेरी माको कटे हुवे लौवड़े पेले मादरचोद तेरा अल्लाह क्या तेरी मकी गांड से निकल था जो दिन भर उसका कटा हुवा लंड चूसते रहते हो     ,abusive,1
1477,नया जोगी गांड़ में जट्टा  ,abusive,1
1478,ये कांग्रेसियों का कोई पता नहीं कि क्या बोलेंगे  ,abusive,1
1480,आंटी ने २६ बार लंड लिया  ,abusive,1
1481,लंड उँट रहा है ,abusive,1
1482,यहाँ कोई ज्ञानी मौलवी हैं तो बतायें कुरान के हिसाब से इंग्लिश या संस्कृत पढना ज़ायज हैं या हराम  ,abusive,1
1483,ये आप भक्त भोसड़ी के भाग यहाँ से नहीं तो गांड में वही स्वराज घुसेड दूँगा आइंदा में पोकिंग की तो     ,abusive,1
1484,लगे हाथ लूली भी कटवा लेता पापिस्तानी साला  ,hatespeech,1
1485,और मूँह पर थूकेगा और बोलेगा कि जो किया हमने किया हरामी तुम हो ही कौन तुम हमारे गुलाम हो ।  ,abusive,1
1486,महोदय अभी भी बहुत ध्यान देने की जरुरत है।ग्राम प्रधान लोग अब टट्टी का भी पैसा मांग रहे है नही दिया शौचालय नही दे रहे ।कागजी आकड़ो से बाहर आए ,hatespeech,1
1487,भारत तेरे टुकड़े होंगे ,hatespeech,1
1488,आज का जनरेशन कौन सा जनरेशन है यंग जनरेशन या लंड जनरेशन साले सभी चूतिये हैं और बकचोदी कि हद पार कर  ,abusive,1
1489,देश के इस हालत का जिम्मेदार कोई नही सुअर राहुल गांधी और अखिलेश यादव है  ,abusive,1
1490,एक सिगरेट पिने के लिए पूरा पैकेट खरीदना वैसा ही है जैसे सेक्स करने के लिए शादी करनाचूत स्पा।।    ,abusive,1
1491,में दलाल मीडिया बाले सूअरपनती पर उतार आये है। ऐसे दलाल मीडिया बालों को चप्पल से मारना चाहिए। दंगा कराने की साजिश में है ये हरामी मीडिया बाले। क्योंकि इनका बाप गुजरात चुनाव हार रहा है तो ये किसी भी तरह से उसे चुनाव जिताना चाहते है अब ये लोगो को भड़काने पर उतारू है  ,hatespeechबाकई,1
1492,ये साला सूत्र और मूत्र कभी नही रुकता  ,abusive,1
1493,प्यार मादरचोद है और हम चूतिये करना दोस्तों ,humor,1
1494,सिर्फ पैसा बांटो मादरचोद बीजेपी ।। साले देश अंदर से खोखला होता जा रहा है इसका तो कोई खबर ही नहीं है ।ऐसा लगता है।। तुम लोग सिर्फ पैसा बटोरो  ,abusive,1
1495,हहहहह कुछ तो सही हुआ धरना से नहीं साला रंडापा ही मचता है बस  ,abusive,1
1496,हमारे बच्चोंको श्राप देनेवाले इस मादरचोद को तो हम अब नहीं छोडेंगे जहाँ भी मिले जूते मारेंगे मारेंगे गिनेंगे  ,abusive,1
1497,गायक कैसे नियाना वह आगे गार्डन जब गई हीरो सी लड़की गैस की लड़की नहीं है बूढ़ी औरत और उसकी गांड बहुत ही बुरी है  ,abusive,1
1498,मिश्रा तेरी तो आगे पीछे से गांड मार दी    ,abusive,1
1499,एक कठमुल्ला फतवा दे रहा है कि झींगा मछली खाना इस्लाम में हराम है। दूसरा कठमुल्ला कह रहा है नहीं झींगा मछली इस्लाम में हराम नहीं है। ये लोग सालों से बनेबनाए अपने हिसाब के मजहब दिनचर्या से अभी तक ये तय नहीं कर सके कि क्या खाना है क्या पीना है क्या पहनना है हद है यार  ,hatespeech,1
1500,मने सौ प्रतिसत खानदानी हरामी हैं सेकुलर ।    ,abusive,1
1501,नौकरी न हुई मिथुन चक्रवर्ती की बहन हो गई हमेशा मुसीबत में ही रहती है ,humor,1
1503,लालू इंसान होता तो चारा नही खाता साला चारा चोर    ,abusive,1
1505,गंजे हिन्दी के नाम का खाता है और भौकता है कातिल की जबान सुवर की याद आती है तेरी देख कै    ,abusive,1
1506,शतरंज इसलिए हराम किया गया है क्योंकि इसमें रानी बिना बुरखे के कही भी घूमती रहती है।     ,abusive,1
1508,साले चूतिया सीनियर दारु पी कर बकचोदी पेलते हैं मधरचोदों को दारु हजम नही होती तो पता नही पीते क्यों हैं बहनचोद    ,abusive,1
1509,जानकार गांड फट गयी की बड़े बड़े लोगो से हम संपर्क में हैं हेल हिटलर भाऊ     ,hatespeech,1
1511,वो सुअर और हलाला की पैदाइश था जिसने गोली चलायी    ,abusive,1
1513,देश का प्रधान सेवक गलत अरविंद केजरीवाल करे तो साला करेक्टर ढीला है प्रधान सेवक करे तो रासलीला है     ,abusive,1
1514,जब लगावेलू तू लिपिस्टिक हिलेला आरा डिस्ट्रिक साला व्हाट्स पे भी भोसड़ी वाले फर्जी चीजे भेजते रहते है। ,humor,1
1515,नीतीश कुमार की डीएनए रिपोर्ट आ गयी खून में नमक हरामी पायी गयी है  ,abusive,1
1516,लोग बहुत बुरे हैं यार और गंदे भी साला पीठ पीछे बुराई करते हैं हिम्मत है तो सामने से बोला कर नालायक मेरे सामने  ,abusive,1
1517,लंड जब छुये चुत तो आह निकलती है होंठ जब छुये चूची तो हम्माम निकलती है  ,abusive,1
1518,साला क्या मजहब है क़ुबूल ना करो तो सर कटाओ । क़ुबूल कर लो तो लुल्ली कटाओ । लुल्ली कटा ली तो अल्लाह मियाँ का टिकत कटाओ। ,humor,1
1519,मक्का हर वर्ष दुनियाभर के शांतिप्रिय समुदाय के लाखो सुअर जाते है उनपर कोई हमला नही हुआ क्योकि हमला करने वाले सब मुसलमान होते है खुलकर कहो। ,hatespeech,1
1520,कल कहरहेथे भाजपा का मातृ संगठन है।यानि माँ और भाजपा बेटा हत्त तेरी कीफिर सेमाँ बेटे की सरकारकी चपेटमें आ गया देश  ,abusive,1
1521,बीच सड़क पर गाय माता को काट के खा रहे हो अब और कितनी आज़ादी चाहिए सुअर का भी तो मास होता है उसे खाइये उसे खाने में कांग्रेसी की फटती है     ,abusive,1
1522,अब क्या करोगे भाई हमारे हिंदुस्तान मे सुअर को गोली नही मारी जाती उसका कीमा बनाया जाता है मोदी जी किमा बनाने का हथियार लेने गये है  ,abusive,1
1523,अब ये अब और हरामी नेता छोडेगें नहीं  ,abusive,1
1524,साला पेटमे आत नहि मुह मे दात नहि और देखते हो दुनिया दारी  ,abusive,1
1525,कल के बाद टाइमलाइन साला धुंआ धुआँ हो गया है ऐसा लग रहा है जीवनसाथी डॉट कॉम खोल ली हो। तमाम नारीवादियों से  ,abusive,1
1526,साला कन्हैया उस वक्त मर जाना चाहिए था ।  ,abusive,1
1527,लालू को चढ़ा लो सर पर। जिससे वो गोटाले पर गोटाले करे और गुजरात को बिहार बना दे। साला बुड़बक  ,abusive,1
1528,हरामी बोलने में शर्म आ रही है बेशर्म को  ,abusive,1
1529,सुअर को चाहे कितना भी हलवा खिलाओ तसल्ली तो उसे गु खा के ही होती है। नोट इस पोस्ट का हामिद अंसारी से कोई लेना देना नहीं है ,abusive,1
1530,मैं इस देश की सबसे बड़ी रन्डी बनना चाहती हूँ।  ,abusive,1
1531,प्यारी हनीप्रीत तुम जहां कहीं भी हो लौट आओ तुम्हें कोई कुछ न कहेगा तुम्हारे चक्कर मे न्यूज़ चैनल्स ने जीना हराम कर रखा है  ,abusive,1
1532,केजरीवालये साला योगेन्द्र एक नंबर का कमीना है लात मारो इसे आशुतोशभाई कैमरा चालु हे केजरीवालइंसान का इंसान से हो भाईचारा येही पैगाम हमारा  ,abusive,1
1536,सबसे ज्यादा बच्चे पैदा करनेवाले को सुवर की यादीमे रखा जाता है।  ,abusive,1
1538,ये जो करेगा वो सब सही बस ये साला पैदा गलत हो गया।  ,abusive,1
1540,अबे सूअर की औलाद तू अभी तक जिन्दा हे  ,abusive,1
1541,तुमलोगो को समझाना यार मूर्खता है पेल्टगनकी इजाजत देगा क्या बात है यारऔर मुस्लिम जो चाहे करे ये फैसला वही करेंगे थू है साला     ,abusive,1
1542,अब टट्टी भी देखने लग गए हो  ,abusive,1
1543,लोग तब तक आप को मूर्ख समझना बन्द नही करते जब तक आप उनकी गांड न मार् दो  ,abusive,1
1544,अरे सभी हरामी और देश के दुश्मन तीस्ता के साथ है।     ,abusive,1
1545,ये कुछ हरामी पत्रकार हराम की खखा कर गलत रिपोर्टिंग कर रहे हैं हराम की औलादें ऐसी ही होती हैं  ,abusive,1
1546,निर्भया के साथ उसके साथ बर्बरता करने वाले मुल्ले को इस सुप्रीम कोर्ट ने इस्लाम का हवाला ही देकर छोड़ा है भले नाबालिक का रंडी रोना रोये     ,abusive,1
1547,ये बहनचोद मोदी जी को मुख्यमंत्री पद सेभी हटाना चाहता था पर आडवाणी जी ने ऐसा नही होने दिया इस मादरचोद बात मत सुनो  ,abusive,1
1548,सारे भड़वे चैनल इसी मुद्दे पे लगे है।कोई अन्नदाता की बर्बादी की सुध भी ले लो।  ,abusive,1
1549,साला परिवारवादी कुनबा मुस्लिमो को चूतिया और हिन्दुओ को बाट कर राज कर रहा था।हिन्दू ने एकता की मिसाल रखी में  ,abusive,1
1550,देशद्रोही नमक हराम ४४ से २०१९ में ४ पर सिमटेंगे  ,abusive,1
1551,जाओ गांडू रंडुआ ही मरोगे  ,abusive,1
1552,तेली साला गाड मराना भी सीख लिये होता से ।चुनाव से पहले वो दुबइ मे दाउद से गाड मराना ही गया था । याद है कि नही तेली  ,abusive,1
1553,चूतिये साल पहले ही गांड में सुला डाल देंगे।। धमकी तेरे बाप को दे जाके।। चूतिये  ,abusive,1
1555,आंटी की चूत उनके ही किचन में चोदी  ,abusive,1
1556,अभी दिखाता हू्ँ तुझे अपना लण्ड  ,abusive,1
1557,हर सर्जिकल स्ट्राइक के समय सेना की गांड में कैमरा लगा के इन्हें आगे रखेगी जिससे इन्हें प्रूफ मांगने की ज़रूरत ही ना पड़े  ,abusive,1
1558,साले गदहे इसमें मुस्लिम और इसलाम को कयों घसीटा बेहराम की औलाद।  ,hatespeech,1
1559,दीपक भैया हम समझ रहे हैं लेकिन कोई बात नहीं है हिंदुत्व को आप जैसो की आवश्यकता है और जो आज आपको अपशब्द बोल रहे है सभी रंडी की औलाद है । मैं आपके साथ हु ।।। जय श्री राम  ,abusive,1
1560,सुना है अकबरुद्दीन ओवैसी ने कल गाँड धोने वाला लोटा छीन लिया है।अब क्या हगने के बाद गाँड भी नहीं धोएगी अवाम मैं  ,abusive,1
1561,और सुअर का गु खाने वाले सनातनी देवदासी का बचाव कर रहे ।ब्ज्प के भाड़ ,hatespeech,1
1562,पता नहीं हमारी सरकार क्यौं खामोश है पाकिस्तानियौं और इन सुअर कश्मीरियौं को तोप से उड़ा देना चाहिये  ,hatespeech,1
1563,भारतीय अबे साला तेरा देशमे तो गधा भि राजनीति कर्ता हे नेपाली ती गधालाइ राजनीति सिकाउने खच्चड त तेरै देश को होनि त होइन र,hatespeech,1
1564,भाई पटना में गीन के पोस्टर दिखे और सवा आपिये जा मुन्ना बिहार के सूरदास के लिए लौड़ा हिला  ,abusive,1
1566,पाकिस्तान समर्थक देशद्रोहियों से ज्यादा हरामी और देशद्रोही उनके समर्थन में एडी चोटी का जोर लगाने वाले पत्रकार और नेता हैं। पहले इनकी दवा करे  ,hatespeech,1
1567,छोटी गंगा सा पवित्र कहता था ख़ुद को मगर साला गंदे नाले से भी गन्दा निकला।  ,abusive,1
1568,हम ख्वामखाह में उसे कमल समझते रहे वो तो साला हसन निकला।  ,hatespeech,1
1569,गधे के लंड की तरह  ,abusive,1
1570,अबे घोंचू बाथरूम मैं बैठा है ठीक से हग ले ये ट्विटर पर बूंदा बांदी क्यों कर रहा है ऐसा सुना है तू राहुल का टट्टी धोता था की कुर्सी पाने के लिए  ,abusive,1
1571,दलित पुत्री लाता जी वेरी गुड जी ईंट से ईंट बजादो जी इन भक्तो की आपको बोलते है बोलते है   ,hatespeech,1
1573,मादरचोद सबकी गाँड़ फाड़ी जा रही जो  ,abusive,1
1574,तेरि अ्म्मी मेरि मम्मी तेरे अप्पा मेरे तेरि मोउसि मेरि आला तेरा भाइ मेरा साला  ,abusive,1
1575,सौ हरामि मरे तब ये मणि शंकर अययर जनमा होगा  ,abusive,1
1576,गांड तो तेरी जल रही जल रही है इसलिए ऐसे लिख रहे हो गन्दी नाली की पैदाइश  ,abusive,1
1577,इनको तो पिछवाड़ा बहुत पसंद है लेना भी और देना भी तभी चीनियों से मरवाते रहते हैं दिन भर चंद पैसों के लिए साले भिखारी सुअर हैं सब ,hatespeech,1
1578,ये साला मेन्टल लगता है जब देखो तब बिना बताये देश छोड़कर फरार हो जाता है और वापस आने पे वही पुराना डाइलोग सूट बूट की सरकार।  ,abusive,1
1579,ख़ुद पर हराम समझा समर के हुसूल को जब तक शजर को छाँव के क़ाबिल नहीं किया फ़राग़  ,abusive,1
1580,के ट्वीट देखें ओहो यह रंडी की औलाद फिर आ गया अपनी बहन चुदाने  ,abusive,1
1581,भड़वा गिरी बंद करो कोई न्यूज़ लिखो।  ,abusive,1
1582,कार्तिक बन्दूक वाले की गांड मार ली ना सर का पता ना पैर का  ,abusive,1
1583,का वही पुराना रंडीरोना  ,abusive,1
1584,अगर हिन्दू सूअर का मांस खाते तो मुसलमानों का भारत में जीना हराम हो जाता।कमसेकम मुसलमानों का तो धर्म भ्रष्ट नही होता। हिन्दुत्व पर गर्व है  ,abusive,1
1587,राजनीती के नाम पे धंदा करने वाले इस देश की सासक अब तक जो भी आए सालम ये सब ओ निर्लज भडुए है जो अपनी पत्नी की धंदा करवाक अपनी बचो को बेच के उसके पैसों से आयसि करते हे। ठीक उसी तरह पाकचीन भारत माता की कब्ज़ा होते हुए भी ये चुप हे रोज़ इस घरसे लाशें उठती हे ये खामोश रहते हे।  ,abusive,1
1588,ऒर कितना मुत्तहिद होगे कश्मीर मे पंडितों का जीना हराम कर दिया तुमने हम कहां जाएंगे तेरे तो ५७ देश हैं सूवर।     ,abusive,1
1589,बंदर को दी हल्दी उसने ले अपनी गांड पे मेलडी।अरविन्द केजरीवाल    ,abusive,1
1590,साला एक त्रीकोणीय मुकाबला तो और के बीच में भी चल रहा है कौन बडा़ दलाल है  ,abusive,1
1591,ये अरविंद मेरे को ना तेरे घर का पता दे रे बाबा साला एक लाथ मारनेका है रे  ,abusive,1
1592,किरणजी ये मुल्ले ऊपर तक ह नहीं सब सुमेर का जंगलों में सुअरों के कुनबे में पैदा हो रहे हैं सूअर हरेक को     ,abusive,1
1593,माँ की चूत जाकिर नाइक की।  ,abusive,1
1594,भड़वे ये श्री राम हटा दे  ,abusive,1
1595,जरुर पिछे से हि निकला हे सालासोते जागते हरदम तेरा साला पिछे से सोचना सुरु होता है||  ,abusive,1
1596,इस हरामी का नाम सुरजवाल नही सुअर का बाल नाम होना चाहिए इसकी माँ बहन बीबी सब बिना घूंघट के ही रहती है बेशर्म बन कर हरामी वही ये बया कर रहा ह     ,abusive,1
1597,साला सूतियापे की हद हो चुकी हैअन्ना कैसे कैसे लोकपाल पैदा करके गये जो कोढ़ से कम नहीं है  ,abusive,1
1598,एक मुसलमान मार गया हराम जानो की अम्मा मर गई देश मैं इनटॉलरेन्स आ गई ईडिया ऑफ इंडिया की मा बहन एक हो गई   ,abusive,1
1599,अबे तेरे जैसा सुअर इस भारत माँ की मिट्टी में कैसे जन्म ले सकता है तू पक्का मुल्लो के पवित्र त्योहार हलाला से ही पैदा हुआ है     ,abusive,1
1600,साला सुधर नही सकते तुम ओछी राजनीति ओछी जबान ओछी नियत ठरकी सोच कोई गलत महूर्त में पैदा हो गए आप अब अच्छा सा महूर्त देख कर चल बसो  ,abusive,1
1602,अरे ओ हरामी सेक्युलर कुत्ते बकचोदी मत कर वो दुबई का मुसलमान राम बोलता है हिंदुस्तान का मुसलमान भारत माता की जय बोलता है क्या ,abusive,1
