ID,Text,Sub-task A,Sub-task B,Label
C36.880,Sir cgpsc ka current affairs bnaeye,NAG,NGEN,0
C4.309,Jai Shree Ram 🙏🇮🇳🙏,NAG,NGEN,0
C59.1248,Jio brro,NAG,NGEN,0
C4.576,Aap movies mat dekho,NAG,NGEN,0
C21.172,Aap aapke review videos ese choti length ke hi banaya karo,NAG,NGEN,0
C36.694.2,physically check karke hi lete hain unko gay log hote hi nahi hain,NAG,NGEN,0
C38.624,faltu....,NAG,NGEN,0
C36.413,"SAHI HAI, AGAR HUME WORLD K SAATH AAGE BADHNA HAI. TO KANOON B WORLD KI TRAH
BUNANE HONGE . HUME PHYSICAL STRENGTH OR DESHBAKTI CHAHIYE. PERSONAL LIFE SE
MATLAB NAHI RAKHNA CHAHIYE.",NAG,NGEN,0
C4.316,Bhaiya tumhari batein dimag mein ghus ke sochne pe mazboor kar deti hain.,NAG,NGEN,0
C45.345,Hi Karte Ho video dikhao,NAG,NGEN,0
C59.1321,Jio Boss,NAG,NGEN,0
C7.1540,"Bhai app sensor board ka member thodi hoo,Gyan mat do review karo",NAG,NGEN,0
C7.295,Kabir Singh Movie dekhni hai link <https://youtu.be/i9QCYiTlBmU>,NAG,NGEN,0
C7.357.1,pallavi shahdeo hmmm,NAG,NGEN,0
C7.420.5,@Shubham Bodade aur tu kabir singh dekh karr ganjedi bann ja,NAG,NGEN,0
C26.244,Judge ko v lapet lena chahea tha,NAG,NGEN,0
C4.2213,"Kabir.....jesa imagine kia tha maine already....  
Lag raha tha kabir singh pe bhi bhai kuch bolenge",NAG,NGEN,0
C4.1858,Maine movie dekhi nahi...par review dekh lar laga ki accha hua nahi dekhi 😂😂,NAG,NGEN,0
C43.165.2,"@kamal ranjan are bhai Maine bhi toh wo hi kha wo ""not in public means"" public
mein nhi karenge jaise pahle private mein karte the waise hi karenge Lekin ab
woh sabke samne apna relationship Ko accept kar pyenge 🙏🙏 faltu mein kyu daant
rhe ho 😁",NAG,NGEN,0
C7.2377,Bigil k poster ka bhi review krna sir,NAG,NGEN,0
C19.184.3,Bekar h kya movie ?,NAG,NGEN,0
C7.1150,मैं तो सिर्फ साउथ की फ़िल्म देखता हूँ या हॉलीवुड,NAG,NGEN,0
C7.2187.1,"MAIN POINT YEH HAI KI .... KABIR SINGH ANGRY PASSIONATE ZIDDIII INSAAN HAI...
.... USKO JAB GUSSA ATA HAI TAB MEN WOMEN KUCH NEHI DIKHTA HAI....",NAG,NGEN,0
C4.1807,"[8:07](https://www.youtube.com/watch?v=N_ZMfQMZos0&t=8m07s) ladki aayi ladka
ko pyar ho jata hai...  
Kaise pyar ho jata h bhai?  
Phir vahi bollywood ka purana formula..  
Ladke ne ladki ko dekh liya 😅😅  
Khatam baat pyar ho gaya itna ho gaya ki av vo mar jayega uske liye 😅😅😅",NAG,NGEN,0
C20.299,Jasleen kaur pe bana h 😂,NAG,NGEN,0
C21.78,अगर महिला सहमति से करती है तो ये रेप नही माना जायेगा,NAG,NGEN,0
C4.881,"bhai alag se aakar videos dekhne pad rhe hai......youtube se recommendations
nhi aa rhi aapke videos ki.....saare button daba rakhe hai",NAG,NGEN,0
C7.2067,"Kaun hai ye liberals  
Kaha se aate hai ye log",NAG,NGEN,0
C21.151,"Movie dekhne ke bad aur uske bad prateek bhai ka review yaisa lagta hai jaise
sone pe suhaga.",NAG,NGEN,0
C7.625,"Bhai koi love wala ya 1k likes wala option hota toh is video ke lie bnta wo  
Thanku bhai. Iski bahut zrurat thi  
🙏 🙏 🙏  
Inka muh band krne ki bahut zrurat thi",NAG,NGEN,0
C4.319,"C'mon man , itni bhi kharab nahi thi jitna ye admi bata raha hai.  
Mujhe toh yeh lagta hai k iska ego hurt ho gaya hai k itni ichhi movie
'bollywood' se kaise ban gayi.",NAG,NGEN,0
C59.986,Mst bro,NAG,NGEN,0
C7.1429,O stree friendhip karogi ?😂,NAG,NGEN,0
C7.271,"Pratik Bhai movie ka review Karo aur uske details me baat karne ke liye alag
video banaya karo please",NAG,NGEN,0
C4.2044,"Jo Bollywood Bajirao Peshwa ka Devdas type pyaar ke chakkar mein pagal hokar
marne wala character bana de....",NAG,NGEN,0
C7.944,O stri friendship karogi???,NAG,NGEN,0
C26.115,Bhaut sahi kiya,NAG,NGEN,0
C36.667.1,"pls mujhe de do sir. mai job khoj khoj k paresan ho chuka hu. maine 2 lac rs
ek froud se gawa diye",NAG,NGEN,0
C7.2072,sir titanic movie ka review bnao plzzz,NAG,NGEN,0
C4.1726,"Sundar dikhne se pyar kaise ho jata hai yaar mujhe aaj tak samjh nahi aaya...
Human being kitne bewakoof hote hai yaar",NAG,NGEN,0
C36.1149.4,@Deepak Goyal shayad Bhagavad Gita Mai ho jawab,NAG,NGEN,0
C19.172,Puri movie hi dikha do ....Yahi pe,NAG,NGEN,0
C4.913,"Tu real hein vai!  
Emotional hoke keh raha hu or nehi.....tui az tak jo kaha hein, o true hue aya
hein.",NAG,NGEN,0
C68.494,Vii Kaya diya vii,NAG,NGEN,0
C7.499,"Mastt movie h bhai , Mazaa aa gya dekh k movie...😊👌👍👍",NAG,NGEN,0
C23.51.3,to kya rating kya honi chahiye apke point of view se,NAG,NGEN,0
C59.221,Ranu ka num 9884057000,NAG,NGEN,0
C7.1770,"[0:40](https://www.youtube.com/watch?v=J2J5ssSP5yQ&t=0m40s) literally jo
sukoon Mila na.......",NAG,NGEN,0
C21.211,"mujhe lagta he ab afear aur live in releastion walo ko agrement paper banana
chaiye jisme likha hoga ki hum sex apni marzi se kar rhe the,  
isse aisa hoga ki ladki ladke pe raip ka aarop nahi laga paayegi,,,  
kyu ki is desh me ladkiya sabse jyada difalter bhari hai,,,  
kyu ki har mard ko sex chaiye,,,,  
lekin galat faida ladki utthati hai,,,,  
is liye releation rakhne walo ko coart ka agriment paper sign karna chaiye,
jisse koi bhi ek dusre pe aarop naa laga paaye,,,,  
please is idea pe video bana do,,,",NAG,NGEN,0
C4.829,"Bhaiya maine bhi apne dosto ko yahi bola ki kuch nahi h wahi story ko baar
baar naye chehro ke saath dikhaya jata h par mere chutiye dost to movie dekh
ke pagal se ho gye the",NAG,NGEN,0
C7.1277,Another kamaaal review.... Aaj hi dekh k aaya film 😊😊😊😊😊,NAG,NGEN,0
C38.55,"She : Chasmay bohat acchay hai aapke  
Car wala : meri wife lithi",NAG,NGEN,0
C7.592,ओ स्त्री friendship karogi 🤣🤣,NAG,NGEN,0
C7.1225,"bhai tumhari beard(dadhi) ko kya hua  
ek taraf se jyada ek taraf se kam",NAG,NGEN,0
C4.1851.3,Sun li Bhai NE baat,NAG,NGEN,0
C36.732,Jai mata ji ki sa,NAG,NGEN,0
C7.152,"Critics mafia Kam stars de rahi hai..mathlab film definitely desh ke liye aur
logon ke liye accha hai ..",NAG,NGEN,0
C7.762.3,"Us ladki ne Kabir Ko khud ghar pe Bulaya tha... Film thik se nahi dekhi kya ??
Ya samajh me hi nahi aayi film ??",NAG,NGEN,0
C59.1371,Ap ka kya hoga cinabab ali?,NAG,NGEN,0
C25.467.1,ashish sir with ashish sir gawar larki aisi nhi hoti. Wo sidhi or bholi hoti h,NAG,NGEN,0
C4.835,Mene bola tha ye bnda sandeep mashewari se bhe acha h,NAG,NGEN,0
C7.483,Ak tali to apki soch ko 😡😡,NAG,NGEN,0
C7.934,"guyz please watch this video. sahi galat shayad smajh aa jaye  
<https://youtu.be/nNekk07Qt2g>",NAG,NGEN,0
C7.1671,"Bekar ka bat nhi kar ke picture ke bare me bolo na lamba chowda video banana
band kar de pls",NAG,NGEN,0
C21.122,"Movie ke Pahali line se hi Interest Ban Jata hai... Instant connection Ban
Jata hai... Briliant Movie...",NAG,NGEN,0
C21.35,200 k ho gaye 😀,NAG,NGEN,0
C7.224,"Bhai koi mujhe bata sakta hai wo background music kabir Singh jab uske bhai ke
bachelor party me entry krta hai tb ek DJ music type lgaya tha mast tha  
I say this is how aisa kuch to words sunai de raha tha usme",NAG,NGEN,0
C7.1407.1,sourabh shukla nhi,NAG,NGEN,0
C4.1528,Kya bhai aaj hi saal bhar ka video daloge itna kaam ufff😂,NAG,NGEN,0
C4.1161,बॉलीवुड की koi मूवी बताओ जो देखने लायक हो,NAG,NGEN,0
C4.476,"M likh k deta hun apni gf r female frnds k karn adhe bando n ye movie dekhi
h...",NAG,NGEN,0
C10.1429,Bjp hai hai,NAG,NGEN,0
C36.860.3,भाई हिन्दी में टाईप करने मे टाईम ज्यादा लगता है। बस और कुछ नही।,NAG,NGEN,0
C7.2571.3,"To tu mat dekh, hame to aise hi videos dekhne Hai, keep it up pratik Bhai",NAG,NGEN,0
C4.1823,Joker karo plz,NAG,NGEN,0
C29.22,Jai Shri Ram,NAG,NGEN,0
C4.796,Kutton ki tarah pyaar matlab ?,NAG,NGEN,0
C9.213,"Saurav ji aap mujhe bahut psnd ho ..aap jo kahte ho o psnd h ..or main apne
frnd ko v bolta hu o apko sune...mgr main netanagri k karan maine ye chod diya
h ..bcz rajdip jo bat krta h ...saf saf dikhta h..1 paksh k bare me hi bat
krta h ...usne ek bar v anudti roy ko bura ni kaha ???",NAG,NGEN,0
C19.93,Akshay khanna dabardust actor hai,NAG,NGEN,0
C4.179,Swethabh bhai bahot badiya review tha,NAG,NGEN,0
C59.1043,Jio.......😎😎😎😎,NAG,NGEN,0
C23.33,Bhai app youtuber ke allava app kya kaam karte hai ?,NAG,NGEN,0
C4.1852,"O:04 aaj hum baat karne wale h shahid khan movie ke bare me..  
Shahid khan.? Nai kabir khan? Nai kabir singh, shahid Kapoor kya bol raha hun
main.! 😂😅",NAG,NGEN,0
C4.17,Ye to bghwan h yrr,NAG,NGEN,0
C7.2260,Sir apka review sunke bohot accha laga...,NAG,NGEN,0
C21.293,"Nani's  
gang leader karro bhai.please",NAG,NGEN,0
C7.2068,sir plzz titanic ka movie review kijie request h plzz,NAG,NGEN,0
C9.60,"Arundhati Roy bilkul sahi h  
unka matlab hai...nrc npr ka boycott karna",NAG,NGEN,0
C4.731,319dislikes.. Koun hai yeh log...,NAG,NGEN,0
C7.2570.1,Shutter Island bhi dekh lena bhai,NAG,NGEN,0
C4.1741,Aap likh do ek movie bro,NAG,NGEN,0
C7.601,Movies ek number,NAG,NGEN,0
C33.52,Yaar punjabi ch ve banaea kro video,NAG,NGEN,0
C36.1157.1,Jald hi main ispe video banunga thoda Kam Baki h,NAG,NGEN,0
C7.1635,"nice review but vedio kj lenth km rakha kro yar q kj 16 17 min ka time dekh kr
dil nhi hota vedio pr click krne kq",NAG,NGEN,0
C7.163,O स्त्री friendship karogi 🤣🤣🤣🤣🤣🤣🤣🤣🤣🤣🤣🤣 osm,NAG,NGEN,0
C7.348,Sahi bhai,NAG,NGEN,0
C32.159.3,Kaha,NAG,NGEN,0
C19.162,Jurur dekenge bhai,NAG,NGEN,0
C21.31,"Sahi baat hai mainey English kafi zyada ae film but its film is very good and
such a content based movies are needed and i hope end main failsa sahi ata
lekin best ae",NAG,NGEN,0
C21.343.2,@Heart Hacker aur bhi bahut kuch hai...........,NAG,NGEN,0
C4.2228,"[1:20](https://www.youtube.com/watch?v=N_ZMfQMZos0&t=1m20s)  
Chair ka hi awaz hai bhai ne paad nai mara 😂",NAG,NGEN,0
C9.253.2,Ab hum karenge to tumhe Burma lag jayega,NAG,NGEN,0
C19.142,film to kl aa rhi h yar,NAG,NGEN,0
C4.40,"Bhai web series m sirf gaali aur sex hota h vedio bnaao bade bhai youth ko
smjhao",NAG,NGEN,0
C21.131,A1 movie Hain sir,NAG,NGEN,0
C7.398,Shi bol rhe ho bhai,NAG,NGEN,0
C7.2538,"bilkul sahi kaha hai sir, we all support you👌👌👍",NAG,NGEN,0
C7.90.1,"Simple si baat hai... Kyu ki un films me Drink, smoke in baton Ko glorify Kiya
Gaya hai... Jaise ki Veere di wedding, Four More Shots please etc.  
Par Kabir Singh me drink karne Ko uske jivan ke ek bure Daur ki tarah Dikhaya
hai ! Aur ending me Kabir ke pitaji use kehte bhi hai drink chhodne ke liye !",NAG,NGEN,0
C23.43,Bhai main sirf aap hi ka review dekhta 😊😊,NAG,NGEN,0
C21.191,Iss movie ke bare mein baut reviewers ko nahi pata,NAG,NGEN,0
C4.1819,"mere ko ye movie bilkul h bakwas lgi, puri dekhi tk nhi..",NAG,NGEN,0
C7.1579,Break the chains dude 🤣🤣🤣 bhai aapne mann ki baat keh di,NAG,NGEN,0
C36.686,army me abhi bhi ye loag hai.. mere dosto ne bataya hai,NAG,NGEN,0
C33.2,Ha buhut acchi lagi .... buhut comedy thi end buhut accha hua,NAG,NGEN,0
C9.157,Ranga billa 😝,NAG,NGEN,0
C59.367,Lol Ranu mandal😠😠😠😠😠😠,NAG,NGEN,0
C7.523,Are movie ka review kab kroge😂😂😂,NAG,NGEN,0
C7.1850,Yeh Movies talk ke baare mei baat kr rha 🤣🤣,NAG,NGEN,0
C68.76,Atssa laga,NAG,NGEN,0
C19.27,isse Accha mobark sir hai,NAG,NGEN,0
C7.2485,"Bhai sirf T SHIRT ki wajah se subscrine kiya same Tshirt hai L
Size..[wyo.in](http://wyo.in/)",NAG,NGEN,0
C4.1147,very nice ...mujhe b kabeer singh movie ekdam ghatiya lgi,NAG,NGEN,0
C4.721.1,"Tu movie. Dekh kr khush ho bhai 2 ghante ki movie ke baad ab jee aur neet
clear hoga, ye sahi me bahut achhi movie hai tum wapis dekho bollywood ki
**unique** story 😂😂😂",NAG,NGEN,0
C4.733,Mai hairan tha ki kabir singh itna popular hua hi kyun...,NAG,NGEN,0
C7.661,"<https://youtu.be/47uX4qwlVnQ>  
  
Dekho vai BBC wale a kya bol rahi hain!!!",NAG,NGEN,0
C4.1830,"Apna bhai ab de raha h kabir singh ka review jab ye movie max pe aati h
Sooryavansham ke saath .  
Bhai ek kaam kas kar kal Sooryavansham ka bhi review post kar dena .",NAG,NGEN,0
C36.1107,Ye sb to thik h......bt ye gays ko identify kaise krenge,NAG,NGEN,0
C7.2390,Bahut sukun mila bahut sukun mila☺☺☺☺☺,NAG,NGEN,0
C4.1899,Arre Bhai Bhai Bhai Bhai 2 din me 4 videos😎😎,NAG,NGEN,0
C9.179,Ye rajdeep kabhi nahi sudhrega √,NAG,NGEN,0
C7.857,Sahi se shave nh kiye ho kya bhaiya... Ek side trimmed h aur ek side nh😂😂,NAG,NGEN,0
C4.783,Ap sahi bol rhe h sb faltu h,NAG,NGEN,0
C4.1404,"Abhi Tak nahi Dekhi
[#kabirsingh](http://www.youtube.com/results?search_query=%23kabirsingh) 😬",NAG,NGEN,0
C7.878.2,Sachchai kadvi Hoti hai !!,NAG,NGEN,0
C7.2556,"Bhai reply Dena  
Review ke baad aur Kya job karte ho  
Sare movie kaise dekh lete ho",NAG,NGEN,0
C7.1575,Pls Arjun reddy movie ka link bhejo,NAG,NGEN,0
C38.763.1,shobhit kumar q kya galat hai isme?,NAG,NGEN,0
C7.1766,Oh hooooo pratik bhai aapne to keh k le li😜😜😂😂,NAG,NGEN,0
C33.129,"I am tomboy or jisko apni faltu ki bkwas krni krta rhy 377 act ny gay or
lesbian person ko Jaan di hy",NAG,NGEN,0
C7.2252,Sabit kya karna chahte ho film se....,NAG,NGEN,0
C7.2379.4,Jai Shree Ram,NAG,NGEN,0
C32.139,"Omg my god  
  
सभी कलाकारों को बधाई हो",NAG,NGEN,0
C4.1103,"SIR AAP HAMESHA LADKI KE BAARE MAI KUI DISCUSS KARTHE HO....KAHI AAP KA BHI
LADKI BAAZ TOH NAHI HO? J",NAG,NGEN,0
C26.224,"bhaijaan tum to mara bhai hoo , i believe in eye for an eye, tumna to 4 lashea
bichea ha, mana to tabbar he khatam krna ha , ak baar wo case waps lala, unki
ma maa chod ka rakh doonga, pehla to apni saas ko chodunga jisna mujpa jootha
case kia haa , mera baap pagal ho gyaa haaaa unki waja saa !!!",NAG,NGEN,0
C4.91.1,"@Kishan Mishra agar characters hi itne matter rakhte hai toh phir salman khan
ke tere naam wale character ko logo ne itna pasand kyun kiya.",NAG,NGEN,0
C19.125,Mubarak ka review jyada achha hota hai,NAG,NGEN,0
C10.488.1,Itna patience arnab ko pehle baar dekh rha hu.,NAG,NGEN,0
C4.1332,"Bhai ek video tiktok k baare main bhi banayo plz. like guys for tiktok
chutiyapa roast",NAG,NGEN,0
C7.274,four more shots me jay nakara hai?,NAG,NGEN,0
C38.269,"Jo aadmi kehe reha tha khatam kar dunga....mujhe dr lag reha tha ki
kahin.....sherya aur timeliners walon ki hi na ""khatam"" karde....😂😂😂😅😅",NAG,NGEN,0
C4.1501,"Bhai... Maine toh """"Kabir Singh"""" Movie dekhi hi nhi... pata tha Chutiyapa se
bhaaara hua hoga...... 😂😂😂😂😂😂😂😂😂😂😂😂😂😂.......",NAG,NGEN,0
C4.497,broo salil jamdarr ka bhi item songs par parody h...,NAG,NGEN,0
C4.1798,"bhai You are right but audience jo chahti hai wahi dikhayegi na bollywood?
Audience ka taste kab change hoga?",NAG,NGEN,0
C4.746,"America se india ko compare krne baad ye point aata hai ki .  
India me jo trend yaa problem abhi chal rhe hai wo America me 1940-1950 ke ass
paas chal rahe the....",NAG,NGEN,0
C10.1049.2,chutiya ho tum nrc aanewala kagaj jama karo.,NAG,NGEN,0
C36.682.1,@Gaurika Fry By Ritwik ye sabh bakhwas hain,NAG,NGEN,0
C4.1027,"Are dada 🤪🤣  
🙄😄🤩kitni galti  
Sahid khan .... Kabir khan .....kabir singh",NAG,NGEN,0
C7.2359,"bilkul shi bol rhe ho sir 😍😍😍, chlo koi to hai jo ese logo k khilaf bol rha
hai....👏👏👏👏👏👏",NAG,NGEN,0
C29.17,बहुत सही जानकरी,NAG,NGEN,0
C45.229.1,Bade bade kele ke sath,NAG,NGEN,0
C7.1687.3,@L Lawliet q beta tera mami bula rahi h kya milne ko fursat me😂😂😂😂😂😂,NAG,NGEN,0
C4.1146,"Ye saali chutiya film kabir singh abhi tak dekhi nhi, but mere dost pagal ho
rkhe iske songs k liye",NAG,NGEN,0
C4.1846,Mass hypnotism chal Raha he,NAG,NGEN,0
C10.80,Arundhati ☠️☠️☠️☠️☠️,NAG,NGEN,0
C7.1676,"They dont know a man's feeling.actual me ek ladka jab true love me betrayed
hote hai to yehi feelings ate hai unke ander.sandeep bhangra knows inner
feeling of a man.aur woh feelings woh khut khut ke bhardiye is film k
ander..har ek scene itna realistic hai ke mai kya batau..",NAG,NGEN,0
C4.1256,"Bahut achha bhai...  
Thanks....",NAG,NGEN,0
C20.305.1,Wahi to aaj tak bhi ek mystery h,NAG,NGEN,0
C36.1023.1,Sahi kaha bhugat rage hain hum aaj,NAG,NGEN,0
C7.1587,Bhai bht mast👌👌👌👌👌👌👌,NAG,NGEN,0
C4.1457,Sashi taroor ke thisri aulad!,NAG,NGEN,0
C7.1394,Free mein Online se dekh ke revew de rahi ho,NAG,NGEN,0
C4.1964,"[7:26](https://www.youtube.com/watch?v=N_ZMfQMZos0&t=7m26s) satya kaha gaya
hai...😂😂😂",NAG,NGEN,0
C7.730,Ek Dum Sahi bhaiya mere mooh ki baat chura li aapne,NAG,NGEN,0
C68.1340.4,Bangla sentence dikhao,NAG,NGEN,0
C26.258,jahangir bhai ne to ghazab ka kaam kiya,NAG,NGEN,0
C4.2141.4,"@ching pong bhai meri jaan... 2 saal +2 bs... Mera 7 saal ka relation hai...
25 age hai... Experience age aapse zyda h... Achi bat h agar lyf tym sath
rhe..... Or bhgwan na kre agar breakup hua kch hoge... To nam yad rkhna RAHUL
SHARMA.... Move on krna bhot hard hota hai...",NAG,NGEN,0
C7.849,"**प्रशासक समिति✊🚩**  
  
😡😡😡😡😡😡😡😡😡  
 **आर्यो को आंतकी बताने वाली नेटफ्लिक्स की सीरीज जिस को हुमा कुरेशी (जिहादी)
बना रही है , हिंदुओं और हिन्दू राष्ट्र को बदनाम करने का काम किया जा रहा है।
100 करोड़ हिन्दुओं के देश में हिंदुओं को ही बदनाम किया जा रहा है😡😡😡😡😡**  
  
 **इस सीरियल मे आर्य बाहर से आए और बच्चों का अपहरण किया, गौ मांस खा कर देश मे
फैल गए ऐसा दिखाया गया है**  
  
**😡कुछ स्थानीय कुरीतियों का सहारा लेकर पूरे हिन्दू समाज ओर सनातन धर्म को गलत
तरीके से दिखाया जा रहा है**  
  
 **🚩हिंदुओं ने तो अपनी कुरीतियों को समझा और संघर्ष कर उन्हें दूर भी किया और अब
भी कोशिश चालू है, लेकिन इन जिहादियों🐷 ने कभी अपनी कुरीति नहीं दिखाई और न ही
उन्हें दूर करने की कोई कोशिश की✊**  
  
 **😡खतना, तीन तलाक, हलाला, मुताह, बकरीद ओर बेजुबानों की हत्या, बुरखा, ओर
असंख्य कुरीतियां भरी पड़ी हैं लेकिन इसिपर इन जिहादियों का ध्यान नहीं
जाता😡😡😡😡😡😡**  
<https://youtu.be/1HfIlxdxRhE>  
  
**आखिर कब तक हिन्दू सहन करेगा, कब तक अपने धर्म का अपमान सहता रहेगा...ओर
क्यों🤔🤔😔**  
  
 **🤺जागो हिंदुओं अपने धर्म की रक्षा करो अन्यथा एक दिन आएगा जब तुम्हें रक्षा की
आवश्यकता होगी और तुम्हारी रक्षा करने कोई नहीं आएगा😔**  
  
 **इन जिहादियों🐷 का पूर्ण बहिष्कार ओर जबरदस्त प्रतिकार होना चाहिए😡😡😡🤺**  
  
[https://m.facebook.com/story.php?story_fbid=3329309197094463&id=2262905757068151](https://m.facebook.com/story.php?story_fbid=3329309197094463&id=2262905757068151)  
  
🙏🚩🇮🇳🔱🏹🐚🕉",NAG,NGEN,0
C7.1617,Kaha milte h aise log,NAG,NGEN,0
C4.94,Bhai ap bhi director bn jao shyad koi achi movie aa jye market mai 😂,NAG,NGEN,0
C21.266,Dream girl ka karo pls,NAG,NGEN,0
C7.1965,"Babhut sukoon mila [0:36](https://www.youtube.com/watch?v=J2J5ssSP5yQ&t=0m36s)  
Savage😎",NAG,NGEN,0
C4.1589,🤣🤣sahi hai guru..,NAG,NGEN,0
C4.587,# hat teri ... Ooooh,NAG,NGEN,0
C32.159.2,Gujrat me kaha,NAG,NGEN,0
C20.101,"Me iske itne saare videos Dekh chuka Hu but still I don't understand ye Ladki
banke kyu ATA he ? Bhai ladka bane rehne me kya dikkat he ?",NAG,NGEN,0
C33.118,Nice vidiyo yarr,NAG,NGEN,0
C7.241,Sahi hai,NAG,NGEN,0
C7.626,Liberal na banu to kya conservative hona sahi hai??,NAG,NGEN,0
C36.942,क्यों भाई homosexual नहीं allow hai,NAG,NGEN,0
C9.128,"Bolne Aajaadi tabhi hai jab aap sahi bol rhe ho...  
Raajdeep bhi congress party ka unofficial member hai.....",NAG,NGEN,0
C33.126,Asadharan,NAG,NGEN,0
C7.2408,Bhai tu nashik se hain kya ???🤔🤔🤔,NAG,NGEN,0
C7.2570.5,@Faluda Fanatic movie dekhi hai. It was OK,NAG,NGEN,0
C26.63,"Seedha sa ek law bana deejeyey ki agar ye proof hota hai ki agar wife key
allegations galat saabit hotey hain chahey usmain kitna hi time Lacey....lekin
agar ye saabit ho ki allegations galat hain to WIFE KO JAIL HOGI ....",NAG,NGEN,0
C59.1648,Jio boss jio,NAG,NGEN,0
C33.304,"आ भी जा सनम,  
यूं ना कर सितम ,  
तेरी बह###",NAG,NGEN,0
C9.313.5,"तशरीफ ऐसी तोड़ी है तौबा,की आज भी चींखें निकलती है पैखाने में!  
और वो टूटी लाठियों का भी हिसाब जोड़ रहे हैं जुर्माने में,!😀😀😁",NAG,NGEN,0
C4.2119,Issa jada ghabraya hua apko kabhi nahi dekha power of kabir singh😁,NAG,NGEN,0
C4.290,Bhai dabaang 3 ke trailer pe toh review banta hai😂😂,NAG,NGEN,0
C4.1621,Bhai left bottom pe dekh video ka kitne jaldi mai video edit kiya hai,NAG,NGEN,0
C4.1042,"Yeah point ekdum Sahi hai ....film ka influence bahot Hota hai .....Mera dost
ne apna FB id n pubg mei naam rakh liya hai Kabir Singh + photo v usi Ka hai
😂😂😂",NAG,NGEN,0
C7.2165.2,"Agar aisa hi reviews ke naam par politics ki baatein hoti rahegi toh mein likh
ke deta hoon 1M iss channel ke kabhi nhi honge.100%guaranteed mein deta hoon
nhi honge 1M kabhi bhi.👍😶  
Agar pehle jaise pratik pure movie reviews de toh bohut jaldi subscribers
badhenge.👍",NAG,NGEN,0
C7.2220,Sach bataiye speech prepare ki thi na😛,NAG,NGEN,0
C19.131,"Movie movie dekne ke phle section 375 or 376 dono ke points pdna achaa rhega
ky...  
  
Me padh liya😂😂",NAG,NGEN,0
C32.129.1,AO NA,NAG,NGEN,0
C4.1231,Ek time Tha jb Bhai ne hi Arjun readdy suggest ki thi .😅,NAG,NGEN,0
C43.23,☺ ab lga ki india baqai badal raha he👭👬👫❤,NAG,NGEN,0
C32.17,MUJHE HANDSOME GAY HUSBAND CHAHIYE 😭,NAG,NGEN,0
C7.2206.2,"Yes yes yes .... Vo best part Hai video ka 😂😂😂  
Koi feminist ispe kuch nahi bolega ab  
Pratik Bhai rocks 😎😎😎",NAG,NGEN,0
C32.118.4,@vinita pant 7681831967,NAG,NGEN,0
C4.1978,Bhenchod mene dekhi hi nhi🤣🤣,NAG,NGEN,0
C36.432,ek mari machli pura talab ganda kar sakti hai ... bas yahi sochta hu sir ..🤔,NAG,NGEN,0
C7.1843,"Yar chor do aisi movies banani real incident ke uppar movies banayo or reality
bases stories pe movie banayo",NAG,NGEN,0
C4.869.2,Shi kaha,NAG,NGEN,0
C68.290,good morning beti,NAG,NGEN,0
C59.1408,Sahi jawab diya aapne.....,NAG,NGEN,0
C61.2250.1,Ek dam bhai 🤣🤣🤣,NAG,NGEN,0
C4.793,Bohot ghatiya intro tha,NAG,NGEN,0
C7.33.1,"Sabse pehle Liberals kise kehte hai pata kariye... Kripaya yaha Dharm Ko bich
me mat laiye !",NAG,NGEN,0
C4.983,bhai joker movie ka review.,NAG,NGEN,0
C4.1485,Vai apka book kab aa rha hain? Eagerly waiting,NAG,NGEN,0
C9.253,Mazak tha bhai,NAG,NGEN,0
C33.239,Allah hidayat dy amen,NAG,NGEN,0
C36.324,Becharo ka land bekar hota hoga,NAG,NGEN,0
C4.1984.2,"@osm bro 🤡bhai tu itna fadfada rha hai,🤣🤣maja agya..........thoda aur 😋",NAG,NGEN,0
C32.98.2,Kashi ram nishad Kashi ram nishad 8140358886,NAG,NGEN,0
C20.208,Tu doosra kuch kaam dhoond le...,NAG,NGEN,0
C33.41,Haaaaa wao,NAG,NGEN,0
C7.2145,"Amazing sir , Feminist irritate krti hai bewajah ki baate krke ,",NAG,NGEN,0
C4.1745,"or plzz hume btayein ki aapki book kb aari h.... m aapki book ka bhut wait kra
hun bhaiya....",NAG,NGEN,0
C4.1015,"[13:08](https://www.youtube.com/watch?v=N_ZMfQMZos0&t=13m08s) thoda control
karo",NAG,NGEN,0
C4.914,Shahid khan😂😂,NAG,NGEN,0
C4.1369,"“Oh launde kya hal chal"" line is missing 🤣",NAG,NGEN,0
C9.250,Ta modiji or saha jhut nehin bolte?,NAG,NGEN,0
C19.151.1,@Ramachandra Chhatar haan,NAG,NGEN,0
C36.747,Allow krna bhi nhi chahiye ....,NAG,NGEN,0
C19.156.2,sirf bat ke sath pose hi deti ho ya khel bhi leti ho😂😂😂😂,NAG,NGEN,0
C4.1851.1,@Avinash Kr. Deveskar usne AK quation ki,NAG,NGEN,0
C4.342,Mai nhi dekhta Bollywood moive total garbage h !!!!!!!!!!!!!!!,NAG,NGEN,0
C4.714,Mainay aadhay ghante main band ki,NAG,NGEN,0
C4.1759,"Apko dekhte dekhte apki tarah sochne lagi hu baki ko lgta ha kiya faltu ha
duniyA se cut rhi ha but unhe kiya pta kon sahi ha ...thnq",NAG,NGEN,0
C59.688,Hindi mein koun koun dekh raha hai like this👈👈👈👈👈👍👍,NAG,NGEN,0
C7.198,"Ap ap apne videos me English subtitles sammilit kare. Isse apke muluayvan vani
pure brahmand me prakaashit hogi. Bharat varsh ap jaisi tejsavi yuva atma ke
karan jagat guru banega. Sraday apka dhanyavaad. Mujhe ap par puri shraddha
hai ki ap English me subtitles rakhege.",NAG,NGEN,0
C4.1960,Bhai joker pe review do...,NAG,NGEN,0
C4.2197,Me chahta tha is par ek video,NAG,NGEN,0
C7.2118,Bhai spoiler alert dal dete,NAG,NGEN,0
C7.841,"Plz aisa mat samajhna k mere dil me hindua k liye koi mafrat hai mere bahot
saare dost hindu hai aur me unsabki bahot respect karta hoon.",NAG,NGEN,0
C7.1313,"Bhai sun, bilkul sahi kah rha pr wo 'Not a movie' wali didi backwass kar rhi",NAG,NGEN,0
C59.1709,Bap ka beta,NAG,NGEN,0
C4.1766.1,"@Fact Park kuch tik tok ka videos daal denge ads mein usmein khush ho jaayenge
yea log😂😂",NAG,NGEN,0
C4.760,हिंदुस्थान मैं जब तक सनिमा हैं तब तक लोग.... 😂😉,NAG,NGEN,0
C4.1598,"Indian hain to indian ki tara hi to pyaar hoga bhai. Kuch to india ka concept
hain jo ashli hain nehin to shaab to dushre desh shey copy kaar raha hain.
Pyaar india mein jaisa hain thik hain ishliye to india mein pyaar hain ea
shaab desh bhi samajhta hain",NAG,NGEN,0
C7.1489,Hummm.. bhakt lagte ho 🤔,NAG,NGEN,0
C7.491,Dhansu review,NAG,NGEN,0
C36.688.1,Sable liye hain WO bhi smaglita mein hain,NAG,NGEN,0
C4.1523,"i liked kabir singh only for the acting of shahid kapoor bakki to bollywood to
chutiya tha aur rhega.... 😂😂😂",NAG,NGEN,0
C36.895,"2.5 million gay in India, sir ye data nikala kaise😆",NAG,NGEN,0
C4.762,"Badi jaldi kiya review, aaram se karta bhai..",NAG,NGEN,0
C7.1998,Top movie hai prateek bhai,NAG,NGEN,0
C4.2014,aur laundo kya haal chaal,NAG,NGEN,0
C4.37,"bro sirf shahid kapoor ka violent look aur uska violent character logo ko
pasand aaya tha.... baki story toh bekar hai .",NAG,NGEN,0
C7.1595,Billllllllllkul sahi baat h ..bhai love you,NAG,NGEN,0
C20.340,Mood off hai?,NAG,NGEN,0
C7.2160,Ye librels hai koun😑 kaha se ate hai ye loge😐,NAG,NGEN,0
C32.125.2,HMM THANKU JI,NAG,NGEN,0
C32.41.2,Mumbai Chakala,NAG,NGEN,0
C21.309,"Main sirf 2 jaane ka hi review dekhta hun Ek Komal Nahta ji ka aur ek aapka
aur aapka review dekhne se pahle main Komal Nahta ji ka movie review dekh liya
tha isliye Kal dekhne ja raha hun",NAG,NGEN,0
C4.31,bhai mere dil ki baat boldi tune,NAG,NGEN,0
C4.757,"Bollywood k garbage movies dekhne k baad jo side effects hote he usiki script
he kabir singh😑.... Relatable isiliye lgta he sbko kyunki bollywood dekh dekh
k hum v ese hi ban gye he😑",NAG,NGEN,0
C7.239,Bhai breaking bad Ka review dedo,NAG,NGEN,0
C4.867.3,Sahi kaha zayn bhai,NAG,NGEN,0
C7.2026,BJP ne inverter ka paisa nai mila???,NAG,NGEN,0
C7.2510,Sir kewl movie ka review kiya kro yr ..,NAG,NGEN,0
C23.27.2,@PRATIK SAMAL hn dekhichi 😂,NAG,NGEN,0
C7.2464.5,Ek dum sahi bro,NAG,NGEN,0
C36.788,"Agar desh k itte bade platform homosexuals ko accept krle toh desh k janagan
ko v sikhne ko milega,k ek insaan k private life or professional life alag
hain.,ek ki koe gay hain isliye unke power ko underestimate nei krna
chahiye,hr ek sector me sbko chance milni chahiye.",NAG,NGEN,0
C10.1387,10 years ka process Kya Hai census cha,NAG,NGEN,0
C7.7,Liberism puri duniya ke liye khatra hai,NAG,NGEN,0
C4.919.1,Nahi vo movie thik thi,NAG,NGEN,0
C36.1016.5,"भाई आपकी बात सही है, पर सैनिक भी एक इंसान है| समलैंगिकता ना हो ठिक है पर उपाय
तो होना चाहिये.",NAG,NGEN,0
C7.919,"Bahut din baad Bollywood me acchi movie dekhne ko mili aur maine bahut din
baad Bollywood movie dekhi. Nice video. Kaafir (zee5) ka review kariye",NAG,NGEN,0
C19.165.4,"@Koshal Sharma Galat chiz ka proof de rahe ho. Ye usko do jo aisa bolta ho ki
Kashmir me stone pelting nhi hoti. Maine aisa nhi bola. Fir bol rha, theek se
padho maine kya likha. Tabhi samajh aayega.",NAG,NGEN,0
C4.2146,"Bhai Love you  
Aapne life ko dekhne ka nazariya badal diya",NAG,NGEN,0
C7.1046,Ek no. bhai,NAG,NGEN,0
C36.968,Ab Tik-tok walo ka kya hoga????,NAG,NGEN,0
C20.254,Hindi bol,NAG,NGEN,0
C19.99,Mubarak bhai achcha review dete unhe dikhao phir vo batayenge .....,NAG,NGEN,0
C4.2112,"Kash is country me tmhare 50% bhi mature ho jaye to desh kaha se kaha pahuch
jaye 🤦",NAG,NGEN,0
C61.1603,Vai tuna galty kar de,NAG,NGEN,0
C36.858,Sir telegram channel py aapk videos k pdf kue nhi upload kiyeh jatay,NAG,NGEN,0
C4.555,In dislikers ka mindset kya hai,NAG,NGEN,0
C7.1828,Kitmi backchodi,NAG,NGEN,0
C25.16,बहुत अच्छा किया सुप्रीम कोर्ट ने,NAG,NGEN,0
C25.474,"जब तक झूठे और फर्जी केस करने वालों को सजा नहीं,तब तक असल मुजरिम को सजा नहीं,",NAG,NGEN,0
C4.1327,Ladki ke zyaada se zyaada 10 line hoyenge bhai aur 8 toh ending mein hi the,NAG,NGEN,0
C7.999,M ek bar film dekh lu phir btata hu tuje,NAG,NGEN,0
C26.25,Sahi kiya,NAG,NGEN,0
C7.764.4,"@Pratik Borade army waale bhi isi society se aate hai koi dusre planet se nhi
aate bht acche hote hai. Hunare liye extra effort krte hai",NAG,NGEN,0
C9.313.1,"अमित शाह और अगले (4:6) साढ़े चार साल गृहमंत्री रहेंगें।  
  
 **डरा नही रहा हूँ,**  
 **बता रहा हूँ!!**",NAG,NGEN,0
C4.1109,Kutte ke tarah kon pyar krta h bhaai,NAG,NGEN,0
C7.387,Sahi bola boss. ..man ki baat boldi tune,NAG,NGEN,0
C7.952,"TUM EK LARKI KO THAPPAR MARTE HO FIR RAPE KRTE HO AUR CLASS K SABKE SAAMNE KHE
HO KI YEH MERI BANDI HAI YEH KYA HAI",NAG,NGEN,0
C4.4,Kutte ki traha pyar karta hai 🤣🤣🤣🤣🤣🤣🤣🤣🤣🤣🤣🤣🤣🤣🤣🤣,NAG,NGEN,0
C32.13,Galt hai,NAG,NGEN,0
C7.388,"pehle mai bhi kuch feminists k point se agree krti thi, but apke is review k
baad, my thoughts about Kabir Singh are totally changed. Acting no doubt pehle
se hi pasand aayi thi. Ab mann kar rha hai 1 or baar dekh aau😛",NAG,NGEN,0
C4.609,Kyun dirty words use karte ho....pls stop it... mujhe distract karta hai,NAG,NGEN,0
C25.20,"talaak ko bbhi aasaan banaya jaye .ager dono log ek dusre ke sath nahi rah
sakte to foran talaak mil sake",NAG,NGEN,0
C21.1,"Mera India's Sons Trailer ka Review -  
<https://youtu.be/DSILsKSeM3g>  
Pink Movie Review - <https://youtu.be/EiVSu8MPV7M>",NAG,NGEN,0
C4.421,Bhai plastic bottle mein pani mat pio.,NAG,NGEN,0
C26.62,"Phir dekhiyeyga ki false cases hona hi band ho jayengey gharon la tootna band
ho jayega",NAG,NGEN,0
C32.112.4,@crazy Ram aap apna whatspp no dijiye,NAG,NGEN,0
C7.1151,"Sab preeti or kabir ki baat kr rhe h, koi bhi shiva ki baat ni kr raha, jisne
kabir ko smbhala😢, mujhe to real life me shiva jaisa dost chahiye jo hr mod pe
mere sath rhe marte dum tk....agree ho to like kro....👍",NAG,NGEN,0
C23.12,Itna late,NAG,NGEN,0
C7.174.2,Sachchai kadvi Hoti hai...,NAG,NGEN,0
C33.101,Hahahahahbha,NAG,NGEN,0
C4.2057,"Gazab bhai gazab, Ye ekdum genuine review tha. Aap ek movie review channel bhi
khol lo, Best reviewer ban jaogay.",NAG,NGEN,0
C10.1361.2,Star dene ki jarurat nhi hai..pura likho,NAG,NGEN,0
C4.1269.1,@Afrid zmn comment krne wala,NAG,NGEN,0
C36.489,Ek sahara tha wo bhi gaya.biwi nhi gf nhi .,NAG,NGEN,0
C4.1013,"Missing , aur launde kya hal chal ?",NAG,NGEN,0
C4.22,भाई ये अर्जुन रेड्डी फिल्म का रीमेक है,NAG,NGEN,0
C7.1222,Mazaa aa gaya bhai aapka review dekh ke,NAG,NGEN,0
C7.1679,आपने पूरा बैक्ग्राउंड ही बदल दीया । कुछ नया करे,NAG,NGEN,0
C7.1781,нιнιнι only ѕнтee ғrιendнιp ĸregι 😀😀,NAG,NGEN,0
C7.2112,Oo stree friendship karogi nice,NAG,NGEN,0
C7.2450.1,rupesh rothore bhai review dusri video mw h ye...reply to liberals h,NAG,NGEN,0
C7.749.2,Theory Chhodiye practically sochiye !,NAG,NGEN,0
C21.138,EK NUMBER BAWA,NAG,NGEN,0
C7.1012,"Pratik teku ab modern cinema samjh me aara lagta.. pehle bhot buddhe Bata
karta tha tu, good, keep it up!",NAG,NGEN,0
C33.113,Bohut bohut Acha lega,NAG,NGEN,0
C7.1137,Bhai teri bhi to wing pta chal rhi hai,NAG,NGEN,0
C7.1772,Bahot bahot acchi muvi hai bhai sahid ki acting jabra,NAG,NGEN,0
C32.85,Kitna hott .top boy h kas mera b.f hita we,NAG,NGEN,0
C4.688,Mr. bakri...slow bol....,NAG,NGEN,0
C4.135,Maine dekha hi nahi😁😂,NAG,NGEN,0
C4.1515,Bhai Maine to 2 cigarette v Dekha hai pite hue,NAG,NGEN,0
C23.44,bhai wo mahan critics kon hai,NAG,NGEN,0
C4.1483,Bhai kabir sing dekhi aur video bana daali,NAG,NGEN,0
C7.1334,"Oooo stree...😀😀😀😀😀😀😀  
Friendship karogi...😀😀😀😀😀",NAG,NGEN,0
C9.272,"शौरभ आप अच्छा टिकाकर हैं, आप एक दिन अच्छे राजनेता साबित होंगे यह मेरी
भविष्यवाणी हैं।",NAG,NGEN,0
C19.25,"aaj tk ki dekhi gayi sbse best courtdrama movie, 10 me se 10",NAG,NGEN,0
C7.1504,bhaijaan aap to ye btao tshirts khaan se mngaate ho,NAG,NGEN,0
C4.1052,अच्छा होता जब मूवी आइ तब आप वीडियो अपलोड करते...👍👌,NAG,NGEN,0
C7.615,"Baat toh sahi hai bhai lipstick under my burkha movie ko koi bhi kuch nahi
bola",NAG,NGEN,0
C4.1238,2 din me 4 videos. 👌👌,NAG,NGEN,0
C7.294,"Chandigdh mein ek nashedi ladki ne khud galat car chla kar ladke ko peeta..
Kya yhi hai mahila sakhtikarn.. Pls chandigarh wale case pe video bnao",NAG,NGEN,0
C21.68,जय सियाराम 🙏🙏,NAG,NGEN,0
C25.468,wo time gaya jab orate pareshan hoti thi ab time badal gaya,NAG,NGEN,0
C33.61,C hiiiii last m chinchilla🤣🤣,NAG,NGEN,0
C21.236,"Pratik bhai... Plz Ajay devgan sir ki The Legend of Bhagat singh ka bhi review
kijiye......",NAG,NGEN,0
C7.1921,ha the lallantop wala hai librl,NAG,NGEN,0
C32.136.5,Jaldi,NAG,NGEN,0
C4.2121,Aaj Bhai form mein hai ..3 videos in a day..,NAG,NGEN,0
C38.721,khatam kardega matlab?,NAG,NGEN,0
C4.1323,Ek number bhai.... 🤟🤟 Great One,NAG,NGEN,0
C7.1300,Sahi bole ho bhaii..,NAG,NGEN,0
C7.542,Sahi he bro,NAG,NGEN,0
C10.536,"यार मज़ा आ गया इनकी बुद्धि भी इनकी तरह ही है, ये अपना नाम स्वयं कुत्ता, रंगा,
बिल्ला रख रहे है। हस हँस कर पेट फूल रहा है",NAG,NGEN,0
C36.690,"Mere hisab se homosexuals or samaj k dusre varg ko apasi talmel bnane m hi avi
bkt lagega...Islye army m inko permission avi to ni milni chahiye ...Qki kavi
v parivartan hona acha hota h magr uska smaj m or desh pr kya prabhav pad rha
h is bat ko ignore ni kiya ja skta....is bare m bichar thode bkt k bad ho yhi
acha hoga",NAG,NGEN,0
C7.579,"Bahut badiya review tha apka apne saare librel aur feminist ka muh band kar
diya .... Mere taraf se 1 lakh like apke liye...",NAG,NGEN,0
C4.1264,"Ladke ne dekh liya  
Khatam bhai. ...pyaar ho gaya .....😂😂😂",NAG,NGEN,0
C4.468,Yehi launda bacha sakta hai is generation ko,NAG,NGEN,0
C26.118,Police ko chahie ki jhute case me giraftari na kare,NAG,NGEN,0
C4.541,Aap sandeep reddy vanga se milo,NAG,NGEN,0
C7.1975,"Aap review se jyada faltu baaton pe jyada discuss kar k length bada kar dete h
video ka... aur ha sab aap ki tarah nhi soch sakte h.",NAG,NGEN,0
C7.1055,"Mene kabir singh dekhi or puri film me bas ek hi darr laga rehta tha ki. Kahi
film khatam na ho jaye osssssssm movie sahid kapoor is a best actor in
bollywood😘😘",NAG,NGEN,0
C21.311,False rape case bolke spoiler review hogaya ye toh,NAG,NGEN,0
C7.1274,Kyon Rajniti kar rahe ho bhai,NAG,NGEN,0
C4.129,Bhai.. Gajab😂🤣😂🤣😂,NAG,NGEN,0
C4.1230,"Bhai joker ka review  
..",NAG,NGEN,0
C7.1081,Mast move he,NAG,NGEN,0
C4.1606,Kabir singh chutia movie hain.,NAG,NGEN,0
C4.226,Maza agaya reality jankar🤣🤣🤣🤣,NAG,NGEN,0
C7.2427,Emotional intelligence kafii jayada dikhai gai hai Jo ki Achi bat hai,NAG,NGEN,0
C4.18,Breakup ke baad doosri Ladki se sex nhi karta kabir...,NAG,NGEN,0
C7.1301,"Agar aap Newton, Tumbbad aur Photograph ko aise dekhte toh accha hota.",NAG,NGEN,0
C7.1949.3,@Seedha UP76 se Khullam Khulla Ghoshna.,NAG,NGEN,0
C10.1175,Koi to hai Jo such bolta hai India main. arunditi Roy good 👍☑️,NAG,NGEN,0
C7.1433,Apne toh feminist ki ijjat utar di🤣🤣,NAG,NGEN,0
C21.40,BAhut acchi movie hai . section 375,NAG,NGEN,0
C4.795,Ayushmann Zinda baad.,NAG,NGEN,0
C33.102,"Nice video sir ye India me aam hone me 50 sal lag jayenge asi ek our video
banao",NAG,NGEN,0
C4.2228.1,Notice v nhi kiya tha bhai mne to 😂😂🤣🤣,NAG,NGEN,0
C21.261.1,ye bandA great hai,NAG,NGEN,0
C7.2264,Abhi abhi dekh kar aaya hu 😂😂😂😂😂😂😂😂👌👌👌👌👌👌👌wow....,NAG,NGEN,0
C4.909,"Thore aur sal ruko bhai.. main khud ki movie produce karunga.. Kese meri
chutiya Kat gaya woh dekhaunga aur kese move on hua woh bhi dekhega...
Bollywood se hatke hei ye story....",NAG,NGEN,0
C9.182,Roy ka mtlb h ki jis trh amit modi mazak kr rhe usi ko smjhane ki koshis h,NAG,NGEN,0
C36.305,"अगर ये बात है तो महभारत की लड़ाई में शिखंडी को कृष्ण ने आगे क्यो रखा था? भीष्म
को मारने के लिए?ये अर्धनारीश्वर कौन है?",NAG,NGEN,0
C58.427,কা বাত 😂,NAG,NGEN,0
C21.155,"Mera movie dekhne ka plan, Aapke movie review pe rhta hai..jb aap suggest krte
ho ki ye movie Dekho tbhi Mai bhi movie dekhne jaata hu.thanks",NAG,NGEN,0
C4.1174,Shwetabh bro apka karz rahega is generation par...,NAG,NGEN,0
C4.1710.3,Kon c Amity me hua he,NAG,NGEN,0
C10.152,Modia,NAG,NGEN,0
C4.1648.1,Soorma!,NAG,NGEN,0
C7.1681,Kakak भाई,NAG,NGEN,0
C7.2111,Kya kar rhe ho bhai,NAG,NGEN,0
C32.132.3,@K SAHA 😒,NAG,NGEN,0
C23.27.1,Jai Shree ram,NAG,NGEN,0
C36.604,ONLY BHARTYE SANSKREET APNAO jo adhami ko jeena ka treeka seekhata,NAG,NGEN,0
C20.191,Fursat mei nikal,NAG,NGEN,0
C7.432,ekdm sahi bhai,NAG,NGEN,0
C19.105,filmy news upasna mam se sunna achha lgta hai,NAG,NGEN,0
C7.795,Isme movie rewiew hai kya 😂😂,NAG,NGEN,0
C4.159,College ka lrofesslr diwana hai wo erotic thriller likhta hai,NAG,NGEN,0
C7.2058,"Bhai sari life single reh lunga par bhagwan kabhi fb or YouTube wali feminist
life me na aa jae",NAG,NGEN,0
C7.2164,Aapka review sun ke film dekhne se jyada mja aa jata Hai Kai bar,NAG,NGEN,0
C25.491.2,Ambar Dey hahahahaha sahi kaha,NAG,NGEN,0
C7.2541,Film companion ko sahi jabab diyaa...,NAG,NGEN,0
C7.1402,app filmi campaign ki baat kr rhe ho na😂😂😂😂😂😂,NAG,NGEN,0
C36.374,Well liberals ko new topic mil geya fight karne ke liye.,NAG,NGEN,0
C4.276,Bhai ap na mjhe bdl diya hai.,NAG,NGEN,0
C7.628,"Jitne bhi Feminist he aap log Jake kabir Singh se treatment le lo tum log puri
tarah thik ho jagoge..😂😂i like the movie aaj 2nd time gaya tha movie ko😘😘",NAG,NGEN,0
C45.321.2,Call daw imo namber...008801850322634,NAG,NGEN,0
C4.1002,"Maine move on kr liye Thanks for you and jarurat hai aap logo ki Life me aage
badh ne ke liye",NAG,NGEN,0
C21.159,Bhut accha review dete ho bhai ji,NAG,NGEN,0
C4.287,"Apney pay self reliant is the definition of mard, perfect!👍",NAG,NGEN,0
C7.929.1,isiliye kehte hai pura video dekhe bagair comment nahi karte 😂😂,NAG,NGEN,0
C32.85.1,Kaha se ho monu,NAG,NGEN,0
C9.91,Kitne ache se defend krta h rajdeep,NAG,NGEN,0
C7.647,"Bhaiya right side k gaal pe dadhi Kam aa Rahi he ya phir video me esa dikh
raha he muje batao pls",NAG,NGEN,0
C7.1209,"Achi movie nhi h wohi ghisi piti stoey waste of time n money...1st half thoda
thik thak 2nd half bakwas...lg rha jabardasti koi baitha dia ho",NAG,NGEN,0
C25.458,"Hamara desh kahta hai ki ladke or ladkiyo Mai koi fark nhi hai to kanoon
vivastha Mai fark Kyo Kiya Gya hai jisme kaafi beksuro ki bhi Jaan chali jaati
hai aaj ke time Mai logo ko ek dusre se baat krne ka time nhi hai fir bhi unke
riste daaro pr bhi 498 a LGA dete hai ye htana chahiye",NAG,NGEN,0
C4.966.1,"Maine yhi dekhi thi. Worth watching. Ayushmankhurana ki isliye bht respect
karti hu.",NAG,NGEN,0
C7.2405.4,"@Arth. A. Are bhai vo sab apne fayde ke liye late h ya dusro ke nuksan ke liye
success tabi hoga jab universal welfare ke liye laya jayega",NAG,NGEN,0
C25.491,neha ji muja lagta h tumhare ghar pe baap bhai nahi h,NAG,NGEN,0
C7.699,Shi bat keh re hai ap,NAG,NGEN,0
C9.71,सर नेता वाली पोशाक,NAG,NGEN,0
C32.34,"Koi hai mujhe sari jindegi keliye  
Sath me rakhe",NAG,NGEN,0
C21.271,Damini ki yaad aa gyi kya apko?,NAG,NGEN,0
C4.1731,War movie ka review kro......,NAG,NGEN,0
C33.107,Giska man kera bo kesi ke bhe sath reha sakta ha cha bo man ho ya woman ho,NAG,NGEN,0
C21.52,"Pratik @ sir , brilliant movie h . Last night ka show dek k aaya hun .Nind ud
gyi bhai, aapke review dekhne k baad he movie ka plan kiya. 10/10 star nd
really it's epic nd brilliant movie . . .wow",NAG,NGEN,0
C4.1574,"Very true.. Brother.  
Bollywood humko Chutiya bna raha h Itne salo Se..  
Desh Sankat me h Bhailog... Bachalo Duniya ko..  
Bollywood garbage h",NAG,NGEN,0
C9.172,Usne Sahi kaha,NAG,NGEN,0
C32.154,kya baat h dada 😎gjb👌🏻,NAG,NGEN,0
C7.1996,Bhot sahi bhie i love you,NAG,NGEN,0
C4.1651,Telegram m post dalna kyun bnd kr di ..,NAG,NGEN,0
C21.102,"अक्षय खन्ना के लिए फ़िल्म देखी , बाहर आते समय सिर्फ तरुण सलूजा दिमाख में छा गया
.  
कथानक के साथ सब ही किरदार जबरदस्त .",NAG,NGEN,0
C4.609.1,"@Madhusmita Pradhan yaar try to understand.... shwetabh bhai ka koi kharap
intentions nahi hai....  
  
and gaaliyaa toh chaalta hai yaar.....  
literal nahi hai gaaliyaa.... bhaavnaiye hote hain gaaliyaa...",NAG,NGEN,0
C21.134,Bhi aap mic kon sa use kar ty ho please bata do,NAG,NGEN,0
C7.486,NO mean NO..sahi hay bhai..Real passion follower👌,NAG,NGEN,0
C26.126,bahut accha bhai very good,NAG,NGEN,0
C9.313,रंगा बिला मुजरिम थे जिन्होंने मासूम बच्चों की जान लि थी । बहुत ददनाक दिन था वह,NAG,NGEN,0
C36.776.1,@Hydrich Himmler sahi kaha,NAG,NGEN,0
C36.937.1,ajay thakur. Ap mndi se ho,NAG,NGEN,0
C7.400,Bhai please passengers 2016 movie ka review karo... Please,NAG,NGEN,0
C4.2102,mujhe bhi bekoof lagi dioloug nhi h ladki ke pass puri movie me,NAG,NGEN,0
C33.132,Pagal,NAG,NGEN,0
C7.39,Mujhe to bakwas lagi bhai.........,NAG,NGEN,0
C9.170.2,Papu nam bjp ne nhi kumar vishwas ne dia tha,NAG,NGEN,0
C4.754,"Bc kabhi itna funny explaination nahi dekha yaaar!! Btw me bollywood
movie.nahi dekhta kabhi aur ye kabir vibhir chutyapa bhi nai dekha bc but abhi
mann hi raha hai bhai ka explaination sunke!!bahot hasunga movie dekhte
samay😂😂😂😂😂😊",NAG,NGEN,0
C33.174,"Sabke Apne Apne sexual orientation hoti hai, isme koi galat nehi hai...",NAG,NGEN,0
C4.2240.1,😂😂😂Lande,NAG,NGEN,0
C4.343,"Toxic relationship dekhna hai to SRK ki Anjaam dekho voh love story nahi hai
par acting class hai",NAG,NGEN,0
C33.272,mast,NAG,NGEN,0
C4.2182.4,@Neil Pagare bro kyunki yahan logic ko nhi kuch nahi mante,NAG,NGEN,0
C59.1954,😆😆ranu di apka jabab nehi😂😂😁😁👍,NAG,NGEN,0
C4.1971,Bhai joker dekho yaar tum,NAG,NGEN,0
C7.1659,"Pratik bhaiya movie to bhut achi h , love story bhut achi h , pr drinking or
smocking itna zyda dikhana zaroori h, iske bina bhi to dikha skte the .",NAG,NGEN,0
C26.211,"bilkul sahi kera kuch bhi galat nahi Kiya usna . maan saaman sa jub loog na
jeena da to Aisa kerna vala hai",NAG,NGEN,0
C7.1184,"Every thing is perfect but pratik bhai yeh jo kabir singh bade mein likha hai
woh dhyan keech raha hai",NAG,NGEN,0
C21.115,"Patrik bhai m akshy Khanna ji ka fen hmm m dil se chahta tha unki films achi
chale",NAG,NGEN,0
C7.1425,"BJP oye kar rahi ye jo Congress etne din jo kor rahe he  
<https://www.youtube.com/watch?v=4QbK77bSa4k>",NAG,NGEN,0
C4.2231,Coat ka collection kafi accha hai.. ✌,NAG,NGEN,0
C19.83,"बहुत ही अच्छी फ़िल्म हे...  
फ़िल्म मे बताया गया हे कि किसी भी case को एक्तर्फ़ा नहीं देखना चाहिये.....",NAG,NGEN,0
C36.1088.5,@Avinash kumar sahi kaha,NAG,NGEN,0
C25.544,498a ka mis use hone par ladaki ko dand milna chahiye mai 90% handicapd hoon,NAG,NGEN,0
C21.231,App ko to pasand aya hi hoga.,NAG,NGEN,0
C4.6,ye baat bohot sahi kahi bhai,NAG,NGEN,0
C7.1973,Jay Sri Ram. Bagot badiya pratik ji bas ad kam dala karo..,NAG,NGEN,0
C59.1355,Jio bro,NAG,NGEN,0
C4.544,Bohot jyada overacting ki hai,NAG,NGEN,0
C36.253,"Hmare desh me homosexuals ko nagrikta mil chuki h to is base pe sbhi ko sman
adhikar h homosexuals logo kko bhi desh ki rksha me apni bhumika ada krne ka
mouka milna chiye",NAG,NGEN,0
C7.692,"Bhai Sun  
Salut You 🤗",NAG,NGEN,0
C4.1869,Wow bhai woww tum se judke Mai duniaa ki really dekha na sikha Raha hu👌👌👌,NAG,NGEN,0
C36.602,"Muze lagta hay ki Bharat me sabki jine ka Adhikar hona chahiye.aur sabko Desh
ki seva karneka mouka milna chahiye.kya pata? Mahabharat ki tarah kisi Jang me
koi shikhadi mile aur wo Jang jitale?",NAG,NGEN,0
C59.963,Jio bhai,NAG,NGEN,0
C7.2511,12.25 spoiler de diya,NAG,NGEN,0
C36.501,Bilkul sahi kah rhe h. ..,NAG,NGEN,0
C4.1506,"Super 30 me banda apne sapne ke liye ladki chod deta hai , that's true
motivation... !",NAG,NGEN,0
C36.1080,Accha kaha bipin rawat sahab ne...,NAG,NGEN,0
C36.1073.1,Sahi kaha,NAG,NGEN,0
C4.79,Ek no ki baat ki Bhai aap ne I am your bigg fun Bhai,NAG,NGEN,0
C33.223.4,Ha bhai up se he hu,NAG,NGEN,0
C33.315,Sabko right wo log apni life jiye humlog apni,NAG,NGEN,0
C7.1038,"movie review to kiya hi ni... ap jo bole wo thik bt h..lekin apko 2 video
banani chahiye...ek pure review banani chahiye",NAG,NGEN,0
C7.589,Urban naxals ka wing hai critics mafia,NAG,NGEN,0
C4.2138.2,Bhai pura boycott mat kar achi movies bhi banti hai,NAG,NGEN,0
C4.969,"Movie se log sikhte hai ladki ladka dono samaj bhi ek dum sahi universal truth
aur ye bat mere jaise 21 ka laudna smajh sakta hai",NAG,NGEN,0
C33.223,Bhai UP 11 to mere yaha ka number h saharanpur ka,NAG,NGEN,0
C32.78.3,@SHAYRI & WHATSAPP STATUS ha ji,NAG,NGEN,0
C4.1244,"Aaram se bhai..share karne layak video banaya karo yar...review video to Kam
se kam 😀😀😀",NAG,NGEN,0
C7.2150,Yaar tum movie ke hisab se dress badi achhe chunte ho... 😉😅😅,NAG,NGEN,0
C23.45,Itna late bhai,NAG,NGEN,0
C7.2369,Bhai intersteller ka review kab karonge...,NAG,NGEN,0
C25.575.3,Raja Ch,NAG,NGEN,0
C33.242,bahut acha. nice,NAG,NGEN,0
C19.57,Bhai film bahut acchi he,NAG,NGEN,0
C20.46,screen time ko lekar bhi madam ko dikkat hai.,NAG,NGEN,0
C7.1580,Good sir lage raho,NAG,NGEN,0
C25.523,roj mar rahe he koi madad karne vala nhi,NAG,NGEN,0
C4.1833,"Aaj Acha laga galiya bakna shuru kiya wapas  
Thansk",NAG,NGEN,0
C32.27,Mumbai Chakala body massage ke liye Sampark Karen,NAG,NGEN,0
C4.1920,"Shahid khan?..🤔🤨  
.  
.  
.  
.  
.  
.  
.  
Family man dekhi na😄😁",NAG,NGEN,0
C4.451,"TUMBAAD movie  
pe view kya h bro?",NAG,NGEN,0
C19.141,Unnao Mein Hue bahut Bade hadse tankar fatane ki news dikhayen,NAG,NGEN,0
C7.368,JIo bhai....DIl ki baat bol di !!!!!,NAG,NGEN,0
C4.16,Bhai tu great hai,NAG,NGEN,0
C7.1310,Mast review hai,NAG,NGEN,0
C38.176.1,Kaunsi rocket science lagayi hai Bhai? Samjhana Zara?,NAG,NGEN,0
C32.157,"Mast acting hai 3no ki ...  
Chnadu bhai super  
Palkesh bhi 1 no.lag raha hai😂",NAG,NGEN,0
C7.2229,Sir ji T shirt kaha se late ho,NAG,NGEN,0
C7.1845,"Waah bhaai, Maza aa gaya , kisine to genuine baat kahi , dil jeet liya yr",NAG,NGEN,0
C4.907,"Kabir singh bahut acchi movie thi because iss se hum bahut kuch sikhe hai kis
tarh log barbad ho jate h pyar m isse bach k rahna Zindagi m",NAG,NGEN,0
C7.1528,"[11:14](https://www.youtube.com/watch?v=J2J5ssSP5yQ&t=11m14s) to
[12:00](https://www.youtube.com/watch?v=J2J5ssSP5yQ&t=12m00s) excellent points
by prateek bhai. Maza hi aa gya.",NAG,NGEN,0
C7.2477,yarr climax me to ashu automatic nikal ta h,NAG,NGEN,0
C7.2424.2,Are bhai quick review already upload kiya h,NAG,NGEN,0
C7.2306,Xtra ordinary journey f Fakir ka review karo bhai...dhanush favrt hai bro,NAG,NGEN,0
C21.53,Thanks sir.... Abhi ticket Book karta hu 😊,NAG,NGEN,0
C4.857.2,Bahito,NAG,NGEN,0
C9.110.1,@Vijay Sharma sahi kaha,NAG,NGEN,0
C26.113,JIO MERE SHER...........,NAG,NGEN,0
C21.158.1,"Kabir Singh to bahot hi khubsurat film hai... 2 imandari se pyar karne vale
Committed logo Ko kahani !  
Fuckboy, One Night Stand, Multiple Partners Ko aaj jaha promote Kiya ja Raha
hai vaha Kabir Singh Jaisi khubsurat movie bahot hi Kam dekhne Ko multi hai...
Aur Sabse Mahatvapurna ki is film me drink karne Ko glorify nahi Kiya Gaya
four more shots please ki tarah... Kabir Singh me drink karne Ko Kabir ke
jivan ke bure Daur ki tarah Dikhaya hai !",NAG,NGEN,0
C9.97,"बोलने की आजादी है, लेकिन झूठ बोलने का अधिकार नहीं है",NAG,NGEN,0
C21.44,Climax nhi dekh paya kya tha batna bro,NAG,NGEN,0
C7.2452,"Pratik Bhaiyya.......Film company ki Sucharita Tyagi ne iss film ko bura bhala
kaha tha.......aapne Jo mu Tod jawab diya.....yeh uske gaalon par kaske ek
tamacha tha......Hats off Bhaiyya.....accha kiya aapne in Hypocrites ko jawaab
dekar👍👍👍👍👍👍👌👌👌👌👌👌",NAG,NGEN,0
C32.14,Koi benglor se he kya,NAG,NGEN,0
C20.318.3,@pankaj solanki Zabardast bhai!,NAG,NGEN,0
C9.323,"Mast h sir  
[#Drxpharmaclasses](http://www.youtube.com/results?search_query=%23Drxpharmaclasses)",NAG,NGEN,0
C7.2210.1,"Aare choro inn logo Ki chakkar main kyon par rahi hain aapna kam Karo aage
baro",NAG,NGEN,0
C7.2523,Aap kaunse area mein rehte hai,NAG,NGEN,0
C7.2595,Bhai ek group bano hum bhi leftist ko jawab dena chaate hain,NAG,NGEN,0
C29.14,Aap log RAHUL KEDIA Bhai se juriye....,NAG,NGEN,0
C9.306.2,suna nhi rajdeep ne bola ki wo undemocratic tarika h.,NAG,NGEN,0
C4.372,"Ye banda alag hi h bhai😂  
sama bana deta h bhai tu❤️💪💪💪",NAG,NGEN,0
C4.784,"shahid kapoor ko dekhna chahiye ye video..phirse morphine leke bhand ho
jaega😆🤣😆😂keh k le li bhai.👍",NAG,NGEN,0
C7.1085,"Aap ekdum sahi bol rhe hai, yeh review bhi shaandar laga mujhe  
<https://www.youtube.com/watch?v=3-k7BpiO0kY>",NAG,NGEN,0
C4.1774,"[16:50](https://www.youtube.com/watch?v=N_ZMfQMZos0&t=16m50s)  
Oho tabhi to main kahu tum kahan the 🤣🤣",NAG,NGEN,0
C7.2228,"Pratik ji apse request h ki km se km film k important part ko explains na kre
issey movie dekhne ka excitement kam ho jata hai.......😒😒😒😒😒",NAG,NGEN,0
C7.2571.4,"PK jaisi filmo mein sirf Hindus ka hi mazak banaa ,kisi aur religion ki baat
nahi ki .  
Waise Prateek Ji NE toy story 4 ka review kiya usme politics nahi hai .",NAG,NGEN,0
C38.188,Ye log idolatry karne ke liye promote kr rahe hai,NAG,NGEN,0
C4.2132,"Wada waw wada wau wada wau wada wau  
  
  
  
  
Ye hi accha tha is movie me",NAG,NGEN,0
C7.372,yar film h ye koi reality nhi he,NAG,NGEN,0
C7.724,औ स्त्री friendship krogi?? 😂😂😂 lol,NAG,NGEN,0
C4.1447,Bhai TM larki hote kasm se baba PTA kr rahe the... Love you bro,NAG,NGEN,0
C7.401,super sach bat,NAG,NGEN,0
C4.605,"Abe ek 3gante ke movie pe itna Kun. Bolta ha be movie ha deku enjoy Karu
kattam Karu",NAG,NGEN,0
C10.820,Chachi ki muchae hoti tu kya hota ....🧐,NAG,NGEN,0
C7.486.1,Kabir singh😎,NAG,NGEN,0
C26.18,Sahi kiya bilkul sahi kiya,NAG,NGEN,0
C7.1457,"South movie k support mein Sabse aage rhte ho tum, robot and Bahubali movie h
fuddu banate h , always one man army heroes",NAG,NGEN,0
C32.78.1,Ha ji,NAG,NGEN,0
C36.1142.1,@Shivani Mahajan are yar ye sab tumhare feck dp ka kamal h😊😊😊👍,NAG,NGEN,0
C4.982.1,Sahi bat,NAG,NGEN,0
C19.59,"Yes shwetank Bhai, aapki anchoring me thori improvement ki zaroorat hai
otherwise aap ache anchor ho and bahut ache ban sakte ho",NAG,NGEN,0
C32.122,"Bullshit........ye video society ko lgbt ke against rakhne me kafi sahayak
hOAG",NAG,NGEN,0
C7.2113,Bhai t shirt mst hai 😂😂😂,NAG,NGEN,0
C7.2094,A review tha...!!!!,NAG,NGEN,0
C59.415,ek like to banta hai bhai k leia,NAG,NGEN,0
C21.328,"Kya baat hai pratik bhai itni der raat upload 😍 Sahi ja rahe ho bhai ji just
soch raha tha kya dekhu itne me aap aa gaye bhai ©Support from  
 **Vaibhav Vlogs(YouTube Channel)**",NAG,NGEN,0
C4.1406,Joker Movie pe review bana de bhai,NAG,NGEN,0
C7.2489,"Sir interstellar ka review karo plz  
..  
.mujhe bo film samajh nahi aata ♥️♥️♥️love u sir ...god bless u",NAG,NGEN,0
C36.445,"yes,sabhi homosexuals ko army ko join karne ka hak hona chahiye",NAG,NGEN,0
C7.1386,"Me Abhi Just Film Dekh ke Hi Aaya Hu Aaur Apka Opinion Dekhnekeliye Beth Gaya  
Movie Bohot Acchi He Aaur Apke Jo Points He Vo Bhi Ekdum Barabar He Lekin Ek
Bat Bhi Thike He Ki Hamari Jo Sanskruti He Iss pe Believe Rakhne Valo Ko Ye
Film Pasand Nahi Aayegi Muze Story Bohot Acchi Lagi Lekin Agar Vo Sacrifice Pe
Khatam Hoti To Aaur Accha Hota. BCz Jiss Ladkese Vo Shadi Karti He Uski Life
Bhi to Barbad Hui He Ye Bhi Dikhana Chahiye Tha endonoke Relationship me Uss
Bande Ka Kya Kasur He Ye Samaz Na Chahiye Ladikiyoko Bhi Aaur Ladko Ko Bhi Ki
Apne Pyar Me Kisi Aaur Ki Jindagi To Tabah Nahi Ho Rahi  
Iss Point Pe Bhi Ek Film Aani Bahot Jaruri Hee Ki Tum Apne Pyar me Sab Chod
Dete Ho To Jo Baki Log He Unka Kya Hota He",NAG,NGEN,0
C19.120,NAMASKAR,NAG,NGEN,0
C7.300,"लिबर्ल्स इन चार फिल्मों के बारे में क्यो नही बोलते?  
1\. Veere di wedding.  
[2.one](http://2.one/) more shots  
3.lust stories.  
4\. Gandi baat.",NAG,NGEN,0
C21.272,Sahi hai bosss,NAG,NGEN,0
C36.1045,Niche sare k sare opposite in nature hai....,NAG,NGEN,0
C4.584,"Self harm kerke body bhi NH banti kharab hojati hai Banda kamzor hojata. Hai
ya mota hojata hai fitnh rehta shakalbhi khraab hijati hai",NAG,NGEN,0
C7.1309,"Right kaha bro logo ko bass desh birodh wlaa hi film pasand he jese Salman
Khan banata he",NAG,NGEN,0
C36.1118.1,jitu Vishwakarma hindu,NAG,NGEN,0
C4.1063,"maa kasam sahi mein bakchod movie thi bc... aaj prove bhi kar diya bhai
aapne😂😂👌",NAG,NGEN,0
C9.116,"Lallantop k Ranga bila....Sourabh khajdeep.,....",NAG,NGEN,0
C4.261,"Yeh Bollywood nahi Telugu movie ki remake hai
[bhaisaab.Movie](http://bhaisaab.movie/) ka director bhi same
[tha.Movie](http://tha.movie/) bekar hai phir bhi",NAG,NGEN,0
C25.457,"Agar Kisi ko girftar krna bhi hai to 498 a Mai to Sirf pati pr kesh hona
chahiye kyoki Sirf patni ki responsebilty hoti hai pati ki",NAG,NGEN,0
C7.2242.1,O istri friendship karogi 🤣🤣🤣🤣,NAG,NGEN,0
C21.180,Bey yaar and wrong side raju dekhiee,NAG,NGEN,0
C38.154,Autowala dil le gya yar,NAG,NGEN,0
C7.1009.1,@Avinash Shewalkar usko sanskriti chanhiye,NAG,NGEN,0
C9.310.3,"Achaa Mai kuch bi bolu cahlega tuje bhai...kyu ki PM bol Raha hai....samjo
pahale bat Ko......ye bhadkaya ja Raha hai.....jo peaceful protest unko
bi....violent protest walo ka to chod hi de",NAG,NGEN,0
C7.1200,Bilkul Bhai absolutely sahi....Mera bhi dimag kharab hota hai,NAG,NGEN,0
C10.320,Chudain,NAG,NGEN,0
C7.1192,Bhai aap bohot accha kaam Kar rahe hai lage raho pratik bhai,NAG,NGEN,0
C7.1577,आपका रिव्यु देख के हमे तकलीफ हो रही है।,NAG,NGEN,0
C21.13,"[4:36](https://www.youtube.com/watch?v=fQbbWQ9ol_w&t=4m36s) agr rape ka akda
dusre desh se km h tu iska mtlb ye ni ki wo glt ni h....",NAG,NGEN,0
C4.1763,sukar h kisi ne iss movie ki reality dikhai,NAG,NGEN,0
C7.1316,bhakts ke bare me to kuch bolo😂😂,NAG,NGEN,0
C7.1784,Bhai t shirt,NAG,NGEN,0
C7.2170.2,Hahahaha,NAG,NGEN,0
C4.2200,"Bhai apki videos dekne ke baad ab meri life me sb set hoo raha hai i m Focus
on my golas...",NAG,NGEN,0
C9.178,Tu ranga Or rajdeep billa,NAG,NGEN,0
C7.2412,aap to Hero Se Bhi Jyada cute dikhte ho so sweet,NAG,NGEN,0
C32.86,"Mera ak question hai. Ager ase hi chalta hara to larki lok kisse pyar karenge?
Gay hona buri bat nahi hai par yesa hOAG to future kya hOAG. Ye jo gay hote
hai ye sab love ke liye gay nahi hote sex ke liye gay ho jate hai. Ye kya thik
hai? Ager sach may pyar hai to sex chor kar pyar kar ke dikhao tab manu tumlok
sach may normal logo se alag ho.",NAG,NGEN,0
C29.14.1,सनातन हिन्दू धर्म jee Bhai ...bahut accha...aap log mil kar Hindu ko jagayie,NAG,NGEN,0
C7.874,Bhai log ek 👌no. Picture h jarur dekhne jao yrr,NAG,NGEN,0
C19.78,Mobarak sir kahaan hain,NAG,NGEN,0
C7.1464,sir aapki baato se mere dill ko bahut Sukoon Mila 😘😘😘😘,NAG,NGEN,0
C36.260,"India world ki largest democracy h jaha hum log sbke lie equality ki bat krte
h to hme ye bat prove b krni hogi sbko equal treat krke so hme gender k nam pr
kisi ko desh ki seva krne se nai rokna chahiye aur iske alawa logo k gender se
zyada unke kam pr focus krna chahiye.Thankyou so much sir🖒🖒",NAG,NGEN,0
C33.175.2,Hii.kaise.ho,NAG,NGEN,0
C4.1362,"Ha yaar bahut hi chutya movie tha.sab log keh raha tha badia movie tha isliye
dekha bt bilkul jhaand tha",NAG,NGEN,0
C4.1034,Jaguar leke ghumne walo ko doctori parne ki kiya zarurat hay?? 😂😂,NAG,NGEN,0
C33.25,Sabi ka acting nic he,NAG,NGEN,0
C7.2571.5,"@Anil Bhargava are bhsi vo to thik hai lekin in cheezo ka alag se vidio bana
lo",NAG,NGEN,0
C23.59,Bro gullak tv show review karo,NAG,NGEN,0
C21.241,"Sir pehe hum insaan hai  
Baad Mei male ,female  
Aur dono hi crime Kar sakte hai",NAG,NGEN,0
C7.2497,Bhai sahoo move teser ko review karo,NAG,NGEN,0
C21.291,13 reasons ka review karona,NAG,NGEN,0
C4.2155,Right bhai,NAG,NGEN,0
C7.996,"Bhai kya aap lakshya chaudhari ko jante ho?  
Wo bhi aapke jaise hi achhe u tuber hai",NAG,NGEN,0
C7.2566,Bhai tum edhar udhar ki bat q karteho yar boriyat hoti he bhai,NAG,NGEN,0
C4.872.3,"@rahat ahmed Arey to 1 movie ko movie ki tarah lena,,Ye real life thodi
he,,kya sab film me laila magnu hi hona chaiye?""?KUchh alag karne me kya burai
he ????",NAG,NGEN,0
C38.21,Unki iksha hui andar se hahahaha😂😂😂,NAG,NGEN,0
C4.739,"One thing more- in this kabir singh movie, kabir singh ne ek ladki k chakkar
mein apne family ko stake par daal di, bhai ki shadi ko spoil ki...",NAG,NGEN,0
C7.1658,Bhai tu bahut bolta h thoda chota video banaya kar,NAG,NGEN,0
C32.81.4,"@Rahul Singh bahadurgarh, haryana",NAG,NGEN,0
C25.516,रेपिस्ट को सजा दो । निर्दोष को सजा नहीं होनी चाहिए ।,NAG,NGEN,0
C4.1320,"Realistic bhi nahi toh golmaal type ki mindless banao na iss mein toh maza bhi
nahi aaya",NAG,NGEN,0
C4.2172.1,@Anmol Goel 😂😂😂😂😂 koi to firki lera bro,NAG,NGEN,0
C4.1427,Rajive dixit ka bhi videos accha lagta hai mujhe,NAG,NGEN,0
C4.1758,"Thik hai bola hai aaap, thanks a lot",NAG,NGEN,0
C7.837,Bhai mujhe NAMO AGAIN ka cup nahi dikh raha?,NAG,NGEN,0
C7.941.3,isiliye kehte hai Bina video dekhe comment nahi karte... 😂😂,NAG,NGEN,0
C19.192,Like thoko Mera birthday hai,NAG,NGEN,0
C19.96,Sarwat ki kami najar aaya....,NAG,NGEN,0
C4.787,"Jst abi 2 ghnte phle mko pta chla mre ek jaanne wale ko ldki chhod gyi or ab
wo daru sutte me pd gya or usne phle kbi daru ki hth tk ni lgaya tha 🤣🤣🤣🤣",NAG,NGEN,0
C4.658.1,@vamshi bommena 🤣🤣,NAG,NGEN,0
C9.5,utna hi asan hai jitana ki kiso ko nazi kahana,NAG,NGEN,0
C4.459,"Bhai aap ne toh movie ka post mortem kar diya. But what said is absolutely
true.  
Bhai aap kuch achhi movies ka naam batao na dekhne layak.",NAG,NGEN,0
C19.153,"Last line sahi tha bro ""agar samajh aa raha h inme se kuch baate to ja sakte h
:p""",NAG,NGEN,0
C4.1379,"kya baat hai  
pure saal itna ni hassa mai  
so true 🤣",NAG,NGEN,0
C4.788,Kutte ki tarah pyar,NAG,NGEN,0
C7.2383.2,"Isiliye kehte hai Bina video dekhe comment nahi karte !  
Pehle video dekhiye sab jawab mil jayenge !  
Kabir Singh aur Four More Shots please inko compare Kiya hi nahi Jaa Sakta !",NAG,NGEN,0
C4.136,Bhai uksa background music andar ka beast bhar ajata ha ..,NAG,NGEN,0
C4.2128.3,@Arpit Jaiswal 😂,NAG,NGEN,0
C7.362,"नरेंद्र मोदी का प्रभाव मात्र राजनैतिक ही नहीं है, बल्की वे उस कुंठित वामपंथ को
भी ध्वस्त कर रहें हैं जिसने हमारे समाज के हर क्षेत्र में भारतीयता को दशकों से
हसिए पर धकेलने की अनवरत कुचेष्टा की है।",NAG,NGEN,0
C4.590,Sir 'chichoree' movie k bare apna opinion digye...,NAG,NGEN,0
C32.11.3,Ha me hu,NAG,NGEN,0
C19.50,आधा बात तो समझ ही नही आता।,NAG,NGEN,0
C7.1935,Bhiya neta ban jaao... Film se jyada to political bate karte ho bhai😅😅😅,NAG,NGEN,0
C4.878.1,Me bhi,NAG,NGEN,0
C32.42,"Ye vdo me jo bataya Wo. Msg rong Thaa..  
Aisa nai krna chaziye kisi ki zindgi barbaad Kane ka Hume koi haq nai he...",NAG,NGEN,0
C9.134,Ye sab Kya urban naxal hai.,NAG,NGEN,0
C7.1096,Bilkul sahi bol rehe ho sir with prove,NAG,NGEN,0
C4.1331,"Bhai A Gaya tu ""Titans ki Sena"" leke",NAG,NGEN,0
C25.525,jyadatar galat istamal hora he,NAG,NGEN,0
C26.135,Maybe Karne Wala Hoon talaq ke baad,NAG,NGEN,0
C19.1.1,Etna yo trailer dekh k hi pta cl gya tha ....ji,NAG,NGEN,0
C36.1133,bilkul nahi hone sahie unlogoki banduke hamesa galat jageh par goli marte Hai,NAG,NGEN,0
C7.1095,bhai kabir singh dekho superb movie hai dil khush ho gaya,NAG,NGEN,0
C7.1910,Jali 🔥 yaaar,NAG,NGEN,0
C36.937.2,Bhai aap mndi se ho,NAG,NGEN,0
C7.1520,Sir mi arjun reddy movie hindi mi dekhna chahata hu kha milegi....plz sir,NAG,NGEN,0
C21.308,"Mai bahut hi ise movie ka review intzar ker raha tha thanks bhaiya.. soke utha
tvi mai apka yeh video dekh khush hogaya ...",NAG,NGEN,0
C4.2047,Shwetabh Bhai 👌💯🔥❤️,NAG,NGEN,0
C36.1141,"Pta nhi Indians ki soch kb bdlegi, or jb army ke garenal hi aesa bol rha h to
or logo se kya ummid ki ja skti h",NAG,NGEN,0
C4.1086.2,"@Truthshallsetyoufree mujhe Job dila do IAS offices.. fir main christian ban
jaunga bol 😎",NAG,NGEN,0
C7.93.3,"@max monica fir se vahi galti... Aap Bhartiya Sanatan Vaidik Sanskriti ki
tulna dusre deshon ki history ke Aadhar pe kar Rahi hai...  
Aur haa... Maine jo facts bataye hai vo 100% Satya hai... Aap thoda history
padhiye...  
Abrahamic Religions, Sanatan Vaidik Sanskriti inka Itihas aap khud padhiye...",NAG,NGEN,0
C32.57,Anand aagya mausam bangya,NAG,NGEN,0
C4.748,Sandeep reddy vanga pakka shwetab ko gali deta hoga,NAG,NGEN,0
C32.149,Bhut bdiya acting Chandu bhai,NAG,NGEN,0
C10.1301.2,Hahaha ye sahi hai koi sar per to daal hi sakta hai .. utna hi kaafi hai.,NAG,NGEN,0
C4.257,Shi Bola Bhai,NAG,NGEN,0
C4.2007,Bhai aj ankur pathak jaisa lag ra hai bilkul,NAG,NGEN,0
C4.2194,Chutiya movie thi,NAG,NGEN,0
C7.2267,Sahi hai sir,NAG,NGEN,0
C4.345,"Love u bro... Itni achhi movie ko flop show kar diya 😜😜  
Ham log dekh rhy thy to bht khush thy k itni achi movie ha... Lekin yahan to
perspective badl gya ha",NAG,NGEN,0
C23.50.1,Tum kuch zyada hi sochte ho,NAG,NGEN,0
C7.1882,"Jab bhai ne bola 'liberals ko jalta dekh dil ko sukoon mila' tabhi k tabhi
video ko like kar dia",NAG,NGEN,0
C7.2544,"Bhai koi Kuch bhi kahe par Kabir Singh ek masterpiece film Hain  
Kal hi dekhi full paisa vasool...",NAG,NGEN,0
C4.1496,Yeah hota hai real review ...bhai apki book kab aa rhi hai,NAG,NGEN,0
C7.463,Sab apni dukaan chalaa rhe hai bhai.lekin aapne le daali unki,NAG,NGEN,0
C38.73,Pehale toh us pile gende ko maro🖕,NAG,NGEN,0
C4.856,"Yes Bhai apne bilkul sahi bola me khud dekhna Hun how my friends are follow
blindly",NAG,NGEN,0
C4.105,बकवास फ़िल्म कबीर सिंह,NAG,NGEN,0
C4.77,End mein ladki nhi milti to realistic hota,NAG,NGEN,0
C4.1084,Abhi review kr raha 😂😂,NAG,NGEN,0
C4.2009,Mujhe bhi sbse ghatiya lagi hai,NAG,NGEN,0
C4.786,"Bhai ye movie south me super duper hit hai aur Bollywood me bhi
hui........this shows ki india me kitne % logo ko aapki jaroorat hai😂",NAG,NGEN,0
C4.344,Bollywood hamesha se chutiya tha 😂👌,NAG,NGEN,0
C36.998.1,Pubg walo ko rakh ke bhi kuch fayda nahi he vese,NAG,NGEN,0
C26.214.1,bhai bhai bhai bhai,NAG,NGEN,0
C4.351,Sach main jhand movie hai 😅,NAG,NGEN,0
C4.2028,"kabir preeti ko kuchh or karne hi ni deta lol or iski to koi baat hi ni kar
rhaor ab bhai ne wohi bola jo me soch rha tha nice review",NAG,NGEN,0
C4.467,"Bhai bollywood mei log usi movie Ko hit krdete jisme aap emotions hit krdo aur
tbhi actors Ko overacting krni pdti hai",NAG,NGEN,0
C4.1201,Bhai aap akele ho jo sach bolne ka dum rkhte ho,NAG,NGEN,0
C7.309,o stree freindship karogi???? bhai tere t shirt pe😂😂😂😂,NAG,NGEN,0
C21.187,Pratik sir money hiest series ka review kro naa,NAG,NGEN,0
C7.1947,Totally agreed.Jai Shree Ram.Jai Maharashtra,NAG,NGEN,0
C36.509,"jo log comments me homosexuals ko bura bhala keh rhe hi unhe ye bilkul nhi
krna chahiye kunki ye koi bhi ho Sakta hi Jo Abhi unko bura Bhala keh rehe hi
ho Sakta hi unke bhi Santan homosexuals paida ho . apko bura Laga . Par maybe
Aisa Ho Sakta hi kunki ye creation hm nhi krte ye god krte hi tb aap kya
kahenge . Koi viklang paida ho ya sahi ya homosexual ye unki galti nhi hoti .
Pr unse nich. Bartaw krna aapki galti jroor hoti hi bjaye unko taqleef dene k
hme unko sahanabhooti Deni chahiye. mujhe maloom hi Abhi bhi aap galio se hi
reply krenge pr phr bhi soch badlo aaplog",NAG,NGEN,0
C7.1201.2,Jazib Ali 👍👍👍👍,NAG,NGEN,0
C7.2255,Ek ek baat sach bhai 👏👏👏,NAG,NGEN,0
C7.1111,Ek no movie,NAG,NGEN,0
C4.1801,joker 2019 bhai,NAG,NGEN,0
C7.1797,"Bro apki baat bilkul shi h ..i agree ..agar equality ki baat akr rhe ho to
dono taraf se socho",NAG,NGEN,0
C21.112,"mujhe es film se koi expectations nhi thi, lekin aapka review dekhne ke baad
ab to zaroor dekhunga",NAG,NGEN,0
C4.1135,Bhai chichure movie ka bhi review kro,NAG,NGEN,0
C38.74.1,Kisne decide kiya?,NAG,NGEN,0
C4.661,"Are yrr iss baar me bhi chutiya ban Gaya is movie k piche par thank u bhai
aapne aankhe khol di",NAG,NGEN,0
C4.310,Thoda late nhi hogya ? Chordo Apne ko kya 🧚‍♂️,NAG,NGEN,0
C7.304,Sahi pratik bhai apne bola kabhi acchi movie se in logo ko problem ati hai,NAG,NGEN,0
C36.860.1,@Hem Kanwar आप राजपूत हो ??,NAG,NGEN,0
C9.224,Ranga billa 😂😂😂😂,NAG,NGEN,0
C4.1023.1,Bura laga koi bat nahi,NAG,NGEN,0
C7.2446.1,"@aurora Main bhi dekhta hu review lekin....aap sirf movie ke bare me baat krne
na ....",NAG,NGEN,0
C32.148,"KheL hai chandu bhai ka mst acting ki chandu bhai ne......aese hi karte
rho....aage jaoge..........",NAG,NGEN,0
C7.1898,Liberanduon ko burnol do 😜😜😍😍,NAG,NGEN,0
C32.112.2,@crazy Ram 7061030501,NAG,NGEN,0
C7.229,"Kabir singh me dikhaya h sex is not love jab vo dusari heroine usse sex karte
waqt I love you bolti hai tab vo usse vahi choda kar chal deta hai vahi se
pata chalta hai ki vo kitna commited hai preeti se and jab do log kisi se
pyaar karte to unki understand hum nahi samjh nahi sakte mere dost aur uski
girlfriend kitna ladte par baad me panch up ho jata hai",NAG,NGEN,0
C7.2096,"ये लोग संजू जैसी मूवी की खूब तारीफ करते हैं लेकिन कबीर सिंह जो कि पूरी तरह
काल्पनिक कहानी पर आधारित उससे चिढ़ रहे हैं।",NAG,NGEN,0
C4.2133,Wahh bhai apko mene request Kiya tha Kabir singh movie review ke liye,NAG,NGEN,0
C4.1344,realistic movie nhi chlta hai dost.,NAG,NGEN,0
C7.1208,Pratik bhai apka review shandar hai,NAG,NGEN,0
C25.19,aaroop galat saabit hone per ladkiyo ko bhi saja honi cahiye,NAG,NGEN,0
C25.540.3,क्या फ्लेविया मैडम के कोई लड़का नहीं है ?,NAG,NGEN,0
C7.169,Arjun Reddy bhi dekhi bahut bahut acchi hai,NAG,NGEN,0
C9.318,Perfect bole sir,NAG,NGEN,0
C32.85.3,@Jigar Kumar to do nbr,NAG,NGEN,0
C7.1777,Kitna biased h ye video...,NAG,NGEN,0
C26.298.5,"jo usne kiya uske baad uski life bhi toh barbaad ho gayi na abhi toh jail mein
hi hai na 15 lakh toh 3 saal mein kama lunga",NAG,NGEN,0
C36.641,Army me nhi hona chahiye ye log,NAG,NGEN,0
C36.1028,Sahi hai..,NAG,NGEN,0
C4.550,"[4:20](https://www.youtube.com/watch?v=N_ZMfQMZos0&t=4m20s) bhai ka expression
dekh ke bahut hsi aayi",NAG,NGEN,0
C7.2378,"Yes actually acha filmmaker woh hai jo audience ko uncomfortable kare...aur
whi iss film mein hua hai...yeh film kabir singh ki life ke upar...usne life
mein jo actions liye unke upar hai...chahe woh sahi ho ya galat ... yeh
journey hai uss character ki...toh kuch bhi galat nhi hai film mein...sbse
important baat yeh hai.. ki aaj bhi hmari society kabir singh jese logo ko
dekhna nhi chahti aur tabhi log film dekhte hue uncomfortable hue... aur yahi
film ki jeet hai...and hats off to sandeep reddy vanga...nd shahid kapoor",NAG,NGEN,0
C4.1984.4,"@Ashish Kushwaha kabir singh ki jai se fiction chutiyo ki life ji nay Ka try
mat kar na",NAG,NGEN,0
C4.1437,"Kabir singh londo ki movie toh pta nhi kaise thi may be wo daaru peeta hai,
apni marzi ki krta hai, issliye.  
But iss movie mein dekhne ka jo tha wo tha shahid kapoor ka act, uski
performance, acting jo ki badhiya thi.",NAG,NGEN,0
C7.1233,Ab aap pakane lage ho,NAG,NGEN,0
C4.1269.3,@ش حسين Sahi bola bhi Apne,NAG,NGEN,0
C7.624,"Kya bat bola yar. Dho dala in sab ko.  
  
Keep it up bro.😣🙏👍✌👌👏",NAG,NGEN,0
C7.2038,311 dislikes. Feminists aur liberals ne kiye hain,NAG,NGEN,0
C7.2429,Aap pehle se mote ho gaye ho,NAG,NGEN,0
C21.108,"Sir please review Malayalam movie Premam  
It's remind me movies like geetha govindam and 96",NAG,NGEN,0
C61.785,Vikari ka lebel dekho,NAG,NGEN,0
C36.1137.4,@केशव पाठक sahi kaha,NAG,NGEN,0
C7.901,Bahut badhiya pratik bhai,NAG,NGEN,0
C4.2235,Kamal kar rahe ho bro,NAG,NGEN,0
C36.1166,Sahi bat h,NAG,NGEN,0
C7.154,Bhai aadha shave kiya tha ?,NAG,NGEN,0
C7.2296,Sucharita flim companion k bare m h,NAG,NGEN,0
C10.515.1,@JAYESH patil 😂😂😂😂😂,NAG,NGEN,0
C9.230,"Maine apne ghar pe ek chaukidaar rakha, ab wo chaukidaar kahta hai tum sabit
karo ki tum hi is ghar ke malik ho.",NAG,NGEN,0
C4.818,"[14:39](https://www.youtube.com/watch?v=N_ZMfQMZos0&t=14m39s) Mai kehta ye
chutiyapanti hai .",NAG,NGEN,0
C20.309.1,Arre... Kehna kya chahti ho? 😂😂,NAG,NGEN,0
C7.1664,Spoiler the bolna chahiye tha bhai 😕,NAG,NGEN,0
C32.80.3,@Vinay Hotty ACCHI BAT H SHADI KROGE KYA MUJSE .,NAG,NGEN,0
C7.1119,Bahut mast bole bhai superbbb 😘,NAG,NGEN,0
C4.2168,"Bhai KGF ka review kb karoge??  
Tumhare teaser review ke baad hi maine movie dekhi!! 🤘🤘🤘🤘",NAG,NGEN,0
C23.24,"Aap sirf Hollywood ki hindi me dubbed Hoke aati he wahi movie ya web series ka
raview kiya karo kyo ki india me 80 % log hindi dubbed movie hi dekhte he",NAG,NGEN,0
C32.11.2,@Pravin Nimje number de,NAG,NGEN,0
C7.208,"Three meter above the sky. spanish movie review karo..bollywood remake hoga
toh atcha hai.",NAG,NGEN,0
C10.1156,"Are arbanbhai tum itna shor kyu machate hai? Ham to drama hi samjte hai. Tum
ha to channel chaotic hai to family bolte hai na take kyu de kho rahe ho?",NAG,NGEN,0
C7.1526,आपकी हिन्दी और अंग्रेजी दोनों भाषाओं पर शानदार पकड़ है।,NAG,NGEN,0
C38.505,End vala banda cool tha...uska bhi timeliner ka actor bna lo..,NAG,NGEN,0
C7.2090,"sir plz hackshow ridge ka review kro na plzzz .ye bhut hi shandhar movi h ek
bar dheko sir plz",NAG,NGEN,0
C4.1139,"**[14:00](https://www.youtube.com/watch?v=N_ZMfQMZos0&t=14m00s)** **ek number
line bolee hai bhai....**",NAG,NGEN,0
C33.17,"Apke Video dekh kr Mere face pr Allways smile hote h so uske lye Thanku so
much",NAG,NGEN,0
C4.1263,"Oee Launde Kya hal Chal ?  
Has changed to  
Ooo mere bhai Kya hal chal?",NAG,NGEN,0
C7.1165,Sai hay bhai,NAG,NGEN,0
C7.1278,"Jo bhi h movie to copy paste hi h,",NAG,NGEN,0
C4.1158.1,"@KRATZZ sacred games season 2 bht acha h... Bss jo log web series nii dkhte...
Unhe smjh nii aya",NAG,NGEN,0
C20.293,Har cheez m feminism dalna zaroori h aapko ?,NAG,NGEN,0
C7.1231,Sir aap to hard wale youtuber nikle 🔥🙏,NAG,NGEN,0
C38.763,thik hai pr private hi rakhe log isko bataye na publicly,NAG,NGEN,0
C7.993,Dho dala,NAG,NGEN,0
C36.352,"Koye Desh sewa karna chahta hai to isme kya buraye hai...but hame Apne Desh ka
Maan sammaan hamesa ucha rakhna hai aur har ek Sainik ka ye kartavya hai uske
leye antar Aatma Pavitra hone chaheye .",NAG,NGEN,0
C7.1567,Oye partik ji...dosti karogey...mugh se... Sunil Dewan..98206 63694.,NAG,NGEN,0
C7.332,Ekdum dil ki baat ❤️,NAG,NGEN,0
C7.1969,Jabardast review Pratik bhai ..... blockbuster Kabir Singh,NAG,NGEN,0
C4.2110,"kabka isi ka wait kr rha thaa...  
bhai ka kabir singh pr review kyu nhi aaya abhi tak  
....love you bhai.....",NAG,NGEN,0
C21.144,Mst movie h..m dekha....silently shout h ye movie,NAG,NGEN,0
C7.1648,Bhut shai prateek bhai 💓,NAG,NGEN,0
C4.764,Mansutra bhai shab mastribution kum kro kabir Khan 🤣,NAG,NGEN,0
C4.1634,"Finally ...koi to meri tarah sochta h..  
Thank u swetabh bhai",NAG,NGEN,0
C7.2253,"Bahut hi sateek review, me agar film dekh bhi leta Hoon, to bhi jab apka
review ata he jaroor dekhta hoon. Kyonki jis tarah se aap film ki philosophy
ko explain karte Hain, shayad film ka director bhi nhi Kar payega😁",NAG,NGEN,0
C4.2195,**kitno ko kabir singh movie unrealistic lagi?😂**,NAG,NGEN,0
C7.677,"Bhai itna lamba vedio mat banaya karo, words repeat mat karo,bor kar rahe ho",NAG,NGEN,0
C9.226,"अरूंधती राए कह रही है लोकतंत्र के हत्यारो को हि कसूरवार ठहराए यानी कोई यानी
NRC मे कोई आपका नाम पुछे तो लोकतंत्र के हत्यारो यानी रंगा बिल्ला पर सारी बात
ढोल दे और यह सही भी है रंगा बिल्ला ही इसके लिए जिम्मेदार है तो नाम तो उन्ही का
लाखाना चाहिए? ?",NAG,NGEN,0
C9.214,"Ranga Billa Modi 😂🤣😅.  
Kya name diya hai.👍",NAG,NGEN,0
C45.786,"Hole Chanel only one video very disappointed more more videos dalo yha Ka
jyeda se jyeda dalo",NAG,NGEN,0
C7.2352,"Sir rocket man ka review kariye na jhon Elton ki biography hai unho ne hi loin
king ka music diya tha ...plz 🙏🙏🙏",NAG,NGEN,0
C9.183,"Are unhone examples diye the ki apke ke pas koi plan honi chahiye... chachaon
...jaise apki channel me bhi aasan bhasa me samjhane ki koshish ki jati hai...",NAG,NGEN,0
C21.20,Bollywood bhi kabhi kabhi acchi movies bana deta he,NAG,NGEN,0
C26.206.1,Bhut khush huyeeeeee hum y news dekh k,NAG,NGEN,0
C7.2551,Toy story 4 review kab upload Karo Gaye,NAG,NGEN,0
C25.538.1,ek aurat ke report par 1se jaada aurato ko giraftar kar liya jaata hai.,NAG,NGEN,0
C9.92,Respected देसाई जी ये बताए देश का पीएम सोच समझ कर बात करता है,NAG,NGEN,0
C10.256,Napurrrrr😍,NAG,NGEN,0
C7.1322,Bilkul sahi kha aapne,NAG,NGEN,0
C4.2185,Gandfaaddd!!!,NAG,NGEN,0
C4.861.1,me vi karunga,NAG,NGEN,0
C4.2221,"Shahid khan  
Nahi kabir khaan nh shahid singh  
😂",NAG,NGEN,0
C26.233,salaam hai tujhe mere bhai kaash mujhme bhi tumhare jaisi himmat hoti,NAG,NGEN,0
C7.2258,Solute bhai 😀,NAG,NGEN,0
C4.280,Dimag khol ke rakh diya bhai,NAG,NGEN,0
C7.1982,Pakau review...,NAG,NGEN,0
C38.142,Part 2 chaiye,NAG,NGEN,0
C7.93.5,"Is Desh ki Mitti ke Kan Kan me Sahishnuta hai... Ham par hajaro videshi
Aakrantaon ke aakraman huye, karodo Hinduon ka katleaam hua, jabardasti
Dharmantaran huye, Guru Teg Bahadur ji, Sambhaji Maharaj ji, Banda Singh
Bahadur ji, Chaar Sahibzaade aise anginat Mahapurushon ne apna Balidan diya is
Desh ki Sanskriti ki Raksha ke liye...  
Fir bhi is Desh ne kabhi kisi ke saath Bhedbhav nahi Kiya... Puri duniya me
jab Parsi aur Yahudi samuday pe atyachar ho rahe the tab ve keval aur keval
Bharat me hi Surakshit the... Is Desh ki Mitti ke Kan Kan me Sahishnuta hai !  
Aur ye Desh Hindu Bahusankhyak hai isiliye Secular hai !  
Aap kripaya dusre deshon ke Itihas ke Aadhar pe Hamare Bharat Ko judge mat
kariye 🙏  
Aur aapko Sabse pehle apna Left-Right ka concept clear karna chahiye...  
Ye video dekhiye - <https://youtu.be/yNdB772uAsU>",NAG,NGEN,0
C9.36,"Or surav aapne to bahot safai se bayan hi badal diya. Wo gandi name bhi lene
me gheen aati hai usne elected pm and home minister KO Ranga Billa bola hai.
Aap isse correct kare plz.",NAG,NGEN,0
C33.303,Ye kya ho gaya is duniya ko?,NAG,NGEN,0
C36.893,"Sir homosexual hona ya n hona kisi ke bs m nhi h  
Ye to God gift h to mujhe nhi lgta ki isse kuch hota h  
Sabhi ko unke kam se mtlb hona chahiye ki vo fit h ya nhi  
So Army m bhi allow krna chahiye",NAG,NGEN,0
C21.69,"Hello Patrik sir  
RAMBO movie ke all part hindi me he kya ?  
& all part kisi ek platform me available he  
Plz rply",NAG,NGEN,0
C7.2469,Correct bat bole h bhai,NAG,NGEN,0
C7.1017.1,"@suraj kumaar Tum toh bade literate ho yaar. Kittna Accha comment likhte ho.
Topper laggte ho.",NAG,NGEN,0
C33.115,Hume lgbt aur gay ko aceept karna. Chahiye i thaught that he has human being,NAG,NGEN,0
C36.810,Halanke 95% Indian Army already gay ha 😂,NAG,NGEN,0
C4.1803,"1 din main hamre bade bhai n AK sath 3-4 videos upload kar dii Aaj to hum
lundo ki kushi ka koi theekana nahi hai 😂😂😂😂😂😂😂😂",NAG,NGEN,0
C33.60,bhaiii dil chuuu liyeaaa mstttt h bilkull,NAG,NGEN,0
C4.2258,Bohut sahii,NAG,NGEN,0
C19.183.1,@Abhinav Rajput aesa to nahi h par,NAG,NGEN,0
C19.79,अरे यार भाई सेक्शन 375 मवीस मोबाइल पर चली नहीं रहा है,NAG,NGEN,0
C19.169,"अरे upasna कहाँ गयी, उसे बुलाओ ।",NAG,NGEN,0
C4.1275,Sir koi mil Gaya aur gangs of wasse pur se bhi log inspire huye honge 😂😂😂,NAG,NGEN,0
C7.2170.1,Laga laga laga mujhe apka comment mast laga😂👍,NAG,NGEN,0
C7.508,Kitne ads avenge yaar,NAG,NGEN,0
C4.1502,👌👌gym kro pyar nhi💪💪💪💪,NAG,NGEN,0
C7.506,Right bro aane wale time mae ladko ko reservation ki zarurat padegi,NAG,NGEN,0
C10.242,Sujana Arundhuti Roy ko Avi tak jail me keu Nahi dala Gaya??,NAG,NGEN,0
C36.721,"Accha hua....nahi to war time me ye log sex krte baithenge udhar border
pe......dimag me Sirf sex sex sex.....",NAG,NGEN,0
C4.1036,"Kal hi aadhi movie dekhi aur vo ladki wala point ekdam sahi hai...aadhi isliye
dekhi kyuki chutiya movie hai",NAG,NGEN,0
C7.2424.1,"@Aggressive Squad ha bhai pata hai lekin jab ye review hi nhi tha to video k
bahar movie review kyu likha only discussion likha hua chalta",NAG,NGEN,0
C25.461,Bahut accha huwa,NAG,NGEN,0
C25.550.2,Aman Dhillon KYA HUA BHAI JI SAB THIK HAI NA AB? PLZZ MAKE CONTACT,NAG,NGEN,0
C21.139,"Pratik sir please aap Salman Khan ki kuch films baare me bataiye jaise tube
light, sultan, bajrangi bhaijaan,ek tha tiger,kick and dabangg",NAG,NGEN,0
C4.1080,Pehli bar bhai ne pehle line me show off kiya hao,NAG,NGEN,0
C32.80.4,@Amritpal Singh ok ohhh Kidhar rahte ho aap,NAG,NGEN,0
C7.1900,"I unsubscribed a while ago.. But i have realised now that difference of
opinion se hi to strong hota hai desh  
Again a subscriber.",NAG,NGEN,0
C7.555,"Hamare yaha bhi light gayi huyi he Lekin kam nahi chal Raha bus time pass
karte rehte he har roj. Daily light jati he. From Kutch, Gujarat.",NAG,NGEN,0
C7.2344,Bilkul sahi bhai...aag lga di ekdm...,NAG,NGEN,0
C7.1588,"Pratik bhai...Pure 16 minute ke video me apne movie ke baare me kuch nahi
bataya...What about screenplay, editing, camera work , acting, music
etc...Phir ye kaisa review hai...Apne apni headline banayi hai...Kabir singh
review ... Thoda to movie ke baare me ek film critics ki tarah batate...Baki
to sab theek hi hai...😊",NAG,NGEN,0
C7.920,Movie average h... Itni bdiya bhi nhi hai.,NAG,NGEN,0
C7.1686,"Pratik bhaai, kehna sahi hai aapka lekin review aur discussion bahut lambaa ho
jaata hai aapka ,saath hi movie ki technicality like music, dialogues,
screenplay, acting, direction pr to baat hi nhi hui",NAG,NGEN,0
C7.147,Movie review to kiya hi nahi bhai,NAG,NGEN,0
C36.778,"सर remove CBI ,आलोक वर्मा जी पर विडियो दीजिए🙏",NAG,NGEN,0
C21.1.1,98.2% fake dowry case 73.3% false rape cases in India NCRB k mutabik,NAG,NGEN,0
C36.417,"Gay ho ya lesbian koi farak nhi padta sirf kaam par focus karna chahiye kisi
bhi country m problems nhi h to yaha kyu",NAG,NGEN,0
C4.1969.1,"@Adarsh Singh  
Bhai Teri photo dekhke laga pehli baari mein ki hinudstani Bhau ki photo h lol",NAG,NGEN,0
C21.106,Mene movie dekhi bahat hi achhi movie hai,NAG,NGEN,0
C36.718,"Well sir !!!! Sir current ke video upload nahi kiye hai Kay 9,& 10 Jan.2019",NAG,NGEN,0
C4.448,Sirf Uri me item song nehi tha syed,NAG,NGEN,0
C7.1174,Pratik bhaiya yoga kijiye weight badh gya h 😜😊,NAG,NGEN,0
C7.2364,Sach pratik vai.👍👍,NAG,NGEN,0
C10.417,Are nrc se dikkat kya hai,NAG,NGEN,0
C7.2488,Sir aap bahut ache ho kash kabhi apse mil pata 💗,NAG,NGEN,0
C25.505,"हिन्दू परिवार कानून की चपेट में ।पत्नी कानून का सहारा लेकर सफल जीवन नहीं जी
सकती है",NAG,NGEN,0
C33.138,Semma dialogue dhidhi,NAG,NGEN,0
C23.35,"Ya movie Masterpiece hai India ki Best courtroom drama movie hai yah comment
Koi padta hai to please ki movie ko support bhi Karen",NAG,NGEN,0
C7.2284,"Mai aapka fan ban gaya, mai chahta hu ki aapke jaldi se 1 million subscribers
ho Jaye",NAG,NGEN,0
C59.1900,Jio dada,NAG,NGEN,0
C4.520,"Dek bhai movie awesome hai..  
But jo log yeh character ko follow kare ga...wo toh gya..  
But movie ko burai mat kar.  
Yeh movie 2k19 ka sabse bada ALL TIME BLOCKBUSTER hai",NAG,NGEN,0
C4.1900,Mere dil ki baat boldi Bhai ne...🖤🖤🖤,NAG,NGEN,0
C9.281,वो औरत नक्सली है।,NAG,NGEN,0
C25.487,di k hay,NAG,NGEN,0
C7.112,"Fault iq level ki he, Jo Bollywood aur Salman di he India ko isliye kuch achhi
movie samaj nahi ati logoko",NAG,NGEN,0
C7.732,Bahut acha explained kiya apne sir....👍👍😇,NAG,NGEN,0
C21.294.1,Subtitles nhi hai kirik party ka... Voot pr,NAG,NGEN,0
C7.2054.1,Mast bhai,NAG,NGEN,0
C4.2058,Bhai sahi khaa,NAG,NGEN,0
C7.2076,spoiler alert jinohne nahe dakha wo ise video mat dakhna,NAG,NGEN,0
C7.1999,Aur sir apne kyun Qarib qarib single movie ka review nhi kiya......,NAG,NGEN,0
C7.394,"भाई हीरोइन ने भी तो थप्पड़ जड़ा है हीरो पे, शायद ये इनको अच्छा लगा। इन को
रांझणा फिल्म दिखा दो जहां सोनम कपूर ने तो हीरो को इतने थप्पड़ मारे है गिनती
नहीं हो पाएगा। और हीरो का इस्तेमाल भी करती है, उसकी मारने की बजह भी बनती है,
क्या ये अत्याचार नहीं था।",NAG,NGEN,0
C33.64,mast😂😂😂😂😂😂,NAG,NGEN,0
C7.389,"Sexual liberation toh liberals ka favorite subject hai aur woh toh bus pursho
ko nicha dikhana chahte hai...........ekdum sahi pratik sir👌👌",NAG,NGEN,0
C19.129,Movie Super Hit Hai Guru,NAG,NGEN,0
C7.1454,"Bhai Prateek, Liberandu aur Feminazi to gaye bhaad mein magar is poori film
mein pyar jaisi koi bhi cheez nahin hai... I totally disagree with you... Is
film mein ka na koi sir hai, na pair hai... Sirf Liberanduaon ka virodh karne
ke liye kisi bhi film ko achcha batana is not right... Aisa lagta hai ki
Devdas aur Rehna hai tere dil mein ke beech mein koi najayaz sambandh se jo
ugly bachcha paida hua hai uska naam hai Kabir Singh... Aur comparison kisse,
Four more shots, like not even four people would have seen it...",NAG,NGEN,0
C7.1981,Aapko bahut manta hu..sunta hu..political side ko review se side rakho..pls,NAG,NGEN,0
C7.318.2,uska shadi hogya hai bhai single na hai.,NAG,NGEN,0
C36.345,सही कह रहे हैं आर्मी चीफ,NAG,NGEN,0
C10.113,Hmlog to iska channel bs manoranjan ke liye dekhte hai,NAG,NGEN,0
C4.1089,Love you bhai!! Full kaam chal raha hai!,NAG,NGEN,0
C4.1246,Bhai Uri the surgical strike mai nahi tha item song,NAG,NGEN,0
C7.2261,"Faad dala Bhai, Kya gazab ka video banaya Hai  
Love u 3000",NAG,NGEN,0
C38.212.1,Apna address de phir. Bhejta hoon Apne aap ko.,NAG,NGEN,0
C4.2260,Bina poora video dekhe like kr diya 🔥🔥🔥🔥,NAG,NGEN,0
C4.1032,Bahoot khoob .,NAG,NGEN,0
C26.125,"बहुत अच्छा मेरे दोस्त । मेरे साथ भी ऐसा ही हुआ लेकिन मैं आपकी तरह बदल न ले सका
,क्योकि मैं अपने माँ और बाप के बुढ़ापे को देखता। अगर मैं ऐसा कुछ करता तो वो लोग
जल्दी इस दुनिया से चले जाते। आज मैं खुश हूं कि मेरे माँ और बाप मेरे साथ रहते
है। लेकीन अप्प के साथ तो बहुत बुरा हुआ।",NAG,NGEN,0
C7.2559,O stree friendship karogi?😂👌,NAG,NGEN,0
C38.298,Apne apne life jeeneka huq h,NAG,NGEN,0
C23.51.2,A rating deni chahiye thi,NAG,NGEN,0
C4.1371,[19:17](https://www.youtube.com/watch?v=N_ZMfQMZos0&t=19m17s) aag tha,NAG,NGEN,0
C7.2231,"Thanos ka half universe wipe out karna ka sabse bada reason sayed ye
""feminist"" aur ""liberals"" hai 🤣🤣🤣🤣",NAG,NGEN,0
C7.2172,"Lasky choudhari ne bhi mst reply diya inko! And aap bhi badiya ! Ek hero
ho,....",NAG,NGEN,0
C4.25,"Sahi h bhai ""dost ko pata hi ni chalta ki chutiye ko koi matlab ni h usse""",NAG,NGEN,0
C20.268.2,Kya kare uska pet bharta hai na. Khane do.,NAG,NGEN,0
C23.14,is saal ki best h ye. kal hi dekha,NAG,NGEN,0
C4.609.4,"@Madhusmita Pradhan Yaar gaaliya ko seriously maat lou..... wo sirf bhaadaas
nikalne ka expression hai....",NAG,NGEN,0
C4.424,"Bhai me apka bhot bhot bhot bhot bhot bhot bhot bhot bhot bhot bhot bhot bhot
bhot bhot bhot bhot bhot bhot bhot bdha fan hu bhai  
Solid motivate krte ho aap 😌😌",NAG,NGEN,0
C7.1542,"Kon hai ye liberals, kaha se ate hai ye log",NAG,NGEN,0
C36.998,Mtlb tic toc wale army join nhi kr sakte😅,NAG,NGEN,0
C4.1973.3,"Another dialogue  
  
""Agar India me tiktok hit ho skta hai ,toh Kabir Singh kyu nhi ?""😄",NAG,NGEN,0
C4.536,"90's k phele k movies better the, waha bhi item songs hote lekin ak control
tha. Kuch bhi nehi dikhata tha. India ak ajeeb desh hai jaha movies dekke log
jeevan jeete hai.",NAG,NGEN,0
C7.1203,Sir agla chunao lad lo.. we support,NAG,NGEN,0
C4.1987,"Swetabh bhai aap jo samaj ko aaina dikharahe ho bhut sahi karrahe ho ...boys
nijaljao is jaal se ....",NAG,NGEN,0
C7.848,"movie bohot acchi hai mgr true luv ??ye kaisa true luv hai jisme hero itni
sari ldkiyo ke sath relation bnata hai ye mujhe true luv nhi lga commited toh
tha wo bt imandaar??imandari ka mtlb bohot sari ldkiyo k sath rlation bnana
hota hai kya?apne bhartiya culure ki baat ki ye bhariya culture h kya?ati wadi
kisi chiz ki acchi nhi hoti na nariadi na purush wadi or hero k multiple
pysicl relation ko sahi bolkr aap ati pushwad nhi kr rahe kya?baki movie acchi
h music bhi accha hai",NAG,NGEN,0
C21.137,TOMORROW 100% DEKHNA KA HAI BAWA,NAG,NGEN,0
C36.812,Mujhe railway asm ke liye pen drive course kharidna h kaise possible hoga,NAG,NGEN,0
C9.219,Acha beta arundhati pe ye,NAG,NGEN,0
C7.1974,Bhai Dark season 2 ka review karna,NAG,NGEN,0
C7.1611,Bhai AAP Kabir k bhai Karan lag tahe ho,NAG,NGEN,0
C7.1993,Superb bro bahut bada tamaacha maraa unko.. i agree with you,NAG,NGEN,0
C21.350,"Sir plz top 10 best and worst movies of 2016 p ek video banayia na  
Kaafi time sa bol Raha hu plz Bana do na  
Plzzzzzzz",NAG,NGEN,0
C7.1266,Brother puri movie bta di chutiya he kya,NAG,NGEN,0
C4.2080.2,"I never thought of watching it .😁  
Kunki Mujhe trailer ne hi story bata di thi, jo Mujhe bilkul pasand nahi ayi.",NAG,NGEN,0
C36.527.1,America khud dushre desh ke talent par zitata hain,NAG,NGEN,0
C10.146,kewal arnab hi aise logo ko shi kar sakta hai,NAG,NGEN,0
C4.1596,Shahid khan 😂😂😂😂,NAG,NGEN,0
C9.315.1,Aam public ka scooter aur car jalana masaallah kya Sanskar hai,NAG,NGEN,0
C36.813,सही बात कही,NAG,NGEN,0
C7.1115,"Mai bhi apne love ke liye Puri tarah se dedicated hu or mera partner bhi
.....ham dono hi bht khush h 💝💝",NAG,NGEN,0
C7.1667,Spoiler Free Review Bana,NAG,NGEN,0
C4.2166,Kya bat hai bhai video pe video 🔥🔥🔥🔥🔥,NAG,NGEN,0
C61.326,He alla mughe uthale,NAG,NGEN,0
C4.2130.2,"@Pacho Roy Chaudhary but usme  
Unhone Apne subject ko PURA address kiYa  
..or gf b thi to ayyaan(IPS OFFICER) Ko bta ri thi kya krna h.  
Bahut Shi movie h ...",NAG,NGEN,0
C21.265,Sbse bdi baat to bhaiya ye hai hw it define...,NAG,NGEN,0
C4.1402,Bhai aapko tvf ki kota factory web series dekhni chaiye bro,NAG,NGEN,0
C38.646.1,"+Nishi 76  
google kr lo yr",NAG,NGEN,0
C7.1687.1,@L Lawliet lagta h bechara bhakt h such bata h na,NAG,NGEN,0
C61.1699,Sale Bilaree😂😂😂🤣🤣🤣,NAG,NGEN,0
C4.489.2,Aur tum?,NAG,NGEN,0
C59.1136,Jio Vai,NAG,NGEN,0
C32.159.4,@Pravin Nimje gujrat,NAG,NGEN,0
C4.199,"Ek baat hai yrrrr.  
[2:30](https://www.youtube.com/watch?v=N_ZMfQMZos0&t=2m30s) min. Ki movie mei
directors  
  
Kaisey,  
Reality dikha dega.  
Usko krna hi pdega,  
Ye one sight pyaar 🤔 🤔",NAG,NGEN,0
C4.1579,"Bohot hard bamai aap sahi ho  
Dill sey Respect for you👈😇👍🙏👍😎",NAG,NGEN,0
C4.2206,kon sa kaam krna tha?,NAG,NGEN,0
C4.1562,Bhai ekdum Honest and logical review tha. Kudos to u,NAG,NGEN,0
C7.838,"Bhai tu kya hai  
Kya kar raha hai  
Aur kya bol raha hai",NAG,NGEN,0
C9.247,Aap dono galat bol rahe ho arundhati roy ke bare me.,NAG,NGEN,0
C36.1139,"Defence me homosexual nhi hone chaiye bcoz incase agar kisi army personnel Ko
ye pta chala k unlogo me se koi homosexual h to shayad baki log us se
difference create kr le or vo(homosexual)thik se army me serve na kr paye",NAG,NGEN,0
C4.943,Bhai ne khel peti kar diya hai 🤣🤣🤣,NAG,NGEN,0
C7.1722,Sahi hai bhai best hai kabir Singh👌👌😘❤️,NAG,NGEN,0
C7.2144,Kya ye movie review the??😢,NAG,NGEN,0
C4.11,"जब मैने मूवी देखी थी तो मेरे मन में भी आप ही जैसे विचार आये थे ।  
आपने बिल्कुल सही कहा है ।",NAG,NGEN,0
C23.51,Bhai A- rating sahi nhi diya aapne,NAG,NGEN,0
C7.981,"Heart touching movie hai Love story Wali movie me ab tak ki kabir shing sabse
better hai 🤔 💕 superhit blockbuster movie hogi kabir shing👌😍💕🔥🤗",NAG,NGEN,0
C32.155.4,Hiro ji,NAG,NGEN,0
C36.599,Hone chiye,NAG,NGEN,0
C20.179.1,@pranav singh :),NAG,NGEN,0
C36.933.1,San kalyug khi Maya hain,NAG,NGEN,0
C7.2479,spoiler alert to dal dete,NAG,NGEN,0
C21.270.2,Bhai article nhi section 375,NAG,NGEN,0
C9.1.4,"@sdr mishra tu kya bol Raha hai Bhai.....Kuch bhi clear Nahi hai......aisa lag
Raha hai....ek Baar phir Modi Sarkaar......",NAG,NGEN,0
C25.547,fir v jhutha Kase banaya,NAG,NGEN,0
C36.800,Allow karna chahiye mere hisab se,NAG,NGEN,0
C4.2247,"The journey from Aur launde to Aur Mere Bhai 😅🥰 Apna Bhai ka language badal
Gya pr Feeling Ni 😍🥰",NAG,NGEN,0
C20.385,Sucharita ❤,NAG,NGEN,0
C32.110,GAYS KO BURA MT DIKHAO,NAG,NGEN,0
C21.234,Dream girl ka review please jaldi se dijiye aaj jaane ka soch raha hun,NAG,NGEN,0
C33.266,Aisa to koi side effect nhi h jo video mai dikha rhe ho aap log,NAG,NGEN,0
C7.1263,"Plz kolkata new movie
[#bibaho](http://www.youtube.com/results?search_query=%23bibaho)_obhijan
trailer ka reaction do plz sir",NAG,NGEN,0
C26.182,Gud jhoote case m fsaakr uski life to bekaar ho gyi thee acha kiya,NAG,NGEN,0
C4.1973.4,Ramadhir,NAG,NGEN,0
C7.704,Bhai ne puri movie rat li hai...,NAG,NGEN,0
C7.2470,"Vae one side ke daari kaatna vul gaye kya aur fashion hain😂😂😂 anyway great
review...",NAG,NGEN,0
C38.196,Bhai muje uuss jaat ka number chaiye yr,NAG,NGEN,0
C7.384,Kabir Singh ❤️❤️❤️😎,NAG,NGEN,0
C7.510.2,"Aur Jihad ka matlb sirf Jung ya yuddh nhi hota. Jihad k Kai mayne hain. Agar
ek insan apne normal life mein apne parivar ko har tarah se khush rakhne k
prati paise kamane k liye jaddojahad aur struggle kar rha hai bina kisi ko
nuksaan pahuchaye toh use bhi Jihad kehte Hain. Media walon ne Jihad k mayne
galat tarike se dikhaya hai. Aur Jo v aatanwadi hamle hote Hain woh musalman
nhi hai. Kyunki Allah Ta'lah Quran Sharif mein farmate Hain k tm agar mere
kisi v masoom ""insaan"" ko....dhyaan dijiyega....yahan ""Insaan"" ko hindu ya
musalman ya isai nhi, Insaan ko maar dete ho toh tm Puri insaaniyat ka khatma
krte ho aur agar kisi ek masoom insaan ki jaan bachaate ho toh Puri insaaniyat
ki jaan bachaate ho.",NAG,NGEN,0
C19.184.2,"@prashant kumar somesh mast h [dude.bt](http://dude.bt/) ye spoilers content
h.bhot achi movie h",NAG,NGEN,0
C36.652,of course India me allow hona hi chahye,NAG,NGEN,0
C7.1913.4,scary tube aur pehli nazar meh kese samjh aajata h bhai? Zara samjhana....,NAG,NGEN,0
C4.2050,Sala super 30 me item song dalne ki kya zarurat thi usme bhi item song h 🤣,NAG,NGEN,0
C36.544,Jin bndo ne dislike kiya h..unke bare me kuch kaho...😁😁,NAG,NGEN,0
C61.1698,S ale Bikaree 😂😂😂😂🤣🤣🤣,NAG,NGEN,0
C7.496,Ekdm sahi kha bhai...bhot achha lga video dekh ke....,NAG,NGEN,0
C9.154,"Congressi aur Aam admi party wale Dange faila rahe hain ye bhi Jara bataiye.  
  
<https://youtu.be/8BGuVdwj12U>",NAG,NGEN,0
C4.1628,College mein itne launda hai Kabir Singh waali dp ke saath.,NAG,NGEN,0
C4.2196,Isi ka intezar tha,NAG,NGEN,0
C33.48,Nice hai bhaiya really m☺☺☺,NAG,NGEN,0
C19.183,Aadha sa jyada rape case jhutha hota h,NAG,NGEN,0
C32.118.5,@Bharat behera no do,NAG,NGEN,0
C36.1155.3,Sach kahoon to daily current affairs daily aati kab hai?,NAG,NGEN,0
C21.324,Kya bhai itni rat mai .....kya baat✌😉,NAG,NGEN,0
C7.964,Me bolunga **TIK** **TOK** **BAN** Karo....sabkuch thick hojaeega....😂😂😂😂😂😂😂😂😂,NAG,NGEN,0
C4.1219,"🙈shahid khan  
  
.  
.  
.  
  
Kabir khan...",NAG,NGEN,0
C25.528.1,"Sahi bole bhai aise kanun se India negetivity ki taraf safar karega.. Aur
sabse Pahale negetivity ki taraf safer karane wala kanun hi na banaye..",NAG,NGEN,0
C7.61,"Oooo stree  
Dosti krogi?",NAG,NGEN,0
C45.798,JAGKAANAMBATAAU,NAG,NGEN,0
C7.1513,aadi shaving krwa k chla aya😂,NAG,NGEN,0
C36.487,"ठिक हि तो कहा है, नहीं ते Army ही Army गा* मार लेगी",CAG,NGEN,1
C36.1075.3,Hajajaja hajajajaja kya baket comment h tera Bhai,CAG,NGEN,1
C7.883,"Aur mjhe afsoo horha hai shaadi kappor jese actor pr jisne itna ganda role
kiya hai",CAG,NGEN,1
C25.528.2,"मेडम जी लड़की आज कल ब्लैकमेल करती  
अपने घर पर बिता गा तब पता चला  
हर औरत अगर सेफ्टी ना हो ती तो  
ना किसी मां और बहन न भाभी भतीजी बहु  
लगता है कि ये बिना पिता और भाई नही है",CAG,NGEN,1
C9.282,"Ye log congress ke chamche hai  
Sarkar kuchh bhi kare uska birodh  
Karna hi hai.",CAG,NGEN,1
C7.2532.3,"Bhagva aur orange me bohut fark hai 🤭,,,, jor jabarjasti ka bjp link, jis
topic me bat ho rha hai wo kro",CAG,NGEN,1
C7.2135,"Har video me librals har video me tont abe yar boar kr diye ho ekdam se har
video me review do clean aur pure",CAG,NGEN,1
C36.752.1,Robin Sahi ye paschim mein chalega,CAG,NGEN,1
C38.692.2,"Kshitij Walwaikar are yrr ye bhed chal Valle log hai khud toh opinionated hote
nahi jo log karte hai vahi akh aur dimag band kar k copy karte hai isne logic
puchne ka koi faeda nahi 😂😂😂",CAG,NGEN,1
C4.585,"ye bas ek movie hai jisme hero ka character focus kiya hai, jiske vajah se wo
samaj sudharana nahi kar paye, unako maf kar dena, and tuze bollywood western
se compare karana hai to bollywood movie dekha mat kar,",CAG,NGEN,1
C7.1123,"Ye feminist or liberal wala video kidhar h bataiye zara ,gaali de ke aata
hun....",CAG,NGEN,1
C9.171,"2021 Tak jitne bhi purane mudde hai Jo Congress party tal rahi vo sab complete
ho Jane chahiye taki ab sirf aur sirf baat main mudde pe ho kisan, yuva ko
rojagar jaise. Congress ne vaise hi desh ko bahut piche kr diya kisi ek dharm
k chakkar me aur abhi bhi aisa hi Kar rhi hai. Jab sab dharm saman hai to ye
dharm vishesh k log kaise bane.",CAG,NGEN,1
C7.2563,"Ye vahi log hai jo pink jaisi purn ghatiya mansikta vali film ko achha btate
hai.....  
Pr yhan dukh hai ki bhaiya apne pink ka review ab tk nhi kiya🙄🙄",CAG,NGEN,1
C33.234,Yrrr ye log bimar hai na k love is love hdd hai yrrrr,CAG,NGEN,1
C33.176,"Jab asa hi khuda ko pasand hain to khuda, larki ko q paida Kiya,in dono me se
koi ek hi ko paida karta, ladka ya ladki, ae duniya walo meri baat dheyaan se
suno, qyamat ab jald hi aa ne Wali hain",CAG,NGEN,1
C19.148,"Ye bhai aapne hi review rakh raha he jese ki usko cartoon movie a66i lagi toh
uske hi gungan gata phirega  
Jo movie a66i nahi lagti usko ""AAP MOVIE DEKH K COMMENT ME BATAYE AAPKO KESI
LAGI"" bas yahi line bolke chala jata he",CAG,NGEN,1
C10.319,"Libranduo ke kundee me  
Red chelle dalo",CAG,NGEN,1
C7.689,Tum jese log hi sexual harassment karte hai ghatiya soch,CAG,NGEN,1
C7.464,Abe pagal kya ghooma fira k baat karta hai point pe bolna ghade,CAG,NGEN,1
C9.291.2,"@Debadutta Khandayatray 😃 tera Gali बता रहा है तू कितना पड़ा लिखा  
असल में टरेको सब बैठे बैठे चाहिए फ्री में चाहिए जो नहीं मल रहा है इसलिए तू
तड़प रहा है!",CAG,NGEN,1
C4.870,"I agree with u dude.. .. Bollywood se bhut influence hota hai. .. .. Aajkl sab
khud ko Kabir singh samaj rahe hain.. ..",CAG,NGEN,1
C61.10,"Bhai log bhai log Dost Laut main sab ko bolna Chahta Hun Ki isko support mat
karo",CAG,NGEN,1
C7.1859,Pagal hoo gya haiii laundaaaa....,CAG,NGEN,1
C7.1699,"Kaash mere pass thanos waali power hoti in sabhi  
liberaanduoo & faministoo  
Ko  
Kab ka hi  
Gayaab ( Garrdaa) kr detaa😂😂😂😂😂😂😂😂😂😂😂😂😂😂😂😂😂😂😂😂😂😂😂😂😂😂😂😂😂😂",CAG,NGEN,1
C7.2572,"Is feminism ko sbse jyada bdhane me hamri sarkaar aur usse bhi jyada supreme
court jimmedaar hai ....Aur ye hi in feminists ko badhava dete hai.....  
[#sabrimala](http://www.youtube.com/results?search_query=%23sabrimala)",CAG,NGEN,1
C7.1654,"Are review karo na, bak bak nahi",CAG,NGEN,1
C9.253.1,@indian Ranga Billa desh ke Modi Shah hai and dalla media hai....,CAG,NGEN,1
C4.444,"Merko toh khud bhot chutiya movie lagi bhenchod merko mera dost keh raha dekh
bhai bhot achhi movie hai dil chhu liya mera m ne isaliye dekhi movie warna
mai bollywood ki movie nahi dekhta mai hollywood he dekh ta hu",CAG,NGEN,1
C7.2527,इन liberals और feminists की बढ़ती जनसंख्या को 'THANOS' ही control कर सकता है l,CAG,NGEN,1
C9.322.1,"@vivek shahi vivek shahi moodi k bap se v nai drty aik var jihad ka ailan hony
de rhi bat islam ki to isi video pe dharam pe abuse kiye wo tuuhe nazar nai
aya isi liye me cmnt kia",CAG,NGEN,1
C10.9,"Kasturi shankar want to piece on Christmas Christmas manana he use yaha kyu
bulana desh se use koi matlab nahi hai...cool samjhne wali",CAG,NGEN,1
C7.1890,"कुछ काम दंदा करता है या खालि फाल्तु के वीडियॊज बनाते बैटा हॆ! तु ऒर तेरे
वीडियो ! तुपुक !!!!",CAG,NGEN,1
C19.191,फिल्म दिखा रहे हो तो रिएलिटी बताओ वरना कोई काम की बात नहीं..,CAG,NGEN,1
C38.717,"Bhai agar wo society me rahenge to unhe hi problem face karna padega  
Society change ho nai sakti khud ko change karo agar wo khud iss par proud
honge to dusre ke kahne se koi fark nai padega",CAG,NGEN,1
C7.1832,"koi mujhey batao ki ek ladki ko knife point pe almost rape karna, apni maid ko
glass todne pe harass karna kaunsa pyaar sikhata hai? preeti se pehle bhi
kabir ki personality problematic thi. usey anger management issues the. he
needed some serious mental treatment.",CAG,NGEN,1
C7.447,"Bhai tu liberals ko kuch bhi bol but indirectly Muslims ko kyun target Kar
raha hai I m unsubscribe you and Agar koi mjhse sehmat ho to isko dislike and
unsubscribe Karo",CAG,NGEN,1
C25.5,jutha mukedma kerne valo ko saja do,CAG,NGEN,1
C9.124,"चाहे जो भी का के सरदेसाई हमेशा अरुंधती को डिफेंड करेंगे, एक ही थैले के चट्टे
बट्टे है ।  
आप अरूंधटी के बारे में बात करेंगे तो तो अमित मालवीय का एग्जाम्पल देंगे",CAG,NGEN,1
C9.206,"Sarkar main baitha log jab hum logon ko unka education etc ke bare main galat
jankari deta hai sahi hai. Aur hum galat jankari de toh sarkar pe biswas nahi
hai ? Sahi aur galat kuch nahi hota hai. Winner ka kaha hamesha sahi hota hai.
Hum dekhenge ................ kon jit ta hai.",CAG,NGEN,1
C7.1362,"Negativity ki dukan hai  
Chamche",CAG,NGEN,1
C36.847,"Areee yr armed forces ko to alg rkho yr aur bhot sare ways hai country ki
serve krne ke .",CAG,NGEN,1
C20.176.3,"@Aparajita Burjwal oi oi oi shun 98.2% fake dowry case and 73.3% false rape
cases in India ncrb k mutabik",CAG,NGEN,1
C19.58,"**पहले मूवी रिव्यू करना सीखो उसके बाद करो।** यह मूवी रेप की धारा 375 के
दुरुपयोग के ऊपर है कि महिलाएं किस प्रकार इस धारा का दुरुपयोग करती हैं। और समाज
और अंधा मीडिया किस तरह से एक पुरुष को भी हमेशा दोषी मान लेता है",CAG,NGEN,1
C7.1087,"Liberals/feminists ko rote hue dekhkar dil ko sukun mil gya😂... That was epic
Pratik Bhaiyya❤",CAG,NGEN,1
C7.448,"Sir Light white ki kya zarurath hai . Movie thodi bana rahe ho , aur apki ki
feminist wali baat toh sahi magar aap aksar review kum apna frustration zyada
nikaal te ho . 😛",CAG,NGEN,1
C7.559.4,@Rewati Raman Kumar mam harr movie me libral ka rona jarari hai,CAG,NGEN,1
C20.4,HYPOCRISY KI BHI SEEMA HOTI HAI,CAG,NGEN,1
C19.111,Agar dekh ke batana hota to tumahara review kyo dekhete be,CAG,NGEN,1
C9.39,"बड़ा आश्चर्य होता है देखकर कि इतने पढ़े लिखे लोग भी ऐसी बेवकूफी वाली बातें करते
हैं ।",CAG,NGEN,1
C7.800,Sahi baat hai bhai,CAG,NGEN,1
C4.1785,"*जबतक इस देश में सनिमा है, लोग चुतिया बनते रहेंगे*। 😂 😂",CAG,NGEN,1
C4.1179,"Ye film logic ki maa behen ek kar diya hai aur pata nahi logo ko itna jyada
kyu pasand aaya 😒",CAG,NGEN,1
C10.840,Dramabaaz godi media,CAG,NGEN,1
C19.53,"Bhai yar,,,  
Slow ho ja bohot speed me lag raha hai tu  
Aur bhi kai aspects hote hain review k  
Dialogue kaise hain  
Cinematography kaisi hai  
Direction kaisa hai  
Music etc etc  
Tu yar puri story suna ke review kar ra h",CAG,NGEN,1
C7.679,"Chal bhaaag yha se.....  
Maa bahan beti h...?",CAG,NGEN,1
C7.799.3,"isse jyada Sharmnaak aur Nindniya Comment maine aaj tak nahi padha... Bhartiya
Sena ne rape Kiya ho aisi aaj tak 1 bhi ghatna nahi huyi hai... Sab
Vampanthiyo dwara failaya Gaya Jhooth hai !  
Aur dobara kabhi Aisa Jhooth spread mat karna...",CAG,NGEN,1
C38.757,"India ka culture nai h.....jao jake ajanta elora caves dekho.....kamasutra
dekho  
Sb tha indian culture mein  
Nd second thing u think kuchh b chhupke nai Hota India mein?🤣  
But Chlo if u see it positively then India mein homosexuality hi hai jo sare
religions ko ek sath khda ke deti h 😋😋....*just a joke no offense *",CAG,NGEN,1
C38.331,इंडिया के आधे लोग अभी अभी 19 वी सदी में जी रहे है ।,CAG,NGEN,1
C10.352,"ravishji से journalist सीख लो तो शायद magsese award मिल जाए अन्यथा hate speech
चलाना बंद कर !",CAG,NGEN,1
C38.83,"[2:14](https://www.youtube.com/watch?v=ZzsAuDkXq1M&t=2m14s) Thappad?  
Agar koi gay Hai to uski Kya galti usme use nature ne ese banaya Hai.",CAG,NGEN,1
C7.1,"Video ka best part -
[11:14](https://www.youtube.com/watch?v=J2J5ssSP5yQ&t=11m14s)  
Koi feminist ispe kuch nahi bolega ab, dho dala pratik Bhai ne 😂😂  
Pratik Bhai rocks 😎😎😎",CAG,NGEN,1
C7.2225,"भाई अभी बहुत लोग ने नही देखी है.. spoiler मत दो। बाकी एक कहानी दिखाई गई है
जिसको देखनी हो देखे.. ये दिमाग लगाने वाले लोग सलमान की picture में इतना दिमाग
लगाएं तो उसकी सारी फ़िल्म फ्लॉप हो जाएं😂😂",CAG,NGEN,1
C7.2349,"Accha bola bhai !!! Wo sucharita bohot bhouk rahi thi. Aab baas video trending
pe aa jaye.",CAG,NGEN,1
C4.1356,"Are Bhai agar Bollywood influence Ni krti real life mein to fir ye feminists
ko problem Kyu hori h movie se ? That clearly means Bollywood Jo khila ra h vo
tum khare ho aur ye tumko Ni pachra h to ulti kree ho 😌",CAG,NGEN,1
C25.8.1,"Ekdum sahi kaha !! Aisa koi bhi law nahi hai ki jisme bagair sopoot arrest
Kiya jai. Sirf yeh ek hi law hai 498A ki jisme aisa hota hai. Accha amendment
hua hai, toh yeh sab chid rahe hai. Kuch jalate nahi hai, thode cases se yeh
apna business chala. Go MGTOW bro. Shadi mat karo.",CAG,NGEN,1
C7.1422,"अभी तो कबीर सिंह फिल्म की वजह ये लोग पागल हो रखे है, जब RX100 का रीमेक आएगा तब
तो चूड़ियां तोड़ेगी ये फेमिनिस्ट.",CAG,NGEN,1
C21.27,"73% rape case jhoothe hote hai par phir bhu un 73% ladko ki zindagi barbad ho
jati hai",CAG,NGEN,1
C21.162,"Zero, judwa2,Thugs, bharat,Race3, harry met Sejal jaisi ghatiya films se
hazarGuna best hai Section 375, Article 15, Jolly LLB jaise kuch acchi filme
jo logon ko Zindagi ki Asliyat dekhate hai.  
Aise movies kohi awards milna chahiye. Naki SoCalled Star aur StarKids ke
filmon ko???",CAG,NGEN,1
C7.303,Kitni faltu bakwas kar raha hai bhai tu,CAG,NGEN,1
C7.1299,ज़हरीला पुरुषत्व 🤣🤣🤣,CAG,NGEN,1
C10.178,"lagta hai Ranga aur billa iske yaar the is liye inka naam sujjest kar rahi hai
loogo ko , aur hamare desh ke so called secular gang itni jahil hai waha iske
kehene par yeh naam rakh bhi lege",CAG,NGEN,1
C7.1468,"Indian Feminist be like men rape people  
A real feminist be like Rapist rape people  
Jab veere di wedding jaise gandu movies aate theyll feel amazed jab kabir
singh jaisa acha movie aata he toh ungli dikhaate! Feminist word ka misuse
kare yeh loh",CAG,NGEN,1
C19.92,Ajeeb sa bnda rkh lia ye toh review ke liye,CAG,NGEN,1
C19.138,Or kisi ko bheja kro movie review ke liye...,CAG,NGEN,1
C4.713,Ladkiyo ko kabir singh chaiye! Ganjedi darubaj!!,CAG,NGEN,1
C7.176,Are bhai film review kar na jada bat kar ta hai,CAG,NGEN,1
C7.531,"Kya hoga hai aapko aap to movie review hi nhi karte sirf feminist and liberals
ki baat karte ho review Karo sirf koi kya karta hai usse aapko kya kya usne
tumko Kaha",CAG,NGEN,1
C9.290,Abe JNU ke keede Dwivedi.....,CAG,NGEN,1
C20.357,"Bhai sucharita....tumhe har cheez me male female hi ghusana hai.....kyun film
craft ka aisi taisi kar rhi ho??Art and craft gender specific nahi hota,human
based hota hai.Agar male female ke chakkar me pade hote to nahi Shiv ka
Ardhnarishwar roop hota na hi vishnu ka Mohini swaroop.",CAG,NGEN,1
C7.757.4,Mens Rea woh pratik daanpanthi rashtradrohi aatankwadi Hai.,CAG,NGEN,1
C68.519,"Bhai... Us bhakari ke upr our ek video bana dena.... Our yeh bat yaad dilana
jo logo se hat nehi milate badan se badbu ate esliye... Pehle toh unhi logo ke
samne hat felake bhik mangti thi... Bhai ek bat toh sach he kawya our koyel
dekte toh ek jayse lekin kawya our koyel fark hota he......",CAG,NGEN,1
C4.461,Is laore movie ki wajese break up hojaega mera,CAG,NGEN,1
C7.649,"Pratik bhai kya reply diya hai  
Liberal ki watt lag gayi ho",CAG,NGEN,1
C10.1182,"Jb aapko pta hai ki ye chennal aapki awaj dabane ki kosish krta hai to aap log
is debate me aate kiu ho...",CAG,NGEN,1
C26.226.2,"Raman Singh.....jab tere pe aayegii na tabhi Tu samjhega...........judge,
police, lawyers sab mile hue Hain is dhande mein Jo sasural walo ko uksate
Hain aur faayda dekh woh sun bhi lete hain",CAG,NGEN,1
C19.170,"Anchor bhai, you need some more practice.",CAG,NGEN,1
C7.2381,Is vedio pe dislike karne Vale log bhi feminist hai,CAG,NGEN,1
C23.41,pratik barode ne film review karty bakt hi spoil kar dia 😠,CAG,NGEN,1
C9.110,अरुंधति राय का बॉयफ्रेंड का नाम रंगा बिल्ला है,CAG,NGEN,1
C36.1112.5,"@Pankaj Kumar Swain hindu, pr alag soch lekar. Jisme mai jyada baki log kam.
Soch logical hai naki mythical.",CAG,NGEN,1
C7.2415,"Okkkkk Pratik... I got it... Agar ledka thappar maare to wo NORMAL anger
management issue AUR Agar ledki thappar mare to wo ABNORMAL feminism ki
hippocrissy !!!!!! 😁  
Maan gye Pratik aap ki hippocrissy level ko bhi.... 😉",CAG,NGEN,1
C26.250,Accha kiya sala....chutiyo ko kharcha kr dala,CAG,NGEN,1
C7.2313,Chutiya bhakt 😒,CAG,NGEN,1
C9.75,Rajdeep ko ku late ho bhai kush to ijjat kro Apne channel ki,CAG,NGEN,1
C25.618,"Neha Gupta @22.00...  
Ladki ki cost pe kyoon hai...  
Ladke ki cost pe kyoon nahi hai...  
Is desh mein agar aapko dabana hai to aap ladki ko hi dabayenge...  
Usiki saari cheezein dabayenge...  
Aap ladke k kabhi nahi dabayenge....",CAG,NGEN,1
C7.2123,लिबरलस् को मूल्लों की नजर से स्त्रियोंकी छबी बहुत ही अच्छि लगती होगी!,CAG,NGEN,1
C7.1673,Eai bhai kya hain movie review kar na liberal ka baat kyu Kar raha hain,CAG,NGEN,1
C9.227,Modi shah ranga billa se bhi badtar hai,CAG,NGEN,1
C9.110.2,"नहीं भाई, ये दोनों तो अरुंधती के सगे भाई हैं। तभी तो उनका नाम बताया।उनका नाम
भी पसंद है, उनका काम भी पसंद है। बाकी भाई भी उनके भाई बन जाओ। बहन पुकारती है।
यही तो चरित्र है बहन का।",CAG,NGEN,1
C20.113.2,"@Prabhat kumar aurten Kya mardon ka dhyan nahin rakhtin ?  
Patni ho ya ma,A-z Jo ho sake tumhare liye kartin hai.  
Mere father ko meine pay nahin Kiya,bilkul jaise tumne alne mother ko nahin
Kiya .  
Meine hatred spread Kiya hai ,iss movie ne ?  
Rape cases fake hoten hai,agar aisa kahoge ,toh pata hai ,kitni masum ladkiyon
ko jhutta karar Diya jayega ?  
8 mahine k ladki ka rape ho jata hai ,uss par male ego movie banane nahin deti
Kya ?  
Z  
Ladkiyon ka iss samaj mein saman yogdaan hai.  
Tumhe izzat chahiye ,toh hamme b chahiye. Jo tum ghanta nahin dette .bas mauka
chahiye airton ki koi birai nikalni ki aur usse prachar Karne ki.  
Jaban ajj Ladd rahen hai kyun ki boundaries man rullers ne banae the. Agar
aurton ka Raj hota , toh bas santi hi Santi hoti.😌",CAG,NGEN,1
C19.183.3,100 me se 95% Rape Females Karti h,CAG,NGEN,1
C59.2021,"Yah Bhikhari ko nikal do Aisa Bhikhari ko Mulakat karna Nahin chahie Fikar
Rahana chahie",CAG,NGEN,1
C36.1088,नहीं होना चाहिए आर्मी वाले दूसरों की मारते है खुद की मरवाते नहीं।,CAG,NGEN,1
C4.1171,"""jab tak hindustan mein cinema hai log chutiya bante rahnge""",CAG,NGEN,1
C7.882,"Mujhe th sharam aarhi hai logo ki soch itni gndi kese hogyi hai han veerey ki
weeding gndi movie thi pr woh jh bhi galat krrhi thi kisiko physclly ya
mentally hurt th nhi krrhi thi",CAG,NGEN,1
C7.1249,"Prateek, Kya aap Anjana Om Kashyap ki behuda news coverage ke upar koi video
banayenge?",CAG,NGEN,1
C26.56,"Well done. I think Jahangir have taken right decision. Family ko barbaad krne
walo ke sath yhi hona chahiye .",CAG,NGEN,1
C26.168,"Bilkul sahi kiya . Mere upar jhuta dhej ka cause dla hua h . Wese b mardo ki
koi sunta h ni .",CAG,NGEN,1
C36.496,Sabse pehle to aise log army me jana he nahi chahengay.,CAG,NGEN,1
C7.2424,"Ye review nhi tha only discussion tha pls pehle ki tarah review kara karo ye
liberal communist se bore hota hai",CAG,NGEN,1
C36.1023,zyada freedom dene se yahi hota he 😡😡😡,CAG,NGEN,1
C7.110,"Kabir Singh ne Preeti Ko mara ek thappad jitna Preeti Ko Dil par nahi laga
usse jyada Feministo ke muh pe laga hai.",CAG,NGEN,1
C7.1120,Ye log wahi bolte jaha se kuch publicity mil sake,CAG,NGEN,1
C7.264,"जब तक सिनेमा है फ़िल्म मेकर चूतिया बनाते रहेंगे और तुमलोग चूतिये बनते रहोगे,
फ़िल्म का रियल लाइफ से जोड़ेंगे तो बहुत बड़े बाले हो ।",CAG,NGEN,1
C10.377,कितना आवश्यक है उस भाषा में डिबेट करना जो भाषा आपके पेनलिस्ट्स से आती ही नहीं।,CAG,NGEN,1
C9.266,"Abhi Lallantop wo MLA, MPs Ministers jo muh say sandaas krtay hai unko bhi is
list may shamil kro.",CAG,NGEN,1
C7.315,Ek word chl be chup 😈,CAG,NGEN,1
C7.2195,**Ladkiyon** se itna chirta h tu... Teri soch pe **Aaaa thu**,CAG,NGEN,1
C20.171,Jaliii,CAG,NGEN,1
C7.2415.2,"Maine kab kaha ladki thappad mare to ABNORMAL Feminism ki hypocrisy hai ?  
Lagta hai Aapki Hindi bahot hi jyada kamjor hai ... Video dobara dekhiye
shayad aap is bar samajh jao !",CAG,NGEN,1
C25.456,"Ye andha kanoon hai Bhai logo or andhe hai kanoon bnane waale bandrio ke hath
Mai bramahsth de Diya desh ka Kya bhala HOAG aise kesh Mai to log marder hi
krke jail Jana thik hai 498A se best 13 ya 302 hai",CAG,NGEN,1
C36.738.2,Pagal hae Kya pagal,CAG,NGEN,1
C43.113,Hahaha jay hind se seedha gay hind😂😂,CAG,NGEN,1
C33.117,government ko ye kyun Nahi lgta ki caste system ko hatana chahiye?!,CAG,NGEN,1
C36.992,"Ye kya topic h  
Isse jada achhe topic h unpr discuss kro",CAG,NGEN,1
C26.59,"Dar paida karna hai to dono key leeye keejey sirf man key liye hi
kyoun...kaati to kutiya bhi hai aur kutta bhi",CAG,NGEN,1
C9.301,Es JEHADI ko kyo late apne show me?,CAG,NGEN,1
C9.142,Muja Lagta hai rajdeep totally baised hai,CAG,NGEN,1
C20.131,"Sidhe bol do "" main kattar feminism ki side se hun"",, log samajh jayenge.. .
Gol Gol kyun ghuma rahi ho",CAG,NGEN,1
C38.665,"I guess..educated logo ko he kuch zada samjhana padta hai aajkal...😑😑,!!!",CAG,NGEN,1
C10.499,yaar kitta chilati hai,CAG,NGEN,1
C7.2270,"Sahi bolun mai bilkul pasand ni krta reviews tmhare bharat ko bhi jb negative
bola tmne bt phr bhi dkhta hun tmhari soch ki wajah se keep it up",CAG,NGEN,1
C21.51.1,"@Pratik Borade wah ji wah itna likhne ki kya jaurrat thi maine to sirf video
banane ko kaha tha...apne to modi bhakti me dandwat ho gaye hai😀",CAG,NGEN,1
C4.89,"“Bollywood ka dimaag chutiya hee tha, 90 me bhi chutiya tha aur aaj bhi
chutiya hee hai”",CAG,NGEN,1
C7.1868,"bhot sahi bola bhai point h bhai ye feminism ka jhota jhanda le ke chalte h
hume problem nhi h feminist se ya feminism se...",CAG,NGEN,1
C26.58,"बहूत सही किया जहाँगीर भाई इन जैसों के साथ यही होना चाहिए जो सिर्फ कुछ पैसे के
लालच में हम जैसे मरदो की जिंदगी से खेलती है उनकी यही सजा और यही ईनाम है आप ने
बहूत सही काम किया है",CAG,NGEN,1
C7.522,"Humare desh me har achchhi cheez se kuchh kharab log jud ke usko kharab kr
dete hai... Iska mtlb ye nhi k wo cheez achchhi nhi hai.. Bas kisi tarah un
kharab aur publicity ke bhookhe logo ko hataya jaae bas..",CAG,NGEN,1
C19.81,"अरे! लल्लनटाप वालों, इस श्वेतांक को फिल्म समीक्षक बना कर हमसे किस बात का बदला
ले रहे हो? तुमको हमारा नाम है वाले सौरभ द्विवेदी का वास्ता इस श्वेतांक को कुछ
दूसरा काम दो भइ|",CAG,NGEN,1
C9.189,"सौरभजी अरुंधती रॉय ने बोलनेके आजादिका इस्तेमाल किया और आप करता कर रहे हो ?
उसकी न्युज बनाके बढावा दे रहे हो.  
क्या यह सही है ?",CAG,NGEN,1
C33.235,"I think ye section ko banned krna chahye ye sb jo smjhte hain k is sec ko pass
hona chahye tha wo sico hain qk inho ne gandi videos dekh dekh kr aona ye haal
kr liya hai sooo sicho people apna ilaaj krwao na k ye gandi hrktein kro",CAG,NGEN,1
C19.124,Abe Kahna Kya Chaahte Ho Be😐😐,CAG,NGEN,1
C4.274,"Londa kiss krleta h aake aur bina ladki ke permission ke na hi ldki ne pehle
koi indication diya... kul mila kr frzi movie thi.aur kuch chutiye is movie ko
5-5 bar dekh ke aae...😑😑",CAG,NGEN,1
C4.1607,"Bhaii bhott shii bolaa.. koi to bolta hai shi.. baki sb paise ke piche lge
hai..",CAG,NGEN,1
C9.276.1,"पढ़े लिखो को अर्बन नक्सल कहना क्या सही है। ऐसे pm की इज्जत कैसे करेगा कोई। जो
दिन रात जुठ ही बोलता है।",CAG,NGEN,1
C25.512,"कानून का सहारा लेकर परिवार नहीं चल सकता । कोर्ट में जाकर पत्नी सुखी नहीं रह
सकती। पारिवारिक रिवाज समाप्त हो जायेगी ।प्रेम समाप्त हो जायेगा ।",CAG,NGEN,1
C26.239,sahi kara sale ne,CAG,NGEN,1
C4.1225,"हिंदुस्तानी भाऊ जैसे गालीबाज को तुरंत ही 1 मिलीयन सब्सक्राइबर्स मिल जाते हैं
लेकिन हमारे भाई सालों से मेहनत कर रहा है फिर भी इनके सब्सक्राइबर्स इतने नहीं
बढ़ रहे, सही में इंडियंस चुतियां हैं",CAG,NGEN,1
C19.35,"Ye kaisa review diya he. Thoda experience le le bhai. Ghuma ghuma ke dimag ka
sahi Kiya tumne",CAG,NGEN,1
C7.799.2,"@Pratik Borade hello, I know ignorance is bliss. But ankhein aur kaan khol ke
jiyo Zara. Google karo aur padho. Tumhe khabar pasand nahi aayi to jhooth Ho
Gaya? Sharam tumko khudpe aani chahiye",CAG,NGEN,1
C38.641,"at [3:10](http://www.youtube.com/watch?v=ZzsAuDkXq1M&t=3m10s) ...cummon bro
you have to be witty.....delhi ka hoke ye ans...srsly ....u should say ""KARKEE
DIKHAUN"".....",CAG,NGEN,1
C19.116,"Bhai bolana kya chahte ho, kuch samajh nahi aaya",CAG,NGEN,1
C7.2379.1,"Are Pratik Bhai ne notice kar liya aaj to kya bat hai. Shubh din h lagta h
aaj. Bhai logo yhi time h jab log jagrut ho rahe h. Ye vaicharik kranti ko
rukne mat do ab ye farzi azadi k bad b itne sal ho gaye h hme bewkuf bante hue
to thoda samay lagega hi par hme koshish karte rehna hoga. Or main fir clear
kar du mera koi jati ya dharm vishesh se bair nahi h par jo apne desh bharat
ka nahi ho sakta wo kisi ka nahi ho sakta. Jai Hind.",CAG,NGEN,1
C7.728,"are ye famanist jub kaha thi jub veere di wedding aayi thi usme to
mastrabation bhi kerte hue dikhaya tha us film me  
tab kaha thi ye famanists",CAG,NGEN,1
C21.7,"Jaj to paka hipatitus ka mariz tha wo bhi angrez waaaa...  
Shakl bhikari se bi buri",CAG,NGEN,1
C4.1145,"Simple formula of Bollywood.!!!! Bollywood shamaj chuka hai. India walo ko
pyar sikhao. Fir ( sunny leone) se ( man force condom) ka add karau.!!! Acting
🎭. And condom jaise product tagde se becho.!!!!?!  
Realty of Bollywood 😂😂😂😂",CAG,NGEN,1
C10.1249,"Chopra Sahab to ganja pike baithe he Infront of cam..  
Arnab ji app kya Puch rahe ho aur unhone kya Ans de rahe he...  
Wo ate he debate me just for time pass",CAG,NGEN,1
C38.481,"ladkiya bakchodi sirf videos mai krti hai (i dont mind any color i aint
racist) color and walar adrak and lasan",CAG,NGEN,1
C9.13,Jyada overreacting,CAG,NGEN,1
C36.825,Bilkul nhi hona chahie warna internal environment khrab hoga definitely,CAG,NGEN,1
C9.282.1,"Bhai ek baat bata knsa media hai abhi INDIA me jo bika hua ni hai..mainstream
media ki baat krrha hun..sirfek ya do honge..thk h bhai..  
Ab kio banda sach dikhata hai ya sach btata hai to congress ka camcha kese ho
sakta..fir tm kese identify kroge kn sach h kn jhoot hai..qki kio sach dikhega
to congress ki tarf se hai..ar baaki media to hai hi jo bike hue ye sab janta
hai..nhi pata to search krlo zee news ka owner tihad jel kyn gya..",CAG,NGEN,1
C26.60,"Jhangir ney jo kadam uthya vo galat hai lekin uski sicology to samjheeye 3
months prison destroyed his life...he lost his parents that is why he took
this step....HAR INSAAN SANT MAHATMA NAHI HO SAKTA HE IS A NORMAL GUY",CAG,NGEN,1
C4.112,Dekho bhiyya jab tak canema hai tabtak log chutiye bante rahenge,CAG,NGEN,1
C21.184.4,"@Rajveer Singh Chauhan aur pakistan ko donation dene wala srk sachha desh
bhakt hai na??",CAG,NGEN,1
C7.1226,"Sir movie apne jgha ek dm sahi hai m agree krta hoon lekin aapne unn feminist
liberals ko jo krara tamacha mara h na bhaiya mere dil ko bht sukoon mila 🤗🤗",CAG,NGEN,1
C4.1130,"Bilkul sahi kaha sir aapne is video pe.... Yahi h bollywood k chutiyape aur us
character ko copy krne wale chutiye😂😂😂",CAG,NGEN,1
C38.545,"BAKWAAS, BEMATALAB, THIRD CLASS,",CAG,NGEN,1
C36.679,"ये हमारा वही 🇮🇳 देश है ना जिन्हें 🗡तलवार के बल पर अनेक राजाओं ने 🙋जीता! लेकिन
💎संस्कृति के बल पर कोई 🏇नहीं जीत पाया..?  
लेकिन अफसोस अब हमारे देश में कुछ 👨‍❤‍👨गांडु की वजह से.....👿👿👿",CAG,NGEN,1
C36.971,Chako ki army to pahle se h hi,CAG,NGEN,1
C9.3,"Mohila hone ka advantage leta hai.koi kuch bolega likhega to usko boldega e
mohila ko sonman nahi de sakta e oryachari hai falana flana.avi ka jomana ho
cholraha democreasy ka golot fayada uthata e mohilaye kisiko kuch v
boldeta.oski apni sonman ejjot bolke koi chij hai he nahi.desh ki prodhan
montri ka bare me eise sobd nikalke logo ko vorka raha .eska upor koi ve desh
hota to e rastrodroho ki mamle por action le leta.",CAG,NGEN,1
C19.70,"Upasna is movie review deti to kayamt h aa jati😂😂😂😂...
[#Pseudo](http://www.youtube.com/results?search_query=%23Pseudo)_feminism",CAG,NGEN,1
C20.138.1,"Haan jarur tum feminazi hogi. Isliye to sucharita ka review pasand aa raha
hai.",CAG,NGEN,1
C23.37,Ye jis mahan critic ki baat kar raha hai pratik borade hai kya,CAG,NGEN,1
C20.125,A gyi feminist Didi 😂😂,CAG,NGEN,1
C9.305,Debate kariye debate kariye debate kariye Kis se kre jhote pm se,CAG,NGEN,1
C4.1071.4,"@Ajay Negi  
Dekhiye..aise hi kisi bhi ladki ko slut bol dena..is not a logical
answer..bahut log first date pe bhi kiss kr lete hai..lekin ye zyada important
hai ki woh kiss dono ki consent se hua ya nhi..agar consent se nhi hua..toh
galat hai  
Aur Janab Indian ladki ko Generalise aur Stereotype krna koi acchi baat
nhi..kyuki zaruri nhi ki har Indian ladki apni Suhagraat pe Sharmaye(kyuki ye
stereotypical chutiapanti bhi Bollywood ki hi creation hai).  
Lekin haan..ye baat somewhat true hai..ki zaruri nhi har koi pehli mulakat
mein kiss hi kre.",CAG,NGEN,1
C21.41,"Section 375 ko jyada screen dena chahiye sirf 600 se 700??aur thugs of
hindustan aur race 3 ,zero jaisi bakwaas filmo ko 6000 screen ??kya hai kya ye",CAG,NGEN,1
C7.69,Ye jitne feminists hai ya libralsh hai ye sab pagal ho gye hai...,CAG,NGEN,1
C10.200,Godi media ban karo,CAG,NGEN,1
C36.1126,"Ab left ptrakar log Bipin Rawat ji ke piche pad jaayegi ab ... Ab jabardasti
homosexual ghusane ki koshish karenge.... Gayi ab army bhi gayi...😢",CAG,NGEN,1
C29.28,"Hetu reep Hindu log NAHI keya Hai is me tu kush politics ledar is ka peche
inlogunko sapot karahahai jaror congress walonka hat hai",CAG,NGEN,1
C26.220,Sahi kiya tabhi ee government iss ghatiya law ko nikad degi,CAG,NGEN,1
C36.728,kya bakwas he ye army se to dur hi rakhna chahiye,CAG,NGEN,1
C4.549,Jab tak cinema hai log chutiya bante rhenge.....,CAG,NGEN,1
C9.292,"ravish kumar abhishar sharma barkha dutt ye sabhi urban naxal hai ye log modi
ji ke khilaaf jhhoot failaate hai aur dush prachaar krte hai",CAG,NGEN,1
C7.2351,"Bhai liberals ki chodo ...wo to h hi chutiye ...unki koun sun rha h .aap movie
ka review kro yr ..shahid ki acting ka .music ka .jaisa aapko arjun reddy dekh
k lga tha ..wo btao ek new movie ki tarah ..",CAG,NGEN,1
C36.425,"सही है । आर्मी में हि^#& का कोही काम नही है। किसी को बुरा लग सकता है पर ये सही
है। जय हिंद फौज। भारत की आर्मी को दुश्मनो की चाल है कमज़ोर करने की । ये कभी नही
होगा । जय हिंद",CAG,NGEN,1
C7.706,"Aap ka review Kam add jyada hota h bar bar aane se dimng krab hota koi v log
track se hat jaiga",CAG,NGEN,1
C36.630.1,Pehle din likhna sikh jake,CAG,NGEN,1
C38.512.1,"all type of movie dubbed in hindi baakiyo ka to pata nahi...lekin aap bataye
aap konse zamane se hain 😂",CAG,NGEN,1
C19.74,"अरे सौरभ जी इसने आपको कोई कर्ज़ दे रखा है या कोई दुखती नस दबा रखी है। ये खुद
अपनी vedio बनाने के पैसा देता है। कुछ और काम दे दो।",CAG,NGEN,1
C9.292.1,"Rajdeep sardesai ,ye khud ek gandi soch ka patrakar hai aur ye independent
journalism nahi karta hai.",CAG,NGEN,1
C7.1367,are yr gyan mat baato review kro,CAG,NGEN,1
C9.62,Ji koi vishwas nahi hai sarkar pe,CAG,NGEN,1
C10.142,"AISA NA KARO NAGARIK THA CHALI JAYENGI MODI JI HAI THO MUMKIN HAI HALKE ME NA
LO 😂😂😂😂😂",CAG,NGEN,1
C4.879,"Itni jyada overacting aur logicless movie thi ki sirf aadhi movie hi tolerate
kar paaya",CAG,NGEN,1
C7.1063.2,"🤣😂🤣😂  
isiliye kehte hai Bina video dekhe comment nahi karte hai nahi to beijjati ho
jati hai !",CAG,NGEN,1
C7.449,"ये वही फेमिनिस्ट है जो सलमान एवम ओर भी खानों की घटिया फिल्मों को भी 200 करोड़
के पार पहुँचा देते है।",CAG,NGEN,1
C7.1295,"Acha sir wo use chakoo dikha k kapde utarta h wo aapko thik lag raha h or us
ladki ko bich sadak pe chata marta h wo aapko sahi laga",CAG,NGEN,1
C36.852,"army ko in sab cheejo say dur hi rakhna chahiye , because ye human rights
,leftist ,rightist, socialist border or jung k maidan main nahi chalta",CAG,NGEN,1
C36.393,Comments dekh ke lagta hai india me homosexuals ki koi kami nahi hai,CAG,NGEN,1
C26.278.2,"Sahi Kiya jab Indian judiciary system hi help nahi karta to men's kya sirf
suffer kare time to take revenge",CAG,NGEN,1
C36.691,Humey Fauj mein OUI MAA OUI MAA karney waaley nahi chaahiye 😂🤣😂🤣😂😂,CAG,NGEN,1
C20.386,"She knows hum sab youtube ke film companion channel pe bhete hai hounds ki
tarah sirf Dream Girl ke liye... isilye humare maze le rahi hai...😂🤣",CAG,NGEN,1
C19.11,"Movie m 375 ka galat use se zyada focus society ke pressure par h.. which is
not true.. last year kitne hi cases aaye the Bollywood industry ke under
[#metoo](http://www.youtube.com/results?search_query=%23metoo) but na koi
movement hui na kisiko arrest Kiya gya na hi public ko aaj yaad accused logg
yaad bhi h.. infact nirbhaya and asifa ki movement ke alava kabhi koi public
movement hui hi nhi India m asking for women safety.. na vo logo ke ly
important h na government ke ly.. India m aaj bhi marital rape ke ly koi
punishment nhi h..90% rape ke case report hi nhi hote coz mostly koi
rishtedaar hota h..plus ab death penalty bhi h toh sab ladki ko hi smjha dete
h and report hi nhi krte.. Jo logg report krte h usme bhi bss 1-2% logo ko
punishment milti h.. rape chahe women ka ho men ka ho ya kisi transgender
ka..usko sensitivity se handle karna chaheye.. galat case krne valo ke against
punishment honi chaheye and hoti bhi h..kabhi judiciary ne logo ke pressure m
aa Kar galat judgment nhi di.. India jsi country m Hume Orr public movement ki
zarurat h.. na sirf rape cases m balki Harr injustice ke against.. unko khrab
light m dikhane vali ye movie society ki soch ke ly bhot dangerous h",CAG,NGEN,1
C4.1973,"""sala Hindustan mein jab tak saneema hai, log chutiya bante rahenge""",CAG,NGEN,1
C59.1872,o bikare hoke bi bohut bode baat ki or tu tho us sai bi bura,CAG,NGEN,1
C4.749.5,Doctors ki imagine bhi kharab Hui h,CAG,NGEN,1
C19.90,"Isse review kyu karate ho yaar, bhale 1 2 din late hojaye, Mubarak ya Darpan
se review karwao.",CAG,NGEN,1
C7.1443,"Wo LIBRALS aur FEMINIST nahi hai  
wo LIBRANDU aur FEMINAZI hai",CAG,NGEN,1
C7.306,"Bilkul sahi baat Hai bhai, ladkiya Kare to new trend, new thinking, hum ladke
Kare to cheap. Aise logo ko na baba ji ka thullu",CAG,NGEN,1
C4.1624,"Kabir singh/ arjun reddy -Self destructive chutiya. Bas chutiyapa bikta hai is
desh mein.",CAG,NGEN,1
C4.982,"Desh me jab tak senema hai  
Log chutiye bante rahenge  
[#Ramadhir](http://www.youtube.com/results?search_query=%23Ramadhir) sing 😂😂😂",CAG,NGEN,1
C21.286.4,"100% right ,DABANG MOVIE ,,,JET LI AUR JASON STATHAM KE FILM KI COPY
HAI,,,,,,PAR ,,,TAAJUB YE HAI KI,,,,,,JET LI KO REAL FIGHTING AATI.
HAI,,,,,,SALLU KO NAHI",CAG,NGEN,1
C68.708,"Bakery Maharaja hone se kya hota hai Kyunki uska Halat Hai railway station
platform mein Marne Ka khana vah aadami Hollywood ka Kiya Jo dega",CAG,NGEN,1
C7.467,"Oyeeeee tu dhusa ra bjp..... k pet haii tera drama..... bus kar sab.... dusro
ko judge karne ki habit... tujhe mai... dramebaz...",CAG,NGEN,1
C7.515,"Bhai movie ka review kro ..reviews ka review ni kro .. sabke pass dimag h log
sab samjhte",CAG,NGEN,1
C9.231,राजदीप जी को भी सब देशद्रोही बोलते शर्म आती है।,CAG,NGEN,1
C10.1364,Yai sab ek hi thali roy kai chate bate hai,CAG,NGEN,1
C7.2222.4,"@Be Positive Sirf aap hi ko lagta hai aapke views sahi hain. Duniya mein Akeli
sahi ho baaki Sab BURE hain.",CAG,NGEN,1
C10.35,"Ye Congress har kaam me gandhi ji ka naam leti hai lekin abhi desh me jo hinsa
karwa rahi hai wo bhi Pradhanmantri aur gruhmantri ke clarification ke baad to
ab kahan chale gaye Gandhi ji ke siddhant.",CAG,NGEN,1
C19.163,"kasam se yaar itna bada c****a vala review maine ek baar quora pr padaha tha
aur es baar the lallantop pr dekha, bhai mujhe to lag raha hai ki tujhe v ye
film samjh me nhi aai. dude thoda homework to kar leta ki sec. 375 ki
controversies kya h.",CAG,NGEN,1
C4.832,Sab actors chutiya hain ye aam aadmi wo log Ko Raaja bnaya aur paisa diya,CAG,NGEN,1
C33.7,Allah ka kahar barsega jaab tum log iss paap ko promote karrahe ho,CAG,NGEN,1
C36.1137.5,"@Naveen Lamba bhai Gu tatti ko khte hai na?  
Chlo aaj ek doubt to clear hua kahin Q aa jaye",CAG,NGEN,1
C9.148,Esame nya kya pura desh. 89%longo ko sarkar viswas nahi hai. Baki andhbhakt,CAG,NGEN,1
C36.1136,Y log army m jake wha v yhi ...”1 gandi machli saare talab ko gnda kr deti h”,CAG,NGEN,1
C19.87,Bhai tu review mat de...bahut confusing review deta hai,CAG,NGEN,1
C7.1473,"Feminist: hum duniya ko badal denge....  
Pratik bhai: behno pehle apne aap ko badlo.. 🤣😂",CAG,NGEN,1
C7.1709,Come to the point ... Yaar Kya bakchodi bana rha hai,CAG,NGEN,1
C19.165.1,"@ratnesh goswami me Google se knowledge Leta hu aur jab muslimo ko samajhna ho
toh terrorist ko dekhleta hu  
Ab tu konsi fraud University se knowledge Leta haipehle uski qualifications
check karlena",CAG,NGEN,1
C36.377,"Jo log bhi un videshio k hicab se bolrahe hnn ,kripaya karke fullstop
lagaye,Hindustan k natural climate k hicabse socho and hnn totally I agree
with general [Rawat.ye](http://rawat.ye/) humare conditions Ko match nhi
karta.. practically socho na ki emotionally..",CAG,NGEN,1
C10.1217,"Isi liye aadhar zaroori hai.. Tum jaise logo ki wajah se saare pareshani mein
hai",CAG,NGEN,1
C7.1136,"Pictures samaj ko sudharne k liye bnani chahiye na ki aur jyada teenagers ko
criminal bnane ke liye",CAG,NGEN,1
C7.2583.1,"@Sanchit Chaudhary aap sensible ho , pls ye baat jake iss mote gende bhainse
jaise review dene wale pratik hota de ko bhi samajhao, ki jo galat hai woh
galat hai . Nhi to kl ko to ye rape krne walon ko bhi brave btayega or fir
bolega ki ye feminist ke munh pe tamacha hai",CAG,NGEN,1
C33.5,Sodomme Jo hua tha wo tum logoke saath bhi hOAG,CAG,NGEN,1
C4.1408,"[15:50](https://www.youtube.com/watch?v=N_ZMfQMZos0&t=15m50s) itne jhut to
neta log bhi ni bolte re",CAG,NGEN,1
C19.161,"[https://m.facebook.com/story.php?story_fbid=504756703591356&id=100021710923207&sfnsn=scwspwa&funlid=L2gyPD4kqh43xB1H](https://m.facebook.com/story.php?story_fbid=504756703591356&id=100021710923207&sfnsn=scwspwa&funlid=L2gyPD4kqh43xB1H)  
  
Yak bar is link ko open kar ke bhi dekhiye Pata Chale ki police kis had tak
gir gaya h",CAG,NGEN,1
C59.1576,"Bahut acche bro Tumhara Baat Sankara bahut Achcha Laga Bhikhari aise hi hota
hai",CAG,NGEN,1
C4.749.1,"@Dhruv Mehra Doctors ki image pehle se kharab hai... Paiso ke bhuke h ...
""Majority not all""",CAG,NGEN,1
C7.2340,"Ye huyi na baat 😎😘😍😘😎  
Perfect reply, sala ye feminists​ ki bate sun sunkar dimag kharab ho gaya tha,
aise hi videos banate raho pratik Bhai haters ki mat suno",CAG,NGEN,1
C36.311,"Sir kia homosexuality ko Indian supreme court ne unnatural se natural krar nai
dia....",CAG,NGEN,1
C7.1317,"feminist log aaj jis jgh pe h vo bhi hum males k hi support se pahuche h lekin
jb in log ka pahchan bn gya to humari hi lga re... ye sahi me doglapan h",CAG,NGEN,1
C25.527,hindumy talaq nahi hi..isliya kanunka galat fayidha utha ty hin 498A na..,CAG,NGEN,1
C26.204,"aise logo ka aisa he karna chaiye aj ki aaorate jhutha case kar ke mantenac le
rahi hai nahi to jale pahocha rahi hai to kaya kare mard jo jhotha hai to usse
sacha banayenge he na isme kuchh galat nahi hai kanoon bhi womans ka hi sath
deta hai chahe wo jhuth he Q na ho",CAG,NGEN,1
C32.30,"am sorry to say...this is very bad msg...aapke ye vdo samaj ke liye kharap
hain...aisaa msg mat do jo kisiko nuksaan pauchaye...shame on you",CAG,NGEN,1
C10.929,Ye jihadiyo se bhi khatarnak hai,CAG,NGEN,1
C36.1138,"homosexual ko society ne hamesa hi reject kiya hai aur agar wo army me chale
bhi gaye to use brainwash karke gaddar banana koi badi baat nahi hogi ....",CAG,NGEN,1
C36.398,"bhai hamare paas sanskarti ki takat hai  
aur vo bhi khatre me hai",CAG,NGEN,1
C4.393,"Ee salaa jab tak Hindustan me sanima hai, log chutiya bnte rhenge",CAG,NGEN,1
C7.1253,Katha kathit liberals ko mera ek pyar bhara murder.,CAG,NGEN,1
C19.174,"Ghatiya anchor  
Ye wahi anchor hai jisne 2.O ko ghatiya kaha tha aur max. Dislikes khaye the",CAG,NGEN,1
C19.28,"Saalo agar tum yanha par movie ka story Pura reveal karoge to movie Kaun
delhega.",CAG,NGEN,1
C59.65,Ranu mandal ka dimagi halot thik nahi hain,CAG,NGEN,1
C9.93,देश का बलात्कार किया है दोनों ने,CAG,NGEN,1
C4.648,Jalebi better than this shit😂😂,CAG,NGEN,1
C20.84,"madam aapka review dekh kar lag Raha hai aapko mirchi lagi lagni bhi chahiye
AAP fimenist ne bahut sare sarif mardo ka istemaal Kiya  
he  
  
desh me Aisa sambhidhaan Banna chahiye jo ladka . ladki na ho kyuki ye 1950
nhi 2019 hai already ladko se jyada azadi ladkiyon ki hai  
  
sirf Sahi galat pe faisla ho jo ki ladka bhi galat ho sakta he aur ladki bhi
YE HOTA HAI BALANCE",CAG,NGEN,1
C7.1743,"किसको समझा रहे हो भैय्या, क्या उन लायक है वो सो काॅल्ड लिबरल्स????प्लीज just
ignore them. JUST IGNORE.उनकी औकात नही है.",CAG,NGEN,1
C4.1511,India me chutio ke kame nahi hai boss,CAG,NGEN,1
C4.38,Shahid Kapoor ki ek film kya hit huyi sab uski movie ko criticise karne lage.,CAG,NGEN,1
C7.788,Sab kuch karta h Movie review chhodkar muh kholte hi hagna shuru kar deta h,CAG,NGEN,1
C4.443,ilaj kara apna,CAG,NGEN,1
C9.315,"sir hukumat ki harkato se bishwash to kam hi ho raha hai...  
UP me yogi jaise cm honge fir bhi app bolenge debate kijiye...kiske saat sir
...  
debate parhe likhe sanskari logon ke saath kiya jata hai naki gawar ke saath",CAG,NGEN,1
C19.115,Review के नाम पर पूरी कहानी पेल दी 😄😄... मुबारक जी से कराओ movie review,CAG,NGEN,1
C7.1327,"Aur sultan movie me inlog ne kuch nhi bola  
Jo larki bachpan se sapna dekhti hai gold medal jitna use dekhaya jata hai ki
usne shadi karli shadi ke baat toh ek hi kaam bachta hai bachhe paida karna
aur apna sapna chor deti hai sirf male character ko strong dekhane keliye  
  
Kya wo galat nhi tha ......",CAG,NGEN,1
C19.33,"Is film ke liye mubarak ji ya darpan ji sahi hai  
Ye sala review k nam par kahani pelta hai  
Ye salman khan ki movie review k liye sahi nahi bas",CAG,NGEN,1
C4.1243,Me ghar me bhi ye movie ya free me bhi nhi dekhta aajkal ki lodechap movies,CAG,NGEN,1
C10.502,"Sala US me bhaithe huye log keh rahe hai...jabse Modi aaya hai kafi accha
badlaw aaya hai...Aur ek yeh Arundati US se jati hai logo ko bhadkane aur
niyam thodke ke liye...isse pucho US me nagarikta kaise milti hai...logo ke
jhutey ghis jatey hai tab 10-15saal me baad milti hai nagarikta...",CAG,NGEN,1
C29.4,तू जागृत हो बेवकूफ कहीं के,CAG,NGEN,1
C7.2398,"Bhai har ldke ko apni bandi se aisa hi pyar krna chahiye jaisa kabir singh me
h .kitni pure love story h yr mst ...har ek dailog ki bahut ehmiyat h sacchai
wali ..ek scene me jb kabir kehta h apne dost ko ki preeti ki frnd ko smjha de
kya bak rhi h wo .ki tu hostel me uske sath akele ..hmm hmm  
Or kabir kehta h ki kya h ye wo ye ni keh skti ki tum shadi kb kroge .tumahara
pyr kitna true h ..lekin ye faltu ki baat kregi ..sch me dil khush ho gya bhai
movie dekh k..vijay devkonda or shahid ne faad diya sbko 😘😘",CAG,NGEN,1
C29.1,"Sir Mein Khud Kathua se hoon isliye Hum CBI enquiry Mang rahe hain aise hi
Hindu ko Badnam Kar Rahe Hain",CAG,NGEN,1
C36.860.2,"@असली आंतकवादी papa ji.. Kyu gaali de rhe ho papa ji,,, 😂😂😂😂papa ji hoke apne
itne sare bcho se asi baatein krte ho  
Shrm nhi aati aapko... Papa ji😝😝😝😝",CAG,NGEN,1
C4.109,"ye sharukh or karan johar ne barbad kara wa adha india upar se salman khan on
another level",CAG,NGEN,1
C20.157,"didi ko PINK movie ka justification bhi dena hai....section 375 ko created by
bunch of men bhi keh di.....aisa kaise chalega didi",CAG,NGEN,1
C7.2406,"Liberaly ki nd feminists ki jl gyi hogi buri trh se, kher unki ookat hi yhi h",CAG,NGEN,1
C7.1754,"I totally agree. Ye film companion me review karne wali ladki sala feminist to
is film se bohot hi naraz hai",CAG,NGEN,1
C20.85,Ye arre ladki kabhi positive ho ja...deva re deva,CAG,NGEN,1
C4.217,People who disliked = chutiye jinhe sirf tatti hi pasand aayegi,CAG,NGEN,1
C9.322.2,"@Pathan Sahib bas isiliye islam badnam h beta deen pe laut ja ...Warna modi
kahi ka nhi chhodega .......",CAG,NGEN,1
C9.105,Rajdeep sir mujhe is Modi sarkar me vishwas nhi h...,CAG,NGEN,1
C36.504,Phle inko hawas se to santi mil jae...fr desh k sochna,CAG,NGEN,1
C4.759,Sir jb tak e cinema hai log chutiya banta hi rhega,CAG,NGEN,1
C25.578,flevia...mujhe tumhaare muh kholne mein problem hai....,CAG,NGEN,1
C9.147,"BJP EK JATTIWADI PARTY. DHARM KI RAJNITI KARTA HI HAI. BJP KE BRAHMIN KA
GULLAM PM HAI MODI, AUR YE LOG MODI KO USE KARTE HAIN.",CAG,NGEN,1
C10.344,"आप इन antinationist के बारे मे बात मत कीजिये।खुद खत्म हो जायेंगे।ये मीडिया खबर
बनने के लिए ये सब स्टेटमेंट्स देते रहते है।वर्ना इनको पूछ्ता कौन है।",CAG,NGEN,1
C4.1829,"Ye saala Hindustan main jab tak cinema hai, log chutiya bante rahege.",CAG,NGEN,1
C19.52,Pls bhai review chod k kuch or kr liya kro....,CAG,NGEN,1
C4.1069,"bhai meri baat sun movie movie hoti hai jo bi hai sab imagination h agr har
chiz real bta de to paise kese kamayegi movie i knw ap bohot chize ache se
smjhate ho but hr bar esa nhi hota movie apni jga best thi hum m itni akal h
hum usse khud ko relate ni krte pls is type ka gyan chodna band kro ap",CAG,NGEN,1
C4.1958,"Hindustan me. Jab tk cenema hai ..log chutya bante rahenge.....!😂  
Thoko like...",CAG,NGEN,1
C36.1059,Very nice job ....in khatte meethe ko army k alawa kisi aur jgh bhejho,CAG,NGEN,1
C7.2576,"Chutiya hai bhai tu managa, movie review kr kya kya frji bolta rhta haii",CAG,NGEN,1
C36.1030,मानसिक बीमार सुप्रीम कोर्ट के जज #377 #497,CAG,NGEN,1
C26.108,"ऐसे और 10 ... 12 केसीस होने चाही ये तब ये 498 ...dv act 2005 कितना चुतीयाप्पा
है ये सबको समझ आयेगा",CAG,NGEN,1
C38.763.4,chutiya to nhi hu teri tarah pr ru jaroor hoga,CAG,NGEN,1
C7.850,"Bhai Iss Picture Mei LOVE DOOR DOOR TAK Nahi Hai....ONly SEX.....Isko Agar
LOVE Kahte ho toh Vevkoofi hai....",CAG,NGEN,1
C61.13,Sabko batana chahta hun jo Ranu Mandal ko support mat karo,CAG,NGEN,1
C38.736.4,Abe vo kisi ka bhi culture nahi hai na to Indians na to western people.,CAG,NGEN,1
C10.283,"Bhai tumhare joth kab on rahinge ek din toh truth aage ayega fer kiya karuge
tum joth kabhi win nahi hota arnab you will cry when you watch tumhare jothe
news tum yaad rakho arnab yehe bjp wale tumhare peche parenge because tumhare
joth aage ayenge ek din I don’t know k tumko nid kise aate hai",CAG,NGEN,1
C4.1766.2,"@Fact Park Humare chutia Indian Janta ko sach pasand nehi aata hai. Toh is
baat ka guarantee nehi le sakte hai😂😂. Btw well said...",CAG,NGEN,1
C32.102,Baby baby bolke paka dia.....Third class ....... Faltu video,CAG,NGEN,1
C9.11,"रंगा बिल्ला का सांकेतिक मतलब है। इस्लामी जिहाद की पहचान हत्या और बलात्कार है।
रंगा बिल्ला की मिसाल दे के ये मुसलमानों को जिहाद के लिए कह रही है।",CAG,NGEN,1
C7.1068.2,Apni Agyanta ka yaha pradarshan karne ke liye Dhanyawad 🙏,CAG,NGEN,1
C7.2423,"Ye to bilkul shi h ye feminism k naam pe jo chutiya bna rhe. Or khas kr k khud
kre wo kuch to wo feminism & lrke kre to unko judge krege. Waah",CAG,NGEN,1
C36.527,"Ish desh ke logo me akal 10 janmo me bhi nhi aayegi aur hodd karte hai America
ki.",CAG,NGEN,1
C9.133,"Ye chori karke aye hai  
Ye kagaj ni dikhayenge  
Ye tax ka paisa khayenge  
Aur desh premi ko darwayenge  
Ye kagaj ni dikhayenge  
Ye gaddari karwayange  
Ye kagaj ni dikkhayenge.  
Ye dande se dar jayege  
Tab pichwada khulwayege  
Tab sab kuch ye dikhlayenge  
Tab daur ke kagaj layenge.  
Fir ram ram chillayenge.  
Fir kagaj kagaj chillayenge.",CAG,NGEN,1
C9.170.3,"तुम कटुओ को बीजेपी से क्या परेशानी है,वो हम समझ सकते है",CAG,NGEN,1
C7.1968,liberals & feminist bol bol k dimag kharab kardiya,CAG,NGEN,1
C33.191,"sharam ani chaye tum logo ko emotions subhi ke same hote hai aise kisi ke
emotions ka majak mut banao isme kya koi ajuba hai ki girl to girl or boy to
boy payar nahi kar sakte haad hai.",CAG,NGEN,1
C33.213,"Kisi cheez ko galat tarike ke se pesh kar dene se wo galat nhi ho jata...kisi
ko a66a proof nhi kr skte toh usko bura v mat banao",CAG,NGEN,1
C7.1713,Politics chhor kar film review hota to a66a hota...bjp ko chatte hain,CAG,NGEN,1
C9.234,Ranga Billa for se zinda ho Gaya feku aur Tadipaar ke karan,CAG,NGEN,1
C36.560,"Ye unnatural hai ..ese humare Bharat me allow hi nahi karna chahiye tha..
animals bhi nature ka rule follow karte hai..",CAG,NGEN,1
C20.113.3,"@Inocent Hydrogen Yes of course bhartiya nari mahan hai. Hima das mahan hai.
P. V sindhu mahan hai, Arho pandit mahaan hai. Rani laxmibai mahan hai. Ye
sabhi mahilayen mahan hai. They just do their work and not spread hatred
against men.  
Lekin aap apne ko mahan mat bolo. Main bhi nahi hoon.  
Haan bhartiya nari mahan hai.",CAG,NGEN,1
C7.1436,"Kon kon dislike krne aya h is bandar chhap ko..bda gyani bn rha h ye
andhbhakt..",CAG,NGEN,1
C7.1694,"In feminist k dimag mein bhut nafrat bhari hui hai ye bas usey nikalne ka
mauka dhundte rehte hai.",CAG,NGEN,1
C4.221.4,Kyu tum toxic masculinity ke saath cope up karsati kya,CAG,NGEN,1
C10.51,"4 Saal dena nahi chahiye....Congress ko vote diya tha 60 Saal, ab fark nahi
padtha hai. Karo jo karna hai, Yogi ji jaise ab jhadu laga ke Mor banayenge
isko.",CAG,NGEN,1
C7.2043,Modi kaun hai?Godra mein murders karvaaya oh tum logon ka PM,CAG,NGEN,1
C7.1783,Are bhai tu bohat backchodi....kar raha he,CAG,NGEN,1
C7.411,"I hate this movie, ghatiyapanthi ki had hoti hai",CAG,NGEN,1
C36.427,"Chutiya...hai bo log jo ye nhi jante jo natural hai.....bo natural hi
rahega........ Koe inhe jaker bataye....... Kya frk hota hai.... Ek mard aur
gay me..........lol",CAG,NGEN,1
C19.23,"फ़िल्म बहुत अच्छी है तुम तो लिब्रान्ड हो इसलिए तुमको दीक़त है जितने वामपंथी है
सब आलोचना कर रहे हैं बस क्योंकि तुम्हारी विचार धारा ही सड़ी हुई हैं तुम लोग के
जो दिमाग मे चलता है वो रसिया के नालियों मे भी नही मिलता,",CAG,NGEN,1
C10.1066,साक्षात शैतान के दर्शन करने हो तो अरुंधती रॉय के दर्शन कर लो।,CAG,NGEN,1
C4.157,"Sahi bola Bhai emotion abuse bahot harami chiz hoti hain, Saala nikal jao is
chiz se 👍",CAG,NGEN,1
C10.1370.4,Chutiya das,CAG,NGEN,1
C7.957.1,"Sadhvi Pragya ji to Bharat ki Shaan hai !  
Gaddar Congress ne jhoothe aaropo me unko fasaya tha ! Par NIA ne unhe nirdosh
Bari kar diya hai aur Supreme court ne bhi mcoca ke sare changes hata diye hai
!  
Ye video dekhiye sab jawab mil jayenge -  
<https://youtu.be/UESM5W6X24E>",CAG,NGEN,1
C4.980,"it's all about the business, jo log dekhna pasand krete h vhi y log banate
h....  
  
Tumhare video bhi time pass k liye achha h",CAG,NGEN,1
C7.2531,Dho dho ke mare ho feminists aur liberals ko pratik bhai,CAG,NGEN,1
C7.2321,"Bhai tu duniya ka bakwaas toh kar liya.... Lekin bro tera channel hum yeh
jaanne ke liye karte hai ki movie kaisi hai... Lecture sunne ke liye nai🤦‍♂",CAG,NGEN,1
C7.1073,"Aapki sonch aapki T-shirt se hi dikh rahi hai kaise Na aapko feminists se
problem ho ....👍",CAG,NGEN,1
C61.1221,Apne aap ko famous karne ke liye Sabko Jhutha banaa,CAG,NGEN,1
C7.2540,Ha ha ha phaad diya sir 😂😂👍,CAG,NGEN,1
C10.765,Ye Kapil Chutiya hey.,CAG,NGEN,1
C4.2013.3,Bahi tu dimaag ka ilaaj Kara kisi ache hospital mai😁😁,CAG,NGEN,1
C4.119,"Sach aaj kisi ne meri man ki baat boldi hai . Aaj kal sab chahe wo ladaka hu
ya ladki sabhi ye pyaar ya kahu love k chakar Mai pad gai hai bas tik tok ki
kami thi wobhi agya in pagalu Ko influence karne. Aur Kabir singh jesa fatu
creator tu gali sunna Banta hai😆",CAG,NGEN,1
C7.1008,"reviewers ko dikat is baat se hai ki inhe paise khilaye bina koi movie kaise
chal sakti hai inke kaam dhande band ho jayenge..",CAG,NGEN,1
C7.1116,ye lllon top wale bhut bhadak rahe hai,CAG,NGEN,1
C7.505,"Ek gandi baat b h bhai jo in logo k hisaab se bilkul badiya h, lust stories ,
4 more shots etc bekar",CAG,NGEN,1
C10.793.4,"**KYA JHOOTH BOLA.....JAHIL...CAA PADHA HAI....???...KUCH PATTA TOH HAI
NAHI....!!!**",CAG,NGEN,1
C7.1915,"Adha say jyadha log movie dekha nahi Sirf kuch tweet ko copy paste kar raha
vusko troll hona and victim card play karna acha rehta.",CAG,NGEN,1
C26.190,"Agar jhute case mai fas jao to ...kanoon ki v thok dena or fasane wale ko v
thok dena....😈😈",CAG,NGEN,1
C4.463,"Tere bolne se kuch nahi hota, bahut sant Mahatma ye kam kar rahe h. Duniya
puri nonsense sexim h",CAG,NGEN,1
C7.1695,"Aapko bhi yeh keeda kaat liya, feminist ko achhi nhi lagi to masala movie bhi
mahan masterpiece ho gyi,not expect this from u",CAG,NGEN,1
C7.658,"Tumhara parampara Itni achhi hai? Bah! Liberal matlab afzal guru ka supporter
hai? Wah!",CAG,NGEN,1
C7.296,"लगता है प्रतीक की किसी लड़की ने बेइज़्ज़ती कर दी है। असफल प्रेमी जहर उगला रहा है
अपना। जानवर कबीर सिंग की इतनी बड़ाई किसी ने नही की। भाई को अपने जैसा लगा इसलिए
खुश हो गया।",CAG,NGEN,1
C36.435,Abe bo general kuch nhi janta..... Homosexuality..... Is normal,CAG,NGEN,1
C19.121,"Koi kam me paisa ,mehnat ka value lallantop ko pata nhi hai ,isko lagta hai
hum (lallantop) jaise hi bakwass kam karte hai sab usi tarah karta hoga",CAG,NGEN,1
C19.151.3,Kyunki shayad jlti aapki film dekhte wkt 😂😂,CAG,NGEN,1
C9.72,"Sarkar par Hume vishwas nahi hai. Pm jhuta hm jhuta hai. Pls rajdeep modi ki
gulami Choro. Q K modi Aapko gulam samajta hai",CAG,NGEN,1
C36.475,"Accha hi hai, meethe saale enemies ko goli maarne ki jagah muh maarker aa jae
😂😂",CAG,NGEN,1
C7.524.5,"Ha bhaiya ab main to insaan hu, vagwan to hu nahi ki film dekhne see pehle
vabiswavani kardu ki mujhe uncomfortable feel hone wali Hain! Ab ekbar dekh
liya dubara kyon dekhenge Bhai! Kya bhaiya, mu itna chalta Hain dimag v
chalao!",CAG,NGEN,1
C7.353,"ye liberals hote kon h hmare hindu dharam pe bolne ka... janta agr apni pe aai
na to pkd k zinda fook degi ese logo ko.... 😡😡😡😡😡😡",CAG,NGEN,1
C7.1339,Aap boht sahi jawab dete ho in posinous feminists ko pratik bhai.,CAG,NGEN,1
C7.182,Bhai y Gyan dene ka channal nhi hai... Movie ka review Diya kro,CAG,NGEN,1
C36.523,Banduk chalane k bajae apne hi daal lenge,CAG,NGEN,1
C7.973,Abe revives de jadha mat bol,CAG,NGEN,1
C4.2174.3,Bahi tu to chup hee rahe,CAG,NGEN,1
C7.2565,Sab chhod bhai ye movie to baval h😉,CAG,NGEN,1
C7.786,"In my opinion, in feminisis and liberals ko seriously ignore kar do. Ye gandi
soch wale negativity ko promote kar society ko aur youth ko bhi apni negative
soch ka shikar banane me lage hue hain",CAG,NGEN,1
C7.1432,"Jo dislike kar rahai hai iss video ko vo Communist and liberal hai we know jai
hind🇮🇳🇮🇳",CAG,NGEN,1
C4.551,Conclusion : jab tak hindustan mein cinema hai log chutiya bante rahenge,CAG,NGEN,1
C7.1444,"Film Uri ke baad liberals 'jaherila rastdabad' ke naam market me laya tha,
Abhi 'jaherila purushbaad'(!!!!). In liberals ko Bhartiya hone me itna sarm
kyun ata hain.😡😡😡",CAG,NGEN,1
C19.8,"Movie review ki jagah story revealed karra hain ya isko math digao lallan top
main",CAG,NGEN,1
C7.2360,"Heroine character ka presentation mujhe acha nahi laga.ithni seedi saadi
decent ladki kabir jaise smoker alkoholic ladka ko kaise ithni assan se accept
karthi hein.aur gents pg mein jaakar kabir ke rehtha hein aur sex bhi karthi
hein...! Yeh maine seh nahi paya....! Koi aur tareeke se dikha saktha tha
Heroine character ko.iss ke bare mein kya kahenge prathik ji",CAG,NGEN,1
C38.745,"Chutiye h sb western culture k pichhe bhag rhe ho. Bhaiya ye sb nature k
khilaf h. Esa india me to kbho nhi hona chahiye.",CAG,NGEN,1
C7.2286,"वाहियाद मूवी है, हर जगह गाली गलौज सेक्स और नशाखोरी, पूरा लेवल गिर चूका है
बॉलीवुड है, फैमली के साथ मत जाना",CAG,NGEN,1
C7.376,"Ohh bhai..... Ek ldka jo topper hai sugreon hai wo khud ko bekar kr rha hai ek
loundiya k liye.... Kya yeh thik hai kya asar pdega youth pr",CAG,NGEN,1
C7.1177.1,"Theory Chhodiye practically sochiye... Keval Bharat me hi nahi puri duniya me
Liberals yahi kar rahe hai, isliye aaj Liberal ye word ek gali ban Gaya hai !  
Naam Janne ho to ye video dekhiye kafi sare Naam mil jayenge -  
<https://youtu.be/YNu-zrvMYTA>",CAG,NGEN,1
C4.1333,Jab tak bollywood hai tab tal log chutiya bante rahege...😂,CAG,NGEN,1
C9.230.5,"@Mayur Deshmukh hahaha.... Mujhhe to sachchayi pata hai isiliye to likh raha
hun. Main koi TV NEWS CHANNEL wala nahi hun jo propganda karoonga.  
  
Brahmano ne Yahan ke moolniwasiyon ko gulam banane ke liye apne man mutabik
jhhoothe granth likhwaye. Khud ko ishwar ka doot bataya aur moolniwasiyon ko
kaha ki hamari sewa karoge to ishwar ki prapti hogi.  
Jaisa ki JYOTIBA FULE ne apni kitabon me likha hai.  
Brahmano ne Yahan ke moolniwasiyon ko mansik aur sharirik taur par apna gulaam
bana liya.",CAG,NGEN,1
C7.580,1.7k feminism aaye hai channel par bhagavo yahase🤣🤣🤣🤣😂😂😂😂😂😂😂😂🤣🤣🤣🤣🤣,CAG,NGEN,1
C9.82,"Rajdeep jaise chutiye is desh me khoob hai jo saale gyane kam dangai jyada
lagte hai",CAG,NGEN,1
C4.609.2,"@Rupan Debnath ha ha ha....appko galia entertaining lagti hai..... lekin gali
aur dirty words mne farak haii .....",CAG,NGEN,1
C25.2,"Neha Gupta ji chahati Hai ki wo Pati jo apani bibi bachcho ke liye din raat
paresan ho Kar roti kamakar Lata Hai wo ab apane hi ghar me apani hi bibi se
hamesa darta rahe awor usaki gulamai kare chahe wo jo bhi baat ya faisala leti
ho usake faisle ko mane nahi to Bina zanch ke hi police use giraftar Kar legi.
Fir agar itana hi dar Hai mardo se to sadi hi nahi kare na Kiya jarurat Hai.
Kanoon banana chahiye Mai kanoon ke khilaf nahi hoo. Lekin agar Pati dishi
paya zaye to kadi se kadi saza. Awor agar jhuti kesh karane Wali patni ho to
use bhi utani hi saza di zaye miloud jitana ki us bekashur Pati ko saza dilane
ke liye Aligesan lagaye the. Fir aap rigalt khud dekh le Pura kesh hi khatam
sab apane apane awokat me rakhane lagenge. Awor Un dono ka divirs bhi court
turant Kara de usi time ki tum dono AK sath rakhane ke kabil nahi ho.. Mera
garanti Hai ki 80%kesh machine din me hi khatam sare jaj adalat me nind Pura
karne lagenge",CAG,NGEN,1
C9.86,"Sorabh ji... Aapko apna channel chalane ke liye... Rajdeep jaise... Mansikta
waale logo ki aavshakyta kyu h.... Aapko vichar krna chahiye.... Desh ki janta
ne bjp ko 303 seats jita kr bheja h.... Kaise aap kah skte h desh ki janta
sarkar ke against h.... Agar janta against hoti to... Bjp 303 seats nhi jeet
kar aati... Aap desh ki janta ka is tarah se anadhar nhi kr skte... Jo rastr
virodhi h...unko aap itna bada chada kr kyu dikhate h.... Agar aapko lagta
h... Arundati aur rajdeep jaise... Is desh ko achhe se chala skte h to... Nxt
time pm k against election lade...  
Aapse ek anurodh h ki... Sirf desh ke against me hi mat dikhaya kre.... Jo log
desh k saath h... Jo desh ki unnti chahte h... Desh k liye kaam kr rhe h...
Unko bi dikhaye...",CAG,NGEN,1
C4.552,"Iss chutiya ko ab analysis krna hai... Movie release ke 3 month baad😂😂😂  
  
Kis kis isko glti se sunke kan se khoon aata hai😂😂😂",CAG,NGEN,1
C7.761,TU na gadha hai ullu be naati,CAG,NGEN,1
C4.146,Salaa Jab tak Hindustan me SaneeMa hai.....Log Chutiya bnte rahenge..😶,CAG,NGEN,1
C4.67,"Bhai chutiya bnate hai bs, real life Mai koi Lena Dena nhi hota 🙂",CAG,NGEN,1
C19.108,"Shwetank se review mat Karaya karo  
Use bolna bhi nhi aata",CAG,NGEN,1
C21.229,Pratik tuje koi movie pasand ati ki nahi...,CAG,NGEN,1
C21.39,"Yaar sab jaao dekhne ...samjh nahi aata itni acchi film log kyu nahi
dekhte...dream girl or chichore jaisi bakwas content hi pasand aate hain logon
ko.",CAG,NGEN,1
C10.1395,"On situation on NPR I am remembering a song of mithun,,tum(congress) piyo to
gangajal ye hai hum(bjp)piye to hai sharab",CAG,NGEN,1
C7.352,"Bhai apka revives bahut hatke hota he...par ek film samikhak yutub par
he...female....nam he dikaha isko kuch jyada mirchi lag rahi he.....siksha
jyada pagal ho rahi he",CAG,NGEN,1
C4.903,Motivation k naam pr kuch nahi hai es movie me.,CAG,NGEN,1
C55.86,akdom aporadh to aporadh hi cahe wo koi vi ho,CAG,NGEN,1
C26.189,"Ladke ke pas aur kya chara tha? Usne thik kiya. Apno ke maut ka badla lea.
Kyuki law sirf autat ka hi sunta hai.",CAG,NGEN,1
C32.18,SIRF GAYS KO BURA DIKHANA AATA H,CAG,NGEN,1
C7.2392.1,"Thank you so much aapne mere videos dobara nahi dekhne Ko Kasam khayi !  
Vaise bhi Sachchai kadvi Hoti hai, sab sun nahi sakte !  
Aur haa... Comment karne se pehle aapko video pura dekhna chahiye tha !  
Par koi baat nahi... Best of Luck 👍",CAG,NGEN,1
C7.351.3,"@Khushi Panda Khushi Panda Upar ke comments padhe hai mene tumhare....English
ko to RIP kardiya..Jo padh rahe hai unko pata chal raha hai dimag se paidal
kon hai......  
  
""Primarital"" 😂😂😂",CAG,NGEN,1
C25.520.3,"@DEV Karan beta yahi mobile hi to fasad ko jad hai.. Agar mobile naa bhi use
kare to kya koi pahad toot jayega.. Har baat ko jab tool doge to mamla
bigdega. Pehle pati ko jeeto fir mobile kya cjeez hai poora ghar hi aorat ka
jo jata hai.. Lekin tum log kaha samjhoge. Qanoon ne suppeort jo kar rakha
hai. Chotichoti baat bhi tum logo ko badi baat lagti hai..",CAG,NGEN,1
C4.1004,"Movie to Puri tatti hai. Jis din dekha usi din bola tha aur ajj shwetabh Bhai
ne bhi Bata Diya..😎😎😎",CAG,NGEN,1
C36.680,"भारतीय सेना में इस तरह के लोगों का कोई काम नहीं है उनको कम से कम सेनाओं से दूर
रखा जाए। अन्यथा सेना के अन्दर एक दूरी बन सकती है ऑफिसर और सैनिकों के बीच।  
जय हिन्द  
वन्दे मातरम्",CAG,NGEN,1
C4.223,"[13:30](https://www.youtube.com/watch?v=N_ZMfQMZos0&t=13m30s) Unki zindagi me
time nai hota ye sab hram ghori ke",CAG,NGEN,1
C19.159,"Lallantop  
Alag hi level par Khel rha hai  
Movie aayi nhi Abhi bhai logon ne review bhi kar diya",CAG,NGEN,1
C36.958,"gaandu army man 😂 😂  
kyu bejti kro Bhai  
goli se darr nhi lgta sahab ji  
bs.................. se lgta h",CAG,NGEN,1
C7.145,Bhai sidha review Kara kar ya liberal feminist Sun sunka pak gaya,CAG,NGEN,1
C7.2184,"Bhai film review karo sirf dusre bare mein baat kar kar karke 5 min ki baat ko
15 min kar dete ho",CAG,NGEN,1
C7.793,bhai movie samjh me nhi aati to review krna band karo..,CAG,NGEN,1
C36.1032,"Army journal aur sc judge in dono k upar mujhe shak ho rha hai ....Bhala aise
bayaan dene ki kya zarurat jo hum sab jaante hain",CAG,NGEN,1
C7.1541,Liberals aur feminist khali khopdi wale log hai,CAG,NGEN,1
C9.201,"राजदीप जी जब मोदी की बात करतें है तब सिर्फ मोदी की बात करतें हैं ,लेकिन जब
अरुंदती रॉय की बात की तो मालवीय रूपी मक्खन मार के कर रहें हैं ताकी नमक ज्यादा
भी हो तो पता न चलने पाए .  
इसी को बॉयसनेस कहतें राजदीप जी .",CAG,NGEN,1
C38.292,In sab ka kuch ni ho sakta,CAG,NGEN,1
C36.590,Army me to kya society में bhi nhi allow hona chahiye,CAG,NGEN,1
C7.2236,In liberal aur feminist ko laat maar ke bhaga do humare desh se......,CAG,NGEN,1
C10.317,NAKLI CHANNEL OF CHADDI BHAGAT GANG,CAG,NGEN,1
C36.945.1,"Im vegetarian ab agar me bolu ki meko vegetarians ke sath rakho muje nonveg ni
pasand to faltu ki baat hogi na",CAG,NGEN,1
C4.2005,"bro item song me director sab ki galti nahi audiance ki galti hai ki wo achi
movie nahi dekhte raazi movie aai thi jisme ek bhi itnem song nahi tha per
usse koi dekhta hi nahi to director producer kya kare  
sala koi achi movie dekhta hi nahi",CAG,NGEN,1
C9.74,Abey hatt😡😡,CAG,NGEN,1
C9.221,"Gujarat mai lokshahi last 25 yr se mar di gai hai Aur Abhi ye log pure Desh
mai yahi karna chahte hai, aap dono BJP se sahmat lag rahe ho",CAG,NGEN,1
C36.270,Is lya Kaha he ka Pakistan army se Larne ke bajy ghnd na marwane lag jayn 😆😂😃😁,CAG,NGEN,1
C7.708,"तुम्हारे लिए दुआ है भाई कि तुम्हारी बेटी को भी कबीर सिंह के ही जैसा प्यार करने
वाला मिले (शिद्दत वाला, तुम्हारे मुताबिक) ।  
  
At 11.14 - दिखाना ही था तो उसे गधे वंगा को ये दिखाना था कि उस वजह से वो उसे
कभी हासिल नहीं कर पाया और खो दिया। वो दर्द ज़हर बन कर उसे मार ही डालना चाहिए
था।  
  
और हाँ, लव स्टोरीज पर इस इंडस्ट्री में बहुत बेवकूफियां हो गयी है। बेहतर है कि
अब कुछ हालात बदलने वाली फिल्में बनाई जाए, वो कोई भी डिरेक्टर बनाए।  
  
गधा",CAG,NGEN,1
C4.1058,"Iss film ne bollywood ko dobara 10 saal peeche le aaya.... Aur iske success ne
umeed tod di. Yaad dilaya k india me ab bhi zyada kuch nahi badla.",CAG,NGEN,1
C21.23,"jan kr bht afsos hota h k esi film sirf 20 cr kmati he ...or salman ki movies
200-300 cr kma leti he",CAG,NGEN,1
C4.734,Jab tak Hindustan me cinema rahega log chutiya bante rahenge,CAG,NGEN,1
C7.1272,Bhai tere feminism ka view bahut narrow hain,CAG,NGEN,1
C10.1423.3,"Syria jaao jihad karo Islam Ko khatam kar rahe hain Americans..go save Allah
and his religion.  
Yahan kya karoge puncture banakar.",CAG,NGEN,1
C7.380,"Ajkal log film aur Netflix series se itna jal bhun Kyo jate hai, people should
enjoy aur agar jalna hai to na dekhe film aur webseries",CAG,NGEN,1
C9.170.1,"3 तलाक पर संविधान को गाली ओर caa पर संविधान  
ओर अब तो एक नया नारा ओर निकल गया जय भीम जय मीम  
अगर संविधान को मानते हो तो जन गण मन क्यों नहीं गाते  
  
ऐसी बात नहीं h की मुल्ले अब बदल नी रहे बदल रहे h सबसे बड़ा उदहारण तो जामा
मस्जिद m दिखा पहले बोलते थे हम किसी b मस्जिद m tringa झण्डा नहीं लगता  
ओर अब जामा मस्जिद में नमाज के बाद सबसे बडा tringa लहराया  
अगर ये डर h तो होना चाहिए",CAG,NGEN,1
C7.1383.3,"Haha, mister, naam to dhang se le lo, it is 'Sucharita', and not suchitra.
Itna to tumse hota nahi hai, tum kya bologe use.👎",CAG,NGEN,1
C7.718,women empowerment ka matlab ye nahi ki men ko ghatiya saabit kiya jaye.,CAG,NGEN,1
C20.177,"Didi ko feminist movie dekhni hai aur equality ki batte chaiye aise kaise
chalega didi",CAG,NGEN,1
C7.2144.1,no feminists ki aukat dikhai h bs 🙃,CAG,NGEN,1
C19.113,"agr ye log comment section padte hote to abi tk hata dete isko... log iska
video open hi krte h ki isko gaaliya de ske..pr inko saalo ko views mil jate h
inhe kya fark pad rha h....",CAG,NGEN,1
C4.474,"1.  
Chutiye movie Mai yahi dekhate rahe ki woh kitna padta hai. Dhyan se movie
dekhi hoti toh pata chalta uske ghar mai deewaro pai thesis lekhi thi aur jab
climax Mai woh daaru pike behosh hojata hai toh waha books bhi padi rahti hai
table par.  
2.  
Preeti doctor bann chuki thi jab woh Kabir ke ghar jati hai tab Kabir bolta
hai congrats dr.preeti.  
3\. Movie hai koi documentary nahi ki logo ko bataye ki doctor kaise bante
hai.",CAG,NGEN,1
C43.9,Ya sirf bakchodi hai,CAG,NGEN,1
C10.1016,Kung Fu kutta matlab . Ye aurat thik nahi hai.,CAG,NGEN,1
C25.10,Jhuti fir aur case dalne walo ke khilaf koi strong kanoon kyu nahi banate,CAG,NGEN,1
C7.2329,"Movie review kr na bhai feminists liberals k piche pda h. Feminists k liye ek
extra video bna le. movie review ka title dekr review k siva sab kr rha h.",CAG,NGEN,1
C19.47,Beta tumse naa Ho payga,CAG,NGEN,1
C4.2091,"Kabir Singh Acting point of view mein achi thi lekin real life mein ise
chutiyapa bolte hai",CAG,NGEN,1
C4.628,Jab tak hindustan me Sanima hai.. Log chutiye bante rahenge,CAG,NGEN,1
C36.1134.1,कुछ दिमाग लगा ले,CAG,NGEN,1
C7.2087,"Yr ye to remak h arjun reddy ka tb to kisi ne nhi bola lakin hindi vrsion aate
hi chutiya giri shuru......lgta h ab librals ko kmal hasan ki trh
[#Hindi](http://www.youtube.com/results?search_query=%23Hindi) se problm 😂😂😂😂  
Are yar kbir ek ldki se ji bhr k pyar krta h to rap or swra ranjhna me dhanush
se aage hokr lene k liye khe to
[#Pyar](http://www.youtube.com/results?search_query=%23Pyar)👌👌👌👌  
Radhe bhaiya pasand to kabir kyo nhi?  
Pratik bhai t-shirt ka tag shandar",CAG,NGEN,1
C7.722,Bhaad main jaae feminists this movie rocks,CAG,NGEN,1
C19.139,"Yaar tuze Abhi jyada practice ki jaroorat hai  
Bad review",CAG,NGEN,1
C7.765.1,Shayad 2-3 ladko ke sath sona yahi apki uchi soch hai,CAG,NGEN,1
C7.1014,"aesi ldkiya jo feminists hai unke wajah se log hum jesi ldkiyo ko galat smjhte
h",CAG,NGEN,1
C9.322.5,"@Pathan Sahib to tu kaun sa tameej se likha h ....... Oppose krne ka tarika
hota h",CAG,NGEN,1
C7.2314,"Bhai correct he ye sab...Ye sab Feminists log paid media he...inko film kaha
samaj me ati he...  
Mast video banvla ahe bhau...",CAG,NGEN,1
C38.453.2,ek aur padha likha ganwar,CAG,NGEN,1
C36.1088.4,@Business Pro tum chip hi raho,CAG,NGEN,1
C7.1710,"Bhai tum pagal hogaye ho...koi bhi movie ho tumlo sirf
liberal...tatakathit...afsal guru...indhutwa...ye he sabh wording atta
hai....aap please movie review na kare...",CAG,NGEN,1
C7.2392,"Ye review dekhne ke baad aapke review ko aaj ke baad kabhi bhi nahi dekhne ka
kasam khata hu.itni 3rd class movie ko aap achchi bol rahe ho kabir singh ke
character ko dekh kar aap nashedi druggist gunda tharki badmash apne se bado
ki ijjat mat karo hamesha gusse me raho college me sir logo se batamiji karo
ye achhcha hai.kya topper log aise hote hai?kya aise chor logo ka mbbs me
selection hota hai?kya doctor log aise gunde hote hai?saala college ko apne
baap ki jaagir bana kar rakha hai pura college uska gulam hai.kabir singh ke
character se suru se lekar last tak nafrat ke alava kuchh nahi nikalta aur
pure film me usko gaali ke alava kuchh nahi diya hu.aise ghatia characterwali
film ko aap behtarin bata rahe ho.sharam aani chahiye",CAG,NGEN,1
C4.1357,"Daring hai Swetab bhai mee,ek like bhai ke naam,Or comment pe like tik tok
vale chuteyee na karree 🙏",CAG,NGEN,1
C36.261,"Kya chutiypa batmeez Indian army is Indian army isne bnya h.indian army ko
Indian ne bnya h",CAG,NGEN,1
C10.549,Hamare hindu bhai jo pak jese desho me fase he uski ise koi chinta nahi he.,CAG,NGEN,1
C7.1687.2,"atiq rehman beta teri dadi ab nhi rhi , tu bhi nikal le phir.",CAG,NGEN,1
C7.836,"Bhai tmhre channel pr view badane k liye y shi h...baki yah movie ekdm dhatiya
h",CAG,NGEN,1
C38.100,[3:50](https://www.youtube.com/watch?v=ZzsAuDkXq1M&t=3m50s) chutiya spotted😂,CAG,NGEN,1
C36.956.3,"@Devendra Pandey bhai tu baan ja jo maarzi..paar haar organizational k code or
conduct hai..",CAG,NGEN,1
C7.58,"kisko problem hai bhai ..sirf tumhi ek ese Insan ho jo Apne review me bar bar
ekhi bat dohrate ho..librars , feminism ...bas ker bhai ab . tu sirf unhi bato
per Dhyan deta hai jo Pakistan ke log Bolte hai or tuje hi q dikhta hai
...sirf tuhi Apne review me yesab batei kerta hai....har muslim esa nahi hota
. but tere Jese log Anti- muslim squad se atehai...tum log Ko ye bat samaj me
nahi ayegi..",CAG,NGEN,1
C4.2003,"Yah bollywood wale saale remake bana bana ke paise kama rahe hain aur wo bhi
sirf romantic filme jinme bus ek he chij hain ki kaise bhi karke larki ko pata
hain bus khatam kahani.  
Trailer dekhte he samaj gaya tha ki yah bhi ek ghisi piti romantic bollywood
ki film hain jisme sikhne layak toe kuch hain nahi bus kaise bhi karke paise
kama hain inko",CAG,NGEN,1
C7.791,Right! Ab bol feminists kaha dur dur tk nhi dekh rhi h,CAG,NGEN,1
C36.459,"Religion devlopment को रोकता है,इसे भारत से खत्म करना होगा हीे।इसके कारण हम एक
दूसरे को नीचे गिरने पर दिमाग और energy लगाते है,न की खुदके विकास और आर्थिक
मज़बूती पर।खासके muslims को समझना होगा।हमे भारत को आर्थिक मज़बूती देनी ही
होगी,वार्ना हम इस चक्कर में बर्बाद हो जाएंगे।चीन ने इसी कारण religion हटा
दिया,प्लीज हमे इस देश से सभी religion हटाना ही होगा,तभी unlimited progress
होगी वार्ना सिमट के रह जायेगे,और चीन दुनिया पर राज करेगा,तब हम खुदकी गलती का
अहसास करेगे,और नौकर न बने इसलिये प्लीज भारत से रिलिजन खत्म कर,और आर्थिक
मज़बूती लाये तेज़ी से quality education,innovationऔर skill development के
जरिये।समझदार बने।",CAG,NGEN,1
C36.386,"Thank you sir , and I think India ko bhi kam se MATLAB rkhna chahhiye sbki
apni personal life jine ka HK h vo chahe jase rhe or y hmare fundamental
rights bhi to h",CAG,NGEN,1
C7.475,BAKWAS......,CAG,NGEN,1
