ID,Text,Sub-task A,Sub-task B,Label
C7.931,Bhai yaar aapne pefect tarike se explained kiya hay love your review 😘,NAG,NGEN,0
C7.1201.5,@shivam kavitkar aise logon ko jaane hi diya jaye to behtar hai 😂😂😂,NAG,NGEN,0
C4.171,"Bollywood se call aaya toh btana bhai pura community movie dekna hi bnd kr
dega..bs aise kadwa sach bolte rhna bhai ji jiski bht jrurt h yuva logo ko..",NAG,NGEN,0
C7.2396,tu bahut sahi cheez hain yarr .. love uh bro,NAG,NGEN,0
C7.1460,"Dog ka naam preety rakha tha uske liye bhi bawal kar rahe hain, twitter pe.",NAG,NGEN,0
C58.13,English mein answer,NAG,NGEN,0
C26.230,is bande ne bilkul sahi kiaa hai !!!!!,NAG,NGEN,0
C26.128,"Ladies ke jhute dahej ke case se peedit boys soucide na karen jahangeer ki
tarah aisey ladies ki family ko sabak sikhain",NAG,NGEN,0
C25.478,"is act se bhut si families problem m h plz government change the rule
plzzzzzzzzzzzzzzzzzzzzzzzzzzzzzzzzzzzzzz",NAG,NGEN,0
C36.491,"Homosexual k bare mai hame kuch khash ni pta h or jitna v dekhe h wo reality
show mai dekh h jo kvi v army ki requirements puri ni kr payegi..",NAG,NGEN,0
C36.575,Sir December ka magazine provide Kara dijiye...,NAG,NGEN,0
C7.1750.1,"Maine video ki ending me jo baat Kahi hai vo suniye... Galat to bahot sari
bate ho Rahi hai...  
hamare Desh me to har dusri tisri film me Criminals & Terrorists Ko glorify
Kiya jata hai... Kya kar sakte hai ?",NAG,NGEN,0
C7.1894,"Bhai honestly aja jara apka video achcha lagrah hai nachrul lights se app bhi
achche dik rahe ho",NAG,NGEN,0
C59.1461,Dill se boss,NAG,NGEN,0
C7.2549,Spoiler warning toh deni thi😜😜😜,NAG,NGEN,0
C7.30,Tum jaise log satee pratha ko bhi support kar sakte ho,NAG,NGEN,0
C38.750,"ek baar mere papa nai kha tha khtm kr dunga...maine sunaya unhe ek sweet chin
music...",NAG,NGEN,0
C32.100.3,क्या आप मुझसे दोस्ती करोगे,NAG,NGEN,0
C19.10,"Aise faltu reviewer wale channel me bhi itne subscriber ?? Omg ! Acche talent
subscribers dhud rahe hai like dino james , salil jamdar etc ...",NAG,NGEN,0
C38.475,Auto wale bhaiya :),NAG,NGEN,0
C19.154.3,"Rachna Mishra बवाल तो मैं कर सकता था लेकिन उस के पिताजी ने मुझे कहाँ कीं मेरी
समाज में नाक कट जाएगी मेरी बेज्जती मत करवा देना ? उसके पिताजी के कारण मैंने
अपने क़दम पीछे हटा लिए 😢😢😢",NAG,NGEN,0
C36.636,"Sir,  
Gaurav sir ki current affairs Dailly bases par ku nahi aa rahe hai???",NAG,NGEN,0
C21.203,Subtext ka bhut acha use kiya hai ishe film mei,NAG,NGEN,0
C7.356,Tshirt Badhiya hai Bhai😀,NAG,NGEN,0
C7.2249,T shirts khab badli karoge,NAG,NGEN,0
C7.1761,Aaj tumne muh tod jawaab diya hypocrites ko. Well done 👍,NAG,NGEN,0
C21.42,Apne story bata kar puri story batadi,NAG,NGEN,0
C7.694,Kya ap ki left gaal main dari jyada hai yah mera phone ki screen kharap hai!,NAG,NGEN,0
C4.1669,Chutiya movie tha yar maine dekhne k baad laga k yar ky dekhliya maine.,NAG,NGEN,0
C4.859,"Is film ko sex drug or drink ne hit kiya ,same sanju ki trha...",NAG,NGEN,0
C21.79,Mast movie hai,NAG,NGEN,0
C4.1620,"Kio hai jisne nahi dekhi yeh bakwas movie meri tarah..  
Jisko pehle hee pata tha yeh bakwas hone wali hai..  
Yeh movie phir humko wapas piche leke ja rahi hai..",NAG,NGEN,0
C7.1811,Pratik ji Ram Ram.🙏🙏🙏🙏,NAG,NGEN,0
C21.171,"sir ji please hamari cavery nadi ko support kariye cavery calling ke jariye
jise khud prakash javdekar ji ne bhi support kiya hai",NAG,NGEN,0
C33.136,Lazabab,NAG,NGEN,0
C33.252,"Mere jindagi bus tere intazaam ke liye hai khud ke kadam mere liye bhi khud me
koi kayamiaat batiyie hogi dil se dil ka connection kiske saath hOAG",NAG,NGEN,0
C19.184.1,@Nikunj Singh Oh acha,NAG,NGEN,0
C59.219,বা: মেরেসের বা:,NAG,NGEN,0
C4.2192,Bhut din se kabir singh ka aapka review dekhna chahta tha,NAG,NGEN,0
C7.72,"Mujhe bahoot achhi lagi kabir singh,",NAG,NGEN,0
C4.2229.2,Kya ukhad liya tune ise dekhkar??,NAG,NGEN,0
C38.577,kele se kele takrae....,NAG,NGEN,0
C9.293,boliye nitishba ko ki paper leak kaise huaa,NAG,NGEN,0
C4.396.2,Sahi kaha Bhai😁😂,NAG,NGEN,0
C7.2441.1,True bhai 🙁👍,NAG,NGEN,0
C7.1257,"Sir [real.love](http://real.love/) nhi smjynge ....y log ..film ..film
to.dhansu h .esa man to.ajkl.nhi h",NAG,NGEN,0
C4.857.1,Ye londa kuchh jyada horaha he ..,NAG,NGEN,0
C4.960.3,"@Sneha sharma haan, mujhe video yaad h, lekin unke naam nhi pata.",NAG,NGEN,0
C46.65,Sooryavansham,NAG,NGEN,0
C7.2514.1,Hi kaise ho aap,NAG,NGEN,0
C4.1637,Bhai Bhai bhai Bhai,NAG,NGEN,0
C33.271,"Video n message was gud but girl. Ki voice ka sound bohat hi down tha not like
bold 1...... Otherwise its gud 1",NAG,NGEN,0
C4.1163,"Ladki Mya laadkako dkh liya khtam Bhai
khtam..[8:13](https://www.youtube.com/watch?v=N_ZMfQMZos0&t=8m13s) haha",NAG,NGEN,0
C7.293,"Pratik Bhai ""urvashi "" song to kabir singh ke liye shoot hua tha par ab song
movie me kyu nhi aaya .",NAG,NGEN,0
C7.2548,"Pratik sir aap long video mt banao  
Dekhne me interest nhi aata",NAG,NGEN,0
C7.559.1,"@Aakash kale kya real life me drugs,sharab chodna itna asan hota hai??  
Movie me tho woh bahut asanai se sab kucch chod deta hai.....  
Ending sad rakhte tho yeh sab kucch justify hota",NAG,NGEN,0
C32.159,Bus aaplogo ka support chaie hamari mehnat ka fal aap logo hi dege 🙏,NAG,NGEN,0
C9.286,"जनता - मोदी जी GDP गिर चुकी है  
मोदी - मित्रों जिसकी होगी वह खुद ही उठा लेगा  
भक्त - वाह मोदी जी वाह क्या बात कही आपने",NAG,NGEN,0
C4.643,"Lagta hai iske paas paise nahi the Hall mein movie dekhne ke... Jab movie TV
pe release ho gayi tab aaya hai analysis leke..",NAG,NGEN,0
C32.150,"क्या खूब ऐक्टिंग की है चंदू सच मे कोई बड़ा रोल मिलगया उसदिन धमाल मच जाएगा ।  
जानदार शानदार एक्टिंग चंदू सो सुपर",NAG,NGEN,0
C32.130.2,Mujhse dosti karna hai call karo phone rate mera number kahan se ho6393830912,NAG,NGEN,0
C4.702.5,Ye tum meme se padh ke aye ho hero mt bno,NAG,NGEN,0
C4.1336,Kutte ki tarah pyaar sahi kaha 😂😂,NAG,NGEN,0
C59.69,Jio Vai😃😃😃😃😃,NAG,NGEN,0
C7.1331,awosome dil Jeet liya aapne,NAG,NGEN,0
C7.1584,bhai dara ka konsa pyar hota h,NAG,NGEN,0
C7.2395,Ohhh bhai TRP mil gai...,NAG,NGEN,0
C7.558,"sahi bola bilkul, par yeh bhi h movie m pretti bhi dumbo thi bilkul matlb apna
khud karna h kuch usse ya nahi😂 jo kare bechara oabir hi kare",NAG,NGEN,0
C45.710,भाई हिन्दी में बात करो,NAG,NGEN,0
C32.107.1,@Ali Khan 😡😡😡,NAG,NGEN,0
C26.117,"498 a का झूठा केश का धंधा बंद कानून नहिं कर सकता  
इसी तरह खुद में भरोसा और कोसिस बरकरार रखना पड़ेगा",NAG,NGEN,0
C10.258,नपुर,NAG,NGEN,0
C4.2171.3,sonic raj bhai mko b 10 saal se jyada ho gya bollywood movie dkhe hue,NAG,NGEN,0
C36.1068,"Honi chahiye sir bs Bo Apna km shi kre baki koi apne personal life kyq kr hme
kya mtlb itni freedom to honi hi chahiye taki Bo apne sapne pure kr ske chahe
koi bhi field ho..",NAG,NGEN,0
C4.686,"Respect for swetabh bhai has been increased after this video ...  
  
Varna kayi log Kabir singh ka gungaan karke views Bator rhe hai aajtak ...  
  
Abhi lap kaptaan aayi ..kisi chutiye ne nhi dekhi ..",NAG,NGEN,0
C19.126.1,Premier show dekh kar,NAG,NGEN,0
C4.1438,Bhai mee wait kr hi rhA tha 🤣🤣🤣,NAG,NGEN,0
C7.1329,"Bhai bhot zabardast critically review diya hai aapne!! Best speech - ""Pant me
Barf dal liya"" 😆😆😆😆😆❤❤❤",NAG,NGEN,0
C7.273,Aapke per kaha he sahab ji... AAPKO TO DIRECTOR HONA SAHEYA THA😂😂😂,NAG,NGEN,0
C4.88,Bilkul sahi hai bhai 🤣🤣🤣👏👏👏,NAG,NGEN,0
C32.34.5,@nripen rajbongshi 19,NAG,NGEN,0
C26.150,Bohut badia bhai👍👍👍,NAG,NGEN,0
C9.313.4,"Gentleman 123450 mera comment ko aap lagta hai nahin samjhe bhai, main bhi to
wahi bata raha hoon jo aap kehna chahte hain, maine ek misaal diya.",NAG,NGEN,0
C10.104,"अरुंधति रॉय ने बहुत अच्छा suggestion दिया है, क्यों न ऐसा किया जाये की अरुंधति
रॉय जब अगली बार अपना पासपोर्ट रेनू करवाने जाये तो अपना नाम रंगा बिल्ला और अपना
एड्रेस रेस कोर्स रोड लिखवाएं, अगर वो शुरुआत करेंगी तो मैं भी फिर उनके विचार का
पालन करूँगा",NAG,NGEN,0
C59.586,Lovely post bhaiya. Or kuch nahi bolungi,NAG,NGEN,0
C4.2031,Bhai roz videos upload kro do do videos,NAG,NGEN,0
C19.188,Spoilers ke warning kon dega,NAG,NGEN,0
C4.1772,"I am not seen this movie but but this kind of movie bante rahani chahie kyunki
tere liye action bahut maja aata hai dekhne mein 😂😂😂😂😂 its joke  
main to abhi tak 5 sal ke andar jitni Bollywood movie nikale mehndi ki nahin
abhi tak koi bhi ginti ki 4- 5 movie dekhi hogi",NAG,NGEN,0
C61.901,Madam app pehle bengali seekh lijiye!!😂😂,NAG,NGEN,0
C7.27.1,Kam se kam wo loyal tha,NAG,NGEN,0
C9.102,सरकार में विश्वास नहीं है तभी तो विरोध कर रहे हैं।,NAG,NGEN,0
C7.1609,1 no movie h bhai.,NAG,NGEN,0
C36.960,tho pakistani log bolege bodo indian army,NAG,NGEN,0
C36.751,Gandiyo ka army m koi kaam ni h,NAG,NGEN,0
C7.1764,Bilkul sahi bola vai good review😍,NAG,NGEN,0
C4.626,Dictionary rakhni padti hai teri videos dekhte time,NAG,NGEN,0
C7.2596,Apna tay hai..Pahle like kro fir video dekho 🙂,NAG,NGEN,0
C4.747,"kon kon hai yaha jisne Kabir singh (shit) abhi tk nhi dekhi....  
hit like...",NAG,NGEN,0
C9.311.2,"@Vijay Sharma padh bhai padh  
Dhyan se padh  
Maine ye padh liya tu bhi zara padh padh padh padh... 😂😂😂😂",NAG,NGEN,0
C4.2104,"Ladki k kiye kya Pagal Hona bhai?  
Sexual Feelings ko 2 min k liye alag rakho.  
Wo Insaan he toh hai  
Bas wo 10 Din Na nahaye(Bath) aap khud dur bhagoge.😂  
Bollywood me toh saala kabhi heroine Sandaas jaati he nai😂",NAG,NGEN,0
C7.1437,"Waise Pratik bhaiya ap to four more shot please dekh k to ap bhi bann gaye the
🤣🤣😂😂😂",NAG,NGEN,0
C4.292,"Faltu film ha ya ,,, doctor aysa nahi hota ........ ar medical college aysa
hota to ...... Neet , aiims itna tough nahi hota.....",NAG,NGEN,0
C7.490,mob lynching ke bare m apka bichar rakiye,NAG,NGEN,0
C10.792,Nupur sharma 👍👍,NAG,NGEN,0
C4.1840,"Are btc🤣  
Shuru k 10 sec",NAG,NGEN,0
C4.2241,Bhai meeetoh tera faaan hoon,NAG,NGEN,0
C26.304.4,Bikas Mishra sahi kaha ap ne,NAG,NGEN,0
C7.1034,Bhai app bohot acchaaa bole....perfect....,NAG,NGEN,0
C7.2247,Sahi kaha apne.....,NAG,NGEN,0
C21.325,Sir itna late video.......,NAG,NGEN,0
C4.125,"Thanks for this video sir..mei kabir singh nehi dekha..but sach mehi yee ek
chutiya movie hei",NAG,NGEN,0
C7.1108.1,"Jo bate society Ko barbad kar Rahi hai unhi pe baat ki hai... Par kya kare
Sachchai kadvi Hoti hai isliye shayad aapse sachchai suni nahi Jaa Rahi !",NAG,NGEN,0
C32.20,kuch bhi,NAG,NGEN,0
C32.160,बहुत खूब जानदार शानदार,NAG,NGEN,0
C38.745.3,VINAY DAHARWAL tho jeans pant chod fir,NAG,NGEN,0
C32.129.5,@Omkar Naek 9250295775,NAG,NGEN,0
C4.1075,Sab kuch badhiya hai..Bolne ki speed thodi si control kar lo,NAG,NGEN,0
C4.592,Bhai ki baaten Sach hoti hai,NAG,NGEN,0
C44.170,Chutiya pan ak had hoti haii,NAG,NGEN,0
C4.1086.4,Thanks bhai,NAG,NGEN,0
C4.1762,3 mahine purani movie ka review kr rha h kya yar,NAG,NGEN,0
C7.2482,Ye log film na hi app ki ye video dekhe to mane ge.,NAG,NGEN,0
C36.1091.2,Per ek army person aur civilian k rights alag alag hote h.,NAG,NGEN,0
C4.1025,Bada jaldi review kr Diya😁,NAG,NGEN,0
C4.1318.1,@Thugs of Hindostan 🙏🙏🙏🙏,NAG,NGEN,0
C4.501,Please KGF movie ka review banao,NAG,NGEN,0
C9.217,chalo kuch sahi bole bhai saheb,NAG,NGEN,0
C25.508,"कानून का दुरुपयोग करने वालों के खिलाफ कानून बनाया जाय। विना अपराध किये
गिरफ्तारी नहीं होनी चाहिए ।",NAG,NGEN,0
C4.46,Haaaa haa baddyia Bhai 16 na saach😊😊😊😊😊😊 Dil khush kyia Bhai .real bola Bhai,NAG,NGEN,0
C7.2141,😂😂 itne liberals milte Kahan pe hai tume😂😂😂,NAG,NGEN,0
C7.1286,Bhai aap instagram pe kab aaoge???,NAG,NGEN,0
C4.1096,Sach mein zand hai ye movie☹️,NAG,NGEN,0
C36.1088.3,@Amresh Sahay tujhe badha kuch pata hain shivay lgbt,NAG,NGEN,0
C38.753,"shweta mehta aapne to btaya hi nhi aap kya krogi agr aapk bacha gay or lesbian
hua to .",NAG,NGEN,0
C26.112,"BANDE KI JAMANAT HUI KYA.PLZ UPDATE [SOMEONE.IS](http://someone.is/) HE
RELEASED OR STILL IN JAIL.? JITNA PAISA LAGEGA JAMANAT KA APAN SB DENGE",NAG,NGEN,0
C36.675,Yes hona chahiye,NAG,NGEN,0
C7.2501,Modi Ka Beta 😂😂😂🤣🤣,NAG,NGEN,0
C7.1122,"Awesome movi shahid always roak shahid ki blockbuster movi dekh ke phat gyi
hai acchhe achhe ko shahid is roak",NAG,NGEN,0
C25.537.1,radhe krishna teri maa bhi hogi,NAG,NGEN,0
C4.405,Bhai itna bhi insult mt kr....movie ki,NAG,NGEN,0
C7.2008,Sahi kaha bhai,NAG,NGEN,0
C36.349,A to z koi bh ho sabko hak hona chaiye apne desh ke liye har jagah,NAG,NGEN,0
C33.223.3,Abhishek kumar mast bani h,NAG,NGEN,0
C9.16,ARUNDATI RAI AUR SIRDESAI MEIN SAMANATA HAI,NAG,NGEN,0
C38.103,"[2:10](https://www.youtube.com/watch?v=ZzsAuDkXq1M&t=2m10s) agar hamara baccha
gay ho  
To hum hasenge",NAG,NGEN,0
C25.515,दहेज देने व लेनेवालों वालों को सजा दो।,NAG,NGEN,0
C4.473.2,Kuch friends sale bakchod hote hai fir bhi jindagi mein rakhne padte hain,NAG,NGEN,0
C7.1773,Bhai review kaha tha,NAG,NGEN,0
C26.110,Sahi Kiya Bhai lekin Bibi ko kese chor Diya aap ne,NAG,NGEN,0
C7.2455.1,"Sabse pehle aapko apna Left-Right Conservative-Liberal ka concept clear karna
chahiye....  
Ye video dekhiye -  
<https://youtu.be/yNdB772uAsU>",NAG,NGEN,0
C7.233,"Aapp Hindi mein baat krte ho it is the best part of your channel n aapka
explain accha krte ho",NAG,NGEN,0
C33.273,Bom Bom bajega bom bom,NAG,NGEN,0
C33.49,Msg bohat achha tha but hsi bohat aayi....,NAG,NGEN,0
C9.223,"Ranga - rapist KO bachane wale bjp k neta log.  
Billa- address of 7RCR our PM office....sahi to kaha h isme galat kya
h.....yeh sardesai debate karne ki kah raha h debate kare to kis se government
to sunne KO tyar nahi.",NAG,NGEN,0
C7.1319,"Partik bhai  
Agar ye galti se Ramayan dekh le nn  
To bolenge ki Supnekha(सूपनखा) ke sath galat kiya lakshman ne🤣🤣🤣🤣🤣🤣🤣🤣😂😂😂😂😂😂",NAG,NGEN,0
C4.1045,"Bhai bhaut time baad gali suneko mili  
Mensutra is back",NAG,NGEN,0
C59.1178,jio vai good video nice video,NAG,NGEN,0
C7.2243,"Ap. Babaje jaisa batkartehe,,,🤣😂😄😃😁",NAG,NGEN,0
C4.633,Mast bhai 👌👌👌👌,NAG,NGEN,0
C20.91,Sir false 498 a or crpc125 par bhi movie banti hai koi himatvala,NAG,NGEN,0
C7.203,Bahot Badhiya....,NAG,NGEN,0
C29.31,"final cut news mai dikha raha hai ki rape hua hai...! kay hai savistar batao
bhai",NAG,NGEN,0
C4.2143,"Bhai aisi hi aap aur lambi videos bhi bna Diya kro detailed me..zroor
dekhenge🔥😘",NAG,NGEN,0
C4.2150.1,Bhai hume movies se influnece hona band karna hoga . Bade ho gye hai hum,NAG,NGEN,0
C7.153,Liberals ab discussion ke layak bhi nahi bache😊,NAG,NGEN,0
C26.19,Jo na insafi karega usko ye case yaad aana chahiye,NAG,NGEN,0
C4.82,"[13:23](https://www.youtube.com/watch?v=N_ZMfQMZos0&t=13m23s)  
Bhai bhai.....bikul sach bola re",NAG,NGEN,0
C21.329,"Bhai aap bahut axxa content banate hai fir bhi subscribers Nahi bad hai
....... Aap last me like , comments , subscribe Karne ko kha kre ..... Such kh
rha hu Esse bahut fark padta hai .....",NAG,NGEN,0
C32.124.3,@S Kumar ha ji,NAG,NGEN,0
C7.1368,"Sahi baat boli hain apne sir 😊...main ab 12th class mein hoon...but mera bhi
life aur career just khatam ho raha hain aur reason bhi ek hain 🙃",NAG,NGEN,0
C7.2204,"The godfather , inception , got ka review kab kroge ... reply",NAG,NGEN,0
C32.34.4,@nripen rajbongshi Hy,NAG,NGEN,0
C21.251,"Is baar acchi acchi or alag alag subject par film aayi hai jaise section 375 ,
Dream girl , pehailwan sab acchi kahaniyan hai",NAG,NGEN,0
C7.2380,Kabir singh ka logo kya chupane k liye lagaya h 😂,NAG,NGEN,0
C68.1340.2,"I'm,s,jasha,karega,oysha,varega",NAG,NGEN,0
C7.2402.1,"SAME HI HE...  
Bas 2 alag naam",NAG,NGEN,0
C7.2593,Bhai please the fault in our Stars ka review kar do,NAG,NGEN,0
C4.1916,"Ek Number video sir, Maja aa gaya",NAG,NGEN,0
C4.900,Baby mai nhi.....bhaiya...akshay kumar..itam song,NAG,NGEN,0
C19.1.2,इस बंदे की जगह मुबारक से करा लिया करो रिव्यु... सारी,NAG,NGEN,0
C33.44,Kya bat hai bhai,NAG,NGEN,0
C38.456,Kuch bhi kaho ladki kamal hai... hot,NAG,NGEN,0
C36.822,"नमस्कार प्रशांत सर,  
मुझे लगता है जनरल साहब का कथन सही है।  
हम सहमत हैं",NAG,NGEN,0
C19.80,Akshaye Khanna Brilliant actor hai doston.,NAG,NGEN,0
C7.976,"Mujhe har baar liberals word sun ke Swara Bhaskar hi yad aa rhi thi😂😂dosto
tmhe kon yad aaya comment kro.",NAG,NGEN,0
C7.218,Bhai ja ke moviestalk ka review dekh asli critic,NAG,NGEN,0
C4.1799,"Bhai aapka book a thousand love letter wapis aayega ki nhi Flipkart or Amazon
pe try kiya mil nhi raha",NAG,NGEN,0
C20.17,Yaar.. Ispe bhoot taras aata hai.. 😔 itna bitterness.,NAG,NGEN,0
C4.1990,"""Kutte ke tara pyar karta hein""😂",NAG,NGEN,0
C7.255.1,Video pura dekhiye,NAG,NGEN,0
C7.1247,"Sir aapko ye kaise or kahan se pata chalta hai ki faminist ya liberals kya
kahte hai ?",NAG,NGEN,0
C4.1575,bollywood pyaar se thoda aage badhna chahiye,NAG,NGEN,0
C32.41.1,Mumbai Chakala mera number hai8286209041 body massage ke liye Sampark Karen,NAG,NGEN,0
C4.1431,kitna nautanki karta bhai tu full Delhi 😂😂😂,NAG,NGEN,0
C4.1682,"bhout acha explaination diya bhai, mujhe bhi pasand nahi aai movie",NAG,NGEN,0
C7.2064,वह स्त्री है कुछ भी कर सकती है!,NAG,NGEN,0
C7.2468.3,Jab movie ka theme political h to review bhi usi hisab se hoga,NAG,NGEN,0
C4.1918,Bhai channel name change kiya mat karo confusion hota haii,NAG,NGEN,0
C36.1155,Sir aaj kal daily current affairs kyu nahi aaa rha hai?????,NAG,NGEN,0
C7.621,Sahi baat bhai,NAG,NGEN,0
C7.1849,Zbrdst bhaaaai.......,NAG,NGEN,0
C4.314,Bhai Salam,NAG,NGEN,0
C38.285,Last wala uncle cute tha.*.meri wife layi thi* 🤣🤣🤣😂😂👌👌 awww..,NAG,NGEN,0
C7.1665,"If you don't mind bro ..to mai ek baat kehna chahta hu ki movie review kartay
waqt kai baar Aap jazbaati ho jaate ho..aur kai baar aap bus kho jaate
ho..[11:08](https://www.youtube.com/watch?v=J2J5ssSP5yQ&t=11m08s) second
baatanay ki zarurat hi nahi hai ki yae movie aapko kitni die hard tarike se
pasand aayi hai aur aap defenatly iss movie ko 8 se 10 star rating dene wale
ho..but I like your honesty kyoki aaj tak koi bhi you tuber itna deaply review
nahi karta..aur mai to aapke review ka besabri se wait kar raha tha pratik
bhai..I go tomorrow this movie with my gang 110% haites off brother. All good
wishes from chattishgarh 👍👏👏👏",NAG,NGEN,0
C36.1162,Nahj,NAG,NGEN,0
C9.141,Ye dono ranga billa hai......,NAG,NGEN,0
C7.2125,"Arey bhai, spoiler kyo de diya ? 😫😫",NAG,NGEN,0
C7.2372,"Mene aj hi movie dekhi hai bahot achhi movie hai . Sahid kapur mere fabrt ban
gye",NAG,NGEN,0
C9.193,Arundhati Roy ka side to Raj deep lega hi lega.,NAG,NGEN,0
C38.426,Auto wala kaku love😊😊😊😊😊😊,NAG,NGEN,0
C4.1383,Bhai aap sahi keh rahe h bilkul,NAG,NGEN,0
C7.2163,Don't worry Pratik bhai America wale keherehe hein Modi hai toh Mumkin hai,NAG,NGEN,0
C7.420.1,"@vaibhav tare abe chutiye ..Mai movie dekhta hu....par usme ke characters Ko
follow nhi karta....ye bht alag baat hai ..tu nhi samjega.",NAG,NGEN,0
C38.736.5,Himalaya kya MARS pe hai,NAG,NGEN,0
C4.614,chutiya review,NAG,NGEN,0
C36.1043,Hona chahiy,NAG,NGEN,0
C20.318,"Bollywood ki best movie ise aap keh sakte hai.  
  
One line for  
Agar ladki ne apke sath sex kiya hai apni marji se or wo bahar jake bole apne
uske sath rape kiya than start section 375.  
Karoge to bhi maroge nahi kiya tab bhi marenge.",NAG,NGEN,0
C7.2041,"Bhai mai apki video ka hi wait kar rha tha.. you are awesome bro . Sahi Jawab
diya hai apne aise logo ko ...awesome bro..",NAG,NGEN,0
C7.510.1,Yeh movie review hain isme Aap communal violence na phelaye,NAG,NGEN,0
C21.110,Khushi hui ki apne is film ka review kiya,NAG,NGEN,0
C7.2221,Jay ho Pratik bhai..✊,NAG,NGEN,0
C9.139,Ghussa hai bhai Arundhati Roy ka,NAG,NGEN,0
C7.2051,"Sir mujhe aapka review sach me bohot hi badiya lgta hain....... Plz sir
bataiye ki 96 film main kaha dekhu",NAG,NGEN,0
C38.65,"Chashme bade acche hein aapke  
Guy: Meri wife li thi  
<3 ❤",NAG,NGEN,0
C59.1347,😂😂😂😂😂😂😂😂😂😂😂😂😂😂😂😂😂😂😂😂😂😂😂😂😂😂😂😂😂😂😂😂😂😂😂😂😂😂😂😂😂😂😂😂😂😂😂😂😂😂 Awsam guru jio tum,NAG,NGEN,0
C4.26,Bhai bala movie ka raw review Karo..,NAG,NGEN,0
C7.1511,"Hollywood ne Netflix se milkar excellent webseries release karraha hai, but
India Netflix se sex stories release kar raha hai. I'm sad on it.",NAG,NGEN,0
C36.476,"सेना कभी भी भेड़ चाल नहीं चलती है किसी भी देश की सेना उस देश का राष्ट्रीय गौरव
होती है वहां के कल्चर का प्रतीक होती है अभी हमारा देश उस रंग में नहीं रंगा है
जहां पश्चिमी देशों के धारणा को ग्रहण किया जाए अभी समलैंगिक समाज के लिए काफी
समय लगेगा इसलिए जनरल बिपिन रावत का बयान मुझे काफी हद तक या पूरी तरीके से सही
लगता है",NAG,NGEN,0
C25.466,"sikayat par turnt police ko jakar reallty dekhni chahiye.kisi ladke ka jeevan
kharab karne ka na police ko adikar hai or na kanoon ko",NAG,NGEN,0
C68.23,Dogi,NAG,NGEN,0
C26.251,Burrraaa...I Love U Jahangir Bhai.,NAG,NGEN,0
C4.116,Masaan Dekhi hai kisine ?,NAG,NGEN,0
C7.1021,Acha laga bhai,NAG,NGEN,0
C36.1012,chupte to phle v ni the,NAG,NGEN,0
C4.2141.3,@RAHUL SHARMA sorry bro maine gali di apko. mai abhi use delete krta hu.,NAG,NGEN,0
C7.1503,Sir arjun reddy movie hindi me available h kya???,NAG,NGEN,0
C19.55,Bhai Anchor itni Taali kyu baja raha hai apne har ek sentence ke baad,NAG,NGEN,0
C7.2063,Very good movie ..jao Dekho ..Maja aa gaya,NAG,NGEN,0
C7.385,Sahi bol rha h bhai glt cheez ko sapport krte h ye log,NAG,NGEN,0
C36.225.1,Because chief ko homosexuality pasnd nahi hai ☺,NAG,NGEN,0
C4.439,"When Shwetabh said, ""Jo bhi mera Channel follow krta hai dost, DHANG SE"". I
was literally like ""haan bhai samajh gya""😂",NAG,NGEN,0
C32.129.4,@Rajender ji12ewcgsdffeewandal q apna no.diya kya kam muzse wo to bolo,NAG,NGEN,0
C19.132,Mubarak se accha koi nji,NAG,NGEN,0
C36.644,अच्छा निर्णय लिया गया है,NAG,NGEN,0
C19.40,बहुत सही है review है ....👍👍👍👌👌👌,NAG,NGEN,0
C4.1141.4,Aadhi movie ke Uth gaya tha. Absolute cringe,NAG,NGEN,0
C4.2261,Zindigi badlne le liy thanks bhai,NAG,NGEN,0
C19.30,Jo buri baatein keh raho woh bhi achchhi lagi humein..,NAG,NGEN,0
C36.754,Gays ko nahi allow karna chahiye,NAG,NGEN,0
C36.913,आभार सर,NAG,NGEN,0
C7.2459,Aapki ye video report hogi,NAG,NGEN,0
C36.538,"सर 2018 में जितने भी सूचकांक जारी किया गया है उनकी कंबाइंड वीडियो बनाइए .  
Plz",NAG,NGEN,0
C4.1573,Bhi acting ka varea ma vhi bat karna.,NAG,NGEN,0
C7.1559.1,"Kahi kahi pe aap sahi keh rahe hai galat nahi hai. Galti se hi insaan seekhta
hai. Lekin aaj kal ke jawan log galat cheezo ko jaldi pakadte hai. Gusse pe
kabuu karna sabse zaroori hai.",NAG,NGEN,0
C26.207,ye toh bhai iss ne bikul sahi kiya,NAG,NGEN,0
C23.2,Yeh film bahut achha mujhe to achha laga,NAG,NGEN,0
C21.105,"Akshay khanna ,nachne gane vala actor nahi he bhai ,,,,wo bahut hi intelligent
actor he or bahut hi dhasu actor he bhai ....bhai uski smile hi jordar he",NAG,NGEN,0
C9.316,Ranga billa,NAG,NGEN,0
C36.666.1,Bhag,NAG,NGEN,0
C7.659,Kabir gusse par kabu nahi kar sakta yehi uski kamjori hai 😂,NAG,NGEN,0
C20.337.1,Kuch bhi,NAG,NGEN,0
C21.239,Kal hi ye movie dekhi...... mast movie hai.....,NAG,NGEN,0
C4.337,Mujhe pyaar ho gya ...........chutiyaapaa h.......kt rha h😂😂,NAG,NGEN,0
C7.896.2,"Film is just for entertainment ap kisi ki personal life me essi bate nhi bol
skte kabir singh movie se apko koi problem h toh thik h dusro ko batane se
kuch nhi hoga sab samjhdaar h aaj kal ladko ko pta h kya sahi h or kya
galat...",NAG,NGEN,0
C4.993,Gjb bhai,NAG,NGEN,0
C7.1844,bhai woh sob liberals ke nam pe q-tiyapaa karte hai..,NAG,NGEN,0
C7.73.1,"Ladki pe haath uthane vali baat ka jawab already maine is video me diya hua
hai... Comment karne se pehle aapko video pura dekhna chahiye !",NAG,NGEN,0
C7.1938,"Pratik bhi ki bate sonkar fir se arjun reddy dekhne ja raha hu or jo log keh
rahe ki bij ka 1 ghanta boring he arre breakup ke baad woh kis mental stage se
gujar raha he woh dikhana banta tha yaar",NAG,NGEN,0
C4.776,"\---- Ka chakkar  
Or  
Mout ka takker ek hi hai bro",NAG,NGEN,0
C7.1702,"Very nice review 👍👍👍👍👍👍👍👍👌👌👌👌👌👌👌👌👌👌👌👌👌👌👌👌👌👌👌👌👌👌👌👌👌majaa aagyaa aur skoon mila  
Liberals & faministo ki condition dekh ky 😌😌😌😌😌😌😌😌😌😌😌😌😌😌😌😌😌",NAG,NGEN,0
C7.2486,"Liberals, communist, feminist bas karo bhai ab....bahot ho gaya ye sab ab...
Movie ka review do bas...  
[#Genuine](http://www.youtube.com/results?search_query=%23Genuine) reply",NAG,NGEN,0
C21.120,Vande mataram,NAG,NGEN,0
C38.733,last vaale uncle....killer.....meri wife layi th😂😂😂😂,NAG,NGEN,0
C7.1862,"Pratik bhai pahele aap main topic pr baat kiya kro baat mei other topic pr. It
is just simple request. Thx",NAG,NGEN,0
C32.130.4,Kaisa msg,NAG,NGEN,0
C21.94,"फ़िल्म में एक कमी लगी कि संवाद इंग्लिश में थे। उसे समझने की दिक्कत नही लेकिन
इंग्लिश हिंदी का मिक्सचर सही नही लगता।  
अक्षय खन्ना के टैलेंट की कद्र कम लोग ही करते है। पूरा जिंझोड़ के रख दिया।",NAG,NGEN,0
C4.1705.3,"Download kar ke dekho, koi ad nahi ayega",NAG,NGEN,0
C7.870,To aap follow karlona sab achi bato ko,NAG,NGEN,0
C36.951.4,"vimla paliwal नमस्कार  
आपको भी विश्व हिन्दी दिवस की शुभकामनाएं  
आप कैसे हैं आपका स्वास्थय पहले से बेहतर है",NAG,NGEN,0
C7.390,koi kucch v khe mujhe film faadu lgi,NAG,NGEN,0
C4.1560,Student of the year 2 ko bhi review kro,NAG,NGEN,0
C7.1399,"Prateek bhai aapki video par jo add aarha istand aap feminist Ko support kar
rha hai ... Ye to aapke virudh hai ... Ab AAP apna channel demonized kar
lijiye",NAG,NGEN,0
C38.248,"[3:47](https://www.youtube.com/watch?v=ZzsAuDkXq1M&t=3m47s) \- Baaki sab jaane
do.... leki yeh chu***yo ka party president mila kanha aapko? :D",NAG,NGEN,0
C4.1100,Starting achhi thi😂,NAG,NGEN,0
C4.1306,Rx100 ka bhi explain Kar lo,NAG,NGEN,0
C4.388,"Movie dekhne se log sikhte he.... To bhaiya fir to joker se bhi
sikhenge....... Wo bhi bekar movie huyi...... Log maarne lg jayenge frustrated
hokar....... Fir wo kese masterpiece huyi???",NAG,NGEN,0
C7.2353,"Same thoughts came to my mind after watching the review of Sucharita Tyagi..
Dil ki baatain bol di aapne",NAG,NGEN,0
C36.1136.4,A Raj sahi kaha,NAG,NGEN,0
C7.1986.2,"Sabse pehle aapko apna Conservative aur Liberal ka concept clear karna
chahiye...  
Ye video dekhiye -  
<https://youtu.be/yNdB772uAsU>",NAG,NGEN,0
C7.292,Spoiler alert dalna tha video me.,NAG,NGEN,0
C4.1525,"Beginning badi funny thi yrr sach main😂😂🤣  
Acha hua cut ni kiya isko",NAG,NGEN,0
C7.1630,Aisa pagalpan kisi ko na ho isi liye aisa pagalpan dikhaya gya..,NAG,NGEN,0
C7.1292,Blockbuster movie hai Bhai...,NAG,NGEN,0
C7.1185,sir maii apkee video ko dekte dekte apke batoo maii khoo giaa thaa,NAG,NGEN,0
C7.941.1,<https://youtu.be/nNekk07Qt2g> bhi ye video zarur dekhna. please,NAG,NGEN,0
C7.1779,bhai ek ek hi baat bolte ho yrr kuch to alag kro,NAG,NGEN,0
C36.1097,Sahi kha hai,NAG,NGEN,0
C36.799,"Are sir ye CBI ka kya natak chalu hain, Jara ek video toh banana plz",NAG,NGEN,0
C10.640,Khadri deku RAHI hai,NAG,NGEN,0
C62.79,Yeah kiya chalraha Hai main tho pagal ho jaungga,NAG,NGEN,0
C4.729,Me londa nahi londi hun or me kam kar rahi hun,NAG,NGEN,0
C10.174,yeh kasturi ko bhi swara bhaskar ke saath acting karne behjo,NAG,NGEN,0
C4.187,"Superb sir.....aapne jo bhi bola hain ek mard ki Tarah hi bola
hain.....awesome sir....thank you..  
Main bhi bohat disturbed tha kuch dino se but ye apki relastic bate sun ke
bohat hi positivity mili mujhe...thank you so much",NAG,NGEN,0
C7.2550,Accha aab samaj aagaya sab problem north main hain south main nahi.,NAG,NGEN,0
C7.1031.1,"Film mazedaar hai...but serious mat lena.... Future dekho.... Ar haan ladkiya
aise nai pat jati dost ....",NAG,NGEN,0
C20.305,koi meko batayega isne out of ten kya rating diya movie ko???,NAG,NGEN,0
C7.1560,"Aapki dadhi(beard) right side ki jada ban gyi h or left side ki kam.  
Kis kis ne notice kiya ye.",NAG,NGEN,0
C4.1757,"Bhai aaj jam ke kaam Kar RHA hai .3-3 videos ek din mein  
Kaun kaun kaam Kar RHA hai roz",NAG,NGEN,0
C7.159,Feminists ro rahe hai😂🤣😂🤣,NAG,NGEN,0
C59.741,Jio bosss,NAG,NGEN,0
C61.1574,"🤣🤣🤣 নানু দিদি
$উলটি গুনতি স্টার্ট কারদি যে,,,,,
🇧🇩",NAG,NGEN,0
C7.2232,हा हा हा मजा आ गया सर । बहुत अच्छा कांसेप्ट है आपका,NAG,NGEN,0
C7.2394,O stri friendship karogi,NAG,NGEN,0
C4.2075,bhaiii last 24 hour me 3 video wow sir hatt off 💞💞💞💞💞,NAG,NGEN,0
C7.2588,Prateek bhai tshirt mast he apki @prateek,NAG,NGEN,0
C4.1752,"[14:57](https://www.youtube.com/watch?v=N_ZMfQMZos0&t=14m57s). Bhai ne sahruk
ki avaj nikali💪",NAG,NGEN,0
C4.1696,**Yarr main hamesha tumhare ball dekhta reheta hoon mast hai bhai.**,NAG,NGEN,0
C21.260,"Pratik bhai aapne Section 375 ka review bahot jaldi kar diya isme aapne 10 out
of 10 diya fir bhi aapne 6-7 minutes ka review diya verna Aapka review 10-12
minute ka to hota hi he per is bar aapne direct point to point hi bat ki , per
aapka review dekh ke movie dekhne jana padega Thanks",NAG,NGEN,0
C9.24,लल्लांटोप तू बता caa me galat kya hai,NAG,NGEN,0
C7.1020,"Achalaga bhai  
Me bhi gusa tha par me kuch bol nahi pa raha tha apne badhiya bola..",NAG,NGEN,0
C7.420.3,@Rishita Pandey hi risita,NAG,NGEN,0
C7.1426,"Ek problem hai  
Main parents ke saath nahi dekh payunga.",NAG,NGEN,0
C4.2101.4,"bhai yeh kya naam rakha hai channel ka?  
hamari maa v to women h hai",NAG,NGEN,0
C7.1167.2,jai shivaji,NAG,NGEN,0
C4.709,Mujhe lagta tha ki mai hi hu jise kabir Singh achi nahi lagi,NAG,NGEN,0
C45.720,8160202343 aapka phone number mil sakta hai,NAG,NGEN,0
C7.6,Bahut sahi sir,NAG,NGEN,0
C10.1398,B r ambedkar ne sab likha hai,NAG,NGEN,0
C7.928,"Kabir Singh movie acchi hai lekin kuch gande kissing seen kuch jayda hai yr
dimag se soch kuch",NAG,NGEN,0
C4.1549,Abi to kabir ka fever b utr gya h,NAG,NGEN,0
C7.1465,Bhai film k Bari bolo.....,NAG,NGEN,0
C59.1871,jo kisi garib ki buk mitay ga o tho bogwan ki nakar hi hogaa naa...,NAG,NGEN,0
C25.540.4,"ये किस डेट का जजमेंट है ,अभी तो सुना है कि सितम्बर 2019 में सुप्रीम कोर्ट ने
कोई कि तुरंत एफआईआर करें ।।",NAG,NGEN,0
C7.2018,O Stree friendship karogi?😂🙏,NAG,NGEN,0
C4.235,Bhai kuch b bol rha hai be!!,NAG,NGEN,0
C7.762.2,"@Pratik Borade filme dekhi hai bht acchae aur reality based character hai pr
koi ladki kisi ladke ke saath aisa krti tb bhi me yhi baat kehta .",NAG,NGEN,0
C21.56,Zabrjast movie,NAG,NGEN,0
C33.23,Ye 337 Kia h,NAG,NGEN,0
C19.196,Lallantop har khabro be aage hai👍👍👍👍,NAG,NGEN,0
C19.77,Mubarak ko bulao..,NAG,NGEN,0
C20.116.1,Himanshu saraswat ikr 🤣🤣🤣🤣,NAG,NGEN,0
C68.977,Yah Sach Hai,NAG,NGEN,0
C7.86,best movie lagi mujhe toh 2019 ki saho jesi movie se to kafi unche darje ki h,NAG,NGEN,0
C4.1841,Bhai english ka video bi dalo ji,NAG,NGEN,0
C19.1,"दी लल्लनटॉप का ऐंड्रॉयड ऐप इंस्टॉल करिए और फीडबैक दीजिए:  
<https://thelallantop.app.link/zCSsHooQSU>",NAG,NGEN,0
C7.1750.2,"Apne yeh thik kahan ki yeh sab se relationship nhi tik ti. Par jo bollywood
mein dikhaya jata hai..aur kabir singh mein bhi dikhaya gaya hai..ladki ko
dekke hi ekdm territory mark krdena..uspe hath uthana ..phir nhi mili toh
pagal hojana yeh sab bhi toh sahi nhi hai.Mtlb true love samjhrhe hai. Par
jaha India mein harr dusre din kisi ko na bolne k wajah se acid attacks aur
mob beating itna common hogaya hai ..aise time pe aise talented director aur
actor agr aise character ko hero bnayege toh desh k normal youth specially jo
log utna educated ya samjhdar nhi hai woh kya seekhenge?",NAG,NGEN,0
C7.917,"bhai dil se bol raha tu hi ek mila muze jo kabir singh ke bare mai achhe bol
rahe jo burai kar rahe na unko itna marne ka man karra shahid ne bhot mahent
kiya hai yar",NAG,NGEN,0
C9.168,modi shah ranga billaa,NAG,NGEN,0
C36.710,"Sir apki voice sunna boht acha lgta h.... News TV me anchors bhi apki voice ka
muqabla nhi kr skte... You are far better",NAG,NGEN,0
C4.2069,**Vahi log comment like kare jisne ab tk tiktok install nahi kiya**,NAG,NGEN,0
C38.71,Auto vale Bahiya is best 😍😍😄,NAG,NGEN,0
C61.826,Plz mera gana vi suniyega,NAG,NGEN,0
C7.2521,"Jabardast pratik Bhai, dil khush kar diya..........😘😘😘😘  
Aise hi videos banate rahiye, Love you",NAG,NGEN,0
C7.1270,"Bhai ap review ek vedio banavoo jesme sirf movie review karo aur dusre vedio
me ap apna bath aur Apne knowledge share karo",NAG,NGEN,0
C4.1659,Sahi bola bhai!,NAG,NGEN,0
C7.1887,"Apne ko to feminism,sarcasm,racist,liberalist etc kuch samjh ni aata jo aata
ha wo ha apan acche to sab acche bas..pata ni log kyu ni samajhate",NAG,NGEN,0
C4.2268,Isi ka intezaar tha bhai !!,NAG,NGEN,0
C4.952,Kammal kr Diya,NAG,NGEN,0
C4.334,Sala kutte ki trh pyaar kon krta h😂😂,NAG,NGEN,0
C4.1908.1,@Arnold ShaFernaker bol,NAG,NGEN,0
C26.247.2,498a: A wedding gift. Is movie ke talash mein hi is video par aa pahuncha :-D,NAG,NGEN,0
C23.22,"Is film me agar akshay kumar Salman khan hote to logo ki bhid padti yaha
Bollywood ke aise hi diwane hai",NAG,NGEN,0
C7.2272,Harry Potter ka review kab karenge aap,NAG,NGEN,0
C7.2409,Chup,NAG,NGEN,0
C9.1,"दी लल्लनटॉप का ऐंड्रॉयड ऐप इंस्टॉल करिए और फीडबैक दीजिए:
<https://thelallantop.app.link/zCSsHooQSU>",NAG,NGEN,0
C36.298,अलग बटालियन बना denaa,NAG,NGEN,0
C4.1037,"bhai abhi ek kabir singh ke fan ne ek ladki ka murder krdiya...kyunki us ladki
ne usse reject krdiya and us bande ko kabir singh ka dialog yaad aaya....ki jo
meri nhi ho sakti vo kisi aur ki bhi nhi ho sakti.....and baadme khud ko bhi
goli maarli usne jab police pakadne gyi......you can check this news on
lallantop news channel.",NAG,NGEN,0
C7.2203,Kabir Singh,NAG,NGEN,0
C7.2069,"Baaki sab to thik hai , bahut sunne k baad maine Arjun Reddy dekha, not Kabir
Reddy , movie n Hero is 👌👌👌. usko dekhke mujhe Shahid Kapur ko dekhne ka mann
nhi raha.. par ladki ko dekhke laga k Gaai 🐄 hai.koi dialogue he nhi.pata he
nahi Chala k wo kya chahti hai. Baad me pata Chala ..😄 .. aap bade emotional
ho Gaye, Lagta hai aapka bhi koi love story hai",NAG,NGEN,0
C4.671,**Preety ki koi best friend nhi thi isi liye wo dono last me ek ho paye**,NAG,NGEN,0
C7.538,"Me bhi saath hu.  
Tik tok banned kro sab kuch thik hojayega.",NAG,NGEN,0
C9.175,Ranga aur billa ki sarkaar hain...........!,NAG,NGEN,0
C4.2173.5,@sanjay amarnani Oh haye haye faltu Bollywood actors se itna lagaav?😂😂😂😂😂😂😂😂,NAG,NGEN,0
C7.2571.1,"true, negativity spread ho rahi hai isse.",NAG,NGEN,0
C36.632.1,Aazmi Malik sahi kaha,NAG,NGEN,0
C9.296,Rajdeep ka crush hai Arundhati... Bhala crush ko koi kaise bura bole,NAG,NGEN,0
C36.495,Bimar log,NAG,NGEN,0
C4.1190,भाई मूवी मजे के लिए देखने गए थे और बहुत मजा आया था।,NAG,NGEN,0
C4.2069.3,"Bhai.. Right.. Bola.. Abhi tak chutiya tiktok install nahi kiya aur pasand
nahi Mujhe... Sab faltugiri kar te he..",NAG,NGEN,0
C36.233,Allow hone chahiye homosexual ko military me ya kahi bhi,NAG,NGEN,0
C4.988,Kaafi der lgaa di bde bhai,NAG,NGEN,0
C21.154,Sir kya ye movie dekhni chahiye,NAG,NGEN,0
C7.1771,"Bhai kon hai ye log kon inke mindset ko taiyaar karta hai....kya milta hai
inko",NAG,NGEN,0
C7.140,"Prateek bhai agr aap mje dekh rhe h to pls mai aapka har review dekhta
hun...aap ne kabir singh pr do review kiye...bt mai chahta hun ki aap ek
sapret vidio kabir singh pr banane... Sahid ki acting k lye",NAG,NGEN,0
C9.242,Bhutt sahi bol hai,NAG,NGEN,0
C7.2515,"bhai jo side me kabir singh likhe ho us baner ko aur chhota rkho...bhai video
me dheyan aap pe nhi ho pa rha h..",NAG,NGEN,0
C19.72,Bhai kahna kya chahte ho?,NAG,NGEN,0
C43.28.1,Nah,NAG,NGEN,0
C7.2389,Superhit movie he bhai,NAG,NGEN,0
C4.1499,1 tu hi samajdaar re baba😎👌👌👌,NAG,NGEN,0
C4.44,"Pyaar karte hain wo bhi ""Kutte"" ki tarah...? 😂",NAG,NGEN,0
C7.2498,Bahut sakun Mila 😂😂😂😂😂😂😂😂,NAG,NGEN,0
C10.960,Kutay ka bacha,NAG,NGEN,0
C33.313,Are ye to kukku nikli,NAG,NGEN,0
C20.333.1,Pura Dekh Lete ....aisa bilkul Nahi hai....,NAG,NGEN,0
C20.328,Didi.. aap veere di wedding hi dekho.... 🤣😂🤣😂,NAG,NGEN,0
C4.1993,Hahaha....,NAG,NGEN,0
C7.2397,"Kitna samajhdaar baat karte ho bhai, woh bhi saral bhasa me.",NAG,NGEN,0
C20.318.4,@City of Dreams - Dubai dost mene dekh liya already or aaj firse dekhunga,NAG,NGEN,0
C4.1453,Maine toh iss movie ko dekha nahi yeh sab chutiyapa hai,NAG,NGEN,0
C29.20,"Mujh phl h pt th ..  
Jai sanatan dharam",NAG,NGEN,0
C4.593,"390 dislikes??🤣🤣 seriously?  
kaun hai ye log? kaha se aate hai?😂",NAG,NGEN,0
C7.2099,Kabir shing...ashqi 2 ka violent veirson hai,NAG,NGEN,0
C9.291.3,@ajay singh 12 baj gaya kya?,NAG,NGEN,0
C36.532,Dipak kalal Ko lelo,NAG,NGEN,0
C4.1367,"Shwetab Bhai ..ko Joo ladki suna thi hoo gi.....Bhai ma too ..usaa hee shadi
karu he😂😂",NAG,NGEN,0
C43.147.5,@kapil bisht GayHind 😀😂 😂,NAG,NGEN,0
C4.1428,Bro movie ka naam hi kabir singh h to kabir singh ki hi story hogi na ...,NAG,NGEN,0
C33.181,Mast,NAG,NGEN,0
C4.823,"Ayushman khurana  
Nawaj uddin",NAG,NGEN,0
C4.1702,"Bhai mai trailer dekh k hi samajh gya tha ki ye ek typical Bollywood chutia
cheez hai....dukh iss baat ka hai ki mere almost sare doston ko ye movie
achchi lagi🤦‍♀️",NAG,NGEN,0
C7.1725,I think tumhe liberals aur review video ko separate se Banana chahiye!,NAG,NGEN,0
C19.160,abe hakla mat bolna seekh,NAG,NGEN,0
C7.753.1,"@Pratik Borade Uri mein kahan glorify kiya?Uri mein terrorist log ki faad di
na,toh log ko patha hain ki terrorist banoge tho ye haal hoga.Satya mein sabhi
main gangster log mar jaathe hain,Company,Vaastav mein same.",NAG,NGEN,0
C4.62,"Khatam Baat ,,, Pyar ho gaya...😂😂😂",NAG,NGEN,0
C32.129.3,@Rajender ji12ewcgsdffeewandal 7499281499,NAG,NGEN,0
C7.1799,"1 no.bhai 👌👌👌👌👌👌👌  
Dil ko choo liya aapke explanation ne Hat's off",NAG,NGEN,0
C4.2257,"Are vai vai vai... 'Kaam kar raheho ki nehi kar raheho' is the best motivation
❤️",NAG,NGEN,0
C7.2133.2,Swara bhaskar,NAG,NGEN,0
C7.378,Bhai ekdum sahi bol raha Hai tu,NAG,NGEN,0
C4.2232,"भाई के लिए एक लाईक प्लीज👍,,आप हजारों लोगों की जिंदगी बर्बाद होने से बचा रहे
हैं,,",NAG,NGEN,0
C7.2346,"Bhai.. Gujarati web series METRO PARK Par apna review dijiye...... Ranveer
shauri ki yah series hai..",NAG,NGEN,0
C7.2504.1,@Shivam Sharma lakshy chaudhary search karo,NAG,NGEN,0
C4.1818,Bhai please joker pe apna opinion do!,NAG,NGEN,0
C4.238,Bollywood = chutiyapaa,NAG,NGEN,0
C21.142,10/10 ....!!!! Aare waaa.... !!!,NAG,NGEN,0
C26.23,"Perfect, sahi kiya",NAG,NGEN,0
C36.749,Allow karo sab ka sath Army ka vekas.,NAG,NGEN,0
C4.1892,Bhai aap great ho...😊😊,NAG,NGEN,0
C26.231,waah bilkul sahi kiya salute to you hero,NAG,NGEN,0
C4.949,"Ye banda hai kon...kahi kisi platform pr koi intro hai kya iski....iske bare
me jan na chahta hu mai.... bhot hi tagdi baat krta hai....",NAG,NGEN,0
C21.230,Great review sir ji jai hind,NAG,NGEN,0
C4.1591,Bhaag jaao bhaggg jaao 😂😂😂,NAG,NGEN,0
C4.1259,"Bhai shwetabh aapne yeh bhi batana tha chutiya bollywood ne fir remake kiya.
Arjun Reddy original movie.",NAG,NGEN,0
C36.460,"Kisi person ka kaam matter karta hai and fitness deshbhakti ,To off course gay
ya homosexual logo ko chance milna chahye,",NAG,NGEN,0
C7.911.3,Sanket bhai ka video dekh lo ahayad aap ko knowledge aa jaye thodi jyada hi.,NAG,NGEN,0
C7.2161,Salman Khan ka feku fan Bollywood industry to age bedhne nahi de rahe hain,NAG,NGEN,0
C7.1121,"मेने भी फ़िल्म देखी और मूझे तो बहुत पसंद आई, बस अंत मे थोड़ा सा गलत लगा बो इसलिए
लगा कि फ़िल्म में तो लड़की सब छोड़ कर अपनी शादी तोड़ कर आ जाती है मगर असल जीवन मे
ऐसा कहा होता है।हा उसके पीछे लड़के अपने जीवन बर्बाद कर लेते है इसका एक जीते
जागते कई उदाहरण मेरा आस पास ही है । फ़िल्म का संदेश ये होना चाहिए था कि अपनी
गलतियों को सुधार कर आगे बढ़ना सीखो। मगर ये फ़िल्म देख कर मेरे दो मित्र जो इसी
स्थिति में पिछले 6 साल से अपना जीवन बर्बाद करे बैठे है उनको भी आशा हो गई कि
शायद फ़िल्म सीन उनके साथ भी हो जाएगा😂",NAG,NGEN,0
C7.1792,Sir apki t-shirt bht achi hai🤣🤣,NAG,NGEN,0
C19.187,Ham ja ke dekh ke bateyengen apka review shi hai ki nhi,NAG,NGEN,0
C36.783,Islamic country me mar hi dete hai😂😂😂😂😂,NAG,NGEN,0
C36.606,""" बस यही अपराध मैं हर बार करता हूँ ,  
 **आदमी हु आदमी से प्यार करता हूँ** ""😂😂",NAG,NGEN,0
C7.1005,Sahi bole Bhai.,NAG,NGEN,0
C4.1094,"Yes pyar see math dikhkoo  
Bohut abhari hogi apki",NAG,NGEN,0
C4.69,"Vai pura dil ki bat bataya vai.... Thank you🙏💕  
... Tum thora dhire bolo",NAG,NGEN,0
C10.1001,BJP ne kaachi goliyan nahi khayi hai,NAG,NGEN,0
C7.34,Aapki baat samjh me aati par yar musalmano se kuch zeyda hi problem hai aapko,NAG,NGEN,0
C9.306,"Mujhe lagta nahi Dwivedi aur Sardesai ne 'Civil disobedience' naam ki cheez
kabhi suni hogi",NAG,NGEN,0
C7.2174,"करारा जवाब,शानदार.....,कबीर सिंह मूवी पर मैंने भी एक वीडियो डाला है,समय निकाल
कर आप देखियेगा जरूर,और कोई सजेशन दे सकें तो दीजियेगा प्लीज, मेरे लिए बहुत
valuable रहेगा।।",NAG,NGEN,0
C4.2056,"Aise bhai ko support karo jo reality bolta hai, ye insaan sahi rasta dikhata
hai",NAG,NGEN,0
C21.282,Puraana Setup hi accha tha sir........plzzzz whi pe vdo bnaiye....🙏🙏,NAG,NGEN,0
C4.906,"Bro joker movie ko leke recently Bohot controversy horaha he iska review karo
plz",NAG,NGEN,0
C4.2141.1,@RAHUL SHARMA theek kha bhaiya apne .,NAG,NGEN,0
C4.1991,Sahid khan lol gangs of wasseypur dekh ke aya hoga hamare bhaisaabh ne🤣🤣🤣,NAG,NGEN,0
C36.791,न्यूज़ चाहे कोई भी हो यदि नियम सख्त रहे तो व्यव्हार वैसा ही बन जाता है,NAG,NGEN,0
C7.1913.3,"@Debraj Nandan tujhe pyar hota na tab pata chalta mera love 5 yr se bhi jyada
hai aur sun 12th main jab wo ayi thi na school main aur ham dono jab ek dusre
ko dekhe aur ussi waqt dono kiss kardiye the wo bhi lip to lip aur school hame
suspend kardiya samjha.",NAG,NGEN,0
C19.88,Or Bharwe Kitne mile,NAG,NGEN,0
C7.487,धो डाला आपने भाई।,NAG,NGEN,0
C21.182,"Modiji jis tarah apne youth me dikhte honge...aap iss kurte me waise hi lag
rahe ho👌👌  
Superbbb",NAG,NGEN,0
C7.1387,Tathakathith 🤣🤣,NAG,NGEN,0
C10.1023,Arnab ne to braber le liya,NAG,NGEN,0
C4.616,Esi movie banai hi kyu hai,NAG,NGEN,0
C7.230,Sabash paritk bhai,NAG,NGEN,0
C7.924,Aaj dekh k aaya. Abhi tk dimaag se nhi nikl rha hai.,NAG,NGEN,0
C29.30,Jay shri ram,NAG,NGEN,0
C7.2077,Hadh se Jada daruu pine ko.... Galat dikhaya geya hai.... Daru pine ko nehi,NAG,NGEN,0
C7.48,"Asi hi fact sanju me dhikhya tha to apko laga tha ki uski image achi krne k
liye movie banai h",NAG,NGEN,0
C23.9,Bhai sye raa narashimha reddy trailer ka review Karo bhai,NAG,NGEN,0
C7.2421,Mene kal hi dekha Kabir singh and I loved it.,NAG,NGEN,0
C7.244,Jay shri RAM dada,NAG,NGEN,0
C36.471,Sahi kha h army chief ne. Phle society ka reaction dekhna h,NAG,NGEN,0
C4.577,Same review tha Mera v movie dekhne k bad,NAG,NGEN,0
C7.2292,"Hanuman gatha sune , hanuman ki katha sunate hain , apko sare jawab mil jaenge
hanuman ji se relates , or mnn bhi khush ho jaega bohot",NAG,NGEN,0
C21.306,Bhai Instagram account kab Chalu kar rahe ho,NAG,NGEN,0
C10.386,Bhutni,NAG,NGEN,0
C7.2468,"Kyun naam kwaste iss channel ko movie rvw ka naam de rakhhe ho last 10 video
uthake dkho toh unmein se 6-7 hi political hai...",NAG,NGEN,0
C36.802,"I think sir hone cahiye.. Agar hum allow nahi karte to.. To unke
constitutional rights violate honge. Article 15,16,19",NAG,NGEN,0
C4.658.2,@Saurav Dwivedi sakthi launde sakhti,NAG,NGEN,0
C21.81,Hamare city me yeh movie nhi lagi hai....,NAG,NGEN,0
C7.805,Bhai 🤐 salute aapko.jay shree ram,NAG,NGEN,0
C32.159.1,@Pravin Nimje bavnagar,NAG,NGEN,0
C33.224,sab ko apni zindagi jeene ka hak hai,NAG,NGEN,0
C33.288,mast banai he,NAG,NGEN,0
C36.482,"Sir Aapka Awaz jabarjast hai Mujhe aapke jaise teacher bore kabhi nahi karte.
Thanks for your contribution.....",NAG,NGEN,0
C4.581,ZEDA jaldi ni agyaa,NAG,NGEN,0
C7.1493.2,AP bohat achy ho,NAG,NGEN,0
C7.1953,"best review aapke review kal se wait kr rha tha best review  
n reality btate h to liberals kha hajam hoti h  
mene apni life four more shot yaa veere di wedding jaisi girls to ni dekhi",NAG,NGEN,0
C7.1113,Aap bahut badi video banate ho 5 min ka banao,NAG,NGEN,0
C36.638,Sir unkeliye kuch au restrictions ke sat yo join Kar saktehe,NAG,NGEN,0
C21.245,"Bhai Akshay Kumar ko Canadian kahte hai ,go back to Canada kahte ,ISS par koi
aapki Ray do",NAG,NGEN,0
C9.277,Log ranga billa h kya,NAG,NGEN,0
C7.2467.2,Watch quick review pehle hi upload kra h unhone,NAG,NGEN,0
C7.285,"Liberals View Ke Facts Sunkar ITNA MZA AAYA ki Kapil Sharma Ke show ki zarurat
nhi",NAG,NGEN,0
C4.410,Bhaut jaldi laye aap,NAG,NGEN,0
C4.508,Tiger kam Bandar jyada banata hai.,NAG,NGEN,0
C7.1475,"चिर फाड् दिया आप ने इन लिब्राndu ओ की  
भाई जी मान गया ।।।।।जय हिंद",NAG,NGEN,0
C7.1726,Sahi hai bhai sahi hai,NAG,NGEN,0
C21.175,Aapka to sthan hi badal gaya guru g,NAG,NGEN,0
C32.70,Aisi video dalkr aap badnamm kar rahe hain un logo ko,NAG,NGEN,0
C7.1714,O feminist dushmani karogi?😋,NAG,NGEN,0
C4.986,"[14:44](https://www.youtube.com/watch?v=N_ZMfQMZos0&t=14m44s) roz me apne
friend ko ye baat bolta hu  
Bahot relatable line lagi",NAG,NGEN,0
C59.63,jio Boss,NAG,NGEN,0
C4.2187,Bhai iska liya bhoutttttt wait kiya,NAG,NGEN,0
C7.28.2,"Theory Chhodiye aur practically sochiye... Duniya me kya ho Raha hai vo
dekhiye...  
Sachchai kadvi Hoti hai !",NAG,NGEN,0
C7.985,"Aur yeh v dekho. Taki tum samajh sako k actual problem kya hai movie mein.  
<https://youtu.be/C-lRyevxevA>",NAG,NGEN,0
C33.22,",377 Kia h",NAG,NGEN,0
C26.306,"Surrender kar diya aur bola hOAG, ab to jail jana banta hai, pehle aap ne aise
hi bhej diya",NAG,NGEN,0
C7.1323,Bhai spoiler warning to DE dete 😡,NAG,NGEN,0
C4.200.1,Maine controversy k chalte dekh li bohot hi bakwas movie hai mat dekho sis,NAG,NGEN,0
C36.1149,"तू करता है वही जो तू चाहता है  
पर होता है वही जो मै चाहता हूँ  
अब तू कर वही जो मै चाहता हूँ  
फिर होगा वही जो तू चाहता है-भगवान श्री कृष्ण  
👌👌👌",NAG,NGEN,0
C10.47,इन लोगो को हम हिन्दुओ से इतनी नफरत क्यो है,NAG,NGEN,0
C9.325,"Facts No457  
धरती के गुरूत्वाकर्षण के कारण पर्वतों का 15,000 मीटर से ऊँचा होना संभव नही",NAG,NGEN,0
C20.323,Kya bol rahi hai yeh ladki?,NAG,NGEN,0
C9.243,"jis tarah dabe mann se ye arundhuti roy ko defend kar raha hai to lagta hai
amit Malviya sahi tha",NAG,NGEN,0
C32.112.3,@Ranjit Rana aap dijiye,NAG,NGEN,0
C4.1417,Bhai dil ki baat ki tune 1 no. Ki chutiya movie thi,NAG,NGEN,0
C59.730,Bahat acha bhaiya,NAG,NGEN,0
C7.1655,Bhai ek t-shirt mere Ko bhi gift kar do.,NAG,NGEN,0
C59.9,Kala Aadmi Jo Hota Hai,NAG,NGEN,0
C36.944,Thik kaha hai army Chief ne,NAG,NGEN,0
C4.246,Ghatiya movie,NAG,NGEN,0
C7.1077,Bhaiyaa ji bahut sahe kaha apnee.....,NAG,NGEN,0
C7.525,Tabrez ansari k bare m kuch bolyee,NAG,NGEN,0
C4.332,Usse to puchha hi n or bol diya meri bndi h😂😂,NAG,NGEN,0
C7.818,O stree...🤣😂😋😂😃,NAG,NGEN,0
C32.149.4,@Kathavarayan Pandi me gay hu mujhe gay patnar cahiy,NAG,NGEN,0
C33.275,Kuch jyda hi axhi lgi,NAG,NGEN,0
C4.509,"SHAHRUKH KHAN.....King Khan sbse bada reason for ""love"" Bolly movies!! 😒😒",NAG,NGEN,0
C7.1597,Sir Ap Video Thode Short Banaoo.. baki apki Popularity kaam ho Jayegi,NAG,NGEN,0
C7.2599,Bhai... Apka review ka wait kar raha tha..love u,NAG,NGEN,0
C32.86.4,AP KRLENA,NAG,NGEN,0
C4.2244,Bahut bdiya bhai,NAG,NGEN,0
C4.241,Duniya me kisi ki chat na na pade ...Best line👌,NAG,NGEN,0
C21.71,"ये फ़िल्म माइंड के साथ ,,खेलती है ,,,कब सुरु हुई ,कब खत्म हुई पता ही नही चला
,,,,🙄🙄 और ऐसी ही फ़िल्म बेस्ट होती है,,,",NAG,NGEN,0
C38.92.1,Or vo Gray shirt vala admi b🙄,NAG,NGEN,0
C4.400,"[8:10](https://www.youtube.com/watch?v=N_ZMfQMZos0&t=8m10s) khatm bhai pyaar
hogyaaa😂",NAG,NGEN,0
C25.540.2,No ....dipika bhardwaj jasi v achi understanding larki hoti hai,NAG,NGEN,0
C4.1700,"13.31...truestt👌🤪  
Medical life itni mazedar nahi hoti jesi movies mai dikhate hai. Bahut jyada
struggles hote hai kisi ke kuch banne ke peeche.",NAG,NGEN,0
C7.1522,Bohot sahi bola brother,NAG,NGEN,0
C36.993.2,Sahi baat,NAG,NGEN,0
C36.836,Ye Pakistani army nahi hai.......😀😁😂🤣😍😎😋,NAG,NGEN,0
C38.763.3,shobhit kumar abe bhai kyu rakhe private koi galti kr rhe hai kya ?,NAG,NGEN,0
C7.302,Aisa lag raha hai paise le kar bol raha hai.,NAG,NGEN,0
C25.548,jaha v crime hOAG to sabut v milege,NAG,NGEN,0
C32.124.1,@mr gojiya ha ji,NAG,NGEN,0
C4.1180,Films hume jobhi dikhate hai wohh real life karna impossible hai...,NAG,NGEN,0
C38.681,Homosexuality ke liye school me kya fight krna padega be ? lol,NAG,NGEN,0
C4.1382,"Gangs of Wasseypur pe review do,wo real h😅😅😅",NAG,NGEN,0
C32.144,kya bat super,NAG,NGEN,0
C25.451,Maza aa gya,NAG,NGEN,0
C21.218,"Ek Marathi film ayi thi ""court"". Wo kaafi realistic court room drama thi.",NAG,NGEN,0
C4.1028,Movie theek hi hei.....peisha aa rha hei ...log dekh rhe hei ....,NAG,NGEN,0
C36.625,gand marwane wale desh ki kia hafazat karte ??,NAG,NGEN,0
C7.1999.2,Sir please boliye ki main 96 tamil. Movie kaha pe dekh sakta hu.....,NAG,NGEN,0
C43.64,Gay hind!,NAG,NGEN,0
C7.286,"Liberal Kon h sbke naam btao,😁😁😁",NAG,NGEN,0
C4.595,Bhai tera pov kya hai News channel ke debate pr,NAG,NGEN,0
C33.139,last ki speech bahut mast thi yrr aapki,NAG,NGEN,0
C9.90,Ranga aur Billa bahut shi udaharan diya...DhanywaD,NAG,NGEN,0
C25.490,neha gupta ka pati toh hOAG nai,NAG,NGEN,0
C36.774.4,Right jise tum,NAG,NGEN,0
C7.733,"Bhut achha interview 👌  
Hr ek bat shi bola apne",NAG,NGEN,0
C20.159.1,@Gauri Nawathe itni zaldi maan gayi 😁,NAG,NGEN,0
C4.780,"Rx 100 dkhle bhai  
Mza ajayga",NAG,NGEN,0
C26.145,Agar case hua toh carrear barbaad toh 3-4 murder bhi kardo .. vry well done,NAG,NGEN,0
C7.2215,Kal rahul gandi ka tweet k upar apka reaction kya hain,NAG,NGEN,0
C9.1.3,अरुंधति राय और राजदीप सरदेसाई एक ही गैंग के सदस्य हैं,NAG,NGEN,0
C7.1744.1,Video pura dekhiye sab jawab mil jayenge !,NAG,NGEN,0
C7.2159,O stree seting kregi????? 😂😂😂😂,NAG,NGEN,0
C7.511,"आतंकवाद को रोकने के निम्न प्रयोग आजमाए जा सकते हैं, मैंने विचार किया है आपकी
राय क्या है कमेन्ट करें...  
  
1-सभी मदरसो में 50%टीचर अन्य धर्मो के रखे जाये।  
  
2-देश के सभी प्रमुख मौलानाओ के तकरीरों की CD सुरक्षा एजेंसियों को सौपी जाये।  
  
3-मदरसो को मिलने वाले फंड की आडिट छमाही हो।  
  
4-भारत और पाकिस्तान के बीच सम्बन्ध समाप्त होने चाहिए।  
  
5-कश्मीर और देश के अन्य हिस्सों में सोशल मीडिया पर नजर रखी जाये।  
  
6-जम्मू और लद्दाख को कश्मीर से अलग राज्य बनाये जाये।  
  
7- 2 बच्चों से अधिक जनसंख्या पर रोक लगायी जाये।  
  
8-अल्पसंख्यक की परिभाषा क्षेत्रीय आधार पर तय हो।  
  
9-जिस जिले में हिन्दू कम हो वहा उन्हें अल्पसंख्यक माना जाये।  
  
10-धार्मिक कट्टरता फ़ैलाने वाले साहित्यों पर रोक लगे।  
  
11-मस्जिदों में जुमे की नमाज के बाद होने वाली तकरीरों की CD बनवायी जाये।और
जाँच हो।  
  
12-आतंकवाद से प्रभावित व्यक्ति को सहायता आतंकी की संपत्ति बेचकर दी जाये।  
  
13-आतंकवादी के घर वालो पर भी जवाबदेही तय हो। क्योकि उन्हें अपने बच्चे की हर
गतिविधि की जानकारी होती है।  
  
14-आतंकवादियो के घर जाने वाले नेताओ को आजीवन जेल हो।  
  
15-आतंक और देशविरोधी गतिविधियों का समर्थन करने वाले दलों जैसे-AIMIM(ओवैसी),
मुस्लिम लीग, कांग्रेस, सपा, आदि दलो की सदस्यता समाप्त होनी चाहिए।  
  
16-देश के प्रमुख संस्थानों,होटलो,स्टेसनो पर कर्मचारियों को शस्त्र प्रशिक्षण
देकर उन्हें हथियारों से लैस किया जाये।  
  
17-देश के प्रमुख रक्षा और गंभीर हथियारों के भंडार में सिर्फ हिन्दुओ को तैनात
किया जाये।  
  
18-सेनाओ में मुस्लिमो की नियुक्ति पर रोक लगे।  
  
19-देश को इजराइल की तरह अपनी नीति बनानी चाहिए। आतंकी कैंपो पर हवाई हमला हो।  
  
20-धरा 370 समाप्त कर वहा हिन्दुओ को बसाना चाहिए।  
  
21-हिन्दुओ के धर्म परिवर्तन पर रोक लगे।  
  
22-जेहादी साहित्यों और तकरीरों पर पूर्ण प्रतिबन्ध लगे  
  
23-पाक और बांग्लादेशी सीमा को पूर्णतः सील किया जाये।  
  
24-मीडिया की जवाबदेही तय हो कि ये देशभक्ति के समाचार भी दिखाए।  
  
25-पीस टीवी और NDTV जैसे चैनलो पर रोक लगे।  
  
26-देश भर के घरो पर तिरंगा फहराना अनिवार्य हो।  
  
27-जो न फहराये उसकी नागरिकता समाप्त हो।  
  
28-सेना के जवानो को कश्मीर में अनिवार्य रूप से बसाया जाये।  
  
29-कनैहिया और उमर खालिद जैसे विद्यार्थियो की शिक्षा पर रोक लगे।  
  
30-आतंकियों के शवो को जला दिया जाये। उनके घर वालो को न सौपा जाये।  
  
इस तरह से देश को अराजकता से बचाया जा सकता है।  
  
मित्रो आप भी अपनी राय दे...सुझाव दे..... और इसे दोस्तों में शेयर करे।",NAG,NGEN,0
C7.536,Aaj kr ke aaya hai 😂😂😂,NAG,NGEN,0
C7.2194,"Movie Dekh Lene k Baad Bhi Pratik Sir Ka Review Dekh Raha hu that's The Class
of Pratik Sir.",NAG,NGEN,0
C7.2109,जबरदस्त मूवी हे और ये लिबरल वालों की #@#%¢€×?,NAG,NGEN,0
C7.1644,"Youth ko marg darshan aur Roshni dikhate hue Pratik bhai... ♥  
Apka review film dekhne ke baad bhi mza aata h.",NAG,NGEN,0
C23.41.2,"@Ajay Patel bhai toh woh sirf pointed topic pe baat karta h  
Kabhi bola ki moblyinching, economy crisis, democracy breaking ke baare me
baised rehta h har time",NAG,NGEN,0
C7.840,12 min tak hi dekhe uske baad spoiler hai,NAG,NGEN,0
C19.178,"भारतीय फिल्मों की तो बात ही कुछ अलग है यार मजा आ जाता है सबसे सही आशिकी 2 लगी
मुझे अभी तक की फिल्म मजा आ गया है इसको लाइक करें",NAG,NGEN,0
C4.1093,Article 15 ka review karo bhaiii,NAG,NGEN,0
C32.100,Me gay hu mujhe gay patnar cahiy,NAG,NGEN,0
C33.141,Insane...,NAG,NGEN,0
C4.2163.2,"Tumlog trailer dekhte ho mujhe to naam sun ke pata chalta hain chutiya hogi
movie",NAG,NGEN,0
C29.13.1,Devideen bhai tuich ek hai. Bhai ek no.,NAG,NGEN,0
C36.792,Ye desh sabhi ka hai aur sabhi ko eski care krni chahiye as a human 🤗🤗🤗,NAG,NGEN,0
C9.1.1,Aap dono k dekhne aur sunney ka alag hi maja hai👏👏,NAG,NGEN,0
C9.121,Saurabh Ranga - Rajdeep Billa,NAG,NGEN,0
C7.989,"Bhai tu movie ka review karta hai kya pravachana bolta hai , bahut slow start
karta hai tu..",NAG,NGEN,0
C19.1.4,Bhai aap comment padhte ho,NAG,NGEN,0
C4.562,"bhai mene Kabir Singh 4 baar dekhi or ab ye video dekh kr lg rha hai pta nhi
ku dekhi😑",NAG,NGEN,0
C26.154,"Haaahhaa......shi kiaa....eit se eit bjaa diyaa....ab ptaa chalega
jab.....apno ko chot pahuchta hai to kaisa lgtaa haiii",NAG,NGEN,0
C7.250,Ye stri wala t-shirt kyun pehna hai eoh toh batao,NAG,NGEN,0
C9.160,Ranga billa 🤣🤣🤣🤣,NAG,NGEN,0
C21.190,"Pink movie is best movie . Aur rahi baat apki , to zaroori nhi ki jaisa aap
soch rahe ho waisa hi hota hai . Kuchh bhi ho sakta hai .",NAG,NGEN,0
C4.1760,"Awesome review sir ❤️ ham to bollywood ki movie hi dekhna chorr diye hai 3
saal se",NAG,NGEN,0
C7.811,Ek ladki ko thappar marna justify kr rhe ho India mein??? Wahh,NAG,NGEN,0
C9.107,Sorabh bhaiya ye nahi bolne denge apko.. 😂😂,NAG,NGEN,0
C19.154.2,"Ajay mehar भाई joke नहीं हैं but भाई आपने भी सही बोला यें सब फ़िल्मों में आसान
लगता हैं 👌👍",NAG,NGEN,0
C36.1029,nahin mere according to unhe defence me nahin lena chahiye,NAG,NGEN,0
C4.1399,Kitni high level ki nakli movie h bhai,NAG,NGEN,0
C21.210,"Pratik ji.. Aap aise review videos banaya karo jisme na koi politics ki
baatein ho ya religion ki.. Jaisa ye review banaya hai aapne 🙏🙏👌👌",NAG,NGEN,0
C7.75,"ek baat se agree nahi karta me
aapki[13:15](https://www.youtube.com/watch?v=J2J5ssSP5yQ&t=13m15s) se ki wo
kisi aur ladki se time pass nahi karta wo heroine ke sath kya karta hai wo aur
wo jab use ilu kehti hai to kabir sing use bhaga deta hai aur ladta hai  
  
  
fir bhi baak baate bilkul sahi batayee hai bhai aapne",NAG,NGEN,0
C4.1972,Boht sahi bhai!❤️👌,NAG,NGEN,0
C4.2245,Jai ho,NAG,NGEN,0
C59.564,jio guru,NAG,NGEN,0
C7.2443,Inn saari chizo ke satj LGBT ka connection hai.,NAG,NGEN,0
C7.1525,Bhai please kaafir . ka review kijyie.,NAG,NGEN,0
C7.1847,"Story... dialogue...dress ..bike... hairstyle...yaha Tak beard Bhi 100% Xerox
hai .... Arjun Reddy ka blockbuster dekhke ch****on ne Hindi mein isliye dub
hone nahi Diya Taki uska ek Xerox nikal sake..  
  
..unhe pata Sayed pata nahi...ki adhar card achha dikhta hai uska Xerox
nahi...",NAG,NGEN,0
C9.29,Ye bol bhi kya sakta hai... We supposed BJP 🇮🇳🇮🇳❤️❤️🇮🇳,NAG,NGEN,0
C25.1,376 aur 498 ka pura2 miss use ho rha hai govt ko dhyan dena chahiye,NAG,NGEN,0
C59.1257,Dimak uska gana sunke,NAG,NGEN,0
C47.83,Sapna takat ke price,NAG,NGEN,0
C4.1826,Sahi hai bhai,NAG,NGEN,0
C59.86,Jio Ranu Mandal,NAG,NGEN,0
C4.1802,मै तो ट्रेलर देख के ही इस चुटियापे को समझ गया था 😂😂🤣,NAG,NGEN,0
C4.1710.2,@Jag Ghoomeya noida,NAG,NGEN,0
C36.790,Allow krna chahie,NAG,NGEN,0
C62.92,Tu borpeta me kia bolke gaya tha surel,NAG,NGEN,0
C26.339,bahut achha in paise ke lalchi logon ke saath jahi hona thha.,NAG,NGEN,0
C36.1149.3,bhai proof do slog no and chapter no batao hmko padhna h 🙂,NAG,NGEN,0
C7.1179,Bhai gajab review diya thanks,NAG,NGEN,0
C7.1684,Start ka 4 minutes Movie se Related hi nahi hai,NAG,NGEN,0
C4.2061,100 % agree bhai buhat chutiyaa movie thi,NAG,NGEN,0
C7.700,"Koi ladka koi ladki ke lia .....life kharb kre ye ........sheekha ha aapne
movie se nice 🤣🤣🤣 ja kr .......shadi me jaroorr aana dekho ..",NAG,NGEN,0
C7.83,but koi iss tarikese apne life ko barbad nahi karenga...,NAG,NGEN,0
C7.84,"main nahi janta isko e film pasand aya kaise...mein nahi janta...ise berserk
dekhna chahiye...tap ise pata chalega ke story hota kaisa hain...",NAG,NGEN,0
C26.294.1,Y NEWS SUN K MAZAAA AA GYEAAAAAA BHAI,NAG,NGEN,0
C7.2011.1,Ishank Trivedi mast lagegi 👌🏻👌🏻,NAG,NGEN,0
C7.2435.2,"Sadhvi Pragya ji to Bharat ki Shaan hai... NIA ne purn rup se unhe nirdosh
Bari Kiya hai... Supreme court ne bhi mcoca ke charges hata diye hai ...",NAG,NGEN,0
C7.1056,"Ye feminist wale video ka link koi dedo yr dekhna hai kon hai jo galat review
de raha hai",NAG,NGEN,0
C4.1276,Bhai ne puri movie ki story bata di 😂,NAG,NGEN,0
C4.1370,Chashma utaar k videos banao,NAG,NGEN,0
C7.2312,"mene aapka quick review dekhne ke bad movie dekh li or me aapse 100% agree
karta hu har ek baat se",NAG,NGEN,0
C7.2219,Kasam se bahut hi Sukoon Mila video dekh kar...true words 👌👌👌👏👏👏👏👏,NAG,NGEN,0
C36.980,"Sir mera opinion h ki agr wo army m aana chaahte hn toh aa skte hn...  
Or jbb baaki log desh sewa kr rhe hn toh inhe bhi haq h apne desh ki sewa krne
ka...  
Or sir ye bhi toh insan hn inhe bhi pura haq h khul kar jeene ka or apna
manchaaha kaam krne ka...  
Jaisa ki normal logo ko haq h apni mrzi ke hisab se kaam krne ka...",NAG,NGEN,0
C38.455,Asexual h.. bisexual... homosexual... bhai asexual kya hota hai....😂😂😂😂,NAG,NGEN,0
C4.203,Video pura dekne ke pahile hi mai bhai ke videos like krta hoo,NAG,NGEN,0
C45.709,konsa place hai bhai ...nam bolo,NAG,NGEN,0
C4.420.1,Kuch zada hi likh diya 🙄,NAG,NGEN,0
C7.1913.5,"scary tube par kya woh karna sahi tha? Pucha kya usne kiss karne pe dikkat toh
nahi h? Agar tumhare logic se chaley toh pehle kand kardo...fir dekha
jayega....’CONSENT’ samjho",NAG,NGEN,0
C36.572,"homosexuals ko Dimagh k elaaj ki jaroorat ha  
saale psycho , pragriti k khilaaf jae ge to dunya barbaad ho jae gi",OAG,GEN,1
C4.190,Bhaaaaaisaaaab gand maaaar ri🔥🔥🔥🤣🤣,OAG,GEN,1
C4.1290,"Kisi ne maanga tha kya bhai?  
Arre maa chudaye kabir singh. Mensutra gang ye sab movies nahi dekhte.",OAG,GEN,1
C9.256,Sarkar mei vishwaas ho ya ni itna pata pad gaya gi yeh lekhak chutiya hai...,OAG,GEN,1
C36.428,"Ladki bhi to gand marwati hai.... Usko apni maa kyu bolte Ho...... Aur
homosexual bhi usi maa ke bacche hai",OAG,GEN,1
C4.180,"Puri movie main sab bakchodi Karli bus padai nahin Kari. Upar see ye MC topper
Hain....  
Upar see Bhai sahab Alcohol pee ke ye 400+ surgery karta hai.",OAG,GEN,1
C9.78,Arundhati Roy kal bolegi main mdrxod hu jo kaha aayi,OAG,GEN,1
C7.1239,"Bollywood movie mein item song mein ladkiyon ko maal bolte he uss tym kuch nai
hota. Hate story 1 mein ladki ka dialogue tha ki mein iss seher ki sabse badi
r**di banna chahti hun uss waqt b koi bc feminists ko dikkat nai thi or yahan
pe unn mc logo ki gaand phatt rhi h",OAG,GEN,1
C10.816,ranga billa kon is randi ke gaand marne wale honge .,OAG,GEN,1
C38.212,Kisi Ka larka gay ho toh kotha mai bhej do,OAG,GEN,1
C4.1452,"Bhai ne bilkul Man ki baat ki..  
Saala tharak shahid..  
Movie mein yeh dikhaye h ki  
Agar aap doctor, topper Ho toh  
Kisi ki bhi beti ko chhod sakte ho.. Hawas nikal sakte ho",OAG,GEN,1
C7.905,"Pratik ji, aap bhi apne wife ya fir behan ka naam ek kutte ko rakhana, fir Ye
video apne ghar walo ko batna. Fir ek video banana their reactions.",OAG,GEN,1
C4.1950,"Bhai itne dino ki aag aaj shant hui sale womanizer ghr me ghus ke sez scene
jabrdasti karna sala ye dikhaya movie sale society ki ma bhn kr ri
movie.....sale log fan hai abhi koi inki bhn se sex kre vo bhi inke ghr me
...to in chutiya kabir singh ke fans ki gaan mr jayegi aale hijre kajin
ke...........stud ke name pe sale aurton ki ma bahn karna sikhate hai
bollywood movie me ........nich kahin ke suwar aur is movie ke fan mere lund
pe inki bahno ko bhi aise hi kabir jaisa koi le raha hoga",OAG,GEN,1
C33.265,Ye kya tha bc😂,OAG,GEN,1
C10.65,Kungfu kutia Chdail Arundhati,OAG,GEN,1
C7.53,Madarchod feminist's 🤔,OAG,GEN,1
C7.2022,Tu apne ap ki kaise mard keh sakta hai yaar,OAG,GEN,1
C7.2236.1,Tera desh bsdk tera apna ghar b hain?🤣🤣,OAG,GEN,1
C10.1385.1,lagta hai yeh piddi ki chatne wali hai,OAG,GEN,1
C9.56,Is rajdeep ki jaal gayi hai sale ki sachi samne ay gayi hai,OAG,GEN,1
C61.722,Teri ma ki chut saale. Paagal hai tu.,OAG,GEN,1
C4.1965.1,Kabir Singh Madarchod Movie hai,OAG,GEN,1
C33.215,"abbay shrishty kaise chalegi. mujhey yeh pap nahi lagta magar aabadi kaise
baddagi. mother nature aur single ladle ladkiya sup CRT KO kabhi maff nahi
karenge. judge KO baddua lagge GI sale k ghar main har ladka gay ho jay aur
hard ladki lesbion. pura khandan dinosor k tatah vilupt ho jayega.",OAG,GEN,1
C7.1810,"Student of the year jasy randi baaji film ki vajah s bollyhood ki ma chud rahy
h.",OAG,GEN,1
C10.48,कुतिया साली,OAG,GEN,1
C10.1131,ARUNDHATI ROY KI MAA KAA BHOSADA,OAG,GEN,1
C7.29,"Ghussa uski kamzori hai  
  
  
  
  
  
  
mera lawda",OAG,GEN,1
C10.426,Arundhati raaand hai,OAG,GEN,1
C10.1135,Rand katwo ki,OAG,GEN,1
C7.598,"Film me ek talented doctor ko tharki nashedi gunda or ek sanskari ladki ki
chudai or kuchh nahi ha",OAG,GEN,1
C10.357,Ye madarchot ko goli marna chahiye. .Randi sali.,OAG,GEN,1
C36.278,"Hhhhhhhh sary hindu chutye namard bud marwaty hai. 🤣🤣🤣🤣🤣🤣  
Aur chaly aye hi Pakistan sy jang larny.  
Hhhhhh go to hell hindu namard😂😂😂😂😂😂🐖🇮🇳🖕😆😆😆😆😆😁😁😁😁",OAG,GEN,1
C43.16,bhen ky lory randians,OAG,GEN,1
C4.279,bsdk k 4-4 ad daal rha deta h betichod,OAG,GEN,1
C7.1662,Ldkiya bas chudne k kiye bni h yeh jaan lo 😅🖕,OAG,GEN,1
C4.1415,Maha madarchod hai Bollywood,OAG,GEN,1
C4.2134.2,"Lund mera sensible... Moral h vdo ka - don't take movies seriously... Just
watch for entertainment purpose.... Hollywood v majority level pei chutiyapa
hi dikhata h",OAG,GEN,1
C33.209,Bhkk teri ma ki chut,OAG,GEN,1
C4.702,"**पढ़ाई सिखाएगा दुनिया गोल है** ⚪  
 **अनुभव सिखाएगा दुनिया मादरचोद है** 🤘🏻🤘🏻❤️",OAG,GEN,1
C10.586,Ye Pakistani Maadarchod h,OAG,GEN,1
C10.110,"Yeh Randhi roy mulla ka Randhi Hai, Chopra tum lok pagal Kuta ho,yeh
kutristuri' mulla ka Randhi Hai dymak m gobar bhara Hai",OAG,GEN,1
C19.104,Abe bsdk ke pehle pudia thuk ke aa,OAG,GEN,1
C61.1746,Kamini maa ki choud,OAG,GEN,1
C10.1021,Aaj se Arundhati ka nam Kung fu kutti ho gaya h,OAG,GEN,1
C7.1949.5,"Ek gana banana chahiye  
Librandus ke gand me danda",OAG,GEN,1
C7.667,Librandu sab saale gadhar hai,OAG,GEN,1
C7.735,bro ...gyann chodne ke liye naya channel bana le...yaha bs review kar .....,OAG,GEN,1
C4.1771,"Behenchod kahan mar gaya tha . Lawde ke baal **Shwetabh** **i love you**  
Beeeheeenchoooooooooooooo",OAG,GEN,1
C10.448,Arundhati tere gaand mein goli padi hai kabhi..,OAG,GEN,1
C7.956,"Liberals aur feminist bc bas ye promote Karti hai ladki chhote lapse pehne
Raat me road pe nange ghume ya 25 ladkon k Sath sex kare sab Sahi hai re bc
budhii kya fuddi me chali gyi in bhosadbudhhi logon ki",OAG,GEN,1
C7.1382,"equality ke nam pe sirf manmani chalu hai inaki.. girl kuch kare o sahi hai or
boy wahi kare to kharab hai.. yahi enaki equality hai.",OAG,GEN,1
C36.1123.1,"Tu saale gandu yaha humse gand marwa waha tere jaise hijde jo same gender ke
sath gand marwate ho gand felane ke siwa kuch nahi karoge. Hamare fouji tum
jaiso ki gand marna bhi pasand nahi karenge.",OAG,GEN,1
C38.323.1,"viral entertainment bhenchod mujhe to pta hi nhi india me itne gandmro ki foj
he sale shi kha bro meetha",OAG,GEN,1
C4.2162,"Ye bdsk, din me teen-char baar puuchta hai,""kaam kar rehe ho ke nahin?""  
Ek baar nahin, teen char baar!",OAG,GEN,1
C4.1527.5,"@यश कुमार abe laude chutiye lagta hai kabir singh jaisa koi tujhe college mein
roj chudai karke ragging karta tha isliye tu ye filn dekh ke tera gandfaat
gaya.  
Aur rahi taste ki baat, thik hai mein porn dekhta hoon, sav dekhte hai par
tujhe sayad khada nehi hota hai😄 zindagi mein kabhu apna lullu thik se pakda
nehi abhi bhi ma ki god mein soke lori sunta hai doodh pita bachha hai
tu..isiliye kabir singh jaisa charavter dekh ke tujhe khauff aa raha haichal
haat",OAG,GEN,1
C7.1994,"Liberals ki maa ki choot pakistaan k kharche pe palte hai sonam kaporr ki bhen
ki choot",OAG,GEN,1
C20.10,Bhag Bhosdiwali,OAG,GEN,1
C10.737,"ye khud kutti hai aur thandi me sare kutte eske andar fasa ke khichte rahte
hai",OAG,GEN,1
C4.1214,Tu laura he??,OAG,GEN,1
C36.1042,Ab Kya hizado ki fauj hogi,OAG,GEN,1
C7.1094,"I respect you thoughts sir , in battmiz zahil aurto ki wajah se jinhey ye
feminism khtey h ki wajah se ladkiya khud ko hi apni nazro me geera chuki hain
aur iske baad bhi ye chze nazar nahi aati in ladkiyo ko ... theek hai aapko
freedom h kuch bhi phney ki but ye jaruri to nahi ki aap Sara time bikini me
ghumo ? Or aisa hai toh maaf kijiye aapke husband or baki k ladko me koi
difference nahi ....mana ki dressing sense aaj rape ka karan nahi hai but agar
dekha jaaye to yahi chotey kapdey kamukta paida kartey hai or jin logo ki
mansikta vikrit hoti hai wo bht jaldi aisi chze ko grab kartey hai or yahi
wajah h ki unhey chothi bachi ladkiyo me koi fark ni dikhta unhey srf apni
hawas dikhti hai .. feminism k naam par dozen boy friend bnakar khud ko hot
smjhna kha ka badkpan hai bhai ? In feminism se puchna chahti hu ki apni
betiyo ko bhi yahi sanskar dena chahti h ye hazaro bf bnao or 2 3 husband ?
Khud se Ghinn nahi aati ? Feminism k naam par dozen ladko k sath sex karna or
fir kehna ki meri body h meri feelings h mai karungi Arey bhai aisi bhi kya
feelings h ki jab tak 4 5 ladko k sath sex naa karo tab tak sukoon nahi milta
? Or ye jo ladkiya periods periods chillati rehti hai theek hai ye chupane
wali baat nahi hai par ye baat bhi utni hi sach hai ki periods k kuch dino me
ye sari chze pujniy yogy to nahi ...... bloody witch...... shame on those
feminism. ... or their thinking ..... western culture .... bloody hell",OAG,GEN,1
C7.543,"Arrre yrrr inn feminist logon ko sunta kon  
Jhaat kisi ko koi fark nhi padhta h voh kya sochti h humme toh movie ek no.
Lagi ...  
Kiski aukaad jo humara mind change kr ske saaalaa...  
[#FakeFeminism](http://www.youtube.com/results?search_query=%23FakeFeminism)",OAG,GEN,1
C7.595,"Abe cutiye o ek movie hai usse real life me mat le BC kuch kaam nahi koi bhi
topic le k video banao fuck of man",OAG,GEN,1
C7.2285,Kaha se ata ye log bc sale😡🖕,OAG,GEN,1
C10.471,"Gaddari karne k liy paida hue hai. India m money rotation k liy aate hai yah
harami",OAG,GEN,1
C38.169,"Jo log janam se homosexual hai vo naturally hai aur jo bad me hote hai vah ek
bimari ( mental bemari ) hai...It's clear",OAG,GEN,1
C7.408,maaa ki aankh feministo ki,OAG,GEN,1
C10.1301,"Mullo ka Lund le le Kar iska dharm parivartan ho Gaya....is Randi ko pakad Kar
Gau mutra pilao....shudhi Karo is Rand ki.",OAG,GEN,1
C9.109,Modi Shah ko Ranga Billa bol rahi thi prostitute,OAG,GEN,1
C7.639,Swara Fucking bhaskar or Sonam Fucking Kapoor. Khn hyn 😂😂😂😂😂,OAG,GEN,1
C4.2120,"Bc Mumbai ki 1.5cr ki population me usko wo ladki dikhti hai ek park mein
MADARCHOD",OAG,GEN,1
C38.198,"[2:15](https://www.youtube.com/watch?v=ZzsAuDkXq1M&t=2m15s) Bhai Tu jjahhan
see BHI ..gand me base tube ghusa doonga..boom boom bajega",OAG,GEN,1
C36.353.2,"@Harshit Rawat Abb bhi maine kam sutra ni padhi hai .  
Aur gar tune padhi hai to tu marva fir .",OAG,GEN,1
C7.1338,Yaar ye log jo aise baat kehte aap unhe maaf krdo kyuki ye log randi se km nhi,OAG,GEN,1
C7.421,Liberals ki gaand jali💣💣💢💥💥,OAG,GEN,1
C19.150,Aa gaya ghutkha khake sala c.....,OAG,GEN,1
C4.1247,"Mene Apne ek ristedar k liye suna ye bhosdi ka Kabir singh type ki movieme
gand marake bakchodi kar raha h",OAG,GEN,1
C38.688.1,Aayush peace abe tujhe land du kya ?,OAG,GEN,1
C4.1057,"Sala chutiye... Bina baat kaa lodu 😂  
Sala sandeep mhsweri ki tatti  
...  
Kya bol rha hu nhi lodu kyu bol rha h tu 😂",OAG,GEN,1
C26.35,"Bhut achaaaaaaaaa Dil Khush ho gyaaaa ese randi maa baap ko esea he karna
chayee",OAG,GEN,1
C4.1283,"* इकाई दहाई सैकड़ा  
कबीर सिंह के गांड में केकड़ा *",OAG,GEN,1
C7.1477.2,चल मादरचोद,OAG,GEN,1
C7.2250,"Inn gujarati ganduo k liye sab liberals aur feminist h...  
Q ki inke baap Modi ne to apni biwi chod di... bhadwa modi ka ghulam..",OAG,GEN,1
C7.646,Abe gandu tu itna chabta hai ki sar chakra gaya,OAG,GEN,1
C4.1521,Ager zaban fisal gyi bsdk to retake lele nautanki ka.....cut ker gltiya,OAG,GEN,1
C7.1024,Bhai ne film companion walo me gand Mar li,OAG,GEN,1
C4.515,Jo jo iss video ko dislike kiya hai wo choot se nikla hua chutiya hai,OAG,GEN,1
C7.867,"Liberal + gandu = librandu  
In chuti o ko me rula u nga👺👺👺",OAG,GEN,1
C7.952.1,"Abe chutiye film ko samjne ke liye tere pass dimag nahi, Kabir Singh ko anger
issues hai , vo short tempered hai , tu kya chahata hai film tere hisab se
bane gandu .",OAG,GEN,1
C43.88,"Behen ke lodo gay tumhari maa ki chut . Kanoon pass ho ya nA ho ye samaj tumko
kabhi nahi apna sakta samje madarchod logo ...tumhara naa tho value kal tha
naa aaj hain or nas kabhi hog tumhara kanoon pass karne wala bhi behen ka loda
meetha gandmara hoga aa thuuuuuuuuuk.",OAG,GEN,1
C38.116,"ye shreyaa( effin Gray se bhaga diya gaya tereko ) maadarchod randi hai .GB
road pe mujra karti hai......bolti hai toh lagta hai apne fate hue kaale
badboodaar jhaant wale bhonsdee (vegina) se awaaz nikaal rahi hai saali
...jyaada over react karegi toh nipple kaat ke shuar ko khila doonga maadar
randi saali .......ye kutiya B Tech mein toh fail ho gayi yr back aa gayi
saali randi ki wahaan laundon ka lund choosne mein hee shaara time bita deti
thhi ....ab job nhi hai toh kya kare ....fata kapda pehin ke poore dilli mein
naach rahi hai randi ke jaise aur ghar wale shuar iske kaise permit kar diye
isko apni maiyya dilli ki road pe chudwaane ke liye ....aisa ha naa kutiya sun
meri baat tum bas opinion pooncho sabka fir batti bana ke apni gaand mein daal
lena ..aur haan kabhi hamse bhi poonch lo hamaara opinion saali chakki (hijra)
jaisi sakal hai teri ....teri choot mein tatti kar ke apni gaand bina dhoye
..chala aaonga ......phir tum apni kutiya jabaan se chaat ke saaf kar dena
theek hai na .....ruko tum wahin..aate hain CP pe tumhara BUR FAADNE
......LUND MEIN GRENADE BHAR KE TERE BAHEN AUR MAA KO CHODUNGA SAALI KHOON
FENK DENGI SAB KE SAB ......FIR TUMHARA NUMBER AAYEGA ...",OAG,GEN,1
C9.104,"Arundhati Roy ek number ki chhinar hai, but ab buddi ho gai hai,",OAG,GEN,1
C7.2216,"183 dislike liberals,, bhosdiwalo idhar aate hi kyu ho,, partik paaji tusi
great ho,, love from punjab 🙏💚💚 💚😊",OAG,GEN,1
C4.923.1,"@Narendra Modi ek baat bol be jhantu is unique kya hai, bhasan Dena koi unique
nahi hota, naa hard work naa koi talent ye sab wese chutiye hote hein Jo sirf
jusroko safayi pelte hein aur tere Jese unki land chat te hein jaa ke apni
mere yahan Matt chuda🖕🖕",OAG,GEN,1
C38.557.1,han g gaand mraany ka bohat knowledge hai auto waaly paas 😂,OAG,GEN,1
C26.241,"jiyo sher.fuck the nari samman.रावण की लँका जलनी शुरु हो गयी है।अब रावण कुछ ही
दिनो का मेहमान है।",OAG,GEN,1
C20.180,Feminist behen ke ga$$d me aag lagi he😂,OAG,GEN,1
C7.565,"मेरे दोस्त अपने बोहोत अच्छी वीडियो बनाई पर हमारे देश में परेशानी ये है की लोग
सलमान ,शाहरख आमिर इत्यादि चूतियों को ही बड़ा मन ते और फालतू की बातें वही करते
हैं जो खुद प्यार से नहीं हवस से पैदा हुए हैं जिनको प्यार का मतलब ही नहीं पता
वह क्या समझेंगे और अपन क्या समझायेंगे मादरचोद हैं सब ऐसा सोचने वाले जिन्हे कला
देखना नहीं अत बस स्टार को देखते हैं अदाकारी को नहीं ... उनकी हरामज़ादी नज़रों
में सिर्फ हरामखोर बेस हुए हैं सेल भोसड़ीके .... ऐसे लोग उन लोग उन औरतों की
पैदाइश हैं जो अपने पति के अलावा दूसरों से चुद ती हैं इनलोगों को तो सही गलत का
कुछ मालूम ही नहीं है ऐसे ही लोगों की वजह से देश में घरों की औरतों की मानसिकता
ख़राब हो रही है ।।",OAG,GEN,1
C10.739,"Ye chutia kapil ratta maar ke aaya h isko apna hi raag gaana h ye bhosdi wala
kanhaiya ka kutta lagta h",OAG,GEN,1
C9.218,रंडी है,OAG,GEN,1
C4.1400,Kabir Singh ko chod dala,OAG,GEN,1
C38.45,Wo bhenchod sukha tilli jaisa... Khatam krdunga... Sala gandduuuu😠😠😠😠,OAG,GEN,1
C61.414,Marr sali kooo,OAG,GEN,1
C4.684,"Heroine father gand chat chat kay heroine mbbs mei join karwaya ye villan hai
aur iss chuthiya ney heroine ko pergnant karkey chode studies discontinue
krawadiya ye sacha lover wahhhh rey bollywood😂😂😂😂",OAG,GEN,1
C19.126,Bc movie release ke phale kase review kar raha hai,OAG,GEN,1
C7.359,Ladki ko marna hinsa krna bc konsi sanskriti hoti ha tumhari,OAG,GEN,1
C36.530,Chief khud bhi chakke Hain,OAG,GEN,1
C10.33,"na jane kitne pagal kutto ka lund chut may leke na jane arundhuti kutti ki ma
ne is rand ko paida kiya tha?",OAG,GEN,1
C7.1672.1,@L Lawliet Abe chutiye tuje kuch Kya Mai lavde gand maarva,OAG,GEN,1
C7.1202,Enki librals ki ma chod denge bhai,OAG,GEN,1
C36.1027.1,"Bhai army mein Yudh ladne jate hai, marwane nahi  
Army mein Yodha jane chaiye na ki Hijade",OAG,GEN,1
C23.49,Fake feminism ne desh ki gaand mar rkhi hain,OAG,GEN,1
C33.543,But isse declining sex ratio 0 pe chli jygi bc,OAG,GEN,1
C4.1982,"[17:25](https://www.youtube.com/watch?v=N_ZMfQMZos0&t=17m25s) tum BHOSDIKE
self harm.krr rhe thee😂😂",OAG,GEN,1
C36.1016,"कोई युद्ध के समय गआंड मरवाने चला गया तो पता चला कि दुश्मन सिविलियन की गांड़
फाड़ रहे हैं। आर्मी में गांडू का कोई मतलब नहीं है। आर्मी चीफ जनरल सही कह रहे
हैं।",OAG,GEN,1
C7.1672.2,Pavan Shinde chal lav de nikal pehli fursat m nikal,OAG,GEN,1
C36.238,"Indian army mardo ki fouj h na ki gandvo ki ,, smje or homosexually English Ka
ward h ,, or use deshi language me ,, gandve khte h or kya desh ki श्रुक्षा me
gandvo ko tenaat Kiya Jaye ,, aap hi btao dosto ,, desh ki rkshya Ka svaal h
ki gandvo ki ,,, filling Ka",OAG,GEN,1
C9.17,Arundhati Roy is Randi......,OAG,GEN,1
C10.817,Arundhati a Lesbian is saali anti-national.,OAG,GEN,1
C7.327,Aye..... kisne galat bola re Kabir Singh ko madarchod,OAG,GEN,1
C10.1110,She is kuthi true I am telling you her hair and her mouth also look kuthi,OAG,GEN,1
C38.106,"Lanat hai un ghattya logo per jo homosexuality jese unnatural aur ghattya kaam
ko support krty hain. Dunya ka koi b religion allow ni krta is ghattya soch
ko.",OAG,GEN,1
C36.1078.2,Tera dimag tatti ka bna hua hai bc,OAG,GEN,1
C10.148,Arnab kangfu kutta hai godi Media Haram khor,OAG,GEN,1
C10.979,"Isko koi maar kyoun nahin deta? Yeh traitors jinda rahke desh ka karenge kya??
Yeh sali to paidaishi randi hai jo ke pehle se hi pakistan ki bhasha bolti
hai. Isse maar do koi pls",OAG,GEN,1
C9.108,रॉय ये बहुत बड़ी वेश्या हैं,OAG,GEN,1
C7.2208,Oii pagalchod har bar edhar udhar ka bate 6hor or film review kor,OAG,GEN,1
C9.251,"Sahi h bhai unhone bola apna name Ranga Billa bta dena  
Unhone sweekar kar liya Ranga Billa rapist or murderer the  
Jo yeh name batayega woh bhi unhi category Ko follow karega  
Woh bhi rapist ya murderer hoga  
Are bhai sarkar aapke bhale ke liye kuchh lekar aayi h use sweekar karo  
So called intellectuals ki MC",OAG,GEN,1
C4.2101.3,"@Santu Chakraborty Ye baat Jake un Feminists se pooch jo din raat Tumblr aur
social media pe jaake mardo ko gaali bakti he. Father's day ko BAN karane ki
maang karti he aur , KILL all men ke naare lagati he",OAG,GEN,1
C45.529,Oi kutta a video q banae?ladki aese nahi hain.ladki itna ghatia nahi hain?,OAG,GEN,1
C4.1354,"bhai ye tumko bata rha h ki KYA NEHI KRNA H  
bossdiwale bhaiyo,please iski baat manlo, nehi to pachtaoge",OAG,GEN,1
C9.2,"Arundhati Roy should be put in a small cell with people like Ranga and Billa
and watch the fun of this Kung Fu ka kutti.",OAG,GEN,1
C59.787,"[4:00](https://www.youtube.com/watch?v=8us63u9lV1s&t=4m00s) **Lauri bol raha
hain (woh kya hain) maa c**d dunga main uska unko jitna bar dakraha houn mera
ji chahta hai muu main Laura ghusa dun**",OAG,GEN,1
C36.540,Aarmy me hijdo ki jrurt ni hai..,OAG,GEN,1
C36.1147.3,"Condom????Kuch dusra nahi mila kya life ko dalne ki liye.gand ka surag bhi
chalta.",OAG,GEN,1
C7.1979,"bhai aap ko advocate hona chahiye tha, galat platform pe hai aap. Click kiya
tha review dekhne per yaha toh kuch alag hi chal raha hai, kabhi gussa, kabhi
""dirty picture"", bc channel bandh ker bhosdi ke.",OAG,GEN,1
C7.894,"Mdrchod youtube teri bhn ko koi kabir singh movie se inspire hoke chodega tab
tera land fatega aache se",OAG,GEN,1
C38.726,"Homosexual hona new world order hai jo duniya ko tabahi k ek or kadam aagey le
jaayega , ye illuminati agenda.",OAG,GEN,1
C10.714,"Tu apna nam arundhati nahi halala ki aulad kutia rakh le ye sari ki sari ugly
auratey jese barkha datt etc. etc.atankwadi ban gai he in pe deshdroh ka case
karke jail me dalo ya loc ke par phenko.",OAG,GEN,1
C61.585,Anchor randi ka accent jhant jaisa hai 🙄,OAG,GEN,1
C19.130,Bhagg bsdk...tu maha chautiya he,OAG,GEN,1
C43.66,Ab ye b reservation mangege bc,OAG,GEN,1
C4.930,Haan be laude,OAG,GEN,1
C10.520,Yeh Hai Dayan - Arundhati Roy.,OAG,GEN,1
C4.621,"Chill man!! Apna lund aur mooh samal aur!  
Kaam kar!!",OAG,GEN,1
C4.1213,Bollywood apnaapp ko as a businessman dak ta hay tooo ooo mc karaga he 😡,OAG,GEN,1
C7.1242,Pratik bhai inn liberals ki mkb,OAG,GEN,1
C7.1491,Tu kabhi acha bole hi mt ..gaaaaand bhari hai tere muhhh mai,OAG,GEN,1
C7.443,Madarchod hai feminist,OAG,GEN,1
C33.114,",use a b candle to fuck hahaha",OAG,GEN,1
C4.1908.2,Allah madarchod,OAG,GEN,1
C4.1416,[Bhoshreewale.yahi.gatiya.love.story.35saal.se](http://bhoshreewale.yahi.gatiya.love.story.35saal.se/),OAG,GEN,1
C9.258,Sali Randi h ...,OAG,GEN,1
C10.1228,"This kasturi, Arundati Roy, etc, etc are all Kunfu kuti hai. Haramjadi sab
Bharat mei as kar Central Govt. Ko badnam karti aur Nautanki karti hai.",OAG,GEN,1
C33.732.2,abe bsdk naturally nhi h ye,OAG,GEN,1
C7.1131,Ro kyu rha h... Bsdk,OAG,GEN,1
C61.1935,"sale mc usko fhirse bula or Jute marke interview lee . 2 paise ki aurat hoke
itni bari bari bate karti hey bc",OAG,GEN,1
C38.512,"Hum kis jamane me ji rhe hai ek to hm bat krte hai ki sanskar ki pta nhi hmara
sanskar kha chala gya ye homosexual kya hota hai ye to na nature ne decide
kiya hai na hi hmare purvajo ne jaise hm logo ki tabiyat khrab hoti hai to kya
krte hai hum uska ilaj krate hai Thik waise hi homosexually ek bimari hai ye
na to Marne se khtm hogi na hi mna krne se khtm hogi iska ilaj krana padega
aur iska ilaj Jo expert note hai unke pas le jakar dikhana chahiye aur biswas
hai WO Thik ho jaega",OAG,GEN,1
C10.1115,"Arundhati roy ki maa ka bhosda bhagao is randi ko 2 takke ke aurat Tukda Tukda
gang ki",OAG,GEN,1
C4.2246.3,@ching pong teri maa ki chut ki pasine se tale huwe pakode kha le jaa.,OAG,GEN,1
C7.526,"Pahle [#Shehla](http://www.youtube.com/results?search_query=%23Shehla)_Rashid
ki Gaa[#d](http://www.youtube.com/results?search_query=%23d) maaro.. aadhi
Feministes ka peshaab khud hi nikal jayega..",OAG,GEN,1
C36.701,"Hahaha....hijdo ki fauzz bana rakhi hai.  
Pakistani army bol bol me hi jaan le lenge. Hizdoo ki fauzz jama kr rakhi hai.",OAG,GEN,1
C36.782,"jo log equality or humanity ka randirona kr rhe hai unke khopdi mein rawat sir
ki baat nhi aayegi",OAG,GEN,1
C7.686,Maa chuda feminism ka,OAG,GEN,1
C10.1402.2,"Gand pe laat maaro yeh randi ko ..... Iske baap ka lauda chooske sarkaar nahi
bani .... Desh ki janta ne sarkaar banaayi hai .... Had she said this in
Russia or Arabia or china her private parts would have been found thousands of
miles further from her bigoted head......... Hail mother india",OAG,GEN,1
C7.354,Are ab saare stars ki gaand fatne lggi isly bhn ke lavde apni maa chudane aare,OAG,GEN,1
C36.1079,समलैंगिकता एक **मानसिक बिमारी** है..,OAG,GEN,1
C7.1063,"ऐसा ही कोई पागल वहसी धोखा खाया हुआ प्रेमी तुम्हारी बहन के साथ जबरजस्ती करने की
कोशिश करे तो क्या करोगे।  
बोलोगे कर लो।  
चुतिए...",OAG,GEN,1
C61.447,Band kar sali koo,OAG,GEN,1
C7.1423,"भाई एक दम सही बोला तू उधर टॉप वाले भी साले पब्लिक को पढ़कर है और वह सारे से
छूट के लोग हैं जो पब्लिक को बढ़कर है यह क्या लड़की लड़की लड़की की बात करते
साले भोसड़ी के रेप होता है वहां तो आवाज उठाते नहीं है और पिक्चर देखकर लड़की की
बात करते साले म* *******",OAG,GEN,1
C4.1470,"Ladki k liye apne carrier ki maa chod di. Bhai kitna mushkil hai MS ya MD
karna aur padhai ka to koi naam o nishan hi nhi jaise Soty 2 me tha .Kabir
singh educated gawar hai sala.",OAG,GEN,1
C7.2566.2,"@ब्रह्मगुप्त चाणक्य-चंद्रगुप्त 1- अखंड भारत sale tere jese logoki vajase
Harami Hindu Muslim ho rahahe bhosdike sirf Tera address bhej madar chod",OAG,GEN,1
C36.310,"Hume indian army me mard chahiye hijre nahi sahi toh bol Raha hai koyi agar
army me gay hai toh boh aur ek gay Ko love karega toh Aisa hi chalta rehega
toh ai sab nahi chahiye....Hume mard chahiye...",OAG,GEN,1
C36.1024,"Bhai gaand marvane nahi jana..war me jana hai  
Desh ki seva karni hai..  
Jo respect army ki hai usko maintain rakho..avoid homosexuality.",OAG,GEN,1
C10.585,"Communist party atanki jehadi mauist mother chod party hai..in sab ko mout de
dena chahiye",OAG,GEN,1
C25.520.2,"vikash kumar तू भी एसी रणडी औरतो का साथी बन रहा जब तेरे पर दहेज और घरेलू हिंसा
का केस लगेगा तब तुझे तेरा कमेंट बताऊंगा अकल के दुशमन जब अपने पर चोट लगती है तब
समझ आता है",OAG,GEN,1
C7.507.1,Rapist? Oye bsdk tunne movie dekha kya?,OAG,GEN,1
C7.1201.1,"@Pratiksha Tripathi lagta hai aap usi category ki girl hai jo 2-3 ladko ke
sath sone mai proud fill karti hai isliye apko mirchi lagi carry on lage raho",OAG,GEN,1
C7.2595.2,humlog v feminist ki gand fadenge,OAG,GEN,1
C7.2417.4,"@Jayanta Sarkar 😂😂😂😂 Maine bhi dekha woh video, Gazab video hai, poora faad
saala uss laundiya ko.",OAG,GEN,1
C4.837,muchod😂😂😂😂😂,OAG,GEN,1
C7.420.2,@vaibhav tare bhag madarchod,OAG,GEN,1
C29.7,Gandu,OAG,GEN,1
C61.8,Jo dusre ki Badnaam Karti Hai sali Kamini madarchod ki aulad,OAG,GEN,1
C10.169,"Sale Tu Chur hae juthi khabar failana Teri Kam hae.sarker ki dalle hae tum
media wale.",OAG,GEN,1
C19.4,"लल्लनटॉप वाले भी अपने कानून की तरह अंधे है  
इन्हें भी बस सलमान खान, शाहरुख खान,अमिताभ बच्चन की मूवी ओर एक्टिंग अच्छी लगती
हैं ये इनकी फिल्मों को ही 5 स्टार देते है बस  
ये भी सेक्शन375 मूवी की महिला वकील की तरह गधे ही है",OAG,GEN,1
C9.37,"Wowo kiya baat hai rajdeep. Tab to main tumhare Baap ko tumhare peda hone par
bhi bol sakte hai. Aapko gandi gandi galiya bhi de sakte hai.",OAG,GEN,1
C7.544,"Faminist---- Hum is film ka virodh karte hai.  
  
Kabir singh fans ---- Bhag bhosdike",OAG,GEN,1
C32.108,"Ye chutiyapa h jo gay hote h o dilke sache aur mashum hote h.. So please ye
sab mat dikhao",OAG,GEN,1
C7.597,Ha vai randi madharchot ladkiya kabir sing move ko burai kar rahihe,OAG,GEN,1
C36.947.1,chup kar mFkr,OAG,GEN,1
C36.1142.4,"@rahul singh kyun be MC SAALE TUJHE STUDY PE FOCUS KARNA HEIN YAA ISMEIN AATI
HO YAA USMEIN AATI HO",OAG,GEN,1
C7.1026,Yeh 1.1k dislike feminist lebrandu ke hi hai..... Chutiye saale....😂,OAG,GEN,1
C7.561,"Isme karan johar ki bakchodi nhi h issiliye gaand phula rhe hn sb bhen ke
lawde 😂😂😂",OAG,GEN,1
C7.1716.1,"Abe Lodu,south mein BJP nahi hain.Isliye north ke log whan se bhaag ke south
mein settle ho rahe hain.aur south ke log liberal hain isliye woh north ke log
ko settle karne dethe hain.Gujarat mein UP ke log ko maar maar ke
bhagaya.Chuthiyapa math pel,maadharchod.",OAG,GEN,1
C38.755.5,"jaat ki choot saali ..teri kaali gaand mein koylaa daal ke aag laga denge
maadarchod ...randi saali",OAG,GEN,1
C29.9,Gand me ungli karega to smell to ayegi,OAG,GEN,1
C10.143,जाहिल चुड़ाईल।। न बाल न शक्ल।। कैसे लोग इनको सामाजिक कार्यकर्ता मानते है।।,OAG,GEN,1
C36.1047,"mere hisaab se homosexual ko army m ni allow krna chahiye. asa na ho kbhi ak
gay sena k nozwaano ko apne sath sex krne ko majboor kr de. or ydi saari army
sex krne lgi duty pr to sara system bigad jayega",OAG,GEN,1
C7.1022,"Pratik bhai rocks✌️  
Shuddh hindi mein liberals aur feminist ki maa chod di bhai ne😂😂😂",OAG,GEN,1
C36.647,"Gay to dor ki bat army infantry ma ladkiyo Jo bhi nahi late hame army ma Javan
Chahiye na ki hizde ye Indian army ma nahi chalega",OAG,GEN,1
C29.13,Hram khor Tere pas koi sabut h kya Hindu Rep nhi karte kitne ginau,OAG,GEN,1
C4.100,Bahanchode movie,OAG,GEN,1
C36.816.4,"Gay h to gand marwao, army me jane ki jarurt nhi h. Tiktok to chl hi rha h
waha marwao",OAG,GEN,1
C4.493,"Yrr. Iss Bollywood ne sbka dimaag khrab kr diya hai BC. Every teenager pagal
hai pyaar ke pichhe. Bc 14 yrs ke bacche rote rehte hain Brkup pe 😂😂. Ye sare
pagalpan ki wjah Bollywood hai.",OAG,GEN,1
C4.867.2,"Abe tatte gaand fate tu louvda kis llok ka prani h be,.",OAG,GEN,1
C7.2017,Ghar mai tera Maa aur behen nehi hai hai na??,OAG,GEN,1
C10.892,"Apane ""VIDESHI KHASAM"" ka bhi kuch naam rakh de tu ""चुड़ैल"" !!!! Tere videshi
khasam se paida bachchon ko kya sikhayegi tu "" पिद्दी कुतिया "" !!!!!! ????",OAG,GEN,1
C4.378,"Nikal laude pehli fursat pe nikal koi jarurat nahi review Dene ki pehli fursat
pe bhosdike nikal",OAG,GEN,1
C25.521,"aisi ladkiyan Jo is law ka misuse karti hai aisi madharchod aurato ko to nanga
kar ke sadak par daudana chahaiye aur Puri life jail me rakhna chahiye",OAG,GEN,1
C29.12,Lawde me bhi Hindu hu lekin chutiya nai hu Dharam pagal 😣😡,OAG,GEN,1
C7.2564.2,ye usse kahi zyada hai..nikal laude,OAG,GEN,1
C7.902,Bc saari movie spoil krdi yrrr 😡😡😡😡😡,OAG,GEN,1
C33.444,"Madhchod...ho Tum Sab.. lesbian and gay all bulls hit... Allah ko yahi manzur
hota to... Duniya Kabi aage Nai pdh ti.. Or ye dono Randi ke maa Baap v aise
category hote to ye dono Randi Duniya Mai nai hoti...",OAG,GEN,1
C23.60.2,teri maa ki agli shaadi me😂😂😂😂,OAG,GEN,1
C7.953.3,"Us ladki ne khud ko chudwane k liye bulaya tha lekin uska feonse aagaya tha to
usne mana kar diya lekin kabir pagal ki tarah zabardasti karne lagta hai ..aur
feminism k naam pe multiple sex partner badalna yahi hai kya tumhara feminism?",OAG,GEN,1
C23.10,"Pratik saala review mat karo only philosophy karta reh sala film bare mein Kam
philosophy jyada jhadta h kutta saala",OAG,GEN,1
C61.408,Sale,OAG,GEN,1
C7.551,"Kamine ram ke naam pe jo antakwadi musalmano ko maar rhe ha uspe bhi tujhe
bada acha lg rha hoga rss ki nazayaz aulad",OAG,GEN,1
C4.2238,Kisne touch kiya usko MADARCHOD 🤬😡😡,OAG,GEN,1
C4.2182.2,@ching pong teri maa ka bhi hota toe hame uss ki gaand nhi maarni padhti,OAG,GEN,1
C4.362,"Bhai mujhe lagata hai ki tune bada serious Liya yaar movie Ko movie Ko Tara
dekho tumane pahle hi kaha tha aur bad me itna irritation bc",OAG,GEN,1
C4.346,Bollywood beinchod 👌🏻🔥,OAG,GEN,1
C4.2029.5,"@sanjay amarnani haha i love people like you... Jhat k baal barabar ho ni..
Chale ho andpadh gawar gutter chap krne..... Tm jaiso ki koi ijjat waise hi ni
hai.. Na society mei na ghar mei.... Maa chuda tu phate ballon k natige....",OAG,GEN,1
C36.1146.5,"@Avinash Agnihotri pr in logo ko ladkio or homosexual ki chatne se fursat mile
toh desh, army k vare mein sochege na......foj mein gandu barti krlo pta nai
kha Ka discipline hai....... China Jaise sakhat londe bno....tabi desh aje
badega .....mard ho kr chudvane se nahi",OAG,GEN,1
C33.85,"Abbe bh9adiyoo ki.. Maa chudaoo par ladko ko kyu bicch mei laa rii haii salli
bhadwi",OAG,GEN,1
C7.823,इन्हे आजकल लिब्राडुं कहा जाता है।,OAG,GEN,1
C4.806,bhai ki ma behen chodta h 🤣🤣🤣🤣🤣bhai bahaut hard,OAG,GEN,1
C9.83,"Modi ne sabko nanga kar diya he...ye sab libranduo ka asli chehra samne agaya
hai... democracy tabhi Tak jab Tak hamari sarkar",OAG,GEN,1
C36.218.3,Bhag bsdk,OAG,GEN,1
C7.2086,"Bas dil ki baat chu li Prateek bhai.... In feminist ko inki jagah dikhani
chahiye.... Aisa lagta hai ke pehle jo auroto ki sthiti thi India me wahi sahi
thi...  
Chappal ko seer pe bethaoge to chappal ganda hi karegi.",OAG,GEN,1
C46.156,Madarchod muslim...... Muslim ka maa ka boor......,OAG,GEN,1
C32.11,Chandrapur se koi he kya achhe se gand marunga ..,OAG,GEN,1
C4.2012,"Kya Kare Bhai Jo tum bata rahe ho woh hum bhi accept karte he. Lekin aaju baju
ka environment hi bhosdiwalo see bhar Gaya he.",OAG,GEN,1
C7.1477,"प्रतीक भाई, आपकी बाते सुनकर हताशा हुयी। आप महाराष्ट्र से हो , मैं भी एक
महाराष्ट्रीयन हूँ।  
महाराष्ट्र की मराठी संस्कृति में औरतों पर उतने जुल्म नही होते जितने हिंदुस्तान
के उत्तरी राज्यो में होते है।  
  
आप तो जानते होंगे कि हरियाणा में लड़की पैदा हो गयो तो उसे दूध में डुबोकर मार
डालते है। आपको ये भी पता होगा कि दिल्ली औरतो के लिए नरक बना है। आज हिंदुस्तान
के उत्तरी राज्य अपने पुरूष प्रधान मानसिकता के चलते स्त्रियों पर इतना जुल्म कर
रहे ही कि अब इनके यहाँ स्त्रीयो की संख्या कम होती जा रही है।  
  
आप इन बातों को नजरअंदाज कर रहे हो क्योंकि आप मराठी है। इस घटिया फ़िल्म को
सपोर्ट करने वाले वही लोग है जो ये मानते है की अगर लड़की ने छोटे कपड़े पहम लिए तो
उसपर रेप करने जायज है, ये वही शैतान है जो औरत को पा ना सके तो उसे मार डालते है
या एसिड फेंक देते है उसके चेहरे पर।  
  
आपसे तो ये उम्मीद नही थी। इन हरामियों की तादात देखकर लग रहा है कि हिंदुस्तान
का भविष्य सही नही होगा। हमारे ग्रंथ ही कह गए है नारी का अपमान होनेवाली जगह कभी
खुशहाल नही रहती।  
  
जय हिंद। जय महाराष्ट्र।",OAG,GEN,1
C36.719,"Samlaingikta na sirf humare Desh ke liye khatra hai balki pure system ke
liye...use kabhi valid na mana jaye",OAG,GEN,1
C21.4,"Shatir aurton se saawadh rahe satark rahe....kuch jyada he chul uthe, toh muth
maare aur so jaye.  
 **Janheet mein jaari**",OAG,GEN,1
C26.164,"Bas ak moka ke talassh, ma be apna susral walo ka khoon peena chahta hoo, bas
ak moka milna chahya to fir ma ne 7 lasha bicha doonga, hindustan ka kanoon ki
Maa kee choot",OAG,GEN,1
C26.175,"Sahi kiya maro mc ko jahangir bhai  
salute you",OAG,GEN,1
C4.608,Ma ki choot bollywood ki or ma ka bhosda Kabir singh ka,OAG,GEN,1
C4.1570,Bossdk,OAG,GEN,1
C19.22,Tambakoo khake review kar raha hai maderchod,OAG,GEN,1
C33.494,"Gantaa.. Ye 377 la bht galt kar diya bencho..... Kyu.. Ki mera ek swal. H..
Bas uskaa jabab de.. De.. Agar koi.. Ladki. Ladki.. Se sexual contact karata..
Tera bap kon.. Hota.  
Aur tu is duniya me.. Janam.. Kaise leti bta...... Hai kio jawab...... 😡",OAG,GEN,1
C4.416,"Paisa,choot,aur duniyadaari mein maa chuda ke tum bhi ek din duniya chod
jaogo,jhant na tum ukhad paoge duniya mein aur nahi Shahid ya director,  
Thoda sa apna Lund ghuma ke gaand mein daal liya kro apni Shanti milegi tumhe
😂🤣",OAG,GEN,1
C4.1011,"Loda toxic movie thi. Pretty Ladki is movie me itni badi gandphattu thi agar
Kabir Singh uske Saath na hota to maa Chudi hoti uski. Aur Jo real tha during
tharak and sex ladke ne chaaku dikhaaya and CO koi maarne ni waala tha use",OAG,GEN,1
C7.1949.1,"@Gaurav Singh nature live Bilkul banana chaiye, Liberals ke gand mein danda,
fodo unki chhati mein anda.",OAG,GEN,1
C33.75,"Ladkio ke paas to kela to hota hi nahi phir kysa ? 🤔  
Ans. Laath gusede ge🖕",OAG,GEN,1
C4.2162.2,"Bhosdike toh mat dekh uske videos  
Gandoo",OAG,GEN,1
C36.448,"Army me mard log jate hai Ganduo ko gand Marwani hai kahi aur marwaye.
Maderchod jab goli chalti hai tab gandu gand par hath rakh kar bhag jayega.
Saalo army ko to Bakhas do. Harami log yaha bhi samlagiketa ko lana chahete
hai. Mere bas challe to jitne bhi gandu hai unko ek samunder par kisi tapu par
bhej du wahi Saale apni ek dusere ki gand mare yaha gand na kare. Thanks. Kisi
gandu ko meri baat buri lage to uske liye sorry hai.",OAG,GEN,1
C29.1.2,Vipan Singh Rajput chutya he tu,OAG,GEN,1
C32.11.1,@Pravin Nimje achhese chodunga tuje number do,OAG,GEN,1
C7.2405.1,"@डिजिटल लंड भक्त विकास प्राधिकरणmere bhai pahle video to dekh le topic to iske
bare me h hi ni aur jo so called feminist h na vo log ladkiyon ke aese alagh
alag logi se sex karne ko badhava de rhe h ye us bare me bola h usne",OAG,GEN,1
C7.594,"ek hi kutta hai bollywood mein jiski sbse gaand jlti hai.. umeed hai sb smjh
gye hoge",OAG,GEN,1
C38.145,"[3:47](https://www.youtube.com/watch?v=ZzsAuDkXq1M&t=3m47s) baccha gay paida
hua to use khatam kar dega",OAG,GEN,1
C4.874,Bollywood ke direction producer chodu to script bhi chodu bhosdike,OAG,GEN,1
C25.454,"Kya chutiya ladkiya h ...in jasi ladkiyo ko dekh dekh k nafrat hone lagi h
ladkiyo se...😈😈",OAG,GEN,1
C33.221,"apna lun de do mainu, mere lun pa do koi mota mota, my age 21",OAG,GEN,1
C4.814,"Abbe behenchod matlab sari hindustan dimag se paidal hai aur tu aur teri
subcriber ek human hai aur agar hai bhi toh behenchod kya ukhar liya🙄",OAG,GEN,1
C10.815,iski chut jyada machal rahi hai.,OAG,GEN,1
C7.546,"Jab arjun reddy ai thi tab kaha mare pade the ye sab bhosdichod. Ye North
indians ke hi chutado me jada khujli hoti hai...",OAG,GEN,1
C7.576.1,Apko mirchi lagi quinki ap bhi usi type ki ho jo 2-3 ladko ke sath so chuki ho,OAG,GEN,1
C32.129.2,MARO PHIR APNA LUND,OAG,GEN,1
C36.336,135 हिजड़ों ने dislike Kiya hai 😆😆😅🤣🤣,OAG,GEN,1
C7.317,pyar nhi bhosriwale hawas,OAG,GEN,1
C7.995,Bewakoof h pratik ki Maa ki chut,OAG,GEN,1
C29.10,Gandu mc gand me land,OAG,GEN,1
C7.1390,Bhn ke lode tujhe review dena nhi aata bhsdk kun deta hai lol 😂 bhsdk,OAG,GEN,1
C7.2305,Zhatu Aadmi hai ye mat subscribe karo lavde Ko,OAG,GEN,1
C7.2009,Abe review dena faltu ka gyan kyu choddd raha hai,OAG,GEN,1
C21.224,Dekhne jaata movie agar yeh bhen ki lodi actress nii hoti isme,OAG,GEN,1
C7.610.2,Utsav Sinha tum jaise feminist k gaand me 40 mm ka rod daal chahiye 😂😂,OAG,GEN,1
C61.14,sali Ki Beti Sali,OAG,GEN,1
C7.590.4,Feminism=Randi Rona,OAG,GEN,1
C10.2,"Ranga billa nahi ye RANDI BILLI HAI... Ye hafiz aur pakistan ki baad mein
marna... pehle aise bhosdiwalo ko maardo...",OAG,GEN,1
C36.852.1,@Udoy Singh 😂😂 hat chakke bhosdike ja Gand Mara kisise,OAG,GEN,1
C4.2128.4,"@Eminent - pubg Mobile hello chutiye...dusro ko gyaan batna chod aur pehli
Fursat mai Nikal lavde",OAG,GEN,1
C10.405,Bc sare log chutiya hai baithe hai show Mai..btw I support cab NCR npr,OAG,GEN,1
C7.347,Teri maa ka bhosda,OAG,GEN,1
C7.637,Faminist walo ki maa ka bhosda.,OAG,GEN,1
C7.900,"Bhai periods wala scene v to tha feminism support me.. bhen ki laudiyo ko wo
sb ni dikhega...",OAG,GEN,1
C4.1522,"Chinta mat kriye bhai, ye log bs yhi ki janta Ko chutiya bna payenge. Oskar
kbhi ni laa payenge. Bhencho.. chahe Shahrukh ho yaa Salman ya Amitabh koi
Oskar ni la paya...",OAG,GEN,1
C19.82,"Bhosdike review de rha hai ya movie ki story bta rha hai ..........Agar review
Dena nahi aata hai to BC mat de na paise ke liye kuch bhi karega mc",OAG,GEN,1
C21.286.1,"Bhai LAST MOVIE SALLU MIYA KI BODY GUARD DEKHANE GAYA THA ,,,,,USME FIGHTING
SCENE ,,,,JACKIE CHAN KI MOVIE ARMOUR OF GOD 2 KI COPY THI,,,,,,,MERA MAN KIYA
KI JUTTA KHOL KE MAARU SALLU KO,,,,,KYONKI JACKIE CHAN KK REAL ME KUNFU
,,MARTIAL ART AATA HAI,,,,BACHPAN SE,,,,,AUR SALLU SALA RANDI BAAZ,,,,,MEAT
KHA KE ,,,,,DHOKALI BODY BANA LI,,,,,SAALE NE MACHHAR BHI KABHI NAHI
MARAA,,,,,BAS JET LI AUR JACKIE CHAN KI COPY KARTE HAI",OAG,GEN,1
C10.1297,"R U DOT E BOY....... WHO IS FOOLISH ,FUNNY LOOKING FEMALE ??? WHAT'S WRONG
HER? JAISI SHAKAL WAISI AAKAL. KYA BAKWAS KAR RAHI HAI.... A NIKKAMI, NALAK,
GARIB JANATHA KO JHOOT BHOLNA SIKARIHAI...... COMMUNIST KUTTHI.......",OAG,GEN,1
C7.1383.2,"@KUHU SRIVASTAVA bhai agar mai us r*ndi k naam achhe se likha fir bhi uska
review aur chehra utna hi ghatiya rahega.  
Lo*u kahi ke",OAG,GEN,1
C4.619,In love storyio ne desh ki MA Chod di Bhanchod 😡😡😡😡,OAG,GEN,1
C36.757.5,"@Random Guy tum jaise gay ko Kore padhne chaiye Dubai,aur Saudi arb ki tarah
jyaad hi bharat mein democracy ka gala fayada utha rahe ho",OAG,GEN,1
C4.899,bhai aap bollywood ko gaand maarne ke liye bane ho 😂,OAG,GEN,1
C9.278,Rajdeep chewtiya💯,OAG,GEN,1
C10.187,Ye noopur madam ghani chootiya hai. Typical aag lagane wali janani.,OAG,GEN,1
C20.216,Teri ma me Hindi nhi sikhayi Teri ma Ka.......,OAG,GEN,1
C38.126,"Madarchod homosexuality ko support karo aur Gaand marao, biology bi bhul jao
kutton",OAG,GEN,1
C38.556,bosdike log saale bolte hai hona cahiye .hat bc fokat me,OAG,GEN,1
C4.613,chal bencho,OAG,GEN,1
C25.537,ye buddhi randi h madharchod ......isko bahut chul macha hua h,OAG,GEN,1
C4.428,"20 mint ki video koi danag ki baat tuh krta gandu  
ye tuh sb hume pta h. bosdike",OAG,GEN,1
C25.582,Ravish Chutiya!,OAG,GEN,1
C4.847.2,English k ma Ka boosda Kar Diya.,OAG,GEN,1
C7.2566.1,"@ब्रह्मगुप्त चाणक्य-चंद्रगुप्त 1- अखंड भारत Aagar Tu tere 1 bap ki aulad He To
sirf address bhej",OAG,GEN,1
C7.41,"Oye mote, jitti approach movie ne nai ki tujhe utti sumajh aagai (badhiya
baaat hai), par chodu itta oversmart review dena worth it hi nai tha iss movie
ke liye.  
Nikal Laude",OAG,GEN,1
C61.11,"Saali Kutiya Uske Naseeb Naseeb achha the ki usko Dinesh Ji Ne support Kiya
lekin aap Koi Nahin karo",OAG,GEN,1
C7.1564,"Pratik Bhai ye
[#FlimCompanion](http://www.youtube.com/results?search_query=%23FlimCompanion)
walo YouTube channel ki Gand Maro dimag kharab ho Gaya faminist ki bate sun kr",OAG,GEN,1
C10.1061,Arundhati Kutti Kammini Roy ouski naam hain.,OAG,GEN,1
C36.684.1,Ladka ladkhe ki ghand marna aur ladki ladhki ki ghand marna,OAG,GEN,1
C7.1380,Feminist and Liberals = Bosidiwaley,OAG,GEN,1
C7.2280,Bhosidiwale tu film review de na politics kyun samjha raha hai gandu,OAG,GEN,1
C10.166,pagal hai saali,OAG,GEN,1
C21.9,"Larki khud chudwati hai phir usko phasati hai itni si stori ko 2 ghante  
Apni maa chudwai hai purducer ne",OAG,GEN,1
C7.1486,In matherchod ko sirf khan movie ke chamchagiri karne aata hai madharchod ko,OAG,GEN,1
C7.2031,Lovde picture ki baat kar modi ka gu chatnewale,OAG,GEN,1
C4.2120.1,@Anonymous alien Randi ke bacche hain sab ke sab Bollywood wale,OAG,GEN,1
C36.922,"Ek nara humarey samlangik jawan bhi dengay.  
Kadam kadam badaye ja,gandu bankey gaand maraye ja😬😬😌😂😂  
[#oksorry](http://www.youtube.com/results?search_query=%23oksorry)",OAG,GEN,1
C4.1439,Maa ki choot kabir singh ki....or poore Bollywood ki...,OAG,GEN,1
C7.2566.3,@ब्रह्मगुप्त चाणक्य-चंद्रगुप्त 1- अखंड भारत Teri maki chut be bhadve sale,OAG,GEN,1
C7.1940,Feminists ki ma ki chut teen baar,OAG,GEN,1
C33.575,377 sec supreme court jaisa chutiya koi nahi,OAG,GEN,1
C33.470,"Sab ka apna apna life hota hh.. koi bc ka right nei honi chahiye naak ghusadne
ki....",OAG,GEN,1
C7.2182,"Maine yeh film bina kisi opinion ke dekhi aur mujhe acchi lagi. Lekin ye
feminist logo ka r****rona dekh kar khoon khaulta hai.",OAG,GEN,1
C9.19,"Problem yeh hai ki hamare yahan k media wale khud ko West se inspiration lete
hai LEKIN yeh bhul jate hai ki WEST khud barbad ho rha hai wahan ki SELECTIVE
Journalism se. West kuch galat report India pe nikale toh Hamar yahan k
Journalist usko aise Hawa dete hai jaise West ne nhi GOD ne India k baare main
baat ki hai. West ko imitate karne k jagah aisa karo ki WEST hume imitate
kare. Har time bas west joh karta hai usko hum follow karte hai 🙄. Koi is
Arundhati Roy ka interview leke isse puche thike sawal aur uske purane video
par iski watt lagaye ? Yahi log baad main modi ka interview main difficult
question puchne ka baat utha te hai. Lekin aise ghatiya Mind set (Arundhati
Roy) wale log joh JNU maon ghus k speech dete hai unpe kuch nhi bolte. Kyun ?
Isko toh JNU main entry pe ban laga dena chhye nhi toh waise jnu main chutiye
bhare hai unko aur chutiya banayenge",OAG,GEN,1
C36.353.1,@INDIAS TOP 5 tu apni ma chod fir. Me tera baap chodta hu,OAG,GEN,1
C36.852.3,"@Udoy Singh yani tu munh aur gand dono mai leta hai. Hmmm....Means tu
literally gandu hai re. 🤣🤣🤠🤠🤠",OAG,GEN,1
C19.42,Ye bhosdi fir se aaya hai,OAG,GEN,1
C36.852.5,@Yashwant Choudhari bhosdike to kya chakkk ke wajah se strong hui h kya,OAG,GEN,1
C32.90,jisne like kia ise fuck ur self,OAG,GEN,1
C25.12,रंडीयो की कमी नही।,OAG,GEN,1
C7.910,"Y sb female ko randi bnana chare  
India ki jo sanskrity h  
Usko khona chare h...  
Sare male apna lund kaat le kya  
To y sare kha ma cudaenge jake...",OAG,GEN,1
C10.171,"yeh kon benchod hai kapil, kaha se hai yeh, kasie kya khud ko student
activitist ke raha hai",OAG,GEN,1
C4.2182.3,@Sameer biruly teri ma ka bhosda,OAG,GEN,1
C9.28,"Chalo chutiyo ye batao CAA me kya galat hai  
Aur batao kitane rohingyo thumhare yaha rakhane ko tayar hai.",OAG,GEN,1
C4.429,Teri gand lawde😁😂,OAG,GEN,1
C36.505,"Indian army me sary hi foji na mard aur gays he aur auqat to dekho apni
pakistani army se jang krne ki bat krte.bipin rawat bhi chuhy ki trha lagta
lagta hai",OAG,GEN,1
C4.1033,"Bollywood vale karodo logo ko chutiya bana kar , unse karodo paise chura karr
le ke jata hai aur hamari padhi likhi youth ...unke piche gand marati hai...",OAG,GEN,1
C4.1421,Shwetab bhai hands-off love sir aapne madrchod aajkal londoki ake kol de,OAG,GEN,1
C9.203,"सौरभ दुबे आप तो बौद्धिक बनने के चक्कर में पूरी तरह से पिल्ले बन गए।  
आपको पुलिस पर गिरते हुए पत्थर नहीं दिखते।  
आपको उपद्रवियों के कृत्य नहीं दिखाई देता।  
आपको सिर्फ अच्छे और बुरे पुलिस वाले दिखते हैं।",OAG,GEN,1
C4.1218,Bollywood BC hay,OAG,GEN,1
C4.1153,"Tera bap kam karta hoga, meh toh parai karunga bhsk",OAG,GEN,1
C7.322,Kabir Singh fuckboi hi hai,OAG,GEN,1
C10.225,पागल कुतिया है जो मरवाती फिरती है,OAG,GEN,1
C32.153.1,"Lund lolipop ki tarah chuso to maja atah hai dono goli ko Rasgulla ki tarah
chusu ga darling  
Lund lene ka maja hi alag hai",OAG,GEN,1
C10.655,another bangali raand,OAG,GEN,1
C4.1793,Apne bhai ki bhen chodta rehta h😂😂,OAG,GEN,1
C36.863.1,"@Jeet Ram Rojh tum army ki bhaat kya tum unh paschim ke tattu ki bakalat
jarrorat se jyada karte ho agar gays army mein honge bhi tho bandhuk chalane
ka ghaad main dhum bhi nahi yoga.Indian culture bhi kuch hota hain mana modern
hona jarruri hain par yeah dhyan rakhna zarrori hain ki inshaan apna vazood
nah kho she.paschim wale bar bhaat ko sahi dheraya yeah zarrori nahi
[hota.army](http://hota.army/) mein LGBT jaise dhallalo ki koi zarrurat nahi
WO desh ke naam par dhabha hain.",OAG,GEN,1
C25.463,"randibazi macha ke rakhi hai.talak or settlment katam hona chahiye.agar ladke
ko problem hai yaa ladki ko jisko bhi problem hai alag rahe why money.dandha
hai kothe par baitha do",OAG,GEN,1
C4.2172.4,teri ma ka bhosda,OAG,GEN,1
C10.434,arunduti roy kumfu kutti tu...,OAG,GEN,1
C21.143,"Chutya sala itne review dekhe lekin yeh clear nahi huva ki ladki ka rape huva
tha ya fasa rahi thi? Aur sale tune pahle hi do line me bata diya. Chutya
sala.",OAG,GEN,1
C36.970,"jinko gays pe daya aa rahi hai , wo unhi se apni marwa lo , bc Army m jana hai
Tiktok pe nhi",OAG,GEN,1
C7.2213,Feminist inhone n khoob gndupnti chutiyapnti faila rkhi h,OAG,GEN,1
C36.753,Laat Mar kr bhagao in gay logo ko,OAG,GEN,1
C7.1007,"Is laude ko kis ne review karne diya vai.. ganja khake bolta hai yafir
parallel universe se hai lodu kahika..",OAG,GEN,1
C7.2564.1,Chutiya Gali kya de Raha h sale laude,OAG,GEN,1
C36.757.3,"@Random Guy tum apni bhaat karo media ke dallal salo tum fayade ke chakar mein
army ko brabhad karna chate ho gajni ki aulad .British ne there parents ki
ghaand mari thi",OAG,GEN,1
C4.2030.3,"@Aakash kale shi kaha bhai ye sab khans bohot madarchod hai especially salman
khan hit nd run case ka faisla agr reality k base pe liya jata to bhosdiwale
ko umraked ki saja hoti",OAG,GEN,1
C61.9,Isase Kitna Achcha Achcha singer Pada Hua Hai Isko hi Kyon Chuna sali ko,OAG,GEN,1
C10.105,"Arre iss pagal mental hospital se bhagi hui aurat ko pakad ke jail mei daalo
naa.. issko pakad te kyu nahi.. yeh aise kaise bharat mei aa ke aise bakwas
karti hai.. Ek 3rd class writer, bad dimag, bud mizaj, awaal darje ki
sarphiri.. Arundhati pagal aurat, ek number ki haramkhor aurat.",OAG,GEN,1
C7.1352,Feminist n liberals ka mAa ka bhosdaaa.,OAG,GEN,1
C10.437,Bhosadi ki rand saali,OAG,GEN,1
C7.1013,Ma ki chut faminiest ki,OAG,GEN,1
C7.2387.1,"nidhi chopra teri jaisi kutiya india paida ho rahi hai jo apne aap ko feminist
kehti hai. tum log woh kutiya ho jo sab kuch tabah karke feminism ke naam pe
escape hona chahti ho",OAG,GEN,1
C7.717,Aggar mujhe ek khun maaf hota...mai isse goli mar deti...Sale kutte...,OAG,GEN,1
C7.189,Bhosdike chudbaile reviewer,OAG,GEN,1
C7.1651,इन लिब्रल्स का भोसड़ा मारू,OAG,GEN,1
C9.214.1,"@I'M ALWAYS B4U nahi re lande Balatkari ka nam ranga billa hai vo....  
Ab sare lando ka nam hoga 😂😂",OAG,GEN,1
C10.269.1,Arundhati Roy ki badnam ho chuki hai jis din unki janam hui.,OAG,GEN,1
C36.888,"Such me ghor Kalyug Bipin Bhai badiyaa krre SB k deemag me sex ghus gyaa
army's me hizde nhi chahiye mard mard chahiye 😡😡😡",OAG,GEN,1
C61.823,Kay re ranu vikari rendi sali,OAG,GEN,1
C7.360,"Or yhi kaam agr ldkiya krti nn to tum log thu thu krna shuru ho jate.......
Chutiyapa......",OAG,GEN,1
C4.383,Jhand review BC chal Nikal le ab,OAG,GEN,1
C9.272.1,Chutya,OAG,GEN,1
C7.2417.2,"@Jayanta Sarkar Kyunki woh bhi uske Jaisi hypocrite raand hai, chor chor
mausere Bhai wali kahawat saabit ho Rahi hai, hai ki nahi?",OAG,GEN,1
C19.123,"Are Bhai... Mubarak sir kaha hai...yeh chutiya Kon hai.. hug Diya video pe
isne",OAG,GEN,1
C21.49,Bhenchod ne fir movie spoil kar di😡,OAG,GEN,1
C19.12,"Is bhosdi wale ko review krna ghanta nahi aata is ko bolo gaand me apna Lauda
le or chup rahe bhsdika",OAG,GEN,1
C7.254,Swara bhaskar BC,OAG,GEN,1
C7.1562,"Feminists or liberals chutiye hote hai bhai ,inko koi nhi samjha sakta ,mai to
bolta hu ki aisi aur movie banani chahiye ,inki gand jalte dekh bada sukun
milta hai",OAG,GEN,1
C9.119,Sourabh bhai mene to pehle hi kaha tha ye sirdesai congress ka kutta hai.,OAG,GEN,1
C7.2532.5,Liberals ki mkb,OAG,GEN,1
C7.2117,"Ess liberal ka muh pe mutna sahia.  
Fucker Indian liberal",OAG,GEN,1
C36.950,"बिल्कुल सही है.. हमें अपने देश को 6akko का देश नहीं बनाना h.. 😡, जो किसी एक
सेक्स का नहीं हो सका वो भारत का क्या होगा.",OAG,GEN,1
C29.8,"Tu hai sabse bada gaandu area me nahi tuzh Jessa jhadu  
Gandulal  
Jhandulal  
Tu he  
Sabse bada lawde ka bal",OAG,GEN,1
C7.1869,Liberals ki g**d me goli marni chahiye,OAG,GEN,1
C4.1543,"Bc ..chutiyapa dikhaya gya hai...  
Sala movie m tha kya",OAG,GEN,1
C7.1388,Ma chodre sir pictures pe chutiya,OAG,GEN,1
C9.308,"यह देसाई desh द्रोही है और अंधी-रती - राय भी देशद्रोही है ,और दोनों गलत बयान
बाजी करते हैं देश के बारे में ,हम सब जनता जानते हैं ,अभी देखो भरवा कैसे उसके
रंगा बिल्ला को सही बताने में लगा है - मैं तो हैरान हूं",OAG,GEN,1
C36.309,Tere Baap Suprim Court ne order dia Tu Kya Kar Lega Bipin,OAG,GEN,1
C9.69,"bhai lallantop waley aapka haal NDTV jaisa ho jayega, pls yeh congressi
bhadhvey rajdeep ko bulana band karo",OAG,GEN,1
C7.654,fir feminists paysex legalise kyu nahi karwate,OAG,GEN,1
C61.346,🤣🤣🤣🤣🤣🤣🤣🤣 uski maaaa ki.......,OAG,GEN,1
C43.10,Buwhahaahajahahah mader chot,OAG,GEN,1
C7.2102,madarchodh Film Companion,OAG,GEN,1
C7.961,"<https://youtu.be/C-lRyevxevA>  
Ye dekho Chutya... Liberals# तथागतीत#  
Bc Kuch bhi# Womem Empowerment  
See video Pratik Please.... Aur Haso...",OAG,GEN,1
C29.19,Dikkhao sb bhnk ....de bollywood or randi k jihadio ko ...,OAG,GEN,1
C20.161,"Ooy randi... Darr mat ...waqt aane dee.... Sabkoo bta denge mard kya hota...
Feminism ki maa ka bhosda",OAG,GEN,1
C38.648,Motu bc jaato ki badnam kar RHA h chutya,OAG,GEN,1
C33.4,Kushi see goo khaalo,OAG,GEN,1
C7.1493.1,"Sali randi tujhe saare kabir singh movie inspire hokr chode tab tujhe pta
chlga",OAG,GEN,1
C7.822,"teri gand me dal de review  
he kya movie pagal londa jo daru cigrate full nasedi jo apne nase me pura lupt
he ese nasedi se ek sincior ladki love krti he  
kya chutiye tuje pta he ye bharat he yaha galat aadat ko jaldi accept kiya
jata he",OAG,GEN,1
C25.520.1,"@vikash kumar teri ma ki chut bhosade wale.... randi ki aulad hai tu.. Lgta
hai teri maa ne apne husband ko chhod kar apne bf. Se maarwaiw hogi tab Tu
paida hua hOAG...",OAG,GEN,1
C4.1788,"People's are getting learning wrong stories from bollywood... Bollywood ki maa
ki ch**t .... Sale kitne jindegiya barbaad huwe honge ajtak....Aur agey bhi
hote rehenge...😠😠",OAG,GEN,1
C4.923.2,"@Narendra Modi Han 1.7 million subscriber hein toh kya hua tere jesa gandu
nahi Jo uska  
anda lauda pakad ke baith jayen",OAG,GEN,1
C7.1320,"Feminist ki ma ki chut maderchod hote h ye sale atankwad aur khatarnak
bimariyo se jyada khatarnak h ye sb",OAG,GEN,1
C4.1255,Maa ki chut kabir singh,OAG,GEN,1
C19.133,"Sala chutiya  
Jo kam aata nhi h to karta kyu  
Bc...",OAG,GEN,1
C7.171.2,Ghandi to bhadwa tha ghandi kyu banega koi,OAG,GEN,1
C4.1167,"I've the same review of the movie..  
Chutia movie hai..agar mai us clg m hota toh us Ki Gand faad deta..  
But Indian pgl hote hai ..isi liye ye movie itni hit hui",OAG,GEN,1
C4.525,"Kya bhosdi ke, baat to sahi kr rha h pr kya koi sun rha h",OAG,GEN,1
C7.1473.3,"Behno me mdrchd teri bhn bhi aati hai yaad rakhiyo hone diyo oo rape uska
sochiyo koi kabir singh hai bechara",OAG,GEN,1
C33.537,"सेक्सन 377 की वजह से ही हिंदुस्तान के गांडुओं की गणना की जा सकती है सभी गांडू
बिल से बाहर जो निकल आये हैं 😈😈",OAG,GEN,1
C38.451,"homosexual ko promote karne wale ko pahle Apane BAHAN ko lesbian ke liye
promote karna chahiye after that it will be natural and u also will be happy
with them  
  
GHAR SE SURU KARO CHUTIYO  
BAHAN KO BATAO",OAG,GEN,1
C36.319,Army main mard hota hain namard nahi 😂😂😂,OAG,GEN,1
C7.2374,Bhosdi wale pakhandi hai madarchod....,OAG,GEN,1
C10.367,"एंकर को क्यो मिर्ची लग रही है ,गोदी मीडिया सालि",OAG,GEN,1
C7.1003,"In the meantime Liberals, Feminists ki Maa Ka Bh*sada...yeh sab kabhi kamine
losers hein. Yeh sab one night stand ki hi paidaish hein.",OAG,GEN,1
C7.1768,Ye lavde peheli fursat me nikal,OAG,GEN,1
C7.609,Gyan chodna band khar Bhai aur chup chap review Kiya Kar film ki.,OAG,GEN,1
C36.859.1,Tu chhaka h,OAG,GEN,1
C4.1419,"Ha sir chutiyapa fuckoff movei the kabir Singh kis chutiyapa ne script likete.
Lundo benchod sala",OAG,GEN,1
C7.138,"Tu director ban sala  
Baat me review dunga sala chutiya",OAG,GEN,1
C9.298,"2 rs ki gym trainer thi randi ...cooker prize ne oski per night ki rate hike
kr di..aaj kal 1300/ night hai..",OAG,GEN,1
C4.707,"oh gaandu , ye movie hit hui kuki log relate kr gaye the isko...tu logo ko
thik kr bs...!! movie ki gaand maarne ki jrurt nhi hai , haa wo point thik hai
ki move on kr lena chahiye...!!! baaki sb log kr rhe hain phle se be...!! jo
hota hai uspe movie hai...!!!",OAG,GEN,1
C7.221,"Feminist rendi hai, halala ko kuch nhi bolte",OAG,GEN,1
C38.322,"[2:14](https://www.youtube.com/watch?v=ZzsAuDkXq1M&t=2m14s) tapad maroge...bc
pagal h tu...uski Kya glti h...bacha h vo tumhara...innse Kya umeed ki jaa
skti aur inse ladkiya shen nhi hoti... homosexual Kya shen hoga...gatiya log😡😡",OAG,GEN,1
C9.265,Sali kya hai sabko pata hai,OAG,GEN,1
C25.465,"ladki ka chakkar bf se.ladki ka baap police mein.498A laga ke 11 lac kama ke
gand mein daal liye.sab 498A khatam sala chutiya kanoon",OAG,GEN,1
C7.1711,Age badho bhot jyada intelligent Mt chodo,OAG,GEN,1
C7.966,"Mc tu review pr dhyan de n...  
Ye paltu ki ky leader baji ky kr raha hai bc... Baki log bina kapde ke ghume
ya bina bindi ke tu apn kam kr na😑",OAG,GEN,1
C36.588,"वो सारे गांडू लोग पहले गांड मरवाने के अधिकार के लिए धरना प्रदर्सन कर कर के
कानून बनवा कर गांड मरवा रहा है । इतनी सोच समझ और राष्टवादी किस्म के होते ये
लोग तो पहले सेना में जाने का अधिकार के लिए धरना प्रदर्सन करते । मरवाने दो सालो
को गांड कोई जरूरत नही सेना मर्द के लिए होती है हिजड़ो के लिए नही ।",OAG,GEN,1
C19.190,Bosdk spoilers dediye.gandu h kya tu,OAG,GEN,1
C36.317,"Nhi hona chahiye kyo ki hamari indian army ko veer chahiye gay nhi  
Jay hind",OAG,GEN,1
C10.268,"Arundhati Roy apni gaaaand lagataar marwaleni chahiye tha bhee isski kuzli
mitegi",OAG,GEN,1
C36.367,Gandu nahi chaye foj mein,OAG,GEN,1
C4.1939,"bhai ek no review.  
BC Youth ko gumrahhh krney Vala movei hai
[#Lavda](http://www.youtube.com/results?search_query=%23Lavda)
[#Singh](http://www.youtube.com/results?search_query=%23Singh)",OAG,GEN,1
C7.270,"Film hit ho gay ha na is liya apni maa chud wa raha ha log kadir singh is best
chemistry",OAG,GEN,1
C38.227,sabse jyada haryana wale hi gay sex krte hai bhadwe sala chutiya,OAG,GEN,1
C7.1505,"Jab nationalism se haar gaye to masculanity ko target kar rahe he bloody
feminists.",OAG,GEN,1
C33.208,Bakchodi...,OAG,GEN,1
C4.2264.2,Kabir MC kutta hai,OAG,GEN,1
C19.186,Madrchod dimag kharab kr diya,OAG,GEN,1
C4.2182.1,"@ching pong abe Randi ke aulad, teri gaand mein kya ho raha hai chutiye.",OAG,GEN,1
C9.27,Ye Rajdeep khud ek chuteya aadmi hai communist,OAG,GEN,1
C33.332,"Yar bhaiyo log aab to khule me ched rahe hai ladko ko admi or ladke gents
toilet me suru ho jate hai MC BC ye ho kya rha hai hate this",OAG,GEN,1
C7.1066.1,Oh bhn ki lori chod jygi phir tohaur movie bni toh tham ja,OAG,GEN,1
C36.353,"Mai to supreme Court ke faisale ko bi galat kahunga .  
Bc kahi bi allow ni krna chiye in ganduo ko.",OAG,GEN,1
C25.460,"Jhota 498a karne wali aurte raand se bhi battar hoti hai raand ek bar choodwa
ke paise leti hai aur aadmi free hokar chala jata hai.  
Mera matlab ye hai ke 498a karne wali aurte asal me bade darje ki raand hoti
hai  
Ju ki joohti shadi racaha kar mota paisa aur pati ke ghar par kabza kar leti
hai.  
498a cases 99.9 fake hote hai  
Tu meri salah hai ke jabbhi shadi kare soch samaj kar kare kahi aap bhi ye
bade darje wali raandu ka shikar na banajy....",OAG,GEN,1
C36.1030.1,Sahi kaha WO bhi chaake hain apni ghand aapas mein matte hain,OAG,GEN,1
C4.2144.5,Teri gand chodu,OAG,GEN,1
C10.1321.5,Kutti aur rand ko insult mat karna.,OAG,GEN,1
C4.243,"jo jo film dekh ke khudko kabir singh samaj rahe hai na saalon aisa lavda phek
ke marunga tum sabki preeti chud jaayegi",OAG,GEN,1
C38.598,"Us jaat bnde ka khene ka matlab tha mar daluga use but gand fat gyi camera
dekh ke chutiya sala shkl se hi frustrated lag rha hai for sure ye bnda andar
hi andar gay hoga but iski andar ita dum nahi hoga ki confess kre tabhi sala
age bhi apne bacho mai khaouf fila rha hai ..chutiya kahinka",OAG,NGEN,1
C4.2101.1,"@Feminism Is CANCER *un feminist yeh sahi hai  
but iska matlab ye thodi na hai ki saare women ko gaali de  
agar ek insaan ne rape kiya to uske wajh se hume v rapist sunna parega kya?",OAG,NGEN,1
C10.823,Kasturi is a jaahil,OAG,NGEN,1
C38.17,"isliya jat jhant hota hai....""main jat hu"".....use ye nehi pata Baki duniya
use jat nehi jhant bolte hai",OAG,NGEN,1
C36.627,"Indian soldier pakistani soldier ki gand ""marne"" wala chahiye ,nahi ki gand
""marvane"" wala",OAG,NGEN,1
C7.2300,Mai left se ek hi kaam karta hu Pichwada dhone ka 🤣😂😂😂,OAG,NGEN,1
C20.327.2,@Prabhat kumar ab tu choosega na. Tab saaf hojayega,OAG,NGEN,1
C7.177,Feminists chutiya h movie bahot kamal h bhai ji you are right,OAG,NGEN,1
C7.2368,"Feminist or Liberals ki maaki saale kabhi ek achi or good content ki movie se
kush nahi honge",OAG,NGEN,1
C7.1532,Ye apki ego ka issue mardo ka nhi.,OAG,NGEN,1
C38.511.1,"Arey beta chutiya, Tu idhar bhi aagaya apna regressive stigma leke.",OAG,NGEN,1
C4.2029.4,"@Eminem Vevo typical Indian mindset, jab kuch bolne ko nahi hai toh gaali
galoch, tu zeher khaa le saale dharti ke bhoj anpadh gawar maa baap ki anpadh
gawar low class aulaad !! Bhak loser",OAG,NGEN,1
C38.42,Khatam Matlab khatam 😆😆😆 uncle ko khatam hona mangta h apun,OAG,NGEN,1
C20.114,Nikal lawdi,OAG,NGEN,1
C21.2,Gaaandu uneducated Indian fool.,OAG,NGEN,1
C38.244,"[3:57](https://www.youtube.com/watch?v=ZzsAuDkXq1M&t=3m57s) bewakuf to ye admi
h sala",OAG,NGEN,1
C36.436,"One should cure this type of mental disability not increase it by
provocation.hawa diye ja rahe hain...kal 50 lakh ho jayenge....kyonki badhane
se hi badhta hai...ajkal ye shauk bhi ho chala hai...!shaukiya gay lesbian ka
game chal rha hai",OAG,NGEN,1
C38.444,Yellow shirt wale mera papa hota to mar dalta mai😠,OAG,NGEN,1
C4.1445,Bhakk teri ma ka...,OAG,NGEN,1
C36.422,"General shaab sahi hain.inh logo ne azaadhi ka gala fayda uthaya hain in he
Saudi Arab,Dubai aur Malaysia ki tarah Kore padhne chaiye",OAG,NGEN,1
C4.867.1,Ye chasmis kutta hi he,OAG,NGEN,1
C61.1550,apne awqaat main aahigiya akher main,OAG,NGEN,1
C4.869,"TUJE dusro ki Success me problem kya he be??khud kuchh karke dekha na,,,yesa
hi bhokte rahega kya ???kutte ke jesa ,,kutte jesa nhi tu to kutta hi he",OAG,NGEN,1
C61.276,"Garib Bada ho sakta hai lekin vikari kabhi bhi Bada ho nahi sakta hai tu ek
bhikhari tha hay rahega kyunki past bhul gaya",OAG,NGEN,1
C61.1008,Relway station mein rehna chahti ranu vikhari. Vikharion ki bejjati,OAG,NGEN,1
C36.1118,ye. kaafiron. ka. kaam. hai,OAG,NGEN,1
C68.201,Bakwaas band kar,OAG,NGEN,1
C4.994,Pehle bolna seekh,OAG,NGEN,1
C7.1984,Abe har bar ek hi bat karta hai...sirf review Kar na,OAG,NGEN,1
C58.341.2,Nahi tera bap,OAG,NGEN,1
C4.1836,"Chutiya movie h kabir Singh or usse bhi jyada bekar vo Actor h jo bina soche
samjhe Movie Sign. Kar lete h",OAG,NGEN,1
C38.195,JAAT TO SALE GAWAR HOTE HAI,OAG,NGEN,1
C7.2457,Kabir singh ne faad di librals or fake feministo ki,OAG,NGEN,1
C7.1271,abe chutiye ladki ko thappad kaise maara?,OAG,NGEN,1
C10.766,jute khani k leay pydha hue hai ye,OAG,NGEN,1
C38.186,"""kyunki main jaat hu"", abey tu jaat nahee chutiya hai, chutiya.",OAG,NGEN,1
C36.836.1,@Tahir Jamil bakhwas mast kar,OAG,NGEN,1
C4.723,Chal bhoadik,OAG,NGEN,1
C38.335,"Auto bale bhaiya is the best ek auto Bala itna broad minded h r Baki k vo mota
khud ko sambhal na pa rha bacha kya smbhalega r Jo khtm krne bale bhaiya h ink
khilaf kro complaint ye aage ya to murder hoge ya corrective rapist's r kuch
ni",OAG,NGEN,1
C7.1791,Movie bht acchi h...feminizer logo ki esi ki tesi,OAG,NGEN,1
C4.413,"Londe chutiye h sb. Movie dekh k bhot londo ko dekha Kabir banke ghum rahe
the.  
Bc aisi lnd movie se kon inspire ho skta h.  
Rande h sb londe.  
Bhot doston ko Shwetabh k video dekhne ka bataya maine. Bolte h chutiye
bakwaas krta h wo.  
Unko kya pta kitno ki life sahi kardi h is bande ne.",OAG,NGEN,1
C4.2030.4,"@Aditya Mishra Bahut paisa hai Salman ke paas toh Sabse best defence lawyers
hain uske saath, Isiliye Baar Baar Bach jata hai Saala, India mein yeh law aur
court toh Gareebon aur middle class logo ki gaand marne ke liye aur rich logo
ko bachane ke liye hai yaar.",OAG,NGEN,1
C10.188,"Suzanne kya karegi faltuka fiction likke desh ko gumrah ki......abi for try
karrahi hai...iss ki agent, communist ki tatti",OAG,NGEN,1
C4.609.5,"@Rupan Debnath inki video achhi lagti hai... lekin har video mne betich..d
behenc..d... bohat ugly lagta hai yaar... dusro ko inspire karte hne khud aise
words kyun bolte hne..  
Kabhi aise words sune hne ki baapch..d aur bhaich..d..... not rit yaar",OAG,NGEN,1
C7.1058,"Galat kuch v nhi that movie Mai bas ek do baat ki skool college ke pehle din
jaan na pehchaan kisi larki ko Bina pooche kiss kar Lena ..  
Ya far film ka shahrukh Khan ban ke larki ko jabardasti patana..  
If this is liberal or feminism for u than believe me u r not rightest. But you
are fucking sychopath..!!!",OAG,NGEN,1
C36.863.3,To tu fail hoga aur wah ghand Marni hain dushman ki na ki maarwani hain,OAG,NGEN,1
C4.1518,Bhai tu h zhaddand ... Tujko real-life ka jhaat experience nahi h,OAG,NGEN,1
C7.983,maha jhatu movie hai....guys don't waste ur 💰,OAG,NGEN,1
C7.2578.1,but saho movie toh tatti hai,OAG,NGEN,1
C10.404,kungfu kutha roy,OAG,NGEN,1
C38.275,"or ha wo Grey shirt wala uncle khrha h ki ye hmara culture ni h. to kya hmara
culture apne bchho ko jaan se marna h agr wo homo ho jaye to !!!! hmara
culture rape krna h !! bolo... agr culture ko itna mnate ho to ... ye jeans.
shirt or ye wrist watch mt phno ...... dhoti kurta me aa jao..... Culture
mante ho to Achhaiyo ko follow kro...",OAG,NGEN,1
C7.166,"Jio bhai, aurat ho k bolti Hun! Feminist faltu Kam karte hai!",OAG,NGEN,1
C38.333,Jaat mota hai jo..bhagwan isi k ghr m paida kre..isko bhi bnade,OAG,NGEN,1
C7.1177,"Jo aatanwadi ke liye sympathy de wo liberal nahi ho sakta na hi hota hai .ye
tumne apne dimaag mein baitha liya hai ki liberals aisa hi karte hain .kis
liberal ki baat kar raha hai name it.",OAG,NGEN,1
C38.687,"Kya hua timeliners patience khatam!channel aage nahi bad raha to aise hi video
banoge kya!hr youtube channel ka yehi hai..aaage badne ke lie bs aise adult
topics uthao!shame on u",OAG,NGEN,1
C36.738.4,Fauj h koi tumare bap ka ghr nhi h.bdi aai nhi to gyan dene wali,OAG,NGEN,1
C7.108,"Aapko lgta hai ki ye maar peet Nasha krna theek hai .acha guide KR raeh ho aap
.pehle ye dekho Kya dikhaya ja raha hai .just shut up",OAG,NGEN,1
C7.982,Feminism working women se hatt ke sex alcohol pe aa gya he,OAG,NGEN,1
C4.1638,"desh ko barbaad Bollywood ni neta Kar rahe h har galat kaam ko permission neta
hi dete h feminism b netao ki den h . farzi netao ko Sirf vote chahiye .Jab
tak deserving candidates minister ni banenge tab tak farziwaada fake feminism
crime badta hi jaega i.infact yeh desh barbaad ho jaega.",OAG,NGEN,1
C4.607,"Koi chutiye lakshay Chaudhary ko  
Ye video dikhao  
Maha chutiya hai wo",OAG,NGEN,1
C7.541,Dhanyavaad chutiya ji,OAG,NGEN,1
C10.513,"Yaad rakhna...Gand fatne wali hai ranga-billa or kunfu-kutto ki..... Budhape
me aurat sathiya gayee hai",OAG,NGEN,1
C7.1687.4,"atiq rehman nikal lawfe phir , pehli fursat m nikal.",OAG,NGEN,1
C38.92,"Ye jaat admi number 1 dogla h  
Achche se samaj ae inko iskie English words no like😂😂",OAG,NGEN,1
C38.544,jaat or jhat,OAG,NGEN,1
C38.663,jaat he ki jhatwa saale.,OAG,NGEN,1
C10.953,"Yar ye chopra tho aaj kastro bana fir raha hai isane sale nee apana buut khud
hi piche banwa kar rakh liya hai 🤣😂😂😂bludy jockar 🍼🍼🍼🍼",OAG,NGEN,1
C36.540.1,Homosexual hijde nhi hote,OAG,NGEN,1
C61.888,Sali vikarin cody sali ranagat vik mago ranu mondal,OAG,NGEN,1
C7.1736,"Feminist ki maa ki aankh..main gussa feel kar paa raha hu..Mere man me bhi
yahi aakrosh hai",OAG,NGEN,1
C61.69,Kisi ko auqadh se jiyada nhi milna chahiye .. Get lost,OAG,NGEN,1
C26.140,"Weldon jahangir bhai aise kutto k sath aisa he hona... duro k ma papo ko kuch
smjhte he nhi ye log...",OAG,NGEN,1
C20.291,katayi chootiya aurat hai.......,OAG,NGEN,1
C38.418,"Jatt wale ko do lagao aur teedha kar do, so [simple.lol](http://simple.lol/)",OAG,NGEN,1
C7.875,Abe chutiya ho Kya .... Anapado vali bat karte ho ....,OAG,NGEN,1
C4.1001,"Abe uska baap ni maan rha tha shaadi ke liye. Kitni Koshish kri thi. Haan to
hume pta h ki vo doctor h aur paisa andha h. Sirf Chutiyo ne hi kabir singh
without reality ni Dekhi we smatpeople have watched it. Aur kisise battamizi
ni kri thi usne bina baat.",OAG,NGEN,1
C61.1412,Purv kutta wala,OAG,NGEN,1
C7.1319.2,"Kaminaa yee.....  
Isko [jangle.me](http://jangle.me/) chod do..  
Review ke naam pe..Galat salat bate bolke..  
Young generation kharab kara..kamina!",OAG,NGEN,1
C4.469.3,"😂 sahi bola, bhai itna free kaun hota hai? Itni bholi bhali bataya hai usko,
aur jo saamnewala kar raha hai uske maze le rahi hai, na roka na toka, stupid
idiot",OAG,NGEN,1
C36.1016.1,"Ganduo ko leftist support karke Hindusthan aur Hindustan ki sanskriti ko
barbad karna chahte he.",OAG,NGEN,1
C4.857,Kal sandeep ji ka majak ..aur aaj shahid ji ka?😠kya he be Rascal,OAG,NGEN,1
C61.1830,Selfish aurat,OAG,NGEN,1
C4.1347,"Ye chutiyapa sirf Bollywood main hi hota hai hollywood main na song hote hai
or na ye pyaar ka chutiyapa hota hai 😂😂😂😂😅",OAG,NGEN,1
C4.1980,Dislike karne wale saal sub chutie hai..like if u agree..,OAG,NGEN,1
C4.1378,"Bollywood leftist yehi toh chahta hai.... Indian men aur womenka bitch duri
banana.... Taki Indian culture ko khatam kar sake.... Successful bhi ho raha
hai...",OAG,NGEN,1
C4.360,"Tu pagal hai,, apna check up kra,",OAG,NGEN,1
C4.877.3,Sandeep bhai xodo yesa pagal ko ...ham sab ko pagal banaayega,OAG,NGEN,1
C38.439,aney ye kon chutiya sanskriti bta raha hai,OAG,NGEN,1
C10.588,Arundati kungfu kuthiya h😅😅,OAG,NGEN,1
C7.1361,"Abe zandu gadhe, story analysis k chakkar me film ke scene revile kar raha
hai...chutiya saala",OAG,NGEN,1
C36.1108.1,Londiya pgla gyi h lgta hai..,OAG,NGEN,1
C7.559,"Kya strawman ka rayta failaya hua hai, kuchh bhi....  
Kisi ko ye movie pasand nahi aayi to wo aatankwadiyo ka supporter hai, Abe
chutiyape ki bhi limit hoti hai.",OAG,NGEN,1
C61.742,"Ramesh ji aapane kar diya Ek Bhikhari ko singer Banakar aap to bahut bada
Galti kar diya Ranu ji ji abhi Jhooth baat bolata hai vah Bhikhari tha vah bol
raha hai main Bhikhari nahin tha isliye Hamara gaon wala ka bolna hai isko
Niche Gira do aur aur iska gana band kara do Ho Bhikhari tha Achcha tha aur
aur Bhikhari Rahana chahie",OAG,NGEN,1
C36.757.1,"@Random Guy khaki faukat time tum jaise kain pass hota hain jho apne fayde ke
liye aarmi ko aarmi ko bharbhad Marne ki firak mein note hain.tum zaise Nazi
ki aur mohd.ghagni ki nagayag aulad ho .agar tu itna busy hain tho bakhwas
bhaji mat kar",OAG,NGEN,1
C4.820,Chutiye bnd kr ye sab,OAG,NGEN,1
C7.611,"<https://youtu.be/0Gy3yBPwevM>  
Bhai is cancer ka kuchh karo  
Chutiye log",OAG,NGEN,1
C4.694.4,@KHAN SHAHAB hate kaha bola jhaatu.....uski movies jhaatu hoti hai ye bola,OAG,NGEN,1
C4.1795,Ending chutiyon wali thi movie kii bc,OAG,NGEN,1
C10.118,"Iska Baal chilwa kar kaleekh poto aur laat maar kar desh se bahar karna
chahiye",OAG,NGEN,1
C25.541,ladkiyan bitch hoti hain,OAG,NGEN,1
C4.979,"Bhai bollywodd ke writer ke baare me jo baat aap bolte ho wo proove ho gya...
Bigg boss ke show me ek bollywood writer aaya hai... Wo akhand chutiya hai....",OAG,NGEN,1
C7.2322,"Wo expect kar rahe the Shahid sharukh Khan jese samundar jaake chutiyapa kare
haath felake",OAG,NGEN,1
C4.698,"Bol tu chahe kuch bhi le ...sai ho galat ho seperate baat hai ...lekin all
over kahani yhi hai ki tere channel pe har us chiz pe video aayegi jo present
time me views de sakti hai...ek point tak acceptable bhi hai chalo lekin teri
koi hadh ni hai kyuki tu kewal ur kewal views chapne ke liye camera uthata
hai...iske alawa koi ur wajah ni dikhti...ek aisa hot topic ni hoga jispe teri
video ni hogi.",OAG,NGEN,1
C36.774.2,Ha tu cum karke goli chalana border pe.,OAG,NGEN,1
C68.167,"Kutta Jaise kutta hi rahata hai vaise Bhikhari Bhikari rahata hai usko mere
pass bhej do bheek mangne ke liye usko Laat Maar Ke Bhaga do my village
Siliguri 👠👢🤑😡😠👎🐕🐐🐐",OAG,NGEN,1
C7.2323,Kya review hai yaar chutiyagiri,OAG,NGEN,1
C10.280,"Bilkul tum log sab kommnasht wale ranga billa aur kungfu kutton ki n j y j
aulad he ho. Inko aaj se kungfu kutta naam se he bulao kyonki inhone apne baap
ka naam bata dia hey. Good kommnashton ne apna naamkaran khud he kar Lia.",OAG,NGEN,1
C7.971,"Yar main atah Hun movie review dekhne , aur dekh ke jata Hun har bar political
chutiyapa",OAG,NGEN,1
C4.1207,"मे तो कहता कि तू chutiya है ये जो आप बता रहे हैं है ना कि सब chutiya PA है भाई
सबको पता है कि मूवी ने ऐक्टिंग ही होती है इस मे कोई नई बात नहीं है इस वीडियो
में मुझे तो तुम chutiye लगे",OAG,NGEN,1
C7.677.3,Toh Nikal chutiye kyu Dekh Raha hai?,OAG,NGEN,1
C36.773,India main se sabhi gandu.o.ko.mardalna chahiye..,OAG,NGEN,1
C61.1297,Pagal aurat,OAG,NGEN,1
C7.1920,Bhadwa borade 😂,OAG,NGEN,1
C20.296,Sali,OAG,NGEN,1
C4.2173.2,"@Gaurav abey anpadh gawar tujhe pata hai woh dawood ke chamche hai ? Gawar
gaandu woh hisaab se toh akshay kumar bhi Modi ka chamcha hai",OAG,NGEN,1
C7.678,"Bro ye feminist ko alag desh basa lena chahiye sab feminist waha chale jaye
apna rules chalaye ye chutiye hamari duniya ko na badle hum happy hai ak ladka
ladki k bina adhoora hai aur ak ladki ladke k bina....",OAG,NGEN,1
C43.172,"Koi saala smelly pandit nai Bolaa kuch iske hilaaf be hahahaha 😂😂😜😜 wo Saale b
gandooo 😂😂😂 India congratulations hahaha GANDU forever",OAG,NGEN,1
C7.2499,"bhai sahi batta ra hu jo mere andar baate hai na wo aapne iss video me kahi
hai dil khush ho gaya fake feminists ki ga$d jala ke",OAG,NGEN,1
C7.1730,"एक बिल्ली के पीछे जब कोई कुत्ता पड़ा हो तो बिल्ली पहले अपनी जान बचा कर भागने का
पूरा प्रयास करती है, जबकि बिल्ली के दांत नाखून उसकी उसकी फुर्ती, काफी हद तक
कुत्ते से ज्यादा घातक हैं लेकिन फिर भी वो भागती है, इस उम्मीद में कई शायद जान
बचाकर भागने में ही ज्यादा भलाई है। किंतु जब उसके सामने ऐसी स्थिति आ जाए की अब
भागने का कोई रास्ता शेष नहीं बचा हो तो वह अपने बचाव में कुत्ते के सामने डटकर
खड़ी हो जाती है। ऐसे में अगर कोई बुद्धिजीवी यह कहे कि बिल्ली कट्टर और असहिष्णु
हो गई है, कुत्ते को जरा सा काटने भी नहीं दे रही है! कुत्ता तो बेचारा सिर्फ
प्यार से थोड़ा सा काटना चाहता था तो आप खुद अनुमान लगाएं की उस स्वघोषित
बुद्धिजीवी को क्या कहा जाए! आज के परिपेक्ष्य में बिल्कुल यही बिल्ली जैसी दशा
हिंदुओं की भी है।  
  
हजारो वर्षों से हिन्दू बस भाग रहे थे,इस उम्मीद में की शायद भागने से उनकी जान
बच जाए । वो अफगानिस्तान से भागे, पाकिस्तान से भागे, बांग्लादेश से भागे, कश्मीर
से भागे। आगे ऐसा प्रतीत होता है कि केरल और बंगाल से भी भागेंगे। उन्होंने कभी
भी तलवार उठा कर लड़ने का साहस नहीं किया  
  
लेकिन भागते भागते हिंदुओं को इस बात का अब आभास हो गया कि अब शायद भागने का कोई
रास्ता नहीं बचा है। अब हर तरफ से सारे रास्ते बंद हो गए हैं।  
  
तो बस,, मजबूरी में ही सही, लेकिन उन्होंने अंत में मुकाबला करने का फैसला कर
लिया है।  
  
अब आप चाहें तो इसे कट्टरता कहें या असहिष्णुता, या कोई और भारी भरकम शब्द। आपकी
मर्जी है।h",OAG,NGEN,1
C7.602,Tu tu chutiyaa hai,OAG,NGEN,1
C7.1707,"Kabhi ye sabh baato se upar uthke k movie ka review karo yaar....sach me mai
pakk gaya aapka review dekh k...aap movie review choddke k....koi ngo joine
karo yaar...kya Libera ...kya faminise yehi bolte rehte ho haar movie me...mai
sach me pareshan hogaya aapke review dekh dekh k",OAG,NGEN,1
C4.1520,Bollywood totally chutiyapa he...,OAG,NGEN,1
C38.609,yellow shirt vale jat ki gand todo,OAG,NGEN,1
C10.835,Kung Fu kutta(arnab goswami)😂😂😂😂😂😂😂😂😂😂😂😂😂😂😂😂,OAG,NGEN,1
C38.586.1,Aao kiya Delhi kabhi tumhe bhi randawa baba ke bejenge,OAG,NGEN,1
C7.1484,Bhai kuch bhi bol rha hain ye puri movie chutiyapa hain,OAG,NGEN,1
C4.438,Chutiya saal la 😂😂😂😂,OAG,NGEN,1
C4.1529,"Bhai mujhe to sbse jyada gussa Ayushmann Khurrana ki 'Andhadhunda' pr aa rhi
h, jisko pata nahi kin chutiya Board walo ne 'National Award' de diya😡  
Matlab ye log sarkar Ko bhi paisa khilate h!",OAG,NGEN,1
C10.1289,"Communist kutti, Rangi Bili..... Shakal se saitan, aakal se haivan. Desh ki
dushman......",OAG,NGEN,1
C59.361,"Louda...Aaa...bhikirin...khali Aaa...uskay Aagay kuch hay ki Nahin...Rly wali
khoj raheeay..",OAG,NGEN,1
C10.1186,When Payal was arrested unnecessarily without reason why not this Pagal kutthi,OAG,NGEN,1
C10.1429.1,"Sadak par baith ja katora lekar, fir hai hai kar",OAG,NGEN,1
C7.552,Chutiye tere jaise hee rote ha,OAG,NGEN,1
C7.427,"Kabir Singh movie mein jitna bhi Hindi galiya hai sab mute karke Rakha🤐.. aur
jitna bhi e English bad language hai sab openle Rakha hua hai .😮  
  
matlab kya hai iska .🤔  
  
Hum logoko English galiyan ki meaning nahin maloom ..🤯  
😡😠Nahin B C hum loG to chutiya hai na hum logoko maloom nahi hai FUCK OF ka
matlab ..",OAG,NGEN,1
C58.220,Modal ke hata sala😥😥😥,OAG,NGEN,1
C10.834,Kung fu kutta Naam rakhne ki kya Jaroorat hai Hume Pata hai tum kutte ho 😂🤣🤣🤣,OAG,NGEN,1
C10.229,she is congress kuthiya hai. is liye bolthi hai.,OAG,NGEN,1
C4.1527.4,"@यश कुमार abe tere ko kabir singh kya koi bhi ladka tera khichai karega aab
dekh tu yahaan bewaja ragged go raha hai..film ko maximum log pasand ki to
tera gaand mein kyu kujli ho raha hai?",OAG,NGEN,1
C10.236,Tum tu khud buht bada kuta ho bhonkta rehta ho,OAG,NGEN,1
C4.877.2,Ye kutta na sab ko apna jesa banayega...is channel ko strike marna hoga !,OAG,NGEN,1
C38.69,ghand k pagal indians,OAG,NGEN,1
C38.30,"[2:12](https://www.youtube.com/watch?v=ZzsAuDkXq1M&t=2m12s) inse bade chutiye
Kahi na honge sale padhe likhe hai ya gawaar such fuckin people",OAG,NGEN,1
C43.166.2,"Do straight ppl show thier love only in room??? .. Jhaadio k niche.. Pedo k
piche.. Parks k andar.. Metro k bheetar... Ab terese puch k toh koi apni
feeling nhi dikhayega.. So u better shut up..",OAG,NGEN,1
C38.259,"Ha Indian culture is rape karna fir murder karna. Education makes intelligent.
Why are you asking to those gawar jaahil uneducated people ? Jaahil logo ka
baat sunke hi dimaag garam ho jata hai.. koi point nehi matlab nehi bewakoof
bass bolte hai.. There is nothing called INDIAN CULTURE hum jo karenge or
sochenge wahi culture banega in future.",OAG,NGEN,1
C68.1110,you are right bhai...me iss kamini ki gaana nahi sunta hu,OAG,NGEN,1
C38.155,"[2:37](https://www.youtube.com/watch?v=ZzsAuDkXq1M&t=2m37s) yar ye society kya
hai Is india se me Bohut hate karta hu Har baath Hamere society tumhari life
society ko kya karna",OAG,NGEN,1
C7.1552,Pagal khanne sei bahar kabb ayia tu,OAG,NGEN,1
C7.716,"कुल मिलाकर ये फिल्म चूतियों के लिए है जिनकी जिन्दगी में लौंडिया बाजी के आलावा
कुछ रखा नहीं है कॉलेज का मतलब करियर.बनाना नहीं लौंडियाबाजी और बाप के कैश पर ऐश
करना होता है ऐसी घटिया फिल्मों को फ्लॉप ही होना चाहिए जिसमें नंगाई हवस के
अलावा कुछ नहीं होता है ऐसी फिल्में समाज में गंदगी फैलाने और लड़कीबाजी को बढझावा
देने के लिए बनतीं हैं ताकी काण्डो बनाने वाली कम्पनियां अपना माल धड़ल्ले से बेच
सकें मुझे ऐसी घटिया फिल्मों में कोई अच्छाई नज़र नहीं आती समझ नहीं आता कि
ऐसीफिल्मों को कोई भी क्रिटीक कैसे अच्छाई ढूंढ सकत है । ऐसी ही घटिया फिल्मों की
बाढ़ सीआ रही है आजकल।",OAG,NGEN,1
C36.993.5,"Bhuvnesh tiwari tum sahi ho yeh Vidhi Chaudhary jaise dalal cheer gaayi hain .
yeah kya jhane apne bhaajhood ko.yeh khuda nirlaj hain",OAG,NGEN,1
C7.1632,"Ye liberals and Feminists ki baat aap kar rahe ho vo Film Companion ka review
hain...saale dogle😏😏",OAG,NGEN,1
C4.2173.4,"@Gaurav abey anpadh ke bachche they are actors doing their job saale badsoorat
jobless loser",OAG,NGEN,1
C4.1688,Kabir Singh aur rapist mein koi antar ni h,OAG,NGEN,1
C7.1103,"I can make sure Yeh banda aaj tak single hai, hila hila K Thak gya is liyea
Yeh Itna chutiyapa faila rha hai.",OAG,NGEN,1
C36.947,"Agr tum log homosexual hote  
Aur jab isi karan se job nahi milti  
Tab tumhe samajh ata ki wo log kitni pareshani jhelte hai  
Apni soch badlo  
( Yeh un logo ke liye hai Jo homosexuals ko sirf ek majak samajhte hai )",OAG,NGEN,1
C7.1719,"Bhai jitne aap dukhi ho in doglo se utna hi jyada mai dukhi hu in fact mera
mann karta hai mai ek shooter ban jau or aise doglo ko chun chun ke maru",OAG,NGEN,1
C4.681,"Bhayi chahte Kyaaaaaaa ho tum  
  
  
Chutiyo ko samjhane ne see kuch ni hoga  
Vo vohi rahenge  
Aap dekhte nahi ho Kya log actors ko pagalon ki tarah follow karte hain",OAG,NGEN,1
C7.1091,Tum ek number ke maha chutiya insaan ho itni Bakwaas kyo karte ho 😒😒😒😒😒😒,OAG,NGEN,1
C4.908,"भेचो bollywood में कितना प्यार दिखाते है। कौन करता है इतना प्यार। Creativity
की गान्ड मार दी है चूतियों ने और इनसे बड़ी चूतिया तो वो पब्लिक है जो ऐसी
फिल्मों को 400 करोड़ कमवा रही है।",OAG,NGEN,1
C10.681,Bhadve kon debate me bait Hindu Muslim Kar rahe ho,OAG,NGEN,1
C38.711,ye yellow shirt wala kya chutiya hai kya,OAG,NGEN,1
C7.1364,"Main shuddha desi rashtravadi aadmi hoon... na to me fmnist hoon aur na hi
leftist par fir bhi ye movie mujhe bilkul pasand ni aai... jese 4 more shots
har galat cheez ko sahi sabit karne ke liye banai gai thi wese hi ye film har
galat cheez ko sahi sabit karne ke liye banai gai he... aur prateek bhai tum
gyan tab dena jab yahi sab tumhari2 bahan ke sath kare aur fir tum uss ladke
ko sahi kaho...",OAG,NGEN,1
C7.313,Tum chutiya ho be,OAG,NGEN,1
C38.211,"[2:33](https://www.youtube.com/watch?v=ZzsAuDkXq1M&t=2m33s) Saale! Society ko
jo bolna hai, bolne de. Hum sabse alag ho ya same ho, society toh chutyagiri
karti hee hai judge karke.",OAG,NGEN,1
C36.1149.2,**Jab Bhagwan Ko apni marji hi chalani hai to hame paida hi kyu Kiya**,OAG,NGEN,1
C7.1170,Movie reviwe kiya kar ziyada desh bhakat mat ban,OAG,NGEN,1
C10.1085,Arundhati ko thok do,OAG,NGEN,1
C4.1536,"Duniya ke saare log chutiya hai & Tum bade smart ho.... tumara advice 12-14
saalo ke baccho ke liye thik hai but jinhone tumse zyada zindegi dekha hai
unko maat sikhao.",OAG,NGEN,1
C10.624,"Sahi ye kotta hai. Isko pahal arrest karo  
Chutiya",OAG,NGEN,1
C38.563,"Maza a jaye agar woh driver jaisi shakal wale bande ka ladka gay nikle 😂 fir
uska beta hi usse khatam karega!",OAG,NGEN,1
C7.1537,Are yarr review कर ने बकवास करे,OAG,NGEN,1
C4.2173.3,"@sanjay amarnani Voh sare Dawood ke chamche hain jo nationalism ke naam par
hum Hindu logo ko bewakoof bana rahe hain. Aap kin logo ko defend kar rahe ho?
Hosh mein rahiye. Yeh sab log aatankwadi hain. Inhe marna hi hoga.",OAG,NGEN,1
C10.221,Arundhati Roy= Sadi Kutti,OAG,NGEN,1
C36.816.1,"Fokat baate kyu karti h bawli, time ho toh thoda aur padh le Phir shayad tere
ko maloom padh jaye ki tere ko aisa kyu nahi bolna chahiye tha, tum jaise bas
yaha baith ke lambi lambi feko.. 😠",OAG,NGEN,1
C4.1980.2,"@Ashish Kushwaha lol... Kabir Singh chutiya hai, ye sab chutiyapa daikh kar hi
India duniya mai India mai Chutiyo ki sab say jayada population hai",OAG,NGEN,1
C36.1075.2,Tu sala sakl se meetha lag raha,OAG,NGEN,1
C10.747,"U know Mr arnab. Media is 4th Piller of democracy .but you are such a shameful
.  
And the 2nd thing is ,sarkar jab desh ki janta se majak hi kr rhi hai apne is
dusre karykaal me to arundhti roy ñe Kya galat kaha.  
Sarkar ko hamne kaam krne ke liye bheja hai ,naaki UPA government ke padchinho
pe chlne ke liye. Jaruri thodi hai ki Congress laaie thi NRC or NPR. To modi
ji bhi laenge.  
Agar apki modi ya prakash javdekar se baat hoti hai to kah do ki kuch kaam
Kare ,logo ko chutiya bnana band kare.nahi to jaise Maharashtra or jharkhand
me gaie hai. Waise 2024 me bhi jaegi.",OAG,NGEN,1
C7.1498,"Ye aadmi liberal aur feminist se jyada bimar lag ra h.. itna stereotype paal
rakha h apne andar k sirf liberals ka virodh krne k liye regressive ho gya h,
logic accept hi nai krna chahta.. uss movie me uska mental state dikhaya to wo
ek tarah se glorification h kyuki wo pura boss bana hua h baki sb chutiye h,
ladki b dilli ki h lekin uske samne dabbu, thappar khati h aur bhai ki baandi
ho jati h",OAG,NGEN,1
C36.1130.1,"@Ahmad Baloch kya hota hai astitva khona jante ho?? Apne logo ko(lgbt) jaise
na apnana, unhe samaj me jagar na dena, hamesha unhe bura kahna, unhe insan na
samajhna aur fir unko ghut ghut ker jine k liye majboor kar dena.........ye
hota hai astitva khona................you have no idea what you are talking
about.....bataya na jo khud gay ya fir lesbian hai...wo ni jante to fir baki
log ko samajhne me to 10 saal lag jaenge...rahne do tum bhi.",OAG,NGEN,1
C61.503,"Are bhikhari ki bacha khub jol tu bhik mangegi .sali beiman ourat tu moregi
.kutta jaisa teri awaz niklegi .",OAG,NGEN,1
C10.716,Jab kutiya(arundhati roy ) pagal ho hi gai hai to goli maar ke khatam karo,OAG,NGEN,1
C4.872,to tu banja na Director ...Directors ko q niche giraraha????,OAG,NGEN,1
C4.1553,"Bc gandu movie hai yeh kabir singh  
bc itni guuuu movie hai bata nahi sakta aisa pyaar hota hai kya...  
Jhatu salaa movie ki guuu kr rakha hai.... pyaar ki bhii maari hai ismai
chhhiiii chhiiiiii guuuu movie bc chhhiiii guuuuuu😠😡😡😡😡😡😡😡😡😡😠😠😠😡😡😡😡",OAG,NGEN,1
C7.178,"movie m shahid ki acting achi h ... bt ye mat kaho ki movie m sb kuch acha tha
... and jb aap kh rhe ho kbir singh se gultiyan hui h toh phir ager kisi ne
neagtive critisize ker bhi diya toh isme m kya gult h ... ye feminize kaha se
hua ... preeti ka thappad marna and kabir singh ka thappad marne m difference
tha ....",OAG,NGEN,1
C38.601,"bhai mr jaat..agar comment pd rha h to tu sun....apne bhains dimag se nikli
baato ko jaato pe na lekr aa..😎😣😣😣",OAG,NGEN,1
C4.867,"Tu hena bahot mahan,,RASCAL...Dusro ki success me interfere karta he ,,KUTTA",OAG,NGEN,1
C61.1799,Sali bekhari tu fir ayaga .platfrom m,OAG,NGEN,1
C9.310.4,"Kutte , leader chuna hai logo ne",OAG,NGEN,1
C10.1026,Dalla ...,OAG,NGEN,1
C4.2045,"Bas barbad karahe h youngster ko..glamour life ye sab dikha ke ..log chutiyo
ki tarah accept karahe h ...pta nahi kya hoga pyar wyar bakwas",OAG,NGEN,1
C10.170,yeh whatsup university ka kutta hai kapil,OAG,NGEN,1
C10.308,"Zameer, insaniyat sab mar gaya .....  
Killing Democracy...  
Arnab Goswami speak other shut up....",OAG,NGEN,1
C4.2029.2,"@Eminem Vevo abey anpadh maa baap ki anpadh aulaad spelling barabar likh pehle
phir type kar saale anpadh low class gutterchaap ..",OAG,NGEN,1
C7.1515,Aapka dimag sadh Gaya hai,OAG,NGEN,1
C68.1170,"Bikari khavi vi
Dhani nahi ho sakta",OAG,NGEN,1
C10.722,Shakal se hi chudail hai ye arundhati !,OAG,NGEN,1
C10.1431.1,AA TOOO GHADHADEE HAI -,OAG,NGEN,1
C61.293,Vag sale,OAG,NGEN,1
C68.75,Uski mu me sabki gu chur ke marooo bhai,OAG,NGEN,1
C4.1550,"society soch ke aab script writer likhne baithengein????? b hai, agar tere
mein itna dimaag hai toh tu script likh.... tera channel chal hi raha hai
dusre ka accha or buda justify karke..... tera khud ka kuch creativity
bata....",OAG,NGEN,1
C10.895,"Arundhati shakal ,akal, vicharon or pahanave se चुड़ैल lagati hai !!!!",OAG,NGEN,1
C4.860,ab aaya aukaad pe bade bhai bolne lgaaa..ab sahi h,OAG,NGEN,1
C38.268,Host chutiya h ek no ki .koi interest hi Ni dikha rhi thi public relations pe,OAG,NGEN,1
C21.8,"Sare angrez ke chude we  
Akshy Khana ko sahi Hindi nahi aati wo bhi angrezi bol Raha hai",OAG,NGEN,1
C7.1063.1,Tere jaise chutiyo ke vidio hum nhi dekhte pata nhi kaha se aa gya tera vidio,OAG,NGEN,1
C38.520,"[1:37](http://www.youtube.com/watch?v=ZzsAuDkXq1M&t=1m37s) bhai pet sambhal
fir bol kuch. Bhadwo ki kami nahi hai",OAG,NGEN,1
C36.975.1,Marwale apni,OAG,NGEN,1
C38.58,"[3:47](https://www.youtube.com/watch?v=ZzsAuDkXq1M&t=3m47s) me tereko khatam
Kar doongi  
Uncultured swine",OAG,NGEN,1
C59.1487,Sali Ko mar do,OAG,NGEN,1
C38.309,By birth Kon hota h homosexual 🤣🤣🤣🤣🤣,OAG,NGEN,1
C7.984,Feminism ke naam pr ab bas chutiyapa hota he,OAG,NGEN,1
C7.2168,"Bhai mujhe ye Bata knife point pe koi rape threat karta hai ; ye toxic
masculinity nhi hai ? Grow up, chutiye!",OAG,NGEN,1
C10.1083,Is buddhe chutie ko kyu bulate ho,OAG,NGEN,1
C4.877,"Tuje itna problem he to q dekha KABIR SINGH,,,n u r saying shahid is
garbage....JUST FUCK OFF FROM HERE",OAG,NGEN,1
C7.1469,Dil khol jata hai jab **Taimuir** word sunta hu.,OAG,NGEN,1
C7.907,"Ye chutiye feminists ko Dear Zindagi Wala dialogue pasand aaya hoga....Sofa
lene see pehoe 4 sofe or baith k trial krte hain phir pasand krte hain...had
it been a dialogue by Alia to SRK...tab ye kuch aur hi Matlab nikalte",OAG,NGEN,1
C4.2216.4,Kuch chutiye hote hai jo hamesha dislike hi karte no matter video kaisi bhi ho,OAG,NGEN,1
C4.532,चुतिया है,OAG,NGEN,1
C4.1805,"Jhatu move jhatu Herooo or jhatu woo log jinkooo ye move pasand aayi. Saree
smackchiyo koo pasand ayi.",OAG,NGEN,1
C7.967,Chutiye spoiler warning to deta!,OAG,NGEN,1
C36.259.2,"yeni Bharat mein army cheif bhi law ko follow nahi krte tuh army kia khaak
follow karegi !",OAG,NGEN,1
C58.366,Tera bapki Renu mondl Sali kamini pagl renu,OAG,NGEN,1
C61.1225,Pagali sale vikre,OAG,NGEN,1
C38.72,"Yrr ye uncle keu accept nhe krega ..motu khe Ka ..I'm gay muje koi Kuch BOL ke
dikhay mu tod dunga",OAG,NGEN,1
C7.860,"Jispe bitati h vhi janta hai  
Ye feminist kya krenge sale",OAG,NGEN,1
C7.2528,"Liberals aur feminist sare chutiye hai aur ese chutiyo ko follow krne wale
unse bade chutiye hai...choriye chutiye to chutiye he rhenge...",OAG,NGEN,1
C7.966.1,"Abbey to yeh wala point aaj ke movie se related hai issi liye to dikhaya hai
Lekin AAP BC mc likne mein bahut busy Rahi hongi shayad iss liye miss kar
diya..",OAG,NGEN,1
C10.874,Kung fu kutta. Arnab you nailed it. Maja agya. Sahi Naam bataya,OAG,NGEN,1
C4.862,Jhaantu movie ek dum... 🤣 🤣 🤣 Bc.... Itna chutiyapa kaun krta.....,OAG,NGEN,1
C38.581,cutiye hai sab,OAG,NGEN,1
C4.240,"Bollywood bhot badi chirand h india mai  
Agar isko sahi raste pe lana h to hume KHUD se shuru karna padega  
Inn salo ko jab tak paise milte rhenge ye ese chutiyapa karte rahenge  
Inki aakal jo hilana padega",OAG,NGEN,1
C7.1594,"Unpado ko ye video bhut pasand aayega. Thodi si bhi buddhi hai to ye pata hoga
feminist aur pseudo feminist me Fark hota hai. Hn me feminist hu liberal hu
aur esa kuch nahi sochta jaisa ye vyakti bol RHA hai.",OAG,NGEN,1
C36.656,"[7:32](https://www.youtube.com/watch?v=ayIic-YKjEg&t=7m32s) obama khud gandu
hai",OAG,NGEN,1
C7.1107,"wo bhi chutiya tum bhi chutiya ...ye Bollywood aur media mil ke sabko chutiya
bna rha hey....par kabir singh thik hi lga.... entertainment....mze lo...yar",OAG,NGEN,1
C36.1112.2,"@My loving vishu bakhwas bhaand kar aapni Mahabharata ghada kho badhnaam mat
kar",OAG,NGEN,1
C36.870.1,"Abe oo bistar p Jang karne k liye humane fozz nhi rkhi ha,pit jayenge sale..",OAG,NGEN,1
C10.1319,Gosde Murdabad .,OAG,NGEN,1
C43.165.5,"Saran Kumar Satnami 'pehle private meh karte the' matlab tu jake check karta
tha na...",OAG,NGEN,1
C36.901,सीमा पर पाकिस्तानियो की गांड मारनी है मरवाक़े नही लेनी उनको सीमा पर भेजके.,OAG,NGEN,1
C38.736.3,"Accha to tumhare hisab se jo homosexual ha sirf uski jarurat ha??? Bloody
dumbass",OAG,NGEN,1
C4.683,Daru pe ke operations karta thaa chtutiyaa salaaa,OAG,NGEN,1
C20.159.3,"@Gauri Nawathe same comment agar north korea me north korea ke liye bola hota
to L lag jate sath me puri family ke bhi L lag jate ...... Be proud to be an
indian ... India me jitni freedom milti hai na baki kisi bhi country me nai
milti",OAG,NGEN,1
C61.565,"Please koi isshe chup karao bengal k sath humare Bihar mey v virus fail raha
hey...😂🤣😂🤣",OAG,NGEN,1
C38.391,"kya homosexuality bekar ...pehle yeh rape wagera ..women khe condition aacha
karo...women are not safe and these people are talking about homosexuality
waah",OAG,NGEN,1
C4.1224,Tu bhut bda chutiya h,OAG,NGEN,1
C10.1438.2,Bhai tu sudhrega nahi 😂🤣😂🤣,OAG,NGEN,1
C4.861,"Chalo guys is kuttta ke channel ko strike marte he ..coz..ye sab succeed ko
magak banata he😠😠😠",OAG,NGEN,1
C4.2003.2,"@Nil The Captain acha matlab tu kahna chahta hain ki kabir singh bohot achi
movie hain ho ga bhi kyu na tujhe toe yahi sab acha lagta hain jisme ke yah
dekhaiye ke kaise larki patay. Aur south ke filmo ko bura vhala mat bol unke
jaisa koi nahi bana sakta",OAG,NGEN,1
C4.414,Bhenchod filmko film ki tarah dekho. And film wise it's outstanding.,OAG,NGEN,1
C61.12,"Ranu Mandal ko support mat karo Kyunki usne dusre Garib ko Badnaam kya hai
Sali",OAG,NGEN,1
C46.228,"Fansi koi saza nahi fansi ki matlab mukti enlogon ki saaza hay zinda rakhke
katna suru payer se gala last katna padega ankhe fodkar tezab dalna padega
flim gang jal jaisa",OAG,NGEN,1
C36.231,Nhi hone chahiye koi homosexual in Indian army... That's it..,OAG,NGEN,1
C4.491,"AAP SACHMUCH CHUTIYAA HO JO DUSRO KO TO GYAN BAAT TAA HAI .KHUD APNI REAL LIFE
MEI APNI BAATO PE STABLE NAHI REHTAA .BHAAD MEI JAA TU FRAUD",OAG,NGEN,1
C10.1191,"Nafrat karo, etni karo, bhar bhar kay karo kay doob maro, janwar salo, janwar
bhee sharam karta ho gah tum par nasoor salo,",OAG,NGEN,1
C7.1794,Bhai tu bkchodi km kiya kr or film pr baaat kiya kr😡,OAG,NGEN,1
C10.875,Chetan chutiye ko chup karao,OAG,NGEN,1
C7.1570,"Excellent 👍👌 always.. partik ji.. rewiews...sir libarands n others... Jo
boltey hy likhtey hy..muhhey ek hi reason samajh me aata hy partik ji..inka
khoon laal.. nhi.. kaala or gandha khoon hy... apne hi desh me rahkar..apne
desh ke liye negitive hi likhtey hy..so sad...ek insaan apne desh ko duniya me
ek nhi pahchaan bananey me laga hy or ye librals n others kitna hi
negitive???????end nhi hy..i salute you sir..aap ki bebaak Rai ke liye.
Sunildewan",OAG,NGEN,1
C7.2165.1,"@Hitesh Padhy agr ese he kamra rathee jaide burger chaap intelactuall one sidd
bstey krte rahnge unko.bhi gali pdti rahegi",OAG,NGEN,1
C7.1440,"Nice brother ye saaale pseudo feminist ......aaata jata kuch h nhi....bsss
bakwas krte h....",OAG,NGEN,1
C4.1024,"abge sale bollywood ko ulta sidha bolta hai tu kon hai be sale tu khud garbage
hai",OAG,NGEN,1
C38.742,"if u r reading this..and have watched this...chill .. sab theek hai...tere
baap ka kush nhi gya na tera. apna dekh ..chill",OAG,NGEN,1
C38.152,"oh yellow wale Gol uncle jda na mat bolo...ese Ni hota h...or ye khatam kr
Dunga...wale Uncle alag pagal h...unko milwao Zara kisi LGBT WALE se hoss udh
jayenge...itne ache h hote h ye Sab...ok na hass mat gold gappe... Hariyana ka
h toh kya kre...",OAG,NGEN,1
C36.867,Shi bat h Bharat k admi bde hrami h aur inko to Bharat se bhr Nikal do gays ko,OAG,NGEN,1
C4.1670,"Sab chutiye jo comments me likh rahe hai bakwas movie hai ladki slave hai n
all...in sabko sanju movie pasand ayi hogi....jisme vo camod dal detaa hai
mangalsutra samjah se sonam ke galle me phir bolta hai 350 lakdiyo ke sath
soyaa hai ..tab tum bhadwe taali mar rahe the ab kabir singh me commitment
kyaa hotaa hai vo dikhaya hai to takleef ho rahi hai",OAG,NGEN,1
C36.777,Chutia general,OAG,NGEN,1
C7.2019,"Shame on you yaar Movie review de...ye sab feminist ke bareme kiya ulta sidha
bolraha hai tu fucker",OAG,NGEN,1
C10.1436,"RANGA BILLA were RAPISTS , She is a GANDI KUTTIYA",OAG,NGEN,1
C4.390,Itni Panchayat kyun krta h bhaii... chutiya smjh ra Kya sbko,OAG,NGEN,1
C4.120,Ha ha chal apne baap ko mat sikha,OAG,NGEN,1
C38.371,Auto vale Bahiya ke paas jyada akal hai uss chutiye se,OAG,NGEN,1
C38.632,"topic badiya hai...video mast hai... opinion bhi bawal hai lekin sala mike ka
jaath ugg aaya hai kya....",OAG,NGEN,1
C4.872.1,"@rahat ahmed achha tum log serious nhi lerahe ,,,to be RASCAL Kabir singh yesa
he ,,besa he ,ganda bolkar q serious horaha ???",OAG,NGEN,1
C36.919,Lgta hai... Dislike krne wale sare homosexual he honge,OAG,NGEN,1
C7.1100,"Hello tum kon hote ho kisiko liberal ya aur kuch kahne ka. Tumare Baat se lgta
hai tum ek pakka RSS bhakt ho jo hmare Desh ki culture , bhaichara sb khatm
krne me Tula hai. Iske khilaf to tum khabi nhi Bolte. Aur kisko is film se
problem ho rha hai bhai . Chut mut ka kisto arop lga rhe ho smajme nhi arha
hai.",OAG,NGEN,1
C4.297,Pagal h tu itna sabkooo pata h .. tere jaise log hi sochte h movie dekhke itna,OAG,NGEN,1
C4.1527.3,"@SOURAV ROY Wah Sabit bhi kar dia kaisa admi hai tu. Gali bak ke dikha diya
kitna khokhla admi hai tu. Bas itna bolunga tjhe ki jab kabhi bhi maturity
ayegi na to ye zarur sochega ki kya kar rha tha mai. meri baat tab yaad ayegi.
aur kya bolu tujh jaise se muh lagana hi bekar hai.  
tujh jaise bas facebook,youtube par lad sakte hai comment krke real life me
fat jati hai tumhari.",OAG,NGEN,1
C38.377,"[3:47](https://www.youtube.com/watch?v=ZzsAuDkXq1M&t=3m47s) kitna gawar hai
yeh admi ...chutiya saala ...muze mil jaye ...usko khatam kar dunga mein ....",OAG,NGEN,1
C36.1073,"Homosexual एक बकवास सोच है जो leagle कर दिया गया है सबसे पहले SC के मुख्नयधीस
को शादी करवा देना चाहिए",OAG,NGEN,1
C36.709,Artificial Homosexual ko to zinda jalado,OAG,NGEN,1
C4.2152,"Bas tu hi shi hai. Bhajan chalaoge movie mein sala dekhne kon jata hai? Jo yeh
tumhari videos bhi dkehte hai woh bhi 95% aisi movies hi pasand krte
hain...Bakwaas scenes bhi bahut hai but aisa hota bhi hai.",OAG,NGEN,1
C59.1873,"pagal hai bhai tu ..such mai..bogwan k chakar is mai karaf kiya hai...r a mara
pagal bhai mar hi jaa tu...aa tuu",OAG,NGEN,1
C7.407,Kya chutiya channel hai,OAG,NGEN,1
C38.133,us mote ke pet main ghusa maarne ka mann kr r h...🤣,OAG,NGEN,1
C7.465,chutiya hai ye feminists,OAG,NGEN,1
C7.1610,"In feminist ko koi Rx 100 dikhado inki gand fat jayegi pratik bhai plz ek
reviews daldo telegu hindi dubbed youtube pe hai ye",OAG,NGEN,1
C10.801,"ye media waley log inko kitna b zaleel ker lein laiken ye log modi ki bharwa
giri nh chorein gein kamal hy yaar poora media kitni koshesh ker raha hy kay
modi jo ker raha hy theek hy chahy india toot jay laiken inki kuta giri
wafaadari modi kay saath hy",OAG,NGEN,1
C7.1741,मारो साले लिबरांडुओँ को ।,OAG,NGEN,1
C7.1879,Bhadva aagya,OAG,NGEN,1
C36.407,"Yaha kuchh chutiye comment me bol rahe hai ki agar Homosexuals army me aa gye
to war ke time wo G.... Marwane chale jaayenge.... to aise gaandu soch walo ko
yahi bolna chahunga ki USA or France me to Homosexuals allowed hai Army or
defence me, to kya kisi ko doubt hai USA ki Army ki taakat pr..... Besharm log
bol rahe hai ki Army me homosexuals ko laane se Bharat ko Mahaan desh nahi rah
jaayega....Ek inshaan(homosexuals) ke saath Janwar se bhi battar treat krne
wale ye dogle log chale hai Bharat ko ek mahaan desh banaane....",OAG,NGEN,1
C4.1260,kuch chutiye kabir Singh bane honge movie dek kar 😂😂😆😆😆😆😂,OAG,NGEN,1
C9.203.1,तू तो सुअर बन गया।,OAG,NGEN,1
C26.107,"Bhai bahut badhiya kiya saala ush jaj ko bhi dhund ke maarna tha jisne yeh
kanoon banaya tha sbhi ladko ko ek hone ki jarurat hai pr kuch saale napunsak
hai jo aurato ki gulami krne ko tayaar baithe hai.",OAG,NGEN,1
C10.313.1,Aur Tera Allah hai Mera kutta,OAG,NGEN,1
C4.1022,"Bhaiya ye sawal mere man me tha bahut Maja Aya ye sali film industry bahut
kharab hai",OAG,NGEN,1
C10.957,"Tera address dedenge nd naam rkhenge desh drohi kutiya,dont speak about our
Modi ji like this,godsay bnne me der nii lgegi hmko.  
Nikl",OAG,NGEN,1
C4.43,"Bollywood = Ek regressive Char kaudi ki industry (Dec, 2019)😅",OAG,NGEN,1
C10.1385.4,@Pankaj Kumar sach kaha us priyanka reddy ki jagah isko maarte,OAG,NGEN,1
C26.139,"police ya court to kuch krte nhi acha jo jahangir bhai ne apni mumy ki mot ka
badla khud le liya aise haramkhoro k sath aisa he hona chaiye I m salute.
jahangir bhai g.....",OAG,NGEN,1
C25.560.1,Abbey sale chuitiye,OAG,NGEN,1
C10.510,"Is lady ko bandriya bolana chahiye  
  
Pagal aurat deshdhrohi hai jail me dalo esako",OAG,NGEN,1
C36.894,"Bipin rawat … great person …… baaki Indian society ise accept krne me 25 saal
to laga degi ar phir bhi village ar town me aise log discriminatory hi rahenge
,,...… ar agar ise army me allow kiya gya to pta chalega wha log serve krne ki
jagah faltu kaam krnge ar roj kch na kch allegations aate rahenge ………ar
homosexuality to sayad mental, psychological , harmonal imbalance jaisse
problem hi h",OAG,NGEN,1
C7.1833,tumko girls ki ajadi se itni jalan kyu hoti hai... ye unki life hai,OAG,NGEN,1
C10.868,Chutiyaa Congressi chuup ho jah.,OAG,NGEN,1
C4.1810.1,Kabir singh chutiya hai,OAG,NGEN,1
C9.1.2,Aapse yah nivedan hai ke aap is chutiya ko kabhi na bhulaye,OAG,NGEN,1
C4.666.1,Thum sab kai sab chutya ho. Fuck bollywood fuck t series,OAG,NGEN,1
C38.229,"And the grey shirt wala guy...dono ko khatam krunga...like
what?...bhai...mere...kharoch lagadega na tu choti si...sir se leke pair
tak...2 tukdo me faad dunga tereko...mai...",OAG,NGEN,1
C10.1167,"Ye gddar lugai h antkwad ko bdava de rhi h esko ilaj police kre. Esko utakr
jail me dalo or pichwade pe maro dbake Ye tukde geng ki Randi h ase gddaro ke
liye hindustan me koi jgh nhi honi chahiye. Shameless lugai. Esko bi bgao
hindustan se lgta h eska ksm mula hoga h.",OAG,NGEN,1
C4.1471.1,"Vo bakchod hai agar useke upar video banane lage na hum bhi uske Jesse tatti
ho jayenge",OAG,NGEN,1
C4.1714,"[10:25](https://www.youtube.com/watch?v=N_ZMfQMZos0&t=10m25s) its bcoz aapke
aisi truth bolne ki aukaat nhi h bollywood ki",OAG,NGEN,1
C43.165,Ye log ab khulle me sex karenge pehle private mai karte the,OAG,NGEN,1
C68.643,Ranu mandal ko sappal se maro,OAG,NGEN,1
C7.107,"Bhai four more shots to ghatiya hai hi par kabir singh bhi kam nhi h.. in sab
k baavjood sirf ye smjh aata hai ki tere reviews gender specific hote hai
tujhe sirf teri moral values thik lgni chahiye baki story bhad m jaye...
Actual moral values bhad me jaye...",OAG,NGEN,1
C7.1256,"Are ye film mein jarurat se jhadha sarabi , nasha or pagalpan dikhaya gaya he!  
Or pyar mein pagal hona thik he lekin ek ladaki ke alava us ladake ka mata
pita or bhai hote hein na to unki jhindgi ka hoga  
Or sabse badi baat e film se hame ka sikneko milta he?",OAG,NGEN,1
C4.1980.1,"@Narendra Modi hahaha...so true....Kabir Singh ko hero maanne wale kaafi
chutiya hai is desh me",OAG,NGEN,1
C4.1980.4,Tu bhe chutiya,OAG,NGEN,1
C4.2218,"Bollywood Tatti hai jo public toilet se nikal kar YouTube toilet Mai aagai hai
💩💩💩",OAG,NGEN,1
C61.1939,"Ranu Mandal ko juton Ka han Har pehnao aur aur Ranaghat 6 number platform per
Bita 2 coming soon Ranu Di Ranaghat platform number 6",OAG,NGEN,1
C61.1489,Apna aoukad vul gya ranu,OAG,NGEN,1
C7.1819,"Indian Army toh zindabaad hai...par tu ekdum chutiya hai jo ek rapist aur
womanizer ka support kar raha hai.  
Movie ke bahane, BJP ka bhadwa ban raha hai...😂😂😂",OAG,NGEN,1
C10.176,yeh sunset chopra laga hai bhokne,OAG,NGEN,1
C7.1574,तू सच मे बड़ा चुटिया है रे बंधु😂,OAG,NGEN,1
C20.33,Challll challl challl chutiyaaaa saali,OAG,NGEN,1
C68.314,Ranu beiman...kichar ka kire ko kichar me hi sova milta he sofa me nehi,OAG,NGEN,1
C10.1449.5,"@Shubhankit Sudhakar sohih bola aapne. missionaries r paying huge 2 media,
bollywood mafias, celebrities. Jada kalakar, journalist convert ho suka.bishop
rape korke bhag jate hei leken koi celebrity, media christians ka kilaf kuch
nehi bolte hei . har ek ko dusri evangelical nam hei, inno ne chupa te hei
loggo se. Prannay roy ovi christian, prannoy james roy . usha utup ovi
christian. ham hindu o ko ullo bana rahe. muslman jihad korte hei, leken
christian hamra khun chuste hei andhor mei gus kor.",OAG,NGEN,1
C61.1488,Attitude Kam karrr😠,OAG,NGEN,1
C4.702.3,और तू चूथिया है🤣🤣🤣,OAG,NGEN,1
C59.1007,"Ranu mondol ahankari ho goyi hai...mehnot korke hoyi nahi....usko kiya pota
mehnot kiya hai...",OAG,NGEN,1
C10.1350,"A R ne bahut Harram ka paisa bana liya Rishwaten li Bharath ke Dushmanon se is
Gaddar ki full Tahkeekat honi chahiye iske Sambndh kis se hain iske pas kitni
Sampatti aur kahan kahan hai Yeh Muslim Naxal Gaddar Parast hai isko Fansi
honi chahiye",OAG,NGEN,1
C4.1984.3,"@Narendra Modi Koi nahi jirha he chutiye..  
  
Or modi ka naam lga ke eesa chutiyap comments mt kr😂  
its just a movie koi nahi jita",OAG,NGEN,1
C7.1412,"बिल्कुल आरएसएस विचारधारा है भाई तेरी...गोडसे भगवान है तुम लोगो का....महिला ना
होती तो तू भी ऩा इस धरती पर होता....फूलन देवी को बैन करने वाले भी तो तूम जैसे
लोग थे...शूद्र को बैन करने वाले भी तुम जैसे संघी थे........तुम सावरकर जैसे
दलाल के चमचे से यहीं उम्मीद की जा सकती है,......अपने चैनल का नाम मोदी भक्त रख
ले",OAG,NGEN,1
C10.613,"Bhaiyo Arundhati Roy ko maaf karo, E Aurat shubh shubha 90 maarke aayi, 🤣🤣🤣Jab
arrest hoga e aurat bolega ki mai nashe me thi.",OAG,NGEN,1
C7.1101,"Aajkal chutiyea jinko Kabhi Ladki Nahi Mili, Wo video Bna Bna k Apna
frustration Nikal rhe hain.",OAG,NGEN,1
C10.814,yeh desh me gaddar hai jo muslim ko bewkoof banate hai.,OAG,NGEN,1
C36.1109,"I agree with army, ab force main mithe honge to ladne ka josh ghanta ayega
......ye Saale tik tok tak hi sahi hai :) and plz humanity aur equality ka
rona rone wale chutiye hate comment na kare",OAG,NGEN,1
C7.998,"Chalo koi to aaya Safai dene. Nahi to sale sare movie reviewer movie Ko review
hi nahi kiye...Kabir ke character Ko review kiye aur rating v usi basis pe de
diye. Itna powerful story aur itna Powerful acting aur music ki koi reviewer
bat hi nahi Kiya. Sab chutiye hai sale. Keep it up bro",OAG,NGEN,1
C7.186,Kaun chutiye dislike kiye,OAG,NGEN,1
C38.392,"Homosexuality it is not that much big ,which make big by Indian orthodox
people,  
Agr ye chize itni hi foreign culture ki lagti h to foreign culture ka food bhi
banned kr dena chahiye , vo to nhi krte..pizza to Khate hi h  
Sari chizo me log apna convinience dekhte h bs",OAG,NGEN,1
C7.365,"jab jab fool hona cool ban jata hai tab tab chutiyapa failanewalon ka janam
hota hai",OAG,NGEN,1
C10.313,"Arnab tera naam hai , modi ka kuuta",OAG,NGEN,1
C4.915.1,"Ha Agar kabir singh ka sequel aaye ga to wo Prime Minister bhi ban jaye ga....
Kabir Singh jai sa chutiya college toper kai se ho sakta hai",OAG,NGEN,1
C7.1942,"Maine Kabir Singh nahi dekhi hai,lekin Arjun Reddy dekhi hai,aur itna jaanta
hun ke dono bilkul same movie hain,uske basis pe apna comment likh rha
hun.Obsessiveness,aggressiveness aur violent dominating behaviour sirf self
destruction nahi hota bhaiya.Aur itni si baat samajhne ke liye liberal aur
feminist hone ki zaroorat nahi hoti.Aisi bakwaas aur ghatiya insan ko as a
protagonist present karne waali film bhi bakwaas aur ghatiya hoti hai.",OAG,NGEN,1
C7.757.3,"agr wo bewda ladka kabir jitna hi successful ar pyaar krne wala hoga to mujhe
koi prblm nhi bss usme gussa wala prblm nhi hona chahiye",OAG,NGEN,1
C7.1758,"Aap feminism aur liberalism k bare me kitna padhe hai aur kitna jaante hain.
Aur agar nahi jante to fir ulta seedha q baqte hain??",OAG,NGEN,1
C7.1442,"Multiple relationship banane wale aj kal k logo k gaal par thappad h ye
movie...  
Four more shot please and veere Di wedding Jaisi chize banane walo ko to bann
kar dena chahiye zindagi bhar ke liye...  
Dhaashu review...",OAG,NGEN,1
C7.1064,"Bhai ek bat meri samaj me nahi aati ki ham en bhadvo ko gambhirta se kyon lete
he en haramio ka kam hi zahar failana he",OAG,NGEN,1
C7.1615,"भाई ये मूवी मस्त था, लेकिन कुछ चीज जैसे शुरुआत में रैगिंग, फिर ज़बरदस्ती लड़की
के पढ़ाई लिखाई में दखल देना या फिर उसके अकादमिक लाइफ को अपने हिसाब से चलना. या
फिर क्लास में उसका मित्र कौन होगा ये तय करना. और लड़की का डर के मारे इसको
स्वीकार करना. ईमानदारी से कहु तो ये गलत लगा मुझे. मान लीजिये वो लड़की अपनी बहन
या बेटी हों तो कैसा लगेगा",OAG,NGEN,1
C7.1049,"Inke wajah se rone se acha inhe rulao... 😠😠😠 aur inko problem kya h?? Agar koi
ladki simple yaa sobar h, to in kamino ko taklif hoti h?? Kyuuu wo bhi to
ladki h 😠😠😠😠",OAG,NGEN,1
C7.2478,Liberals ki maa ki,OAG,NGEN,1
C20.354.1,"2.5 star really. Kyun gand jal gaya is movie se kyonki feminist expose hui na.
I have free advice for you.Use 🔥 burnol. That will help you.",OAG,NGEN,1
C7.1282,"He bhagwan ye liberals ko or feminists ko sbko maar de bas duniya ka bhala ho
jayega 😠😠😠😠😠😠😠😠😠😠😠😠😠",OAG,NGEN,1
C36.549,हिजड़ा डिसलाइक कर रहे हैं,OAG,NGEN,1
C38.693,jaat dimag se chutye hute h ....shakal se bhi,OAG,NGEN,1
C10.679,"Arundati Aapki janam diya maa baap danya jeevi hi ek mentally disabled beti ko
yaha chod diya",OAG,NGEN,1
C38.677,"Kuch dhang ki videos bana,Kya bakwas hai is Tarah to time pass bhi Na
hota,kamaie karne ki koi aur jariya dhoondh le.",OAG,NGEN,1
C36.954,Bhadwa kaanoon Indian Army me nahi chalta,OAG,NGEN,1
C61.2173,Gadar,OAG,NGEN,1
C10.1321.3,Kung thoo gadhaia hai,OAG,NGEN,1
C10.746,Saala haramkhor arnab gaali khane layak hai ye insaan,OAG,NGEN,1
C9.149,Ye chutiya khud is beemari se paresaan hai.,OAG,NGEN,1
C4.985,Chutiye..,OAG,NGEN,1
