ID,Text,Label
facebook_corpus_msr_462570,Wondering why Educated Ambassador is struggling to pay through Credit/Debit at a Decent Restaurant! Cant imagine that diplomat of a Developed nation is not having a Card and he needs Cash only for Dinner.,1
facebook_corpus_msr_450994,Not good job.....this guis creating a problem n our socacity,1
facebook_corpus_msr_443046,absolutely! the deeper you dive the shallower cushion you have .,1
facebook_corpus_msr_2111210,"Brown Sahib , anti national leftist commies , media and Muslim pandering Hindu sick-O-Lars have milked ""secularism"" to all it was worth to render it into a mere failed slogan . Sick-O-Larism has been nothing more than continuation of British policy of ""divide and rule"" . That RSS is opposed to ""the idea of secularism"" , absolutely  because it has been used as a dagger into the heart of Hindus , Hinduism and Hindustan .",1
facebook_corpus_msr_469159,For tht those hv more thn 2 flats or 2 land is legal rest has to surrender properties to govt,1
facebook_corpus_msr_1723874,This problem is occur only in India not in other countries?,1
facebook_corpus_msr_445648,In government office implement the online transactions... also all parties should show off their account transaction for running their elections in RTI.,1
facebook_corpus_msr_382223,Unfortunately this is wat indian govt is capable of doing!!!!...i dint vote for modiji to see such crap..,1
facebook_corpus_msr_445669,People talk about common man suffering all the time.This is the same country where thousands laid their lives for freedom.Cant the common man endure little trouble to stand in queues for the greater good.,1
facebook_corpus_msr_470981,I visited 5 atm but I cont able to withdraw from money..not working..,1
facebook_corpus_msr_450764,"Modi ji,  all the Pain & nö Real Gain.",1
facebook_corpus_msr_334884,"Hell with BJP. All political  parties are corrupt and I do not like anyone. They are there to only make money whomsoever you may vote.  But supporting Naxalites who kill our soldiers,  taking side of JNU students who shout ""Bharat ke tukde Katenge"" and Afzhal Guru tere Katil jinda hai and very recent ""there is nothing wrong in chanting Pakistan zhindabad "" are all attributed to this man. Hence he is decidedly antinational.",1
facebook_corpus_msr_2127025,"udhav has shown bjp its place,bravo shivsena",1
facebook_corpus_msr_326806,Unebeivable atory. Some time back India was wrongly claiming surgical strikes in Pakistan and now claiming surgicam strike  by Pakistan. Wrong again.,1
facebook_corpus_msr_335002,"Tollywood Parbhas Die Heart Fans Where Is Parbhas Acting in Bahubali 2 😂😂😂😂😂Bahubali 2 it's Graphics Cartoon Movie Don't Compare Indian Cinema Bollywood Movies Khan Acting Aamir , Salman & Shahrukh Acting",1
facebook_corpus_msr_328128,People will be happy if they have at 2 km,1
facebook_corpus_msr_1723900,Tweet or Hate ??,1
facebook_corpus_msr_1945453,Indian Express found Shirish Kunder more acknowledgeable personality    for front page news --- This is where standard of Indian express gone down -- Oh I forgot Wife of Sitaram Yachur is resident editor of Indian Express --- Then it is ok,1
facebook_corpus_msr_1561701,#ENTERTAINMENT | Karan Johar might have Justin Bieber to kick off the sixth season of #KoffeeWithKaran.,1
facebook_corpus_msr_2260838,But that's hypothetical. BJP will never win.,1
facebook_corpus_msr_1521636,I'm not a salman fan mate but i think you are a fan of zee news nano chit in 2000 notes and lets not talk about intellect here coz people who have low intellect judge people based on their choices,1
facebook_corpus_msr_1833357,But lynching was never a part of the freedom struggle but how can the chaddis who were always chamchas of the British know that?,1
facebook_corpus_msr_326860,"Dear India,  stop playing with the emotions of your people for votes.",1
facebook_corpus_msr_1805313,Anna hazare is agent,1
facebook_corpus_msr_329986,Ask the khans to do it... Any ways they kill them when drunk.... And then start with being human,1
facebook_corpus_msr_330974,"You can be sure that the gunman was a white American (christian and not a muslim), otherwise the headline would read ""muslim"" and not ""Beer-drinking"" as the first word.  There would be more calls for Trump's  ""muslim ban"", which the world's laughing stock has failed to implement - but will the great Orange One now call for a ""Beer-drinking ban""?",1
facebook_corpus_msr_443958,If you cannot do any good for your country   at least support those who are trying to do something better for country. Today whole world recognise India just because of Modi.,1
facebook_corpus_msr_2073039,man what's with you people copy pasting the same comment everywhere.. don't y'all get tired..,1
facebook_corpus_msr_2020815,As per Zee News 405 for seats for BJP in UP. Total constituency is 403. Two seats given by Zee News on free of cost.,1
facebook_corpus_msr_327859,Irony is your display picture at one end you are happy seeing some one innocent dying and at other end you are praying to not kill an innocent,1
facebook_corpus_msr_221647,No one can defeat Modi now Bihari people might be saddened they dint elect bjp jdu a burden for them,1
facebook_corpus_msr_1805515,This puppet came out for MCD election #chutiya,1
facebook_corpus_msr_1614499,"They r getting benefits as those areas r not getting used that's why's , start ing roads will make them weak ,",1
facebook_corpus_msr_329013,So they fired across the border then went in to mutilate the corpses . Sorry I don't buy this at all.,1
facebook_corpus_msr_1762565,"Yes sir. That, of course will happen. When cow become President, PM, CM, MP, MLA and human loiter on road foraging for food, dying after swallowing plastic.",1
facebook_corpus_msr_1403043,"True, any good work is opposed by group of vested interest.In fact our political parties often support such elements in search of vote banks. Aggressive media activism is also absent. Hi",1
facebook_corpus_msr_2018502,TRUE,1
facebook_corpus_msr_1735840,".However, reservation is not poverty alleviation scheme, it is there for only those social groups, historically who has been exploited, marginalized, rendered weaker. Muslims wanted window within OBCs, Supreme Court says, you can create subwindow within OBCs, without breaching 50% barrier, but not on the basis of religion.",1
facebook_corpus_msr_2081757,I am for freedom of speech but against the lampooning freedom of speech of another young person!,1
facebook_corpus_msr_1897089,He  should be payed by police who kept the money with them. Or as promised RBI,1
facebook_corpus_msr_1805654,Mouni baba open mouth,1
facebook_corpus_msr_1804975,"Anna, unfortunately, has lost all credibility. He has conveniently forgotten the Lokpal bill.  He is saffron under the skin. Kejriwal on the other hand transformed the face of Indian politics. The major parties have quietly adopted everything he stood for.",1
facebook_corpus_msr_1723335,"1). Rule says that loudspeakers should not be used between 10pm and 6am.

2)""If Muslims have the right to give azaan, non-Muslims have the right to sleep peacefully."" High court verdict",1
facebook_corpus_msr_492174,I wanna meet the girl who said the iPhone is user friendly!!!,1
facebook_corpus_msr_323706,Hope u get well soon. My wishes for u. I got it there's no point wasting my time to make u understand anything. All the best buddy.,1
facebook_corpus_msr_446433,There are many people who are dumb enuf to undrstand dese things,1
facebook_corpus_msr_1804942,"Bhaiya sabse pahle ye hai kon... mahangaayi badhi to banwaas pr gaye hue the,
Note ban pr ese ghayab hue jaise gadhe k sir se seeng,
Patrol and eatables price hike pr to ye mr india ban gaye the k kahin dikhe hi nahi.  Or ab aagaye neend se jaag kar k chalo thoda publicity b lelun.",1
facebook_corpus_msr_422044,"Congratulations Bmp & Modiji, Please do something to develop India, Except good speeches",1
facebook_corpus_msr_329970,Obviously haven't read about turning the other cheek. Funny kind of Christian fellow.,1
facebook_corpus_msr_1956946,Modi ji's elevation too was so ominous that some sickulars and antidemocratic individuals declared that they would leave the country if he becomes PM! Same black forces are now chanting the same mantras oblivious of the fact that this is 21st century and people can differentiate between chalk and cheese!,1
facebook_corpus_msr_1922865,NDA rules party 🎉 good governance 😝😝,1
facebook_corpus_msr_2018698,"Bhai this is not mainstream. Even Mira Rajput said third wave feminism is destructive.

And yes, mainstream feminists are indeed bullies. They keep on rioting and creating ruckus. They hate free speech, they conceal facts, they project lies etc (I have evidence for all of it. So please counter my perspective and not my facts)",1
facebook_corpus_msr_1956229,These were happening 24×7. But the administration was always in sleeping mode.,1
facebook_corpus_msr_2018619,She has been so priveleged all her life. But we have to work to meet our ends. We don't get to make our choices.,1
facebook_corpus_msr_1979691,"Dear Indian Express, I feel sorry to write that your journalists are out there to misinterpret events and present them in a distorted manner just to make some sensational headlines. The news about upcoming singer Nahid Afreen has been prepared without proper research and investigation. It was very sad to see that your journalists don't even know the difference between fatwa and appeal. A fatwa is a non-binding legal opinion issued only by a qualified jurist (Mufti) on a request by someone who is unable to understand religious guidelines whereas the leaflet that is being circulated and presented as Fatwa is just a hard copy of an appeal signed by 46 men who believe in religious practices. The merit of appeal can be discussed on many grounds and in many dimensions but first and foremost, an appeal can not be called a legal opinion (Fatwa). We expect apology from your side for such a mistake.",1
facebook_corpus_msr_441682,sharukh travels in a broad gauge ......steam engine reporter can stop whistling for every steam during the news,1
facebook_corpus_msr_1922808,He should be allowed to travel in goods train carrying beasts..he is as worth as they are. That luxary is more than enough for him (it!!!).,1
facebook_corpus_msr_330895,Heh turkey is the 3rd class pathetic country i know.,1
facebook_corpus_msr_1731689,Digesting cattle food,1
facebook_corpus_msr_1956971,"Illiterates have started teaching to highest literacy rate people now.
Do u know ur literacy rate in world among muslims ? It is just 0.27%.
Horrible..! The lowest literacy rate among all religions.",1
facebook_corpus_msr_503524,Our Hon'ble governor is Best  But Some one not ......,1
facebook_corpus_msr_334891,Sitaram Yechury is an amiable person from the Marxist lobby dominated by the hardcore ideologues.As a member of the upper house he contributed very constructively.,1
facebook_corpus_msr_1723569,"If it is to be banned, then it should be banned for all other religions as well.",1
facebook_corpus_msr_1804941,Sanghi dose mila hai Annaji ko fir se kyunki  Delhi me jo MCD election hai filhal.. Ab sab ko samajh gaye hai Lokpal aur corruption crusader kitne paani me hai aur kis k saath hai.,1
facebook_corpus_msr_399105,Who care what she eat... Even she eat poo we don't care,1
facebook_corpus_msr_1943090,4 people died and Indian express finds humour in it..rip journalism..,1
facebook_corpus_msr_431267,Modi banded 500-1000 notes. So his next step should be to band congress party,1
facebook_corpus_msr_495265,What does the word cost mean? Does it take foreign debt into consideration? Does it consider human wealth?,1
facebook_corpus_msr_466226,"Mr. Narang it's just the matter of time, I am not stupid enough to believe that govts works for the betterment of masses.. you need to read thoroughly The Prince by Niccolo or the Republic by Plato. I am sure once this govt complete it's term in the office we will have bigger scams to quote... And that's what Dr. Manmohan Singh is talking about...",1
facebook_corpus_msr_2018673,For what reason?ifu,1
facebook_corpus_msr_329038,"Nothing new on it. Indians only gossip, take action instead of spreading failures",1
facebook_corpus_msr_2081696,Sehwag your comments made  no  sense  at all.   You should  not have made the stupid comparison.  There is a big difference cricketer  and a martyr .,1
facebook_corpus_msr_463813,"I bought One Plus 2 just about two months ago..2 days back I dropped it and got the entire screen cracked. Though it is working fine.
But I am not able to repair it due to unavailability of service centre in Jammu & Kashmir...
It's frustrating",1
facebook_corpus_msr_331182,Cows are definitely gonna vote for Modi ji in 2019 ;),1
facebook_corpus_msr_1563620,Why am I not surprised. Another dictatorship begins to form,1
facebook_corpus_msr_1805469,Anna Hazard is a novice now. His voice has got no value.,1
facebook_corpus_msr_331419,We have enough support already . Turkey isn't our ally more like a traitor & have come to solve Kashmir issue lol,1
facebook_corpus_msr_1804925,"Perfect example of ""Vridha asharam- when people can just see and repeat words which they have heard in early morning "" Indian media is using AANA JI to take only wrong or negative  comments either it's for BJP or AAP .... but would say POOR PERFORMANCE",1
facebook_corpus_msr_2032100,Do you have any doubt? Why was he holding some many pistols and ammunition etc ?If he is not when police rounded up why was he holding up and firing at police?,1
facebook_corpus_msr_2126947,"Bt massive win?
Seriously?",1
facebook_corpus_msr_431157,Mr. Macchiwala I have spoken to Muslims in Gujrat and they were thankful to him because he saved their lives. I don't know where do you get this idea that Modi is responsible for riots.,1
facebook_corpus_msr_328978,Govt has to care of Army more than RSS . Else it will be RSS vs Indian Army  ?,1
facebook_corpus_msr_403354,Tow terrorst killd at bouder...indian army is a terrorst mob,1
facebook_corpus_msr_1723023,I have a question for you sir. Can you please name the temple please also which Kashmiri Pandits are chanting bhajans?,1
facebook_corpus_msr_2081690,"And watch it 24/7 , and dont watch anything else",1
facebook_corpus_msr_1805112,Anna you don't see the corruption of BJP and Congress that's happening from past 60 years ??,1
facebook_corpus_msr_1521890,"Vishnu Sreevalsan on this mother's day you can greet them.
""Hope your mummy stays yummy this mother's day.""",1
facebook_corpus_msr_334053,Call in the airforce and bomb the hell out of dantewada,1
facebook_corpus_msr_1961702,Crocodile tears.,1
facebook_corpus_msr_2109815,""" JAMMU & KASHMIR STATE NEED BUSINESS CORRIDOR ""

Now j&k state people are in excitement and they were misguided by infiltrators. Since 10 days I got thousands of reply's received from j&k state people and some of Pakistan people's  which was I wrote thesis, regarding intolerance in j&k state.

Here some people are depend by terrorist Organisations and Pakistan MILITENTS and other Anti National Elements. Now they people are making  stone pelting on Army and Police and they raised slogans favor to Anti National attitude and wearing ISIS dressess and with Pakistan flags.

J&K State students need to get admissions in South INDIA Collages because there is no mutual understanding and interaction between j&k state and South states, In my verdict this is the big salvation for intolerance.

Need marriage proposals between South and North with j&k state people.

J&K State suffer by Lobour Acts and implementations because there is no route map for life survive with good opportunities this is the major problem in j&k State that's why teenagers following unlawful Act.

Need Industrial Hub in J&K state for better earnings.

I request to Prime Minister MODI Ji that, please bring the new reforms for j&k state for better future to our Citizens....Jai Hind 

S V P YADAV
Journalist
+918019563514",1
facebook_corpus_msr_451785,They will now transform into the bike... I just know it... Human transformers!,1
facebook_corpus_msr_446068,Sir u Carry on! India now understand who are fake,1
facebook_corpus_msr_1818429,"Anirban Kundu 
So you are the pesticide",1
facebook_corpus_msr_1979833,"Dear Indian Express, I feel sorry to write that your journalists are out there to misinterpret events and present them in a distorted manner just to make some sensational headlines. The news about upcoming singer Nahid Afreen has been prepared without proper research and investigation. It was very sad to see that your journalists don't even know the difference between fatwa and appeal.  A fatwa is a non-binding legal opinion issued only by a qualified jurist (Mufti) on a request by someone who is unable to understand religious guidelines whereas the leaflet that is being circulated and presented as Fatwa is just a hard copy of an appeal signed by 46 men who believe in religious practices. The merit of appeal can be discussed on many grounds and in many dimensions but first and foremost, an appeal can not be called a legal opinion (Fatwa).  We expect apology from your side for such a mistake.",1
facebook_corpus_msr_325809,It is a darma ..no viletions by pak army.. India army is a presure of unrest in country..,1
facebook_corpus_msr_430475,"Hi team, i need some help from you, you people coverage everything, please coverage our village please,  i stay in one village, our village still dint get the patta and chitta from our land since 1947, all of the villages got this in india, in entire india only our panchayat dint get the patta and chitta for land, we have around 500 former housed, govt is saying formers are the back bone of india, we do lot of agriculture we dont get any facilities from government, we are struggling lot, please help i have reached lot of MLAs and Ministers they are asking bribe. my number @ 9663387141",1
facebook_corpus_msr_437328,"now on wards.....we have to follow new way with banks,,,,in previous days we were deposited our total money and we with draw what ever req. we do....but now on wards we have to do need based deposits only...",1
facebook_corpus_msr_2082471,Secure ?? Lol,1
facebook_corpus_msr_1723034,Hypocrites are everywhere.,1
facebook_corpus_msr_2018533,"It is individual choice of being working mother or not working mother, no one has right to put forth their opinion on others. it is not a competition , rather it is justice to the talent of multi tasking which is not her cup of tea look like.",1
facebook_corpus_msr_1561729,"Why he is scolding her who gives right to MLA to shout like this on SP of city....she was only doing her duty according to law...if there is something legal according to law then it's police duty to stop that ""dharna"" police don't work according to public sentiment it work only according to law. If this MLA is really worried about liquor then why ruling party is not putting ban on liquor?",1
facebook_corpus_msr_2141836,Drona Goswami did u forget gulf states..,1
facebook_corpus_msr_445774,"Pakistan was involved in duplication of Indian Currency they were sending these fake currency in India to few traitors
And now those traitors are feeling ripped off from their possessions
Most of them are hiding behind our poor people and saying gareebo ko maar diya
But actually these traitors are dying 
#salutetoPM",1
facebook_corpus_msr_447898,Plz look into education problem that rural children's are facing.,1
facebook_corpus_msr_1762605,Then start resolving Kashmir issue.,1
facebook_corpus_msr_455868,Yàar my ears r bleeding  stop this 😑 get the bike on stage,1
facebook_corpus_msr_1723368,"Sonu is right... 
Muslims believe in nirakar philosophy ...
Then y they build mosque with loud speakers... They can do worship allah at home..",1
facebook_corpus_msr_1818388,Menakji when the entire police force and security forces are deployed to protect the political class. There is scarcely any police force left for the protection of citizens hence crime rate is bound to raise. This is simple logic.,1
facebook_corpus_msr_329066,"Where is 56"" chest and his andh bhakts will they take serious actions r they will do kadi ninda 😠😠😠",1
facebook_corpus_msr_446467,Mr Modi sorry to say u r forgetting that u r giving birth to a new crime in money gamble only a month has passed already there are so many raid have been done in new currency forget the old currency,1
facebook_corpus_msr_379370,Jay hind Pakistan me jabrdast  Hamla  Kare Hmari Sena  jbab dena  jaruri h,1
facebook_corpus_msr_1722770,"If population control and safe sex is immorality, no wonder we're the second most populous country on this planet.",1
facebook_corpus_msr_1946883,These are personal choices and it has nothing related to love or hatred. Stop your nonsense.,1
facebook_corpus_msr_451843,People already started closing their ears after listening.. will close their eyes after launch ;),1
facebook_corpus_msr_1805008,Kejriwal is better working corruption free . Anna have dirty politics what happened to your lokpal fights and fast during UPA period. You are product of dirty swine.,1
facebook_corpus_msr_2018501,Well said sonali,1
facebook_corpus_msr_386816,Language is very bad ......we the voters are still alive to see what is going on .....if any of the party who will not work ...we will send them to home ....don't worry,1
facebook_corpus_msr_322578,"Atleast we show reality what happpens.....
but pak media & army keeps their people in denial mode.... 😂",1
facebook_corpus_msr_399240,"Attention: Indians have launched a False Flag ⛳️ Operations . 

They claimed that Pakistani forces infiltrated the LOC killed and mutilated bodies of two BSF jawans . 

The claimed location is not just heavily mined and fenced but has been under constant Indian Army surveillance citing attempted infiltration by Kashmiri Militants . 

It's obviously an attempt to sway the international community away from the atrocities committed by Indian Occupation Forces on Unarmed Kashmiris.

Previously the Drama was done to fool Indian population for UP Election this time God know what they have in Mind but it's simply Evil and in the end people of India will suffer one way or the other",1
facebook_corpus_msr_2073736,"Fool.... 
Not even your government is not worth to print notes with out mistake. 
What hard work is this",1
facebook_corpus_msr_405304,All time iNdian muslim hero who gave good reply to whp sheo sina Bajrang dal to the 1991 ANTI MUSLUM KILLInG AFTER THE BABREE MASJID DESTRUCTION  ONLY IN BOMBAY KILLED 2000 MUSLIMS THOUSANDS OF MUSLIM KILLED BY FANATIXS,1
facebook_corpus_msr_334365,Accused.. not convicted❗️ Plz don't misrepresent in a way that society is misled,1
facebook_corpus_msr_379215,Mr. PM you must act now. We are with you. Don't do only ninda always.,1
facebook_corpus_msr_334877,Ashin Jose Chellamthara leftists Goonda are with Jehadist Scoundrels sadly no true left wingers left in India,1
facebook_corpus_msr_429842,Found validity in the comments made by founders on Rajiv Bansal’s severance pay: Infosys Chairman,1
facebook_corpus_msr_1805060,Already he lost his leftover respect and public image. no need of further drama,1
facebook_corpus_msr_1723445,Come on ..you do not have to be abusive  ...however it reveals the type of person you might be.....definitely not a.good Muslim........read the Koran for guidance,1
facebook_corpus_msr_1723303,Almost daily,1
facebook_corpus_msr_1723927,What he said is truth and nothing else,1
facebook_corpus_msr_1723545,"Early to rise and early to sleep
makes man happy and healthy and he is angry with Azaan which alarms him to rise early.",1
facebook_corpus_msr_452104,They r tryin to say.. run while u still can,1
facebook_corpus_msr_444101,"No body plans to fail, but ' Demonetization' step clearly states that the govt has failed to plan & now acting as per their failed planning",1
facebook_corpus_msr_2159099,It's not trust vote it's fixed vote for money,1
facebook_corpus_msr_2018536,"Everything was fine till she mentioned the new wave of feminism as destructive and then said ""why would I want to spend just an hour with Misha and then rush off to work? Why did I have her? She's not a puppy."" SO WRONG. That's almost as if saying that mothers who work and take care of their children treat their kids like puppies and have not gone through the same difficult times she might have gone through. Tsk. She sure should have chosen her words more wisely than that. This is too crude for a new age mother.",1
facebook_corpus_msr_451098,"When an elephant like Modi walks and talks, he does not bother about street dogs barking at him.",1
facebook_corpus_msr_1804982,"Wolf in Sheep's clothing.

Keeps threatening to go on a strike against the Center for not implementing Lokpal but has not sat on  a dharna for a single day. Hypocrite. His dreams of BJP coming to power in Delhi and Punjab have been shattered by Kejriwal.",1
facebook_corpus_msr_1735786,"Reservation is not poverty alleviation scheme, it is there for only those social groups, historically who has been exploited, marginalized, rendered weaker. Muslims wanted window within OBCs, Supreme Court says, you can create subwindow within OBCs, without breaching 50% barrier, but not on the basis of religion.",1
facebook_corpus_msr_1945533,Says a guy who once got slapped by Srk,1
facebook_corpus_msr_1521846,In five years power BJP Talks on single Issues that is Beef bain.....Look at Modi Changing india from 0 to 0,1
facebook_corpus_msr_233923,Government is weak. Not taking strong actions against these anti nationals.,1
facebook_corpus_msr_2032394,Suspected,1
facebook_corpus_msr_1737014,"Ye video kisi bhi political party se kaafi upr h, its just you media can't see it but we people do. So just stop feeding the society whatever you want we know whats right!!",1
facebook_corpus_msr_445690,The common man suffers because they refuse change..wasn't they requested to open bank accounts two year's back???..isn't that enough window of opportunity??..well done Modiji,1
facebook_corpus_msr_1805431,Anna should concentrate on lokpal,1
facebook_corpus_msr_1723343,"See guys he's actually right if i like some kind of music i won't be playing it on loudspeaker in train,ill be using earphones.And prayer s are made from heart not on loudspeaker.",1
facebook_corpus_msr_374000,welldone pak army I slute this is a surgical strike,1
facebook_corpus_msr_1775248,Evm me fix,1
facebook_corpus_msr_1561763,"A crowd , mostly of women were protesting against opening of a liquor shop in residential locality. From social point of view protest was ok
But what the Police was supposed to do? Stand there and allow deterioration of situation ? Or dispers the crowd and open the road for traffic.
The legality of opening of the liquor shop lies under drugs and liquor dept. They must have called the police.
The IPS was working under what is permitted by law. 
Humiliating the officer, lady or any is to be condemned.",1
facebook_corpus_msr_437327,"Charge us for the rain,air,oxygen and for our soul...Jai Ho....",1
facebook_corpus_msr_1833351,freedom from whom? a large section of hindu families eat meat even cow. Ban has nothing to do with muslims. All  r going to be affected. 21st century mam,1
facebook_corpus_msr_449201,Ban on 500 and 1000INR note is good step but why 2000INR note,1
facebook_corpus_msr_469149,I think modi also doing this in Gujrat but theyear given never come same is here only publicity nothing else if anybody want to know see which year he gave same proposal,1
facebook_corpus_msr_443966,CA Kiran K Komaravolu It is expected from PM that many many emotional and rhetoric speeches have been delivered and subjects have been deliberately changed and now please PERFORM.,1
facebook_corpus_msr_2032285,""" Election and fake encounter at the same time.. Only one party will gain votes through this incident. """,1
facebook_corpus_msr_2210556,Yes to 2nd world war and Modi,1
facebook_corpus_msr_331615,Could of bought South Africa for that. Think the Gupta's got a bargain.,1
facebook_corpus_msr_412610,Watever wipro is doing but the behaviour over there is very bad,1
facebook_corpus_msr_1902070,"we dont have time for such issues, we are busy saving cows.",1
facebook_corpus_msr_443237,"If the RBI did have enough new notes, but did not distribute then it defenitely will be intentional. All new notes issued before 31st dealine would have helped the hoarders to exchange the old for new. If RBI indeed is sitting on a huge supply of new 500s  they can be quickly distributed from jan 1 and Modi would have salvaged the situation to a large extent.",1
facebook_corpus_msr_1493813,Vinod Gupta with respect when our parliament had agreed on army court then it shouldn't be strange.,1
facebook_corpus_msr_1561905,Bgp getting arrogant,1
facebook_corpus_msr_451789,I'm sure journos might be wondering if they're in the right room,1
facebook_corpus_msr_2241589,Every were this person speaks it looks like a comedy show with a recorded laugh playing in the background....... May be wants to overtake Kapil's comedy show.. :-),1
facebook_corpus_msr_327953,Barbarism shows what type of humans pakistanis are ....ooh sorry did i said humans..,1
facebook_corpus_msr_495266,India is #1 this is just foolish survey . Dude size of country matters.,1
facebook_corpus_msr_1805181,"Uncle, why don't you openly join BJP and dare to declare your rss alignment 😂",1
facebook_corpus_msr_2280115,Indians are the best and suitable for these job bido yadav,1
facebook_corpus_msr_2032141,I salute you Mr. Abrar. This every you should think before taking up the Pistols and bombs.,1
facebook_corpus_msr_1561848,I don't know whether to laugh or to cry because in India educated people use to work under uneducated leaders,1
facebook_corpus_msr_2349533,"Why only Muslims get such letters, not Hindus, Sikhs, Buddhist, Jains, Jew or people belonging to any other religons?",1
facebook_corpus_msr_482203,"What  LESSONS can WE LEARN from this? F.E. keep your assets to yourself (family, trustees in the country,  country), better evaluation of boardmembers even when family...",1
facebook_corpus_msr_399071,"He is not lord wrong.
How about dhropati sharing  among brothers",1
facebook_corpus_msr_449219,Binami next target !!! Best leader ever produced in chennai,1
facebook_corpus_msr_379820,All benifits gone to pakistan . Leather products order from abroad are going to pakistani comapnies due to Cow Vegilence . Army are dying only Indian bcz Pakistani uses Kasmiri civilians,1
facebook_corpus_msr_328118,"But Swachch Bharat PR drama of your master has failed ? Ain't opportunist Canadian? 
https://thewire.in/16474/why-swacch-bharat-type-schemes-will-fail-in-india/",1
facebook_corpus_msr_444321,RTI rights in Political Parties will curb out all the Black Money involved,1
facebook_corpus_msr_115531,"What should every Indian know about IIT?
1.You and I pay taxes.
2.Using that tax, government provides subsidy to IIT students.
3.IIT students fly to USA and most of them work and settle there.
In short, Our taxes are used to contribute brightest of the brains to USA.
PS: Some may argue by quoting examples of Narayanamurthy, Kejriwal, etc. But understand that those are just a handful of them. The majority of them do not contribute anything for the country that provided them education in IITs.
Source: Quora",1
facebook_corpus_msr_1902073,thanks to bjpigs,1
facebook_corpus_msr_1978729,Appeal was made because they were conducting the show near a graveyard and a mosque so they appealed didn't force like RSS,1
facebook_corpus_msr_445591,Don't listen who ever against you pm because they all corrupted hiding their money .... you doing best  people don't realise now they will know in coming future time how important helpful for public...good luck.,1
facebook_corpus_msr_2018689,Anurag Taneja read this ...😍,1
facebook_corpus_msr_1945519,"He Can be made the CM. He's SO Cute and Cool :* :D :)

Anything is Better than Adityanath,so to say,yeah :D :) :/",1
facebook_corpus_msr_1887405,I don't think only Rajnath Singh is responsible for this Mam.,1
facebook_corpus_msr_1722937,"Okk Rakesh Shah i agree wid u that it hurts old people, schools, animals everyone... Bt will mentioning a particular Community in frst two tweets, justified?? Are muslim people the only ones who plays loudspeaker?? i too feel we shud stop noise pollution, bt every human being shud make an effort not just Muslims..",1
facebook_corpus_msr_2032309,All terrorists must be neutralized. This father has set a great example.,1
facebook_corpus_msr_1582233,"""And I suppose we're gonna ignore the fact that the most developed countries in the world, the Nordic nations, are basically socialist"" You defending socialism or Communism.On nordic countries None of them have an army they have no expenditure on army due to NATO whose budget is contributed by US majorly a CAPITALIST country, they were capitalist first then became socialist, u need to have income to redistribute it too hard to get?",1
facebook_corpus_msr_435381,"rural india is not a promotional material for cnbc tv 18

come on do things with nobility ...come on spartan , prepare for the glory , do not kneel before xerxes , who may give you gold and silver ......lets live for glory of the great nation  ....land of sparta rejects the plea of persians",1
facebook_corpus_msr_1947120,Bcoz he is a hindu,1
facebook_corpus_msr_2073771,"Wait till one year 
Which grouth dropped slowly it's give negative results",1
facebook_corpus_msr_334324,Those who can't give justice to there women should not speak on others matter,1
facebook_corpus_msr_431250,"This is a dedicated hardworking leader as our pm taken Ala
 indiA  to 21centuary and beyond",1
facebook_corpus_msr_450669,"Demonitisation  like a  medicine, it might be sour  but slowly and steadily",1
facebook_corpus_msr_1510202,Zakir Musa also studied Engineering at Chandigarh but turned to be Top Hizbul Militant n killed our security pers. Kashmiri r pelting stones at our sec pers in J&K. So how can Kashmiri still  expect good treatment  from Chandigarh . First condemn ur Kashmiri ppl n ask them to behave like human beings if they want same in reciprocation.,1
facebook_corpus_msr_325003,"India must come out of gomata,triple talaak,ayodhya.bciz these topics will devide us.India must b united,should b an developed nation.",1
facebook_corpus_msr_483462,"Very bad direction to corporate world and need young talent to run the companies like tata not family:( see the american companies like Microsoft and Google give opportunity to young people to run the company, I really don't understand this kind of moves and more importance to family :( sad decision by tata group",1
facebook_corpus_msr_506648,What happened to sony wlakmen still in sales - ...is that indian manufacturing is a open defaecation system with out recycling facility ....anwer me ....from munna bhai,1
facebook_corpus_msr_451698,hope somone switches the bike and puts an Enfield there !! I am sure the expression on the MD's face will be priceless....for the rest we have mastercard !!,1
facebook_corpus_msr_416603,Dear cnbc y u didn't include Karnataka the state in ur stupid statistics video care to explain,1
facebook_corpus_msr_1922846,Now he is going to be a headache for his co-passengers during the train journey.,1
facebook_corpus_msr_449515,"first pass the bill for RTI on political funding , u will come to know who has black money",1
facebook_corpus_msr_2111241,The commies anti national dreams will never materialise,1
facebook_corpus_msr_466258,I don't need to own them when I can afford to use them,1
facebook_corpus_msr_2018627,There are ten thousand more logical ways to explain this,1
facebook_corpus_msr_395436,Every time Nawaz govt. in trouble these Indians come up with some thing.  Why was Jindal here met Nawaz and now this happens,1
facebook_corpus_msr_414339,Superb if normal civilian of India deposits more than 2.5l amount I.t officials may question him but the bail is given to the fraudster who looted thousands of crore loan from banks awesome power and money makes  impossible to possible....,1
facebook_corpus_msr_233819,"Rohit sardana stop shedding crocodile tears. Your debate is only for TRP and exhibit your vocabulary. In TV debates, every one is sitting in TV as much you are sitting. Stop this rant ""TV mae baitke"". Go to their office and talk without camera and note down the same and read in front of your TV.",1
facebook_corpus_msr_446237,people he is not addresing us he is motivating his team members ...and also telling not o repeate that again,1
facebook_corpus_msr_432753,You have to have common sense to understand great hero like mr modi ji.......,1
facebook_corpus_msr_1438612,time pass minister',1
facebook_corpus_msr_443993,dude can u do wrong with your freinds?no right?so he is doing the same,1
facebook_corpus_msr_446489,Hello sir i am realy ur great fan u take a good decision u will give order to income tax department ride all mp and mla homes,1
facebook_corpus_msr_464871,Interesting.. But not many working even in metro cities ..,1
facebook_corpus_msr_431172,Everyone who opposes are the ones who cannot do anythn and comment just.,1
facebook_corpus_msr_1723506,"Yup... Only 1.5 minutes in 5 different masjid, 5 times a day...  And Hindus celebrate festivals daily...  So that you could be disturbed daily...  Right bro..??",1
facebook_corpus_msr_334387,"Wt is the issue in it ???
Same thing happens everyday
N most importantly he won the election without the support of any political party",1
facebook_corpus_msr_2082534,This is our Media.... These charges have been announced only by HDFC Bank............ and look what this news channel has portrayed to us,1
facebook_corpus_msr_443955,Did u actually listen what he said next move to get regularise the salary of labour,1
facebook_corpus_msr_1737045,IE I thought still you are some trust worthy news paper... But Seems you are also sold.. Better to unsubscribe,1
facebook_corpus_msr_326873,Indian government needs to stop blaming all it's self inflicted problems on it's neighbors. This sounds like the work of people angry at being occupied.,1
facebook_corpus_msr_407570,Ali have gomutr twice daily will improve your language and thinking.,1
facebook_corpus_msr_2018654,this is why you don't let kids talk to the media,1
facebook_corpus_msr_503278,Why is messi quiting..... They lost because of the 6 number player(i dont know the name) inthe team of argentina who also missed the penalty,1
facebook_corpus_msr_324336,"So shameful!! But again why are we after poor cows! The poor creatures don't even know what's happening to them or for them till they die...and the same applies to goats, pigs and any other animals. If there are ambulances for cows/animals, that's a thing to appreciate. First of all, we spoil their habitat, we start eating them for our nutrition and pleasure and then mock when a few of them get cared for! But yes, things are happening in the colour of political agenda which is controversial. Every living creature is entitled to healthcare and that is something we should ask for...please don't drag cows or goats in between. But then the politicians are busy saving cows and we are busy shaming snapchat CEO! Incredible India",1
facebook_corpus_msr_329031,Gujarati leaders won't spk as army jawans killed and never single gujarati in army in last 70 years ? Will BJP keaders send his son to join army ?,1
facebook_corpus_msr_1945564,Living off his wife's earnings &tweeting...wah re wah..!!!,1
facebook_corpus_msr_1827817,Yes we are back in medival ages and someone has hitted a stone on your head thats why you have lost your thinking ability,1
facebook_corpus_msr_1956912,"I follow that page because it's good to be aware of what's been going on in other people's heads and what kinda bull**** they are propagating. We need to be aware. And I feel it's time we spoke up against all that are calling us average middle class people intolerant or biased or any such nonsensical label. We just wanna live in peace, please let us.",1
facebook_corpus_msr_1956932,"Yoginomics
For a moment I was stunned; Maybe like many of his passionate supporters. Why would  BJP commit  a harakiri,antagonize minority ,provide a handle for a section of media and opposition to  mount an attack  with renewed vigour and glee( I told u so!) Will it damage its reputation and put a question mark on its developmental agenda?
  But knowing Modi & Amit  Shah,their ability to think far ahead of the rest,I think they have a game plan with far reaching consequence which will pay them rich dividend in the electoral battles down the line.
  Suppose they ensure for the next 2 years a splendid  model of governance   with high growth and  peace  coupled with impartial administration they bury the ghost and tag of 'communal' neutralize and silence the critics once for ever !  If the epitome of  right wing  'monster ' can make this paradigm shift then they will succeed in wooing.the minorities into their fold,which hitherto they have  not been able to.
  More media  harks upon the negatives more support BJP will get as credibility  of media is at a new low thanks to vibrant social media.",1
facebook_corpus_msr_408505,"https://www.facebook.com/pages/i-will-be-sayin-bye-bye-2-facebook-if-they-start-charging/123883904305285?fref=ts , Hi friends Its important for us, Its a cheating with all public from facebook, first fb said that facebook is free and always etc etc, then what is this charging some amount for inboxing? Public didnot like this kind of cheatings, we have to protest against this kind of cheating from facebook with innocent public, ""Stop charging money on facebook""",1
facebook_corpus_msr_1799443,#THANKY0UTAKER,1
facebook_corpus_msr_403157,"You can go anywhere you want cause India will be new India Modiji's India , India of our dreams",1
facebook_corpus_msr_324430,Hell i thanked god for not born in creepy place like up,1
facebook_corpus_msr_1833361,This lady is totally ignorant of our great freedom movement and the sacrifice of our leaders. Stupid comments.,1
facebook_corpus_msr_335303,So that Modi doesnt have to campaign separately... Feku and his never ending gimmicks,1
facebook_corpus_msr_1723370,"Then why you build temple ! You also can prayer at home ! ... Why you play bhajan in loudspeaker daily ! I also can say that it is disturbing me , simple !",1
facebook_corpus_msr_2082718,Fake,1
facebook_corpus_msr_455409,seems to be a women crying for the RIP 400CC??,1
facebook_corpus_msr_380557,Har sarkaar yehi karti had jawaan marta hai to mare koi phark nahin padta,1
facebook_corpus_msr_481323,Any surplus will reduce the 28% list...bad idea ...rather should be used for 18% list,1
facebook_corpus_msr_2018615,"What is this new wave of feminism? Man, these are the kind of useless people who make stupid ill - informed statements and give feminism a bad name. Also, I like being aggressive, since when is she authority on that.",1
facebook_corpus_msr_1737067,This headline shows and proves again that today's media is only TRP driven & it can cross any level to defame AAP. I am quite sure that you've already watched this video but reluctant to change  the mentality of today's generation as it was expected in this video. Shame on you guys,1
facebook_corpus_msr_464946,cement sector ? u think is there a correction left before buying in big cement stocks,1
facebook_corpus_msr_1610629,Fudu man 👨,1
facebook_corpus_msr_444459,We are upset that most of the notes are deposited and they were getting white royally. Just leave this bills hit political leaders comments and do not waste your valuable time in answering them. Just take charge on these conversations and stop loosing the black money doors and please keep all normal man's trust on you to true.,1
facebook_corpus_msr_2018613,Nupur Prakash This is just making me mad.,1
facebook_corpus_msr_1762548,"Your Excellency the President. With due respects. Do you think sir, that the present atmosphere of hatred and bigotry prevailing in our country is conducive to a life of Happiness for All (meaning ALL) the Citizens of our great country?",1
facebook_corpus_msr_2202788,How can this happen? RSS going progressive! Time for commies and AIMIM to catch up 😝,1
facebook_corpus_msr_327594,"if sympathizers are eliminated, and article 370 revoked.. everything will fall into place",1
facebook_corpus_msr_450904,Gr8 start...not an end..need to look at common man problems and taxes...,1
facebook_corpus_msr_2081775,"His followers are not as sensible as he is, are they?",1
facebook_corpus_msr_1763592,Mayawati also charged the BJP with harassing and maligning her close relatives and herself.,1
facebook_corpus_msr_2082493,Some  organisation  or NGO  or influential person  should  file a writ on Supreme Court  against  this patently  illegal  and unreasonable  order.,1
facebook_corpus_msr_2032112,"You are exaggerating my frnd...most Hindus don't hate muslims atleast in India...can't say about other country though.....afterall we look the same, our behavior similiar so this is just a hype",1
facebook_corpus_msr_450895,Demonetization is OK but who's going to look after the sufferings of poor and aam aadmi ?,1
facebook_corpus_msr_1804904,"Sanghi Mahatma has done nothing but successfully dent UPA image , he has not a word to say against current govt not implementing Lokpal or any other issues but gunning after AK because he left his farcical Sanghi satyagraha to actually go political and do something for people , remember how all political parties were after AK saying that it's easy to shout from outside if you want to make a difference join politics and when he did all started gunning for him",1
facebook_corpus_msr_451748,Shld c to the performance ... to chck if it can compete with ROYAL ENFILED,1
facebook_corpus_msr_1723976,Shore sirf shor hota hai,1
facebook_corpus_msr_2405047,I bet no punishment will be given to that women. After all she is innocent according to our legal system. #hailwomenempowerment #hailgenderbiasedlaws #hailnarishakti #hailfeminisminindia.,1
facebook_corpus_msr_115660,This is disgusting,1
facebook_corpus_msr_1804870,"I always thought he is gandhi,,, but this guy is sarvarkar.",1
facebook_corpus_msr_1805595,"AAP ALSO RYT THAT THEY DIDN'T INCLUDE U AS U R AN AGENT OF BJP...
WHY ARE U SILENT ON LOKPAL NOW MR.HAZARE??
WHY U WERE SILENT WHEN BJP TOOK ACB FROM DELHI AAP GOVERNMENT? ??",1
facebook_corpus_msr_420686,"Well i can now see clearly bjp losing 2019 no matter how modiji gives out his mann ki baath,modiji has opened the gates for congress and other national parties,keshav deserved to be cm of UP,all i can predict and say CPI or JDU with alliance shall take over which mean either nithish kumar or yechchuri will become next prime minister of india.",1
facebook_corpus_msr_445201,Dont care about papu n party... carry on sir ji,1
facebook_corpus_msr_463534,"Google pixel vs one plus 3t 
Oops nowhere to compare 
Its a completely different story",1
facebook_corpus_msr_422470,"What an intelligently written and unbiased, objective article. NOT. TLDR - Pay the charges  because banks are answerable to shareholders for declining profits and they lend more money if they profit more. Also the opposition of  these charges by the government  ""would have a demoralising effect on banks who supported the government’s demonetisation move and had to handle the resultant mess."" [ Banks did their job once in a blue moon basically]. So if a bank is mismanaged and can't generate enough revenue through lending, it's depositor responsibility to bridge the gap.",1
facebook_corpus_msr_452121,This time new spark system they gonna implement i guess thats why they are taking time,1
facebook_corpus_msr_1804937,Yes Anna is a hypocrite,1
facebook_corpus_msr_443249,MadamG....plz ask Ambani regarding missing  money....he will answer you better,1
facebook_corpus_msr_326907,Akhtar Miya go work on your English before you comment here?,1
facebook_corpus_msr_334342,"#Parthasarkar. Ok
Then some more criminals come in politics after 10  , 20 yrs, 
If some 1 accuse would u say the same story",1
facebook_corpus_msr_2127003,SS has only got 9 seats extra then  2012 where as BJP won 81 seats compare to 27 in 2012. So the real victory is of Phadanavis not of Uddhav.,1
facebook_corpus_msr_2117660,Razi Ashraf Just look at your comment. Better change your mindset before more innocents die,1
facebook_corpus_msr_1723296,Shouldn't the same apply to weddings?,1
facebook_corpus_msr_379708,राजनाथ सिंह फिर कहेगा कि हम निन्दा करते हैं डुब मरो सरकार,1
facebook_corpus_msr_447512,Lol...hope people get latest news on tax and demonitization exemptions of political parties.... Oh u Modi bhakts,1
facebook_corpus_msr_1956234,"Yes,very true,SP compromised and see where it took them,in garbage dump!!!.😀😀😀",1
facebook_corpus_msr_401496,How many times have ur history books been rewritten 😂😂😂😂😂,1
facebook_corpus_msr_394757,Ramdev don't teach enmity between the countries. Do some yoga for the control of emotions,1
facebook_corpus_msr_115558,you are correct in my view iit is under rated becoz we dont give very good opportunities and research facilities to iitian here in india compared to what they get in devloped nation.,1
facebook_corpus_msr_450611,in 1971 the demonetization  move is just like blocking the water tank but now it's like opening the damage don't  compare....,1
facebook_corpus_msr_2041537,"Mediocracy meets perfection, there comments are nothing but Karan's insecurities. She put it on a plate for him, he still doesn't get it. She said comments like these only inspire her to work harder not run away you fool.",1
facebook_corpus_msr_1723422,This fits Hindu /christians.when githa&bible or scriptures  were written  and their gods did not heard sound of sound systems.. why then all worship  merchandise  shops blaring  -&polluting atmosphere with noise.,1
facebook_corpus_msr_1537019,If he was Arvind Kejriwal- he would be trolled,1
facebook_corpus_msr_2117638,In times of crisis u can only save yourself and your family not the entire humanity 😊,1
facebook_corpus_msr_450720,We follow your words but your network seams to be very slow. Due to that we are facing more teething issues.,1
facebook_corpus_msr_469194,After 50 days will I get 15 lks as promised?,1
facebook_corpus_msr_1582207,what about ur gujarat massacres ?? remember u peaceful  hindu fanatics right wingers??,1
facebook_corpus_msr_747607,seriously  people are fustreted from sp and they want a strong leader... with stable leadership which modi prove himself  in last 3 year...,1
facebook_corpus_msr_443035,"Tina Basetia 
You seemed to be a bhakt i believe , come on yr what does name do.. and the most criminal name of the era is Modi",1
facebook_corpus_msr_505765,THANKS BARINDER FOR EARNING PATAKA....YOU R THE REAL ASSET OF CNBC TV 18.......,1
facebook_corpus_msr_443969,Vasa Madhukar Never for the wrong reasons. I had stood with him very firmly during Gujarat riots.,1
facebook_corpus_msr_1922887,"O Lala 
This is the beginning",1
facebook_corpus_msr_1723912,Burnol sales on the rise owing to fiberals!,1
facebook_corpus_msr_334313,Subhash Shah it means u accept that modi and amit shah r criminals,1
facebook_corpus_msr_2041586,Congratulations Kangana.....Who is Karan Johar...,1
facebook_corpus_msr_431778,U r the best... we proud of u... we r with u ....,1
facebook_corpus_msr_450913,"Good Cont...& Also middle & lower people wait for acche din,,,,please please",1
facebook_corpus_msr_1893385,"Triple talaq victim???
Or a victim who's in Laws forcing her to abort her child?

2ndly when such a criminal is asking for abortion, shld we expect that he will follow proper rules of islam?

Nd more over Zakia Jafri who's husband died in riots infront of her eyes also seeks justice so will Modi response to her also???",1
facebook_corpus_msr_1723444,"If you haven't seen an educated beast yet you may see Somu Nigam. He is upset with Azaan for two minute but not upset with morning Bhajan for an hour crying by loud speaker all over India. Non of Hindu has complained about Azaan yet while Azaan has been singing in India for thousand of years ago. If Azaan would have been sung at night then it would be wrong but it has been singing in morning time means beginning of day time.  

This type of person called an educated beast. He may be literate and hateful person but never be an educated and peaceful. He is Hindu terrorist supporter.",1
facebook_corpus_msr_1804946,#BJP #Congress are several decades old parties and naturally had a huge fund and resources accumulated... unlike #AAP which is kid party and starting jumping by any way illegal or immoral... but forget that they forgot their basic principal of their existence and stood so low that their god father #Anna started criticising...,1
facebook_corpus_msr_477267,"Hello. It's not the link that is the problem, it's the RBI site itself. Hopefully should be back soon.",1
facebook_corpus_msr_1490543,"He is real culprit ..why he didn't disclosed all this before his dismissal from AAP, so long as he was continued he will be silent...???",1
facebook_corpus_msr_1945482,This guy is out of work.  His wife is a khan.  Biwi ki dukaan bhi bnd karaye ga,1
facebook_corpus_msr_434337,"dengue , malaria , chicken gunya , encephalitis govt spends 10,000 crore .......from pest management for nano technology mosquitos",1
facebook_corpus_msr_469268,First of all solve our Indian people's problem which as suffering in money ban... then after have to solve the unemployed people to get job....   till main problem u didn't solve but u Modi. Saying 2022 project... it's impossible to he will pm on 2022..,1
facebook_corpus_msr_452914,Hats off to the poor souls sitting in the audience,1
facebook_corpus_msr_1897737,"Reservation seats from different organizations. ..
Families of such students thank God for their absence in their homes.",1
facebook_corpus_msr_1804884,many states have implemented lokoal ..has corruotiin ended?? it was all drama popularised by RSS for its own benifits,1
facebook_corpus_msr_1791669,Dont look like a bad person atleast in these pics...maybe media overrated that one issue...,1
facebook_corpus_msr_1956963,Yes ...the other best thing to have happened is that the country and BJP have found a Successor,1
facebook_corpus_msr_1805489,"Anna is a  ""Natak Raja"" !!!",1
facebook_corpus_msr_335034,"Contribute our money making it 1000 cr hit movie it's good name for India as in 
Film industry but not to Indians ..",1
facebook_corpus_msr_1723248,and what about bhaajaan,1
facebook_corpus_msr_1723212,Set alarm in your house. Why ring doorbell in other houses?,1
facebook_corpus_msr_1902067,This is happening in BJP ruled state. Shame on the adminstration,1
facebook_corpus_msr_2126965,"Wow! Indian Express has some serious skills. A gentle reminder to u :
BJP in BMC elections:
2002 - 35 seats.
2007 - 28 seats.
2012 - 31 seats.
2017 - 81 seats.
Now tell, who's becoming the tiger of Mumbai? 😉",1
facebook_corpus_msr_2032081,Why always muslim muslim....???    Kashmir is integral part of india......,1
facebook_corpus_msr_2349591,I am a Hindu can I practice my religion freely in Saudi Arabia?,1
facebook_corpus_msr_233618,Army Can be sent to Kashmir when it floods...why it cannot be sent to Chattisgarh to eliminate Moist??,1
facebook_corpus_msr_1897098,"WITH A PROPER EXPLANATION Ie  HOW SUCH HUGE CASH HE CAME TO STORE AT HOME, THE SOURCE, WHY THE SUDDEN SURGE OF HUGE HUGE DISPROPORTIONATE INCOME ?
If he had VAILD EXPLANATION and REASONS NOTHING ON EARTH WOULD HAVE STOPPED HIM. BUT THIS IS NOT SO THE CASE HERE any one can say with CONFIDENCE! And OPPOSITION/ RAHUL KEEPS SHOUTING BLACK CASH PEOPLE ARE GOING SCOT FREE!! HA HA HA!.",1
facebook_corpus_msr_496943,"Well play ""intra day' . You will surely lose all your capital. Then watch her peacefully without blaming her.",1
facebook_corpus_msr_1563586,Doucett Black.  “There are two ways to be fooled. One is to believe what isn’t true; the other is to refuse to accept what is true.” ~ Soren Kierkegaard.,1
facebook_corpus_msr_1723862,Guys wait let me grab my beef burger...!,1
facebook_corpus_msr_1972983,"Governor called but Singh was honeymooning with his wife in Goa, phone was switched off poor chap.",1
facebook_corpus_msr_398323,He has gone old. So don't give importance to him. His own party has left him,1
facebook_corpus_msr_466221,"Ull see soon..

N be ready to appologise ..when u get proved wrong....

Be sincere to apologise when u r proved wrong in nxt 8 month",1
facebook_corpus_msr_1689940,Kunal Gawri jio on an average 16 mbps,1
facebook_corpus_msr_450844,"Decision is correct but execution is not so good, a proper planning with correct execution would have been good.",1
facebook_corpus_msr_1893376,There was  also a huge number of letters written by women to Modi on ALCOHOL BAN that has RUINED  the FAMILIES  of several women. Did Modi ban alcohol ???,1
facebook_corpus_msr_1582219,"Marks philosophy has new significance ??
RUBBISH.
34 Countries tried for nearly 70 years and proved to be stupid.
Now 29 Countries got freed from Communism.
Only 5 Countries are remaining.
In India West Bengal after 34 year Communist rule proved to be a failure.",1
facebook_corpus_msr_1804851,Why isnt Anna asking BJP to implement Lok pal bill ? Why isnt he doing any fast to force Bjp to get back black money from swiss banks ? Anna did all the drama to remove congress but not to change the system.,1
facebook_corpus_msr_1723792,"At the time of prophet Muhammad there was no electricity.. so no loudspeaker..
Then why today",1
facebook_corpus_msr_451803,Guys Bajaj is Indian company y should we sing other song sing Indian songs,1
facebook_corpus_msr_446154,Benami transactions act should be implemented from 1 January only........surgical strike on gold should be done,1
facebook_corpus_msr_322758,"Sorry dear, our Feku is going to celebrate Nawas Shariff birthday in Lahore.",1
facebook_corpus_msr_1723361,Whom u r addressing to....?? Be specific,1
facebook_corpus_msr_394734,Who will be be headeding 100 Pakistani soldiers?? TV channel? Or through Yoga,1
facebook_corpus_msr_2127028,dont b so happy Indian express.. watch till end😂😂😂,1
facebook_corpus_msr_503057,"old news ...do you guys eat old food ...go go get some hot news
swiss bank swept already --clean india movement by our prime minister",1
facebook_corpus_msr_1887315,"Govt must take action , provide pansion and other  monetary benifits",1
facebook_corpus_msr_1805535,He is coward,1
facebook_corpus_msr_53433,..but govt want to take control over supreme court.. Will lokpal be effective if that happens..,1
facebook_corpus_msr_1978815,"http://indianexpress.com/article/india/fatwa-issued-against-reality-singing-star-nahid-afrin-by-42-clerics-4569825/ 

 Dear Indian Express,
I feel sorry to write that your journalists are out there to misinterpret events and present them in a distorted manner just to make some sensational headlines. The news about upcoming singer Nahid Afreen has been prepared without proper research and investigation. It was very sad to see that your journalists don't even know the difference between fatwa and appeal. 
A fatwa is a non-binding legal opinion issued only by a qualified jurist (Mufti) on a request by someone who is unable to understand religious guidelines whereas the leaflet that is being circulated and presented as Fatwa is just a hard copy of an appeal signed by 46 men who believe in religious practices. The merit of appeal can be discussed on many grounds and in many dimensions but first and foremost, an appeal can not be called a legal opinion (Fatwa). 
We expect apology from your side for such a mistake.",1
facebook_corpus_msr_2280126,"... Why would this Muslim country ban people from other Muslim countries. ????
   ... BECAUSE THEY KNOW THERE IS A REAL DANGER !!!
     ... SUPPORT YOUR PRESIDENT !!!    🇺🇸🇺🇸🇺🇸",1
facebook_corpus_msr_1945561,INDIAN express is now BELOW STANDARD,1
facebook_corpus_msr_462585,but then we know where america stands today. whistle blower !,1
facebook_corpus_msr_1946793,"Maulana is right,,,,,, it seems he understands Muslims very well,,,, he is not believing in Muslims knowing that the radical attitude of Muslims will never change irrespective of his education",1
facebook_corpus_msr_1724061,"WHEN YOUR TIME IS OVER I MEAN DEATH,WHEN ANGEL ASK YOU",1
facebook_corpus_msr_412609,"Every IT company has a client profile unique to itself. If Infy and TCS were treated as market leaders to even WIPRO then it was and is wrong. INFY and TCS need not and should not rally with WIPRO rally. Market reaction will be company specific in a matured market. There's no fooling thru market or cheer leaders,,",1
facebook_corpus_msr_446539,Sirji you JUST concentrate on game not on audiences..bcoz they make noise always.,1
facebook_corpus_msr_1810430,Where were the rakshaks???,1
facebook_corpus_msr_2111417,And you P Vijayan aginst humanity,1
facebook_corpus_msr_1902062,Madhya Pradesh: Dogs Eat Up Patient's Body In Govt. Hospital,1
facebook_corpus_msr_416415,"Be prepared for more and more harassment, more and more unproductive compliances and more and more taxes. The poor citizens of India will be screwed by the bureaucrats from Central and State.",1
facebook_corpus_msr_455908,Engine says its a cruiser..  Body says no i am not a Cruiser..  Then what am i???  All the Best..  For thinking that this will compete with Royal Enfield....,1
facebook_corpus_msr_2117666,After twin tower bombed Indians never said do we belong here in America,1
facebook_corpus_msr_53436,Indians are not serious about corruption!,1
facebook_corpus_msr_463918,you mean confusing DeMo to confuse the nation left him confused .,1
facebook_corpus_msr_329965,"Care for cows, dogs n even cats but not humans who are not hindu. This mann ki baat wud ve been much more interesting if only animals followed religion too 🤣",1
facebook_corpus_msr_2127013,Heading should be..Owaisi huge loss..pseudo secularism rejected. 😂😂,1
facebook_corpus_msr_2018572,"Vrinda Singh I don't know what I dislike her more for, flaunting her privilege or speaking of puppies like they're second class beings 😑😑",1
facebook_corpus_msr_374323,Revenge........Don't Discuss on news only do something otherwise today they entered 200 ms next will be Delhi.,1
facebook_corpus_msr_1521862,#BJP please be aware that you don't get yourselves shutdown in Kerala in this process 😂😂😂😂,1
facebook_corpus_msr_331086,Soon a day will come when pillion seat will just be on the top of rider.,1
facebook_corpus_msr_1689911,"Niraj Kumar don't try to change bands manually, let the phone choose the best available band automatically...That's the safest bet.",1
facebook_corpus_msr_2073737,"If only hard work is the benchmark, donkeys would have then ruling the world. Hard work without brains is what donkeys really do.",1
facebook_corpus_msr_2379926,"Delhi Police can't update itself as those politicians use to do so quickly .
Khaki ! Irani has been removed from HRD .. Bassi is light year away .. Courts have no cases against boys ..
But mindless will stay dumb as ever .",1
facebook_corpus_msr_496810,"The person grows three times faster than the company; a disproportionate part of the profits goes to rewarding the capital than those who sacrificed their lives to make the company successful, and a slick marketing campaign to make it appear as if the meagre amounts of money set apart for a family run trust are ""philanthropy"".  What hollow pride...",1
facebook_corpus_msr_1613973,Nobody have insulted ur Hindu god its jyst hypocrasy shown in the film. Problem is not in the movie but a hatred towards Amir khan,1
facebook_corpus_msr_2383824,No body want to Indian population to Suffer. But Dr. DEMONetisation is laughing when Indian population are SUFFERING.,1
facebook_corpus_msr_451836,Is management and marketing team ko award of the year,1
facebook_corpus_msr_334171,Congress is bankrupt....they need to identify and develop new and young leaders...,1
facebook_corpus_msr_53435,Who cares about corruption? We have more important issues like beef!,1
facebook_corpus_msr_446241,Stringent action must be initiated against bank employees who have been found guilty,1
facebook_corpus_msr_495402,Always compare and disrespect another person's achievements... well done lad...,1
facebook_corpus_msr_1978767,Ufff enough talking about this girl..  Everything is publicitystunt befor Bihu..,1
facebook_corpus_msr_2073740,Obviously to appreciate Harvard education or Nobel prize you need a little bit education !,1
facebook_corpus_msr_432719,I can see some beggars comment asking for 15 lakhs?? What a Shame,1
facebook_corpus_msr_399072,"No need for any clarification. Since you are Bollywood celebrity ; yours only religion is name, fame and money . Now please eat donkey's meat and put it on social media.",1
facebook_corpus_msr_2018539,You r right meera that being whatever you want is your choice ...The same way many women feel that working at office and fulfilling their dreams makes them happy ...Not every one is happy being a home maker ...And not every one is happy being a working mother so it depends on circumstances and choices we want for better life,1
facebook_corpus_msr_444372,"Yes.. In between another new initiative will come then you will be able to forget this one. 
😂 Actually he got his share of 15lacs from Swiss bank so he wants to distribute among bhakts",1
facebook_corpus_msr_446518,Modi is great. He does his homework very well and think for Indian common man.Keepit u we are not with you sir.,1
facebook_corpus_msr_1561873,"Disgusting, pyjama chaap throwing around his weight",1
facebook_corpus_msr_469421,How could this govt. issue new Rs 2000 notes without any legistlation.Section 24(1) of the Reserve Bank of India Act provides exquisite denomination of currency notes.,1
facebook_corpus_msr_1723238,"He has right to make complain about anything, that's true it's noise or sound pollution so far. Some of you are written that giving them respect without making complain. In Europe, they won't creat sound from religious institutions. It does mean also they respect each of them. Moreover it depends how civilized you are the way you living your life more than religion. Religion doesn't make you great human if you are not yourself . You must hear song or music and it doesn't bother you rarely Azan does. I would say, from all religious institutions right now to stop making noise or pollution, not particularly Azan. Pray for your God deeply without bothering or annoying someone. Over thousand year religion brings war more than peace remember dumb religious.",1
facebook_corpus_msr_1613982,shubhra Gupta the biased psychotic cursed creature,1
facebook_corpus_msr_1714336,Seriously? Bheem with those fat hands?,1
facebook_corpus_msr_445764,People will judge. Y we have to behave like arnab Goswamy way. Influencing people's mind by shouting and going only one side. People voted modi people need to decide good or bad by there own experience.,1
facebook_corpus_msr_474275,"Are u aware of the type of new note?
It hs a radio chip n can be tracked.",1
facebook_corpus_msr_1735832,Give scholarships and incentives to weaker section of the society and not reservation. Let merit prevail.,1
facebook_corpus_msr_326906,Reminds me of Chemical Ali in the Gulf War! Always denying....,1
facebook_corpus_msr_1979706,"http://indianexpress.com/article/india/fatwa-issued-against-reality-singing-star-nahid-afrin-by-42-clerics-4569825/

Dear Indian Express,
I feel sorry to write that your journalists are out there to misinterpret events and present them in a distorted manner just to make some sensational headlines. The news about upcoming singer Nahid Afreen has been prepared without proper research and investigation. It was very sad to see that your journalists don't even know the difference between fatwa and appeal. 
A fatwa is a non-binding legal opinion issued only by a qualified jurist (Mufti) on a request by someone who is unable to understand religious guidelines whereas the leaflet that is being circulated and presented as Fatwa is just a hard copy of an appeal signed by 46 men who believe in religious practices. The merit of appeal can be discussed on many grounds and in many dimensions but first and foremost, an appeal can not be called a legal opinion (Fatwa). 
We expect apology from your side for such a mistake",1
facebook_corpus_msr_2111343,don't try to cover ur mistakes by using rss name,1
facebook_corpus_msr_450719,Sir plz help but common people now they are really in problem..dont let their hope die,1
facebook_corpus_msr_1833402,Pity this woman anything to survive,1
facebook_corpus_msr_1805603,Where is this old creature,1
facebook_corpus_msr_1490550,He turning out into a cheap joke. Trying desperately to remain in the limelight.,1
facebook_corpus_msr_1437561,"Difference between the ideologies of two parties.
AAP- JanLokpal
BJP- Har Har Modi
AAP- RTI
BJP- Har Har Modi
AAP- Transparency In Funds
BJP- Har Har Modi
AAP- No Criminals In Politics 
BJP- Har Har Modi
AAP- Swaraj 
BJP- Har Har Modi
AAP- Clean Politics 
BJP- Har Har Modi
AAP- Gas Prices, Petrol, Electricity, Water, CNG?
BJP- Har Har Modi
AAP- Accountabilty
BJP- Har Har Modi
AAP- FDI, ambani, adnani?
BJP- Har Har Modi
AAP- Congress, Rahul, shiela, Mulayam, Mayawati, Yedurappa 
BJP- Har Har Modi
AAP- Jai Hind
BJP-Har Har Modi",1
facebook_corpus_msr_466381,"Standing ovation to him for reminding us legalized plunder and organized  loot like 2G, Coal, CWG scams :P",1
facebook_corpus_msr_1805699,Bjp man,1
facebook_corpus_msr_2349561,"Is this another managed story,just to defame DT??? When it's journalism, anything is possible!!!",1
facebook_corpus_msr_394645,Joke of the day from a joker from Jokistan. Couldn't stop laughing. 😂😂😂😂😂,1
facebook_corpus_msr_466275,U didn't talk when u had ur chance! Now don't talk when u lost ur chance,1
facebook_corpus_msr_403304,"Our netas will do kadi ninda , they don't have guts to take action, we understand they are not man enough, in next meeting u will see our netas  in saree and bangles",1
facebook_corpus_msr_1804986,questions for people with common sense from nilesh - Why isnt Anna asking BJP to implement Lok pal bill ? Why isnt he doing any fast to force Bjp to get back black money from swiss banks ? Anna did all the drama to remove congress but not to change the system.,1
facebook_corpus_msr_1956239,Ab sp will lecture about law and order....thats hilarious,1
facebook_corpus_msr_328606,When Congress in ruling Modiji always talking about soldiers death what happened now.,1
facebook_corpus_msr_1805262,Mr.Hazard you don't join Aap  and remain in your ideological party.,1
facebook_corpus_msr_443968,Vasa Madhukar He has been speaking so many things. I am waiting for the performance.,1
facebook_corpus_msr_1945542,"New Uttar Pradesh Restaurant ( India ) 2017.....

100% Vegetarian.....

Menu -
Veg Beef (Buffalo) - Not Available
Veg Fish - Available
Veg Chicken - Available
Veg Mutton - Available
Veg Egg - Available
Veg Whiskey - Available
Veg Tobacco - Available

Free Home Delivery on 4G Mode

Cheers..... Enjoy......",1
facebook_corpus_msr_334882,Its Same Old trick. Raising voice aganist BJP makes you antinational.,1
facebook_corpus_msr_1723605,"Fear that time when no azaan is prayed in the fajr , then you ll know why fajr azaan was the most important.",1
facebook_corpus_msr_398398,May b he shud take a break tour to pak wit iyer.,1
facebook_corpus_msr_1582249,A communist trying to convince himself that he and his ideal are still relevant?,1
facebook_corpus_msr_444569,What happened to to him he is looking weak depressed,1
facebook_corpus_msr_1805030,"Annaji, with due respect remember lokpal, you had disappointed entire country.",1
facebook_corpus_msr_1600590,haha INDIAN ARMY fighting war in songs and movies.,1
facebook_corpus_msr_2111257,"India is a Hindu country, don't be under any illusions",1
facebook_corpus_msr_446739,Those who are against demonization may be illiterate or don't know how to make life simple using card.,1
facebook_corpus_msr_1723047,Respect is mutual...It won't come from one side or through appeasement,1
facebook_corpus_msr_445684,"Who is going to be affected, he wil bark, but not a common man. Digital India is possible from Modi Ji alone. Dream is coming true.",1
facebook_corpus_msr_1805729,I think anna is bjp agent.he never said aganest bjp,1
facebook_corpus_msr_443981,"see all the common man after from today 45days than I agree with you, still in india 50% people do no what is money now they will know atleat what is money were it comes and how to handle it. only rich people becoming richest and they all know the technology updation what about poor you want all poor should be poor for ever and please allow them to go bank and they are 1000 of scheme for them announced by govt not only NDA even UPA it never reached them atleast now it reach them",1
facebook_corpus_msr_1805643,No sir you are all ready member RRS,1
facebook_corpus_msr_445735,the problem is not with the idea of Demonetization. it was rather overdue since 71. the problem is due to shortage of smaller denominations.. which is partially attributed to the new size of 2000₹ note,1
facebook_corpus_msr_2141824,"Modi Ji, everything is not for sale in India. These missiles are strategic weapons and should not be sold to other countries. Money is not everything and some things are more valuable than money.",1
facebook_corpus_msr_329146,There were a fear of isi now here comes BAT,1
facebook_corpus_msr_2111287,They have been planning to divide India in to ten parts for. Last hundred years. However succeeded in dividing in 3 parts.,1
facebook_corpus_msr_2159109,What trust vote without opposition party??,1
facebook_corpus_msr_1956964,It's Majority vs Minority Game .... If u don't want game don't play ..As simple as that...,1
facebook_corpus_msr_1833409,"First protect us(public), then you go for..............
.",1
facebook_corpus_msr_450910,How do u intend to deal hackers and secure these transactions.,1
facebook_corpus_msr_2159101,Black day for TN,1
facebook_corpus_msr_1561926,Brave woman.... India is a difficult place for woman....,1
facebook_corpus_msr_1723228,He should shift his home to Himalayas..... There would be no cacophony...Only euphony of birds chirping... Becoz he will not be allowed to spread such intolerance and hatred for other religious beliefs in a secular and diverse country like India.,1
facebook_corpus_msr_1514787,"#ExpressOpinion The Congress alliance, which receives maximum Muslim electoral support at the all-India level, interestingly, managed only 11 per cent Muslim votes in UP.",1
facebook_corpus_msr_451851,"The power baby DOMINAR is going to come on earth, of course they try to make it special",1
facebook_corpus_msr_1945560,Or Raj Thackeray the PM,1
facebook_corpus_msr_444110,"Bhaijan please bring cash from Swiss banks , I am waiting for past 2 1/2 year's will get 15 lakhs, but u given babaji ka Tulu... to everyone ... BC",1
facebook_corpus_msr_1937568,"I don't think you can debate Yogi on Hinduism and/or Indian politics. How did you know that he is a goon, did you belong to his group or what, how do you prove that you are not a goon as well? Modi can never select a goon for CM for the largest state of India.",1
facebook_corpus_msr_1649504,This is the Jamuna Tehzeeb waiting for Indians.,1
facebook_corpus_msr_331603,I guess NDTV so confused ... the difference between Billions and Millions... 🤔,1
facebook_corpus_msr_1723853,what this stupid person is he? his house is almost  2.6km far from the mosque he only want peoples for attraction but he dont know he lost million of his muslim fans with his 3 tweets only so ......................................................?,1
facebook_corpus_msr_2073716,"sir they are professional in dividing people
they paid for it
they all are pakistani isi agent",1
facebook_corpus_msr_2018518,Exactly..so in an indirect way she wants to say mothers who do spend only a few hours with their kids treat them as one! That's the direct interpretation that you get..very offensive words for every working mother out there,1
facebook_corpus_msr_1729679,Those released on Saturday ask: ‘Why are we being treated like criminals?’,1
facebook_corpus_msr_397545,"Sultan ji, I m from Assam, India. Here at our Shiv puja committee, the chairman is a musalman friend of mine.           We may be from different culture, but we dont see things your way.",1
facebook_corpus_msr_2144399,"Politicians only believe in phote sessions they never try to uplift & development of boards,  organisations, players including",1
facebook_corpus_msr_421513,Then marketing still has the mojo that means! #ChooseMarketingOverFinance :P,1
facebook_corpus_msr_1957012,Burn burn burn! :D,1
facebook_corpus_msr_688490,Those who lost credibility because of corruption now pointing fingers at Honest CM. First see at yourself what Congress have done in MCD along with BJP. Nobody knows are you there in MCD or not for 20 years? Never raise any issue for public cause. just hand in glove with bjp. Now there comes AAP so both bjp & cong want to show goodness & honesty.,1
facebook_corpus_msr_1723091,"I am also living beside Temple, we have not create such a thing in mind,we Muslim respect all religion ,we don't thing that's bhajans, are disturbing us,",1
facebook_corpus_msr_2018530,"Mira.. Please don't even think of bringing a dog 🐶home ever, as spending one hour a day with him would be inhumane and disgusting.  Also a pup 🐶needs almost the same amount of attention as a human child. Says who? Says a proud owner and irrevocable lover of dogs.",1
facebook_corpus_msr_335314,"No because I neither share anything and everything without verifying/ understanding the fact (example farmer ready to drink urine owned Audi and 100 acre land)

Anyways being fair you should have first answered then questioned. But it's understood why you avoid certain questions",1
facebook_corpus_msr_454034,is this a Drama launch or a Bike launch ?,1
facebook_corpus_msr_449698,Why Muslim people don't like PM Modi. What's theirs problem?,1
facebook_corpus_msr_1979918,Who cares about fatwa. Fatwa has no role in our legal system. Any fatwa against a citizen is supari and threat.,1
facebook_corpus_msr_328585,Provide shelter to terrorist..A person who's entry was banned in UK nd US cz of murder of thousands of Muslims is talking about terrorists nd terrorism,1
facebook_corpus_msr_1897084,This guy obviously voted for Modi now let him repent at leisure,1
facebook_corpus_msr_233529,"What is the use of naxalies in the country though they enemy of the soldiers...
Why don't the government act for the complete vanish of naxalies.",1
facebook_corpus_msr_451880,Even Justin Bieber didnt get so much hate xD bajaj plx,1
facebook_corpus_msr_507269,"It's true but our government will never understand, they will spend crores to advertise MakeInIndia bur will not focus on the key issues of Infrastructure and policies for ease of MakeInIndia",1
facebook_corpus_msr_1723102,"that's bhajan not disturbing you coz it's in India..but it would be harmful for you if you living in Pakistan, Bangladesh, Iran,Arab etc country !! So stop your secular behavior !! He didn't tell to stop Azan or Arti but he just said that you don't do it in mike with high sound in morning !!    But so many sickular's turning it into communal comment !!",1
facebook_corpus_msr_1804871,"Anna Hazare ji, aap chunaav ke samay hi kyon jaagte ho? Arvind Kejriwal, unlike you has come out in the open and is fighting with the system whereas you from the comforts of your village do not have the guts to match your chela and just criticise without doing anything meaningful. 
You were our hero once upon a time but today- you are just one of those who left the battlefield to save your skin and basque in flattery and jhoothi glory...
:-/",1
facebook_corpus_msr_1805576,You are Already joined​ BJP Mr. Hazare,1
facebook_corpus_msr_1805551,BJP Agent..,1
facebook_corpus_msr_446054,Modi sir i  support  u nd those all who r against u they r jokers,1
facebook_corpus_msr_446603,"Cashless is best decision result will be seen after total cashless
Govt servant will suffer while demanding bribe",1
facebook_corpus_msr_469223,Wow. If this happen i too will have my own soon.,1
facebook_corpus_msr_474444,I won't support this sudden change why they need to do sudden change,1
facebook_corpus_msr_414528,Bring down prices... govt.need to assess valuation of these properties...a 700sqft flat cannot be costing 80lakhs +.. consumers are shelling out lifetime savings on pig stys,1
facebook_corpus_msr_326862,"My son this is not 1971 and a brigade of our army is not combatting with the cowards of a whole country...  Its basically party time...  Punjab,  Nagaland, Assam and Kashmir will be separated",1
facebook_corpus_msr_2280077,hahahahaha brilliant. was wondering why i keep getting wound up,1
facebook_corpus_msr_1561791,"its her fault she is not here to make any minister happy she should have scoulded that mla badly bcoz she has came on that position by working hard and how ministers come we all know ...
IPS is not a joke it is one of the highest job in india",1
facebook_corpus_msr_1710292,"Despite fare increases, Dynamic pricing !",1
facebook_corpus_msr_1922803,The high handedness of such politicians speaks of their character . The person who can create a scene for not getting Executive class seat can commit any crime if allowed to travel in general class in train .They are not fit for representing Indian people who are poor in general .,1
facebook_corpus_msr_2032217,We shud salute this brave n nationalist man.it is a lesson to all.Communalists shud refrain to paint the Indian Muslims in bad colour.,1
facebook_corpus_msr_426342,"RIP airtel, idea, Vodafone 
😂 😂 😂 😂 😂 😂",1
facebook_corpus_msr_462620,"Demonetisation has made all depositors to stand in long queues,begging banks to draw cash from their own accounts.This is the reality. But, 4.7 crores of new 2000/= notes was caught red-handed from an  individual in Bangalore. Does it not show the total failure of  the conditions, imposed by RBI &govt.?",1
facebook_corpus_msr_2111211,RSS always supported British that is why they follow divide and rule now. Gandhiji assassination is it justified?,1
facebook_corpus_msr_395552,People needs some incubment  from younger  generation instead old ornamental spineless to  the coveted post.modi should show some body miracle  rather old practice.,1
facebook_corpus_msr_1937567,"Mr Shirish Kunder you may not know, but we made a man PM in 2014 with even better credibility than Aditya Nath and he has been behaving since then, at least he didn't participate in any riots. So, we have taken the similar chance here as well. Also, your suggestion all makes sense, making Dawood CBI chief, make him behave as well :V",1
facebook_corpus_msr_379394,Koi nai soch reha h apeny desh ki sab neta apny kud he ki soch reh WA modi ji,1
facebook_corpus_msr_2159084,"Hopefully the people will realise the betrayal perpetrated on them. The state of Tamil Naadu is now ruled by a bunch of money grabbers whose head honcho is in jail for the offense of ill begotten wealth. Poverty has not been addressed. Is a TV and mixee adequate comprise for a vote? Time to reject these politicians and move to a new future. POLITICIANS NEVER GUARANTEE OUR FUTURE, ONLY THEIR OWN.",1
facebook_corpus_msr_2126961,BJP has won 82 seats not 80,1
facebook_corpus_msr_1504137,"And your manifesto says you will abolish income tax .
So what's the point",1
facebook_corpus_msr_1805437,Hazare is a stooge of RSS,1
facebook_corpus_msr_445810,"Today i went to a pathologist  for blood test I asked him for digital payment first that doctor Denied for e payment i said him now a days a hawker is also accepting the digital payment. Y u r not accepting u r a doctor educated person. He was so ashamed and admitted and accepted my pay tm wallet payment.
Thanks modiji",1
facebook_corpus_msr_443956,Wake up and stand by him going to change the life of many poor people,1
facebook_corpus_msr_469180,^^kamlesh where is my 15 lakh as promised by our PM that if black money is brought back?,1
facebook_corpus_msr_451342,we (mango aadmi) already have less-cash Sir ...no need to become :D,1
facebook_corpus_msr_1521785,@ Abhay Singh Have you heard about phoenix bird rising from the ashes...? GOOD LUCK MAN...🙂 FROM KERALA - A PROUD COMRADE,1
facebook_corpus_msr_2111201,"People who speak against India amd support minorities talking against Hindus are seculars and people like modi who wants to see all as one irrespective of caste,creed,religions are non seculars.What a pathetic situation.",1
facebook_corpus_msr_221551,After this kejriwal is goinh to resign and have a fair elections. Because EVM is faulty and he won his election because of faulty EVM. Andolan karo kejriwal. We are with you.,1
facebook_corpus_msr_332622,If Manoj Tiwari did it intentionally then he is learning from kejri how to win Delhi elections 😂,1
facebook_corpus_msr_1833356,"Clearly not read history,only some distorted form of it serving a particular section. I wonder whether the real struggle of Indian Independence would remain intact for coming generation to know what inspired it. India turning into a reluctant democracy with a rider",1
facebook_corpus_msr_1735847,Reservation is like another form of terrorism,1
facebook_corpus_msr_1791671,Belated valentine rose to the guy he slapped with his slipper.,1
facebook_corpus_msr_399062,There is no need to give a statement after doing such a bit of work. You know what kind of person you are. You can not even find a place in hell.,1
facebook_corpus_msr_2126993,Why Indian express keeping silence on bjp incredible win?,1
facebook_corpus_msr_2111189,"We are still paying for the mistakes of Gandhiji and Nehru,the same very day Pakistan proclaimed to be a Muslim nation,we should have declared ourselves as a Hindu nation.",1
facebook_corpus_msr_405662,"Waiting for world war -|||

No earth No crime.
No root  No fruit.
No tree No flute.
No religion No enmity.

#Freethinker",1
facebook_corpus_msr_451694,Don't encourage youth for rash driving. You idiots make sale but people loose lives. Just check with the records number of bike accident take place in India.,1
facebook_corpus_msr_469179,"Hahahaha, What made you think I am Pakistani? My difference of Opinion? Grow up Kid.",1
facebook_corpus_msr_1561894,It's open jungle Raaz.,1
facebook_corpus_msr_407756,First check d brain of digvijay singh and rahul baba😂😂😂😂😂,1
facebook_corpus_msr_1490553,Bhakts were never interested.,1
facebook_corpus_msr_1649483,Where is INTOLERANT BRIGADE no call for hartal no bandhs  is nobody ready to annoy Saudis .,1
facebook_corpus_msr_2081688,"Superb....
Hw media twisted d whole situation in d favour of left organisations nd against right wings, resulting in abusing of the government.... 
BJP is winning d election but they r not ablebto manage media.....",1
facebook_corpus_msr_332302,Sir do your welcome party ..Indian Soldigers r killing in Indin border..,1
facebook_corpus_msr_444224,He has got to be much better than this!!! Planning and level headedness need to be introduced.,1
facebook_corpus_msr_1600603,Indo-pak ...can exist as a country only until they hate each other,1
facebook_corpus_msr_1897738,Award giving committee also consist of JNU supporters only. They say you are named on award giving committee only if you are giving award to JNU only.,1
facebook_corpus_msr_420688,"This man once said, take out dead Muslim women and rape their body, irony to have such CM in a largest democracy",1
facebook_corpus_msr_446245,Fail to address the parliament now addressing bjp park party,1
facebook_corpus_msr_1735806,Girish Rajani according to the population survey you people are 80% & we are 14% till 2080 we will be minorities.,1
facebook_corpus_msr_444072,Ok what about the current situation do not dig the past do something to improve the current.,1
facebook_corpus_msr_2041564,I don't understand why ppl are congratulating Kangana! If complaining and being rude is considered brave and outspoken then there is something wrong! It's KJOs choice to decide who he wants in his movies! He probably doesn't want to cast her for this very reason of she playing the victim card endlessly and blaming everybody!,1
facebook_corpus_msr_1723320,Certainly it is directed to all religions... Curb noise pollution,1
facebook_corpus_msr_2111219,Even you should be ashamed of ur mentality for blaming a any person by seeing his ancestors...,1
facebook_corpus_msr_331088,"lets face it,its an age of hype and fake with ABSOLUTE ZERO INVENTION..FORGET INNOVATION...",1
facebook_corpus_msr_2039498,"But I don't think Modi, Amit Shah and  Jaitly  team will allow her  to be a minister for a long time.  Now that Advani and Joshi are more or less out from the candidature from President election due to ayodhya case she may be given a chance as an eye wash",1
facebook_corpus_msr_1805096,Hazare shaab..Now your party is ruling and u can't find Corruption ...???? you may get up 2019 for next protest.. until you can continue your sleep,1
facebook_corpus_msr_1490551,It's better to leave this fellow to seat in BJP's chair if he is allowed. Now even Bhakts are not interested.,1
facebook_corpus_msr_326838,"Pak seems to deliberately invite Indian Army for a surgical strike to trap our SF . The recent incessant provocation is part of a preplanned trap, to let down us globally. Indian Army Chief must be cautious to undertake yet another  surgical strikes. Strikes r must ...but execute the way beyond their expectations..Of course we can.....",1
facebook_corpus_msr_451706,"Competition for royal Enfield, OMG ha hahaha, who cares, both the companies are losers, bajaj can't even manufacture their own engines",1
facebook_corpus_msr_1902069,That's our govt hospitals  but if u pay the bribes u will get royal treatment after death also,1
facebook_corpus_msr_451203,This PM doesn't give respect to house n democracy finally people . Hitler style n India will std.,1
facebook_corpus_msr_445721,"This is not the destination, it's a journey & many jokers would have to be left behind to keep the sanity of governance. People who cry foul are either affected or have despicable ideas.",1
facebook_corpus_msr_1735820,"https://www.facebook.com/Vibrant.News.Hyderabad/videos/vb.782624795112634/1458550857520021/?type=2&theater

May I suggest you to Please read this report ,
If by ""appeasement"" you mean appeasement to mulism's.
Who are the most backward section in this country.Muslim's.
Reason's you ask? Communal prejudice, Ghettoisation ,Repeated Persecution.etc 
Just for your information Muslim's are even more backward than Dalits,SC's,ST's even Non-Hindu SC/ST(Tribal's).In fact the backward,poorest and ghettoised community in India are Muslim's.
When issues of these communities are bought in parliament no one objects.Ex Jat's,Patel,Tamil,SC's,Dalit,zoroastrian,Sikh , but if you talk about the conditions of Indian citizens who happen to be Muslim then its appeasement who constitute 14.2% of India's population.",1
facebook_corpus_msr_446813,Opposition is opposing coz they are sitting there to oppose whether it is right or wrong. They have shut their eyes & Mind.,1
facebook_corpus_msr_2032109,Uncle your religion came into existence just 2000 years ago our is here for last 10 thousand years if we had hatred we wouldn't have existed this long,1
facebook_corpus_msr_2041591,Woh accept Karey Naa karey tumhein kya  pareshaani hai aur kuch kaam nahi hai kya tumhare pass,1
facebook_corpus_msr_431266,hey guys he doing a really great job only thing is we thinking of present but not future.,1
facebook_corpus_msr_1673920,"Let us change to T10 format!!! I am sure it has something to do be SRK, since sugar daddy is on the run!!!",1
facebook_corpus_msr_1735801,Reservation to patidars & jats & saffron terrorism in india,1
facebook_corpus_msr_1724235,Wat u think sonu don.t angry wth  hindu,1
facebook_corpus_msr_2295560,Poisonous gas inhaling lead to death of seven workers in Maharashtra,1
facebook_corpus_msr_1673946,This is chreetig......,1
facebook_corpus_msr_1805481,"But, who nurtured AK ?",1
facebook_corpus_msr_450830,Political parties are allowed to deposit old notes. .they are exempted why?,1
facebook_corpus_msr_323707,Ya that's the point .. no point in wasting time arguing with headstrong and egoistic ladies like you mam.god bless your husband,1
facebook_corpus_msr_1945570,Ignore him.,1
facebook_corpus_msr_413256,How we should know which good or bad .... Government also take action on that,1
facebook_corpus_msr_403353,Please attack Pakistan massively in the same manner the way they love to do so,1
facebook_corpus_msr_446135,sry sir but i have wasted my first vote for u,1
facebook_corpus_msr_1804963,Anna hazare is fixated only with Kejriwal and no other burning issues is important to this Sanghi's duplicate Gandhi avatar!!!,1
facebook_corpus_msr_1521800,Manumasti chapter 420 we was eating before and now we stop eating beef and so our revised 420 thoughts will force other community should also to be stop eating beef in democray india.!,1
facebook_corpus_msr_445587,"If people dont support and think he is not a good PM 
Then who do you want to be PM 
The chota bheem lover Rahul
So that he can telecast chota bheem on DD😂
Or Kejriwal to Blame Trump or Putin on India's failure",1
facebook_corpus_msr_1722779,"moral ethos, ethics and values!! hmm whose? every morning in the newspapers, I take note of the moral ethos, ethics and values of people!",1
facebook_corpus_msr_329075,Send gau Rakshk... I think they can track down terrorists,1
facebook_corpus_msr_1978741,Fatwa not issued ! Fake news,1
facebook_corpus_msr_1723395,"And at the time of your god there was loudspeaker that you are playing daily bhajan in loudspeaker , well done bro! Your thinking capacity is too high😛 !",1
facebook_corpus_msr_1490620,go and file case man y to disturb people and blackmail aap as kumar viswas did,1
facebook_corpus_msr_1610623,Only bashans no work,1
facebook_corpus_msr_1978813,"http://indianexpress.com/article/india/fatwa-issued-against-reality-singing-star-nahid-afrin-by-42-clerics-4569825/

Dear Indian Express,
I feel sorry to write that your journalists are out there to misinterpret events and present them in a distorted manner just to make some sensational headlines. The news about upcoming singer Nahid Afreen has been prepared without proper research and investigation. It was very sad to see that your journalists don't even know the difference between fatwa and appeal. 
A fatwa is a non-binding legal opinion issued only by a qualified jurist (Mufti) on a request by someone who is unable to understand religious guidelines whereas the leaflet that is being circulated and presented as Fatwa is just a hard copy of an appeal signed by 46 men who believe in religious practices. The merit of appeal can be discussed on many grounds and in many dimensions but first and foremost, an appeal can not be called a legal opinion (Fatwa). 
We expect apology from your side for such a mistake",1
facebook_corpus_msr_2073786,Fake gdp,1
facebook_corpus_msr_2117656,"Amitj Aggar Dear Sir, this is a matter of choice as suggested by you to avoid mistaken identity. Pl let people apply your formula and than see the result.",1
facebook_corpus_msr_469559,Finally corrupt peoples are offering bribes to gods for save them from the  money demonisation scheme. BTW GOD IS NOT LISTENING THEN.,1
facebook_corpus_msr_1805445,BJP agent,1
facebook_corpus_msr_1805623,He is a BJP ian.,1
facebook_corpus_msr_331382,This is news nothing related to religion.. since u know English.. y don't u go through the post.. by ur comment it seems u celebrate when someone steals something from ur home.. great country..,1
facebook_corpus_msr_1722766,"People writing in favour of this ad featuring Sunny Leone giving STD awareness etc are forgetting/silent on the ""Flavour"" part of the Ad! I need not explain the ""Flavour"" and indecency interconnection.",1
facebook_corpus_msr_445864,When computer  is come in india at that time bjp against  . Now then f...k india . U ban note but thats good but with come manner. 90 to above  people die who is responsible.,1
facebook_corpus_msr_403360,Request to Pak Army plz fire atom bomb to the border. Then no one remain alive to blame violation.,1
facebook_corpus_msr_328328,NDTV Barkha the congress mirasis has contributed towards change.trp of scam products is zero.manipulating bouquets.let us see ur trp if ur channel is on charge to listeners basis.,1
facebook_corpus_msr_1956939,"Waw, so some news papers decide, narrative. Why u guys jumping gun.
Plz don't forget Americans voted to Donald Trump inspite of so much narrative against him.
Don't decide & paint with your own imaginations, time will decide.",1
facebook_corpus_msr_452102,Come on bajaj. There's a bike to launch. Cut the trash,1
facebook_corpus_msr_445917,"I like this act. But what i dont like is, the new money is again going to wrong pockets. We are struggling to get one 2000 rs note after standing in a huge line for hours. But all the  big shots are getting money to their homes directly from the bank. what the hell is really going with the RBI and banks.",1
facebook_corpus_msr_1521817,@Sanjiv At least be original. How much do you get paid to just sit down and copy paste comments? So sad! 🤣,1
facebook_corpus_msr_329098,"Now ""brave ""indian army is again ready fr surgical strike ...",1
facebook_corpus_msr_1893398,This is because of ignorance and illeterate.law is there bcz of triple talaq happening. It is hapening bcz of ignorance  and illeteracy.,1
facebook_corpus_msr_2111254,"Secularism has looted India from 60 years 
Let's have taste of Hinduism for few years",1
facebook_corpus_msr_395138,STOP JUST TALKING ABOUT THIS mulitation. THIS IS TIME TO ACT AGAINST PAKISTAN. WE WILL HAVE TO SEND THEM A STRICT MESSAGE OF OUR ANGRYNESS. OTHER WISE THIS WILL CONTINUE FROM OTHER SIDE. WE HAVE TO FIND A NEW WAY TO TEACH THEM GOOD LESSION BCZ THIS IS CHRONIC PROBLEM.,1
facebook_corpus_msr_446214,"In spite of so much trouble due to cash unavailibility,  we ll atand with you always.",1
facebook_corpus_msr_1737099,Yellow journalism..,1
facebook_corpus_msr_446736,"Modi ji, u have done great job but bankers r spoiling ur deam by giving crores of Rupees to politicians n business man tat hurts common man.",1
facebook_corpus_msr_1582276,imagine of someone posted 'nazism' or 'fascism' for the futtre. pathetic,1
facebook_corpus_msr_416428,Shameful on the part of shiv Sena to not act upon the mis behavior of the MP who abused and assaulted air India personnel and now tweaking the entire incident.  Good reply by aviation minister gajapati Raju.,1
facebook_corpus_msr_326051,And send Pakistan sldrs to nidhi agarwalz home ... false flag,1
facebook_corpus_msr_1804932,"A Question of Order
India, Turkey, and the Return of Strongmen

What happens when a democratically elected leader evolves into an authoritarian ruler, limiting press freedom, civil liberties and religious and ethnic tolerance?

India and Turkey are two of the world’s biggest democracies—multi-ethnic nations that rose from their imperial past to be founded on the values of modernity. They have fair elections, open markets, and freedom of religion.

Yet this is an account of how the charismatic strongmen Narendra Modi, in India, and Recep Tayyip Erdoğan, in Turkey, used the power they had won as elected heads of state to push their countries toward authoritarian ways.",1
facebook_corpus_msr_2081714,Serious issue thanks to shewag responded immediately. Politics entered in education system. It is serious thing. Nobody condemning for their own interests. Future of Indian youngest generation will be dark due to poison thinking. Is these are ache din.,1
facebook_corpus_msr_1723989,Jagran also a very much noisy,1
facebook_corpus_msr_1724063,Navaratri and ganesh chaturthy dont gappen 5 times i a day dear.,1
facebook_corpus_msr_1833339,"Does the cow protection movement also include murdering people Mrs. Nirmala sitaraman? Or is it the government's job to punish accusers? R we still fighting the freedom struggle? Or are we  today citizens of an independent democracy better known as india? Worship the cow dont kill it its holy and we consider her as our mother. But we also love and respect our fellow Indians they r our brothers and we expect justice for our brother(pehlu khan, a dairy farmer) and his family for this brutal murder is broad day light. So I urge the government to condemn this act and to ensure justice is given to those who deserve it before Indians of free and independent india lose faith in their democracy and its justice system. Humble request as a citizen belonging to the majoritarian group",1
facebook_corpus_msr_1723980,Sycophancy is the order of the day,1
facebook_corpus_msr_443044,You are right sir... Derivates i feel is like gambling...,1
facebook_corpus_msr_328324,Tital itself is biased. India has been subjected to minoritiesm in the name of secularism. Now India is only restoring secularism!,1
facebook_corpus_msr_1521838,Rahul What's your address? I'll send some burnol right away!,1
facebook_corpus_msr_404122,"Pakistan is a charity case anyways , but they only accept gift from there master .",1
facebook_corpus_msr_1804976,"Why he won't speak about BJP corruption or those who join BJP and earlier on his side  such Kiren Bedi, VK sing etc it look Anna main aim was to remove congress from power not corruption and lokpal",1
facebook_corpus_msr_411748,In ground reality rabbi has created lots of prob due to pricing issue,1
facebook_corpus_msr_1723813,I strongly appose forced religiousness either Muslims or Hindu.,1
facebook_corpus_msr_1723004,"It's not hatred, just asking why did Hindus had to leave Kashmir. Sonu has just said that there should not be forced religion, in every locality Azaan is there on the loud speakers & very few temples play loudspeakers. In maximum no. Love Marriages,
Only Hindu boy or girl have to change their religion & convert into Muslim.",1
facebook_corpus_msr_1978710,There was no fatwa and it has been confirmed... People are being misled by media... Only NDTV had the guts to apologize for this and clarify that it was only an appeal.,1
facebook_corpus_msr_2018573,Well safe to say that not many women marry at 21 and have a baby soon thereafter.  And have the income to stay home with them. But good for her though she shouldn't knock down other people like she seems to do in this article.,1
facebook_corpus_msr_1922800,He should be barred from Indian railways too. Isolate him. Who knows on next day he may start abusing TC or pantry people in railway. This should be done with everybody who misuse their power.,1
facebook_corpus_msr_335354,Plz forgive him he is national ist not some one from minority or opposition,1
facebook_corpus_msr_1521711,Vermula karthik i am living proof of a malayali hindu eating beef... :),1
facebook_corpus_msr_437324,"Why not..go for it.. Let there also be rule that when bank ATM is out of CSH or not in service, bank pays the customer in return the same transaction amount. Secondly if customer goes to Bank and if there server is down, let banks pay 8% interest for month than regular 4% for that month. Seems like a win win for both banks and customers.",1
facebook_corpus_msr_1723839,Sonu nigam doing his job as said by bjp..,1
facebook_corpus_msr_1561723,"Prithvi Setty and see where the ""due process of law"" has brought India, poverty, unemployment, crime and what not.",1
facebook_corpus_msr_330893,Ashis Kumar come and visit turkey still Indian Bollywood shoot there movies because there know here pepole not doing toilets one the street,1
facebook_corpus_msr_1723418,Dear India will u again label today's valley wide protests as paid and ignited by Pakistan via Social media. Will u again label all the students having received 500 or 1000 INR to protest today on the stake of their career. Come on grow up talk it's too late. The situation is worth attention catching.,1
facebook_corpus_msr_1723241,"Sonu Nigam started his career singing at Jagarans.....did he ever care how many people had to go sleepless nights because he was singing bhajans all night........Now that Azaan has suddenly brought enlightenment upon him.....He should also speak against use of loudspeakers at Mandirs, Gurudwara, concerts.....they all create disturbance....",1
facebook_corpus_msr_233746,If still bjp want to be in government should take strong action against Natalie.,1
facebook_corpus_msr_464873,"Completely wrong,  ATM out of cash is the ground reality.....you pleople are lieing all around",1
facebook_corpus_msr_324315,The whole village would have been there to save him Only if he was a cow!,1
facebook_corpus_msr_2032046,Riya Biswas who is saying there's silence for one? If there is then the silence is for the poor victims which muzzrats burnt in that train. And the world doesn't care about when the victims react to the oppressor. Muzzrats started it,1
facebook_corpus_msr_451893,What happened to breaking a coconut ! It was much simple and quick,1
facebook_corpus_msr_445593,Whenever a country is based on helping the poor people.. god only should save that country.. it should be for the upliftment of the poor.  No deep thinking.  Only superficial..,1
facebook_corpus_msr_453252,We want bike not this hair losser from side guy,1
facebook_corpus_msr_328581,Terrorists like Gaurakshaks who wont be mentioned bcoz tat wat gains votes for PM's party.,1
facebook_corpus_msr_1617889,Truely very sad such a young life to be taken away so soon.,1
facebook_corpus_msr_1805168,Some comments are criticizing Anna instead of Kejriwal.  What a mentality.,1
facebook_corpus_msr_1736997,Work of a news paper is to provide information not to judge anybody on their own and then make people accept that judgement. But sadly all newspapers and TV news channels in India behaves like supreme court . They will have their own judgement on every topic.,1
facebook_corpus_msr_2081691,Shayad se yeh 2 channels opposition se managed nai hue to usse BJP managed bata diya....,1
facebook_corpus_msr_2111239,Well said sir it will becme and pekku modi baktha vill be lyk dog,1
facebook_corpus_msr_2018591,"I respect mira, her choices, homemakers a lot but she shouldn't insult working women who continue jobs after marriage and kids. Every mother loves her kids, everyone's situation,dreams,conditions, methods are different. Crores of middleclass wo.en work by choice,some by situation,they dont think they are dog mothers,their kids will punch if someone insulted their mothers hard work by this way. These days Kids are independent,tough so does mothers . Everyone has right to make their career,follow dreams,goals,passions, families these days help working women in chores and childcare.",1
facebook_corpus_msr_450067,Go back n open tea stall. ..u don't deserve to rule this country,1
facebook_corpus_msr_324304,So the cmo has no right to interfere as to why the ambulance is not being provided.,1
facebook_corpus_msr_413251,who will take a right decision when a common people purchase a drug of a chemist shop which is the better drug or chemical composition is better.,1
facebook_corpus_msr_451778,Does everyone has to sing like this before they buy this bbike ???,1
facebook_corpus_msr_1805592,Who cares you. you old man.,1
facebook_corpus_msr_450593,Respect our beloved PM Modi...  Haters buy burnol and apply...  He will remain our beloved PM for next term as well...,1
facebook_corpus_msr_2137959,Yes still coma or in dream,1
facebook_corpus_msr_402502,Do you give equal rights to Hindus? what percent Hindus are left in your country since 1947?,1
facebook_corpus_msr_1723206,"Asrar, I said all religions. See I have problems with anyone using loudspeakers be it temple or mosque. Be it azan aur Navratri. 2 wrongs don't make a right. If anyone want to pray, he/she can very well go into his or her religious premise. If he or she wants to pray at home, use technology. I have problems with 5 minutes azan and 5 days of Hindu festival loudspeakers.",1
facebook_corpus_msr_1710293,So inspite of so much increase In fares,1
facebook_corpus_msr_323259,"Priyanka Chopra looking awesome,, with new dress,,, ,,, 👍👍👍 Deepika wearing nighty dress 😂😂😂",1
facebook_corpus_msr_2018605,"Basically Neerat, choices should be respected, whatever they are. No one is lesser be it a homemaker or a woman who manages both work and home. 
Her saying, ""Misha isn't a puppy and I won't leave her alone"" portrays working women as having fun when they step out of their homes. 
Besides these days everyone has a problem with everything. :D",1
facebook_corpus_msr_444514,Opponent wish to just be on the line light & create cheos in the country,1
facebook_corpus_msr_446572,We are waisting lot of time for quoting old governments. Stop that,1
facebook_corpus_msr_463771,I dont get it how India is priority for India? ? U 1st launched in USA... and its 2500 costlier then USA price and 2000 costlier then HK price ... y india has to pay 2500 extra?? How India has priority? I hope u wont avoid this q....,1
facebook_corpus_msr_1649498,Where is owaisi and mamta begum now?,1
facebook_corpus_msr_446664,"We have given chance to corrupt govt for decade's.
It is right time to give chance to right regime govt with good visionary steps",1
facebook_corpus_msr_1525359,"This is not intolerant country we are living and we know very    You don't tell from other countries.     We people very happy n don't need your suggestions 
Thank you.",1
facebook_corpus_msr_470752,All drama. Even Modi dragged her mother in this for sympathy(empathy),1
facebook_corpus_msr_380551,indians are with indian army plz do something show wt is india .....,1
facebook_corpus_msr_490109,Now hard reality coming with common people ...feeling sad 😟,1
facebook_corpus_msr_447259,What about the block money with big people viz MPs beurocrats industrialists modiji,1
facebook_corpus_msr_2111369,I'm here to read rss support comments and laugh hard...,1
facebook_corpus_msr_2018569,Agree..,1
facebook_corpus_msr_445933,He is 9th powerful man in the world dont forget it everyone,1
facebook_corpus_msr_1426991,"The main problem of this county is media, especially news channels. All channels belongs to any political party and today we are not able to watch any news on news channels because they are pets of political parties",1
facebook_corpus_msr_2081753,"Shewag is 100% true , before any one takes a dig at him remember Dawood father was a police man , but he didn't Inherit his father's qualities",1
facebook_corpus_msr_1804929,"Drammebaj, Annaji. You ran from battlefield when in job and then misled people on black money, Lok Pal.
What is your standing now?",1
facebook_corpus_msr_1649482,When govt doesn't care about employment then Indians flee to foreign countries for work... We are bound to bear this all,1
facebook_corpus_msr_1805721,Only supporter of bjp annaji,1
facebook_corpus_msr_2032241,That terrorist father had accepted the reality but Media houses still thinking he was just a suspect. CLap Clap !!!!!,1
facebook_corpus_msr_330976,Look don't blame the gun what kind of beer was it.....,1
facebook_corpus_msr_1583968,What's wrong in that?,1
facebook_corpus_msr_399590,Osama has been killed and now Al Zawahiri will be killed in karanchi very shortly.,1
facebook_corpus_msr_1723597,Get a sound proof hime if you can afford. Would be hard to live with a mediocre voice in this era,1
facebook_corpus_msr_1722963,Arnav Singh Pal.will you react the same way if the comment is regarding gurbani recital?,1
facebook_corpus_msr_1493784,"General Zia-ul-Haq after seizing power from Zulfikar Ali Bhutto via coup hanged him after staging a fake show of judicial trial in 1977, which hasn’t changed much since then. They have a long history of abducting people, torturing them to extract desired  confession in front of camera, charging with false cases and finally killing them in Kangaroo court style",1
facebook_corpus_msr_365422,Lol,1
facebook_corpus_msr_330911,"People of india enjoy haterism , communalism.......leave world internally we have become stupid economy......",1
facebook_corpus_msr_2405048,You guys are becoming another Times of India with such headlines. The content was entirely different.,1
facebook_corpus_msr_2280127,This is fabricated story even if it's true indian fellow should not celebrate it,1
facebook_corpus_msr_326748,I think your pm should hail those attackers too as why not they hailed their leader burhan earliet,1
facebook_corpus_msr_373737,Abe bhadvo sudhar jao nahito Jo hamari sena ke javanoka dimag hil gayana to Duniyake naksemese na paak pakistan ka namonishan nahi rahega,1
facebook_corpus_msr_1805300,Anna Hazare have to join BJP....and become president....,1
facebook_corpus_msr_1493844,"Your army and the Govt wanted to make a show of it. They got at ICJ.
It is strange that in a so called democratic country Army courts are permitted to operate. It was objected by many opposition parties like PPP and PTI but given extension for another 2 yrs.Civil courts are scared to  pass judgement. What a country where judiciary is scared.",1
facebook_corpus_msr_2032327,Batkha dutt and ndtv must be sad,1
facebook_corpus_msr_399476,very simple question.where were indin army that time.i need answer with logic.,1
facebook_corpus_msr_450909,Mr. PM your speech was all about digitization and none on demonetization. Dont you think you should address a press conference or parliament in which case you will be questioned. And you clearly dont have the courage to do that.,1
facebook_corpus_msr_452096,Which is a bigger joke that woman singing or the bike,1
facebook_corpus_msr_1563613,Why do you care? You're white...,1
facebook_corpus_msr_373785,Karara jawab or ninda sun sun kar kaan pak gaye,1
facebook_corpus_msr_2373343,"MS Dhoni, Ajinkya Rahane and KL Rahul opted to bat at the nets while Virat Kohli and most of the others players skipped the practice session.",1
facebook_corpus_msr_334906,Good riddance !  This man was most garrulous and useless. Hope some sensible person fights election in his place.,1
facebook_corpus_msr_1972711,All members will give a vote of thanks to Shri Rahul Gandhi & Priyanka Gandhi for their sincere efforts during 2017 UP election polls.,1
facebook_corpus_msr_2383837,Dr. CHAIWALA will be your CM,1
facebook_corpus_msr_1724277,I think it's overdoing.....!!!!!,1
facebook_corpus_msr_329044,Kk..sir...I think ur from somalia.....its not your pinari..its our pinaraii...,1
facebook_corpus_msr_331193,"Mr foreigner - who are indulge in illegal slautering, who are selling these innocent animals in black market? Some Ppl thinks illegal business is their birth right and if some1 try to stop than ppl like u cry here.",1
facebook_corpus_msr_382251,Ninda se ksm nahi chalega ab kya ho gaya modi bhakto ko,1
facebook_corpus_msr_445642,Great Initiative by the Govt. headed by our most worthy PM Shri Narendra Modi.It is the bold beginning to end corruption and black money.,1
facebook_corpus_msr_1805201,A Master is also known by his protégé.  Alas!  Anna was destined to be known by Kejriwal.,1
facebook_corpus_msr_444176,Could have planned better to reduce impact to poor people.,1
facebook_corpus_msr_331609,"After all these comments, they still don't want to correct it. Shows the pathetic state of click bait mainstream media. God bless!!",1
facebook_corpus_msr_1723029,Hahahha lolz..,1
facebook_corpus_msr_466230,okay then go and compare.  all bhakt willl happy for your effort,1
facebook_corpus_msr_2073755,well GVA/GDP new formula have revised the base year and included wholesome production data in projection of industry and service instead on relying on cso/iip.Those who doubt the GDP actually in their blind hate for modi doubting themselves as their father/mothers.Too bad self hating syndrome is on rise .,1
facebook_corpus_msr_379264,"My last and final appeal to PM Sh. Modi Ji, let the war begin and get this over. daily we are facing such coward behavior from Pakistan. The same treatment required in Kashmir also, if any politician favor terror activity shoot them also declaring Terrorist. This should be over by now can't be tolerated any more. We all Indians are with you.",1
facebook_corpus_msr_1432770,man u  did noting so why i salute u,1
facebook_corpus_msr_1723071,I already said that 😜. And I would love it.,1
facebook_corpus_msr_466272,Yes - it's a cash based economy so the steps demontization will affect the GDP and future growth. The poor will suffer. Want to chase the black money - go to the Swiss bank,1
facebook_corpus_msr_2032295,Great thinking and Patriotism un confused by Traitors and Digvijay Singhs,1
facebook_corpus_msr_379390,Abhi kyon poch rahe ho pm ji phale to badi badi batein karte tha hamare pm saab,1
facebook_corpus_msr_444157,"People who are hell bent on opposing PM Modi proves the quote 
'democracy is not for idiots'!!
Where in the world you will find such a great man with amazing capacity to work hard and organize without any gain of his own!!",1
facebook_corpus_msr_334304,"I too spoke n gave many honest comments. But we Muslims r label with mulla,,madarsa,,Pakistani,,... & many more...@ Neel.",1
facebook_corpus_msr_378952,Hum civilian kya kray kuch log jo sarkar may hay wo dono tarf milay hoe hay jasay kal ek bjp walay ko dekha news may isi ka agent tha,1
facebook_corpus_msr_1735825,Surprised why Supreme court ignores states if they exceeds their own Ruling?,1
facebook_corpus_msr_450815,Why does the govt act as if it is still in the opposition...make changes without pointing out past..,1
facebook_corpus_msr_327617,"^ could you explain how is he sounding like a ""braindead Muslim"" to you?",1
facebook_corpus_msr_324346,"A dismal state of healthcare for the poor in India.

While some people are busy plying in Range Rovers while the needy doesn't even get the ambulance service in emergency.",1
facebook_corpus_msr_1561740,Frailty thy name is woman. Have you haven't heard of that Mr?,1
facebook_corpus_msr_445787,everybody who's against modi ... deserve  to sit at home N  read abt all the scams and then crib country  ... here's one man whos trying to change future of India but won't support him ... plz think and support ...,1
facebook_corpus_msr_398287,Send Mani S. Iyar and Salman Khursid to Pakistan because these are the leader who are responsible for undue influence,1
facebook_corpus_msr_1805056,This old man does not know todays bjp politics.He should ask where is Lokpal,1
facebook_corpus_msr_450894,Common man is  getting only 2000 from bank spending his whole day......on the other hands news are coming....in places new Rs.2000 notes in crores of rupees are being seized. ...how some people have received new rs 2000 notes in crores of rupees...what is govt clarification for this ...or some favourable section was provided benefits in advance....,1
facebook_corpus_msr_447463,it not mean we are saying all muslims we are saying anti government muslims and anti national muslims are no more indians,1
facebook_corpus_msr_1521745,"Yes, you have the right to protect cows... By spending money and buying them.
Thats what you would do if you really cared for the cows, instead of trying to stop people from using their animals...",1
facebook_corpus_msr_1649488,Where is Sushma Swaraj now?,1
facebook_corpus_msr_1805472,No value of Anna .,1
facebook_corpus_msr_1477099,"The way some journalists go out of the way to argue for and support Afzal Guru and his supporters, I wish it is much better if they openly support Rahul Gandhi and Congress than this",1
facebook_corpus_msr_1722958,When Akrabuddin Owaisi publicly said that he could kill all Hindus in a span  of ten minutes time there was not much outrage. Now why is  so much outrage against Sonu Nigam who said that he is not a Muslim and doesn't want to get disturbed by the noise of loud speakers ?,1
facebook_corpus_msr_2111200,"From beginning to end he  has told that, people are not fool man better u understand and Muslims are very sensitive about religious beliefs so he thought nicely catch up Muslim votes, mr pinarai first u see people of Keralas waiting for there ration and irrigation supply now what about saumya murder case?? And jisha murder case now actress also not safety in ur state pulser suni was about surrender and he was ready to tell all truth in front of court but ur Singam cops caught him in front of court itself now u r telling now no one can discuss regarding actress matter and this is my order and pulser suni is a my culprit over,  every one knows who is behind this quotation team ur minister level and ur party active members also, mr pinarai what u think about yourself u r North Korean president brother or what???",1
facebook_corpus_msr_1723844,You ppl now feel everything odd by Muslims... let's separate all the Muslims to a particular state n feel tension n noise free...wt u say Mr S nigam.,1
facebook_corpus_msr_429841,I don't look at this as a battle: Infosys Chairman,1
facebook_corpus_msr_2127065,"INDIAN EXPRESS , PL SAID THE POSITION OF YOUR FRIEND CONGRESS ALSO, AND YOUR COMMENTS ARE AGAINST BJP  AND SS GET THE MAJORITY IN BMC....?????",1
facebook_corpus_msr_441432,"Does India lack educated, intelligent and honest people to run the government?",1
facebook_corpus_msr_2260855,Savage.! 😂😂,1
facebook_corpus_msr_2020816,hahahahha u nailed it sir,1
facebook_corpus_msr_445903,"Rome was not built in a day.. And here we are talking of India, the biggest democracy of the world, one man has stood up to make the change he wants to see in the country. What has not been done in the last 65yrs he is doing in a methodical check to clean India. Be a citizen of India and stop the insult of your motherland. STOP BEING A INFLUENCE OF STUPID POLITICS OF THE STUPID INDIAN POLITICAL PARTIES. BE THE CITIZEN OF INDIA, NOT THE RELIGION OR PARTY POLITICS. This is for citizens with brains.",1
facebook_corpus_msr_331406,Who needs NSG....we are getting uranium any ways....and tech ....,1
facebook_corpus_msr_401300,Safety of cows is more imp acc to our current government,1
facebook_corpus_msr_2018511,"I salute every working woman who spend quality time with kids and excel at workplace too. Being a homemaker is her choice. That's it. I'm skeptical how magnanimous she may be to accept her husband's choice if he intends  to be a homemaker. 

Men also have equal rights to be at home or work. Most of the parents look for a groom who earns fat-some so that the woman gets the privilege to stay home.  Nobody is born to work. Irrespective of the gender, if one wants to take a backseat in their career, it's the other one's responsibility to take lead. Being a homemaker is one's choice and that privilege can be taken by both man and woman.",1
facebook_corpus_msr_449512,Modi ji please put RTI in political parties so that they can disclose the donations RECVD from were,1
facebook_corpus_msr_1805027,"Anna Jee aap Aram se so jai,Jb congress ki government aigi tb utna,Lokpaal Lokpaal Bolte huwe,,,,",1
facebook_corpus_msr_379306,gur meher kaur where r u????? can u tell me who killed our 2 jawans now?????? pakistanis or their guns?????,1
facebook_corpus_msr_322596,he knows the Power of Pakistan abd he also knowns that toilets should make first,1
facebook_corpus_msr_1805444,Yes.  You already joined RSS??,1
facebook_corpus_msr_2018655,Does that mean kids of all working women are puppies?,1
facebook_corpus_msr_532088,"""saving is injurious to health ...where you save cholesterol , hyper tension, all life style disease ....while saving ...""ha ha ha .......",1
facebook_corpus_msr_422018,"LoL 😂 Rahul performed last rituals for congress and now to poor Sp has the same fate ..... 

Dear congress and left there should be some thing wrong with your politics or with your policy of appeasement of minority's and making the majority un happy , 

Like providing benefits to widows of some religions 

I do support the fact the eligible under privileged should be supported with out considering his / her cast or religion but simply based on their  eligibility or circumstances . 

Or else the part who act or actually does and propagate upliftment of every one as a nation will be winning",1
facebook_corpus_msr_1600563,Vikram..Singh...I think..you don't know..congress has been kicked out from centre,1
facebook_corpus_msr_2280133,Trump is the reason behind who shown this idea....😜,1
facebook_corpus_msr_329024,Sad but true... Indian Cows have more protection than brave Indian soldiers :(,1
facebook_corpus_msr_1887279,How it is related to PM Modi ? If Jansatta & Indian Express have any prejudice against PM ?,1
facebook_corpus_msr_2082474,Mr. Prateek Nishant.....secure method?,1
facebook_corpus_msr_1714344,Mr. Abhishek Biswas don't mess with malayalis.nee po mone dinesha.....MOHANLAL will be the BHIM....In fact he will do it better than the actual BHIM 😂,1
facebook_corpus_msr_1731632,Obviously...,1
facebook_corpus_msr_1775211,"Not like that before also lor of development happen in congress govt. Just update the same development process I mean.  List is very big brother don't say last 70 years of independent our country achieved a lot maximum governance don't by cong govt.  Some highlights below FYI. ☺
ISRO initated by our first PM Nehru ji 
Pvt bank's bring under RBI network spread across the country this achievement  by our late PM indira ji 
Computrise technology bring first time in India our late young PM rajive ji 
International investment brought by our ex PM MMS JI 
Adhar GST and various other initiatives for the benefit of our citizen are done in the period of CONG regime.
I hope you saw 5 years of non CONG govt in our state 4 cm change in 5 years of terms due to loot 😊",1
facebook_corpus_msr_233835,Kadi kaywai hogi etna bol ke palla chad lete hai 2ya 4 din bad janta bhul jati hai ha ha ha,1
facebook_corpus_msr_2018515,She said it's her choice whether to stay at home or go to work. She isn't criticising the one who choose to go to work.,1
facebook_corpus_msr_1582221,All can be one only when religion is.not there.let marx be father of.all favoring capatalism  then everything will be all right.,1
facebook_corpus_msr_2243858,Indians = ??. what the heck did that mean ?,1
facebook_corpus_msr_451979,"Dear CNBC video graapher, pls stand up from ur seat",1
facebook_corpus_msr_2137920,Including FM Jeithley,1
facebook_corpus_msr_1945548,By the way whose this GIRL???,1
facebook_corpus_msr_1582206,u see china?? is it a Democratic country?,1
facebook_corpus_msr_445753,Speechs wont work if ill thoughts still around you.... Political parties are exempted under income tax law to deposit old currency notes in their bank accounts....,1
facebook_corpus_msr_451074,"How to convert all your black money into white in 4 easy perfectly ""legal"" steps?
Answer:-
-> Step 1 - Create a political party, and get registered under Representation of People's Act, 1951. [Not a difficult task. There are more than 1000 registered parties who didn't even contest 2014 Lok Sabha Election, and EC cannot de-register a party]
-> Step 2 - Donate all your black money to your party in parts, each part should be less than 20,000. You can make infinite such donations, and say that they came from people.
[According to the RP Act 1951, the political parties are not required to report (to the Election Commission of India (ECI)) the name of the individuals or organizations from whom they have received donations of amount less than Rs.20,000.]
-> Step 3 - Go to bank, deposit all this amount in the party's account.
[No need to pay any income tax. Political parties are 100% exempted from income tax]
-> Step 4 - Withdraw the amount as and when you need, in 50/100/500/2000 rupee notes - It is all white.
[Since Political Parties are not under RTI, you can't ask them how they spent their money]
ENJOY YOUR WEALTH...!!!!
*Moral of the Story:- All political parties are same. All they do is follow the letter of law like above example & kill the spirit which is politically correct but ethically incorrect. But in the process teach you about how one can legally generate enormous wealth and still talk about ideals and concern for poor people.

Isn't it fascinating?",1
facebook_corpus_msr_2159074,"Tamil nadu has not voted to bjp,  hence modi has decided  not to put one governor  who is been visiting guest how he will understand the people expectation , every body punishing the common man",1
facebook_corpus_msr_401459,Modi or yogi. He is terrorist attacked 3 talaq. Cow mother. He doing religion politics.,1
facebook_corpus_msr_1723992,Sonu is right....,1
facebook_corpus_msr_379219,Modi se sirf nenda he Kar saktey hai Aur kuch nahi pher Bhi I proud I am Indian wah is leya ki hamarey desh key jawan border pe lad Rahey hai Aur cow rakshak desh me lad Rahey hai,1
facebook_corpus_msr_1956982,So from now on. SADHUS and Sanyasis abandoned their Tapasya in jungle and mountains. They are now either politicians or businessmen. Thousands of young persons gave their lives never look after the positions after independence. But now those are supposed to uplift the characters of general public they themselves hankered after position and money.,1
facebook_corpus_msr_1582258,D Raja has written it. We can ignore the article,1
facebook_corpus_msr_446104,Let BJP come forward n disclose source of all donations received from crony capitalists,1
facebook_corpus_msr_2082494,"Now Banks r trying to focus on such illegal income, which is risk free. Customer now must make the cash counters of Banks crowdy. FM of India is busy in manipulating the records to prove demonization as success.",1
facebook_corpus_msr_399220,"Kamin .
Wait when ur heads will be cut then u say all this dunce.",1
facebook_corpus_msr_115514,"Its not over rated, infact its under rated. It is definitely producing a lot of unicorns, standing between University of california and MIT.  https://venturebeat.com/2017/02/07/want-to-boost-your-chances-of-building-a-unicorn-be-a-guy-and-go-to-stanford-university/?utm_content=socialchampHJN2fEW9ue&utm_medium=social&utm_source=facebook.com&utm_campaign=socialchamp.io

 Most people's comments are biased, in the sense they either didn't achieve being in IIT, or feel they didn't get appreciated for their field by family and friends coming from other colleges.",1
facebook_corpus_msr_445610,"Awareness required for the  ground level businessman, state level ministry to be strict for baning cash transaction. A businessman is earning 30 - 40% of profit for the goods today, Modi ji please form a policy to control market price. A pan shopkeeper  is earning much more than an engineer today.",1
facebook_corpus_msr_1723629,To some extent he is right....but it's applicable to all religion not only Azaan.,1
facebook_corpus_msr_1805013,Anna you were and are in BJP.  so you can't join opposite party. So be their in BJP. Keep working.,1
facebook_corpus_msr_1034372,This is against remarks of court......,1
facebook_corpus_msr_584577,Nitin tiwari learn to respect the person............n he (Montek singh Ahluwalia) has a great mind indeed...,1
facebook_corpus_msr_1737058,Exactly...Indian Express... Go to you tube and get the facts right..he just spoke like any Indian wud think...,1
facebook_corpus_msr_2032061,"May be she is in the grab of Hindu, misleading us here,  fake ID",1
facebook_corpus_msr_1922874,U left he came in pantry car coach..,1
facebook_corpus_msr_1723246,I support the statement. Its doesn't have to be religious every time. I even hate when during durga pujas people put loudspeakers. I remember the time when I had class 12th board exams and one speaker was just beside my room. I used to curse them a lot. People do not speak when a Muslim or a Hindu is dying of hunger or poverty but will now all gang up against sonu nigam. God bless humanity.,1
facebook_corpus_msr_398279,Ok Mr. Digviajy fine lets write what we want to talk on bullets and fire them on Pakistan...,1
facebook_corpus_msr_445736,Mr kaleem you and your people will be the first wishing to get the lucky draw .. any good step u condemn but u are the first one to take advantage of the things,1
facebook_corpus_msr_451082,The political class is a joke in this country..partisan media adds to intellectual famine in the country. Democracy of Mediocrity.,1
facebook_corpus_msr_2379969,When u guys study ? Do u really study ?,1
facebook_corpus_msr_1805242,May be bjp had financed anna from the very beginning for all his drama,1
facebook_corpus_msr_1723354,"Whoever dnt like loudspeakers in temple r mosque , raise your hand and put thm on ur ears ...every problm will be solved....be united ..jai hind",1
facebook_corpus_msr_1563592,"Amazing isn't it? That liberals today use the fascism because they parrot it. If they knew what Fascism really was, larger and larger government that oversaw private business and regulated it and taxed it to death, maybe they wouldn't be so fast to use because of how that description is so eerily close to how democrats govern.
What else is a fascist trait? Going after churches and places of worship? Putting limits on what people can say, even in the privacy of their own homes? Widespread domestic spying? All things done by the Obama administration and yet none of them would think to use the word fascist to describe those 8 years. Then again, until Trump came along, most of them didn't know what the word meant until it became part of the script. ""How to whine on social media in 3 easy steps""",1
facebook_corpus_msr_451922,why are they crying on stage?? coz of launching getting delayed?,1
facebook_corpus_msr_469184,"the effect to economy is reflected by the markets first, see how the markets have fallen from past 10 days, and how GDP forecast is being cut down, its an clear indicator that the decision taken is goin to cost a lot in terms of future growth and the INR is getting weaker day by day at some point of time will vertically spike inflation",1
facebook_corpus_msr_1723001,Being a Hindu I say you must have asked that person to lower his bhajan volume as someday he or his family members may also fall sick,1
facebook_corpus_msr_447419,Very good work that ever a India PM had done but corruption,1
facebook_corpus_msr_1906963,Instead of attacking our muslim brothers they should attack seculars and kill all them,1
facebook_corpus_msr_1805624,Join BJP bro thats your right place 🤐😂😂😂😂,1
facebook_corpus_msr_328318,VYAPAM scam biggest scam of all say something please no lies😂,1
facebook_corpus_msr_447222,Deepak do you have any solution for stopping black money,1
facebook_corpus_msr_2127058,Indian express will b the congress in media industry,1
facebook_corpus_msr_1893368,Yes and hidden agenda is to empower Muslim people and not mulla's who are controlling Islam.,1
facebook_corpus_msr_1692628,Will people vote for 10 years of mismanagement by BJP in MCD ??? Can't believe !!!,1
facebook_corpus_msr_2018469,"And she is lucky she has a choice. Every working mother would love to spend more time with family, but for so many the reason to work is because they need the money to run the home. She comes across as some kind of twit",1
facebook_corpus_msr_1805285,Nation has seen how you were busy making profile of Kiran bedi and Gen VK singh,1
facebook_corpus_msr_323837,Did she use her dress as a parachute to land on ground?,1
facebook_corpus_msr_2018697,I think it's hers version of feminism .... which I consider mainstream .... the feminism you talk about is not at all feminism ...It's actually a kind of bully thing,1
facebook_corpus_msr_1274976,"What about BJP, why not freedom from BJP!!!",1
facebook_corpus_msr_474714,just saying whatever comes to mouth doesnt make a leader.,1
facebook_corpus_msr_324369,He is afterall a human being na. If he  was a cow we could have provided. No offence.,1
facebook_corpus_msr_1521656,Ratish Menon atleast his father have never heard this much english that u spoke on him😂😂😂😂,1
facebook_corpus_msr_1931140,"Sir Its New India... For All Parties Its Impossible To Match Modi So Easy Way Is Defame Them By any Means....
But Unfortunately The More They Do The More They getting Lowered!!!",1
facebook_corpus_msr_1922891,Give him a imprisoment,1
facebook_corpus_msr_2377402,"Raees is different  plot 
Not based on abdul lateef 
Rahul dholakia clarify WHOLE  thing",1
facebook_corpus_msr_1723940,Totally agree!!!100% true!!!,1
facebook_corpus_msr_1897103,Sook,1
facebook_corpus_msr_1978814,"http://indianexpress.com/article/india/fatwa-issued-against-reality-singing-star-nahid-afrin-by-42-clerics-4569825/ 

 Dear Indian Express,
I feel sorry to write that your journalists are out there to misinterpret events and present them in a distorted manner just to make some sensational headlines. The news about upcoming singer Nahid Afreen has been prepared without proper research and investigation. It was very sad to see that your journalists don't even know the difference between fatwa and appeal. 
A fatwa is a non-binding legal opinion issued only by a qualified jurist (Mufti) on a request by someone who is unable to understand religious guidelines whereas the leaflet that is being circulated and presented as Fatwa is just a hard copy of an appeal signed by 46 men who believe in religious practices. The merit of appeal can be discussed on many grounds and in many dimensions but first and foremost, an appeal can not be called a legal opinion (Fatwa). 
We expect apology from your side for such a mistake.",1
facebook_corpus_msr_329992,"Appreciate Good work and Question all the wrongs. But, keep up to the topic instead of abusing for no reason.

Thanks",1
facebook_corpus_msr_1582235,"""Not to mention the 150 million children working as slave labour thanks to capitalism"" still better then dying wid sticks and machettes.",1
facebook_corpus_msr_1805731,You never left bjp,1
facebook_corpus_msr_1723568,"Totally agree...
No loud speakers for religious deeds...
Lets do this together bro.",1
facebook_corpus_msr_2111325,First u kerala's CM please allowed Rations to us then speak against RSS now poor people of Kerala don't get rations when u elected in here.,1
facebook_corpus_msr_1735868,"Aditya Kumar Acharya a citizen of rapist country n toiletless country.
If they r stone pelter why u killed sikh in operation blue star in golden temple attack.
Why u killed muslims in gujrat???",1
facebook_corpus_msr_1805670,u join bjp ur fitted,1
facebook_corpus_msr_2073770,he is right as he follows a donkey...so having brain and smartness is completely ruled out..who needs harvard when you have patanjali..,1
facebook_corpus_msr_1521713,Rationalists who believe it is divinely ordained to slit a bull's throat with a knife painfully ad watch him suffer for .minutes in agony when there are much quicker alternatives,1
facebook_corpus_msr_1723525,What about freedom of speech 😀,1
facebook_corpus_msr_1521620,Dats y they r choosing greatest genocider communists?dats y they hv largest prvt army?,1
facebook_corpus_msr_1521775,Yea so says the people from states with no proper primary healthcare or proper sanitation.,1
facebook_corpus_msr_2018486,There is nothing better in this world than being brought up by a working woman. Working mothers are loved and respected so much more by their kids. This is coming from a strong independent daughter of a strong independent mother.,1
facebook_corpus_msr_26260,Chinmay Mohanty seems to be a very very tolerant bhakt...,1
facebook_corpus_msr_2032198,"First of all dear Indian Express he was not suspected he was a terrorist in all senses. 
And salute to his great dad of  india who stood by his country even in the hardest times #saluteyousir",1
facebook_corpus_msr_1947153,Good,1
facebook_corpus_msr_1805746,Finally anna return back to right home,1
facebook_corpus_msr_1723123,"By the way, he has tweeted about temples and gurudwaras too. Only if you could read more that just the headlines :)",1
facebook_corpus_msr_1797828,Tell me plzz i want to MLA's too,1
facebook_corpus_msr_327631,"""Zombies"" started to ""eat"" each other , okay finish it soon!!!!",1
facebook_corpus_msr_956339,He is master in computer language &tricks of hacking,1
facebook_corpus_msr_1736994,"Indian Express what's wrong with you ? Why are you going DailyO way. This poet asked everyone to come forward, irrespective of there party and for the nation. Don't use social media to Viral anything like your title.",1
facebook_corpus_msr_1887208,sir bhakt r redy to join armed forces whnevr nation need dm,1
facebook_corpus_msr_1887372,That is called bhakti,1
facebook_corpus_msr_1804923,This would happen when we hire freshers and tried to take ownership on almost everything without any vision....he hs not only makes a mockery of all Delhites who voted him but also showed how to misuse his power ...all the best coz ur blame game is ur only initiative u hv taken ever since u became cm...crap !!!,1
facebook_corpus_msr_656160,"Why do u want to complicate a simple issue..  Half of ur population i.e. women, are deprived of basic human rights and is vulnerable with things like triple talak and what not.. Why dont u show ur courage and logical thinking then and fight for their rights?",1
facebook_corpus_msr_445766,"I think this guy is having a bad memory,he doesn't know demonatisatiion took place in 1978 n Cong black money was wiped out",1
facebook_corpus_msr_331612,Get your figures and facts right! It's million not billion!,1
facebook_corpus_msr_1563593,Obviously your pussification is complete!  Keep dreaming of a liberal utopia where everything you need will be provided by government.  It'll never happen but you can keep dreaming.,1
facebook_corpus_msr_1525388,Like eating meat everyone has right to his wife whether to keep or not,1
facebook_corpus_msr_233555,"Dear Narendra Modi ji, the Activists, MSM, NGOs & Leftist didn't vote for you never will. We voted for you. Screw their opinion. Do the needful, mercilessly.",1
facebook_corpus_msr_221631,"Congress required to accept that lower,medium and common peoples had left faith on them due to their ill planning .They have to accept that there is no leader who can come forward  to take challenge to re-strengthen the party and come atpar with Sh.Narinder Modi &Amit shah BJP Party.",1
facebook_corpus_msr_431988,Congress is a bunch of jokers and biggest clown rahul,1
facebook_corpus_msr_325771,"Two high profile fake stories
1- Pak enter India, killed Indian soldier and mutilate the bodies and came back unhurt while rest of Indian army was sleeping.
2- Ajmal kasaab manage to sail from Karachi to Mumbai in a boat while India strong navy was asleep and brutally killed people.",1
facebook_corpus_msr_1957005,#hinduphobe indian media burn burn,1
facebook_corpus_msr_450870,Whoever is gng negative comments are involved in black money u bloody people,1
facebook_corpus_msr_445818,Common people were suffering from past 60 yrs also...  Can't we all wait for modiji's complete action plan for 60 days..  India will change provided we change our mindset..  Whole world knows his potential n appreciating his work..  Be patient guys..  Good days for India is yet on loop,1
facebook_corpus_msr_1805739,How much you get from BJP per month,1
facebook_corpus_msr_1805037,"When BJP is in beep trouble, Anna come for help...........",1
facebook_corpus_msr_446478,Sir some educated people only not understanding the avdvantages of this..,1
facebook_corpus_msr_2380005,All bakhts r looking vry happy,1
facebook_corpus_msr_325022,You got chance to explain but few people lynched before they could explain.,1
facebook_corpus_msr_1979700,"https://www.facebook.com/indianexpress/?fref=ts

 Dear Indian Express,
I feel sorry to write that your journalists are out there to misinterpret events and present them in a distorted manner just to make some sensational headlines. The news about upcoming singer Nahid Afreen has been prepared without proper research and investigation. It was very sad to see that your journalists don't even know the difference between fatwa and appeal. 
A fatwa is a non-binding legal opinion issued only by a qualified jurist (Mufti) on a request by someone who is unable to understand religious guidelines whereas the leaflet that is being circulated and presented as Fatwa is just a hard copy of an appeal signed by 46 men who believe in religious practices. The merit of appeal can be discussed on many grounds and in many dimensions but first and foremost, an appeal can not be called a legal opinion (Fatwa). 
We expect apology from your side for such a mistake.",1
facebook_corpus_msr_446791,Just do 3 things Sir.... pass Janlokpal... 2) declare donolations to your party....3) jail who are guilty of corruption!!!,1
facebook_corpus_msr_1723821,Looks like  sonu is now preparing himself for an award from the current government.,1
facebook_corpus_msr_1723345,Navraate Festival only happens 8 to 9 days but wht abt every morning and evening some people are comfortable and some are not to Azaans n all so everyone have a right to say and a good sleep..,1
facebook_corpus_msr_1723832,"What about everyday married programme playing loud speaker,On Diwali burning cracker lots of noise pollution in cities sleepless night. soni nigam do something",1
facebook_corpus_msr_1689986,Jio is very slow,1
facebook_corpus_msr_445668,Lok sabha has become fish market with congress and other party leaders...so he felt they don't deserve his explanation on demonetization... people with black money will only give negative comments...we are enjoying your pain you black money idiots... 😀😀😀😀,1
facebook_corpus_msr_447736,"Good job, keep going sir, don't stop this tsunami against corruption and black money.",1
facebook_corpus_msr_1672733,Muslims #Masjid is a House of Allah and to protect Masjid is our obligatory rights at any cost may be we Muslims are weak in power of might but time will come as it came on our Prophet Muhammad after migrating to Madinah Al-Munue'wara and they conquered Makkah without blood shed from a very powerful tribe #Quresh whose power even Holy Quran  describes these guys RSS or BJP or VHP or Bajrang Dal or The Akhil Bhāratiya Hindū Mahāsabhā or the Zionist Israel or any body are just nothing in front of Quresh Tribes of that time so just trust Allah Masjid is his House and he will protect his house BUT we Muslims have to put n effort of peaceful #Jihadसंघर्षStruggle for specially ancient Masjid and fight in self defense n resistance to protect the house of Allah in Ayodhia the so called Babri Masjid and Masjid Al'Aqsha in Jerusalem,1
facebook_corpus_msr_399331,Innocent people are dying due to politically game in the both countries. we are different by religion but we are human plz stop this like non sense things. every people wants peace and  want to live in this beautiful earth and life is precious for their family member else. Wake Up......India & Pakistan.,1
facebook_corpus_msr_1963942,ITC Ltd will have huge loses.,1
facebook_corpus_msr_451745,You shouldn't negatively remark any other brand. Every brand has their own legacy and motto,1
facebook_corpus_msr_450580,Wait n  watch  till May 2019  will get the  poll  results  pm  till  then  keep  it up,1
facebook_corpus_msr_427832,"Palaniswami , Panneerselvam and all others in AiADMK should get together and form the government. Also they should boycott and remove sasikala and all members of her near and far family from anything to do with AIADMK. This is the chance to clean and cleanse Tamil Nadu from the corrupt woman who should never get any chance at any further social life. KILL CORRUPTION AND TAMIL NADU HAS A CHANCE TO SET EXAMPLE FOR REST OF INDIA.",1
facebook_corpus_msr_1805038,Why he is spraying chilly powder...is there any new agenda?,1
facebook_corpus_msr_450888,Reluctant to speak in Parliament but don't waste any chance to speak outside as he hase no one to respond,1
facebook_corpus_msr_431260,Muslim are creating newer enemies by such hatred comments.Be Indian first.  Ignore religion.,1
facebook_corpus_msr_446735,"Sony bhai , your kind off people lives in cuckoos land",1
facebook_corpus_msr_2073739,He think without hard work its easy to get degree from harward u can expect any thing from this man,1
facebook_corpus_msr_446889,"Mr. #narendramodi Please remove the GST from computer , card swipe machine and internet service",1
facebook_corpus_msr_2111316,Thn wt is modi doing ha sir he is making people lyk u as vote bank,1
facebook_corpus_msr_1521911,"Bjp should not waste time in kerala ,, keep that state in hold ,, take it in last or before turn of the list.",1
facebook_corpus_msr_334496,....Modi never regretted for heinous crime done by him.          Thank God he does not have family,1
facebook_corpus_msr_1945541,Looks like an expert on democracy,1
facebook_corpus_msr_1561844,"Mr Jogi , are you silent on such matters   knowingly ? May be  because one ,two incenents may escape your notice but not in series. Saints teaches  sincerely but those who practise them are called Jogis. I have not found my answer from your deeds.",1
facebook_corpus_msr_2050148,Here's what the stars have in store for you this week!,1
facebook_corpus_msr_1805148,Yes and thank you for not joining AAP. You would have sold it to the Government in power.,1
facebook_corpus_msr_1804985,"I think Anna is not as brave as he actually pretends to be
He should have come into politics and try to give good governance 
Criticizing is a easy tasks",1
facebook_corpus_msr_326899,"2 Indian army soldiers were come to LOC for surgical strike
And go back after mutilation
😂😂😂😂",1
facebook_corpus_msr_1723903,Agree totally with Sonu,1
facebook_corpus_msr_1490575,Ribak Imdat EVM fraud... LOL... If #AAPTARDS still believe that was the reason for Delhi and Punjab loss.... Then you are true to your name....,1
facebook_corpus_msr_445923,Don't this man knows English so that all can understand!!,1
facebook_corpus_msr_1521827,Block the movement of trucks with cows and buffaloes into kerala from tamil.nadu and karnataka ... kerala does.not have enough cattle to feed it's population.....,1
facebook_corpus_msr_1737088,"This person is totally opportunist when his downfall start ,starting barking against him",1
facebook_corpus_msr_414527,Why is JP getting special treatment... if Unitech promoters are behind bars then the same should be the case with JP.... TATA / Godrej should be asked to step in and should be given a share in the assets so that they can complete the projects... this is really ridiculous... or else buyers should form a cooperative and take over the projects / assets...,1
facebook_corpus_msr_1521730,Muslims ruling parties would never do what the present parties are trying to do.,1
facebook_corpus_msr_2073045,"how many of you guys know that all internal war Syria is facing was started from Alleppo university and university of Damascus..., if you don't then Google it.....l think we should stop this type of cancer from spreading in our country.",1
facebook_corpus_msr_2081755,"He is just a famous outdated cricketer, not an opinion maker!",1
facebook_corpus_msr_1561735,This modi bhakt was there ?,1
facebook_corpus_msr_372299,This man has lost his mental balance. Needs proper treatment,1
facebook_corpus_msr_445660,It was a shame Modi did not address the parliament - for the first time the thought crossed my mind - is Rahul and Kejriwal are correct in their criticisms,1
facebook_corpus_msr_326737,Human  lose  always  painfully. But how can it possible  mutilating   soldier  body. O.7 millions  army deployed by india  governments valley  of Kashmir . Pakistan  army  go to inside India  and  mutilated  soldier  body then back to barrack .If its  happen  really  India  army  must take  action  on   sector  commander  .It's failure  of Indian army .it also prove that Indian army is weaker  than pakistan  army. In terms  of training and  Cleverness .,1
facebook_corpus_msr_1975570,Must watch funny 😜bhangra 😂😂 https://youtu.be/fNbh3JePImA,1
facebook_corpus_msr_445812,"Mooodiijiiie didn't u know that black money in cash form is only about 2-3%...this is like to save Rs.3 you are spending Rs.30....in a country where over 90% transactions are in cash but remember that not all that cash is black, your step has not changed anything except that it incurred 1.28lakhs on the government for your decisions...this is the reason THE GREAT RAGHURAM RAJAN was against demonitisation and because of your diff in views he stepped down from the post....if at all there was someone who was responsible for the economic growth of india with the highest GDP growth in the world then that was Mr.Rajan...These Bhashans by modiji is to cover up his wrong steps",1
facebook_corpus_msr_2032234,Bro you studying law that's good. But calling a terrorist a terrorist doesn't require study of law.,1
facebook_corpus_msr_420677,Certainly not a good move by BJP. He don't have any vision except giving non sense statement.,1
facebook_corpus_msr_1723337,"Ganpati visarjan happens once in a year,in same way they have tajiya juloos. Problem is Azaan happens everyday. We live fast life where ppl want peace at first place after working all day. If someone wants to listen to peaceful tune of it than better he/she should listen it in the house without disturbing others' peace.",1
facebook_corpus_msr_2260866,He feels sad without BJP or Lotus.,1
facebook_corpus_msr_679628,🍁 SuPerB❤✌,1
facebook_corpus_msr_452201,Are this guys waiting for christmas to launch the bike,1
facebook_corpus_msr_445153,Gud move but arrange some relief for people in long queue,1
facebook_corpus_msr_325000,"It's very personal what someone is eating,but we need to respect people's feelings, she shouldn't have made it public....similarly we need to respect other people's feelings too",1
facebook_corpus_msr_2243861,No matter what kind of cards u play now....one thing is for sure u r not going to win this coming election in UP.....mark my words,1
facebook_corpus_msr_1723018,"Shruthi, pls spend some time in KASHMIR/KERALA/WB...
goodluck in advance..",1
facebook_corpus_msr_1804890,"sir,you are cent percent correct mr.Anna is.a RSS to the core",1
facebook_corpus_msr_1731611,It is true.,1
facebook_corpus_msr_1762593,Keep dreaming pranav daa .. it ain't happen with present regime..,1
facebook_corpus_msr_328066,"Indian oil pumps are mostly involved in this kind of fraud Petrol & diesel theft ? 
What says guys any replies on this ?",1
facebook_corpus_msr_1724248,Deference is only magnitude and useful.,1
facebook_corpus_msr_1897095,let the police make good the loss,1
facebook_corpus_msr_1922862,"Hope he got ""business class"" seats there!!! Lol",1
facebook_corpus_msr_1731564,Take lalu  BURNAL,1
facebook_corpus_msr_2137935,No action on shyam benegal report..shows a lot about 'Governance'..!,1
facebook_corpus_msr_378912,Tum katwe log isiliye gali khate ho... Desh pr jab samasya aayi hai to apne Desh ki support ke bajay apni nich soch ka pradarshan krte ho.. sahi krte hai sb jo tum logo ki ammi chodte hai.,1
facebook_corpus_msr_420676,I don't understand whether youngsters should get good education or else to become a criminal to enter any political parties.,1
facebook_corpus_msr_329040,This happened when the civilians were fighting for cows and azaan.,1
facebook_corpus_msr_445875,Tiger is alwayz right.....  proud to be gujju modiji  ....  u r  d  gretttt....,1
facebook_corpus_msr_444193,"Demonitisation brings a change to selected good candidate in coming Punjab, UP,Manipur,Goa election",1
facebook_corpus_msr_1979703,"http://indianexpress.com/article/india/fatwa-issued-against-reality-singing-star-nahid-afrin-by-42-clerics-4569825/ 

 Dear Indian Express,
I feel sorry to write that your journalists are out there to misinterpret events and present them in a distorted manner just to make some sensational headlines. The news about upcoming singer Nahid Afreen has been prepared without proper research and investigation. It was very sad to see that your journalists don't even know the difference between fatwa and appeal. 
A fatwa is a non-binding legal opinion issued only by a qualified jurist (Mufti) on a request by someone who is unable to understand religious guidelines whereas the leaflet that is being circulated and presented as Fatwa is just a hard copy of an appeal signed by 46 men who believe in religious practices. The merit of appeal can be discussed on many grounds and in many dimensions but first and foremost, an appeal can not be called a legal opinion (Fatwa). 
We expect apology from your side for such a mistake.",1
facebook_corpus_msr_1723216,"sanjay bro...ur logic is right..In a country like India where many religion ppl  living togeather have the right to perform their religion it may disturb others..But we dont have to misuse those and use it in a right manner....azaan call  apprx 2 min call is ok but using loud speaker than permitted is not a right thing..same way we can notice  others using loud speaker for their festivals,prayers through out the day which will disturb  kids,aged,patients.and also the environment ...but many are not batting an eye on those issues...",1
facebook_corpus_msr_1833365,"For these people, cow life is more important  than  human life.......",1
facebook_corpus_msr_1945515,"Your political view point is not really important, go on Quora and answer questions related to how to make triplets ? 
😂😂😂😂😂😈",1
facebook_corpus_msr_446910,Steven he is showing y tis present is in trouble.. as u dnt knw who n y dey dug tis!!!!,1
facebook_corpus_msr_444187,Don't make such sweeping statements corroborate with facts the a Prime Minister had done daring changes that nobody has ever done before demonetisation is one such,1
facebook_corpus_msr_322989,"If there is no Pak Army involvement, then they should catch the perpetrators and hand them over to Indian army. Just shedding crocodile tears does not augur well.",1
facebook_corpus_msr_1723340,But bhajan starts daily at 5 pm near my home!why you should say about that? They use loudspeaker louder than Azan's speaker ! Should they stop playing bhajan in speakers!?,1
facebook_corpus_msr_2256377,"Reading the above report carefully it shows that the age of the mother is 20yrs old and the daughter is 4.. that means she delivered her daughter when she was a teenager herself... no sane pple do that...one is not eligible at 20 to take care of a small child 24*7 ... it's not the norm of today's world... pple want to be free..enjoy life  and not able to do that builds up frustration in them... and then the outcome is this...I know whatever the frustration and choice she made to be a young mother...does not mean she looses her cool to kick the baby..and in the end kill her... sad.... 

Plz pple these are my thoughts... if u don't agree plz feel free to scroll down
...stay happy...",1
facebook_corpus_msr_1723598,It makes difference when a thing has to be faced in routine and one which is only on the occasion of Festival.,1
facebook_corpus_msr_233524,"Rohitji please stop Congress spokesman,because every debate they are disturb the debate, they already exposed by Indian people, why you are given them importance?",1
facebook_corpus_msr_2032188,"Hats off to you Sir. No father should ever go through as to what you are going through right now. Its difficult for people to understand that every parent wants the best for their children. No parent wants to be labelled as the father of a terrorist. My appeal to each and every citizen is that please dont criticize or hold this family responsible. Looking at what the young generation is today influenced by it is not the fault of the parents but these youngsters themselves as they believe in Jehad, Freedom from everything and they have this strong conviction that they are right and everyone else is wrong. They unfortunately dont have the patience to demonstrate against the system peacefully. Guns never solved any problems. Guns will lead you to your grave sooner or later.",1
facebook_corpus_msr_1941562,"This was China's response to US' accusations: ""That doesn't exist at all""",1
facebook_corpus_msr_2161640,"Shekhar Gupta perform tantra with his daughter, shhhhhh....dont tell anyone. MMS is there with someone :D",1
facebook_corpus_msr_1737064,It was not against AK but Modi govt. Dont spread wrong rumors IExpress,1
facebook_corpus_msr_1956243,Well test 1,1
facebook_corpus_msr_1724003,Wants to be in news like Anupamp kheeeeeer and Gautam Gambhir,1
facebook_corpus_msr_1978787,Where is award wapsi gang now???,1
facebook_corpus_msr_1729683,Education has become a business too.,1
facebook_corpus_msr_2018611,Does this mean Misha is a puppy for Shahid Kapoor?,1
facebook_corpus_msr_444263,"Yes we know but thats his language and everyone has right to talk in his language so as you,  why to aks others to talk in any language",1
facebook_corpus_msr_401440,This gonna happen when you support terrorism in pakistan..pak ll react and ll react with style.,1
facebook_corpus_msr_2379942,It should be done by their parents and JNU staff but delhi police doing. It's ok at least some body here to teach them.,1
facebook_corpus_msr_1723614,"Respect all religion sir, after all we all have to die, and after death there will be no disturbance and will be complete silence.",1
facebook_corpus_msr_471024,below address ATM Is not working byt in ur site its showing its active,1
facebook_corpus_msr_2111367,"Well said, rest in the BJP are all small fishes.",1
facebook_corpus_msr_328135,"yes everything is good,and he also lives here then why not be an indian citizen.",1
facebook_corpus_msr_488254,"coma men , full stop men , hyphen men ....all grammers in common man",1
facebook_corpus_msr_1723105,Jigar Patel good reply bro.. Nice,1
facebook_corpus_msr_484103,Baby,1
facebook_corpus_msr_1833371,"Gandhi, Nehru, Bose and others..fought for freedom of cows from British Rule..",1
facebook_corpus_msr_331294,NDTV doesn't tell us the cast of the cow !! Incomplete reporting is bad 😂😂😂,1
facebook_corpus_msr_1805573,U should join beeyeepeee,1
facebook_corpus_msr_466241,"Country would prefer to be looted for couple of months instead for forever.... 
Besides.... look at the bright side... it is a organized loot, not the unorganized like yours. At least current PM is trying to organize the system...",1
facebook_corpus_msr_2346846,"Akhilesh govt initiated mega projects like the Agra-Lucknow Expressway and Lucknow Metro, which were not part of the manifesto, while a few of the promises were partially fulfilled, many were not.",1
facebook_corpus_msr_380301,पी एम साहब कपड़े बदलो प्रेस कॉन्फेंस का मौका है। कह दो हम निंदा करते हैं,1
facebook_corpus_msr_1521676,But then why is ur holy books stating eating nd using of animals..correct me if im wrong,1
facebook_corpus_msr_2111213,"No Rafi RSS never supported British . Just think what Islam is all about , it is about Islam and Islammyat , everything else is fly in the milk so as to speak . RSS in a Hindu majority nation is about Hindu , Hinduism and Hindustan . 
About Gandhi assassination , yes it was justified considering the time it occurred. The nation is partition on both sides and massacred Hindus are arriving from the East and Wast . When Hindus and Sikhs retaliated , Gandhi went on his usual fast unto death . Did that stop Muslim mayhem ?",1
facebook_corpus_msr_431224,Congress people come to Parliament everyday to get insulted 😂😂😂😂😂,1
facebook_corpus_msr_334865,He should  now contest Lok Sabha seat hereafter. That will also give credibility to their claim of champions of downtrodden.,1
facebook_corpus_msr_1617893,this drunk reckless celebs wont learn,1
facebook_corpus_msr_1943094,Is it not gundaaraj in bjp ruled jharkhand?,1
facebook_corpus_msr_1724082,I agree with Sonu Nigm,1
facebook_corpus_msr_334391,Change in Government doesn't bring change in the plight of law and order in my province.,1
facebook_corpus_msr_1723131,Well said ....,1
facebook_corpus_msr_2073043,"Also, ABVP must apologise to Kanhaiya Kumar, and pay him compensation for defamation. 
http://indiatoday.intoday.in/story/kanhaiya-kumar-jnu-sedition-row-anti-national-slogan-clean-chit/1/893997.html?sr=fbia",1
facebook_corpus_msr_1805536,NO he is RSS MCD BJP AGENT,1
facebook_corpus_msr_1561907,bjp pigs,1
facebook_corpus_msr_469216,why we should wait for 2022 why not issuing loan to poor family,1
facebook_corpus_msr_1947157,So stupid of them. Hahahaha,1
facebook_corpus_msr_1737051,"However, please explain how he credited the Pokharan II to Dr. Kalam? Obviously, did not want to give credit to BJP. Guess he was still in his ""kenchuli""",1
facebook_corpus_msr_325002,"What the f. Ck, lets ban all non veg so now buffalo has less life thn cow.  In 21st century  we are watching  reading and debating  on what?",1
facebook_corpus_msr_455882,Press release from bajaj :  bike is not starting,1
facebook_corpus_msr_466271,"Acutally which scam got proved in court i never understood, all ppl still comment on media trials",1
facebook_corpus_msr_1692689,BJP 200+. Because people are intoxicated nowadays.,1
facebook_corpus_msr_429861,Can u name a stock which is less than 50 in denomination  with strong fundamentals .I will hold for 3 years...5 years...but shuld be supper multi bagger ...!,1
facebook_corpus_msr_450975,"Great work Modiji,but even look into low class people and doctors and their hospitals also.",1
facebook_corpus_msr_466337,Head of the most corrupt govt. till date.Shame on his part👎🏿👎🏿,1
facebook_corpus_msr_1714365,The script writer had only imagined one and only one actor and he had only meet one actor to complete work that is our lalettan.... We dont want your opinion wether mohanlal want to play dhritrashtra or dronacharya......,1
facebook_corpus_msr_2018493,"Swati Mandyal, you wish! 😂😂😂",1
facebook_corpus_msr_2073741,Hard work 😀😀😀😀😀means converting pineapple water in to coconut juice😀😀😀😀😀,1
facebook_corpus_msr_420711,"Watch this man will perform , he will be a task master and will root out corruption from top to bottom ,",1
facebook_corpus_msr_1762597,At the exit time sings the dog of happiness .,1
facebook_corpus_msr_1735817,Divide and Rule Politics. Earlier Britishers did now our own representatives are doing it to garner votes in the next elections.,1
facebook_corpus_msr_2081781,Now come out with all excuses.,1
facebook_corpus_msr_404531,In NorthEast till there is no Aadhar Card for peoples...but before that animals getting aadhar card in India. Proud to be a Cos rather then NorthEastern people.,1
facebook_corpus_msr_397768,behind of army chief Bajwa soldiers belong to Gilgit Baltistan ( NLI ) wearing cultural topi of gilgit baltistan. India clams GB is their lol,1
facebook_corpus_msr_2111295,"What about you, you sold this country to China and turn blind eye to Islamic fundamentals is this sicular you are talking about",1
facebook_corpus_msr_1692636,"Everyone knows highlevel corruption in MCD, but we are pigeons, always close our eyes when see .......🐱😂😁😀",1
facebook_corpus_msr_2203255,"Yes, let's start from own backyard",1
facebook_corpus_msr_1582248,"This Marxist ideology caused cumulative death of 100 million People in USSR, China, Vietnam, North Korea and other countries worldwide in past 200 years.",1
facebook_corpus_msr_444133,Not all retailers are involved in digital transaction... Poor ppl are struggling.. Think of the reasons why other denominations except 1000 and 500 are still not available for common man,1
facebook_corpus_msr_461127,"Congrats Rahul... mummy will be soo happy with ur joke..😎, best comedian in the Parliment👏",1
facebook_corpus_msr_469661,"How u kno..

Its easy to criticize ......do u kno the size n population of this country",1
facebook_corpus_msr_1646786,Failed cricketer? Ur insane.. how come he is failed in cricket?,1
facebook_corpus_msr_462717,Demonetization helps the market to more business and the double transaction,1
facebook_corpus_msr_386772,No news channel will discuss this issue. All have become mouth pieces of bjp,1
facebook_corpus_msr_1979512,Nonsense salman wants to say Allah must not punish sinners but must to kill devil... Don't make innocents fool....,1
facebook_corpus_msr_1922802,"True face of Shiv Sena on public display, no more vote for SSena! Look at Shiv Sena defending its goon MP! That's why I call this an eye opener for Voters!",1
facebook_corpus_msr_1613998,"Thats why you gave 2 stars. Once anti ppl, always anti ppl.",1
facebook_corpus_msr_447990,Jalal whom u want to be that also u mention,1
facebook_corpus_msr_445640,Next step should be the introduction of accountability and discipline for government servants in centre and more so in states.,1
facebook_corpus_msr_1723291,A person whose nothing without electricity and loudspeakers !!!May Allah swt forgive u for your ignorance..and guide u to accept islam .i pray one day muslims wake up to hear your beautiful voice saying the azaan ..,1
facebook_corpus_msr_463163,looks documentary news in nature ...orginaly produced in gujarat now travels all over  india,1
facebook_corpus_msr_445661,If the fight against corruption and black money is so serious why are political parties exempt from Income Tax scrutiny for deposit of old currency in its account????,1
facebook_corpus_msr_2203270,Sounds foolish. A poor girl or naive girl is an easy target...,1
facebook_corpus_msr_1714351,Let see in screen...he  s god gifted actor..wil make ur deep throat aknowledgment to make prove,1
facebook_corpus_msr_408052,South Indians are more literate but these things proved them wrong...Such a wastage of milk.,1
facebook_corpus_msr_394733,Dont forget 57 muslim country behind pakistan we are pushtun we know how to fight  inshaallah wr take revange of 1971 war,1
facebook_corpus_msr_1723369,We have congregational prayers,1
facebook_corpus_msr_2111246,Its a protest stupid  Mangalore bandh,1
facebook_corpus_msr_2377404,why didn't you call for boycott when Ajay devgan played Haji Mastan in OUATIM  . Why were you silent when Canadian nationalist Akshay Played Dawood in Ouatim2 just because they belong to a different religion. Butthurt,1
facebook_corpus_msr_688508,bjp n congress  r chips of the same block..,1
facebook_corpus_msr_1490542,"Endless Nonsense, how come they only realize that things were not all ok in whichever party they were when they get sacked.What were they doing all this while, if his conscience had bothered him so much, should have come clean earlier, not when you are shown the door, otherwise it simply seems like a matter of wanting to get even with your former boss...to sum it up Khisiyani billi khamba Nocha is the right word for people like these.",1
facebook_corpus_msr_451884,Please type Amen! If you ignore you won't be able to book or test drive this bike 😝😝,1
facebook_corpus_msr_1723486,I respected ur voice...u proved that u r not the follower of Mohd. rafi.....even rafiz could have slaped  on u on this statement.....wat about ur concerts....wat about ur songs wen people play on their weddings....shame,1
facebook_corpus_msr_2018528,Yeah.. rather interview Karina Kapoor. Working mom in the industry :. Or someone else ..,1
facebook_corpus_msr_441381,It is natural since Nov 8 th they are fully involved in govt imposed demonitsaTion process they are unable to see their families how can they approach borrowers moreover borrowers are cashless whom to blame?,1
facebook_corpus_msr_431263,I think congress will disappear from Indian politics in next few years..,1
facebook_corpus_msr_445779,Focus on making cash available  then only  people will support you . And speedy punishment to horaders will put fear of God in curropt .and your intention will be believed,1
facebook_corpus_msr_1510209,"this is totally insane if Kashmir citizen was not indian then way we need there country , we Indians occupied them so its our duty to protect them and provide them there basic needs and wants..",1
facebook_corpus_msr_325788,When they are crossing the lines over humanity. Makes a scarecrow of themselves by way of human shields what is expected then. Mutual disobedience of laws.,1
facebook_corpus_msr_2137923,"BJP is the long term illness of India,
ISI BJP network,
BJP Sex scandle,
BJP Black money boarders,
BJP violence across India,
BJP breaking leg of horse and killing,
BJP making 634 Doctors, without any education, just for money.
BJP calling How Indian soldiers wife get pregnant  when rhe husband Soldier is on Boarder duty?
BJP, instead of Making development, preaching for Shamshaan or Grave yard.

Pain of India is BJP.",1
facebook_corpus_msr_1561909,such ministers should teach lessons for misuse of powers..n we the public only choose such illitrate n gundas ministers .,1
facebook_corpus_msr_456131,"Is this the real life, or is this fantasy. Bajaj is bevarsi",1
facebook_corpus_msr_1582265,urban naxal....,1
facebook_corpus_msr_445856,Any thing to grab bigger fishes....  Y everything for poor and middle class.... Modi G,1
facebook_corpus_msr_2241580,"In these 40 days Modi also controlled the global warming on Mars because of his super intelligent Sudhir Choudhary certified GPS chip in his 2000 note. Now, Martians are thanking us like anything before for including Mangalyaan dp in 2K note. All these 40 days achieved us practically anything possible. Even change of 2K was achievable at all shops across length & breadth of India!",1
facebook_corpus_msr_1996167,Why paper leak menace is growing?  The teachers and the schools are hardly serious of teachiny during the academic session. No discipline. Students resort to unfair means to pass exams. The coaching Schools are mafias. The examination centers are sold. It is big racket as we read in papers. Many agencies are involved.,1
facebook_corpus_msr_451759,The Opera guy looks like a low budget gangster in a gangster movie,1
facebook_corpus_msr_1897739,is that the reason behind seat cut?,1
facebook_corpus_msr_1805125,"He is a RSS supporter and the best friend of Mr. Modiji...
Try to distroy the AAP in Delhi.",1
facebook_corpus_msr_2032411,Good. Even Pakistan issued Fatwa against them.,1
facebook_corpus_msr_505632,Joke of the century..  he is not worthy of being an mla also,1
facebook_corpus_msr_1723049,"In Bhajans, while singing, Hindus  include Allah, Jisus...in stanzas. Guided by parents in our childhood itself. Now we realize, these Religions never found to have uttered Hindu Gods. who is tolerant?",1
facebook_corpus_msr_2127037,"From here to where Udhav?  Beg before NaMo, a good idea.",1
facebook_corpus_msr_2260860,Needing center's development funds.,1
facebook_corpus_msr_331243,Hahaha...defending thieves ??? What will you do if you have only a pair of bulls to cultivate and they are stolen ? Wont you beat thieves who get caught by doing so..,1
facebook_corpus_msr_1561853,Has the elected members of Vdhan sabha to interfere in govt day to day working?  They are to sit in vadhan sabha & advise in policy making or otherwise. They have already the leader of Thier party. Let him work with his colleges. Your griviences should go to concern ministry. This is nothing but abuserdity.,1
facebook_corpus_msr_334308,Deepika Thakur I know if the court does not fit your belief they are fake....,1
facebook_corpus_msr_1723059,"Just need to tell him who is Allah, wot is Azaan?
V need to tell him dat Allah is mine n yours whether u know Allah by many other names such as PRABHU , PARMESHWAR , BHAGWAN , EESHWAR , PAALANHAAR , KHUDA , GOD or ALLAH.
So Allah's orders r same 4 everyone...not only muslims or a particular community",1
facebook_corpus_msr_2018586,"She may want to look outside her glass doors the next time she's invited for an interview. But then again she's a 22 year old who has just had a baby, might as well give her some benefit of doubt. Still not sure why was she called for a women's day special interview !?!",1
facebook_corpus_msr_1723202,Finally a sane guy who dared to post.,1
facebook_corpus_msr_507253,make the weights and barbels in india ... indian lifts it ...come on easy come on easy ..one more set ...now repeat the set,1
facebook_corpus_msr_2032042,"Riya Biswas yes but no one is killed and burned in a train to godhra, no Hindus flee from Kashmir, East Bengal, Pakistan according to you",1
facebook_corpus_msr_445748,"I respect u but my quation is y u dont apply this why u came to the power
U should apply this within 6 month
Y u r waited for next 2 year's to apply this
One more thing
If u ppl ragainst the curruption then y u r not supportive for ""janlokpal bill""",1
facebook_corpus_msr_432263,"Opposition members in d parliament do not have democratic spirit, i wonder why they dont allow others speak. They should remember that    youngers r listening n watching their behaviour bcz they r d representatives of people. If they behave like rowdy n disturb others speak they r not real parliamentarians, i must say. Democratic spirit n behaviour is expected of them, otherwise, what what d student community will learn from them.",1
facebook_corpus_msr_1805338,Yes... BJP MAN,1
facebook_corpus_msr_1979692,"http://indianexpress.com/.../fatwa-issued-against.../

Dear Indian Express,
I feel sorry to write that your journalists are out there to misinterpret events and present them in a distorted manner just to make some sensational headlines. The news about upcoming singer Nahid Afreen has been prepared without proper research and investigation. It was very sad to see that your journalists don't even know the difference between fatwa and appeal. 
A fatwa is a non-binding legal opinion issued only by a qualified jurist (Mufti) on a request by someone who is unable to understand religious guidelines whereas the leaflet that is being circulated and presented as Fatwa is just a hard copy of an appeal signed by 46 men who believe in religious practices. The merit of appeal can be discussed on many grounds and in many dimensions but first and foremost, an appeal can not be called a legal opinion (Fatwa). 
We expect apology from your side for such a mistake",1
facebook_corpus_msr_446040,Modiji u should remove it totally n look no BJP person is not exempted if his guilty,1
facebook_corpus_msr_1979695,"Dear Indian Express,
I feel sorry to write that your journalists are out there to misinterpret events and present them in a distorted manner just to make some sensational headlines. The news about upcoming singer Nahid Afreen has been prepared without proper research and investigation. It was very sad to see that your journalists don't even know the difference between fatwa and appeal. 
A fatwa is a non-binding legal opinion issued only by a qualified jurist (Mufti) on a request by someone who is unable to understand religious guidelines whereas the leaflet that is being circulated and presented as Fatwa is just a hard copy of an appeal signed by 46 men who believe in religious practices. The merit of appeal can be discussed on many grounds and in many dimensions but first and foremost, an appeal can not be called a legal opinion (Fatwa). 
We expect apology from your side for such a mistake.",1
facebook_corpus_msr_1521624,"Neil Khurana
Haha a congressi 😂😂😂u guys r almost extinct, so glad to see one after such a long time. Btw what happened in 1984😂😉",1
facebook_corpus_msr_1649463,Why blame BJP. Going abroad is individual's choice. Money comes to the family. People who go abroad must know all that glitters is not gold. Government of the day is taking utmost care in such cases.,1
facebook_corpus_msr_379240,Modiji do one time face to face war with Pakistan. Daag Dijye Missiles .,1
facebook_corpus_msr_378975,"Netao ko sochna cahiya agar asi hi politics kerne rehe sena ke sath, to ek din koi bhi sena me kam nahi kerne chahega, please sena ka menobal gerana band kere neta aur court aur media.",1
facebook_corpus_msr_1972708,"Padma awards are given by Center. 
Congress should facilitate them. They are Man of the Match. When all the wickets were tumbling down, these 7 batsmen could hold till end. 
Award can by PAPPU Shree.",1
facebook_corpus_msr_710020,........Electricity is being supplied only to MADJID and MUSLIMS in DELHI. There is an appeasement by AAP government to a specific community. so my dear all Hindu brothers plz vote for BJP......A  statement would be made by BJP leaders in DELHI MCD election.,1
facebook_corpus_msr_463912,Mr. Rahul Gandhi confused his stash of black money to be white money. It's the irony of being too raw for politics and given responsible and leadership roles as a handout just for being the poster baby.,1
facebook_corpus_msr_378970,in sarey netayo ko border par bhaijo ladney k liye fir pta chlega jindgi kya hoti h roj marwa rahey h jawano ko aur ye dukh parkat kar rahey pakistan ko sabak sikhayo nahi to dub mro,1
facebook_corpus_msr_1723533,Actually this is not expected from u.. u must have used proper words Becoz these types of problems are faced by everyone whatever it is from Mandir aur Masjid..so plz be careful  about ur statements,1
facebook_corpus_msr_1805040,Anna Hazare ???? Oh yes rememberd  the hypocrite who dethroned Congress for Lokpal. Where is Lokpal ? Is he not fasting now ?,1
facebook_corpus_msr_1797831,What cost ???,1
facebook_corpus_msr_1561857,"Well when junior men officer harassed by senior women officer. Then, media don't share this news.",1
facebook_corpus_msr_496945,"Comments like hi, I love you is so demeaning. Reflects the mentality of our society. Sigh..",1
facebook_corpus_msr_1736974,"You did not watch the vedio correctly or pretending like this, this was a neutral Vedio where he urged all political parties to work in National interest, but Yu chose not to use this headline as it would get less hits on Like button. 😊",1
facebook_corpus_msr_1723849,"You tell us, what is motive behind his statement, what is necessary to say against any , his personal choice, he respect himself, no one even Hindu,",1
facebook_corpus_msr_2383820,Baba RUMdev is the PM candidate,1
facebook_corpus_msr_115526,I am an IITian. My opinion is totally different. THE QUALITY OF EDUCATION IN MANY OF INSTITUTE/UNIVERSITY IS SO LOW THAT IITs seems to be higher than actuality,1
facebook_corpus_msr_1493883,What do u thnk??? Now its a lost battle for u my dear...if u follow the order - yes u have lost and if you dont follow then we know how to make it a diplomatic victory.... u just wait n watch😂,1
facebook_corpus_msr_469671,Mr jaitley u are killing our happiness...I hate u ..,1
facebook_corpus_msr_329130,What a joke no one believes such rubbish anymore .,1
facebook_corpus_msr_469657,"Before demonetization, (i.e. 8th nov. 2016) when did you see any Minister, politician, IAS/IPS, big businessman(ambani, adani), film stars, MLA etc. in queues??",1
facebook_corpus_msr_349422,The issues of Muslim's which is regularly raised by media and BJP causes that speratist leaders of Kashmir got success in their aim,1
facebook_corpus_msr_1804983,"Anna ji, lost all the credibility, he earned so far.. either he should be mum like president of India.. or he should join the politics.. he has  no right to say any political leaders of any party until or unless he is partisan to a political party",1
facebook_corpus_msr_2126404,If this incident take in Italy it would HV been applauded,1
facebook_corpus_msr_2018646,It's not destructive if they settled with this  believe that you can't have it all at the same time.,1
facebook_corpus_msr_1041533,Thanks to feku. ...,1
facebook_corpus_msr_334919,Very good decision of old man Yechuri!let him take rest at Home permanently ! Enough is enough!,1
facebook_corpus_msr_328981,"6 months ago Kallu mama(Amit Shah) said after surgical strike, Pakistan will dare to attack India & it is the end of Pak's cross border terror. Today here we stand, 2016 witnessed highest number of soldiers martyr  and its continuing in 2017. Wasn't SurgicalStrike a paid media hype & BJP's Propaganda ?",1
facebook_corpus_msr_334310,"Every political parties sheltering criminals and BJP is not an exception. Since BJP is in power, they know only taking action against opponents, and don't think any other party in power would have taken the revenge like BJP.",1
facebook_corpus_msr_2127009,Congress ruled 70 years by dividing the nation and national leaders amongst themselves.,1
facebook_corpus_msr_322603,Kiran rijiju must join Indian army  immediately and quit central govt.,1
facebook_corpus_msr_1735788,"you already got a reserve country in 1947, you already got 100% reservation there and our constitution dont allow reservation on religious groound. dont worry SC will quash this law. If you have any problem then you can leave india as soon as possible.",1
facebook_corpus_msr_956301,Biggest ever BJP less with the blessings of MODIJI'S ceaseless efforts in the interest of India under the Premiership of Top Economist Dr Manmohan Singh to restore broken economic growth and strengthen rupee against dollar. Thanks BJP PREMIER,1
facebook_corpus_msr_324078,In UP cow's life 'is more valuable than human's . What is the langot CM of that state doing,1
facebook_corpus_msr_233565,If Sri Lanka can eradicate group like litte....why India can not destroy these naxalies....enough its enough....it is time for their total eradication frm our beautiful nation,1
facebook_corpus_msr_324394,You can see the face of shining india by this incident. PM & ministers have no attention,1
facebook_corpus_msr_1804803,Farmers are dying in Maharashtra and why is silent.. I will tell because bjp hai,1
facebook_corpus_msr_437021,"Kindly update d live status of Alanganallur,tamilnadu sir....youngsters and people r protesting peacefully for jallikkattu continuously for more Dan 12 hrs without food....d police thr or d tamilnadu government haven't providedany fud or medical facilities to d people ovr thr....people who went to help dem with fud and medical facilities r stopped by d police and dey r planning for a huge strike ovr d people who r protesting there for jallikkattu....Media people like u have to spread t along sir....v r fighting for our rights....people all over d country have to realize wats exactly happening here.... If anything happens to the people protesting thr,I'm sure t l b hidden to avoid further problems....kindly help sir....pls",1
facebook_corpus_msr_2111413,"SECULARISM IS A WORD USED BY FASCISTS TO DO ANY NONSENSE THEY LIKE, IT IS A WORD CONNECTED WITH HATRED, IT IS THE MOST DEROGATORY WORD FOUNDED AND USED BY LOOTERS, MARAUDERS, CRUSADERS, AND THE CORRUPT TO SLAVE PEOPLE, IN OUR BHARAT AND ITZ CULTURE WE SAY VASUDEVA KUTUMBAKAM,",1
facebook_corpus_msr_2260851,y with saffron color only.if you are County lover it shld b painted with tri-colour of flag...shows there polarized thinking,1
facebook_corpus_msr_325786,"Now India will start striking back through Twitter haha. Bring Antony back to the position if you people are incapable, he was not an extremist by nature but surely a man of action not words like you people. 56 inch, 1 surgical strike like the end of pakistan haha only good for publicity.",1
facebook_corpus_msr_1714332,India is a poor country. Such costly entertainment is not required. IPL is enough for one,1
facebook_corpus_msr_446424,For last 60 years what has people done in LS ....only speaking and nothing else,1
facebook_corpus_msr_2241614,In bog trouble?lol...do some research first,1
facebook_corpus_msr_2241618,Dear visit lower assam and west Bengal. UP amroha and all states. You will realise why Islam Sunnism is doing world around,1
facebook_corpus_msr_2032162,If you have no hatred than why are you always mentioning the religion in your comment #subhrangshu,1
facebook_corpus_msr_1819421,Proper dose of anything is good but overdose is harmful. Playing our national anthem in the middle of the game is also an insult to it. It shows over patriotism only nullifies the very purpose and respect to our national anthem and many such people may not know the full version and meaning of it.,1
facebook_corpus_msr_2018506,"Exactly, exactly! ❤",1
facebook_corpus_msr_1805268,Ur joining might hv made app right.so u r wrong in ur decision,1
facebook_corpus_msr_447666,We are supporting govt. let's see want is output waiting,1
facebook_corpus_msr_1805517,Now you can join BJP A Imandar party.,1
facebook_corpus_msr_1956966,Go on guys... the more you do it.. the bigger bjp gets.. lol.. 😜,1
facebook_corpus_msr_1582201,Your comments reveal that who is that kind of persons .,1
facebook_corpus_msr_445711,Sir Congress is corrupt ok we understand what about BJPministers....mark them also and the officers of ur various department state level and central level........pls address them also....,1
facebook_corpus_msr_2032296,"Dont know ..how he feels really
 But fact is if he takes back his son   he might be harrased by police...
Etc.",1
facebook_corpus_msr_1521635,Prashant Singh say abt Genocide of Dravids n casteism of millenia,1
facebook_corpus_msr_1723104,"What do you say about this guy's..?? 

https://m.facebook.com/story.php?story_fbid=824161424408271&substory_index=0&id=664804607010621",1
facebook_corpus_msr_1600578,"Think about it....!!! A fenced LOC, with heavey patrolling, creepy mines, surveillance radars, drones and most importantly mutilated soliders.... it seems something out of mind ..... one thing u should remember our army could be any kind but they always respect their enemy...!!",1
facebook_corpus_msr_454022,Is this launching of a bike or thronging of a princem,1
facebook_corpus_msr_445641,Eagerly waiting for 31st dec 2016. Modiji we want big announcements to unearth black money stashed in properties and benami properties. Money stashed abroad. We are looking at bright future for generations to come. Black money and corruption should be extinct.,1
facebook_corpus_msr_451102,Idiot we can't get our own money from the bank,1
facebook_corpus_msr_1735818,"//KCR has marketed his Bill to hike reservations as a move based on economic criteria claiming that it has nothing to do with religion or caste// KCR has to understand, reservation is not poverty alleviation scheme, it is there for only those social groups, historically who has been exploited, marginalized, rendered weaker. Muslims wanted window within OBCs, Supreme Court says, you can create subwindow within OBCs, without breaching 50% barrier, but not on the basis of religion.",1
facebook_corpus_msr_2073779,Advertisement is even more powerful Mr. Feku!,1
facebook_corpus_msr_2018488,"Why not both? 
😂😂",1
facebook_corpus_msr_1873436,"Khumtu Sanchong, do you live in moon? In India police do not work without media pressure. It is very good that the media has given wide publicity to this crime, and media pressure has forced the district administration to punish the warden.",1
facebook_corpus_msr_334364,"they will bother about only muslim women, they wont worry about hindu women.",1
facebook_corpus_msr_1735862,even tamilnadu has more reservation than prescribed,1
facebook_corpus_msr_1723682,Does it a serious matter! Azaan wake up him but not #Muslims!Masques are empty during Fajr prayer! Why?,1
facebook_corpus_msr_329976,"ok....new definition of Development....Akshay Kumar should give sensible reason for applauding Mann ki baat, otherwise he eyeing a RS seat or Award.",1
facebook_corpus_msr_409209,Mockery of the prize and the emotions attached to the same!,1
facebook_corpus_msr_233684,I'm a class 11 student... I want to ask the government....What the hell is happening??,1
facebook_corpus_msr_386865,"*योगी आदित्यनाथ बाबा का देश को सन्देश....*

*यदि भारत के 121 करोड़ लोगों में से सिर्फ 10% लोग प्रतिदिन 10 रुपये का रस पियें तो महीने भर में होता है लगभग "" 3600 करोड़ ""...!!!!*

*अगर आप...*
*कोका कोला या पेप्सी पीते हैं*
*तो ये "" 3600 करोड़ "" रुपये*
*देश के बाहर चले जायेँगे*

*कोका कोला, पेप्सी जैसी कंपनियाँ प्रतिदिन*
*"" 7000 करोड़ "" से ज्यादा लूट लेती हैं..।*

*आपसे अनुरोध है क आप...*
*गन्ने का जूस/ नारियल पानी/ आम/* *फलों के रस आदि को अपनायें और*
*देश का "" 7000 करोड़ "" रूपये* *बचाकर हमारे किसानों को दें...।*

*"" किसान आत्महत्या नहीं करेंगे..""*

*फलों के रस के धंधे से*
*"" 1 करोड़ "" लोगो को रोजगार मिलेगा और 10 रूपये के रस का गिलास 5 रूपये में ही मिलेगा...।*

*स्वदेशी अपनाओ,*
*राष्ट्र को शक्तिशाली बनाओ*

*और ये मेसेज तीन लोगों तक जरुर पहुँचाये..*
*मैसेज रुकना नहीं चाहिए..*
*Cocacola*
*Maggi*
*Fanta*
*Garnier*
*Ravlon*
*Lorial*
*Huggies*
*Pampars*
*MamyPoko*
*Libro*
*Levis*
*Nokia*
*Macdownalds*
*Calvin clin*
*Kit kat*
*Sprite*
*Nestle*
*Pepsi*
*KFC*

*ये*
*इसी लिए इन कंपनी के मार्केट भाव भी गिर गए है।*

*���� aap ke jitne bhi group ho us pe send kar na plZ*

*-कोलगेट*
*नही था तो क्या भारत में*
*पति पत्नी साथ*
*नही सोते थे ?*

********
*फेयरलवली नही थी तो क्या सब*
*भारतीय*
*नारी काली थी ?*
.
*- स्कर्ट*
*नही थी तो क्या भारत*
*में*
*लडकियां पढती नही थी ?*
.
-
*डिस्को नही था तो क्या भारत*
*में संगीत*
*नही था*
.
*- पैंटीन*
*नही था तो क्या सब गंजे*
*हो जाते थे ?*
.
-
*अंग्रेजी नही थी तो क्या भारत*
*में कोई*
*ज्ञानी नही था ?*
.
.
*स्वदेशी अपनाए देश बचाएे*
*अगर*
*सभी भारतीय 90*
*दिन तक*
*कोई*
*भी विदेशी सामान*
*नहीं ख़रीदे...*
.
.
*तो भारत*
*दुनिया का दूसरा सबसे*
*अमीर देश बन सकता है..*
.
.
*सिर्फ 90 दिन में ही भारत के*
*2 रुपये 1 डॉलर के बराबर*
*हो जायेंगे..*
.
.
*हम सबको मिल कर*
*ये कोशिश आजमानी चाहिए*
*क्युकी ये देश है हमारा..!!!!*
.
.
*हम जोक्स फॉरवर्ड करते हे.*
*इसे भी इतना फॉरवर्ड*
*करो की पूरा भारत इसे पढ़े ...*
*और*
*एक आन्दोलन बन जाय……!!*
*Plz plz plz plz plz forward* *this*
*Sirf 1 min lagega*",1
facebook_corpus_msr_1521925,Take your religionism to the other states please!!,1
facebook_corpus_msr_1956921,"Remembering the media and the other political parties doing the same thing when Modi was chosen as the PM nominate of BJP, today we all know that the best thing to have happened to this country is Modi. 
Getting similar feeling for Yogi now...",1
facebook_corpus_msr_1521952,Also try to stop  violence from communists,1
facebook_corpus_msr_2073743,"Just clarifying, the data has been released by the government, right?",1
facebook_corpus_msr_1673918,"Gambhir uvi sehvag, rohit is better than anjikya , dhawan ,lokesh , pujara .jadav seems to be potential player now a days. Respect everyone no body knows the game of god ,how he plays .",1
facebook_corpus_msr_447667,Surgical strike on informal sector for paving a path to corporates under the shadow of JIONGOISM😂😂😂,1
facebook_corpus_msr_446116,Agree to nitin narang .....please punish bankers qho have supported pilingup new currency notes,1
facebook_corpus_msr_450748,Vinit sharma you have lot of complaints..  May be you are very much affected by demonetisation,1
facebook_corpus_msr_1805259,Because he is rss guy,1
facebook_corpus_msr_327609,">> Kulgam attack: Bank employees
were killed by CRPF men, Hizb ||
Militant outfit Hizbul Mujhadeen has
claimed the responsibility of deadly
Kulgam attack in which 5 police men
and 2 bank employees were killed. Burhanuddin, Operational
Spokesperson Hizbul Mujhadeen told
news agency that militants didn’t kill
the two bank employees but they
were shot dead by CRPF personnel
who were accompanying them. “We didn’t attack the vehicle with
intent to loot the cash. We have
enough cash. We condemn the killing
of two bank employees and want to
clarify that they were shot dead by
CRPF personnel and not by militants,” Burhanuddin said adding that
militants can never target innocent
Kashmiris.",1
facebook_corpus_msr_1724337,Everyone has right to share their opinion.,1
facebook_corpus_msr_447971,Hitler was good for Germany like that modi is good for india,1
facebook_corpus_msr_446789,That's a good one...no postmortem....otherwise...people will not come into mainstream 🙏🙏,1
facebook_corpus_msr_1724221,Not so appreciable,1
facebook_corpus_msr_1805382,Anna us sick he shyld just get well,1
facebook_corpus_msr_1893415,"Ma'roof Ahmed Khan
saraswati originated from brahma itself, so how is she his daughter?",1
facebook_corpus_msr_324366,I hope the dynamic CM will take adequate action against the hospital.,1
facebook_corpus_msr_469172,"Dear PM, hope you'll achieve the same.
But you're going too fast and we expect you deliver it as well.",1
facebook_corpus_msr_443231,Not just that.. Some places  in India have attained unprecedented peace..what more do you want???,1
facebook_corpus_msr_1805159,I can't even expect much better from the blind followers of him.,1
facebook_corpus_msr_1805621,"lol u r already a RSS man, how can you hide it now.",1
facebook_corpus_msr_2032376,Misplaced priority took it to cowardice of Salaafi version of Jehadi ☹️,1
facebook_corpus_msr_1582213,"Rajkumar And here come the abuses like clockwork. Yes we are right wingers. Anyday, we'd rather be that than traitorous left wingers. Frankly, left wing terrorists are a bigger threat to India, even more so than Islamic terrorists. And certainly more so than fringe right wing groups that are woefully unorganized, and useless!

https://swarajyamag.com/politics/urban-naxalism-strategy-and-modus-operandi-part-1",1
facebook_corpus_msr_322568,They follow their prophet's footsteps. Do I need explain more?,1
facebook_corpus_msr_1723273,He has actually spoken about sound pollution...irrespective of religion...media creates hype with some other masala using one particular religion...otherwise how will they run their news,1
facebook_corpus_msr_1972712,"Felicitate the Congress MLAs, who won in the elections. You may not get another chance to do so.",1
facebook_corpus_msr_1805438,RSS agent Anna was & is .,1
facebook_corpus_msr_2137961,Idiotlogegy,1
facebook_corpus_msr_1723176,If u know about gau mutra so much then u must have tried it by urself coz I m interested only in body making not mind. How much ever brain I have that's enough for people like u too much is not good. Any comments on zakir and owasie and their freedom of speech,1
facebook_corpus_msr_448597,"Demonitisation is like a medicine, it might taste sour to most of us but will show its effect slowly and steadily....",1
facebook_corpus_msr_451788,"Guess they will suprise us,, launch would happen next year.. its only a trailer",1
facebook_corpus_msr_328134,But whats wrong in giving suggestions; He has opened the websits bharat ke veer; and if he some nice positive suggestion whats wrong in that; And I dont think that he goes around saying that he he is a great deshbhakt or something?,1
facebook_corpus_msr_2117680,Same they did to akhlaq,1
facebook_corpus_msr_1723496,Rose Kılınç I know dear. I agree with that I always say to reduce decibel point of loud speakers. When there are more mosques then 1-2 of them should only use loud speaker. But I hate the way he showed his hypocrisy. He has been my fav singer from a long time but the way he targeted us only and said others don't do anything like this is the thing I am against of.,1
facebook_corpus_msr_1893400,PR gimmick. Is he responding to each and every victim of triple talaq. Such pretentiousness is sickening.,1
facebook_corpus_msr_2141862,Made in russia just painted in india 😂😂😂😂,1
facebook_corpus_msr_1893367,How  does Modi and you all care soo deeply about a lady when it comes to Triple Talaq in India and not a single word comes out of Modis mouth when it comes to Ladies getting raped in India on daily basis. YOU ALL MUST HAVE A HIDDEN AGENDA!,1
facebook_corpus_msr_456128,Where will we ride like this in India in DONGRI...40 CC banao,1
facebook_corpus_msr_445688,"This is the time when anti national are exposed. People who are supporting black money hoarder will face action soon.
Thank. you Modi ji. Now clear picture is emerging.",1
facebook_corpus_msr_452184,direct information from bajaj its not bike launch event :-D,1
facebook_corpus_msr_445777,Some ppl dnt understand these thngs...thy can only blame our pm...thy want chnge with out any chnge...good job sir...salute,1
facebook_corpus_msr_431233,Same guy shamed UDF when aadhar was launched... Everything is approximate which anyone can estimate to be any limit..proven data talks and not numbers on speeches.. Income tax is still squeezed from middle class..prices of fuel and other essential commodity is high only,1
facebook_corpus_msr_115538,"Though the IITians and other talented people leave our country to get to do what they want, their base (family) is in India. Hence in spite of spending a part of income they earn, they save and remit it to India. Such remittances serve a great purpose of balancing the current account deficit of our country. Hence though they aren't contributing directly at the beginning of their careers, they benefit their families and indirectly our country. Reverse brain drain is a phenomenon that is widespread today. A lot of these talented people left our country because they could not find the right environment in our country to nurture their interest or talent. Nowadays a lot of them return back with distinctions that are recognised throughout the world and are contributing by helping to set up the atmosphere so that in the future, our people need not go abroad.",1
facebook_corpus_msr_379384,Indian politics doesn't have enough courage . We can never beat Pakistan.,1
facebook_corpus_msr_447084,Where is the black money? Y r u not naming n shaming the ppl whose money was found now?,1
facebook_corpus_msr_2111263,Yes rss against secularism ad u communist are very secular like destroying india..making antinational agenda..👍🏻,1
facebook_corpus_msr_2029813,No work make this men a nonsense to our society,1
facebook_corpus_msr_1622387,A DALIT then I guess it's high time to remove reservation.,1
facebook_corpus_msr_2020813,Same as BJP will win in Bihar 2015 election!!!,1
facebook_corpus_msr_1945484,"Who is shirish kunder..???
As if ppl knows him n will listen to him😂😂😂...bolo Jai Shree Ram",1
facebook_corpus_msr_331616,Proof reading guy must of asked for bribe and they refused. #fucktheworld 😂,1
facebook_corpus_msr_2280121,"Maybe Trump's executive order isn't quite as ""Islamophobic"" as the liberal media would have you believe? https://www.whyps.com/about-us",1
facebook_corpus_msr_2111174,"Pakistan was made by Islamic radicals, many of them are now trying to create another Pakistan in India.",1
facebook_corpus_msr_451816,Come on Bajaj... There's a bike to be launched. Cut the trash.,1
facebook_corpus_msr_441434,People in Tamilnadu have some sort of inferiority complex( I really don't know why) and that is why they are so servile!,1
facebook_corpus_msr_449669,The photographer we hired for a marriage is demanding 60000rs in cash. Where should we complain?,1
facebook_corpus_msr_444317,"Sir ,With due respect i want to convey you that there are doubts in the trading community that by mere verbal assurances of not doing postmortems by concerned authorities will work! Pl see the example of corruption by black sheeps in banking sector in issuance of new notes!",1
facebook_corpus_msr_327612,Hizib claimed the responsibility but said bank employees shot dead by crpf... Bloody cowards,1
facebook_corpus_msr_1723349,"He is out of industry for a while no work, wants some public attention and issues like these are common these days to get back in action.",1
facebook_corpus_msr_325806,Better ask PM Modi because before becoming PM he was talking BIG things of destroying Pakistan & now why is he keeping quite.,1
facebook_corpus_msr_331275,"Incredible india !!! All poor humans of the country should wear the skin Nd horns of cattle to get safety, food and shelter in the incredible india!!!",1
facebook_corpus_msr_1723060,"Why does anyone give importance to such tweets? No wonder, people come up with all kinds of trash. Ignore them, for heaven's sake.",1
facebook_corpus_msr_331420,Calling Erodgan sir and calling Modi Feku. True colors of a fundamentalist Muslim. You must be the next ISIS member. Go to Syria and fight. What are you doing in India?,1
facebook_corpus_msr_395435,Don't misguid the nations. Tell the truth Mr yellow journalist,1
facebook_corpus_msr_1922835,This is arrogance of Shivsena.,1
facebook_corpus_msr_327620,"Why India Should #ScrapIndusWatersTreaty
Indus Water Treaty Is Illegal
The case of the 1960 Indus waters treaty, it has been signed by then Prime Minister Jawaharlal Nehru and “nowhere it is declared that the said agreement/treaty has been signed in the name of the President of India”, 
“According to the ministry of external affairs documents, nowhere disclosed agreement has been signed by the Jawaharlal Nehru for the President of India...,” 

“According to the impugned agreement 80% water goes to Pakistan which is a serious injury to the fundamental right of the citizens of India coupled with further financial and natural injuries to national interest.”

If We Indians Keep Quit Today Our Future Generations Will Blame Us And Never Going To Forgive Us

India Need Be Like China Fast And Furious And Must Have Ability To Say On Face.
China Claim South China Sea 
China Made And Develop 7 Artificial Man Made Islands On The South China Sea So Quickly 
Then Why Can't India Stop Water From Our Own States And Union Territories Of India
We Need To Build More Dam On Indus River And Must Have Iccha-Shakti To Say Only One Sentence To World Bank F*ck Off 
India Is Scraping Indus Waters Treaty

If China Can Do For Their Mother Land 
Then Why Not India (If India Cannot Do)
Then Their Is Some Serious Problem In Our Indian Government System With Our Political Partys And Also With Our Useless Politician.
Who Just Know To Bark But Cannot Take Action.

http://siteresources.worldbank.org/INTSOUTHASIA/Resources/223497-1105737253588/IndusWatersTreaty1960.pdf",1
facebook_corpus_msr_445714,People are complaining about long queues outside atms.....w/o realising the bigger picture.The same people are more than happy to stand in queues for reliance jio sim....LOL 😄,1
facebook_corpus_msr_373710,Pakistan ke log marte ha to marne de gussa to itna aata BJP kya pani puri kha rhi ha Modi ji apne leader gungan kre ge,1
facebook_corpus_msr_2082736,Is it news aor you are try to panic the people,1
facebook_corpus_msr_115596,Only if u can't get into one of them !,1
facebook_corpus_msr_2241588,No he didnt try...he did it for up elections😒😑,1
facebook_corpus_msr_326750,Yadav hang aapproved by military  court.military  court  always   use for military  personal.yadav is military  man.it's  always universal  in the world. It's  not new.,1
facebook_corpus_msr_1490574,Rahul Gandhi of BJP,1
facebook_corpus_msr_326913,India trying to miss lead international community  regarding loc cross firing,1
facebook_corpus_msr_405854,Seriously NO we don't want movies like kick and ek that tiger,1
facebook_corpus_msr_448437,"Good PM let corrupted leaders bark, you keep your word, we are seeing new hope with you",1
facebook_corpus_msr_446369,Still waiting for Rahul Gandhi's grand expose of the PM. Why is he not speaking in parliament or doing a speech like this.,1
facebook_corpus_msr_1956992,Indian Express better Use Burnol !!,1
facebook_corpus_msr_444264,Yes u r rit and people like u can always pull legs...,1
facebook_corpus_msr_379113,"koi nai modi ji rehne do bss ab aap se nahi ho payega, bss ab to ek yhi kaam rh gya hai ki ek or celebrity doond lo jo unke baccho ka further expence utha paye😡😡 . Hope so aage kisi politician ki himmt ho jo apni aulaad ko shaheed hone pr fakrr kre or pakistaan ki iss karyavaahi pr KADI NiNDA kre",1
facebook_corpus_msr_115618,Satyam Bora please read that whole article,1
facebook_corpus_msr_367631,Abid...  1st news for your country and just wait...  We will punish Pakistan very badly,1
facebook_corpus_msr_1978770,Only 7 residents of the area opposed the location of music night because of residential area and have some religious institutions. ..that's it,1
facebook_corpus_msr_1906995,"Saif Ali  just trying to defame Modiji , #haters",1
facebook_corpus_msr_1714369,"I have no deal with anyone. It's my opinion. And I think I have free to have one. He doesn't suit to play Bheema, that's all.😂😂😂😂😂😂",1
facebook_corpus_msr_506543,"Very good move as it will reduce interest cost on goverment borrowing.Previous goverment in the past borrowed so much money in the past to meet expentiture .Central & State goverment used to present deficit budget. Goverment is doing its best to improve finances.This will help in containing inflation & more money for development.Banks should now reduce borrowing rates on home & personal loan, so demands  pick up resulting more employment",1
facebook_corpus_msr_480470,"old news -any way why don't c-17 directly land in beijing , why hitting around the bush , luck favors the brave",1
facebook_corpus_msr_1710262,"One thing i wonder about former RM LALU ji is how out of so many graduated RM,he is the only one to show profit in railways management eventhough he is illiterate.shame on other graduated RM.Your education didn't outperform a illiterate at all.",1
facebook_corpus_msr_1490573,"BJP creates Audiences for him... through their Media agencies. 
He's dancing on the tunes of BJP... bcz AAP exposed BJP's EVM fraud.",1
facebook_corpus_msr_2081752,U trolled her correct.... I  sure she is another kanhaiya kumar in making. She doesnt have problem with ANTI NATIONALS like umar khalid.,1
facebook_corpus_msr_420710,Well said Saurabh..Mr Ali as far as i know Mr Manmohan Singh is a very educated man but what he gave to this country?? A basket full of Curruption & scandals...Unlike the present PM who is hardly educated but still if you like guys like Ex PM and Congress party then bro can't help.,1
facebook_corpus_msr_444339,Its a great effort by the poor people who need money on daily basis not we who have cards and online access and please next time someone give a chair to this person standing for such a long time for our country,1
facebook_corpus_msr_401331,Hahaha surgical strike by pakistan army 300meters inside disputed territory where ur 8 hundred thousand randian army there hahahaha they even can't protect their border,1
facebook_corpus_msr_431225,"Proud of PM Modi, Congress party is dragging the country back",1
facebook_corpus_msr_1722810,Promoting protective sex is immoral? Since when?,1
facebook_corpus_msr_1723449,"By using microphone and speakers are maybe disturbing sleep of people from other religions. As devout Muslims know their prayer timing, it is better to avoid using these speakers. There are so many Apps available now to remind the prayer timing. 
While making comments to other's comments, please use good language. Abusive language should be avoided",1
facebook_corpus_msr_466338,"Sorry to say, he was our PM for 10 years..",1
facebook_corpus_msr_1437394,"on this matter no rapid action took place , rule of is same but waiting and keeping insight to the personality.",1
facebook_corpus_msr_115620,Iit is not everything,1
facebook_corpus_msr_450991,"Where is swiss bank money and u r thinking the whole country working peoples is criminal 
Where r politions money",1
facebook_corpus_msr_1493880,Sahil it wont b surpsng u cuntry lets hafez sayed roam freely on whom un has put a bounty n usin the d sm stage ur pm says burhan wani was a peace lovin leadr kild by  IA,1
facebook_corpus_msr_1723509,What about vande Matram and yoga opposition? What about  Uniform civil code ?,1
facebook_corpus_msr_1804919,If courage ask for files from modi or any state govt. I fear sir for a heart attackon seeing things on those file. Anna ji playing politics. He is awake when has to say against Kejriwal but in deep sleep if asked about lokpal or questionable things about bjp.,1
facebook_corpus_msr_446265,What does he has other than skilled way of talking,1
facebook_corpus_msr_814334,They won't get goats there,1
facebook_corpus_msr_403323,Hahaha those who argue modi the coward man to do something are world foolish peoples. Modi can killed only unarmed innocent Muslims in india. He can't thing even in dream to face pakistan now.,1
facebook_corpus_msr_446445,"Pls come out of politics and work for the betterment of our country , which is needed desperatley at present moment.",1
facebook_corpus_msr_451723,#KRK is happy because this video broke his records of taking cuss words.,1
facebook_corpus_msr_1722776,"Unlike Sonam Kapoor , Aishwarya Rai, andother celebs who endrose fairness creams, hair products which inly damage your hair in the end, She is in an advt that will eventually save many from catching STDs and unwanted pregnancies. Where is immorality? Time to ponder.",1
facebook_corpus_msr_334392,"As Nithin Gadkari said; ""if criminals enter the party, we lessen their faults and increase their merits"". The act qualifies him to Share the stage with Yogi Adithyanath. To empower the criminals to rule the nation is extremely patriotic act.  Pray that rest of parties don't follow BJP in this regard.",1
facebook_corpus_msr_398393,We don't need terrorists supporter idea. Pls let him keep his thoughts with him.,1
facebook_corpus_msr_1619784,Shameful act !,1
facebook_corpus_msr_444369,Why didn't u stopped 500 and 1000 notes from 8pm on 8th of nov.why have u given 4 extra hours to people to cover bkack money in books.,1
facebook_corpus_msr_2081768,Then why such a Tweet.,1
facebook_corpus_msr_2346848,Agra Lucknow express way was part of Ganga express way project of Mayawati government and Metro project was also from mayawati government extensio of Delhi nodia metro project. Akilesh just taking credit of maywati government projects and changed names..,1
facebook_corpus_msr_446160,Who they r saying negative about midi and not supporting him they will suffer in future...great job modiji,1
facebook_corpus_msr_1805633,RSS agent,1
facebook_corpus_msr_1480712,"Simple reporter having Bad past of taking a ""Nabalig"" girl on tv for attaching in mob for marriage.....Ya every one has bad past.... how Raju will react....of course same way.....He might have got good offer that if you ""COULD"" by your midea expertise can spoil the Madison Gaden show or rather complete visit you will be rewarded by this & that... When he saw its price going away ....definitely any one will get angry........ finally how many channels some one can change Boss....Raja logo ko deep dikhate hain Chaiwale ko kaise pasand karenge...bhai....come on Raju be a sport....He may not be good at speaking English but ""Einglish"" is not the perameter of intelligence....for sure... & you are proof of that...",1
facebook_corpus_msr_1723033,True!!!,1
facebook_corpus_msr_1736954,Didn't expect this from Indian Express. Such a bogus title.,1
facebook_corpus_msr_451914,they are launching cute & hot models - I guess the bike is incidental,1
facebook_corpus_msr_2082475,Secure.... hahahaha... my friends sister in law lost 5000 in paytm...,1
facebook_corpus_msr_1805648,"He has a timing, Delhi mcd elections!!",1
facebook_corpus_msr_2018495,Aishwarya Padmanabhan..but every person on this earth has to hv an identity..it is very necessary..wt a 22 year old girl with a spoon fed life wud know about the struggles of women in our country..it is very very necessary for women to acquire equal space in worksphere if we ever dream of equality!!,1
facebook_corpus_msr_2117673,What happened deleted comments may be he is spying for CIA,1
facebook_corpus_msr_1525108,"Then what should he do
Ek toh tumhe bachae bhi Army Pathar bhi maro tum unhe",1
facebook_corpus_msr_2081764,You showed your colour brother...come back after sometime,1
facebook_corpus_msr_327600,India will react by not playing cricket with Pakistan or they ll make a bollywood movie against Pakistan in which they will show their army doing surgical strike... lol,1
facebook_corpus_msr_1521679,"Dude we have 10,000 manuscripts,books vedas . U can't expect me to follow all of them . Many of them r paradoxical to each other . So cow is sacred to indians google ""nandi bail""",1
facebook_corpus_msr_463922,modiji hypnotised RBI & FM so he speaks and thinks through them.slight planning or delay in between Rs1000 & Rs500 phasing out could have been a better solution for the common man.now all are suffering.thanks modiji.its gods wish.,1
facebook_corpus_msr_326814,"And you were watching the entire episode through your binoculars 
Right!!!

Learn some logic and reason;though it could be a tall ask",1
facebook_corpus_msr_1963951,so??? is this news,1
facebook_corpus_msr_1723310,"Okay, Leave akshay kumar. Concentrate on Sonus intentions behind the tweet.",1
facebook_corpus_msr_2082700,Today visited in sbi bank deposit 1000 sbi charge to us 57.50 for inter city tras charge same ful,1
facebook_corpus_msr_446665,This game of money will never get over as long as evil is in the World,1
facebook_corpus_msr_1622399,"Also name caste,community, blood group of all topers.",1
facebook_corpus_msr_2137934,But it seems the pill got  stuck ìn the throat of the doctor  himself!,1
facebook_corpus_msr_328986,"Plz listen carefully BJP will even kill its own people and demolish masjids even Mandira just to increase its power in whole India and implement RSS coward ideology in India.
During opposition  time they were showing jingoism  on such mishaps;now you will see they will do any other ad like story to fool majoritarian s",1
facebook_corpus_msr_671918,E v m,1
facebook_corpus_msr_393659,Money problem. Every one on this show is after money. ₹ 1.20 crore per episode to be shared by all including laughing Buddha Piddhu Paaji.,1
facebook_corpus_msr_2073819,"Nd ur Fake,Fakeu.:D",1
facebook_corpus_msr_451001,If people get more money withdrawals then it is impossible to get more money to people who r stocking huge and crore of bundle,1
facebook_corpus_msr_1979690,"Dear Indian Express,
I feel sorry to write that your journalists are out there to misinterpret events and present them in a distorted manner just to make some sensational headlines. The news about upcoming singer Nahid Afreen has been prepared without proper research and investigation. It was very sad to see that your journalists don't even know the difference between fatwa and appeal. 
A fatwa is a non-binding legal opinion issued only by a qualified jurist (Mufti) on a request by someone who is unable to understand religious guidelines whereas the leaflet that is being circulated and presented as Fatwa is just a hard copy of an appeal signed by 46 men who believe in religious practices. The merit of appeal can be discussed on many grounds and in many dimensions but first and foremost, an appeal can not be called a legal opinion (Fatwa). 
We expect apology from your side for such a mistake.",1
facebook_corpus_msr_386792,It appears that there is more indiscipline in the country. It is advisable to give good education to all so that they learn to be polite and good moral characters.,1
facebook_corpus_msr_446444,Work for law and order and nothing else and remove all illitrate politicians from the system,1
facebook_corpus_msr_412608,No bosses over there take fare actions . Employee who are onroles they treat the person working on 3rd party payrole as their servant,1
facebook_corpus_msr_379109,Modi vote lena jante he senik sahid ho rahe he kuch bhi nahi karegha,1
facebook_corpus_msr_325040,Now we have to eat according to the dictates of the government.,1
facebook_corpus_msr_1723379,Good prediction..he qualified for bjp ticket now..,1
facebook_corpus_msr_505582,How is it so? okey then in what way they enjoy success everyday.,1
facebook_corpus_msr_1956249,Just started.,1
facebook_corpus_msr_382108,Modi ji aur kintn din hamara jawan & officer apna jeevan ki balidan dangay.plz do the auction immediately.Pakishtan ko bara jawab dow.Bharat mata ki jay.,1
facebook_corpus_msr_2018521,She didn't mean the other babies are. Cmon. She was just referring to her own baby. And since it's her first child it's very obvious she's still learning to be a mother.,1
facebook_corpus_msr_330047,"See the stupidity of indian PM who is worried about summer instead of country 

In the 31st edition of 'Mann Ki Baat', Prime Minister Narendra Modi addressed the nation on a number of topics and issues including VIP culture in our country, bridging the gap between rich and poor, and also encouraging students to try new things during their summer vacations. However, one piece of advice that has really touched a chord with people on social media is PM Modi's suggestion on putting out water for birds and animals this summer. With temperatures soaring across the country, PM Modi suggested children take up this initiative as it will not only help the creatures but also instill empathy in children.",1
facebook_corpus_msr_1893454,Let me see....How many MUSLIM men stand up for this Poor Lady ??,1
facebook_corpus_msr_2161636,Omer Majeed why u abuse krishna ? krishna created prophets like muhmmad and u abused him ?,1
facebook_corpus_msr_1477097,"In a country where Maa Durga is worshipped as the Universal Mother, a bunch of hooligans in a University, celebrate the demon whom she killed as a martyr and say she was a sex worker who seduced him and killed him after honeymooning with him. That is allowed as free speech by Congress and Left who went to defend those in the University.
And now when a woman Minister reads that out as to what was happening in the University from the University authenticated documents, because evidence was asked, she was not being allowed to speak and interrupted with yelling and shouting and now they demand an apology from her, wait and take a deep breath, for blasphemy!
This, my friends, is the hypocrisy of Congress and Left who support free speech, and this my friends, is the hypocrisy of the pseudo-liberals and pseudo-feminists in this country, who would allow a real abuse of Mother and Mother land in a University in the name of free speech, but will not defend a woman who happens to be a Minister of a party that does not follow their ideology.
Such tolerance, much hypocrisy!",1
facebook_corpus_msr_2242043,Yeah and their semi auto pilot system will break down. Hehe... Indians don't obey traffic rules. I don't know how that's gonna play out. Big Test for Tesla. ;),1
facebook_corpus_msr_445719,Modiji if you can make from your mother a net. Transaction or mobile payment we can understand your saying as we also have mother they don't have security to do paymnet by net or mobile,1
facebook_corpus_msr_451692,That's how my padosi Aunty sings while she is in the shower,1
facebook_corpus_msr_469237,Please give 15lakh to my bank. It was your primary promise !,1
facebook_corpus_msr_324386,If he happen to be a cow then what will be the condition? Helicopter ambulance to the patient?,1
facebook_corpus_msr_1946888,Simple....The only thing the BJP doesn't do is appeasement while the rest are more or less same,1
facebook_corpus_msr_334890,"Excellent! So what's his plan ? Relocating to Sukma or be Kanhaiya's, Shehla's, Omar's prof in JNU or relocating to Pakistan ? We have to know. National security is very important",1
facebook_corpus_msr_2149109,"These calculations are waste of time, the ultimate winner will be AAP with a thumping majority.",1
facebook_corpus_msr_451092,Those ppl with swanky cars..big bungalow..extra moolah..to go for and buy designer labels...are sooo screwed....,1
facebook_corpus_msr_402566,Talking like stupid.  Don't understand why some people follow him :(,1
facebook_corpus_msr_407750,"Indian democracy : laws made to save the corrupt politicians. 
US democracy: laws made to save country from corrupt politicians",1
facebook_corpus_msr_444301,Great job Modi ji.. only those people are against who's black money is of no use now.,1
facebook_corpus_msr_379186,"Tell your pm to go and eat cake on birthday without invitation, hehe",1
facebook_corpus_msr_532056,Hope it's not hosted by that lady in specs...!!! (the one who conduct's the market closing show) it's hard to tolerate her!,1
facebook_corpus_msr_1401735,Judiciary system of India.........????????,1
facebook_corpus_msr_1762552,"yes, last 60 yrs had been great years of happiness for all Indians.",1
facebook_corpus_msr_446081,"Appreciate his thoughts and views""""depends on every citizen to understand and allow to implement",1
facebook_corpus_msr_2041633,Shes right about nepotism but i do agree that she plays the victim card a lot,1
facebook_corpus_msr_2018700,"Who is Mira Rajput ? What has she achieved to make her opinion matter ? 

Read about this girl .Her husband died for the country , instead of crying she decided to join the army herself . 
 That's feminism ..Not being a trophy wife .. Planning parties and enjoying celebrity status because of ur husband.

https://lm.facebook.com/l.php?u=https%3A%2F%2Fwww.theindusparent.com%2Fhats-off-martyrs-wife-keeps-promise-joins-indian-army&h=ATOfxti_6sGZcR-BmY9IaDR8ygNxk4lpR2h8RulE77w1vC-37qXP0RPoMPsBhtVRuScuP3PKLwxdaj0VLZN7krDQEybkvWOdzD4UktL07Fc4OJ6cOAAgpj_xQip2xClM_xzojI_7UBG3wX30SP8&enc=AZNAHQWA9maFf_P_NSPfWv6ye87Uj6LhurX2LpA0ddON71qIIhQk2yAckrfVQU4jBCAjHB-Mu2tnvC0kQUCooAmhHESsbsEIwcJtIJTAWbiI8olmVwn4_74jXxndCJ4TtmmznlAXENp53mPKYoYzEjEw5p9ewRRslRgPV5bOPqXtkoXRcmYedjWhKPg30wDqrEk5lZ-dn-WA3AbXQvqoR1z5FTh4oQLBgZ9qwABysyOPKEIknRYN33LscK9_TSpGw0JR-jUgm2awpWscZDYE7dZxKyE6OSZaouL4RVqApRi0WDMeZuhb9Gee06Vi0Z-fXxU&s=1",1
facebook_corpus_msr_956401,Ha ha ha but serious matter.,1
facebook_corpus_msr_2175508,Obviously this Alkesh is from Moon? He does not Know the phenomenon called Amitabh Bachhan!Even though I like his screen presence more than this movies but to be so ignorant is a crime!,1
facebook_corpus_msr_2137947,"shut up please. no more...
nation is gone to it's worst.",1
facebook_corpus_msr_450727,Mr modi please look at ordinary people they are really suffering,1
facebook_corpus_msr_386708,Keep control on words. Talk in a decent language. It seems the success of Modi has gone to his head. Cool down & keep your feet on mother earth. Do not fly you will come down very fast,1
facebook_corpus_msr_402651,"Propaganda master ..

Opportunist

Fanning communal tension 

Corrupt ....check his source of income....",1
facebook_corpus_msr_466243,"He is a respectable & responsible leader , we can't forget his service when he was finance minister ,i don't appreciate his pm tenure ,as far as his statement is considered all parties are same engaged in looting innocent janta .",1
facebook_corpus_msr_466244,"finally he spoke... all these years his mouth was stitched.... Ex PM sir, you look good when your mouth is closed.... talking does not suit you.....",1
facebook_corpus_msr_329953,I guess Rahul Gandhi or Mamta Banerjee would make India strong again....but again really they can?????,1
facebook_corpus_msr_413772,"ARUNACHAL PRADESH, INDIA - HIDDEN GATEWAY for CHINA'S NEED OF SUSTAINABLE GLOBAL RIPARIAN TRANSPORTATION SYSTEM 
=======================================

Arunachal Pradesh of india, the land of rising sun, undisputed beauty queen of Nature & powerhouse of hydropowers is always been a bone of contention between India & China.

But why china is so adament to have Arunachal Pradesh as part of Tibet ? Is it mere Riligioustic or Geo-politics or Militaristics or Expansionist mindset of China ? Why China is playing a zero-sum game knowing fully well that India will not part with Arunachal Pradesh  at any cost ? 

It is undoubtedly clear to everybody that the CORE GROWTH ENGINE of china's economy has been SUSTAINABLE RIPARIAN TRANSPORTATION SYSTEM which has two componants as LOCAL & GLOBAL features. 

It is the GLOBAL FEATURE which makes ARUNACHAL PRADESH of India via NAGALAND as GATEWAY for china to the SHORTEST riparian transportation system based upon RIVER KALADIN of MYANMAR to the BAY of BENGAL (through Sittwe Sea Port of Myanmar which will eventually form KOLKATA-DHAKA-SITTWE economic corridor powered by 'BANGLADESH-BHUTAN-INDIA-NEPAL MULTILATERAL HIGHWAY' linked with INDIA-MYANMAR-THAILAND TRILATERAL HIGHWAY thereby effectively replacing NORTH EAST of INDIA as HUB of ACT EAST POLICY of INDIA with BENGAL, INDIA) as current global riparian transportation system takes too much times & distances to cover. That is why CHINA keeps disputing the ARUNACHAL PRADESH thereby giving much irritation to the India and preventing both powerhouses to realise full mutual prosperities.

But this ZERO-SUM game can be reversed by MIGHTY RIVER BRAHMAPUTRA. Having RORO facility at DHUBURI & elevated the status of DHUBURI, ASSAM, INDIA to the status of INTERNATIONAL SPECIAL ECONOMIC ZONE , river brahmaputra can provide peaceful & sustainable riparian solution to above discussed problem and for this both India & China Government have to build following multilateral economic corridor powered by inland, road & rail networks (taking both Bangladesh & Bhutan Government on-board) , namely , ""DHAKA-DHUBURI-THIMPHU-LHASA-BEIJING (DDTLB) ECONOMIC CORRIDOR "".",1
facebook_corpus_msr_466255,U still are a kid to know BJ P and their politics thts all I can say coming in Mercedes does not make a diff if you see im wht cars I travel out here.,1
facebook_corpus_msr_2378650,Air pollution bound to stay with us for ever. this has become part of indian culture.,1
facebook_corpus_msr_1731552,lacs crores spent for 5 campaigning only from tax payers money.,1
facebook_corpus_msr_394714,Watch this video u will know what sort of guts they carry,1
facebook_corpus_msr_1723919,I believe he has expressed my view as well,1
facebook_corpus_msr_1979917,"Dear Indian Express, I feel sorry to write that your journalists are out there to misinterpret events and present them in a distorted manner just to make some sensational headlines. The news about upcoming singer Nahid Afreen has been prepared without proper research and investigation. It was very sad to see that your journalists don't even know the difference between fatwa and appeal.  A fatwa is a non-binding legal opinion issued only by a qualified jurist (Mufti) on a request by someone who is unable to understand religious guidelines whereas the leaflet that is being circulated and presented as Fatwa is just a hard copy of an appeal signed by 46 men who believe in religious practices. The merit of appeal can be discussed on many grounds and in many dimensions but first and foremost, an appeal can not be called a legal opinion (Fatwa).  We expect apology from your side for such a mistake.",1
facebook_corpus_msr_451096,"Each statement minister should speak to RBI, get daily allocation for new money, ensure that the money reaches the poor and far flung areas. The bank manager / branches should disperse money to the poor in villages and the owners of the tea garden estate (e.g.) they should speak to CM, get allocation of new money from STATE govt (RBI) and disperse money to poor people.  Also the state government should provide the food (rice and Atta) from govt warehouse against the AADhar card. Why and what is the ThinkTank doing???  They should help drive the cause of curbing black money and the new money being seized should be put into circulation  and allocated to bank so that ATM can dispense money. The new money caught till date is 50 Cr. this could be dispensed to more than 250,000 public if given Rs 2000 each",1
facebook_corpus_msr_917641,ohoo ?? Good,1
facebook_corpus_msr_1582266,But still its poison.......,1
facebook_corpus_msr_349462,Stop all this as country prestige on test and enemy be taught lesson first at all costs and sacrifices.,1
facebook_corpus_msr_1493805,"Congratulation Indians u won .
This is only just the stay order's.
Doesn't matter court didn't said that he is innocent. 
And second thing he is still in our jail.
Remember how sarbijit Singh died in jail.
It can happen to him also.
So don't be happy.",1
facebook_corpus_msr_451886,how come none of those people seated there have not yet thrown something on to the stage,1
facebook_corpus_msr_1805005,Anna is doing drama. Why is silent about lokpal if he is gandhivadhi why not doing satthyagraha for lokpal well educate people know kejri he was part of the Central Govt and he is well know how ll do work. Not like that modi saab all people are not fool...,1
facebook_corpus_msr_372297,we are & we can deal Pak Army Appropriately but we have to  deal equally with Pak Rakshak Gangs in our soil,1
facebook_corpus_msr_1978759,Ha ha lies again ...,1
facebook_corpus_msr_1737074,"AAP attacks army, sides separatists. Kaviver comes to do cover up. THen changes his statement ""Mera ye matalb nahi tha"" Dont fool us. We are not from delhi.",1
facebook_corpus_msr_1946863,When one of their own sings a Bhajan they take out a Fatwa.Most intolerant religion.,1
facebook_corpus_msr_2032413,It's call unemployment lol,1
facebook_corpus_msr_505994,10 Useful Windows Commands You Should Know...commands that should be useful even if you’re not a command-line person...even windows -just spend 10 minutes every day -learn slowly -and apply -one day you will become the expert of command prompt -----google search.,1
facebook_corpus_msr_1448010,"aby Sharma, AAP is not with any criminals.. AAP is with Aam Aadhmi.. Its not support any party. Vote for AAP.",1
facebook_corpus_msr_1712685,They should focus on dairy farming. Country's milk adulteration rates are too high anyway.,1
facebook_corpus_msr_1716148,My family is hardworking unlike your family. They will not take even a paisa for free.,1
facebook_corpus_msr_2032075,"courageous or not , but how can a human be still annoyed with a dead.",1
facebook_corpus_msr_1723620,Dont worry i will appeal to the the transport authority regarding ur concern. Till then use ur feet as mode of transport,1
facebook_corpus_msr_450841,Hats off for ur sily move. Common people are sufering not u cheaters ..,1
facebook_corpus_msr_556288,hike is not a problem for the people but the proper and effective utility of the amount so earned or amount subsidy saved is a billion $ question. Will that saved subsidy will go to the corpus of corruption?,1
facebook_corpus_msr_402539,Modi is least bothered about this chap...teen talak will be banned...a strict law will come and make this kind of muslims straight...life of muslim womens will be secure after this law...,1
facebook_corpus_msr_326868,in 1971 we can have kill ur 93000 army but we leave them and not did any bargaining.it is India,1
facebook_corpus_msr_2144398,"Dear Islam is a holy faith and Quran is a holy book

But why all world is against Islam only. 

Why so much population blast everywhere by Muslims only

Why whenever there is a terror activity in 9 out 10 cases there is a Islamic jehadi outfit

Why women are treated as children producing machine in islam

Why Muslims prefer madrsas education rather than modem scientific education 

Why sunnis are killing there fellows who follow bit different faith

Why Muslims hate other faiths 

If one needs blood. He won't match religion but check blood group",1
facebook_corpus_msr_2032039,Why no chutiya liberal & sickular stands for the miseries of Kashmiri Pandits? Why no liberal bukchod returned their awards on their miseries? Why no one shouted slogans in JNU for killing & raping of Kashmiri Pandit women by islamic militants?,1
facebook_corpus_msr_1887336,"Satyam Gupta simply project rahul gandhi as pm, then all the problem will be solved 😢",1
facebook_corpus_msr_444099,"As Mr Nandan Nilekani said, this will usher in digital economy at a rapid pace. He said that what would have taken six years may happen now in six months.",1
facebook_corpus_msr_1805036,"Anna Hazare is solely responsible for creating a monster ""Kejriwal"" who has crossed all limits of stupidity.",1
facebook_corpus_msr_438104,"IS INDIAN CONSTITUTION MAINLY FROM ""FRANCE & IRELAND""...IS IT SO...? DOES THAT MEAN OTHERS ARE SLAVES...?PLEASE TELL THE DEADLINE HOW LONG WILL WE BE RULED....?",1
facebook_corpus_msr_399638,"Even they took there saman to show to there ladkis c this is real saman of a real mardh,",1
facebook_corpus_msr_1722761,These ads talk about flavour also! Don't forget this side too. STD and flavour talks!!,1
facebook_corpus_msr_1521697,Vemula Karthik Mr. Andhra have you visited Kerala and its restaurants ever. Try our parota and beef fry or curry and check out the customers who eat them. Ask them their religion and you might get a whack on your face.,1
facebook_corpus_msr_1833412,New theology in freedom struggle. By a Hindu marxist,1
facebook_corpus_msr_403317,We have already given them reply in surgical strike they r rats in front of g8 army...They send their terrorist fight with all of them will b send to hell,1
facebook_corpus_msr_2117642,"a specific group ( obviously politically biased) in India also , supported Trump's politics during election , even they prayed to God for his win. i hope , every concerned public is understanding my direction. may be they are supporting this killing too. because it comes from the same communal and racist mentality.",1
facebook_corpus_msr_379121,According to HM and PM---- hum iski kari ninda karte hain!an oft repeated statement!,1
facebook_corpus_msr_1805368,He would have been expelled from the party 😜,1
facebook_corpus_msr_2081699,Saurabh Shinde Sharing his opinion without reading the whole story is wrong. He just picked one of the 27 frames.,1
facebook_corpus_msr_1737035,"Worst reporting from media. Whole video aimed at something else, Made into something else",1
facebook_corpus_msr_115471,"Ofc they should be seen as a lowlife. Cause inexperienced opinions won't help anyone. Anyways, your point would have been considered, for you are into IIT. BUT since you haven't seen the real ""IIT"" thing, your opinion is invalid.",1
facebook_corpus_msr_334995,Abraham u asked me the same question and again u copied and pasted this question,1
facebook_corpus_msr_1805045,But you were wrong to let him use you and your platform.,1
facebook_corpus_msr_1805398,extreme right wing,1
facebook_corpus_msr_445720,"We got to see nice move. 
But we actually don't know what's ur reason for such move. 
But I can say one thing it was not executed properly.",1
facebook_corpus_msr_444010,After announcement of demonstration every minute u change ur statement ur so confused We Indian don't want confused PM please,1
facebook_corpus_msr_2137919,Venky - has to KMA Modi every now and thenn to keep his job as minister. He lost the 12014 election by a huge margin and then sneaked in through the back door - India is the only democracy in the world that allows defeated politicians to become ministers - utter disbgace when these fakes start sermonisung .,1
facebook_corpus_msr_2117662,You are correct Trump is highly obliged by Indian Hindus who prayed hard for his victory. Muslim never prayed for his success. But I am truly telling you I prayed for Trump's success and even today I appreciate his Nationalism and wish him more success. I will be happy the day Trump kicks Saudi Arabia and Kuwait because they too are the same fundamentalist Muslims as that of the seven countries he banned.,1
facebook_corpus_msr_2041580,Bollywood has been the fiefdom of select few and those who raise voice against are ostracised. It's good that some one has raised the issue.,1
facebook_corpus_msr_1804792,S Kumar Kumar dont talk like this. If i started to abuse you cant bear,1
facebook_corpus_msr_1723483,I stand by him.I'm sick of the mentality of the goddamned liberals refusing to address the elephant in the room...we need a few hundred thousand people like him....,1
facebook_corpus_msr_1723926,Maybe bharat ratna also!,1
facebook_corpus_msr_2256394,What issssss that anger ???? Its not a conclusion to be right,1
facebook_corpus_msr_1600561,I am not against BJP but now where is that people who were saying terrorist activities will reduced after Demonitisation? ? So please don't be on path of Congress....,1
facebook_corpus_msr_386018,Same on you mr.  Pm. Jab chair nahi to sab sher the abb billy ho gaye ho.  Saram karo or kitne marwaoge,1
facebook_corpus_msr_2082431,So is je useless or redundant that he has no power on this decision to make or break?,1
facebook_corpus_msr_407777,"We are happy,  don't required your theory,  go and wash your face",1
facebook_corpus_msr_1805061,Yes white boss you made a right decision you did not join with Kejriwal God saved Kejriwal and AAP as well Delhi people from this culprit,1
facebook_corpus_msr_2032254,Why is anti national in quotes?? Is it that being an ISI operative is also ok and that only those dissent at liberals are anti nationals??,1
facebook_corpus_msr_1521778,You got Rss,1
facebook_corpus_msr_1600575,We have seen ur kind of SUR JE KAL strikes so far.......! No need of retaliation hahahahaha,1
facebook_corpus_msr_2407757,"By one stroke it can be reversed. Make it mandatory for all public servants ( leave the politicians) to admit their wards to govt school only. Next comes the next neighbourhood school for all independent of caste , creed, class and religions. In fact once the govt servants are compelled they will ensure the later.",1
facebook_corpus_msr_466223,I am happy to see he speaking for the first time in the last 14 years...He is very smart and intellectual and there is no way anyone can be compared to him...we are so unfortunate to have this kind of people talking for Gandhis but not for country...,1
facebook_corpus_msr_446338,This plan is a huge success for me..if the tax ambit is increased from 2 to 10%,1
facebook_corpus_msr_446812,"There you are, this is not it more to come :D be prepared common 👨",1
facebook_corpus_msr_431189,the most hard working and non corrupt PM ever India got..,1
facebook_corpus_msr_1805286,How a BJP sympathiser will join AAP?,1
facebook_corpus_msr_421993,No One Has Been Able To Accuse The Central Govt Of Corruption: FM,1
facebook_corpus_msr_397806,Just wait and see. We will respond very hard this time at our place and time.,1
facebook_corpus_msr_399182,"Wow great pak army zindabad ..... feelng proud ...
I thnk jab bat ki team ne indian k 2 soldiers ko maara tab india soldier soo rhe the shayad ...
I think yeh toh sugrical strike ho gai :P",1
facebook_corpus_msr_1804987,"Mr.Annaji you dont command any respect now,your hopes of Bharat Ratna is dashed by Arvind Kejriwal and you have been branded as Agent of RSS hence you sleep like Kumbhkarn for 5 year when NDA govt working",1
facebook_corpus_msr_1956961,"The more they criticizes the better he will do, the so called liberal media will actually help him do better by criticizes him",1
facebook_corpus_msr_474406,I am in gulf country I hv money what will I do .....,1
facebook_corpus_msr_233713,Rohit ji or samit ji here siting by compermise just only toking fight on TV out side friends they belong RSS.,1
facebook_corpus_msr_1729682,Wht options left for students when state behaves like this ...thanks politicians for making education a business..,1
facebook_corpus_msr_342368,do something solid and satisfactory pakistan will never change but we have to change,1
facebook_corpus_msr_1956228,As if these things didn't happen at all during the goondaraj,1
facebook_corpus_msr_1805088,"Why do you join aap annaji, u had all ready join with RSS. Bjp.",1
facebook_corpus_msr_32281,Frightening !,1
facebook_corpus_msr_447102,Sir you are a good pm and will always be but when somebody asks me are your problems solved after 2014 I don't have satisfactory answer to that I hope your step of demonitisation will give me a satisfactory answer not interested in blame games weather it is from you or opposition parties,1
facebook_corpus_msr_1723477,"This shows he doesn't have much projects on his hands.
At least something is required to be in a limelight even if one has to use cheap tactics..!!!",1
facebook_corpus_msr_1979942,"One mean news finally,thank you.",1
facebook_corpus_msr_334363,"Killing people is in his blood.
He was also mentally challenged in his teens.",1
facebook_corpus_msr_462613,Dude pay in rouble if it still has value !!!,1
facebook_corpus_msr_445643,"Sir, Bring in the policy one institution one account for every transaction. Every transaction done should be cashless. Nice move to change the indian economy. Convenience should be made for effecting this move.",1
facebook_corpus_msr_2041549,"Totally agree... Undue credit waste if money, whereas those who are actual talent struggling and facing notoriety of casting couch had to leave industry as film makerslike karan johar etc patronize them to leave industry. I would like to tell please stop making bogus family drama movies.🤗",1
facebook_corpus_msr_1805358,"Biased by propaganda,true Gandhian.",1
facebook_corpus_msr_2111362,U r govt is not safe for hindhus,1
facebook_corpus_msr_1805122,According to hazare there is only 1 corrupt party and corrupt leader in India   ak  and aap.         Wrong glasses ? :),1
facebook_corpus_msr_1649503,We request to Indian embassy Riyadh please take action,1
facebook_corpus_msr_1804984,"Has he become just another Markandey Kataju? Giving statements after statements only for TRP. 
Where are his genuine supporters? 
Where is 'HIS' Janlokpal Aandolan? 
.
By now he should have learned that people support AK more than him because everyone knows in India nothing can be changed without power.",1
facebook_corpus_msr_1723971,He can vacate his house from such areas,1
facebook_corpus_msr_445926,"MODI is M-- Man
                O-- Of
                D-- Developing
                I--  India",1
facebook_corpus_msr_1972716,"""President"" ?? ha ha ha",1
facebook_corpus_msr_2018554,"Some of Mira's comments may stem from the judgement that full time mothers face today. Feminism is surely about choice. Child rearing is often a group activity and it is up to all the people involved in rearing the child to decide what role each one of them will play. Sometimes, it's a group; grandma, grandpa, mom and dad; so each one of them is able to do other stuff while spending a part of the day with the child. Sometimes both parents divide the responsibility. Sometimes, one parent prioritizes work and the other one is a full time caregiver. Sometimes you hire dependable help. No configuration is wrong. Economic factors also play a role in the decision. What I find a bit jarring is that she almost seems to shame working mothers for bringing up their children like a ""puppy"". As long as all parties (including the mother) have a choice, then it's all good.",1
facebook_corpus_msr_1723411,"Dear friends..I am  Bangladeshi & I also  a Muslim, I always proud of my religion. Unfortunately shocked me the news thatt was unexpected from sonu ji!   I live behind a temple.. most of time they are celebrated religions functions smoothly!  we also injoy with there. We have no excuse there job. But our azan is absolutely sweet & flexible.  who kip it up his mind he understood the significant of azan. It obviously an encourage all Muslims to pray for Allah!!!",1
facebook_corpus_msr_444122,About deaths.... we sacrificed crores people for freedom. This is biggest revolution after freedomfight. We need sacrifice to defeate biggest cancerof society,1
facebook_corpus_msr_325772,When our nation will rise/walk from the deep sleep. As pakistani daily killing our soldier in the border and security forces and civilian in the country.,1
facebook_corpus_msr_324288,"Thats the best u cud have replied ? Absolutly no
Remorse.",1
facebook_corpus_msr_1775255,It's like BJP mukt south india and CONG mukt north India,1
facebook_corpus_msr_2032315,And the #akhlaq killer was draped in #tricolor,1
facebook_corpus_msr_328572,"Or jihadi Terrorist or wahabi Terrorist?
Or terrorist opposing triple talaq?
One must consider everyone.
What u trying to excuse here , n following same thing",1
facebook_corpus_msr_332532,"Modiji now, Manoj Tiwari will have to become Chief Minister of Delhi, otherwise people will continue to conspire against him on other hand he may himself have conspire to get Z-security ...VERY SMART BHOJPURI KALAKAR",1
facebook_corpus_msr_2018525,"And actually she has never had a career, so her perspective isn't of consequence yet ... her choices are her own but just because a successful actress like Kareena Kapoor works after having a baby and Mrs Shahid Kapoor doesn't it really is of no consequence ... work is not always just a necessity ... it is often a passion and this person obviously hasn't found it yet ... good luck to her :P",1
facebook_corpus_msr_324387,"Only cow is safe! Oh what a government and religion! 
I studied Hinduism for three months but these people are different.",1
facebook_corpus_msr_2041584,Enough of this stupid debate... How come she became successful.... 10-15 years down the line we will see her view on neoptism,1
facebook_corpus_msr_2018520,She said her daughter is not a puppy. Doesn't mean everyone else's kids are puppies!,1
facebook_corpus_msr_419817,"Lol 😂if they open the gates of the  dam, water won't flow !! Maybe they should pump out the water and let it flow to tamilnadu!! That's the only way!!",1
facebook_corpus_msr_1891398,Beauties????,1
facebook_corpus_msr_1723066,So it should be ok to play loud aarti at 5am,1
facebook_corpus_msr_325396,"Now India will start striking back through Twitter haha. Bring Antony back to the position if you people are incapable, he was not an extremist by nature but surely a man of action not words like you people. 56 inch, 1 surgical strike like the end of pakistan haha only good for publicity.",1
facebook_corpus_msr_325702,So when i say india is more closer to Arabic world... Right wing u better open ur mind!!,1
facebook_corpus_msr_1762551,Miralidharan don't be bhagat try to understand what he has to say,1
facebook_corpus_msr_1897735,"JNU deserves it at present because students prefer to fail in this university for years together to have free meals , free accommodation , free sex & politics to get themselves aware in public by Third-rate Medias.",1
facebook_corpus_msr_2032421,huge respect for your love to nation more than family.. Students of JNU & DU have learnt a lesson from this great Father.,1
facebook_corpus_msr_2020814,Was it on zee news😊,1
facebook_corpus_msr_446436,True watever u r saying but still middle class people are facing the problem..,1
facebook_corpus_msr_331418,Tanzeb Khan People Like You Always Put Religion Above The Country That's Why Muslims are Called Traitors and Hated. Just Look at Yourself What Erdogan Said He is a Pro Pakistani Who want Kashmir for Pakistan and Always Support Pakistan Despite the Fact Still You are Praise Him Calling Sir. LOW LIFE PEOPLE!!,1
facebook_corpus_msr_334338,The Great Powers should avoid such dangerous inhumnan dramas to happen in the society.. . it creates bad results on one's health,1
facebook_corpus_msr_497184,Well first of all muncipal corporation need to keep cows off the streets. Its cows owner's responsibility.,1
facebook_corpus_msr_1622382,"It is greatest among all toppers .. Toppers among toppers ..I am general category guy , I say Dalits scientific skills are equivalent to westerners. It is this science views saving India from poverty , illogical thoughts , black vs white divisions etc... IT workers cannot even missile , so we have to rely on science .",1
facebook_corpus_msr_469241,WHEN EVERY INDIAN HV TOILET ? AFTER 200 YEARS AS 65 CRORES INDIAN USING SKY ROOF AS A TOILET .,1
facebook_corpus_msr_1906946,Just Two school student Fights and this Prestitute naming it Communal...!!!,1
facebook_corpus_msr_445665,"Why suddenly this new topic has become everyday talk,it was not being talked for many months.... It can not be sudden plan. But, demonetisation and sucking out money, like this not a solution and also no concern for poor and middle class running life with hard cash, Sir. Digicash is good and easy, but not a mass solution for our nation.",1
facebook_corpus_msr_456418,webcasting only technical issue imagine how the bikes technical issue would be god save bajaj :),1
facebook_corpus_msr_436027,"There r over 7 lakh people protesting in a silent way in the second longest beach of the world !! - THE MARINA, CHENNAI !! #BanPeta #JusticeForJallikattu",1
facebook_corpus_msr_2137914,Everything long term here. May be the results will be seen after 70 years as they have to undo the doings of the past govt in the last 65 years.,1
facebook_corpus_msr_448426,"Looking at comments section, I am convinced that pro demonetization people are unbiased just because their intelligence...",1
facebook_corpus_msr_378976,"M to samajta the ki bjp wale bolne se jyda kaam karne m faith karte h ,,,,modi ji k hoye hue bs bdi bdi baat karna achha nhi lagta ,,jawab dijiye ,,,ab do or die karna ka time ho gaya h or ab bs vahi honi chahiye",1
facebook_corpus_msr_1525100,^then you should get 14 injections,1
facebook_corpus_msr_1737146,Watch the video before writing such stupid title.!!,1
facebook_corpus_msr_326841,"Ur people r desecrating holy Quran, the peace msg of Islam",1
facebook_corpus_msr_444381,"Where he is barking , in lok Subha or on road ?",1
facebook_corpus_msr_1561830,Just shame Mr MLA  one day when you're not in power you will face same treatment till wait,1
facebook_corpus_msr_432792,No bdy knows about villagers they r going to dead 💀 why he is great pm give me reason???,1
facebook_corpus_msr_466358,"See who is saying this , DId u have taken permission to speak😂",1
facebook_corpus_msr_1561808,"Misbehavior of MLA's is nothing new. In the presence of Public they want to show their authority to gain popularity.
The Police was acting  as per the law. To interfere is like diluting authority of law agencies. He could have discussed the issue with the lady officer instead of acting foolishly.",1
facebook_corpus_msr_872352,Drama,1
facebook_corpus_msr_1521896,Live and let live.If somebody hits national interest because of religion..take care of him/her,1
facebook_corpus_msr_2018580,This is what mom shaming means. A mother is not just meant to stay home. We are meant to show our kids we too can contribute to society and economy and can hold our own in the Board Room.,1
facebook_corpus_msr_115483,By cherry picking and posting the answers of dropouts and ignoring the ones who have said positive?,1
facebook_corpus_msr_1805080,he is a half learned and biased view person.....his views r now a days baseless.....it reflects his biased view  and one sided thinking,1
facebook_corpus_msr_1804993,And Modi has fulfilled your hopes by constituting LOKPAL....your main motive towards India-against-corruption agitation was to depose the congress government.....,1
facebook_corpus_msr_1735785,Die ..Instead of helping equality ..Everyone wants to be spoon fed ! Pathetic,1
facebook_corpus_msr_2029814,Is this our democracy??? Incorrect,1
facebook_corpus_msr_325053,Now nothing to do by your explanation who know its was Cow Meat or some other Meat its was told by your Restaurant Friend that its Beef ( Thats all Mam ) The whole nation has seen your Video. Now where are those so called Gau Rakshak those idiots why dont they ask her in this regard ?,1
facebook_corpus_msr_1799441,After paying so much bribes to officials where there is money for good material,1
facebook_corpus_msr_328345,]BLACK MONEY CONVERTED INTO KAAL SARP YOG INTEAD IMPLANT IT INTO THE EARTH IN THE FORM OF PLANTS.,1
facebook_corpus_msr_362752,...and we thought the talented guy who posts your b grade news; is on leave! Lost your credibility to be responsible yet again.,1
facebook_corpus_msr_1979684,"Dear Indian Express,
I feel sorry to write that your journalists are out there to misinterpret events and present them in a distorted manner just to make some sensational headlines. The news about upcoming singer Nahid Afreen has been prepared without proper research and investigation. It was very sad to see that your journalists don't even know the difference between fatwa and appeal. 
A fatwa is a non-binding legal opinion issued only by a qualified jurist (Mufti) on a request by someone who is unable to understand religious guidelines whereas the leaflet that is being circulated and presented as Fatwa is just a hard copy of an appeal signed by 46 men who believe in religious practices. The merit of appeal can be discussed on many grounds and in many dimensions but first and foremost, an appeal can not be called a legal opinion (Fatwa). 
We expect apology from your side for such a mistake.",1
facebook_corpus_msr_444004,"Who doesn't understand your thoughts they have brain tumour, they never understood",1
facebook_corpus_msr_1762583,How by anti romeo squad? Or bashing by goons in the name of religion.,1
facebook_corpus_msr_334396,Now after killing Bhogi had become Yogi And in process Yogi had become Bhogi,1
facebook_corpus_msr_1805716,"SIR, SORRY YOU HAVE CREATED MONSTOR FOR INDIA-WE ALL HAVE TO PAY BUT BAD DAYS  WILL BE OVER WITH MR MODI TEAN, PL DO NOT REPET MISTAKE AGAIN",1
facebook_corpus_msr_1833358,An innocent citizen of India was murdered by a gang of thugs in Rajasthan!,1
facebook_corpus_msr_408514,"PLZ PLZ PLZ PLZ SHARE THIZZZZ
If u want to give justice to DAMINI's soul,,,,than follow this n share this,,,

write a letter to PRIME MINISTER'S OFFICE, NEW DELHI with this content,,,

""WE WANT JUSTICE, if u can't do this than leave your post""

address of PMO:-
South Block, Raisina Hill, New Delhi-110001
Phone +91-11-23012312,23013149 Fax +91-11-23019545, 23016857

after doing this,,,, pls cmnt ""WE DONE IT"" on this post at the page
TARGET = 2,00,000 cmnts 
http://www.facebook.com/pages/We-Want-Justice/120683381432168",1
facebook_corpus_msr_420678,"Total wrong turn by modi ji because he has cases of instigating communal riots ,attempt to murder cases proving modi ji to be the greatest liar of the century as he promised to open a fast track court supervised by supreme court so that  criminal politicians get into jail within one year...",1
facebook_corpus_msr_2379923,Thank you Delhi Police. Our West Bengal Police should treat Jadavpur University students the same way,1
facebook_corpus_msr_379303,The political leaders will say that it is so bad . We will take revenge.  But they will not.  Many more army men will die.,1
facebook_corpus_msr_324364,Meanwhile Uttar Pradesh chief minister Yogi introduces Cow Ambulance :(,1
facebook_corpus_msr_1902063,"Who let the dogs inn, the hospital.. :) . If any chicken comes to your home would you send it back with greeting or would you cook it..",1
facebook_corpus_msr_2018612,HAHAHAHAH Why is this person making the news?,1
facebook_corpus_msr_445889,"Modi ji, Can you declare all Rs 500 and 1000 notes deposited  by political parties/temple trusts waqf boards to be zero value ????
This money is not the earning of political parties or trusts but donations. No person cal claim as thier own.. 
comnpare this with counterfeit money donated to political parties by cash ....can they clain it as legal tender? Demonetied notes are also not legal tender jusy because political parties are depositing it. 
Can you answer in your nex Man Ki Baat.....",1
facebook_corpus_msr_1956978,"Two spokesperson will do the talking, two deputy CM to immediately take over if required, but danger lies with arrogance of spoke persons.",1
facebook_corpus_msr_470602,When Demonitisation takes place it means economic conditions are poor,1
facebook_corpus_msr_1919932,It is nor a surprise. None of the Governments (Congress or BJP) ever bothered about Aam Aadmi and this was the first time that AAP brought Aam Aadmi in front on stage with full respect and both large National parties did not like this. Other parties always wanted people like Ambani and Adani in front of the stage.,1
facebook_corpus_msr_1689899,Relience jio is best....but still jio network not covering all area of assam...i think jio would take quick initiative for all place of assam,1
facebook_corpus_msr_2111247,"Wtt protest ha who tld c there were 3500 thousnd people idiit hhahahah and oky iy rss did bandh ha for disturbng studnt while right xam if rss and bjp and supprtng india it shud nt done bandh bt thr bandh was fail no one cared abut the bus,collage ,school,shop were in there daily work bt the prblm was people afraid of RSS terrirts party thy r nt human right thy idiot who cme spoil peacrfull india",1
facebook_corpus_msr_2032043,But in contrast kashmiri milltants families gloryfy their death and call those terrorists martyrs,1
facebook_corpus_msr_1945495,"See bhakts trolling cos they haven't got courage to reply it with logic....chetan ""bhagat""....haha",1
facebook_corpus_msr_463832,"Now itself u reached from 23-35 k what will be ur price on 1+4 with water proof,hifi audio,good low light photography & 2-4k display",1
facebook_corpus_msr_1736991,"I cant respect peopl not respecting others:-)""-) bt respect u as my senior.. doc.. teacher.. as always.. 
ofcourse nt as moral or political analyst or patriot",1
facebook_corpus_msr_1723735,Let him shut his ears and sleep. I live near Darga and not a single day has it annoyed me.,1
facebook_corpus_msr_1805237,HIS BUDGET... IS FINISHED  AND HE IS PLANNING  OR ASKING FOR FRESH BUDGET,1
facebook_corpus_msr_431262,Only one community opposing him please understand guys and wakeup support BJP,1
facebook_corpus_msr_1805600,Because you have already CHELA of bjp rss,1
facebook_corpus_msr_472960,"Shaik abdul, people like you want spoon feeding, you guys don't even want to move a finger to help.  People like you are eating this country up.",1
facebook_corpus_msr_322614,"Atleast we show reality what happpens.....
but pak media & army keeps their people in denial mode.... 😂",1
facebook_corpus_msr_1723327,"I Collected All U Three Dude
I Didn't pointed You Only.",1
facebook_corpus_msr_445144,"The goal was to attack on black money.
Change of goal digital money. Hahaha hahaha.
What a speaker. Why he is avoiding parliment.",1
facebook_corpus_msr_429362,Jio made other telecom players to cut data prices ... so far they were looting us ....thanks a lot sir,1
facebook_corpus_msr_450770,Deposits of old notes in accounts of political parties exempt from income tax http://www.livemint.com/Politics/83hSnXRdZmz3K7RAfxPxVK/Deposits-of-old-notes-in-accounts-of-political-parties-exemp.html,1
facebook_corpus_msr_469416,tier 1-6 cities only -A TO C CLASS CITIES ONLY -DRILL,1
facebook_corpus_msr_1649490,Jwala Prasad She is always there to rescue hindu workers in Gulf countries.,1
facebook_corpus_msr_331039,"The same mistakes when Mr. Vajpayee ji was in power, they paid the price for mocking and humiliating a lady.",1
facebook_corpus_msr_671968,POLITICS ISNT FOR THE HONEST... THIS IS INCREDIBLE NEW INDIA ..WE ALL SHOULD BE ASHAMED OF #LongLiveRevolution,1
facebook_corpus_msr_2111377,look who is talking? a commie!,1
facebook_corpus_msr_445742,"Villagers are not much corruption at this point, transactions and spending are less than 10k per month so currency is ok for villagers",1
facebook_corpus_msr_333040,Pankaj Nandeshwar people against whom baba sahab fought whole life to bring honour for oppressed class who were being humiliated for time immemorial by these people today to get the votes of dalits they r showing themselves proponent of baba sahab,1
facebook_corpus_msr_444019,If Mr MODI is so keen on eradicating corruption and black money than why doesn't he stop cash funding to political parties and why political parties are not brought under RTI,1
facebook_corpus_msr_445767,"Not have any mind he is prime minister ::;;;;;of our country feel a shame ::: good his job but he wht think of poor people :::: we are poor people working in others country """""" wht he do of us ::: nothing change our sallery bug everything change oglf good ""'' talking about past::why no talking about now and futcher",1
facebook_corpus_msr_1887258,I am not aware of compulsory military training or draft expect during war. in US.,1
facebook_corpus_msr_1525368,Killing them for fun is cruel but killing them for food is normal.. There's no hypocrisy. It's just logic...,1
facebook_corpus_msr_2126996,How do we call it massive.SS is just three seats ahead of BJP,1
facebook_corpus_msr_331427,You are right.  This guy is trying to change Turkey into an Islamic state and unfortunately he will easily succeed because of the Muslim mentality.,1
facebook_corpus_msr_1906960,"State elections are nearing in gujrat....
So d preparations r on..
Gujrat model",1
facebook_corpus_msr_329991,And naxalites praises antinational  NDTV. The enemy within the nation.,1
facebook_corpus_msr_115493,Then you haven't seen the world. You limited yourself into a small stream of reviews.,1
facebook_corpus_msr_451804,This guys competing with Ducati Diavel i guess >>>? All the best BAJAJ,1
facebook_corpus_msr_324367,"corrupted state so sorry for the boy  , let the dynamic CM think about the needy n the poor forget cow",1
facebook_corpus_msr_445592,At least ..some body have some gut's who have a courage to change something who never did in the history in favour of our country .. admiring personality Mr modi.,1
facebook_corpus_msr_1946834,"These types of maulanas are not the maulanas in itself. People who spoke venom against any of the religion will never be right. 
And i am with our CM Yogi G. 🖒",1
facebook_corpus_msr_2175504,"I think it was an alien,  who,  acted well In. Pink.  
You butthurt.  😂",1
facebook_corpus_msr_1797827,"Yes, we all know the cost to buy MLA.",1
facebook_corpus_msr_2260879,Yaaa weed helps people in art and craft😂😂😂😂,1
facebook_corpus_msr_2127015,What happened to Indian Express... Please don't stoop to such sycophancy. Doesn't suit your status.,1
facebook_corpus_msr_1714364,Lakti Ningthou... Better is you to write the script of mahabaratha... And may complete the cast. You kick out fool.... You know mt vasudevan the script writer had studeid of mahabaratha for 20 Years... And i hope you would not have better experience than him... So please. Realise the controversy....,1
facebook_corpus_msr_450645,Great leader of the nation.  Who is criticizing they will,1
facebook_corpus_msr_425666,"we belong to zoological park ...tarzan community "" 
recommends smile for success even when you are seated in a hot seat ..400 degree celsius -just smile ...best dress you wear .",1
facebook_corpus_msr_445817,"So many innocent people died in queue to get their own money who gonna take responsibility of them ,And Mr  Prime minister just showing crocodile tears in front of BJP bhakts",1
facebook_corpus_msr_1735827,Nothing to do with the reality - just wants to hold on to power,1
facebook_corpus_msr_1723654,If you sing vandemataram and killing innocent people will not count as a nationalism. leave the hate speech like this and try to unite all people for the strong India.,1
facebook_corpus_msr_442841,Plz I beg u plz maintain d standard if pm .. prime minister of republic of India .. z plz  🙏🏼🙏🏼🙏🏼🙏🏼🙏🏼🙏🏼,1
facebook_corpus_msr_445577,then y u r not aggree to be under RTI,1
facebook_corpus_msr_1723220,"I am in perfect agreement with Sonu Nigam. No nonsense now .we had enough during regime of ""votebank-loving"" parties and their appeasement techniques but no more nuisance now. Let's come out in open and raise our voices open ,loud and ,clear. Only mosques have been allowed that audio system ,and no other religion, so why not talk specific and shout collectively against it.",1
facebook_corpus_msr_497182,"It's a simple logic guys, villagers or cow owners don't get benefit rearing cows until their natural death, so they had to sell to slaughter house for their benefit, or else left them outside of their own. Who is gonna take care of animals which if of no benefit, and population of cows eventually rises. Do some math guys, think also for those farmers, guys here talking with big mouth does not have those sense of hard work required to rear an animal",1
facebook_corpus_msr_451792,"Some one is also talking along with Rahul Bajaj .,the person is in hurry to leave the launch",1
facebook_corpus_msr_1722978,"Lol, good observation Nitin and I agree with you but Azaan is actually 'given', not 'sung'.",1
facebook_corpus_msr_1722962,"Mohamed Pasha 
Years (say before 100 years) loud speaker was not used before Azan. Why should it be used now ?",1
facebook_corpus_msr_381846,waiting for indian govt. to say kadi ninda for this act,1
facebook_corpus_msr_451864,The bike is specially hand crafted for people who work at night,1
facebook_corpus_msr_1723541,Disagree all you want. Don't attack those you don't agree with. This shows your rant and intolerance.,1
facebook_corpus_msr_1723826,"He is right in my view.. prayers are made by heart no by loud speakers..
If honking is against law then miking should be toooo",1
facebook_corpus_msr_445595,Demonitization will b successful only wen we get rid of pollution.. Traffic.. Only wen we have good roads..transportation and infrastructure..real estate bubble shud burst...aftr payin so much tax..  A common man expects atleast this much..,1
facebook_corpus_msr_331414,"Guarav K that is there internal matter Same like kashmir is internal matter to us and he didn't funded or supported Isis it is usa who has supported it and Russian president putin had many times given open statements regarding this issue. 
For many muslims all around the world he is a good leader and it's up to you if you want to hate him then you have total rights to do that...

Few examples of his work... 

What you should know about Turkey's President, Recap Tayyip Erdogan:

The Turkish economy between 2002 and 2012 caused a growth of 64% in real GDP and a 43% increase in GDP per capita.

Erdoğan inherited a debt of $23.5 billion to the IMF, which was reduced to $0.9 billion in 2012. He decided not to sign a new deal. Turkey's debt to the IMF was thus declared to be completely paid and he announced that the IMF could borrow from Turkey.

In 2010, five-year credit default swaps for Turkey's sovereign debt were trading at a record low of 1.17%, below those of nine EU member countries and Russia.

In 2002, the Turkish Central Bank had $26.5 billion in reserves. This amount reached $92.2 billion in 2011. During Erdoğan's leadership. Inflation fell from 32% to 9.0% in 2004.

Under Erdoğan's government, the number of airports in Turkey increased from 26 to 50.

Between 2002 and 2011, another 13500 km of expressway were built.

For the first time in Turkish history, high speed railway lines were constructed, and the country's high-speed train service began in 2009. In 8 years, 1076 km of railway were built and 5449 km of railway renewed.

Erdogan put greater investments into the healthcare system than any predecessor. As part of the reforms, the ""Green Card"" program, which provides free health benefits to the poor.

Erdoğan increased Education spending from 7.5 billion lira in 2002 to 34 billion lira in 2011, the highest share of the national budget given to one ministry and number of universities in Turkey nearly doubled, from 98 in 2002 to 186 in October 2012.

In 1996 1$=222 Lira and in 2016 1$=2.94 Lira, even after the recent turmoil. Indian fooled by Saffron gay gangsters government....",1
facebook_corpus_msr_1723603,All loudspeakers shd be banned.  They r a public nuisance.  The worst is non stop blaring during durga puja etc.,1
facebook_corpus_msr_2379870,Preeti Rawat are you a reserved candidate 😂,1
facebook_corpus_msr_507233,"Sh.Arun Jaitely must be strict in financing Banks he should not infuse more tax payer's fund as we have already lost 1.14 lac Cr in NPA  ? instead he must give this money to 1) """"START UP"""" projects to be run by Engineers / doctors/ medical / student to be supervised by retired alumni / experts of the field.  2) He should not allow import of unnecessary material from china sticker, elect items etc. 3) stop import of Gold? when we have enough gold in India . 4) must reduce Interest rate charged to borrowers he must check Cost of Funds mechanism + 2 or 3% as management fees on Cost of funds not more than that. so it will be available @ 10 to 11%  5) Why PSU nationalized banks do not open Demat account with minimum charges? 6) he must finance Sea Water desalination plant  (UAE) to get water when there  is shortage of water ( no rain) and must be taken to drought hit areas. 7) instead of selling Old Railway compartments as scrap  they must send it  to remote areas to connect small small villages under  local  control administration. 8) make foolproof EVM machines with finger prints at the time of verification before vote and should match same time while voting.",1
facebook_corpus_msr_2082725,Wtf,1
facebook_corpus_msr_1723602,It's really hurting to hear such a nasty thing from you pointing an accusing finger at a particular community. ..Learn the lesson of religious tolerance  India being a secular country is hailed  by many foreign countries. ..such comments only add fuel to the fire..You should desist from commenting  in a partisan manner...,1
facebook_corpus_msr_1724025,"Prayer of the Muslims.. They pray early in the morning 4 o clock using loudspeakers,  to which Sonu has a problem because of noise pollution..",1
facebook_corpus_msr_1804834,@Ahamad shut ur polarizing mouth n speak on triple Talaq!!! Wen u talk on other external affairs then y dont u speak ur inner sin?? Beta Jab Anna ji ko bolre ho to soncho kitna tum honest ho??,1
facebook_corpus_msr_1735831,exceeding of 50% reservation seats will be banned by the SC again. dont worry my Gen. caste friends.,1
facebook_corpus_msr_450867,Why compare old days...we not choose you for crying for past....be in present,1
facebook_corpus_msr_445647,If he wants political mileage why he will do such thing soo plzz understand the intention of our pm.. don't fall for the fake development of past and welcome pure long run and real development which is the vision of our best pm,1
facebook_corpus_msr_446242,No one can beat modiji.he is in a class of its own.now one can hope for a brighter India .,1
facebook_corpus_msr_2073715,"Mr saravanan balakrishnan 
Is it the way you tont a person with his religion? 
Don't try to devide the country in religious  lines.",1
facebook_corpus_msr_444478,ha ha ha...PM face is terribly worried....no clue to what to do...how to give reasons,1
facebook_corpus_msr_446593,No other leader has the guts to get this bold... and historic decision done.. it's a very well thought strategy.. burnol moment to all the sickulars ..,1
facebook_corpus_msr_2127060,Is  this  English  version  of  desabhimani,1
facebook_corpus_msr_503508,"Dr. Raghu Ram Rajan was defenitely an intellectual and genius. That is the reason he became Indias RBI governor. But when it comes to performance, I think, he could not deliver what India expected of him. He took charge as RBI givernor when India was on a take off line. But the governor failed to press the accelerator . I think he was rather keeping his feet on the brake.
 All genius are negatively oriented.",1
facebook_corpus_msr_1723199,"Come on guys. He has a point and I agree with him. I am a Muslim and if I want to, I will go to the prayers even if there is no azaan. Why should others get disturbed by it? But yes, the same rule should be followed by everyone.",1
facebook_corpus_msr_445656,People who question his degree should know that he thinks far better than lots of highly educated folks who either keeps mum or scare poor citizens.,1
facebook_corpus_msr_325785,India's response should be simple attack a rangers camp and   mutilate 4 soldiers in return LOL. If you do not have the capability to do that just go and shave somebody instead,1
facebook_corpus_msr_463937,"Rahul new guru is Arvind Kejriwal, god knows which is good joker ,  why they do not apply for Pakistan PM",1
facebook_corpus_msr_331629,Don't you proof read your stuff?? Stupid NDTV.. 56 Billion? Seriously???,1
facebook_corpus_msr_1805058,Shanglu's report has exposed the real face of Kejri and working of AAP.  Naturally Anna is disappointed.,1
facebook_corpus_msr_1897745,I think due to last year's episode,1
facebook_corpus_msr_379231,"Open retaliation is must not commando surgical strike operation .
Direct attack on Pakistan is must and kill 1-2 lac soldiers of Pakistan.",1
facebook_corpus_msr_466222,Let's see who will apologise... i wish it works but it will not... I can see the poorest implementation  in the whole process...,1
facebook_corpus_msr_2383819,"BJP is committing the same mistake that they did in Bihar,they announced a CM face in Assam and won comfortably, I think BJP should announce a CM for UP",1
facebook_corpus_msr_1590133,It looks ridiculous.,1
facebook_corpus_msr_429832,"WHOSE JOB IS TO SOLVE FOLLOWIING PROBLEMS or WHOSE FAILURE ----

 Approx.10000 Police Stations out of approx. 15000 Police Stations across country are in Rural Areas.

 Approx. 5 Lakhs police posts are lying vacant in sanctioned strength of Approx. 22 lakhs Indian Police Force at National Level. 

 Only 10 vehicles/ 100 policemen at national level at National Level.

 Approx. 188 Police Stations do not have vehicles at National Level.

 Approx. 402 police stations do not have Telephone Lines at National Level.

 Approx. 134 police stations do not have wireless stets at National Level.

 Approx. 65 police stations do not have both, Telephone Lines & Wireless sets at National Level.

 No Special Mission/ micro-mission in relation to Prison Department in-line with ‘Indian Police Mission’. ]

✔ OUTCOME :: HOW WOMEN WILL EVER BE SECURED ??? IS IT ONLY STATE'S FAILURE or BOTH (CENTRAL & STATE) ARE EQUALLY GUILTY ??? WHY SELECTIVE !!!!?????✔",1
facebook_corpus_msr_1723876,Senseless...,1
facebook_corpus_msr_2073718,"mr perveaz, great PM lal Bahadur was uneducated, nehru was foreign educated so he like mount baton more than SINDH so he gave away sindh to jinnah like he was surrendering his pocket money. patriotism is important not HARVARD",1
facebook_corpus_msr_405461,All the diesel and petrol are being mixed with kerosene ...so our vehicles Do not last..,1
facebook_corpus_msr_322605,Bsf have no money to feed their soldiers but can spend so much on tribute to say good bye to a dead body.,1
facebook_corpus_msr_381996,अब कुछ एक्शन नही लेंगे बस यह इंडिया है भाइयो यहा सब होता है जेसे कही दूसरे देश मे हो जाय तो तुरन्त एक्सन लेते है ये इंडिया है यहा सब होता है मे मोदी जी से रिकवेस्ट है किसी मा का बेटा शहीद होता है तो उसकी मा से पूछो क्या फिलिंग होती है ओर हम न्यूज़ मे देखते है तो खून खोल उठता है फिर मे तो यही कहना चाहुगा आज की रात से ही एक्सन ले नही तो आज से कोई सी पार्टी का सदस्य नही रहुगा ओन्ली nota वोट रहेगा मेरा,1
facebook_corpus_msr_443056,he makes more money in 1 hour than you make in entire year,1
facebook_corpus_msr_1945474,The same guy who was beaten black and blue by Sharukh Khan in a party???,1
facebook_corpus_msr_584580,He is cheating Idian public,1
facebook_corpus_msr_2243848,"dont see Mayawatiji's statement with communal angle, see her statement from the angle of seeking for justice and good administration, BJP,SP ruined it badly, its time to fix it.",1
facebook_corpus_msr_507254,Planning to do a documentary film on how builders thugs a common men like you & me need advise.,1
facebook_corpus_msr_444365,Effects of demonetization will be clear in coming 6 months but the implementation was very poor,1
facebook_corpus_msr_464551,We all are finished as our money n accounts are Freezed so does the country Willy survive.,1
facebook_corpus_msr_322712,I think nda Government is more responsible for our soldiers dying at daily basis then ndtc,1
facebook_corpus_msr_394625,"Aijaz Faruqi 
What is the website name f169? Lol and you believe in them... I understand ur too much smart",1
facebook_corpus_msr_450488,"All those who do not appreciate,  are just exposing their intent and maturity. ..",1
facebook_corpus_msr_1893377,You have nothing to say about the misfortune of this lady. Is  triple Talaq linked with Modi banning alcohol or not,1
facebook_corpus_msr_408515,"we cannot stop crime against women by making Laws...Why we r not asking to wine...? why v r not asking to ban porn websites...? wine is the main cause of road accident, domestic voilence,rape & many big crimes.. what is the use of porn websites...?",1
facebook_corpus_msr_1972730,Rahul rahul rahul and mama boy with papa boy....,1
facebook_corpus_msr_1723475,"Morning aarti at daybreak is a practiced Hindu ritual in all temples just as azaan is in mosques.In every religion emphasis is laid on morning prayers to start the day by remembering God.with the growth of population both mosques and temples have to use loudspeakers to reach maximum number of people.In today's busy daily life people have to rise before daybreak to be able to get ready for office,school or for walk or exercise.for years there has been harmony and camaraderie but what has happened suddenly in the past three years that intolerance has become fashionable?",1
facebook_corpus_msr_2203245,Ha ha ha she know nothing about politics and she will vote for BJP..ohhh ya now BJP is the only party in India which is certified by ISI 😜,1
facebook_corpus_msr_1521852,Is that all you got to say ?,1
facebook_corpus_msr_2111245,The why bandh in needed if people doesn't want to attend stupid,1
facebook_corpus_msr_1804912,Ppl are not ready to be fooled ny AAP so quickly second time.,1
facebook_corpus_msr_334329,And halala too.... Hiw can u forget HALALA ....While speaking abt Triple Talaque.... Halala is d only motto of maulvi. True ?,1
facebook_corpus_msr_450533,"youre the best pm go ahead ,dont stop we ''re with you tahaku sir modi nex",1
facebook_corpus_msr_1805370,I think This old man is sick. He needs rest,1
facebook_corpus_msr_450947,Why have we not questioned the corruption by previous government from the time we achieved Freedom. I am a common man and salaried. I have been using my debit card and bank account for transactions...dont blame it on this man who has the guts....,1
facebook_corpus_msr_1723094,Every day dear with full voice,1
facebook_corpus_msr_451386,How can congress dare like this what is law and order doing is it sleeping,1
facebook_corpus_msr_1714341,check the fight scene of 56year old...  which u cant do in ur young age...  he has done this actio scenes without any dupe,1
facebook_corpus_msr_334172,can Sonia think of anybody beyond Rahul to lead the party through election?,1
facebook_corpus_msr_420657,"Yogi Adityanath, BJP could have opted someone else. Its UP not VHP. The way this man has given aggressive statements, it makes him only suitable for VHP & Bajarang Dal and not for CM post that too of UP. BJP has made an arrogant move. I am a supporter of BJP but not for this move.",1
facebook_corpus_msr_443051,warren you are selling fruit jam .....we are beer lovers,1
facebook_corpus_msr_451734,Not sure whether it's a bike launch or exorcism !,1
facebook_corpus_msr_1561874,Don't loose to these gundas who rules us!,1
facebook_corpus_msr_456133,"strange, already taking questions without any price announcements. This whole event is a colossal clusterfuck",1
facebook_corpus_msr_1805650,Now he works bjp,1
facebook_corpus_msr_1521943,Eat cow meat very tasty,1
facebook_corpus_msr_1887273,India is a country of billions of people... Where millions of them r ready to serve d nation.....,1
facebook_corpus_msr_2032097,The last rites Should be performed.,1
facebook_corpus_msr_671849,"why didn't they asked Modi ji ,on loosing in Delhi , Bihar and Punjab?",1
facebook_corpus_msr_1510214,Another rice bag convert,1
facebook_corpus_msr_1649505,Wat   plaease  take  action      s   ir modi,1
facebook_corpus_msr_1537020,Fit for nothing,1
facebook_corpus_msr_466263,N i don't trust politicians. Even if it was a blessing I don't think I will ever be able to afford to buy a car tht costs in millions.,1
facebook_corpus_msr_350464,Dear irfan do not use such kind of language on social media just mantain your dignity.,1
facebook_corpus_msr_2115220,Indians can have faith in u Virat because u r not Narendra Modi.,1
facebook_corpus_msr_443251,Hey i live in NCR...i have not seen 500 rs note😣,1
facebook_corpus_msr_2073817,Gadha is more hard working than man,1
facebook_corpus_msr_469664,What manmohan did was fir generations not for himself. People with short sight will never see that. If given right I will choose him again and again. For ur kind information indias true nuclear potential will be achieved bcoz this man faught with everyone in this world formally and diplomatically to get india what it wanted and the entire world was shocked how india got the nuclear treaty signed. He waived off loans of the farmers who are the backbone of this economy not like the current pm.who waived off 7000 crores of just 63 people. There is a big gap when it comes to how an economist thinks for a nation and how a greedy politician thinks.,1
facebook_corpus_msr_2032179,huge respect for your love to nation more than family.. Students of JNU & DU have learnt a lesson from this great Father. Finally terrorism has no family too.,1
facebook_corpus_msr_324658,looking at the comments i sometimes get confused is Ndtv an INDIAN channel or Pakistani😒.,1
facebook_corpus_msr_1804992,"The biggest disservice to the nation by Anna Ji was promoting
 Kuljiwal. For his mistake he must observe one day fast at Jantarmantar and seek pardon from Delhites",1
facebook_corpus_msr_1723129,"He talked against bhajan and kirtans from temple and Gurudwara too. But only if media reports whole story or people try to find out on their own, will u be able to take rational decisions. Btw what's with defeated soul? His soul is defeated, are u the judge in these matters? Taken precedence over God ?",1
facebook_corpus_msr_1979701,"http://indianexpress.com/article/india/fatwa-issued-against-reality-singing-star-nahid-afrin-by-42-clerics-4569825/

Dear Indian Express,
I feel sorry to write that your journalists are out there to misinterpret events and present them in a distorted manner just to make some sensational headlines. The news about upcoming singer Nahid Afreen has been prepared without proper research and investigation. It was very sad to see that your journalists don't even know the difference between fatwa and appeal. 
A fatwa is a non-binding legal opinion issued only by a qualified jurist (Mufti) on a request by someone who is unable to understand religious guidelines whereas the leaflet that is being circulated and presented as Fatwa is just a hard copy of an appeal signed by 46 men who believe in religious practices. The merit of appeal can be discussed on many grounds and in many dimensions but first and foremost, an appeal can not be called a legal opinion (Fatwa). 
We expect apology from your side for such a mistake",1
facebook_corpus_msr_436238,Ask 100 people what their jio phone number.. not even 10 guys remember.. Jio is gonna close down the day it starts billing..,1
facebook_corpus_msr_1978717,An appeal is bad when it is sex appeal,1
facebook_corpus_msr_1582253,His philosophy is as dead today as it was before.....,1
facebook_corpus_msr_466245,Wise men don't speak at every conversation they speak the right words at the right time and he spoke wht is true.,1
facebook_corpus_msr_334458,"He is now desh bhakt & not criminal also...B,coz he join bjp.",1
facebook_corpus_msr_431198,guys prices sore.. this year so whoever supports him must realize that what ever stats he says is imaginary figures,1
facebook_corpus_msr_431833,Such a good PM. These people don't want any development in the country.,1
facebook_corpus_msr_331299,After so many years we feel now we are majority in india. Thanks to modi govt.,1
facebook_corpus_msr_367717,"http://postcard.news/must-read-world-economic-forum-releases-survey-indian-media-results-shameful/
Indian media spoiling faith of people,as we know Indian media qualitatively failed....",1
facebook_corpus_msr_2280120,So it's not just the US (or Trump). Even the Muslim Brotherhood is also banning the extrimist breeding countries.,1
facebook_corpus_msr_2065432,Confused so called intellectuals,1
facebook_corpus_msr_2032157,We need more people like Abrar.. forget about all... But when motherland comes first before anything.. thats called nationlist n patriotism..,1
facebook_corpus_msr_1521927,Slogans of secularism means slogans of anti Hindu,1
facebook_corpus_msr_444622,"We like your initiative step but we r not your party fans or your, we r optimistic and we r expecting atleast something good to be done for Indian people. Message for other people who hate him: Don't go by party or religion, you r all educated, you may not support him but atleast do not make negative comments, please respect his decission and thoughts towards curruption less and developed India.. Jai Hind..",1
facebook_corpus_msr_1723025,Adesh man too Durga Nag Mandir Sonwar Shankaracharya Mandir Dalgate its on a hill top but the chants can be heard bythe people living on foothill. Rambagh mandir habba kadal mandir ganpatyar mandir just yo name a few in a tiny city,1
facebook_corpus_msr_1922806,"irrespective of any political party,,,,, whoever politicians do such nonsense , has to punish,,,,,",1
facebook_corpus_msr_464943,No banking license to Satin so far..what will be the future..,1
facebook_corpus_msr_1723122,If you Lizzie want to learn sarcasm you have to learn English first,1
facebook_corpus_msr_1735797,"TRS downfall is inevitable, if this bill is passed. They will be digging their own grave for this act of vote bank politics. JAI HIND",1
facebook_corpus_msr_1561835,"MLA'S, think they have all rights to abuse anyone, shame on them",1
facebook_corpus_msr_1805327,Anna ....my foot . ...,1
facebook_corpus_msr_2127007,Massive win ??wat the hell ??BJP gain more that 50 seat compare to 2012 where as sena gain less than 9 seats,1
facebook_corpus_msr_1731679,"You should try,LaluG",1
facebook_corpus_msr_450838,Please guys... stay patience.... we will see... we waited these many years... why can't we wait for few more months,1
facebook_corpus_msr_1805175,Ask your national leader to give next president post for your underworld job done to throw the congress,1
facebook_corpus_msr_1805631,He is BJP agent,1
facebook_corpus_msr_115487,But the statement remains true. IITs are overrated.,1
facebook_corpus_msr_1692575,Ha ha 😃 aaptards believe fekriwal can turn Delhi into London??? He has already shown his standard in 2 years....!!!! People would be better off to have same govt at state and center and then question if things don't work out... then like fekriwal no one can say cudnt work due to this person or that person... don't think Delhites want to listen to all the crap for next 5 years,1
facebook_corpus_msr_2018635,You can't spend an hour with a puppy and rush off to work :x,1
facebook_corpus_msr_1956937,Yogi has some criminal records and is accused of communal speeches but lets Stop judging people by their past. We will come to know about his true colours with time.,1
facebook_corpus_msr_379597,Modi Saab kuch kro yaar chup rehne se kya hoga,1
facebook_corpus_msr_469173,Only surety is that you won't be in the PM's chair in 2022,1
facebook_corpus_msr_444643,What common people are suffering??? Just accept the change ppls the change only leads the way to development,1
facebook_corpus_msr_328121,Where do u people and Pakistanis go for toilet? Hope u don't need them,1
facebook_corpus_msr_456129,Too many wwe fan boys. This genre doesnt mean 'undertaker',1
facebook_corpus_msr_1893358,what pm Modi can do if ur own AIMLB is  supporting tripple talaq...whenever modi raised this issue he was badly criticised by all opposition....so just suffer no one can help u mam,1
facebook_corpus_msr_398382,It's better that you should apply for Citizenship of your Favourite Country PAK & TALK WITH INDIA AS AN AMBASSADOR TO FULL FILL GOLDEN DREAM,1
facebook_corpus_msr_444641,sir pls look at common people they are suffering u r dream of 50 days is not enough,1
facebook_corpus_msr_466250,Who can question someone who is quite N does nothing except being a puppet.,1
facebook_corpus_msr_334889,"Cow in Hinduism:

Eating Beef (Cow Mata) allowed in Hinduism.
Rigveda (10/85/13) declares, “On the occasion of a girl’s marriage oxen and cows are slaughtered.” 
Rigveda (6/17/1) states that “Indra used to eat the meat of cow, calf, horse and buffalo.” 
Manusmriti (Chapter 5 / Verse 30) says, “It is not sinful to eat meat of eatable animals, for Brahma has created both the eaters and the eatables.”
Maharishi Yagyavalkya says in Shatpath Brahmin (3/1/2/21) that, “I eat beef because it is very soft and delicious.”
Apastamb Grihsutram (1/3/10) says, “The cow should be slaughtered on the arrival of a guest, on the occasion of ‘Shraddha’ of ancestors and on the occasion of a marriage.”
Vashistha Dharmasutra (11/34) writes, “If a Brahmin refuses to eat the meat offered to him on the occasion of ‘Shraddha’ or worship, he goes to hell.”",1
facebook_corpus_msr_2111190,Speak in favour of Hindus you are communal. Speak and support  Muslims   you are secular. This is the definition. Of secularism in India.its high time we. Redefine our constitution. Otherwise so called  secularism is going  to destroy us.,1
facebook_corpus_msr_1617875,Have you ever come across a man winning a debate with a woman. Even in this debate the woman wins.,1
facebook_corpus_msr_1762594,"How, when useless politicians tile lndia",1
facebook_corpus_msr_2032283,All indian muslims should be honest like him so that terrorist will be discouraged,1
facebook_corpus_msr_394832,"It is ur dream.
Your parents were also see like dreams",1
facebook_corpus_msr_451719,Am I watching the Dominar 400 launch event? Or am I at the wrong place?,1
facebook_corpus_msr_469280,"Tez, You better watch out!!! Hero is on his way 😅",1
facebook_corpus_msr_466219,U still need to learn politics and its dirty drawback,1
facebook_corpus_msr_444304,"Its a very good decision to demonitise 1000 & 500 ruoees notes, but why exempt the political parties when they deposit their money in bank. Why double standard with common man, isn't exempting the political parties is corrupting the original decision of demonitisation.",1
facebook_corpus_msr_2126972,Don't insult lions by using them for shs they were lions when Balasaheb was alive. And Polls in different Mc are also going on and bjp is having clear majority in all those places,1
facebook_corpus_msr_1723941,"This is nothing but, New fodder for sickulars",1
facebook_corpus_msr_1477096,"Headley confirmed that she was a terrorist. Fiberals, AAPTARDs and Congressi Orangutans laughed it off.
Rajendra Kumar confirmed that she was a terrorist. Fiberals, AAPTARDs and Congressi Orangutans laughed it off.
Now Ex Home Secy GK Pillai confirmed that she was a terrorist. Fiberals, AAPTARDs and Congressi Orangutans can laugh it off again.
But one thing is certain, Her name was Ishrat Jahan and She WAS a Terrorist!
Read Shailesh Subramanian’s report:
http://www.thefrustratedindian.com/…/gk-pillais-revelation…/",1
facebook_corpus_msr_379094,"सर्जिकल स्ट्राइक से भी बड़ा कदम उठायेगी सेना, एक एक शहादत का बदला लिया जायेगा",1
facebook_corpus_msr_445758,Modi ji you ask to RBI how much currency distributed in all states.in which which banks and you ask to bank managers where the fraud is happening,1
facebook_corpus_msr_2179441,Neetu Jethani - this is kickass!,1
facebook_corpus_msr_1922807,"He should be behind bars for assaukt and for refusing to deplane, just as you and I would have been if we had behaved like he did. Really mad at our system. Shiv Sena...rise to the occasion. There should be no dilemma in acting correctly",1
facebook_corpus_msr_26286,@ Kanaya & gong......beside dare to stand on this as well  https://www.youtube.com/watch?v=709YisIVM2Q,1
facebook_corpus_msr_2111139,"Rafi Ahmed, trust you are aware that Islam doesn't respect other religion's and existence of other gods. Muslims are not secular. This is a major reason for the jihadi violence and the untold mysery the world is suffering today.",1
facebook_corpus_msr_2280103,"If you know anybody who is screeching about Trump's ""islamaphobia"" or ""muslim ban"", perhaps they need to know a few things.

1. Sixteen muslim countries bar Israeli citizens from entering. Do any of those people, mentioned above, screech ""Jew phobia"" or ""Jew ban""? I think not.

2. There are Israeli citizens who are muslim. Those muslim Israeli citizens are barred from entering 16 muslim countries. Do any of those people, mentioned above, screech ""islamaphobia"" or ""muslim ban"" about those countries? Do they protest outside the embassies of those countries? I think not.

Perhaps anybody you encounter who accuses Trump of ""islamaphobia"" or a ""muslim ban"" should be made aware of those facts, mentioned above. Perhaps they should also be made aware that Trump's Executive Order is a temporary order and not permanent like that of the 16 other countries which have permanent bans.

Just for the further education of those who are being led by George Hitler Soros, here is the list of those countries which bar Israeli citizens from entering:

    Syria
    Iran
    Iraq
    Yemen
    Libya 
    Algeria
    Bangladesh
    Brunei
    Kuwait
    Lebanon
    Malaysia
    Oman
    Pakistan
    Sudan
    Saudi Arabia
    United Arab Emirates",1
facebook_corpus_msr_452594,Some one said bike is nice lolz he is from bajaj,1
facebook_corpus_msr_466231,"Why do you comment it has no sense here...pl wait and watch this govt for 60 months...and if you don't like don't vote, it's your decision...",1
facebook_corpus_msr_1956959,"And it starts....So called medias biased opinions on people's verdict...
Surprise us express...For a change give us un biased news and unblinkered opinions.",1
facebook_corpus_msr_1805018,AK has defined the politics in India. and every one should understand the difference. Hazare is Sachin Tandulkar for BJP and RSS,1
facebook_corpus_msr_445639,Pls check how your minister s daughter's wedding are been done by so much expensive but what the government is saying to common man that they must do it in 2.5 lakhs is it good,1
facebook_corpus_msr_2032261,"Now u r going to portrait him a an innocent Father of a terrorist (suspected isis operative, in ur language)... go ahead..",1
facebook_corpus_msr_464869,"good news, now we all can withdraw the useless 2k note which no one has change for, people used to avaid 1k notes due to change issue and now we have 2k notes introduced during a cash crunch .",1
facebook_corpus_msr_325810,I am just waiting for Indian Surgical Strike Part II directed by Rohit Shetty.,1
facebook_corpus_msr_1762555,"Sir, illiteracy, poverty, unemployment and insecurity are some of the key issues we need to address on war footing. Unless these issues are not dealt with we cannot hope to see light at the end of tunnel.  Even after 7 decades we are still talking of unscientific form of reservations.  How stupid of our rogue politicians ? They still continue with same malpractice.  We need reservations based on economic backwardness and proper financial assitance with incentives ( like free education, food and material support, employment  etc). When this gap is reduced, things will start falling in line. This Cannot be achieved in a day . At least we can have hope.",1
facebook_corpus_msr_1588055,COA is working overtime on behalf of traitor manohar and icc.if icc is not ready to listen to bcci let ghem go to hell.And These COA fools can go to home...leave bcci alone.you have already inflicted damages to indian cricket.who will pay COA or the supreme court ....,1
facebook_corpus_msr_1976248,She did not know anything about acting,1
facebook_corpus_msr_1735854,In tamilnadu 76% reservation is present..whats about that??,1
facebook_corpus_msr_2029808,"Kick Shiv Sena & BJP OUT from kerala before they create havoc,kochi Wake Up!!!",1
facebook_corpus_msr_474278,Kamesh Sriram  Do u know how much money u have if u exchange it with the bank . The same money will be printed by RBI which it gets. U might not be able to sleep well today coz dreaming about black money will be a night mare,1
facebook_corpus_msr_1521748,MRahman Syed...your cock is already half cut,1
facebook_corpus_msr_1833376,Aj Singh agree with you I think pissing off is also there freedom movement 😂😂😂😂,1
facebook_corpus_msr_451077,"Good speech ! Don't keep saying ""justice to poor people"" and do screwed up implementation ...plan properly    So that poor don't suffer",1
facebook_corpus_msr_1805372,"U hav already joined ur favourite bjp, no need to join any other party",1
facebook_corpus_msr_322445,The bhaiya belt people mp up Bihar Rajasthan certainly need a lesson from the Mizos,1
facebook_corpus_msr_1723120,"If you dont understand a word called sarcasm, i cant help it.",1
facebook_corpus_msr_445597,18hours a day u think of dis country.....opposite od dis opposition wastin der 18hours to find allegation on u.....u d bestest....people used ti say us bhakt.....v r proud of dat..,1
facebook_corpus_msr_1805184,He is not relevant any more just trying to get back in the limelight,1
facebook_corpus_msr_2280070,"Callum Talbot, you are entitled to your opinion. Blessed that you are with a brain that's empiter than an hermits address book. Any Indian who condemns terrorisim should first stop terrorisim in Kashmir. It's like pot calling the kettle black. Jeez!",1
facebook_corpus_msr_2032035,Riya biswas...u r talking about smthng which has no proof...dnt know who ws awarded,1
facebook_corpus_msr_443236,The fact is Indian govt can print 300 crores per day if they print in all available printing presses...,1
facebook_corpus_msr_451717,It's more like a funeral ceremony rather than a motorcycle launch event.,1
facebook_corpus_msr_2159080,Shameful event in TN history...No one can rescue us. RIP TN...,1
facebook_corpus_msr_451708,The lorry carrying the bike is running a little late M telling you guys,1
facebook_corpus_msr_1493830,Jai Hind👏✊ It is not only the win of India it is the win of Justice. Once again the decision goes in favour of right side. I thank all the ICJ members for taking this much needed decision. Especially Mr. Harish Salve who was exceptionally excellent at ICJ. But the work is not over we have to bring Kulbhushan Back in India. 😊🙏,1
facebook_corpus_msr_1724028,sonu is right..,1
facebook_corpus_msr_1979685,"Dear Indian Express,
I feel sorry to write that your journalists are out there to misinterpret events and present them in a distorted manner just to make some sensational headlines. The news about upcoming singer Nahid Afreen has been prepared without proper research and investigation. It was very sad to see that your journalists don't even know the difference between fatwa and appeal. 
A fatwa is a non-binding legal opinion issued only by a qualified jurist (Mufti) on a request by someone who is unable to understand religious guidelines whereas the leaflet that is being circulated and presented as Fatwa is just a hard copy of an appeal signed by 46 men who believe in religious practices. The merit of appeal can be discussed on many grounds and in many dimensions but first and foremost, an appeal can not be called a legal opinion (Fatwa). 
We expect apology from your side for such a mistake.",1
facebook_corpus_msr_1956913,"Why spit venom against a leader who has won the heart of more than a hundred million people from Uttar Pradesh (total population of UP is said to be 220 million)? Is he being targetted for his bold statements or his safron outfit? Now who is being intolerant, the so-called seculars or their bait noire, BJP? Yogi ji has duly been elected to head the UP government. If anyone feels that his elevation to the covetted post is wrong, he is free to seek judicial remedy. Yogi ji is going to work, like his idol, Narendra Bhai Modi, for the betterment of UP as a whole. Moreover, the parliamentary elections of 2019 are not far away. If he doesn't perform, his party is bound to suffer at the hustings. His detractors should wait at least till then.",1
facebook_corpus_msr_451774,"Like McDowell number one SODA, bajaj releases dominar, sound track for the holiday season",1
facebook_corpus_msr_1735810,Aamir Shaikh dont worry we will ensure u remain minority till 2800,1
facebook_corpus_msr_1891459,Is Indian Express out of its mind ?,1
facebook_corpus_msr_407761,"Thuroor, how will you rate the time of Nehru Indira and Rajeev. 
Man talk logical. You are suppose to be educated and public is also not fool.",1
facebook_corpus_msr_2018538,Ms Mira says it is her choice to stay at home and she will do it.Tomm if shahid decides that even he wants to stay at home and be a home maker husband and take care of Misha then how to decide who will be the bread earner???......and what to give her a celebrity status and ask her views?..what is.her achievement till date?...her only master stroke in life is to find a high earning husband.....,1
facebook_corpus_msr_2032146,Wht u need kali mirch or as usual burnol,1
facebook_corpus_msr_1582244,awww....you tend to peddle a lot of us media....just an fyi...they are less poor and they have the biggest tech giants in the world as well...im not even talking about manufacturing...,1
facebook_corpus_msr_556273,they are basically became screwers rather the post given as ministers..!!,1
facebook_corpus_msr_416437,only air india all problem ...where as private airliners never have problem .......work versus no work,1
facebook_corpus_msr_444118,"Black market for all things exist in India   , nothing new, it's not surprising that there is one now for cash conversion. It's was expected as consequence of the decision . Nothing to be so upset about",1
facebook_corpus_msr_1805467,He has nothing in hands hence all this...,1
facebook_corpus_msr_466246,wise men don't speak by their words but by their  actions....  Indian is changing for the good coz of one such wise man.,1
facebook_corpus_msr_1985365,you have only seen one part of clarke,1
facebook_corpus_msr_1723959,Its good sir...it should ban....,1
facebook_corpus_msr_1510203,"If you are a man of understanding, then only read this or you can ignore my comment. The lack of space for any political dialogue pushes people to take up gun. The likes of Yasin Malik had given up gun in 90's because they were promised a dialogue by India. Unfortunately India has a habit of breaking promises. From Nehru's Plebiscite promise to India's dialogue promise.",1
facebook_corpus_msr_1561799,Are we not human don't we have feelings...  People like you have dehumanized us to the extent of not even letting us feel...,1
facebook_corpus_msr_505583,wha cnbc tv 18 moral discourse in the morning  ?----> do not disturb our romantic mood .....,1
facebook_corpus_msr_2383823,Nd one other than Modi has the guts...,1
facebook_corpus_msr_445716,"Sir people hu were targeted are easily getting their money changed sir , we are all with u ... pls make things more precise and applicable sir 🙏🏻💐",1
facebook_corpus_msr_373698,Now where is smritiJi will she send her bangles to minister and pm .... Oh hell useless talking about everyone in govt i think they will have party today .... And smritiJi will be item number ....,1
facebook_corpus_msr_1521928,"Leave Muslim , what Hindus will eat???",1
facebook_corpus_msr_1689960,4g girl should give us free net now,1
facebook_corpus_msr_1729680,Because these schools are owned by people having political background they will never bow down.. And the govt will keep its mouth shut regarding its fee.. Only common people suffer,1
facebook_corpus_msr_115539,"Sai Ram, Dont make such comments about IITs from what u read and hear online:  Research wise IITs are excelling like anything.Many of the professors came back from USA ,just to teach and do research in India.Funding to IITs also come from our alumini who have excelled in India and abroad.Many students go abroad for higher education and most come back.IITs collaborate with leading institutes like  DRDO,TIFR,etc and immensely contribute to technical development of nation.As a taxpayee your money invested in IITs  is definitely well spend. You should be more worried about how your taxes are spent  by corrupt politicians who get elected due to lack of good education among voters.",1
facebook_corpus_msr_2081689,You can switch on times now and zee news if you want to see bjp managed media,1
facebook_corpus_msr_1804858,MUSLIM + AAPTARD= EXTREME AAPTARD!!!,1
facebook_corpus_msr_2032280,But where it goes off certainly make difference.,1
facebook_corpus_msr_2137962,What a covering 🤔🤔🤔🤔,1
facebook_corpus_msr_403321,Now u will see the reaction which have never been heard from Indian side .Pakistan has already broken in to parts now U will see Pakistan in world map understand .Pakistan have left his own soldiers in ladakh have u forgot it,1
facebook_corpus_msr_1521934,"What abt beef export bann ?
What abt goa,north east ?",1
facebook_corpus_msr_2260844,After birth Baptism to become Christian Sunta to become Muslim BUT every child is born HINDU,1
facebook_corpus_msr_1582214,"Marxism shows you the way out of human misery, though how you practice it depends on your own understanding. The rightist philosophies on the other hand hit a blind alley, just as religious preachers talk of very nice things while practising and endorsing the exact opposite. As regards,  Stalins and Pol Pots, their number in the rightist camp is hugely higher. But we are so used to them that we consider them natural, just as a believer in God accepts everything as will of God.",1
facebook_corpus_msr_2199157,Ajam Khan and culture! Unbearable load of human society.,1
facebook_corpus_msr_398313,What is the result of dialogue Congress had during last 60 years.,1
facebook_corpus_msr_1956906,I would again plead to your acumen...Go beyond what is being shown.. You are being misled.,1
facebook_corpus_msr_1805644,Why pinned hope he never support kejri.,1
facebook_corpus_msr_2032026,And the #akhlaq killer was draped in #tricolor,1
facebook_corpus_msr_2117653,"dont know about US govt but here in india , Modi n RSS Bhakts will do bhajan n kirtans of D.trump as dey found new god in him",1
facebook_corpus_msr_431227,It's all abt ur religion.. u think if BJP comes ur religion will stop getting appeased,1
facebook_corpus_msr_1561802,The reason the police in India is socially isolated from the general public and it is a taboo to visit a police station is because police are not looked on as human beings...  They are either cruel robots who execute orders or they are brave superhumans who got the job done..  There is no in between for us in the society...  Why are we not allowed to be human...??? Is it because to err is human???  People talk about Human Rights what about our Human Rights???  Why can't we have a bad day at work and sulk while all the other professionals can why can't we cry when we are hurt?  Why can't we smile when we want to...??? It is because of this mentality that the country's police is being socially isolated to the extent of disattachment from society...,1
facebook_corpus_msr_1723461,"I pity on his illogical and baseless comment.. 
Framing a particular religion.., being  Muslim.. V respect all religions and expect the same from our fellow citizens of #India",1
facebook_corpus_msr_1805197,But hazzare ji what u did after that???  #neutral# no social movement,1
facebook_corpus_msr_2111170,"Feel happy about what killing of Gandhiji, then you also like violence over non violence.",1
facebook_corpus_msr_1716151,"Yeah. In terms of Bombay blast, Kashmir massacre",1
facebook_corpus_msr_334531,Kagji hero and he will be zero. Why Kumar didn't fight election to know his status,1
facebook_corpus_msr_450576,"We r with u SIR, let d corrupt make hue n cry, they  ve already lost d faith of people....",1
facebook_corpus_msr_1521677,"Manusmriti chapter 5 verses 30,31,39,40
Rigveda book 10 Hymn 28  verse 3;
Rigveda  vivak sukta book 10 Hymn 85 verse 13...",1
facebook_corpus_msr_1731563,Why you prestutudes give importance to a convicted thief.,1
facebook_corpus_msr_447998,"Private school salary , on register 25700/- but given to cash only 8200/-",1
facebook_corpus_msr_423017,sure you can beat it with I20 .... Lmao 😂,1
facebook_corpus_msr_2199199,Azam may feel  😴  tired  after election  !,1
facebook_corpus_msr_445701,"Opposition does not understand that this step is political disaster but national building 
... PM has proved that he loves country more than his political future ... great going sir ... ppl will recognise your sacrifices",1
facebook_corpus_msr_2041588,m also admirer of kangna acting skill..bt she is nt correct..she has problem with alll...,1
facebook_corpus_msr_1887300,R u born controversial or madrasa made controversial ?,1
facebook_corpus_msr_2073726,This man has killed more poor indians in his 50 days then Pakisthani killed Indian jawan in last one year in Kashmir. This demonetization show is nothing but a big strategy to influence on UP election.,1
facebook_corpus_msr_2137943,"For My Muslim Friends....Plz do not vote for SP....If U vote SP then UR vote will be divided between SP and BSP....So, better U vote for BSP...... Otherwise, BJP in Power......Now choice is URs.... BJP + MIM Internal alliance......",1
facebook_corpus_msr_1787313,Lolz....ask Saif Ali Khan and Katrina...aka phantom.....to carry immediate surgical strikes....and take kalbhushan with them....lolzzzzzz.....,1
facebook_corpus_msr_1723357,"Though I dont despise this system of Aazan, I would like to ask why should this system be followed in India when most of the prominent Muslim countries are not following?",1
facebook_corpus_msr_1649499,"Shantam Pandey This is job of Foreign minister, Dumbo!",1
facebook_corpus_msr_420704,Now in UP begin barbathi🔪 🔥🔥🔥🔥💥 specially target to Muslim...,1
facebook_corpus_msr_328603,Den first act shld be taken on NDTV most worried channel for welfare of anti Indians nd terrorist😂😂😂,1
facebook_corpus_msr_1775196,Lol... they won because of money... #uneducated_people,1
facebook_corpus_msr_2379983,same nautanki before every election.,1
facebook_corpus_msr_420709,Well said Saurabh..Mr Ali as far as i know Mr Manmohan Singh is a very educated man but what he gave to this country?? A basket full of Curruption & scandals...Unlike the present PM who is hardly educated but still if you like guys like Ex PM and Congress party then bro can't help.,1
facebook_corpus_msr_1583969,Harsh..you'll know,1
facebook_corpus_msr_1723097,Naseer Gani... Say me one place where you hear bhajans every day with full voice...,1
facebook_corpus_msr_395041,"Why we have to west time.
Scrap LOC Ceasefire accord's 2014 NDA . Start surgical strike.",1
facebook_corpus_msr_1493815,"Ankit Prasad forget about banning us.
Remember we are not afraid of such type of banns",1
facebook_corpus_msr_328330,"Why India Should #ScrapIndusWatersTreaty
Indus Water Treaty Is Illegal
The case of the 1960 Indus waters treaty, it has been signed by then Prime Minister Jawaharlal Nehru and “nowhere it is declared that the said agreement/treaty has been signed in the name of the President of India”, 
“According to the ministry of external affairs documents, nowhere disclosed agreement has been signed by the Jawaharlal Nehru for the President of India...,” 

“According to the impugned agreement 80% water goes to Pakistan which is a serious injury to the fundamental right of the citizens of India coupled with further financial and natural injuries to national interest.”

If We Indians Keep Quit Today Our Future Generations Will Blame Us And Never Going To Forgive Us

India Need Be Like China Fast And Furious And Must Have Ability To Say On Face.
China Claim South China Sea 
China Made And Develop 7 Artificial Man Made Islands On The South China Sea So Quickly 
Then Why Can't India Stop Water From Our Own States And Union Territories Of India
We Need To Build More Dam On Indus River And Must Have Iccha-Shakti To Say Only One Sentence To World Bank F*ck Off 
India Is Scraping Indus Waters Treaty

If China Can Do For Their Mother Land 
Then Why Not India (If India Cannot Do)
Then Their Is Some Serious Problem In Our Indian Government System With Our Political Partys And Also With Our Useless Politician.
Who Just Know To Bark But Cannot Take Action.

http://siteresources.worldbank.org/INTSOUTHASIA/Resources/223497-1105737253588/IndusWatersTreaty1960.pdf",1
facebook_corpus_msr_2383809,"Sagar Chavan only I've to worry, it's my state. Excuse me Maharashtran plz",1
facebook_corpus_msr_1521942,Ban pork meat..,1
facebook_corpus_msr_1946786,"I would have thought this Maulana would ask CM to open good new schools, a well equipped hospital with doctors and free medicines, provide safe drinking water for his locality, excellent roads, world class public toilets etc.",1
facebook_corpus_msr_325770,"Kill those insurgents  n pak  army.....  But where is our  isro satellite  about which we have cried  to d world n compared  with  usa russia n china......  Oh sorry  isro  busy in broadcasting  serial  n  yogi   n defaming a democratic  cm of bengal.....  Why cant we keep a look on small nation  Pakistan..... Whose permission  is waiting  for surgical strike......   Pak  has sended tribals  in kargil war..... 
 U should  send  d gau rakshak n vhp  in pak....  As army follows rule n order...... Jai hind",1
facebook_corpus_msr_326878,u r a fake profile to spread hatred among us #gotohell,1
facebook_corpus_msr_379108,"56 की छाती वाले को बोलो
लव लेटर लिखना बंध करे
उनको उन्ही की भाषा मे जवान दे

किस चिज का दवाब हे मोदी जि???",1
facebook_corpus_msr_444056,Is it possible for to take the broom and clean whole of your colony on daily basis. Talk something sensible. It's you and me who can clean ourself. We are not animals who require someone to kick us to do right things. Neither we are slaves of anyone who can treat us the way he wants,1
facebook_corpus_msr_2199143,"Mr . Azam Khan,  when Modiji refers to Dogs, he means the political Dogs . Otherwise Dogs are considered the most honest animal on earth. And lot of political Dogs they understand what Modiji means.",1
facebook_corpus_msr_327887,When is our PM going to Pakistan for the wedding or birthday bash?,1
facebook_corpus_msr_379425,Only one country hindu all world muslim total 57 country hai,1
facebook_corpus_msr_431350,"What happened to his promise of bringing back Swiss black money back to India. All false promises. What happened with demonetization, could he unearth back money? He gave a chance for all black money holders to convert into white money. Bank were with no money which was held with black money holders. People are fooled..   It's like digging a mountain to catch a small mice.",1
facebook_corpus_msr_1493847,The case is stil there its not yet finished,1
facebook_corpus_msr_1722771,Indian express editors don't you have any other issues to ponder upon. Why you people are always focusing on the negative side or irrelevant issues.,1
facebook_corpus_msr_446363,Previous govt did only passing bills and giving out take loan from outside and keep adding new things,1
facebook_corpus_msr_2159103,no amma nothing...only money.,1
facebook_corpus_msr_2032311,""" ARTICLE 370 DISTURBING INDIAN SOVEREIGNTY AND INTEGRITY ""

Article 370 of the Indian Constitution in an article that grants special autonomous status to the state of Jammu & Kashmir. ( *** means Indian State Jammu & Kashmir ).

The Article in drafted in part xx1 of the constitution : temporary, Traditional  and special provision. ( **** means if Indian constitution or Indian Parliament not accept these provision then automatically Article 370 is no valve and not valid, and ready to delete from Indian constitution )

Dr. Br. Ambedkar Garu the principal drafted of the Indian constitution, had refused to draft Article 370.(**** Dr. Br. Ambedkar Garu said Jammu&Kashmir state is integral part of India so no need special autonomous )

Jammu & Kashmir accession to India dated 26 October 1947 since then it was Indian State. So need to delete Article 370 by Indian Constitution for better governance.

I request and say to Prime Minister of India Respected Narendra Modi please look after these Article 370 and delete immediately in our Indian Constitution and Jammu & Kashmir State people wants Business Corridor, Industrial Hub and relationship with South and North States, regarding this issues please take necessary step and co-operate.....Jai Hind

S V P YADAV
Journalist
+918019563514",1
facebook_corpus_msr_115489,Keep satisfying your ego by saying IITs are overated,1
facebook_corpus_msr_1972992,DS palms were not sufficiently greased.,1
facebook_corpus_msr_2199173,Next ur name that goes without doubt cox of ur curiosity !!!!,1
facebook_corpus_msr_2111374,#isi and RSS is against of secularism and the enemy of nation,1
facebook_corpus_msr_1561868,">Study
>Work hard
>Become an IPS
>Take orders from idiots",1
facebook_corpus_msr_2018483,"Rohit, dude it affects them. Statements like these directly affect women in everyday life. Meera has a right to her opinion, yes. But other women also have the right to call her out on it because, guess what? It directly affects them, and not us.",1
facebook_corpus_msr_451842,At the end the bike will fall from the sky!! oh god!! this is too much,1
facebook_corpus_msr_2032279,"When the bomb go off, it won't make a difference between sindhoor and skull cap...",1
facebook_corpus_msr_328063,"No need to take any action, just release the list of those pumps in news paper. Thats it.
After few days they will start discounts on petrol.",1
facebook_corpus_msr_1521629,"Yes champ!! We the people of Kerala love our beef, in our plates, well done! Thank u! 🙂",1
facebook_corpus_msr_1804833,"Ha..ha...I don't understand the mentality of such type people...the person who is in the favour of BJP ....who is Villain...,&...the person who is against BJP ....who is hero for u......",1
facebook_corpus_msr_300225,"Reservation a problem!!!
I agree education is compulsory to all..but give them a separate college..and let them enter the mainstream colleges with their own abilities..not by reservation! I didn't mean to separate them from us---JUST WANTED TO BE CLEAR!!",1
facebook_corpus_msr_466220,People will realise what he says after this govt will be gone and country will cry over its misfortune to have such a stupid prime minister... As far as his qualification are concerned Modi will have to be born again to reach somewhere near him... So bhakta plz shut up..,1
facebook_corpus_msr_1137896,Not possible in Sr Yadav life.,1
facebook_corpus_msr_1893393,"Another RSS propaganda,why should a sane woman go for help about her married to an idiot who has deserted his wife for a long period.",1
facebook_corpus_msr_491178,what is manufacturing date of the news -batch no of the news -cnbc tv 18 factory for market news -news auditing,1
facebook_corpus_msr_1919936,"Election commission have fudged EVM machine,
Which can exchange vote in favour of, most rich and powerful political party.

I don't think,
AAP or Congress can win with such kind of EVM machine",1
facebook_corpus_msr_439335,Nota good decision but still the boy from ranchi rocks,1
facebook_corpus_msr_451841,Hope this drama ends now and doesn't continue as ownership experience,1
facebook_corpus_msr_480982,Will the jio fever protect reliance for long ? Other telecos will surely catch up soon enough ?,1
facebook_corpus_msr_1722762,Condoms do come in flavours. What's wrong in publicising ones products.,1
facebook_corpus_msr_1521894,BJP get Ready For 2019 election... Why You Don't ban early?,1
facebook_corpus_msr_2159085,"So sasikala is still the queen in abdication 
What a farce politics in Tamil nadu",1
facebook_corpus_msr_329977,"U don't knw why, is what ur asking ppl, and trying to answer it same time, #ndtv every moment to spend listening to theses elite groups ur being manipulated from other issues, and that's politics for 'we' and for then it's business, we want India to grow in numbers not in talks, and please don't say our GDP is 7.4 please 🙏for god sake, whn it comes to numbers, I mean how and whr a common man is frm whr he was 10yrs back, it's the same right so ur s**t politics business doesn't matter to me anymore, thrs world beyond this! Think ppl! No offense with #ndtv at times I really like ur post which are factual",1
facebook_corpus_msr_380393,"क्या होगा इस देश का , कब तक हमारे जवानो का ऐसी बर्बरता एवम् कायरता पूर्ण खून होता रहेगा ? कब तक हमारे नेता बयानबाजी छोड़ कोई सख्त कदम उठायेंगे ।हे ईश्वर सद्बुद्धि दे इस देश के अंधे एवम् बहरे ज़वाबदार नेताओं को .......
जयहिंद । वन्देमातरम् । जय माँ भारती । 🙏 🌷 🌹 🌸 🍀",1
facebook_corpus_msr_1833359,"Madam, pls protect women first. Of course that won't help you in polarising India and gathering votes 😩😩😩",1
facebook_corpus_msr_1582261,Dictator ideology,1
facebook_corpus_msr_2117683,Fix own teared pocket!!,1
facebook_corpus_msr_556278,You can not justify the hike to meet the fiscal deficit,1
facebook_corpus_msr_444043,"LOL, cannot understand, he dsnt attend LS and if attends remains silent and keeps doing bla bla bla in rallies and speeches and then blames opposition for not creating work enviornment. U have majority and still claim to look weak, wats the matter Mr Modi",1
facebook_corpus_msr_1521920,Kerala ! Dont ever vote for BJP !,1
facebook_corpus_msr_233527,We blamed Srilankans when they were fighting Tamil Militants but it's good that they have cleared them although little harshly. We need to do the same even if Communists and Congress shouta bit,1
facebook_corpus_msr_2349549,"Super response, well thaught.
Because no other religion promotes pedophilia",1
facebook_corpus_msr_1649500,Nusrat Nazir Homework for you. Find out how many of these thousands of rescued Indians were Muslims and how many of them were Hindus.. https://en.wikipedia.org/wiki/Operation_Raahat,1
facebook_corpus_msr_1261723,hahaha joke of the day,1
facebook_corpus_msr_399591,You will understand very shortly what Indian surgical strike is called.,1
facebook_corpus_msr_2018582,Ohhhh.. Really... Mrs.  Shahid Kapoor ....😠..no mother wants to leave her kids... It's just d circumstances.. that made her to do so... Hats off to all d working mothers.. who help to run d family.. And toil hard to give much better future to their kids....,1
facebook_corpus_msr_1724102,Atif Malik bhai sahab aap koi bhi baat karo magar pakistan ya hindostan ki baat mat karo,1
facebook_corpus_msr_233662,"This Govt only need COW Protection, they don't care for Army Persons. They are working for Love Jihad, they don't care for love of Army person's families.. they are busy with Ghar wapisi and our Jawans are coming home in national flags... ""aaagaye aache din""",1
facebook_corpus_msr_451701,Bajaj is an Indian company and I believe this launch is here in India itself otherwise it won't make any sense. Now when in India why in the world should they put these songs we don't understand!,1
facebook_corpus_msr_359319,"Gandhi Killer Ram (Nathu) Temple in India......

Big Shame 4 India........",1
facebook_corpus_msr_1731610,Why should we hear a convict?,1
facebook_corpus_msr_1689915,Airtel India s 4g speed is slower than Bsnl  s3g,1
facebook_corpus_msr_1893364,You have nothing to say in connection with the misfortune of this lady? Strange.,1
facebook_corpus_msr_494634,i am not pessimist but even then it got 10 minutes late,1
facebook_corpus_msr_2032281,whoa ...salute sir what a strong message you have sent  to a terrorist sympathizers .... Digvijaya Singh,1
facebook_corpus_msr_1804924,"He still imposed a worthless corrupt party on us. Thankfully I dint trust him during 2014 elections. And I will never trust him in my life. He was quietly sitting till now, and as he realized that it's time to prepare for 2019 elections he started coming to light. I think he would have got another worthless party paying him under table to campaign for them.",1
facebook_corpus_msr_1717629,They shouldn't experiment with some solution created through their delusional minds and destroy rivers even further.,1
facebook_corpus_msr_2018522,"Also, a pet(the puppy) is as much part of the family as a child.",1
facebook_corpus_msr_411786,I hope this is not for army officers.Only use for   killing terrorist.,1
facebook_corpus_msr_444046,I am a big fan of him but things are getting worst day by day pls pls Mr. Modi ji pls do something,1
facebook_corpus_msr_1775226,"Bjp lost due to hue & cry by opposition over EVM, warna 10 ke 10 chale jate",1
facebook_corpus_msr_484642,best slavery practised is word poverty ..word created to make you lazy and underpowered,1
facebook_corpus_msr_1521645,"Hehe a Congressi taking abt intellect 😂😂😂haha u fking pig,u ruled us for 70yrs but not any more....btw how many seats Congress got in Delhi 😂😂😂😂😂",1
facebook_corpus_msr_2117671,#isi Agent spotted,1
facebook_corpus_msr_300672,"🏇🚴🏇 ρσωєяєd ʙʏ Bukhari King 🏇🚴🏇

:|] Kia keh Dia Zalim 🏡 Aaj Tak :|]
🏡 Monday 📆 1 📆 May 📆 2017
 🏡 Gul Hassan 🏡 Ch Botters 🏡 Aaj Tak
🏡 :)  I Am On Fire :)  45 seconds ⏰
🏡 Personal Bot By  Bukhari King
🏡 site: DIL-WALY.TK 🏡",1
facebook_corpus_msr_447410,Good try. But it was aired and detailed one month back,1
facebook_corpus_msr_1525428,"Too bad....
:(",1
facebook_corpus_msr_1521917,The hidden agenda raises its head.Expected.,1
facebook_corpus_msr_360940,HA HA HA ONLY BAKHT ARE BELIVE THIS NEWS ],1
facebook_corpus_msr_2073046,is it real or tit for tat business by tmc? real truth may surface after few days. no statement has yet come from the arrested person,1
facebook_corpus_msr_394760,stop wasting your time. ...and sell ur urine products to Indian. ....by drinking ur urine product India will become strong,1
facebook_corpus_msr_2405049,Who gives such information duh!!!!!,1
facebook_corpus_msr_469413,"This should have been announced well in advance
What about people who worked hard on weekdays and waited for Saturday to exchange their notes",1
facebook_corpus_msr_503466,A man who had vision and mission which did not suit the adversarial govt and crony capitalists Is being pushed out of system and it's becoming obvious that some retired/retiring chammy chap salivating for crumbs will be saddled on. We the people of india keep on watching crumbling edifices of highest institutions.,1
facebook_corpus_msr_1723429,"I m proude bcoz I m Muslim..... bjans gives rest Hindu peoples ...BT Muslim never says it's dstrbng bcoz  we respect every religion....BT some Hindu,s are Dstrbed with the sweet  voice of azad . it's really sad and speechless. Indian Muslims  communities should ne think on these comments.",1
facebook_corpus_msr_328316,"Mr. Shaik .. if business doesn't run, not getting enough jobs in obtaining sector HOW IT'S GOVT JOB TO RESERVE THEM? it's due to population explosion which has done the major damage. Hope u accept who is main cause for it.",1
facebook_corpus_msr_440656,for india road roller is the best vehicle ...there by we can put road aswell we can drive the journey,1
facebook_corpus_msr_1805022,Haan Anna ji.. By the way kuch aur bolney ko nahi mila.. Ki RSS ne bus yahi bolney ko bataya hai,1
facebook_corpus_msr_445755,What about those kala dhan which got from bjp people any action perky. In short only poor people suffering problems cash less those can't operate mobile what you are you expecting from them,1
facebook_corpus_msr_399571,Is it a surgical strike ....Lol That was cowardness by pak.,1
facebook_corpus_msr_2018647,Some Ladies are elegant till they are quite. Most mums go to work as they have no choice.,1
facebook_corpus_msr_1525370,This is absolutely right everyone has the right to choose what they want to eat or not..,1
facebook_corpus_msr_1947190,MollAna wrong,1
facebook_corpus_msr_2018637,Does shahid feel the same way???i mean doesn't he want to spend the full day with his daughter???omg!!he thinks misha is a puppy?? :o,1
facebook_corpus_msr_402397,tell him to shun his VIPism...only after that he ll be praiseworthy,1
facebook_corpus_msr_1956993,The view is undemocratic and intolerant .,1
facebook_corpus_msr_452110,Finally paused the video . It's so nice now lol,1
facebook_corpus_msr_1963922,Shahrukh Planning to quit smoking this is a news pls stop it,1
facebook_corpus_msr_329948,"The worst is yet to come... In UP the law and order situation is not under police hands it's controlled by Hinduthwa goons.
If things are heading this way the impact is going to be disastrous!",1
facebook_corpus_msr_2073792,Obviously the data has been manipulated.....,1
facebook_corpus_msr_1737077,"Where did he attack kejriwal ?? 
Where
Indian express kitne saare mai bik gaye??",1
facebook_corpus_msr_1945538,"Like his flop films, flop dialogue",1
facebook_corpus_msr_450655,Great ideas. Modji is a  great visionary.  Just ensure successful implementation.,1
facebook_corpus_msr_451704,What was d product to launch...music artists or bike? Music artists occupied dias for longer time technically they were launched.,1
facebook_corpus_msr_2018618,"With such a mentality, is she even prepared for motherhood? Grow up women. Think before u open is posh mouth",1
facebook_corpus_msr_1490608,I doubt this man's credibility..,1
facebook_corpus_msr_325609,"Do one more Notebandi  ,terrorism will be viped out of country.",1
facebook_corpus_msr_2018482,"Khyati Mehra many cases are there ,where women feel nausea due to their male colleagues . Kindly check, first",1
facebook_corpus_msr_449115,Modiji it's good idea but it makes suffering to village and common people,1
facebook_corpus_msr_503469,"Who will responsible for accumulated bad assets up to 16lakh crores of PSU banks?  Modi or Rajan, no control or tight norms for loans to Industrialists by  Banking officials. Rajan opposed subsidies to dormers and favoured not to expose bank loan willful defaulters, who are taken excess loans of their company strength. He did not given any good suggestion for Bankers. He did only no rate cut, so on",1
facebook_corpus_msr_1582250,Red salute to great revolutionary stand for people's rights. We will fight for your thoughts.,1
facebook_corpus_msr_1805213,"YES, ANNAJI, YOU  are betreyed by your owns, sharing stage with you at your agitation Period,
Use your Pious symbol Topi,
Taking  advantage of your famous personality",1
facebook_corpus_msr_2111244,Mangalore bandh called by RSS is successful. Hardly 50 person attend his rally. Mangalore population didn't attend his rally . its clear Mangalore people does not like Kerala cm. Hindus have faith with RSS. RSS fight for Hindus interest not like CPI or congress . many CPI supporter left CPI because of cpi anti national activity and pro concern abt   muslim,1
facebook_corpus_msr_506843,"I can understand that this budget is neither inspirational nor growth oriented nor encouraging for all of you - Congressmen! Happy Days are gone for you, right Mr. Sharma?",1
facebook_corpus_msr_1737086,Wth ? Didn't expect this from Indian express. Losing faith in journalism day by day. How can you manipulate the news ?,1
facebook_corpus_msr_455915,Gud cameraman I thought 400 cc  but could see more than 400 cc of the photographers,1
facebook_corpus_msr_1833360,"What freedom madam, it's contrasting even to dictionary",1
facebook_corpus_msr_451818,Did they really think Opera style openings can be hit in India??,1
facebook_corpus_msr_1805667,Ya u are bjp we know,1
facebook_corpus_msr_380015,आखिर ये जबाबी हमले कब होंगे हमारे जवान कब शहीद होंगे,1
facebook_corpus_msr_323082,Life is so harsh ....even good deeds at times gives a big loss !!,1
facebook_corpus_msr_404133,Lol go & search abt Delhi Mumbai corridor.. cpec is nothing infrt it.. 😂😂 World want to join lol 😂😂😂😂😂,1
facebook_corpus_msr_857706,"Dat is, called politics it was preplaned",1
facebook_corpus_msr_1561831,Has BJP MLA lisence to do any thing.There should be an independent enquiry to find the facts and the defaulter should be reprimanded.,1
facebook_corpus_msr_379241,"Aby chutiya kaun bada bhai ghanta en Mco ko bhai bol raha hai , sidha bomb maro aur Sab ko khatam karo Mco ko",1
facebook_corpus_msr_1622384,Y u added that things dalit . U think those ppls doesn't have knowledge.1st u guys change ur attitude than u hav 2 analyse others,1
facebook_corpus_msr_1805349,Who is this anna?,1
facebook_corpus_msr_1805288,"Actually Anna hazaray is BJP agent,",1
facebook_corpus_msr_450686,Whoever making is noice is corrupt people because they can not do this in future.,1
facebook_corpus_msr_325749,Don't worry now we will send some Sex Toys not only for P.M. Modi's wife but also for the wives of those soldiers who killed by their own Barbarian Army to blame Pakistan. ......#SexToys,1
facebook_corpus_msr_329043,Far better than your pinarai Vijayan  who is fooling people of Kerala.,1
facebook_corpus_msr_1389526,netao ko andde bade pasand hai.,1
facebook_corpus_msr_1724084,Does Saudi allow to do Hindus rituals? So does India?,1
facebook_corpus_msr_899208,New year latest joke😎😎😎,1
facebook_corpus_msr_504847,"That's called Modi magic. ""Results of his hard work""  👏👏👏",1
facebook_corpus_msr_444251,"Liar..... he is telling he brought money from outside... share
where it is",1
facebook_corpus_msr_372306,"Why digvijay Ji comments, such type comments is harmful for Congress",1
facebook_corpus_msr_1582274,Third rate dog,1
facebook_corpus_msr_1521623,"so naming modi as mass murderer against whom even supreme court found no evidence,you are trying to say that you don't believe in the court's decision....so much of the secular mentality",1
facebook_corpus_msr_429363,You are absolutely right .... data will drive development in our country,1
facebook_corpus_msr_2179277,I have to to say. I had a fuckall bachelor life.,1
facebook_corpus_msr_556287,NO,1
facebook_corpus_msr_469185,"One thing I want to say don't stick with that fake thing , even if it has happened I would say it was required to control the things as you can see even now also few of the muslims are still supporting pak and having fights .We as a secular country have no issues if they want to go pak and we are happy to live brotherly with other religions including muslims .",1
facebook_corpus_msr_328093,lol....this is india for u....wasting so much money in expensive films and going to mars..... oeople dying due to hunger and thirst,1
facebook_corpus_msr_2111356,U nt wat u are hv shame,1
facebook_corpus_msr_2280067,Silence ? Why do people always make it look as if western societies are the major victims of terrorism. These immigrants fled their countries escaping chaos brought upon them by terrorism,1
facebook_corpus_msr_322188,Requesting all Aaptard to let me know if we should start calling Kumar Vishwas as Corrupt BJP agent or is he still clean and honest AAP worker. Please let me know. I am very confused. 😂😂😂😂,1
facebook_corpus_msr_329087,Now i would love to see the 56 inch chest of Modi Zee😂,1
facebook_corpus_msr_2199207,Lolz look who's talking about decency,1
facebook_corpus_msr_446465,What about 28 lac cr bank loans not paid by corporate companies.,1
facebook_corpus_msr_2018614,What authority does she have to speak on feminism anyway?,1
facebook_corpus_msr_398310,Through dialogue it can't be resolved...it can be resolved only with the help of Forces.....,1
facebook_corpus_msr_334905,"They are self centered , egostic , anti social & anti-national ! Communism is a failed ideology. Even worse that radical islam.",1
facebook_corpus_msr_1722976,Centuries ? Means there were loudspeaker invented in 10BC according to you.  -_-,1
facebook_corpus_msr_469662,A lawyer who never won a election became FM of India with no knowledge of economics . what can you expect from him.,1
facebook_corpus_msr_1723576,"Why play religion so loud ???  Keep it to yourself people !!! Why block roads .. wake people up, fight or kill in the name of religion  ? We are all human beings.. we are all one !!! Why differentiate in the name of such wrong ideas like language..religion....region ?? Oo",1
facebook_corpus_msr_2073758,"Harvard University is not teaching fraudulent ways of creating false GDP , Modiji.only U people can do it .",1
facebook_corpus_msr_2111292,"They are the ones who will save India from people like you,",1
facebook_corpus_msr_424694,"Proof is in the pudding!!!! He can talk all he wants, but will see what he does. As I said Proof is in the pudding. Time will tell.",1
facebook_corpus_msr_1360502,Please ignore bjp.,1
facebook_corpus_msr_1723075,Or the mass murders?,1
facebook_corpus_msr_1723590,Well.....if this is how u prefer to be in the limelight.....then face the twitterati trolls!!,1
facebook_corpus_msr_474298,This decision by Narendra Modi is brilliant but NRIs who don't have plan to travel to India in 50 days or say till 31st of March will be in trouble.,1
facebook_corpus_msr_2020818,You wear a lion dress but inside body totally pig like street pig,1
facebook_corpus_msr_1490602,And media got all time in search of more lies🖕,1
facebook_corpus_msr_2032095,"Sad children don't realize what they value to their parents...A father today can't even shout or beat for not working ... Only god can tell what that his father is going through ...How can they  not perspect about our parents after such consequences...😞
Salute you sir..!!! ...You make us feel proud national ..And condolences",1
facebook_corpus_msr_1956938,"This is not place for your hateful anti-hindu opinions , spell and write truth with facts or shutdown shop. We had enough of the bullcrap from media and what they are trying to pull since 2014.",1
facebook_corpus_msr_466237,Corruprion was high in congress time but everything was undercontrol and things were going smoothly.. india had best PM like you Mr. Manmohan... you are simply best.,1
facebook_corpus_msr_225588,At least try to respect serving president. If don't get then learn from you parents,1
facebook_corpus_msr_2032116,Wow. We have an apologist,1
facebook_corpus_msr_2032057,Riya Biswas better to face world with your real identity. Why to hide behind a hindu name? When you belong to peacefull religion. Are you feeling ashamed of yourself or peacefull religion?,1
facebook_corpus_msr_2032404,only two months needed to be terrorist?,1
facebook_corpus_msr_1649475,Where is owaisi? Where is mamta begum?,1
facebook_corpus_msr_2127023,"BJP ko 82 Mila hai AUR shivsena ko 84,it is not massive,and more over BJP has won 8/10 municipal corporation then how is shivsena performing well.How is this newspaper posting such fake news",1
facebook_corpus_msr_1723860,"Does Whole India believes Allah is only the true God, That's what is said in the loudspeakers on Azaan .",1
facebook_corpus_msr_434924,Well If that reduces the global temperatures by few degrees that will be a great achievement. Hope this trillion dollar brings additional life to the planet..,1
facebook_corpus_msr_1561887,Thats the irony.. Sad,1
facebook_corpus_msr_1723107,Its the same with Hindu's as well. Dont take his tweet seriously. Insteas read comments of others and know not everyone is like him.,1
facebook_corpus_msr_1979834,"Dear Indian Express,
I feel sorry to write that your journalists are out there to misinterpret events and present them in a distorted manner just to make some sensational headlines. The news about upcoming singer Nahid Afreen has been prepared without proper research and investigation. It was very sad to see that your journalists don't even know the difference between fatwa and appeal. 
A fatwa is a non-binding legal opinion issued only by a qualified jurist (Mufti) on a request by someone who is unable to understand religious guidelines whereas the leaflet that is being circulated and presented as Fatwa is just a hard copy of an appeal signed by 46 men who believe in religious practices. The merit of appeal can be discussed on many grounds and in many dimensions but first and foremost, an appeal can not be called a legal opinion (Fatwa). 
We expect apology from your side for such a mistake.",1
facebook_corpus_msr_1805403,A secret weapon of BJP,1
facebook_corpus_msr_1957004,presence of prestitutes like u in india is odious and ominous.,1
facebook_corpus_msr_1728896,It's a conspiracy to sell more RailNeer bottled waters :P,1
facebook_corpus_msr_446733,will support if you have guts to take decision of taking digital political contributions...if not other atleast your party start this...,1
facebook_corpus_msr_322991,^^ then? Soldiers killed themself and mutilated themself? Asking for proof b.c,1
facebook_corpus_msr_233575,"This is tooo much .. 

 Now its time fr axon,  instead of blaming each everybody should raiss to fight agai st those terror",1
facebook_corpus_msr_1731543,"He is coming To Bihar  too, that unsettles all",1
facebook_corpus_msr_1723085,Stop all loudspeakers. Practise your religion inside your home.,1
facebook_corpus_msr_1805134,"Anna Hazare sponsored by  BJP against Congress , now ask him where his agitation / Dharana in favour of Lokpal",1
facebook_corpus_msr_1946833,This is very funny if Muslims love yogiji will they be doing an Aarti in their mosques?please do not expect him to go down in his knees to prove his affection for a particular quom!He has an image of hardcore Hindu and I had always been a critic of hypocrisy this time maulanaji you are being a hypocrite.,1
facebook_corpus_msr_528458,"What he spoke on last friday was not as PM of our nation, but just as a congress leader only..so immature even after 9.5 years of ruling.",1
facebook_corpus_msr_2032063,Later thousands will participate in the funeral gathering.. :-(,1
facebook_corpus_msr_466280,Most looted period was 2004 to 2014. Now wo cares what Congress is saying.,1
facebook_corpus_msr_1490593,None will believe you.,1
facebook_corpus_msr_1622385,"It is greatest among all toppers .. Toppers among toppers ..I am general category guy , I say Dalits scientific skills are equivalent to westerners. It is this science views saving India from poverty , illogical thoughts , black vs white divisions etc... IT workers cannot even missile , so we have to rely on science .",1
facebook_corpus_msr_327597,Appeasement policy by Congress govt is made people easy earning in the name of problem.so revoke Nehru s article 370 promote hard work in the place of appeasement,1
facebook_corpus_msr_2127000,aggression paid off or put off ??  :P :D its the time for uddhav n shivsena for introspection !,1
facebook_corpus_msr_1804922,Anna Hazare is still quiet over the MP case where BJP persons were involved with ISI / Dadri lynching / Alwar lynching since he can not speak against BJP.  But  would speak against Kejriwal.,1
facebook_corpus_msr_2179129,"Khushboo Jain this video reminds me of u
Jaee Naik do watch this😂😂",1
facebook_corpus_msr_335369,his name is Devindra Kumar....but don't worry u should don't change ur mind...might he have changed his name to defame Hindu society... #stereotype mind set.,1
facebook_corpus_msr_2111289,"Oh rss is antisecular,and aimim is secular,even if it fights for election with anti Hindu agenda,hats off to cpm",1
facebook_corpus_msr_1521893,this is the hate creating policy of rss launh by bjp.shame on modi and rsjnaath singh,1
facebook_corpus_msr_327608,"What they are searching in the van Terrrorist had already been run away, try to find out where they are hiding..Are they hiding in the village or in the jungle.",1
facebook_corpus_msr_334298,"Neel I have a question,  when Godhra Kand  happen then also how can BJP was winning the state again and again.",1
facebook_corpus_msr_445746,Any change is difficult ... n this one is a tough one ... its important that go through this process and honestly we dont have a choice but to trust our PM.. unfortunatly there is not credible opposition.. opposition is so downmarket ... so useless.. full of jokers.... no credible and weak opposition is also not good for our democracy ..... hope for the best and lets be with PM Modi....,1
facebook_corpus_msr_1722938,"Nd as i have been sying frm so long, he cud hve straightly complained in police station rather then tweeting that surely would have setup a better example.. Nd also i have been saying for so long that loudspeaker can be used bt in a controlled manner abiding by Indian Constitution",1
facebook_corpus_msr_1561762,What nonsense!!,1
facebook_corpus_msr_444042,Every note of 500 and 1000 is been deposited in the bank then where the hell is black money gone,1
facebook_corpus_msr_504957,hi Shereen Bhan ji you should be taking interview of Mrs Hillary Clinton,1
facebook_corpus_msr_1805694,Anna is hard core RSS member,1
facebook_corpus_msr_1724052,He is correct,1
facebook_corpus_msr_1956934,It is a Democratic country. If Yogi is so bad people of this country will get a chance very soon. Need not worry at all. Then express report.. ..total nonsense.,1
facebook_corpus_msr_474295,Hello we all appreciate tish moves.but we r small businessman how could we recover today's loss,1
facebook_corpus_msr_442639,How come snapedeal can provide you cash at fees when you yourself have to queue for ur money...strange...first of its kind in world...,1
facebook_corpus_msr_1582251,"Present day politics has  auctioned it's sovereignty to caate, creed, religion and ofcourse money. No political philosophy can withstand the pressure of corruption and that has been proved in many places in the modern history. Why elsewhere take examp: of China, Russia, West Bengal,and Kerla  dol you find Marxs ideology achieved the goal? Can you explain why Mnisters were caught for disproportianate assests and charges of bribes in CHINA,RUSSIA and every where under left rules.? It was. Not is.",1
facebook_corpus_msr_1805075,"Right in just sitting and now supporting the ruling government?
Oh wait MCD elections!!!",1
facebook_corpus_msr_325013,Kajol - who cares what you ate. Its quite ok even if it was Gau Mata. Only muslims are not allowed. For others its fine.,1
facebook_corpus_msr_444114,modi g just people like us r suffering rich people have managed to again pilled up new curreny only this thing is very painful,1
facebook_corpus_msr_300231,"I am getting threats at Facebook and at google+ too since 2 yrs ,I informed ndtv they refused to come.",1
facebook_corpus_msr_1723306,"It doesn't befits to a man who started his career by performing in Jagrata where he used to sing whole night on loudspeaker to raise questions now on Azaan which lasts just from 1 to 3 mins. Also it would not be the first time he would have heard fajr azaan is he is from delhi. He is a clever man, he know he could also be rewarded like Akshay Kumar in future if he involves in religious debates.",1
facebook_corpus_msr_1649486,Very sad,1
facebook_corpus_msr_2318840,"Yet, another case of drunk driving.",1
facebook_corpus_msr_331608,$56 billion or $56 million How stupid are people at NDTV Even the richest person in the world don't have $56 billion in cash to buy a home,1
facebook_corpus_msr_2018666,Aditi Garg such ignorance. Much wow.,1
facebook_corpus_msr_432957,What has he done for hospitals unemployment and reservations and middle class can anyone explain please?,1
facebook_corpus_msr_1724037,Truth,1
facebook_corpus_msr_2161637,"Haha its is the Almighty God who created us, our prophets and this whole universe..not any human or object has created the same..read ur authentic books like Vedas and see what is written there..it is clearly written in Vedas that God has no image and nothing is like God..so how can we consider that Krishna who was a human being was a God??",1
facebook_corpus_msr_2018603,"She wouldn't even know about the ""new wave of feminism"".  :D",1
facebook_corpus_msr_1722778,"And if they are advertising condoms why dont they advertise it in a decent and logical way 
Seeing sunny nude will promote condom ??",1
facebook_corpus_msr_469276,Ambitious Plan! Courageous Declaration! Enormous Challenge! Js 6 yrs - time flies fast!,1
facebook_corpus_msr_444783,"Sir..if this bill gives benefit to farmer then pls proceed... otherwise pls stop it. Bcs man farmer are suffering a lot....do you know how farmer are suffering with out getting right value to them crop....just think it on farmer area is less ..less farmer...less crop...less benefits....less develope... everything is less for farmer....not other... just think it sir...all employees are getting monthly salary for running his daily life but not farmer 
... think.. think",1
facebook_corpus_msr_445596,"Poor people and farmers are suffering big time and they are definitely not black money hoarders. Real black money hoarders are sitting  in your meeting,  listening and clapping. I visited India and went to Haryana and talked to the farmers. None of the farmers were happy about govt policies. Pls do something for farmers.",1
facebook_corpus_msr_372140,"You can beat aaj tak in the trp 
Keep it up",1
facebook_corpus_msr_485181,"Did he just called president Hillary Clinton   :P  whoever wins, God bless America :)",1
facebook_corpus_msr_2032166,His father did the right thing but the root cause of hatred is absence of humanity which should be taught at home. Jobless youth who are frustrated with life are the prime target for terror recruiters and something should be done to nip it.,1
facebook_corpus_msr_445944,Demonetisation is a good Idea but poorly implemented and people are suffering. The black money is in overseas and in the form of gold and properties. Modi is failed bringing the black money back and completely failed handling the situation and the GDP is has gone down by 1.2%. It will take 5 years for the indian economy to come back to normal state. The rupee lost 40 paise in the past one month and sensex is down. It will take minimum 6 months for the situation to come back to normal. remember we have only 4 printing press and can print only very limited amount of money per day. we cant print money overseas. people doesnt have money to spent and business are struggling. countries like america australia and uk took 10 years to move towards  digital transactions. It  will not happen in one night for god sake. for a country like india it will take 10 years mark my words. people have died standing lines and whole country is suffering. the worst Idea ever i still cant beleive he is feeling great about this. he cant even talk in the parliament about this.,1
facebook_corpus_msr_1710290,An expensieve pay commission than this   was implimented in 2008  also.. Lol  Rahul Ganguly..,1
facebook_corpus_msr_436738,"A person for whom bhashan means everything,hard work is a myth for him...",1
facebook_corpus_msr_1723601,I respect Sonu Nigam's courage. No God prefers noise. Relation with God is very personal matter. Why to cry.,1
facebook_corpus_msr_1724257,Nothing to say he have his own opinion.,1
facebook_corpus_msr_373754,Hamare rajnaath ji kadi ninda karke unse badla lenge thoda sabar to karo des wasiyo,1
facebook_corpus_msr_2082498,"The big myth on tax payers in India Data from a Chartered Accountants group.......
Mr Jetly said during his budget speech that we are largely a tax compliant society and presented that only 3.7 crores are  filling ITRs in this poor country with 125 crore population .

The reply by CAs : 

Sir, 
We have 82 crore voters 

- 75% are agriculturists ,61.5 crores ( You exempted them directly but, they can also buy cars , bunglows etc as you quoted.. your political counterparts are also enjoying this) 

Balance..........
20.5 crores 

Less: 24% BPL class ( Below poverty line)

15 crore population ( which is non agriculturist and non BPL) .. 

Less : Senior Citizens, Non working wives, unemployed youths, below taxable income earners...political class..(say 75%) ... in a typical indian family only 1 earning member and 5/6 are dependent on him....

Balance (15-11.25)=3.75 crores is the earning class ... which can file ITRs and ... they are already filling it.... 

.... so almost no gap as Mr Jetly is stressing unnecessarily without knowing his country🤓😝😱

if Looser Jetly wants more people's to come into tax net ...then... instead foolishly resorting to only rampant raids, surveys...notices... scrutiny ..... demonetisations etc etc terrorism ... he should defy his negative bureaucrats and .......

1. Introduce simple Income Tax on Agricultural Income on large landlords ( Say 10 Acres plus ) - you can add 26% of Agriculturists as tax payers ( Politicians are also enjoying this )

2. Instead of introducing 5000/10000 penalties on late filers of IT return ...
Come out with positive approach and introduce incentives to IT return filers ( learn from Pakistan, IT assessee gets discount in purchase of Car )

3. Introduce Privilege card to  those paying taxes above certain limit.. privilege card to entitle assessee with benefits like Priority quota in railway tickets , Use of airport lounges, subsidised medical facilities, etc etc... *let Tax payers feel proud*

4. Introduce medical insurance / life insurance on basis of average ITR filled... like coverage upto twice of Gross Income in ITR filled for mediclaim and ten times risk cover in case of life insurance 

5. Introduce Pension after 65 yrs of age on the basis of tax paid by tax payer during his working life..

Let honest taxpayers get certain direct benefits.... 

As on today, 3.3% of Indian population is filling ITRs as compared to 8% of China...adding large agriculturists to Income Tax may shoot the figure to more than 10% .... it may help you to cool your tax terrorism mindset and a tax compliant nation ...😊
*LET'S SPREAD THIS TO HONEST TAX PAYERS*",1
facebook_corpus_msr_450762,When common people suffrd bfr why didnt people raised thr voice dat tym??,1
facebook_corpus_msr_1723807,"People with  problem of. Diffrent religion s. 
Should go on moon",1
facebook_corpus_msr_2126958,Awkward day for peaceful community. .one enemy lost and another won,1
facebook_corpus_msr_1689920,God knws wat d prblm is..,1
facebook_corpus_msr_444152,Adam Smith wrote a book The Wealth of Nations. Soina Gandhi should write a book How to Rob The Wealth of Nations,1
facebook_corpus_msr_329972,You of course! You are the most intelligent and best informed in all administrative matters! It's because of fools like you that naxals and stone pelters are active.,1
facebook_corpus_msr_1805020,Seriously Anna Hazare should introspect before making such statements!!!,1
facebook_corpus_msr_399487,"Its called #Beef_strike :D.
 ban cow slaughter now Pakistani army will eat you.",1
facebook_corpus_msr_431844,Priyaka husband is involved in scam so u want her to be pm,1
facebook_corpus_msr_451793,"Look at his face, looks like he saw the bike before only XD",1
facebook_corpus_msr_335003,"Dear friend, I have not got opportunity to watch the movie yet due to shows running housefull but your comment seems to inspired by communalism..",1
facebook_corpus_msr_474296,Superb move......superb execution of the plan..... black money u better beware of India,1
facebook_corpus_msr_327615,Na kashmir rahega na pakistan rahega ishfaq bhosdiwaale sabr ka intehaan le raha hai tera katwa pakistan,1
facebook_corpus_msr_857705,"Mshanu are u literatr?
Bcos budget date was announced before election date so why election commition has announced election before budget.",1
facebook_corpus_msr_450667,"Poor people are suffering a lot, don't have money to eat,  farmers are in trouble because of your terrible decision",1
facebook_corpus_msr_2349545,"whether u believe or not ,don't call Jesus Muslim. ,Muslim is just rewrite by muhamnd ,tats all",1
facebook_corpus_msr_450893,If he is not PM for you then nobody can,1
facebook_corpus_msr_327086,journey by sitting on other's shoulder.if bsnl stop cooperating jio will be zero,1
facebook_corpus_msr_1710291,Prabhu 's Inefficiency is the reality.  Cant hide it.,1
facebook_corpus_msr_1521813,Stupid people. Both pork and beef are delicious. Hahaa. No issues . More for the people who eat. Oh btw no use arguing Keralites will continue eating beef or pork or whatever the hell we want because we have that basic human right here. Modi jis  goo s have no power  here,1
facebook_corpus_msr_465687,But our siblings and nxt generation can enjoy the fruits....don't be selfish.,1
facebook_corpus_msr_451073,Great step !!! but again ruined by corrupt Some  Bankers !!!,1
facebook_corpus_msr_492093,"Simply bi cot this man as a business men. 
1st  he became yoga guru, then with the help of yoga preach politics, then use to sell hi product by mouth to mouth marketing, then using old days thinking ad strategies based on divide and rule politics. making medicines, FMCG goods etc and know the pants. He is not sanayasi baba he is pure business men. Cleaver business men.",1
facebook_corpus_msr_451764,They asked Yami Gautam to launch the bike - she refused - so they are now trying to get Zeenat Aman....she will come and sing -,1
facebook_corpus_msr_450226,Demonetization was a good step by BJP.. but not planned well,1
facebook_corpus_msr_334489,You are targetting a 80 yrs old former soldier of indian army who has sacrificed his whole life in spreading awareness against liquor in Maharashtra from last so many years. What are you doing.. Mr Joker ?,1
facebook_corpus_msr_373691,No true Indian is ready to listen the consolation or polish language of our political leaders. Now the time is not that to shed the tears on Martyrs. Indian government should pursue the policy like Israel . Shoot at sight should be the solution who raise venomous hood against India and Indian army,1
facebook_corpus_msr_2018663,Girl pls don't get a dog 😜,1
facebook_corpus_msr_327955,"R u knowing the meaning of freedom .. .???
Begger vahabiii .. .
U just shaming islam ...and Kashmir...",1
facebook_corpus_msr_429836,Severance agreed to be paid when Rajiv Bansal left was Rs 17 cr but he was actually paid Rs 5 cr: Infosys Chairman,1
facebook_corpus_msr_1853675,"72 million are on prime ?? ha ha ha ....What a joke !! How many 4g VOLTE phones exist in India ??
Feku's disciple Reliance heading for the dustbin.",1
facebook_corpus_msr_1887257,"why we should get so surprised
we train them the decipline the human value.make them to have a positive out look for the country &society.
definitly the are going to impart this others.
in America for this they have a system that every citizen had to undergo two years compulsory military training.
that way the have a train down personal available to be called  at short notice",1
facebook_corpus_msr_380596,Manmohan ji sant the modi ji khambha ukhad rahe hai,1
facebook_corpus_msr_432659,th who are against modiji can leave India and go f** themselfl,1
facebook_corpus_msr_1735830,This is just politics as it's been happening since long time. Someone should stop this .,1
facebook_corpus_msr_334453,Is'nt this a VIP culture..?  a picture depicts a thousand words. .!!,1
facebook_corpus_msr_1804893,"Anna tumhari policy sab jaan gaye hein, bas jo izzat thordi bahut ha bachaye rakhkho wo to umr ho gayee tumhari aur abhi bhi desh ki sanskriti ki wajeh se bache ho warna har jegeh joote pardte",1
facebook_corpus_msr_1976245,"Really, Indian Express? 

Please don't be the Express of the Indians that are perverse. Please be the Express of the Indians that need a voice to strive.",1
facebook_corpus_msr_1922858,Let him learn how to behave with others,1
facebook_corpus_msr_1563606,"You brought up hate, not me. And you'll be lucky to make it as far as I've made it. Karma will get you in time for your hatefulness.",1
facebook_corpus_msr_2032206,Well done for shoting dead the isis worker..but also shot to dead Dhruv Saxena BJP IT cells worker who was arrested red handed being Pakistan's ISI Agent.,1
facebook_corpus_msr_2081713,"Love him. But one thing is clear, Leftists and AAPTARDS want only their representatives to speak. EVERY ONE ELSE MUST KEEP pin drop silence",1
facebook_corpus_msr_1805003,ur the digest drama artist I saw in my life .. ur just a puppet.. everyone knows who's the puppet master...,1
facebook_corpus_msr_1639562,They have to protect cow in Delhi. Period.,1
facebook_corpus_msr_448129,Great i kbow some people are suffering for money but people u konw about this man are carrying about u they doing for u they doing for our country,1
facebook_corpus_msr_462619,"An ambassador not having an international debit card, we should slam Russia for this...  😂

And these stupid news channels.",1
facebook_corpus_msr_2280091,"Erm no it hasn't.
There was no ban in 201, new vetting procedures were put inplace wich slowed immigration during the switch from old too new - but at no point was anyone banned.
http://uk.businessinsider.com/big-differences-between-trumps-immigration-ban-obamas-2011-policy-2017-2?r=US&IR=T

I ifnd it funny how you insult others for their lack of research whilst proving you havent done any yourself. Amazing.",1
facebook_corpus_msr_404123,It is our dignity to give a chance to involve Pakistan in the development process but as usual a terrorists country doesn't believe in development,1
facebook_corpus_msr_2280062,"Karen Hjarne  Why,,,,does it make you feel good about the ridiculous ban that Trump enacted?",1
facebook_corpus_msr_506703,"IMF vs India, where is Indan pata  : ?  Big dialog, 'No need foreign loan.'",1
facebook_corpus_msr_408044,Tamil Nadu farmer are telling they are suffering from money and other drama wasting milk on poster. Instead of this these people had given milk to need children in name of Bahu bali,1
facebook_corpus_msr_1945559,He said right if a goon rioter became CM .Davod can become head of mumbia police,1
facebook_corpus_msr_2398028,"Unfortunately all Kashmiri talent like shah Faisal ( IAS topper) , Cricketer Parvaiz Rasool, this young girl & many other Kashmiri talented youth are projected by Indian Intelligence & Media to legalize its illegal occupation, we do appreciate her talent and strongly disagree the way she is being promoted against Kashmirs political belief, hay bakhts find a formula and use her to save you from the disgrace of demonitization as well...#Modi ji, since she worked in an Indian film, tell the world that every Kashmiris is Indian by acting skills....lol",1
facebook_corpus_msr_2111296,RSS is in power and it has not done anything as u r proving it......so better people understand ur politics and the level of division u can cause in people,1
facebook_corpus_msr_447975,Modi ji could u plz get tax from business men s pockets like v service people... then i vl b with u,1
facebook_corpus_msr_432017,If his going to resign are you going to sit on his place?,1
facebook_corpus_msr_446591,Justify! Justify! Justify! You need to do a lot now,1
facebook_corpus_msr_1922861,After sometime he won't be getting a cycle rickshaw.,1
facebook_corpus_msr_1490544,"One side you like piece of sh_t moron keep on alleging bullsh_t matter without proof on Kejriwal and other way paid media telecast it like a ""Mangalyaan"" mission....that's what is the plane of you and your jhumla party.",1
facebook_corpus_msr_450887,Please go to parliament and make it to run smoothly,1
facebook_corpus_msr_455719,Launching of an Indian bike in Indian market with Opera...They have got it wrong right from the launch...The Marketing team really needs a BIG round of applause!!!,1
facebook_corpus_msr_1805052,This fellow wants Bharat Ratna from the govt and hence this utterance.,1
facebook_corpus_msr_1873430,Why was a heated iron rod not shoved in the woman's two orifices then she would also bleed,1
facebook_corpus_msr_484861,"Ra-Ra-Rasputin ( trumph) 
Lover of the Russian queen
There was a cat that really was gone
Ra-Ra-Rasputin
Russia's greatest love machine ---new trumph antique clock",1
facebook_corpus_msr_2127045,What is criteria of massive win Indian Express? 84 VS 80?,1
facebook_corpus_msr_115533,Lol 😂😂😂😂😂 Most of the IITians fly to USA? lol.,1
facebook_corpus_msr_1893411,Brahma married his own daughter Saraswati remember!,1
facebook_corpus_msr_324610,"That will be sensible decision by Trump if he start negotiations with North Korea  instead of   making   threats of war. You cannot underestimate  country with nuclear weapons. This is  not Syria, Afghanistan where you can test your bombs, even there they have not achieved anything substantial except innocent killings.",1
facebook_corpus_msr_466217,"Hello , during your period we Indians witnessed how your team had looted this country's natural resources & poor people hard earned money. You lost that respect. One of the worst PM ever had. Sorry...don't miss lead this nation for sack of Gandhi family loyalist..... shamefulllll",1
facebook_corpus_msr_380042,Ya  Kya  ho  rha  h  sir  modi    Ji    kha  big  h,1
facebook_corpus_msr_446000,"Things to be plan well  in  advance so we middle  class  people dont suffer,by standing in Q  for nothing.",1
facebook_corpus_msr_334356,"And this comment is written by the guy who stays in Kerala...
Paid commenter doing his job",1
facebook_corpus_msr_469414,Thn tell them not to exchange the currency at the home ND feel the same pain as commoners are facing...,1
facebook_corpus_msr_469663,Plz tell manmohan won which election....u made him pm....but no one cried,1
facebook_corpus_msr_1493820,This is what u can do .....,1
facebook_corpus_msr_2041552,He is ryt always playing woman card and blaming film industry and yet she is recognise as one of d best by all and gets to act in good movies under good banner....well to me she is not in league of Vidya Balan or Tabu as per her acting portrayal which i beleive these both r much bigger actress dan her and never saw them playing the woman card all along....if KJ has power then whats her problem anyways women empowerment doesnt mean women has to bash men for no reason just to make a point...,1
facebook_corpus_msr_1723511,Killer of Indian prime ministers Indira n Rajiv Gandhi weren't muslims. . Reason behind world wars weren't muslims.. Muslims didn't  killed  thousands in kalinga war ..,1
facebook_corpus_msr_1723895,He too is interested to join politics.,1
facebook_corpus_msr_2081717,This video filmed in 2015. Who got it out? Who picked up just one placard out of many to make a huge issue out of it? Imagine if someone took out your daughters school project and twist and make it an issue?,1
facebook_corpus_msr_2117651,"Very sad and tragic. Same question was asked by Ikhlaqs wife, when he was lynched by the mob in Dadri.",1
facebook_corpus_msr_335348,Either Cow or muslim can make news and should be punished otherwise its useless news.... leave this noble man,1
facebook_corpus_msr_2018517,And as far as choice is concerned I think she doesn't have a choice..,1
facebook_corpus_msr_1671793,"Pls dig down more to get actual thing,",1
facebook_corpus_msr_2081692,"“Hi 🙂 My name is Gurmehar Kaur. I am from Jalandhar, India. This is my dad Capt. Mandeep Singh. He was killed in the 1999 Kargil War. I was 2 years old when he died. I have very few memories of him. I have more memories of how it feels NOT to have a father. I also remember how much I used to hate Pakistan & Pakistanis because they killed my Dad. I used to hate Muslims too because I thought all Muslims are Pakistanis. When I was 6 years old, I tried to stab a lady in a burkha. Because for some strange reason, I thought she was responsible for my father’s death. My mother held me back and made me understand that Pakistan did not kill my dad, war killed him. It took me a while to know but today I do. I have learnt to let go of my hate. It was not easy but its not difficult. If I can do it, so can you. Today, I am a soldier too, just like my dad. I fight for peace between India and Pakistan. Because if there was no war between us, my father would still be here. I am making this video because I want the Governments of both countries to stop pretending and solve the problem. If France & Germany can become friends after 2 World Wars, if Japan & USA can put their past behind and work towards progress, then why can’t we?? Majority of regular Indians and Pakistanis want peace, not war. I am questioning the calibre of leadership of both nations. We cannot dream of becoming a first world country with third world leadership. Please pull your socks up. Talk to each other and get the job done.Enough state sponsored terrorism. Enough state-sponsored spies. Enough state-sponsored hatred. Enough people have died on both sides of the border. Enough is Enough. I wish to live in a world where there are no Gurmehar Kaurs who miss their Dad. I am not alone, there are many like me. #ProfileForPeace”.",1
facebook_corpus_msr_2349581,Haha this guy doesn't know he is protecting snakes.,1
facebook_corpus_msr_410603,"Queen ElizabethII
f@cking Indian adore her, coz they still slave of Whites",1
facebook_corpus_msr_446515,Only political person and government officer have big black money by way of cash gold property,1
facebook_corpus_msr_381315,Neta ko bhejo border me tb pta chlega jaan kya chij hoti h,1
facebook_corpus_msr_466256,Anthony... The reason I spoke abt Mercedes is coz u made a statement abt ppl standing in queues... Also we r all kids to understand as its not only BJP but all others parties. We have been fooled for years by one leadership... Let's give a fair chance to others...,1
facebook_corpus_msr_1996168,"First fall who gave permission for the college 🏫,  which is unfinished standing on bricks, no cement work done",1
facebook_corpus_msr_2111408,RSS KI DHAMKIYON KI  SAAMNE JUKKNEVAALA NAHI COMMUNIST.,1
facebook_corpus_msr_398301,Dialogue is un ending. Dialogue should be stoped and real action to be taken.,1
facebook_corpus_msr_1714346,@chinmay hebbar...  check bheemsena wikipedia..,1
facebook_corpus_msr_450871,Poor implementation.... Not gonna win the next election for sure,1
facebook_corpus_msr_466073,"Most of Private Banks ATM's Like HDFC, ICICI etc are out of cash. Only Public sector bank's ATM working",0
facebook_corpus_msr_1521685,"??we r against cow slaughter,so of course it will stop leather manufacturing if it happens.",0
facebook_corpus_msr_465051,How does inflation react to all the after shocks of this demon...?,0
facebook_corpus_msr_326287,This is a false news Indian media is simply misguiding there nation and creating hatred..Media should be v careful while spreading the news..SHAME.:(,0
facebook_corpus_msr_430450,"no permanent foes, no permanent friends. interest is permanent !",0
facebook_corpus_msr_1804887,"Deepak Kumar Sharma Saab...chalo aap ki Ye baat ek baar mann li...Now whatever pm Saab has talked about in 2014...Kya kya Kia us main...He is just a campaigner of BJP nothing else,ek cheez bta do.... but he is implementing all the bills which he opposed before 2014.. Example- FDI,GST and list is long...",0
facebook_corpus_msr_470188,"Why you guys counter the modi govt decisions, its fact there is black money cleanup stand taken ... so many discussions on news channel, individuals meetings 
Why so much of efforts made by media and make people scared and provoke",0
facebook_corpus_msr_405837,"No 
Same acting ll be there .. 
but we ll watch no option !!!
😬😜",0
facebook_corpus_msr_482226,"Happy Diwali.!!let's wish the next one year health,wealth n growth to our Indian economy.",0
facebook_corpus_msr_439533,Lolz... He said he is gonna employ large number of people in cyber security sector.. are you gonna employ illiterates in that profile..????,0
facebook_corpus_msr_461000,"Now nifty above 20 day moving average, what next 50 day moving average 8359",0
facebook_corpus_msr_1429853,Good to see when their in no terrror in pak and afgan and india as well so in can for development  step,0
facebook_corpus_msr_331246,"First of all,there is no gaurakshak in assam.the villagers beaten those two thieves...these things happen,when thieves try to steal the only property farmers have.",0
facebook_corpus_msr_464500,"Once upon a time Bengal/ Kolkata was most prosperous states in India. Now it is compared with Bihar/ Odisa. Wake up Mitra. Use your knowledge to help Bengal, rather than delivering stupid lecture.",0
facebook_corpus_msr_334533,He would be a lone boss with all the supporters shifts with kejriwal.,0
facebook_corpus_msr_417581,"Only 13 % of jio customers converted into prime, so they extended d date😁",0
facebook_corpus_msr_416461,POSITIONAL BUY JPASSOCIATE ON EVERY DECLINE 13.00-10.50-7.50-5.50 FOR TARGET 36 AND 56 (TIME FRAME 2-3 YEARS),0
facebook_corpus_msr_427865,Hi Anuj brought  divis to days at 710 what to do and Tata motor dvr 275 any target,0
facebook_corpus_msr_406854,"I know you people of Nagaland

And Meghalaya hate bjp

But its the truth

2 lok sabha seats from those 2 states can't stop bjp

Assam and arunachal yes it matters

But these states are becoming strongholds of bjp day by day
Including Manipur

Tripura

And sikkim",0
facebook_corpus_msr_470955,please advice about Bank nifty & how the NPA will benefit for PSU Banks ?,0
facebook_corpus_msr_443467,Plz share ur view on astec life??  Bought at 675,0
facebook_corpus_msr_325898,We should use offensive defensive strategy doctrine.learn lessons from Israel ..and give free hand to security forces and covert missions inside pak to bleed Pakistan.,0
facebook_corpus_msr_325748,"India must prevent Pak soldiers to cross LOC and their coming into India stealthily at all cost. For that purpose we should use bullets liberally. At the same time, India should also slap a trade embargo on Pakistan, and urge and  convince the US and other powerful nations to introduce economic sanctions against Pakistan for an indefinite period. Then only this terrorist state would be brought down to its knees.",0
facebook_corpus_msr_497389,"On the other hand Reliance Jio is giving for 3k - 3 months subscription to Unlimited calling (STD, Roaming), Unlimited 4G (this means actual 4G speed).  Oh and wait, they extended this plan from 3 months to 4 for the early customers. 
Airtel has got to lower their 4G/3G rates. For 1599 just 5GB internet? :|",0
facebook_corpus_msr_443134,Mistry has to substantiate wrong doing by Tata Sons: Tata Counsel,0
facebook_corpus_msr_484280,what is the view on suzlon energy in view of the purchase by canadian solar,0
facebook_corpus_msr_394729,Baba always wants to encash the emmotional  atmosphere hes lost his sheen drastically dramatically.,0
facebook_corpus_msr_2115215,Please don't lose the series.. It'll be Shameful to lose against this Australian team at home...,0
facebook_corpus_msr_1945575,Well said,0
facebook_corpus_msr_426286,India has become a leading country in mobile data usage: Mukesh Ambani,0
facebook_corpus_msr_2041603,Agreed.,0
facebook_corpus_msr_1804793,Mohit Soni this is reality bro please read carefully,0
facebook_corpus_msr_495526,"5 lakh to both(unbiased approach) regardless of rank of medal👍👍, proud to be a footballer😐",0
facebook_corpus_msr_482473,"----Majority of Kashmiris are pro-India but are unable to assert effectively in order to bring normalcy in Kashmir hence on invitation I will be going to Kashmir where with all the pro-India Kashmiris we (through political movement) will try to bring normalcy in Kashmir and also to solve Kashmir problem as mentioned at:-

http://aapress.com/ethnicity/indian/another-opportunity-to-solve-kashmir-problem/  OR

http://www.alwihdainfo.com/Another-opportunity-to-solve-Kashmir-problem_a43528.html  OR

http://www.pakistanchristianpost.com/letterdetails.php?letterid=790 OR

https://groups.yahoo.com/neo/groups/kashmir-global-network/conversations/messages/50215 

Regards

Email: hemraj_jain@yahoo.com",0
facebook_corpus_msr_334498,Why don't you compare the five worst riots post Independence and let's know where he faltered more than the Congress CMs of the other riot hit states,0
facebook_corpus_msr_322442,"I remember Japanese fan doing that during last FIFA world cup, now am wondering if Mizo's are decedent's of Japanese during World War II in famous battle of Kohima between Britishers and Japs 😝😝😝
P.s. Pun intended",0
facebook_corpus_msr_502844,When is work on NH-8 getting completed? Particluarly Hero Honda Chowk??,0
facebook_corpus_msr_461576,"Amma will always remain in our Hearts
May her noble soul Rest in peace.",0
facebook_corpus_msr_1455347,i like,0
facebook_corpus_msr_470839,What about Tata motors.. Has there been over reaction.. What's your view,0
facebook_corpus_msr_457396,Anuj and Porinju of the view that markets will make a new high before the budget,0
facebook_corpus_msr_322423,r u guys from dis university? Gaurav Seth PJ Anshu Mishra Shubham Singh,0
facebook_corpus_msr_2115208,It's alright. We lost a match not the series. Losing & winning is part of the game you can't always win every game. You win some. you lose some.,0
facebook_corpus_msr_487733,Do you see nifty hitting all time highs within this expiry??,0
facebook_corpus_msr_394667,"Let us accept the fact that We have a mini Pakistan here & many pro Pakistani anti national elements exists within the country. Which are being funded by enemy countries to weaken the integrity,peace & security of the nation by the help of few heavyweight traitors in politics. Be it in North- east, Kashmir or Hyderabad as long as a large section of fringe elements for their short term political or monetary gains prefer to destabilize the economy or national integrity following the support of external forces, resolving the issue of Pakistan or China will  be a distant dream for Mr Modi & his associates. Unless the rotten fishes are taken out from the pond we cannot expect a clean system.",0
facebook_corpus_msr_1775238,Congratulations!,0
facebook_corpus_msr_1804874,"11000 or 11 Lakh. In the end, truth prevails and the truth is that Kejriwal delivers! Period!!",0
facebook_corpus_msr_490983,"would like to know on Welspun india, REC, Wockhardt, GATI, and Metalyst",0
facebook_corpus_msr_401411,"Guys.. how long we bear this nussiance. Are we so weak that we cannot give a befitting reply,,😡😡😡😡",0
facebook_corpus_msr_480888,"jokes are made very seriously , this is indian way of doing business -fear of uncertainty",0
facebook_corpus_msr_483459,We will see a new battle btwn Tata sons and shapoorjees..,0
facebook_corpus_msr_1818436,Mens blame .daily soaps for women s .mental violence against men,0
facebook_corpus_msr_334831,"And there was a time when we had Congress both at the state and at the centre, 15 years in Assam and 10 years at the centre, and most importantly a PM nominated from Assam!",0
facebook_corpus_msr_332833,"Yes, Antonio..for us, God is within us. So everything/everyone is a manifestation of God to the followers of the Sanatana Dharma.",0
facebook_corpus_msr_483354,But it's a big decision and TATA need to clear the air.,0
facebook_corpus_msr_423044,Hello anuj sir your views on just dial after this rally will this continue or profit booking,0
facebook_corpus_msr_2035898,"You are the best of all...💞 
Our Cutiepie...
All the best 😊 for your film 🎥 #PHILLAURI...💕",0
facebook_corpus_msr_470956,please advice about Bank nifty & how the NPA will benefit for PSU Banks ?,0
facebook_corpus_msr_473742,Correption made essy becouse  2000rs note are big amount as compaire to 500rs and 1000rs.,0
facebook_corpus_msr_2111406,"Please leave this secular stands, do something good to society",0
facebook_corpus_msr_407584,In mumbai too many top politician will pray for his health,0
facebook_corpus_msr_457196,"Thanks for acknowledging, I'm a Chelsea fan though so I'm happier than you too! :)",0
facebook_corpus_msr_432276,Pm is lair means den u lair nd u praying god also lai,0
facebook_corpus_msr_425103,please comment on rain industry  regarding today stellar result,0
facebook_corpus_msr_455612,Royal Enfield is icon... its not possible to shake image,0
facebook_corpus_msr_503326,Bank of England is ready to infuse £250bn of additional funds into the economy to help it tide over the economic crisis likely to be caused by Brexit.,0
facebook_corpus_msr_331191,So called #GauRakshaks..... Claim that they r protecting 🐄 in d mother #Gaumata.... And dese #Gundaz sell der mother in d market...#Export der mother to the other countries.... when shes of no use for them...... #Shame on dese #Bhakts....,0
facebook_corpus_msr_1804796,Agreed..,0
facebook_corpus_msr_466200,Will metals rally for sometime now,0
facebook_corpus_msr_438540,"Really Mr. Jack, then Plz reveal how much black money is destroyed, banks received around 99.8% of 1000, 500 notes back in accounts then where is the black money.",0
facebook_corpus_msr_1775210,"Haha, so 60 years no development, only loot !!! Good you accept now !!",0
facebook_corpus_msr_346512,"�

 ♥PYTHON♥BOT♥TEAM♥

♪----» TAYYAB-XD.TK «----♪

♥♡o. BOT OWNER 💢 TAYYAB KHAN 💢",0
facebook_corpus_msr_327927,Surgical strike by Pakistan and we do surgical strike through media! Long live Modi diplomacy!  #SaveIndia,0
facebook_corpus_msr_1805717,No,0
facebook_corpus_msr_1937577,Mr. Kunder correct your facts. Prove it he is goon.,0
facebook_corpus_msr_451805,For maintenance bajaj will keep the bike and you have to get it from the workshop when u need it,0
facebook_corpus_msr_469423,you mean investment made with relations and friends of the above,0
facebook_corpus_msr_425691,Jio Effect. Its like Modi { Jio } and rest all.,0
facebook_corpus_msr_466288,ex pm spoke jst wt he has to speak as opposin member.other than ntng,0
facebook_corpus_msr_470849,This is time invest in bank stock specially SBI & Icici?,0
facebook_corpus_msr_1716154,If i live in the country where mob behaves like this and have licence to kill then i feel shame...by ur logic..taliban is also right who stone to death people...,0
facebook_corpus_msr_1884032,Time to #LaughAtDeath. Have you tried it yet?,0
facebook_corpus_msr_420674,"Transformational and reinventing sustainable India. Also, rebuilding credibility of core Hindu value of live and let live with mutual respect for all.",0
facebook_corpus_msr_1525114,Kashmiris also not against people of india but Indian occupation,0
facebook_corpus_msr_430523,Cnbc tv 18  knocks out  competion  on BUDGET  congrats,0
facebook_corpus_msr_1599828,hope car occupants are safe and unharmed.,0
facebook_corpus_msr_469906,"Hello, what will be Sun pharma in short term and long term?",0
facebook_corpus_msr_382123,Tit for tat in the same way....modi request u to plz do action asap...,0
facebook_corpus_msr_430440,"It is remain to be seen how INC (UP-UTTARAKHAND-MANIPUR) will  attract FIRST TIME highly tech savy voters towards the INC as spikes in the recent UP poll pc points to the massive participation of this section in the poll. Moreover, MANN KI BATE directly points to this section relentlesly✔",0
facebook_corpus_msr_452509,I want to upgrade from my 180 CC to 400CC,0
facebook_corpus_msr_418425,tech mahindra down nd other it stock up like tcs infy wipro..,0
facebook_corpus_msr_456078,Its like duke 390 why they took so much time to launch it.  Just give a name & changing some out look & reduce price ????,0
facebook_corpus_msr_1805657,No respect for him now,0
facebook_corpus_msr_494038,A true legend... simply unparalleled... kudos to the greatest philanthropist...,0
facebook_corpus_msr_503340,Isro copied my face book technology ---as simple as that,0
facebook_corpus_msr_2280155,Well Kuwait is an American colony isnt it?,0
facebook_corpus_msr_503001,This time your post is much more positive then previous one Sir @udayan mukherjee :D,0
facebook_corpus_msr_325392,"Name any minister or MLA/MP whose son is working in ARMY/BSF/CRPF or has sacrificed their lives for the nation while serving at the border?
2. Name any minister or MLA/MP whose children are going to government schools?
3. Name any minister or MLA/MP whose family is treated in common government hospitals and not big private hospitals?
4. Name any minister or MLA/MP whose children do not own big luxurious cars/homes millions of rupees?
5. Name any minister or MLA/MP whose family has not visited abroad on taxpayer’s money?
6. Name any minister or MLA/MP whose family do not stay in 5 star hotels when they visit other states within the country. 
7. Name any minister or MLA/MP whose family couldn’t get a railway or plane ticket even an hour before. 
There is a big such list. They can make us fool by saying all people are equal, but the reality is what we all know and experience.",0
facebook_corpus_msr_421068,"Hi Anuj, can I have your view on Balkrishan Industries and Sun Pharma.",0
facebook_corpus_msr_429353,Sir you have open the doors of competition in the telecom market... Good bless you..,0
facebook_corpus_msr_408895,Is actually Kassab hanged and died natural death out of Dengue? We have doubt and govt should release video evidence to prove that Kassab was actually hanged.,0
facebook_corpus_msr_233887,First of all finish these so called intellectual who are supporting anti-national,0
facebook_corpus_msr_334503,"Please don't change, kujliwal is needed for BJP just like Rahul Gandi",0
facebook_corpus_msr_469411,it's 2PM already  but program is still not aired.,0
facebook_corpus_msr_327049,Why Linux is free and virus proof? Why microsoft windows so expensive? Why it is not virus proof.? Why all PC manufaturers prefer microsoft windows over linux ?,0
facebook_corpus_msr_470272,You are great n no doubt we are with you,0
facebook_corpus_msr_397429,Pakistan is sending dead bodies to India .. :D like yesterday attack,0
facebook_corpus_msr_435319,"Invested in technology to secure transactions, differentiate bank from other players: Shikha Sharma",0
facebook_corpus_msr_1692633,"In graduation there is a sub.  Of Political science. If u knw thn this pist opinion poll playing very important role in terms of propaganda, to set people mind.",0
facebook_corpus_msr_424603,Revenue projections have to be owned by minister irrespective of projections that is given by industry. That is the only perspective. He should think of scenario building and contingencies in case projections. That is the business perspective. He has to get beyond of self glorification and just own up his budgets,0
facebook_corpus_msr_436417,Could you Ask Vishal on his Views on Automation and Artifical Intelligence on how to reskill people,0
facebook_corpus_msr_416595,"mah govt itself is at loss of 25-30% annual revenue, plus this will increase unemployement, they are planning to rope in some km area of highway under concerned municipal dept, bars and shops in mumbai are already working. Everyone knows govt will litreally go bankrupt without this industry such is the revenue from it",0
facebook_corpus_msr_469975,"It takes quite a while for mkts to consolidate. If u want cash immediately, get married to someone in the Q and avail Rs. 2.5 lakhs cash. Don't forget to invite Bank Branch Manager for the wedding to enable confirmation!!!",0
facebook_corpus_msr_495115,How come all the script that's mention on cnbc 20/20 never makes it tht,0
facebook_corpus_msr_1805619,Yes,0
facebook_corpus_msr_327846,"Pakistan on Monday rejected India's accusation that it killed two soldiers in ""unprovoked"" firing and mutilated their bodies near the Line of Control in Jammu and Kashmi #drama",0
facebook_corpus_msr_325902,"In other words, Indian Army is saying Pakistani soldiers went across the LoC into Indian side, Mutilated the bodies of two Indian soldiers and came back while no one on the Indian side dared them engage. 😂😂",0
facebook_corpus_msr_437780,What was the reason to see upswing in power sector today,0
facebook_corpus_msr_1521771,He compared it with regard to infant mortality. Having 100% literacy rate doesn't give right to kill infants.,0
facebook_corpus_msr_470169,Do some research and ground work.. dude.. media is not giving correct pic.. more than 80% Indian support modi's decision..,0
facebook_corpus_msr_483630,Shares prices of Tata sons is going to be  increased,0
facebook_corpus_msr_429271,"Jio - A change ,aweaome jio ,slap to idea airtel",0
facebook_corpus_msr_332813,"You proved yourself your mentality.
Read comment , understand intellectually.
If you don't have any knowledge about visual technology. U should nt novice comment
I don't comment about scripts .",0
facebook_corpus_msr_442405,Transfer fee is the additional backfire on Existing Monthly Budget.......,0
facebook_corpus_msr_429182,So humble you are Mukesh Ambani.. your  pieces about Entrepreneurs  should inspire a generation.. 🙏👍👌,0
facebook_corpus_msr_332724,We actually need strict application of laws for such senseless drivers ..,0
facebook_corpus_msr_487651,whether Q2 expected to be good for bank stocks  Q2 result start from South indian bank tomorrow,0
facebook_corpus_msr_397493,Tum logo ko swapndosh ki bimari h isme kisi ki problem ni h.2 tukde to ho gye ab kya chah rhe ho 10 12 ho.,0
facebook_corpus_msr_490963,I remembered the scene in OMG!! where Paresh Rawal describe the same scene as this news,0
facebook_corpus_msr_332772,"Bot On Fire 💙 Powered By 💙 Md Adnan 💙 

Self Site <3 Faxt.tk <3
Site By 💚 Usama Ahmad 💚",0
facebook_corpus_msr_1775205,"No other state has developed as Karnataka.. check the number of companies that are opening their over seas branch in blore.  QATAR AIRWAYS also starting local airline with base as blore...

Siddu  has got dreams to blore in his sleep.....",0
facebook_corpus_msr_422992,tell you  one thing your succession is after your boss resignation ...am i correct or wrong ...,0
facebook_corpus_msr_327926,Well way to go for patriarchalism... We dont need a reason for a war or battle... We just need to be oblivious... It will happen on its own,0
facebook_corpus_msr_426051,Happy? I hate this corruption & modi said he would remove it but will fail. That is what I meant. The politicians & officials are corrupt to the corr. All of us suffer.Demomonetizatio will do nothing against it.,0
facebook_corpus_msr_397452,"True China don't need militants , the ace product of this terrorist state ...",0
facebook_corpus_msr_418306,That's good I welcome GST people have to be paid tax and so tax money spent on Indian economy 😀,0
facebook_corpus_msr_2041604,#Karanjohar better look at it,0
facebook_corpus_msr_468227,If true this is what India needs. Innovative and creative. NOT whining ranting complaining and self destructive paranoid comments,0
facebook_corpus_msr_455858,There is no comparison with RE...  It's baap of all bike's..,0
facebook_corpus_msr_1805496,Paid Media +RSS+BJP + Anna V/S Imaandaar Kejriwaal,0
facebook_corpus_msr_422915,"On the occasion of International women's day,  I congratulate to all women of the world and wish them a very happy, healthy, progressive  and bright future. Let we all respect  the  women for their key role in the society as well as their directly and indirectly contribution for overall developments of the nation.Happy Women's day.. feel the power of Naari Shakti..",0
facebook_corpus_msr_371249,"Part time online job without investment 
Most important job for Facebook expert 
Earn 15000-25000/-month 
Open play store 
Install champcash mony free app
Sign up with champcash 
Refer id-12935304
Install 7-8 apps in the champcash and start online work",0
facebook_corpus_msr_412827,misuse ....aadhar should not be used as a card for identity proof -strictly,0
facebook_corpus_msr_490327,Sir to ask 1 more question...what is keeping Irb infra buzzing..is its IPO round the corner ?,0
facebook_corpus_msr_334857,Congress has to elect pradip bhattacharya to the RS during the same period from West Bengal..,0
facebook_corpus_msr_469037,"Bank nifty cracked today,  where are we going now",0
facebook_corpus_msr_325910,We make  issue and do ninda. We do not take any strong stand against it. Why we have deal with many countries when we can not use our arms  for this situation. Are we waiting for them to come and do the same to civilian.,0
facebook_corpus_msr_495484,"All the money announced, I doubt they will ever get it....it has happened in the past so many times...",0
facebook_corpus_msr_2280137,...But  why India is not doing it ...?,0
facebook_corpus_msr_1521688,Grt speaking with you dude.....tc,0
facebook_corpus_msr_1804847,Satnam Singh  joke of the year. Gi to delhi . Work speaks more than mouth,0
facebook_corpus_msr_431223,Hope people of my country understand his vision for our motherland India. We support you sir.👍,0
facebook_corpus_msr_399393,"This is surgical  strike from Pakistan.  Indian forces should enter Pak where their bases are,strike and do not vacate their territory.Reguarly Indian forces should do heavy firing along various Pak positions.  Be offencive than defencive.",0
facebook_corpus_msr_469101,Yes women's must be given more powers and rights. Let's change the nation.,0
facebook_corpus_msr_417316,We have followed the notification & not done any stock up of BS3 inventory: Pawan Goenka,0
facebook_corpus_msr_415139,"i am salaried, also working with LIC as advisor, which ITR should i be filing ??",0
facebook_corpus_msr_1804814,Perfect,0
facebook_corpus_msr_505707,"first decrease taxes and increase tax net.cover each and every one to pay minimum taxes. First catch politicians neta they have lots of monies,catch govt officials and bureaucrats,catch custom & excise people right from peon to top people, catch police people they too have lots of monies, catch sales and income tax people right from peon to commissioners.they have looted India.catch municipality right from peon to municipality commissioners they too have minted lots of monies.catch peons because all setting is done by PEONS.catch railway people they too minted lots of monies.catch STATE OWNED BANKS officials they too mint lots of monies.Indians are intelligent in cheating and minting monies in most unethical manners.not all but majority. We can leave behind WORLD BANK AND IMF.catch temples they too have lots of cash and gold.if you want more feedback I will give provide me your email I'd.I feel 35 CRORES INDIANS MUST PAY DIRECT OR INDIRECT TAXES. FIRST CATCH THIS CORRUPT NETAS........AND CONTROL THEM, REST WILL FALL IN LINE.....",0
facebook_corpus_msr_2280150,thank you Mr. Eric. I am jayesh from President of India,0
facebook_corpus_msr_436037,With just agriculture we can live and die our entire lifetime,0
facebook_corpus_msr_334302,@ Neel Patel...   Glad to know dat   ur kindof  ppl  still  exists ... Stay blessed,0
facebook_corpus_msr_1681219,President Xi Jinping has prioritised advancing China's space programme to strengthen national security.,0
facebook_corpus_msr_1692574,BJP running MCD for ten years.  If people still vote for BJP that means they feel that nobody else can manage it better and the present state of Delhi is the max standard we can achieve.,0
facebook_corpus_msr_470310,Person who is haveing black money only crying not people like us,0
facebook_corpus_msr_488853,We have a RBI policy on Monday. Ur take on tit.,0
facebook_corpus_msr_465090,Please go to rural area and see the facts. Life is very slow in rural area. Come out of AC room and see reality,0
facebook_corpus_msr_487585,I am holding Punj Lloyd for quite a long time now. Bought it around 45/share. Should I continue to hold it ?,0
facebook_corpus_msr_430619,"I am looking for a job, a videographer.
E-mail me to my mail for a constructive dialogue.
videosportmoto@rambler.ru",0
facebook_corpus_msr_394715,"Why he is calling to other comes and try yourself will get answer don't say to other
Ramdav come yourself",0
facebook_corpus_msr_407614,Now it's time to celebrate one more black day again in Karachi...,0
facebook_corpus_msr_418662,What really happened in INFIBEAM today  highly volatile today?,0
facebook_corpus_msr_335310,@ Devendra Singh this is another possible positive to share,0
facebook_corpus_msr_326387,"my Bharat  buzy in dealing with  tirple talak,cow ,Muslim",0
facebook_corpus_msr_394809,"Why we have to west time.
Scrap LOC Ceasefire accord's 2014 NDA . Start surgical strike.",0
facebook_corpus_msr_422226,"Bjp is not hindu raj, but only possible raj now.",0
facebook_corpus_msr_1805684,Because you all ready in BJP,0
facebook_corpus_msr_489969,means brain is shared-real fact ..... thanks for sharing -cnbc,0
facebook_corpus_msr_1521816,No not at all mentioning you mate. I never had any Muslims harass me for eating pork.,0
facebook_corpus_msr_502843,Will we see a day when there will be no private vehicles and only public transportation for the rich and the poor?,0
facebook_corpus_msr_495451,Its called DESERVE when those amounts of rupees are tranferred in there account without any TAXES. If taxes are applied than what is the used of naming the said amount,0
facebook_corpus_msr_401603,"Now time has come to take firm action against pakistan, pl do not seat idle.....public anger....👌",0
facebook_corpus_msr_430498,"Shall I buy/hold holding companies like BBTC,KICL etc for long term",0
facebook_corpus_msr_420681,"He Yogeshwar  THRAI MAM  THRAi MAM , Convent Schools are extracting admission fees of Rs 40, 000 to 10000/ for a simple 1st standard students. Pl do something by making any squad  to control all these cheating habits by missionary administrations. For example & proof St Peter School is asking Rs 42000 admission fee for 1 standard and quarterly fees is additional . Yes , you can stop it.",0
facebook_corpus_msr_1589643,"Not having fully recovered from a hamstring injury, Zaheer Khan is unlikely to feature in Thursday’s encounter",0
facebook_corpus_msr_2039503,Wonder what really is her portfolio under the new dispensation..?,0
facebook_corpus_msr_1616604,No body minds it.,0
facebook_corpus_msr_2241587,*atleast,0
facebook_corpus_msr_452915,Aishwarya Hari Haran because it does not have any quality,0
facebook_corpus_msr_2041641,Saumya Jain,0
facebook_corpus_msr_1521739,Seriously Dude you are lucky to be born in Kerela ..,0
facebook_corpus_msr_332266,"Yes. Heard same things about Kim Jong-un, Joseph Stallion even Adolf Hitler.",0
facebook_corpus_msr_1614027,Hats off to Rajamouli sir for creating this,0
facebook_corpus_msr_437013,Sanjiv Bajaj and Bajaj Finserv is fraud and cheated lot of customers and I am one of the victim. I am filing case against Bajaj finserv in consumer court .,0
facebook_corpus_msr_482820,Anuj teach me a beat the volatility on the expiry day,0
facebook_corpus_msr_424544,"Hi Anuj, your view on Sun Pharma, heard some rumours that a local fund is buying big on this stock",0
facebook_corpus_msr_1945447,What's wrong with man eating from woman's earning?,0
facebook_corpus_msr_327055,Man u want to say thieves are created to get more jobs for police??wow logic.,0
facebook_corpus_msr_432002,You are the best PM in our history we ever have grand salute,0
facebook_corpus_msr_502571,This is Impression going out of India for the new Investor to NRI's and to foreign investor.,0
facebook_corpus_msr_464488,'Economists say rich people either send black money abroad or invest it in real estate or convert it to bullion',0
facebook_corpus_msr_1945592,Why Gorakhpur likes him ?,0
facebook_corpus_msr_327941,"Erdogan visiting nation, mainwhile  Pak  mutilates  2  Indian soldier's bodies .Govt .....    Seeing  their message ??? Why not  close  Pak embassy ???
 Also pls  ask erdogan  what is happening to the Turkey Kurds ?? 
Brutal  murders by  Turkey Army ....
 What about given  the Kurds their land back ??? 
 Let Kashmir not be the  talks on table ,discuss KURDISTAN SETTLEMENT  .",0
facebook_corpus_msr_436207,why are they walking?? what hurry? where do they want to go??,0
facebook_corpus_msr_435104,Will u plz take views Jain irrigation n dvr.. been msging since the start,0
facebook_corpus_msr_1737133,is IE also compromised!!??,0
facebook_corpus_msr_470018,"Well that no. will not be shared, because news channels didn't get paid to show that.",0
facebook_corpus_msr_400213,What kind of media is this!!first they make headlines of indian soldiers being killed by rocket launchers n now about mutilating their dead bodies....this can happen only if Pak army crosses LOC....btw it looks like a #RealSurgicalStrike with evidences on indian media,0
facebook_corpus_msr_1956997,Anti Hindu post,0
facebook_corpus_msr_484277,"Nice to see you all gys , really its going on nice conversations, i wish you happy deepawli :)",0
facebook_corpus_msr_364502,"Part time online job without investment 
Most important job for Facebook expert 
Earn 15000-25000/-month 
Open play store 
Install champcash mony free app
Sign up with champcash 
Refer id-9044274
Install 7-8 apps in the champcash and start online work",0
facebook_corpus_msr_332820,"For me only Money 💰 comes ....that's called real Blessing 😀😀😀.... moral, intellectual are not my focus....",0
facebook_corpus_msr_451853,"Nothing can replace Enfield, it stood the test of time",0
facebook_corpus_msr_1805448,wise man,0
facebook_corpus_msr_1939488,After seeing raees I din't find movie nor actress good :(,0
facebook_corpus_msr_1985370,Hi,0
facebook_corpus_msr_471192,Two bad days... In the long run demonetization is good for the market,0
facebook_corpus_msr_1827727,so that russians can escape from bombing,0
facebook_corpus_msr_395155,"�

 ♥PYTHON♥BOT♥TEAM♥

♪----» TAYYAB.GA «----♪

♥♡o. BOT OWNER 💢 TAYYAB KHAN 💢",0
facebook_corpus_msr_407536,Every one has a date to worry. He was working against this Country as if he may remain in the same spirit for ever.,0
facebook_corpus_msr_2159107,Very good spich,0
facebook_corpus_msr_442466,HERE NO EAR SET BY GODS GRAZE ...THANK YOU GOD--> YOU SAVED ME FROM THIS NURSERY KID,0
facebook_corpus_msr_437919,"vacancy for the post of cm ,ministers, m.l.a ...interested may apply -make it simple cnbc tv 18 ..you people are complicating",0
facebook_corpus_msr_451923,I will wear such clothes to go to showroom to buy this beast,0
facebook_corpus_msr_1763607,Do you think BJP will atleast consider your words but for us they are hillarious 😂. We need more such jokes plz.,0
facebook_corpus_msr_483045,Monetary  &    Fiscal.  Both. The. Measures  are. Running.  Smooth.  At.  Present.  Credit. To. Regulate tray. Mechanism.,0
facebook_corpus_msr_2111288,"They had also planned for Dravidistan, Nizamistan, Bhopalistan, purvistan(eastern states) Kashmir, and other many tribal states.",0
facebook_corpus_msr_323754,Indian woman trying harder to achieve her goal but people of her country making joke about her and dragging her back,0
facebook_corpus_msr_1487736,i love my mum,0
facebook_corpus_msr_440782,"Plz give govt Retired pensioner s....income tax cutting in pension..,. because they r living few years so kindly",0
facebook_corpus_msr_414310,"Indian stock valuations seems over valued needs downward correction, earnings growth will remain subdued --- manufacturing sector is stagnant, service sector growth is slowing declining, agriculture sector is a disaster, --- besides unemployment is at record high therefore no chance of consumption picking up, chances of below normal monsoon,",0
facebook_corpus_msr_401310,"Indian blame of mutilating Indian soldiers' bodies are false,Pakistan Army is a highly professional force and shall never disrespect a soldier even Indian: ISPR",0
facebook_corpus_msr_472896,"Sir, great step. Go ahead, don't issue 2000 RS notes also.",0
facebook_corpus_msr_470327,"Long queues issue  is not that much critical which is discussed again and again, tomorrow it will be normal",0
facebook_corpus_msr_443416,Sir please share your views on bodal chemicals for long term growth prospects considering the production ban in China.,0
facebook_corpus_msr_483659,Any views on paper industry ? A rerating of the industry on the cards soon ?,0
facebook_corpus_msr_470837,My assumption is there is breakdown and i feel we might see February levels. considering FII out flows and demonetization. What is your view?,0
facebook_corpus_msr_421611,Any service tax on such usages? Govt can get good revenue. All states should emulate Delhi .,0
facebook_corpus_msr_331242,"Try that, God will be defended at any cost like your jihadi forces.",0
facebook_corpus_msr_1854949,"We Are providing best web development services. 
Please visit https://goo.gl/YpDBsP to view our realetstate portfolio",0
facebook_corpus_msr_415469,There is no ban or bar on H1B visas for those  graduating from USA.  Recruit them and do your business. Why only ask for graduates from India ? Do a sincere business now that fraudulent practises of companies are on radar.,0
facebook_corpus_msr_2016166,"At the the Prime Minister’s parliamentary constituency office in Bhelupur, the atmosphere is calmer.",0
facebook_corpus_msr_413854,when is india cements results and what are the expectations,0
facebook_corpus_msr_473597,For generations to come History will remember this decision of NAMO,0
facebook_corpus_msr_336316,"💢 Bot User 💢 Xingh Kannu 💢

 ♥PYTHON♥BOT♥TEAM♥

♪----» TAYYAB-XD.TK «----♪

♥♡o. BOT OWNER 💢 TAYYAB KHAN 💢",0
facebook_corpus_msr_2051966,"Before leaving for Australia to attend volunteers meet, Mann clarified that he will come back before March 11.",0
facebook_corpus_msr_2159098,He has won...& The people have lost...,0
facebook_corpus_msr_1805110,When ever a Election Anna hazare make a statement against Arvinth kejriwal .He wants to  support BJP by this way,0
facebook_corpus_msr_1737090,I didn't notice any thing offensive towards any one in particular. He has vent his mind on governance both centre and state,0
facebook_corpus_msr_386801,"Only BJP news channel is ABP Neaws channel wala re
Not interested in indian people",0
facebook_corpus_msr_326284,It is difficult to deal with an army who uses jihadi ISIS tactics.We can't create our own fidayeens because we are a civil modern nation,0
facebook_corpus_msr_506381,I always called you top class dear...wish to know u r political  priority?,0
facebook_corpus_msr_466370,"honourable former pm we common people don't know which is plundering work or not but think the demonetization scheme will help country for future development and it is not such plunder like 2g scam,coal block.....if you think it will decline GDP and plunder work we will accept it like other....",0
facebook_corpus_msr_429164,India has a big advantage in the new digitised world: Mukesh Ambani,0
facebook_corpus_msr_466009,Poor have no work.. No money.. No purchases.. Loan is surviving mode for them . Rich cannot spent cash .. Credit only for white . Entertainment industry suffers,0
facebook_corpus_msr_1493917,Congratulations to Indian government,0
facebook_corpus_msr_481989,Is this a sub branch of the one in Philadelphia???? Mumbai needs one... Can't only eat this amazing food when I go to Philly...,0
facebook_corpus_msr_451780,"out comes a low cost, low quality duke which leaks coolant after 10k km",0
facebook_corpus_msr_330922,As an Indian Kashmiris have various kind of freedom according to the constitution of J&K and the constitution of India.,0
facebook_corpus_msr_461053,Is there any chance of nifty weekly expiry like bank nifty expiry,0
facebook_corpus_msr_469038,Do you see further downside in bank nifty till expiry?,0
facebook_corpus_msr_422241,Why talk about Rahul ? He is no leader today.,0
facebook_corpus_msr_415676,R b l bank when it's hitting 4 digit matk,0
facebook_corpus_msr_495394,"If you get a bullet, you get a medal
If you get a medal, you get money",0
facebook_corpus_msr_1521831,Yes bjp will do which bjp has to do you don't care about that,0
facebook_corpus_msr_1490563,"After Kiran Bedi, Kapil Mishra will be the CM candidate of BJP in next assembly election.",0
facebook_corpus_msr_2183107,"Striking up conversation with each one, Amin Patel greeted residents and spoke to them in their native tongue.",0
facebook_corpus_msr_1945483,Express is posting such personalities opinion than it looks like it's aging and approaching natural death.,0
facebook_corpus_msr_394710,"Agreed, for sometimes and eye for an eye is the correct response.",0
facebook_corpus_msr_495664,u people never change.... u got it what i mean...??,0
facebook_corpus_msr_1956948,Don't propagate hatred...crime has no religion...a number of great freedom fighters were Muslims...a majority of Muslims are peace loving....the Sufi saints are glittering gems of india,0
facebook_corpus_msr_327857,Jawarlal Nehru could have easily captured Occupied Kashmir But instead went to UN and complicated the wholle matter after getting advice from lady Mount batten If India had captured in 1947 the problem would not have remained plus the Congress has ruined the nation by Defence scams.It present under Narendra Modi India is worlds biggest arms importer and is growing from strenght to strength Pakistan will be given a very Good lesson this time,0
facebook_corpus_msr_411720,It's has become a business for doctors to give certain companies medicine.. even they can give generic medicines,0
facebook_corpus_msr_323711,I wish people had that mindset as my husband has. God has actually blessed him with a very clean mind and a gentleman's heart. He doesn't judge people for anything like u blockhead Noel Cyril Lazaro,0
facebook_corpus_msr_1953674,Zakir Naik has rejected all allegations of involvement in terror-related activities and opposed ban on the IRF.,0
facebook_corpus_msr_414020,No way... it is going to open gap up for sure,0
facebook_corpus_msr_495436,O my god....Instead of doing hard studies like Eng & Doctor its better 2 became an Sports men...V vill get both d things 1st vr able 2 represent our nation & next vr going 2 become celebrities along wid good financial income..So life gets settled,0
facebook_corpus_msr_1710261,"Operating Ratio is down and we are coming out with glass topped carriages.Logic!

What more this Rail Minister happens to be the star performer.",0
facebook_corpus_msr_1775228,siddaramaiha the future PM of india...who can replace modi.,0
facebook_corpus_msr_422187,"Talk about eligibility of a candidate , rather than pulling religion into everything... Cmon",0
facebook_corpus_msr_483828,"Awesome Manisha Gupta he looks totally floored by you 
Kh",0
facebook_corpus_msr_394856,"Diverting attention from Kashmir issue, not a chance 😂😂😂
HANDS OFF KASHMIR 
🙌",0
facebook_corpus_msr_437390,how to make cnbc tv 18 no.1 channel ....30 days course for rajdeep,0
facebook_corpus_msr_503216,We must not forget that startup is well supported and started by Modi Government which is Great Government with fantabulous Governance,0
facebook_corpus_msr_507037,"Nawab Nihal Very nice Lineeeeeeeeee
    Beautifull pic
        Superrrrrrrrrrrrr
           Duperrrrrrrrr
               Awesome
                   Fantastic
                      Fabulous
                         Excellent
                            ajawab
                               Zabardast
                                 Mindblowing
                                    Wonderfull
                                      Best post 

☆♡☆Nice ❤♡☆ Very nice Lineeeeeeeeee
    Beautifull pic
        Superrrrrrrrrrrrr
           Duperrrrrrrrr
               Awesome
                   Fantastic
                      Fabulous
                         Excellent
                            ajawab
                               Zabardast
                                 Mindblowing
                                    Wonderfull
                                      Best post 

☆♡☆Nice❤♡☆ Very nice Lineeeeeeeeee
    Beautifull pic
        Superrrrrrrrrrrrr
           Duperrrrrrrrr
               Awesome
                   Fantastic
                      Fabulous
                         Excellent
                            ajawab
                               Zabardast
                                 Mindblowing
                                    Wonderfull
                                      Best post 

☆♡☆Nice❤♡☆ Very nice Lineeeeeeeeee
    Beautifull pic
        Superrrrrrrrrrrrr
           Duperrrrrrrrr
               Awesome
                   Fantastic
                      Fabulous
                         Excellent
                            ajawab
                               Zabardast
                                 Mindblowing
                                    Wonderfull",0
facebook_corpus_msr_401677,Be careful pakistani BAT my dear indian HaaaHaaaahaaaaa I from Pakistan,0
facebook_corpus_msr_364529,"what our army was doing.....

why are you blaming others.....it was our duty to be careful......

alertness gone.....incidents on.....

please be careful......be smart and equipped.....with modern security science (man-machine).....

our smartness & alertness is our strengths.....

Be Alert - Be secured",0
facebook_corpus_msr_2111166,"Secularism means a democratic government run by majority numbers and minority power, as in our country.RSS is therefore running for majority and left/cong are running for minority power.Criticisimg each other is of no use.",0
facebook_corpus_msr_2111165,"Constitution has taken care of all aspects, bigots talk like this, if rulers of Rajas had thought, things would have different, humanity is Supreme, faith is personal, before 1947, there were more than 500 Riyasaths under Rajas and Nawabs, State of India was formed in 1947, uniting all small Rajas, diversity of India is strength of our country. So many people follow different ways of living, no problem,",0
facebook_corpus_msr_441484,"Any surprise to expect from modi on Jan 2 speech.
Can it be a trigger to MKT.",0
facebook_corpus_msr_470191,Really ? Can't we buy at supermarkets and restaurants using card?,0
facebook_corpus_msr_411163,Not just other countries....India also believes in make in India!,0
facebook_corpus_msr_505333,"It's wrong decision of FM, his decision of taxing FII s is bad, investment in equity create employment to our people, every country trying to attract them, our FM is acting differently bad luck to us",0
facebook_corpus_msr_482242,Bought Indian Overseas Bank NSE @ 25.85 .please suggest what to do,0
facebook_corpus_msr_1692705,BJP has started election propaganda,0
facebook_corpus_msr_1763623,Voice should raise for EVM .,0
facebook_corpus_msr_497043,containing inflation through high interest rates is negative economics. containing inflation through higher production of goods and services is positive economics.,0
facebook_corpus_msr_483457,Nobody can replace Sri Ratan Tata. He should continue for ever.,0
facebook_corpus_msr_412536,I can also say this it's a natural habit of human. Your thought is very motivational. I am inspired.,0
facebook_corpus_msr_1493898,Superb!!!! 👏🏼👏🏼😀😀,0
facebook_corpus_msr_1805418,Right,0
facebook_corpus_msr_327886,The tactic of social media ban failed so india have to resort to these cheap tactics once again to blame their comprehensive failure in kashmir on pakistan,0
facebook_corpus_msr_1563619,Like..... I don't care - let them do that... :l Why is this trending most of all ??,0
facebook_corpus_msr_473531,"#WarOnBlackMoney | Some applause, some criticism!",0
facebook_corpus_msr_400395,"Oh That why he first visit India after referendum not Pakistan. Even he knows that relationship between India and Turkey will help Turkey, Not Pakistan. 😂",0
facebook_corpus_msr_1907012,Fake news we r living in gujarat,0
facebook_corpus_msr_468147,"Amazing !! Again Modijee became successful in polarising entire political fraternity , it looks like entire country is with Modijee for demonetisation and against him entire political system and all other political parties , no wonder, next 3 national government belongs to Modijee...
Congress again is being fooled around and found itself on a wrong foot.. (there seriously is a deficit of a strong, wise, and intelligent leadership)
Evidently it is a check-mate step by Mr Modi .. hats off to the Man..",0
facebook_corpus_msr_466204,"Hi Manisha. Doing excellent work keep it up
Good luck",0
facebook_corpus_msr_2280134,How can i sear or inform corruption or basic news with your NEWSCHANAL,0
facebook_corpus_msr_1945556,Who is shirish kunder??😕,0
facebook_corpus_msr_462555,What is the bottom level of nifty end of the yera,0
facebook_corpus_msr_443393,What would be right time to enter stock such as uflex pnb Gilts,0
facebook_corpus_msr_1775221,south indians r not fools and not communals,0
facebook_corpus_msr_1575752,V.hardly to see pics...but PC...was played in pink or something like .. Ranveer..Mary Comp..life...★,0
facebook_corpus_msr_456677,"You are doing a good job, deserve a much appreciation",0
facebook_corpus_msr_423073,Anuj there are many more things to do in Goa 😜,0
facebook_corpus_msr_374217,"Its now clear that Pak hostilities & Naxal hostilities will increase as 2019 approaches , this is to malign Modi & create dissatisfaction among voters .. media will blow it up as usual . Pls remember both Pak & Naxals r in cahoot with opposition parties of India , they r in touch through back channels .. People should not get confused people must understand this conspiracy & stand firmly with Modi",0
facebook_corpus_msr_483813,"Net banking and debit card are no more safe , Chinese hackers are trying to destroy Indian baking system , Indian ministerial cabinet has banned cell phones in the cabinet meeting in the fear of information being leaking , china is hacking all most every computer and phones , especially Chinese phones are most susceptible , foolish Indians have given Chinese companies entry to the telecom sector some of them are known spy companies , now to please Pakistan junta they are going all out to disrupt Indian economy , I am surprised that Indians do no even know that Chinese hackers were operating from Medan just 100 km from Indian shore located in Indonesia , if this is called BJp government cyber security management is it not a practical joke ?",0
facebook_corpus_msr_485142,samsung space shuttle lost in galaxy note 7 ......reporting from nasa,0
facebook_corpus_msr_417008,"This is @ $50 + per pod. In India, why don't they don't charge $75 per standard room? I ether pay that than $50 a day per pod. In the US, 3 star hotels range from $70-125. If you book it early or during promotion, you sometime can get it for $60 for double medium beds. Why is India so expensive and appear to have no land? Is it because it has a big population? I can see myself renting a pod in Japan or Hong Kong but not India.",0
facebook_corpus_msr_491732,Appreciate CNBC to keep us updated. Nice coverage by Sonia.,0
facebook_corpus_msr_497682,Clean energy Wind and Solar should be a number one priority - in parallel with focussing upon efficiently use all sources of power.,0
facebook_corpus_msr_423002,"Yes, once it comes down! Touch n type back in town",0
facebook_corpus_msr_1985374,Love u kohli,0
facebook_corpus_msr_419573,Do you think there will be follow-up on the upside tomorrow ??,0
facebook_corpus_msr_422185,Bjp - this time please work anything good for country now. You guys are in power in both sabha's,0
facebook_corpus_msr_420793,JAI YOGI NO. 1 CM IN INDIA  I THINK FUTURE CM ALSO........,0
facebook_corpus_msr_425556,best story teller award ...indian goverment and opposition parties ...awards can be  presented by cnbc tv 18,0
facebook_corpus_msr_422192,Rahul was never a leader his mom is away on holiday hopes even he joins,0
facebook_corpus_msr_332711,Both drivers get charged n License got cancelled by respective RTO,0
facebook_corpus_msr_482935,Can axis. Will touch 400 and what about Tata motor,0
facebook_corpus_msr_471209,The RBI should immediately withdraw the over the counter note exchange facilities and instead people be asked to deposit the cash in account and withdraw at the same time if they wish so.The long queues will stop immediately.The note exchange should be done only for those persons who are not maintaining accounts anywhere and that too with an undertaking that the person is not maintaining account anywhere and the cash  being exchanged so is for own use,0
facebook_corpus_msr_433185,"Do not bother about boss mood at your level . For you Nation should be supreme. Taxpayers are paying you .Your boss is not paying you. 
Don't think of excelling your self .As you said economic survey of India .The key figure is India & not FM.

Note Ban has ruined all sectors .This was result of keeping boss happy . 

Note ban killed so many .But soldiers save you & get killed themselves for your safety 

UBI.. Can this remove poverty 
..Big No.
Because your infra is as bad as note ban for UBI .  You should have analysed JanDhan .. How fake / fraud take benefit 
So will be your UBI.. Many political parties & babu's will polish UBI on its way 

Col Lamba",0
facebook_corpus_msr_2144401,pakistani team a world racod 373 run in 20 over .,0
facebook_corpus_msr_2073035,Sorry sir I forgot,0
facebook_corpus_msr_413295,Defence and development goes hand in hand. We are able to invest in defence becoz we are booming our economy and are world's fastest growing one. China can keep crying we don't pay heed to it. 🖕🖕😂😂,0
facebook_corpus_msr_1876665,It's not dt good,0
facebook_corpus_msr_1610608,It is the first time a good statement from bjp leader since Modi as Pm,0
facebook_corpus_msr_1692600,These opinion polls are one way pri paring  the mindset towards one party. When polls show one party up so man things why should I wast my vote to giving to other party I should also give my vote to where all are voting.,0
facebook_corpus_msr_1563600,Do you expect me to learn all languages in the world?,0
facebook_corpus_msr_327921,"In other words, Indian Army is saying Pakistani soldiers went across the LoC into Indian side, Mutilated the bodies of two Indian soldiers and came back while no one on the Indian side dared them engage.
Lakh di lanat...hahahahah",0
facebook_corpus_msr_1737111,not just aap............he took a dig at every political party in power.......who ignored this serious issue.,0
facebook_corpus_msr_327821,"Sitharam yetchury must be send to the border post and must be asked to stay with the fighting Jawans,then he will realize that keeping the borders is not so easy like what he thinks and speak.He was running to JNU,for solidarity for the terrorist outfits inside the university,why he never show solidarity with our jawans,Iam doubtful for his citizenship in India.",0
facebook_corpus_msr_2111382,Vivaram levelesam illatha cm,0
facebook_corpus_msr_436630,Is it failed coup by Nifty at 8500? Global Markets are down as Trump rally fizzles out...,0
facebook_corpus_msr_436474,"Keeping his words in mind ,we Indians should vote for politicians who promise least as they'll be least disappointing.",0
facebook_corpus_msr_1521693,Actually v ve better thngs to do dan fighting over religion....say watchng movies togedr...vng beef biryani togedr...ving a sumptuous sadya togeder...actually no time fr anythng else😀,0
facebook_corpus_msr_1510570,"Tired and devasted by being used by everyone, she never thought she could love again. The couple has been married for four years now.",0
facebook_corpus_msr_412785,Good evening sir ....... Brigade and A2Z infra hold or sale ?,0
facebook_corpus_msr_1805454,Yes he made right decision by not joining Kejriwal.,0
facebook_corpus_msr_2035902,Nice,0
facebook_corpus_msr_419412,Hi Sonia .. i was waiting for you.. u r looking beautiful as always..,0
facebook_corpus_msr_426311,Great job done.. But also work on5G because we are still back from Many countries..,0
facebook_corpus_msr_1699608,Nice pic,0
facebook_corpus_msr_425865,Anmol Jain - first one to burst in this startup bubble,0
facebook_corpus_msr_405343,"👄 Bot😃 Powered💙 By📞 Prince📀 Fadii

🏨 Just Now Done  😽 India TV
♥ c h α υ δ h r ψ s 🌹 β ο τ τ ε r ♥
🏢 Saturday : 29 - April - 2017
🏨  Like Back♥ India TV
🏥 Comment Late  52 detik :)
 🏪 Auto Comment By   Prince Fadii
 🏯 🔎 Baby-Bot.tk 💡",0
facebook_corpus_msr_464897,"A bit frightening,  India moving so fast towards Cashless  Society--  great achievement.",0
facebook_corpus_msr_506639,"madam melinda you are doing so many social works in india ...do you think madam melinda in india do you get accountability of your money or they are wasting it...why don't you concentrate on your project personally -india, so that money not get wasted by unknown people ......other wise it will become pepsi-mirinda carbonated drink-orange flavour drank by unknown people",0
facebook_corpus_msr_399666,Hafiz Saeed will be the next Prime Minister Of India,0
facebook_corpus_msr_439765,Let payment of service charge remain a custom  for the ambience  hotel/ restaurant provides.Large number of unruly college boys and girls visit restaurants these days and by abolishing the service charge the govt. has put waiters and other staff members of the establishment completely at their mercy.,0
facebook_corpus_msr_2280064,Fully accepted and deserve appreciation for ur worthy lines...,0
facebook_corpus_msr_442951,"with the US $ value they are calculating 1$=66/- vice 1$= to 80pounds are so...  standing in the atm line for money, we are no where in any of the developed nations....",0
facebook_corpus_msr_411323,Way to go ICICI Bank. This is true Digital India . True commitment from Private bank for inclusive growth,0
facebook_corpus_msr_1906974,"There should be harmony,   the culprits must be punished irrespective of religion.   Not to favor any relegion.",0
facebook_corpus_msr_1614084,Liked,0
facebook_corpus_msr_412637,Hi Anuj & Sonia....wats the issue with Dmart not taking part in the rally. do u think it will remain sideways in near future ?,0
facebook_corpus_msr_1521872,Kerala is lit 😍,0
facebook_corpus_msr_426316,U and ur company have all the potential to make this country great again,0
facebook_corpus_msr_1804921,just two appointments and two house allotment is corruption? They have done it just any other govt. But when delhi hc says all files need to go thru LG so after the verdict they routing all files thru him. Whats wrong. Can anywhere in this country do you see that a CM taking permission to do anything from LG & if not taken is called corruption. My dear friend compare the work he has done in 2years with other state govt who are there for 10-15 years you will find the answer.,0
facebook_corpus_msr_2377628,Reason behind train derailments?,0
facebook_corpus_msr_414195,Govt delaying RRB NTPC results by showing reason of 7 th pay commission...But they can increase their salaries....Is this not burden....,0
facebook_corpus_msr_1805762,I also almost joined AAP.,0
facebook_corpus_msr_1805559,Late better than never,0
facebook_corpus_msr_331206,Killing of any human in any form is never comfortable with any sensible human being except those killing in the name of religion of peace.,0
facebook_corpus_msr_2111222,We don't need secularim...communism...socialism...all are names to invite the poisons inside our minds...we need good people....good law....peace n development ...period,0
facebook_corpus_msr_439609,"Respected Mr. Law MINISTER Sir,
Kindly make it convenient to be initiated redressal of grievances pending yet.
My life with family as an Er. Entrepreneur have been spoiled due to Dubious Actions by Vengeful Officials of corrupted  ISI, SBI, KFC, etc.
From 1982 to 1997, they have played with my life as an SSI unit proprietor. 
During 1990, I tried justice  from ISI and SBI through Kerala State Consumer Disputes Redressal Commission  and in 1992,  an appeal filed with National CDRC, both Commissions having Judicial as well as Non Judicial Officers found some technical reasons to deny me Justice. I had no advocate to sue my plight. All members of both Commissions realized the truth, but with the help of LIMITATION Act. But my inexperience and obligation towards the system, I became silent and continue efforts to revive and rehabilitation of my Sick SSI unit with full cooperation of Industries Department.
On 7.7.1995, I paid to KFC on One Time Settlement in full spirit of letter  of KFC dated 23.6.95. But my inability to please the corrupted Officials, the unit taken over by Revenue Recovery Act on 30.5.95 was kept with custody of KFC.
I was at  Head Office of  KFC, Trivandrum  after my OTS payment, till a road accident at Palauan over Trivandrum on 6.3.97. 
I was under treatment from Medical College  Trivandrum, Kannur District Hospital, City Hospital Mangalore, etc and in least of 1997, I visited KFC  HO with the help Crutches, and realised that instead of blood, water is flowing through the Officials and the same day visit Kerala State CDRC and very next day filed a complaint against KFC. After three months, the Commission received reply from KFC with copy to me. On the basis of KFC's reply, the Commission started dictating Judgement and Dismissed my Complaint directing to Sue in Civil Court.
Next day I filed a Review Petition besides few other. The Hearing Day when I stand with help of Crutches and started to express my view, the Commission President threatened on huge cost to be Ordered against me. I managed to escape the so called Consumer Court with fear. 
But still I know that any one have common sense will award justice to me from National and State CDRC on both cases. 
After ,1977 to 2009, I was under acute mental depression.
I started writing to Central And State Governments and hence passed 5 pages G O, in 2010 direct KFC to settle issues at Board Level and to write to various Ministries of Government of India to enquire and compensated me due to Dubious Actions by ISI and SBI. 
But my efforts continue yet, the Corrupted Officials also continue to resist my efforts at my 67th age. 
What we understand from the synopsis of plight- 
Officials have good salary and support from all cadre of Government to save corrupted ones with the backing of so called Provision in court both Judicial and Quasi Judicial, like CDRCs, Human Rights Commissions, etc.

My plight covered by Malayalam Manorama, The Hindu, Deepika, Deccan Chronicle, etc.. and are at my face book account.
Shall I await for an early justice from the Authorities concerned within my last days and which will light to effectively to formation of New safety measures to self employed personals and prevent such bad experiences suffering by me and family.
Sincerely,
Elembilayi Sadanandan,
Vishnu Nilayam,
Chovva, 
Kannur,
Kerala 670006.
Mob 9388523453
9809274436.
Email e.sadanandan@gmail.com
God's Choicest Blessings be Showered on to all who go through and who reluctant to give justice or who had any role to suffering of mine.",0
facebook_corpus_msr_456110,never can be a competition for royal enfield. The body looks more like the FZ.,0
facebook_corpus_msr_221675,Today they say evm tomorrow they may say no election only dictatorship expected from them,0
facebook_corpus_msr_487805,"Market seems to be over valued. I mean PE at all time high for Bank Nifty and Divident yields less than 1, don't you think we should correct..",0
facebook_corpus_msr_2182962,"Their performance would be reviewed after the stipulated six months and if sales continue to be sluggish, a fresh set of guidance with a new detailed action plan would be provided for a turnaround in next three months.",0
facebook_corpus_msr_399538,Now this is called real surgical strike not so called indian imaginary surgical strike.😂😂,0
facebook_corpus_msr_1614086,Very very nice pic,0
facebook_corpus_msr_339287,"💢 Bot User 💢 Xingh Kannu 💢

 ♥PYTHON♥BOT♥TEAM♥

♪----» TAYYAB-XD.TK «----♪

♥♡o. BOT OWNER 💢 TAYYAB KHAN 💢",0
facebook_corpus_msr_480745,Hii ... Anuj ... All commodities stocks have performed well in last few days. What about Coal India ?? Your view.,0
facebook_corpus_msr_1945601,Some times he talks sensible too,0
facebook_corpus_msr_487569,As Indian say Go back China ...we not buying Chinese produced,0
facebook_corpus_msr_495515,Shame that AIFF is wasting money when there is dire need of money for infrastructure.,0
facebook_corpus_msr_465085,"Mr. Patel, you fall in wrong hands. The horror of Economic slowdown start haunting once the key sectors of economy start publishing the numbers.. it will be a havoc, a damage control already started by Mr. Patel, CRR 100 BPS, black money tax 50℅ today... Can't we see the nervousness of govt who move any time any direction.. my advice Sir, you should explore how to handle the worst which is on the way....",0
facebook_corpus_msr_2139565,Bengaluru: 3.5-Year-Old Girl Allegedly Molested By School Employee,0
facebook_corpus_msr_330982,She did this for publicity and you punished this news for what?,0
facebook_corpus_msr_435015,"Dear SJ, Please suggest 2-3 great mid cap stocks for next 24 months with great balance sheet and high growth potential. thx.",0
facebook_corpus_msr_410696,wow.....rly gr8 day .....thnx fr this news..... Indian Cricket Team is a bunch of loosers......,0
facebook_corpus_msr_1945497,CBI and other Govt Dept r ruled and commanded by corrupt and criminal minded people already so Dawood is no more needed.,0
facebook_corpus_msr_410044,India TV there is lot of corruption is happening in stadium also at ferozshah kotla drinking water bottle mrp rs 10 sold for rs 50,0
facebook_corpus_msr_397467,Pakistan will export donkies to China from KP !An agreement was finalised last month.In between  two legged donkies are busy to become economic slaves of dragon because of such trade imbalance.,0
facebook_corpus_msr_431177,Guys who ever speaking against beloved PM ... think once before you comment ... India is a vast country .. it is not small like Singapore to change in one or two years ...,0
facebook_corpus_msr_422278,"Good evening sir am fro Muscat, i do have shares of spice jet bought at around 64₹-8k shares. Does this will fly in near future or going to land.",0
facebook_corpus_msr_411817,I would like to invest 50k plz suggest....is it rt time,0
facebook_corpus_msr_423082,Is D-Mart a good IPO ? Is it fairly valued?,0
facebook_corpus_msr_334221,"Talak to de nahi sakta .
Aur Bina mare dusri kar nahi sakta tha is liye . 
Sahyad
Us bechari Ko raste se hata diya hoga.",0
facebook_corpus_msr_504987,"TRAI driven by indian telecom providers, is the next big thing in business.",0
facebook_corpus_msr_432623,Sir Ji good reply to Ladla... I Proudly Support Namo...,0
facebook_corpus_msr_471197,I have been shouting from rooftops the markets will fall,0
facebook_corpus_msr_332565,"Everything is being don't to defame APP. Before every news channel name, Modi's name should be there...",0
facebook_corpus_msr_503533,Change is inevitable. He has delivered his role fully in a complex economic country. He also had to challenge the idiosyncratic approach of few folks who are at the helm of power.,0
facebook_corpus_msr_497785,"Sonam ask right questions to get an answer , what u asking",0
facebook_corpus_msr_412309,"Wipro cons net profit up 7.2% at Rs 2,267 cr vs Rs 2,114.8 cr (QoQ)",0
facebook_corpus_msr_1775197,Dear Vishwa Yandigeri for kind information candidate who lose election his party workers caught red handedly distributing money by our great state cops.😊,0
facebook_corpus_msr_492701,I think that high percentage of youth is due to less life span in India...??,0
facebook_corpus_msr_2039516,You are the best...Hat off to the best minister of NDA.,0
facebook_corpus_msr_438216,"What would br targets and when it will reach for Havell, asian tiles, amaraja,DHFL?????",0
facebook_corpus_msr_2111281,you be secular in total governance of the state with no special treatment to any community......then RSS or any party will have no hard feelings.,0
facebook_corpus_msr_418404,Thank you Anuj and Happy Navratri to you and entire CNBC team,0
facebook_corpus_msr_438121,What are the prospects for Rolta from a long term view?,0
facebook_corpus_msr_461575,Rip amma many times i have used the cheap and best amma water and amma canteen during travel.,0
facebook_corpus_msr_490193,thanx anuj and sonia for view on bank nifty and maruti,0
facebook_corpus_msr_495398,Commenting on fb is going to attract media and get soldiers what they deserve .... Hahahahahah ..,0
facebook_corpus_msr_503217,SIR LOVE YOU AND THANX FOR PROVIDING US PLATEFORM TO GROW......................,0
facebook_corpus_msr_1614007,I'm just surprised that it did not release in 3D format.... This would have made the ballgame all together...,0
facebook_corpus_msr_1636781,you might have posted this 5 times,0
facebook_corpus_msr_414776,Originally it was manufactured at okha Gujarat. Birla group started to manufacture Ambassador at okha in 1942 till 1948 and then after shifted to calcutt.,0
facebook_corpus_msr_505952,"raffael is pending -36 raffael cost more than 50,000 crore -means 15oo crore /raffael  with weaponary system .already no fund with government to acquire 36 raffael ..russian ka -226 multirole chopper --may be on 2 years credit faciltity for indian defence ....",0
facebook_corpus_msr_397444,"Cow in Hinduism:

Eating Beef (Cow Mata) allowed in Hinduism.
Rigveda (10/85/13) declares, “On the occasion of a girl’s marriage oxen and cows are slaughtered.” 
Rigveda (6/17/1) states that “Indra used to eat the meat of cow, calf, horse and buffalo.” 
Manusmriti (Chapter 5 / Verse 30) says, “It is not sinful to eat meat of eatable animals, for Brahma has created both the eaters and the eatables.”
Maharishi Yagyavalkya says in Shatpath Brahmin (3/1/2/21) that, “I eat beef because it is very soft and delicious.”
Apastamb Grihsutram (1/3/10) says, “The cow should be slaughtered on the arrival of a guest, on the occasion of ‘Shraddha’ of ancestors and on the occasion of a marriage.”
Vashistha Dharmasutra (11/34) writes, “If a Brahmin refuses to eat the meat offered to him on the occasion of ‘Shraddha’ or worship, he goes to hell.”",0
facebook_corpus_msr_465968,"The day we start thinking from poor people point of view, we would realize the trouble. I have been observing many small business people having no cash and hence sitting at home for 3 weeks... Hope government act!",0
facebook_corpus_msr_487597,Your views on HCC. I have 3500 shares at 40/-,0
facebook_corpus_msr_420875,Nbcc best Infra company will declare rs 5 per share dividend after April,0
facebook_corpus_msr_327619,Indeed they are genuine and true Freedom Fighters hats off to them,0
facebook_corpus_msr_323762,"Please somebody tell her that CLEAN INDIA Mission is for INDIA not AMERICA 😂😂😂😂

UNOFFICIAL PROMOTER OF ""CLEAN INDIA CAMPAIGN"" 😜😂",0
facebook_corpus_msr_506726,"While most of the Indians blv tht India is a highly Taxed country.According to Experts, India is a moderately Taxed country",0
facebook_corpus_msr_1917077,"PM Modi, Amit Shah and Rajnath Singh will be attending the meeting along with other leaders.",0
facebook_corpus_msr_408548,"Democratic jokers running all around i need not to repeat the rapes, murders, mafias , leaders greed and his freeness and ofcource the fully paid media showing, .... Artificiality and disgusting patriots it will not end because real solution is to think like a human not a animal...... Humanity should be only cause, help others may it be of any region and religion...... Support human rights   do you agree?",0
facebook_corpus_msr_431231,Thank you prime minister for simultaneous election decision which will become very strong.,0
facebook_corpus_msr_465469,great interview Rahul Pagariya 👏👏 great analysis and very well spoken,0
facebook_corpus_msr_472894,Simply superb..the corrupt politicians are crying.. Please nail every politician.,0
facebook_corpus_msr_408522,"My humble request to join 'Delhi Justice Appeal' on FB  we need your help to spread the word in social media.... BLACK DOT, and protest peacefully...Start the revolution, MEDIA Please HELP US PEOPLE.. THIS IS START OF SOMETHING GOOD..",0
facebook_corpus_msr_407186,Mr. KRK is suffering by great ego like Mr. Kejarival.,0
facebook_corpus_msr_1805356,Agree,0
facebook_corpus_msr_221605,Omjay shree ganeah I nama Jay Mata ki Jay Sir change the worldwide every one single people life safefull life better life better Job's money or food's but go my way respect my God mom maa share wali vaishno Devi Merry Mata or me God is one bye thanks God by bye by,0
facebook_corpus_msr_495538,So we can expect some more medal in 2020 Tokyo Olympic,0
facebook_corpus_msr_407592,Would Pakistan still deny Dawood being in their country. Hope not now,0
facebook_corpus_msr_2111205,Who said killing him is correct ?,0
facebook_corpus_msr_461054,Will kpr mill go above its buy back price of 660,0
facebook_corpus_msr_399059,U know that buffalow meat is a perfect meat..im right  yummy!,0
facebook_corpus_msr_472878,Sir you are right but honestly 2000 note is not good to be in market and not even 1000 and 500. Up to 100 is the good idea.,0
facebook_corpus_msr_1956996,Give the man a chance and then comment,0
facebook_corpus_msr_326299,"Why we should not apply the policy like Israel, we should not hesitate to take the help from the hamas also..",0
facebook_corpus_msr_424278,A value is transfer to a valuable energy to the patient,0
facebook_corpus_msr_415575,can we hold century textiels i hve 1000@900 i m long term investor how much it can go up?,0
facebook_corpus_msr_495449,its good to encourage and support sportsmen but you should give infrastructure too O.P jaisha the Marathon runner even they don't get drinking water after finishing her Marathon         shame on you guys,0
facebook_corpus_msr_1805419,Yes he need to join isis,0
facebook_corpus_msr_407643,If is it true then this is the best ever news.,0
facebook_corpus_msr_2111122,Lenin J Thomas A good question. May be they are happy to get killed by secularists.,0
facebook_corpus_msr_2333756,"On Budget day, February 28, 2003, Singh said that despite grave uncertainties on the oil front, the government had by and large absorbed the rise in crude prices.",0
facebook_corpus_msr_1614081,so charming lady,0
facebook_corpus_msr_424296,That's y I tell people to invest a little but it should be regular,0
facebook_corpus_msr_411630,June Bank nifty is trading at a discount to Spot for about a week now... Why is this??,0
facebook_corpus_msr_437722,New entrant for the market.. advice few shares to be in portfolio,0
facebook_corpus_msr_379188,Why can't the government give free hand to army to deal with Pakistan and pay them in their own coin.,0
facebook_corpus_msr_1490597,"Nirmalya Dan he was good in work as a minister, don't know what happened to him now. He took many good measures in water department and cleaning of yamuna.",0
facebook_corpus_msr_414329,what is domestic digital plan and how do see India after 5 years,0
facebook_corpus_msr_408535,"A song to dedicated to every girl in the country by Avahan- The Band
http://www.youtube.com/watch?v=4kKL_v5Va68
An initiative by DFR: www.facebook.com/deathforrape

RAISE YOUR VOICES!",0
facebook_corpus_msr_323751,That's more than the size of a standard flat in mumbai,0
facebook_corpus_msr_411717,"Rule is to write the generic name of the drug, not the generic drug: IMA President",0
facebook_corpus_msr_470306,Congress lost all their black money to use in next election 😂,0
facebook_corpus_msr_461139,God help us .. if he gets a chance to become pm,0
facebook_corpus_msr_495541,It would be more beneficial if the same money would have spent on players before winning medals in Olympics,0
facebook_corpus_msr_2241634,That's why I awarded Sharad Power :V,0
facebook_corpus_msr_1985359,This is what a real sportsmanship is all about.Captaining international cricket team is not a joke n they didn't reach there just because of their talent and hardwork..it needs a lot of character n discipline on and off the field..who are we to point out on such level of cricketers.We should appreciate for their representation n respect the other teams equally too. Respect#,0
facebook_corpus_msr_1907059,Gud news,0
facebook_corpus_msr_438154,Is karnataka bank a good long time buy for M&A activity?,0
facebook_corpus_msr_418970,The one and only hero in Andhra pradesh Mr Chandra Babu Naidu,0
facebook_corpus_msr_403413,"💝 Bot🐎 Powered📠 By👼 Ishaq🐗 Zada

🏨 See My Bot Speed 😽 India TV
♥ c h α υ δ h r ψ s 🌹 β ο τ τ ε r ♥
🏢 Monday : 1 - May - 2017
🏨  Like Back♥ India TV
🏥 Comment Late  1 minute :D 52 Sec :v 
 🏪 Auto Comment By   Ishaq Zada
 🏯 🔎 Auto-Run.tk 💡",0
facebook_corpus_msr_331174,When Unemployment is at top then youths dont have any option to join MOBS and spread violence for few hundred rupees and this the achievement of this government.,0
facebook_corpus_msr_1490562,Where was this Kapil Mishra when all the corruption was happening? Why didn't he uttered a word then?,0
facebook_corpus_msr_386743,"NO BIGARE BOL, CHANGE YOUR MIND, IT IS THE PERFECT BOL FOR THE CONGRESS,",0
facebook_corpus_msr_495429,Rather than giving like this why won't we give some fixed amount of money for every category of medal winners and invest the money on improving the other sports and facilities in India for our Athletes???? Our minister haven't giving any space for talent rather we see politics here as well. Unless we give up politics in sports we aren't assured of winning medals in 2020 Olympics as well :(,0
facebook_corpus_msr_470025,On the other hand this will boost the cash flow of all banks and improve the balance sheet ...,0
facebook_corpus_msr_483091,This is the most brilliant question... and the answer is we don't care to admire someone without his/her achievements..,0
facebook_corpus_msr_470175,"Well done modi :-/ oops... I'm tried waking up early and standing for cash out the atm,  hungry all day, off to slp gn sd :-D  ;-)  :-))",0
facebook_corpus_msr_397466,"The main and most hated product of pakistan is terrorism.
so who need it?",0
facebook_corpus_msr_1906952,"Nope , why shud they report that??
#paidmedia",0
facebook_corpus_msr_334862,Abhijeet Ravi Yechuri don't have an option than to rest in his laurels.,0
facebook_corpus_msr_397317,"💻 :)🐶 🙌 India🌺 TV💩 EID🌴 MUBARIK🐟 M3RI🐟 JAN😸 📱 :)😢 

:* Add Kar Lo Sab :)  Just Now Lo Aur Do :) AdD clOse krO  India TV
:D Tuesday : 2 - May - 2017
:3 PYTHONS BOT TEAM <3 -=[QASIM RAJPUT]]=- India TV
-_- :)  I Am On Fire :)  1 menit :D 3 detik :v 
<3   Bot  By  Waqas Ali
<3  PYTHONS <3 B0T T3AM <3
<3 SIT3 <3  PYHTONS-IOS.TK  <3",0
facebook_corpus_msr_332555,"Sir,
Law and order and Police in Delhi. is under the control of your govt",0
facebook_corpus_msr_488091,Will interest rate cut also help capital goods sector. ..any good pics to keep eyes on ?,0
facebook_corpus_msr_455860,High expectations on bike  don't know what they.  Gonna do 😟,0
facebook_corpus_msr_483272,Congratulation sir. I proud that my few of our family member working in Tata they r happy to see you back,0
facebook_corpus_msr_424805,"Right time to by Financial companies? Bharat Finance, LT Finance...",0
facebook_corpus_msr_438213,Do you think bank nifty upmove is gona continue till this weekly expiry?,0
facebook_corpus_msr_451877,this will increase road rage and that too especially at night,0
facebook_corpus_msr_504825,"Not the 6th... He is the 5th Indian PM to do so after, Rajiv Gandhi, PV Narsimha Rao, AB Vajpai and Dr. Manmohan Singh.",0
facebook_corpus_msr_430530,Your views on sbi results and it's affect on market ?,0
facebook_corpus_msr_457547,"Finally that day have arrived when humans need machines to purify air to breathe in .. 
And not trees..",0
facebook_corpus_msr_341861,"💢 Bot User 💢 Xingh Kannu 💢

 ♥PYTHON♥BOT♥TEAM♥

♪----» TAYYAB-XD.TK «----♪

♥♡o. BOT OWNER 💢 TAYYAB KHAN 💢",0
facebook_corpus_msr_442679,I expect a resolution on large value NPAs in 2017: Arundhati Bhattacharya,0
facebook_corpus_msr_431312,I love my India but if wrong ppl will dominate thn sorry not acceptable,0
facebook_corpus_msr_442956,Rohit Khanna we will bring Rahul instead of this egoist or  will give a last chance to that European. I think it is better right?,0
facebook_corpus_msr_323720,whats this for !!?? ... seeeking attention !?? ... i dont see any fashion here :D,0
facebook_corpus_msr_426214,Working aggressively on adding new terminals at existing airports: Jayant Sinha,0
facebook_corpus_msr_1563552,Israel is a JEWISH nation and Hebrew should be the NATIONAL Launguage. Just like in American ENGLISH should be the NATIONAL language.,0
facebook_corpus_msr_327014,"Chandra Dwivedi Yes it is. Courtesy propaganda, people love the same leaders who are responsible for their misery.",0
facebook_corpus_msr_323727,She is looking dead gorgeous.... All people are just jealous,0
facebook_corpus_msr_461454,Cho was one hell of a person. Straight talker. Courageous. Took up a fight and would remain relentless. Admired and loved some of his editorials.,0
facebook_corpus_msr_2073048,ok,0
facebook_corpus_msr_495504,and what about land in Hyderabad and telangana .. what abt bmw car gifted by Sachin to sidhu ...,0
facebook_corpus_msr_332782,Time of Indian cinema to fight international entertainment business. Thanks to mauli and his team for a unbelievable records breaking achievement. Jai hoho honho ho,0
facebook_corpus_msr_2082427,In Canada only one time in a month free withdrawal is permitted and more than that r charged 2 dollar per transaction.,0
facebook_corpus_msr_503462,"Here in America, we can say whatever we want..... even rubbish. It's one of our guaranteed freedoms.",0
facebook_corpus_msr_327799,"HyDer Khoso

Pakistan army has terrorists and rules of war don't apply for terrorist. Now your terrorists will patrolling along the border will be in constant tension and fear of ending up being beheaded",0
facebook_corpus_msr_334922,Probably he just got selected Supreme Commander of Maoist Council of India. Now he will take on full time work for them through JNU representatives.,0
facebook_corpus_msr_2111191,Because of these parties like these we Hindus got united .... Infact we should thank them for making the impossible thing possible....2017 has started exceptionally well for BJP.... Waiting for up results,0
facebook_corpus_msr_495469,If government spend these money on participants before olympics rio then i think INDIA should have 25-30 more gold medal,0
facebook_corpus_msr_352442,It is fully responsbilty of NAP TOAL Department govern by Government. public has right to chack goods value after paying currency.It is clear and objectionable offence under indian penale code.,0
facebook_corpus_msr_419385,I believe maggy is a brand tat capture the consumers psychology,0
facebook_corpus_msr_487730,Earnings to suprise positively ? Can we expect worst over for Infy TCS ?,0
facebook_corpus_msr_462513,Anuj bhai - if rbi cut is priced in. What's the range of nifty.,0
facebook_corpus_msr_480530,"Sub:- J&K resolves to NOW control the politics of India and Pakistan instead of present vice-versa

---- For solving Kashmir problem and for bringing normalcy to Kashmir three things are necessary (i)- Genuinely secular party should be launched from Muslim majority Sate of J&K because Hindus have failed to win the confidence of Indian Muslims (ii)- Kashmiris themselves should strive for Kashmir solution (iii)- J&K should control the politics of India and Pakistan as mentioned at:- 

http://www.alwihdainfo.com/J-K-resolve-to-NOW-control-politics-of-India-and-Pakistan-instead-of-present-vice-versa_a44096.html  OR 

https://groups.yahoo.com/neo/groups/kashmir-global-network/conversations/messages/50220 

Regards

Email: hemraj_jain@yahoo.com",0
facebook_corpus_msr_403494,There should be some immediate action on builder who are doing mal practice.,0
facebook_corpus_msr_1788857,"Shops, public transport, other businesses and educational institutions remained closed for the second consecutive day on Tuesday.",0
facebook_corpus_msr_429184,"Ur plan and way of proceed of such plan no can defeat in the world,,,,",0
facebook_corpus_msr_1521270,add mayur jadhav M.J,0
facebook_corpus_msr_1692675,Fake,0
facebook_corpus_msr_334218,Bakwaas news!! He is not muslim so he is allowed yaarrrr....,0
facebook_corpus_msr_1935258,Yesss..,0
facebook_corpus_msr_473491,"Still 50 percent of Americans need u, even though u did not win as a president",0
facebook_corpus_msr_373038,You are true but India pakistan live side by side so if it take place war like above picture then more soldiers will die... AND USA does drone attacks on certain part of pakistan.. Prime minister needs to buy some bullet proof jacket for soldiers instead they are busy allocating the money to so called poor parliament people rekha and Sachin who even hadn't attempted how parliament really looks like,0
facebook_corpus_msr_397434,Iam baloch balochistan is our province u no need to talk about our province,0
facebook_corpus_msr_335320,"Hahahah he is making u fool.
Which money r u talking about?
Wo paisa UK USA nahi jaa raha hai.
Indian election pe hi kharch ho raha hai.",0
facebook_corpus_msr_420935,Prakash Diwan Comments on Container Corporation of India (CONCUR) on a Navratna Company and Govt of India Undertaking Logistic Stock.,0
facebook_corpus_msr_1805655,Yes,0
facebook_corpus_msr_487729,This guy is 100 times better than udayan..watched Cnbc after a long gap,0
facebook_corpus_msr_325740,"Pakistan crossed LOC went inside India, killed Indian soldier mutilated him then ate an icecream, took a selfie and went back to Pakistan. 

Clap👏",0
facebook_corpus_msr_503535,"Indians should not react like facing a natural calamity. It's a Process, he's not there to dedicate his total time. Somebody else will take his position Soon and who knows he might prove better !",0
facebook_corpus_msr_1737108,IE simply try to create trouble between the 2. They know each other well,0
facebook_corpus_msr_487704,Where do u see the crude heading towards march end 2017 ?,0
facebook_corpus_msr_2232191,Police said about a dozen others who suffered injuries are being treated in the hospital.,0
facebook_corpus_msr_470841,A weird comment from UP CM about black money helping in recessionary pressure. Your thoughts?,0
facebook_corpus_msr_1493861,This was bound to happen. TheInternational court does not allow death sentence to be carried out.,0
facebook_corpus_msr_323747,Sad to see none of the photographers thr are bothered to click pictures of her,0
facebook_corpus_msr_1945540,Who is this Shirish Kunder???,0
facebook_corpus_msr_322441,"Aizawl Fc became Indian champions only on 1 crore budget and will be relegated due to aiff's cronyism, but media won't raise this issue, its only interested in the farce called swach bharat abhiyan.",0
facebook_corpus_msr_2039517,I always wanted sushama to be prime minister.,0
facebook_corpus_msr_400287,Shame on us. India only can do lecture nothing else.,0
facebook_corpus_msr_334945,His rivals in the party could cut him to size?,0
facebook_corpus_msr_1563584,"Margaux S Milchen.The Treaty of Peace and Friendship between the United States of America and the Bey and Subjects of Tripoli of Barbary, Signed at Tripoli November 4, 1796, Article 11 has been established as a matter of contention between the English and Arabic translations of the Treaty.  Adams criticized the claims to universal authority made by the Roman Catholic Church, which may well be the foundation upon which wording of Article 11 were based.

While it is true that Adams signed the aforementioned Treaty, it should be noted that he also signed the Declaration of Independence and Bill of Rights; both of which serve to further support Adams’ words as being misconstrued.  That Congress unanimously signed the Treaty is absurd when one acknowledges the whole translation issue.      

John Adams was both a devout Christian, and an independent thinker.  In a letter to Benjamin Rush, Adams credited religion with the success of his ancestors since their migration to the New World in the 1630s.  He also believed that regular church service was beneficial to man's moral sense. In 1796, Adams denounced political opponent  Thomas Paine's deistic criticisms of Christianity in The Age of Reason, saying, ""The Christian religion is, above all the religions that ever prevailed or existed in ancient or modern times, the religion of wisdom, virtue, equity and humanity, let the Blackguard Paine say what he will.”  

In light of Adams’ Christianity, it is highly improbable that translations from English to Arabic were accurately transcribed.  It is far more plausible that he was rejecting the claims of “universal authority” proclaimed by the Roman Catholic Church than anything remotely dismissing the foundation upon the Christian religion.        

Adams twice served as the Vice-President under President George Washington.  The words of our esteemed first President, included in his Farewell Address, further dispute any notion that these United States of America are not founded upon the Christian religion; “And let us with caution indulge the supposition that morality can be maintained without religion. Whatever may be conceded to the influence of refined education on minds of peculiar structure, reason and experience both forbid us to expect that national morality can prevail in exclusion of religious principle.”

The words of James Madison, the Father of Our Constitution, clearly contradict the notion that America is not a Christian Nation; ”We have staked the whole of all our political Institutions upon the capacity of mankind for self-government, upon the capacity of each and all of us to govern ourselves, to control ourselves, to sustain ourselves according to the Ten Commandments of God.”

While Puerto Rico is a territory of the U.S., they have yet to gain Statehood.  Indigenous languages have yet to take precedence over the English language in any of our States.  Your argument is a moot point until such time as they earn said Statehood.  We are all very much aware the U.S. is not Israel; restating the obvious is senseless, especially when it is irrelevant to the point at hand.  Perhaps it is you who “should read more?”",0
facebook_corpus_msr_472739,Hi Reema. Good to see you after long..maybe first time on fb live.,0
facebook_corpus_msr_437760,See my Diwakanam photos Facebook my account or YouTube DIVITI VENKATESHWARLU,0
facebook_corpus_msr_421288,"And Also Kindly ref. our site http://www.perscitustech.com for Intraday , Shot term n Investment calls",0
facebook_corpus_msr_482940,Hi  What  abt   Canara bank ?,0
facebook_corpus_msr_482787,How does this 3 pm move play out on every single expiry? Are the markets so easily prone to manipulation?,0
facebook_corpus_msr_426313,You deserve sir . Congrats.. we look forward to see you & our company on top of world of communication.  Have a nice day sir......VR,0
facebook_corpus_msr_1805326,I remember seeing this grandpa somewhere before 😂,0
facebook_corpus_msr_1976648,"Haha, the reasons do not make any sense. Looks like a desperate attempt at publishing an article.😂😂",0
facebook_corpus_msr_1805575,Who is it?☺ ..,0
facebook_corpus_msr_473750,"*PURE DESH ME AFRA TAFRI KA MAHOOL HAI...INDIA KI 98% JANTA GARIB HAI..YE MAAR ASLI 98% PE MARI HAI MODI JI NE..YE ACHA NHI KIYA BJP NE PURA VYAPARI VARG ROO RAHA HAI KHUN KE AANSU BJP WE SHAME ON YOU*

*B.J.P..*❌❌❌❌❌❌❌
*MODI..*❌❌❌❌❌❌❌

*WE REALY SHAME ON YOU MODI JI..*",0
facebook_corpus_msr_1833386,Madam. What about 'human protection' from rampaging mobs?,0
facebook_corpus_msr_1804885,Deepak Kumar Sharma are you isolating RSS and MODI?,0
facebook_corpus_msr_395548,The man with dirty toung should be kept away from such post.The man who disrespect any Woman is not good for such honour,0
facebook_corpus_msr_471248,Feudalistic chaebol ego.rattan nano big flop-why not accept and move on -supermen court battle over Singur already lost to Mamta.,0
facebook_corpus_msr_1716149,How can someone react laughing emoji on such brutal crimes!!!!! Sigh.,0
facebook_corpus_msr_502272,"Bankruptacy law should include daugter in law , brother in law ,sister in law , father in law  of the concerned bankrupt ....family Responsibility ..to avoid duck out govt can support -simple",0
facebook_corpus_msr_2333491,"#RepublicDay The UAE is the second country after France to send its troops to participate in the Republic Day parade of India, a tradition that started last year.",0
facebook_corpus_msr_1737158,Real Hero,0
facebook_corpus_msr_2145858,Happy Birthday.,0
facebook_corpus_msr_2280148,Good,0
facebook_corpus_msr_349946,"Yes...Perfect Question...
Now Every Indian is asking the Same Question..iam a MODI Fan...even I too want the answer 4 this ..
Still How many Sacrifices of our Soldiers NEED to d Govt ????",0
facebook_corpus_msr_2082424,News from Jansatta,0
facebook_corpus_msr_748254,"It's Factlble issue 
....",0
facebook_corpus_msr_1805119,"anna ji had taken the right decision,now we can see the real face of kejriwal.",0
facebook_corpus_msr_463115,"Everything takes time!! We see the problem faced by all of us after demonetisation! But we ignore the fundamental problems and hardships faced by Indians due to ill practices before 8th! , thousands of farmers died, long lines at hospitals, poor quality of education! Is it easy to blame and point out deficiency but difficult to do what it takes to bring the change! We are all good opinion but not good option! If you have better solution to clean the system then write that! 
Better schools, teachers and hospitals will be built when govt gets funds! 
gst implementation after demonetisations will help in that! 
Poor tax laws or justice system is not the result of PM Modi! But he is the only one trying to improve the institutions! 
Corruption is in minds and also in operations! Which are being improved one by one!
I'm not saying demonetisation is 100% correct but is is still a better step! 
40% are poor and equally are uneducated! How do you suggest to solve that? With so much corrupt officials and politicians??",0
facebook_corpus_msr_436563,Hi Anuj your long term view in JAMNA Auto & Sadbhav Engineering pls,0
facebook_corpus_msr_457395,can we judge expiry from today as after 18th holidays will start ..so can it happen at 8300?,0
facebook_corpus_msr_488094,what abt IT sector. Is the down over.. which stocks to pick,0
facebook_corpus_msr_1833595,Congress bhai,0
facebook_corpus_msr_473755,"*PURE DESH ME AFRA TAFRI KA MAHOOL HAI...INDIA KI 98% JANTA GARIB HAI..YE MAAR ASLI 98% PE MARI HAI MODI JI NE..YE ACHA NHI KIYA BJP NE PURA VYAPARI VARG ROO RAHA HAI KHUN KE AANSU BJP WE SHAME ON YOU*

*B.J.P..*❌❌❌❌❌❌❌
*MODI..*❌❌❌❌❌❌❌

*WE REALY SHAME ON YOU MODI JI..*",0
facebook_corpus_msr_437899,data centres and the protectionism?? completely irrelevant solution for a relevant question,0
facebook_corpus_msr_1521857,Why they bring cow and in the fair to sell when they know what will be fate of cow and calf.,0
facebook_corpus_msr_424783,Demonitization has impacted every Sector by and large.though short term.,0
facebook_corpus_msr_493175,"Ok. . . Use those money for Infra projects. You should sit on Metro projects. 
Government is going back 15 years to Vajpayee to sit on highway projects. Then it was quite right. Time has changed. 
You should sit on Metro projects big time.",0
facebook_corpus_msr_328836,We are expecting more powerful Block Buster movies from Nation,0
facebook_corpus_msr_451879,"Am I the only one who is not bothered by the music? I don't understand it but it is different, isn't it?",0
facebook_corpus_msr_437745,"Sonia ji, looks like you are not in best health today, take care",0
facebook_corpus_msr_394719,First u band ur dangerious product. Is harmfull for Indian Soldiers.,0
facebook_corpus_msr_1987973,Is this news #indianexpress,0
facebook_corpus_msr_334528,What is the use or becoming a boss when no public support is there.,0
facebook_corpus_msr_1876667,Thought you might like Amrita Ajitprasad,0
facebook_corpus_msr_1943353,Guess who is the new entrant on top 10 celeb tax payer list?,0
facebook_corpus_msr_421287,U can hold it with shot term tgt 500+ SL 460,0
facebook_corpus_msr_497067,Hedge funds prey on instability.  So it's better we have more pe funds instead.  But for that to happen we need a credible banker,0
facebook_corpus_msr_483609,No one can replace the caliber and skill of Mr. Ratan Tata.  Mistry made mess of things with the result the credibility of TATAs brand equity started loosing.,0
facebook_corpus_msr_408824,every date is a last date in itself.....this perticular date is only similer.. thats the difference....,0
facebook_corpus_msr_503336,It's true bro - i wonder how beautiful she is in person n how wonderful it would be to actually meet her - cloud 9 fever,0
facebook_corpus_msr_341852,"💢 Bot User 💢 Xingh Kannu 💢

 ♥PYTHON♥BOT♥TEAM♥

♪----» TAYYAB-XD.TK «----♪

♥♡o. BOT OWNER 💢 TAYYAB KHAN 💢",0
facebook_corpus_msr_327848,"If Pakistan Army mutilated 
Indian Body,
Then they must have cross the border to do that!!!!!@!
.
.
.
.
.
.
Surgical Strike 
Surgical Strike 
Surgical Strike 😂😂😂😂
Pakistan did Surgical Strike
In India!
And mutilated their bodies.
😂😂😂😂😂😂😂😂😂😂😂😂😂😂😂😂😂😂😂😂😂😂😂😂.
.
.",0
facebook_corpus_msr_325920,We should follow Israel type lessons to teach Pakistan lessons.tactical new strategy should be followed,0
facebook_corpus_msr_323748,I think She is Teaching the Techniques of  Swachh Bharat Abhiyaan.,0
facebook_corpus_msr_1646787,"China bans Muslim names like ‘Saddam’, ‘Jihad’ for newborns in restive Xinjiang",0
facebook_corpus_msr_325795,"This seems truly surgical

Indians forces can now teach this in basic training syllabus to their soldiers",0
facebook_corpus_msr_1614069,Superb movie,0
facebook_corpus_msr_399795,"SHAME UPON INDIAN INTELLIGENCE 
ENEMY ARMY ENTERED OUR TERRITORY 250 INSIDE AND THEY DIDN'T COME TO KNOW 
BIG SHAME AND FAILURE IB INTELLIGENCE",0
facebook_corpus_msr_412656,"Hi , Sir Can We expect Expiry to be arnd 9400....",0
facebook_corpus_msr_439178,Your humility Sundar... Just amazing.. I am pretty sure that's the quality driving you to newer heights every day. I haven't seen much leaders who genuinely believe and demonstrate ToT (trust on team) stuff.,0
facebook_corpus_msr_1736992,"No issues  😊

I am not baised  nor will I 
I have not chained  myself with strong  conviction.",0
facebook_corpus_msr_418972,CBN is the best visionary true leader to save us from the looters and cheaters from politics. HE is the great visionary true leader in India,0
facebook_corpus_msr_334192,Shruti Another task for u...make this and bring some for me ;),0
facebook_corpus_msr_497776,Please I need ur email id to coMplain Piyush ji,0
facebook_corpus_msr_426209,Current infra plans may not be enough to meet challenges over a generation: Kapil Kaul,0
facebook_corpus_msr_1876669,Fantastic 😍 !!,0
facebook_corpus_msr_464726,"final product is happiness , so winny do not search happiness in various form ...make it simple .....Rest in peace --Sir winston churchill ---> born1874 -died1965<------",0
facebook_corpus_msr_410533,I m so sad ki rahul hr gye.. ye up ke logo ne bhut galt kiya..,0
facebook_corpus_msr_1521776,Beef and pork are tasty. Il let you know how an Infant tastes like.,0
facebook_corpus_msr_483437,"I think this is a good move, need some one from outside the group...",0
facebook_corpus_msr_1614006,Bahuballi is torn between his love of his foster mother and his love,0
facebook_corpus_msr_502856,"Sir , what is ur first work to b done as a   hrd minister?",0
facebook_corpus_msr_495389,it's strange people start to comparing 2 different sectors without any reason instead of congratulating them,0
facebook_corpus_msr_421680,try something on high interest rates of the govt. banks. .  as small business will grow more.,0
facebook_corpus_msr_1805594,Yes he is Wright not to join AAP,0
facebook_corpus_msr_418816,#LIVE | NSE से #PehlaKadam season 2 Grand Finale,0
facebook_corpus_msr_411718,"Talking to companies, govt on making economical generic drugs available to patients: IMA President",0
facebook_corpus_msr_1985372,"Nice pick
sir",0
facebook_corpus_msr_426287,Will start offering tariff plans starting April 1: Mukesh Ambani,0
facebook_corpus_msr_430303,if you address this question to mr mitesh on power companies like ptc,0
facebook_corpus_msr_452233,ppl are appreciating comments more than a bike whaaa :-D,0
facebook_corpus_msr_2199127,"Here Azam Khan is pointing it out Modi's 'Dog' attack on Congress and not of his own. Being a Prime Minister of India , and keeping up the respect of the Chair he is holding, he should not go so cheap in the public. Never before any PM went to this level of low. It's OK as Road side Politician, but not as a PM of the country. Peeping into the bath room, using low level words, what kind of culture we are promoting? Please note here I am nit endorsing Azam Khan.",0
facebook_corpus_msr_426365,"No one has hearts like you in the world.you Jio always 
In my country.you are the power of India.",0
facebook_corpus_msr_332261,"What you should know about Turkey's President, Recap Tayyip Erdogan:

The Turkish economy between 2002 and 2012 caused a growth of 64% in real GDP and a 43% increase in GDP per capita.

Erdoğan inherited a debt of $23.5 billion to the IMF, which was reduced to $0.9 billion in 2012. He decided not to sign a new deal. Turkey's debt to the IMF was thus declared to be completely paid and he announced that the IMF could borrow from Turkey.

In 2010, five-year credit default swaps for Turkey's sovereign debt were trading at a record low of 1.17%, below those of nine EU member countries and Russia.

In 2002, the Turkish Central Bank had $26.5 billion in reserves. This amount reached $92.2 billion in 2011. During Erdoğan's leadership. Inflation fell from 32% to 9.0% in 2004.

Under Erdoğan's government, the number of airports in Turkey increased from 26 to 50.

Between 2002 and 2011, another 13500 km of expressway were built.

For the first time in Turkish history, high speed railway lines were constructed, and the country's high-speed train service began in 2009. In 8 years, 1076 km of railway were built and 5449 km of railway renewed.

Erdogan put greater investments into the healthcare system than any predecessor. As part of the reforms, the ""Green Card"" program, which provides free health benefits to the poor.

Erdoğan increased Education spending from 7.5 billion lira in 2002 to 34 billion lira in 2011, the highest share of the national budget given to one ministry and number of universities in Turkey nearly doubled, from 98 in 2002 to 186 in October 2012.

In 1996 1$=222 Lira and in 2016 1$=2.94 Lira, even after the recent turmoil.",0
facebook_corpus_msr_326314,Present government is incapable of taking any action against our enemies,0
facebook_corpus_msr_465510,It is a  passing  phase.  Have  patience.,0
facebook_corpus_msr_1737170,nice one!! well said!!,0
facebook_corpus_msr_1939489,You call this good looks?? Madhubala will commit suicide hearing this!!!,0
facebook_corpus_msr_461526,Just asking... Do you as in research houses get fees to cover and research a particular company like in case of credit rating agencies getting it from corporate,0
facebook_corpus_msr_495431,"Its really good to appreciate and giving that much amount by the government and various other supporters to these winners but we should not forget to encourage and support financially for all those participants specially at the time of training so that we can hope for more medals, not just to satisfy for one or two.....",0
facebook_corpus_msr_506636,"It's time now ..that Central Banks, International organizations, g20, United Nations , Inter-American Development Bank, European Commission, European Central Bank, International Monetary Fund , International Finance Corporation should start to adopt a New Politic , coordinate their operations and act together with all worldwide Heads of State .. please take a look : 
http://economicsandpolicy.blogspot.it/2013/03/what-europe-should-do.html",0
facebook_corpus_msr_483658,Do u any inflection point comming in the field of cyber security?,0
facebook_corpus_msr_416652,"Your problem can,be solved anytime, anywhere within 24 hours by bharo sidhi pt.jk jyotishi +91-8968848458 sp.in love marriage, sotandur, dusman chutkara, gharkalesh,nokri,videsh yatra,factory, shop, losses,,helth,childless,all kind of problems",0
facebook_corpus_msr_1804960,Is it a fault that Anna Hazare has acknowledged some of the achievements of Modi. Those who are opposed to the BJP ideologies are supporting the other parties. Do anyone think that Kejriwal is having the right approach to the centre. The massive mandate he got in Delhi was taken for granted by him to abuse others. Is this attitude good for a person like Kejriwal. It is absurd to think that what he says is unquestionable and what he does is right. In my opinion his popularity is showing a downward momentum. Can anyone who is inclined to AAP  show a single political party in India which is having foolproof credentials.,0
facebook_corpus_msr_439604,Competition is tough bcz necessary goods are being costlier but luxury goods are being cheaper..,0
facebook_corpus_msr_426312,there are no coverage other than CNBC?  its looks like as arranged function for the publicity Purpose only.,0
facebook_corpus_msr_328838,What do you want to prove by saying bahubali beats tom hanks.....!!,0
facebook_corpus_msr_1728889,Suresh Sir please look in to aircon not facilitating properly sometimes needs to travel with fan cooling,0
facebook_corpus_msr_1943358,Where is Shah rukh?,0
facebook_corpus_msr_490147,You 18 grp work hard when your 18 grp share work hard for investors,0
facebook_corpus_msr_399712,Now Randia will seek What is the Real Surgical Strike,0
facebook_corpus_msr_2111167,Sensible (Y),0
facebook_corpus_msr_491055,How good if us fed rate hike for India ?,0
facebook_corpus_msr_2203242,Romeos need to be tackled regardless of their religion,0
facebook_corpus_msr_421306,Anuj how was you Goa trip did u played the poker?,0
facebook_corpus_msr_349848,"congress were pat to ruffian's also before so that had to loss life TO late smt. Indra Gandhi,Rajiv Gandhi.Beant Singh.BJP Started to 'swachh bharat abiyaan'together pakistan .may be ,it will be finish before election either 2020.",0
facebook_corpus_msr_470180,"Totally improper management to make suffer the economy in total,whom to blame for sudden down fall of smooth economy,irrepairable correction.",0
facebook_corpus_msr_422245,Up elections  was expected  any how for bjp,0
facebook_corpus_msr_495585,How much the govt is going to deduct as tax is a big question mark. 😃,0
facebook_corpus_msr_462745,"Jayalalitha ji connect with citizens, concern of welfare of the poor ,the woman with powerful personality will always be in our memories.
""MAY HER SOUL REST IN PEACE""😓😢😭

Very emotional video",0
facebook_corpus_msr_334535,Really Kumar   Vishwas eserve post of C.M of Delhi than kejri as Viswas is little polite man!,0
facebook_corpus_msr_331203,So much sympathy towards thieves...find no difference between sympathisers and thieves...bcoz sympathisers are by nature communal and want others to be secular with then...,0
facebook_corpus_msr_2280059,I'm glad they are highlighting the fact that other countries also have restrictions on their borders.,0
facebook_corpus_msr_442475,CONSUMPTION DEPENDS ON THE HUNGER AND FIRE....FROM PANI PURI TO BHEL PURI TO OM PURI  TO PURI JAGANATHAR TEMPLE ......,0
facebook_corpus_msr_327828,"Pakistan Army did not commit any ceasefire violation on line of control or a BAT action in Buttal sector (  Indian Krishna Ghatti Sector )as alleged by India. Indian blame of mutilating Indian soldiers' bodies are also false. 
Pakistan Army is a highly professional force and shall never disrespect a soldier even Indian.(ISPR)",0
facebook_corpus_msr_439763,Food price includes all kind of expenses and profit of the owner. So why to pay service charge forcefully ? Payment of Service Charge is like paying for jet fuel additional for air journey.,0
facebook_corpus_msr_1775194,People of Karnataka are highly qualified and educated they have rejected Jumlas & Chosen Development in By-Polls Verdict.they knew well what has to be done..,0
facebook_corpus_msr_1692692,opinion poll is banned.,0
facebook_corpus_msr_451861,"go for enfield, bajaj is good for chetak, i am looking for old bajaj chetak",0
facebook_corpus_msr_1907034,And you can report post. If you don't like,0
facebook_corpus_msr_395558,Group of anti  Modi politicians can not find a better choice?????,0
facebook_corpus_msr_469991,Anuj I think trump event has already made the bottom and we may see tomorrow recovery in mkt,0
facebook_corpus_msr_503219,Employment opportunities for youth is there in these plan ah,0
facebook_corpus_msr_505753,"i cant figure out india thinking of food as a business since independence excluding "" green revolution "" !",0
facebook_corpus_msr_490973,Mary is as good as sachin tendulkar for our bharat,0
facebook_corpus_msr_482182,"But ever may be there on the AOA, what ever happened shouldn't have happened, if it had to then not in such a bad shape, had damaged the TATA's Image globally, which is on the list of the world's top 5 most trusted and ethical brands.
#Maam you look beautiful, just simply smile some day.",0
facebook_corpus_msr_2041573,Hru isha,0
facebook_corpus_msr_412831,I can also say this it's a natural habit of human. Your thought is very motivational. I am inspired.,0
facebook_corpus_msr_470852,Why am i watching this ..cuz tht reporter is cute 😂😂,0
facebook_corpus_msr_1736977,Yeah u wish!😂,0
facebook_corpus_msr_1563621,Tyler Brown  amen,0
facebook_corpus_msr_1610604,Tiwari also expressed grief over the death of a person in a fire that broke out in a slum cluster in south Delhi's Malviya Nagar area.,0
facebook_corpus_msr_2111404,Love you haters,0
facebook_corpus_msr_472875,It is only to divert the attention of people from their failure to get black money from foreign banks and distribute among common people by putting in their accounts Rs.15 laks.,0
facebook_corpus_msr_1525110,He is the same general who is proposing the increase in number of army welfare schools and youth skill development programs funded and operated by India army,0
facebook_corpus_msr_464047,Legitimate holding of jewellery upto any extent is fully protected,0
facebook_corpus_msr_325750,"Yeah...
I know your Ammi uses way too many of them...!!!",0
facebook_corpus_msr_233683,Govt gives security to Netas..Our Jawans need it too..They are our true VVVIPs..Why don't give them Z+++ security?,0
facebook_corpus_msr_487600,Wts the take on motherson Sumi for 3-4 month period?,0
facebook_corpus_msr_423049,Market  going to blast on 13th 14th  March.. .stay away from short..,0
facebook_corpus_msr_2041574,"I really like like kangana, whether it's her personal life or professional she is so true n straight forward n doesn't act like a hypocrite . At least someone dare to show Karen Johar his actual face in the mirror.. And c stands for her own not taking support of anyone.. not fearing anyone. I just love her",0
facebook_corpus_msr_483435,It's good that Mr Ratan tata ji is back to action. See no one can match him as he is the best in his own.,0
facebook_corpus_msr_419550,who pays u to analyze noise on daily basis ?,0
facebook_corpus_msr_323723,Two unwanted source of feedback nowadays : media and Twitter...And the second one should start minding its own business,0
facebook_corpus_msr_349900,But congress created cancer in the system that this chest first to be made healthy .,0
facebook_corpus_msr_1805414,Wrong,0
facebook_corpus_msr_470614,love and involvement  in business is a fine work of craft men ship--> andre,0
facebook_corpus_msr_488673,"Table Talk ""The Secret of Trading Forex"" bersama Fund Manager Academy. Mau tau Cara Profit Secara KONSISTEN dan KONTINIU Selama 7 Tahun ?. Tanya saya Caranya. Chat me at my WhatsApp Number +6281329471444 Segera !!!",0
facebook_corpus_msr_461574,she truly was a great politician.....no one could become like her.....hats off to her personality tht she created among peoples for her state,0
facebook_corpus_msr_470611,my simple question is what happens if people hold 100 and 50 denomination ....it is better for government to change all currency,0
facebook_corpus_msr_466008,"Why should our Pm decrease all the rates of daily needs viz. Petrol, gas, food commodities etc so that every one will live with some hundreds as he desires .",0
facebook_corpus_msr_425054,Bought Dr. Reddy's at 2900. Should I buy more? Long term?,0
facebook_corpus_msr_495715,PV Sindhi got 25 lacs more from m.p govt credits Shivraj Singh Chouhan ji,0
facebook_corpus_msr_463485,Anyways black money ppl poses all the skills continue their play,0
facebook_corpus_msr_331431,Middle East is very far from you cannot reach first see in the home bro,0
facebook_corpus_msr_406166,"🍺 Bot😨 Powered🐷 By😍 Prince😼 Fadii

🏨 See My Bot Speed 😽 India TV
♥ c h α υ δ h r ψ s 🌹 β ο τ τ ε r ♥
🏢 Saturday : 29 - April - 2017
🏨  Like Back♥ India TV
🏥 comment Late  59 detik :)
 🏪 Auto Comment By   Prince Fadii
 🏯 🔎 Baby-Bot.tk 💡",0
facebook_corpus_msr_413446,This channel is completely sold out to BJP. Beleive me.,0
facebook_corpus_msr_326716,Hats off to her...this is called women power...I am proud of to be a woman,0
facebook_corpus_msr_414193,"Red beacons will be done away with for VIPs from May 1, 2017: FM",0
facebook_corpus_msr_411599,Should it post good results since Federal gave good results..south based bank,0
facebook_corpus_msr_502333,isuzu advised to visit indian roads before the launch --,0
facebook_corpus_msr_1827824,I'm a vegan.,0
facebook_corpus_msr_1737081,It means that AAP will change modi bashing tactics to different politics as they lossing one by one elections . SImple politicshere,0
facebook_corpus_msr_1805337,Nope - he has no right question AK,0
facebook_corpus_msr_414220,"I would like to mention here that about a month ago, I bought a car Vitara Breeza ZDI from One-up Motors (Maruti Suzuki), Alambagh, Lucknow – 226005, having Vehicle Registration No. UP 32 HQ 5615.

The very next days after delivery of the car, I noticed some cloudy parts and bubbles on the driver and co-driver door of the car. then I spoke to the car dealership about the problem they notice the problem and send my car to their Maruti Suzuki Authorised service station on 02-01-2017 for fixing the problem.

After 15 days, the same problem was reoccurred. When I took my car to the Dealer (One-up Motors (Maruti Suzuki), Alambagh, Lucknow – 226005) they again sent it to service station for rectification of the problems and delivered the car to me after two days.

The same problem has again been noticed on 13-02-2017. After just 20 days  again i.e. 24-02-17 the same problem has been noticed on the entire body of the car.

When I visit again the authorised service station of the dealership they refused to resolve the problem and misbehaved with me.

Today i.e. On 23.03.2017 My car is still under repair with Oneup Moters Arambagh from last 20 days.

I brought the car for use my old parents and not to send it repeatedly to the service station for repairs or fixing problems. My father is suffering from heart ❤ problems. As you know it is very difficult to senior citizens or to repeatedly visit the service station.",0
facebook_corpus_msr_373456,Seema pe jawan mr rahe he ye bahubali dekh rahe he,0
facebook_corpus_msr_455970,Its not good signs....Webcast crashed...CNBC tvs 18 webcast playing like cat and mouse...awefull songs,0
facebook_corpus_msr_412825,It's a issue which we as a country aren't taking it serious enough and allowing Laws to be passed that allow hackers even a better chance at identity theft. Which was just passed recently against the better judgement of the FCC.,0
facebook_corpus_msr_1521702,You  said it,0
facebook_corpus_msr_1907057,Very good,0
facebook_corpus_msr_1945552,Well said👍,0
facebook_corpus_msr_470014,plz provide how much loss the country had to incur in the same tenure in all sectors.,0
facebook_corpus_msr_1521796,"BJP should be focusing on illegal abattoirs in every hook and corner of the state and the illegal disposal of waste from slaughter houses into river bodies, wetlands, fields near roads which are causing health hazards to the people",0
facebook_corpus_msr_443361,"Nigel one of either of my quarries
Abfrl
Future consumer
R-power 
Nmdc
Guj nre. Coke",0
facebook_corpus_msr_1829047,"Tenzin Gyatso has visited Arunachal Pradesh in 1983, 1996, 1997 and twice in 2003—which, put together, gives excellent reason to wonder why Beijing should claim this particular tour has hurt its “core interests”.",0
facebook_corpus_msr_487638,whether Q2 expected to be good for bank stocks  Q2 result start from South indian bank tomorrow,0
facebook_corpus_msr_397456,"""PAKISTANAN'S"" are not crul like your government.and jannat is only for humbl and for right person.",0
facebook_corpus_msr_424795,What about car sales data will impact on market tomorrow..,0
facebook_corpus_msr_1805757,"I am too 
;)
He didn't joined",0
facebook_corpus_msr_420715,he will be good administrator as well as a tough guy too.. he didnt win 5 times elction just on the basis of saffron dress..,0
facebook_corpus_msr_438457,saw a news about long term capital gain period increased to 3 Years from 1 year. what's your view?,0
facebook_corpus_msr_1854947,Thanks,0
facebook_corpus_msr_420659,bjp has massive support of people but agenda wasnt clear,0
facebook_corpus_msr_327978,He is on the list of 2017 most corrupted leader. Google it,0
facebook_corpus_msr_395551,"There's no other cadidate for President, why opposition isn't proposing Laloo for President, or Mulayam or Mayawati, or Didi for president they are much better cadidates.",0
facebook_corpus_msr_423186,"This is called "" The Beauty and the Beast "". Kudos TATA. Proud to have in India.",0
facebook_corpus_msr_418661,"For tyre stocks,incase anti dumping duty does not come...will it see heavy correction ...or rubber prices correcting will set off",0
facebook_corpus_msr_487649,whether Q2 expected to be good for bank stocks Q2 result start from South indian bank tomorrow,0
facebook_corpus_msr_332755,Cancel the driving license of both drivers & impose monetary fine.,0
facebook_corpus_msr_1994435,Mrng,0
facebook_corpus_msr_412530,It's a issue which we as a country aren't taking it serious enough and allowing Laws to be passed that allow hackers even a better chance at identity theft. Which was just passed recently against the better judgement of the FCC.,0
facebook_corpus_msr_416330,"Sir. As depression is commonly used term for even a small amount of sadness, can you please elaborate on the difference between Sadness and depression..",0
facebook_corpus_msr_431164,I love u Mr. Modi ...... Proud to be Indian .... One more reason that  I belong to the country where Mr. Naarendra Modi is the Prime Minister....,0
facebook_corpus_msr_1833382,Is gau raksha have the law to kill any accused or innocent in name of cow in which the law is not inposed to the government forcess,0
facebook_corpus_msr_2111398,India does not need fake secularism and pseudo seculars.,0
facebook_corpus_msr_1854944,I miss you darling,0
facebook_corpus_msr_405257,WHAT ELSE CAN A POOR CHAP DO? A HEN-CHICK DOES NOT HAVE ANY CHOICE IN FRONT OF A CAT BUT TO .. .,0
facebook_corpus_msr_498142,Hahaha..... CNBC team so funny........ make feel happy..... :) :) :),0
facebook_corpus_msr_497718,Making so many educated peoples future dumping in mines ....,0
facebook_corpus_msr_491444,"Interest in the stock mkts have fainted, how much more can a mkt move up with limited ppl earning",0
facebook_corpus_msr_1710279,"Whatever this RM is honest, needs to make railways more efficient to improve the ratio.",0
facebook_corpus_msr_1985363,Two  champions of cricket,0
facebook_corpus_msr_465479,Nice to see CNBC TV 18 to Auranagabad.. talking to Rahul,0
facebook_corpus_msr_339899,"50 heads was possible if your Dad would be a Cow. But unfortunately he was just a Soldier. Bjp Government doesn't get votes for Soldiers...
Sorry for your Father Sis..",0
facebook_corpus_msr_483450,When successor performs better than the long term founding chairman!!!!! Result,0
facebook_corpus_msr_1395853,Come on. Be quick & start.,0
facebook_corpus_msr_335315,Good... People cannot have any opinion at all for 5 years,0
facebook_corpus_msr_1804861,Han bhai chutiya hu me...i prefer humans over cows.... Development over rhetoric....facts over hoax....truth over media....and sleep over messing with u... Good night.,0
facebook_corpus_msr_463518,"Congratulations for all of us,we proud of  that we are working with such orgnization",0
facebook_corpus_msr_2175543,Proud moment for india,0
facebook_corpus_msr_480882,weapons are not for display this are meant for fighting -defence minister sir,0
facebook_corpus_msr_1679262,#Fabulous,0
facebook_corpus_msr_1818446,She is Right .,0
facebook_corpus_msr_2145862,Happy birthday. What a acting in Jolly LLB 2.,0
facebook_corpus_msr_417015,BUY GLENMARK 872 AND MORE ON DECLINE NEAR 852 SL 828 TRADE ACORDINGLY IN FUTURE,0
facebook_corpus_msr_426245,Ya remember at least you guys speak positive then market goes up and just one negative thing you can change the whole statistics . I guess remember Udayan Mukherjee,0
facebook_corpus_msr_332718,"In the streets of Kolkata, bus drivers play the game of Tom n Jerry without caring about other motorists....most common among them is hit n run......",0
facebook_corpus_msr_505758,"Jokes aside, it is a serious yet solvable issue...our aim was to help bring this to your notice...:)
Thanks for watching and Commenting Suvarna Kulkarni :)",0
facebook_corpus_msr_487642,Can we expect next Thursday to be good for bull ?,0
facebook_corpus_msr_454898,Its a big motorcycle for big towns and big dealers,0
facebook_corpus_msr_1525107,"He is the same General, who gave a threat to all Kashmiris few days back.",0
facebook_corpus_msr_2160855,The report found that Islamic State revenue has declined from up to $1.9 billion in 2014 to at most $870 million in 2016.,0
facebook_corpus_msr_2261772,Long live this cuteness,0
facebook_corpus_msr_1737145,All people are not fools as he or others promoting him think so,0
facebook_corpus_msr_327902,"Why India Should #ScrapIndusWatersTreaty
Indus Water Treaty Is Illegal
The case of the 1960 Indus waters treaty, it has been signed by then Prime Minister Jawaharlal Nehru and “nowhere it is declared that the said agreement/treaty has been signed in the name of the President of India”, 
“According to the ministry of external affairs documents, nowhere disclosed agreement has been signed by the Jawaharlal Nehru for the President of India...,” 

“According to the impugned agreement 80% water goes to Pakistan which is a serious injury to the fundamental right of the citizens of India coupled with further financial and natural injuries to national interest.”

If We Indians Keep Quit Today Our Future Generations Will Blame Us And Never Going To Forgive Us

India Need Be Like China Fast And Furious And Must Have Ability To Say On Face.
China Claim South China Sea 
China Made And Develop 7 Artificial Man Made Islands On The South China Sea So Quickly 
Then Why Can't India Stop Water From Our Own States And Union Territories Of India
We Need To Build More Dam On Indus River And Must Have Iccha-Shakti To Say Only One Sentence To World Bank F*ck Off 
India Is Scraping Indus Waters Treaty

If China Can Do For Their Mother Land 
Then Why Not India (If India Cannot Do)
Then Their Is Some Serious Problem In Our Indian Government System With Our Political Partys And Also With Our Useless Politician.
Who Just Know To Bark But Cannot Take Action.

http://siteresources.worldbank.org/INTSOUTHASIA/Resources/223497-1105737253588/IndusWatersTreaty1960.pdf",0
facebook_corpus_msr_1716159,It's between the devil and the deep blue sea.....Communalism or corruption... ? I,0
facebook_corpus_msr_464067,It's common observation  of conversation was happening for long time.Unaccounted accumulated income will be sharing.,0
facebook_corpus_msr_431173,"I thought the duty of politicians is to develop India and modi ji is doing it.. But what's sad news is that some parties opposing modiji..I wonder like, are these politicians working for India or for their party..",0
facebook_corpus_msr_424163,It would be more appropriate to levy a fee to enter the bank's branch/ATM,0
facebook_corpus_msr_1737163,It was a neutral video. News chaapne ke liye kuch bhi?,0
facebook_corpus_msr_436490,"No BAN. This is not only for Tamil Nadu. Karnataka, Maharastra, Rajasthan other states are also facing Ban on their native cultural events.",0
facebook_corpus_msr_461108,If u can't compete u hv no business to remain in the business. We r a democracy & an open economy,0
facebook_corpus_msr_1805547,I,0
facebook_corpus_msr_2203261,"Priyanka Sahai I'll ans you after little while, wait",0
facebook_corpus_msr_483439,Ratan Tata saved Tata group before situation is worsening. Tata shares buying opportunity.,0
facebook_corpus_msr_422289,"Good , evening sir , I m from UP . I have 1000 Shares of Rolta , can I hold for good return ?",0
facebook_corpus_msr_328831,Prabhaas alone? Prabhas has done movies before baahubali. Credit goes to entire baahubali team including the director.,0
facebook_corpus_msr_1805666,Is it ok being RSS Sevak to join any other party rather than BJP...,0
facebook_corpus_msr_1805303,anna hazare is a hoe,0
facebook_corpus_msr_461082,anuj y today psu banks didnt do much specially  sbi,0
facebook_corpus_msr_411805,Hi Anuj what's your view on ceat tyre is it possible to hit 2000,0
facebook_corpus_msr_2203248,She is simple girl and need not know politics. Let her vote to her choice.,0
facebook_corpus_msr_417310,Could have migrated to BS4 in 2014 but govt was not ready with fuel: Pawan Goenka,0
facebook_corpus_msr_331080,hindu  murdr  in  bngal   till thy  cular   no  frdom  for  hindu   in  bngal,0
facebook_corpus_msr_495505,"If they've splurge before the olympics , we might hve seen different numbrs in medal tally... :)",0
facebook_corpus_msr_470201,Now the income tax should be abolished or cut down to half...ppl will start celebrating,0
facebook_corpus_msr_421102,I HAVE 4 LOT SHORT SELL IN ULTRATEC CEMNT 4000 RATE WHAT SHOUD I DO,0
facebook_corpus_msr_1710260,"In last year’s Rail Budget, Railway minister Suresh Prabhu had said that the impact of the 7th Pay Commission would take the operating ratio to 92 per cent in 2016-17",0
facebook_corpus_msr_463520,Great job...  Big Basket...  Good luck for the future,0
facebook_corpus_msr_451507,Hi Anuj....is it the right time to enter into edelweiss financials,0
facebook_corpus_msr_436741,"Smart work, rather than the hardwork, is required for leaders.",0
facebook_corpus_msr_1805476,Anna is with Modi.,0
facebook_corpus_msr_472648,". The predicted for Donald Trump.
. The US presidential election, Donald Trump, will bring perform be further difficulties, inconvenient. period of up to February 2017, is a threat for Trump . .Nearby people would distress, the risk of life. is intense rotation of stars.
. Expert knowledge hidden,Ghatib Ali Shad, Lahore Pakistan. ghatibastro@gmail.com",0
facebook_corpus_msr_332720,WHO ISSUED  LICENSE  TO DRIVE  TO SUCH FOOLS. INDIA  NEEDS STRICT  DRIVING  LAWS,0
facebook_corpus_msr_2160857,Dear News Channel please also show Who is Funding this ISIS SHITS.,0
facebook_corpus_msr_436578,Nifty 8300 Jan put option stay till expiry or squre of before it.,0
facebook_corpus_msr_443144,Cyrus Mistry files petition under Section 241 & 242 of Companies Act,0
facebook_corpus_msr_2111255,very good joke,0
facebook_corpus_msr_1804896,Not needed his approval..he has to look better in maharashtra ..lot of farmers are going for sucide every year!!! But he did not find any thing there.,0
facebook_corpus_msr_436739,For that sake you make Tamil Nadu people protest like this.....,0
facebook_corpus_msr_487734,"I have 3500 shares of HCC at 40/-
Your views, please?",0
facebook_corpus_msr_426732,No speed fist they says will download movie in second,0
facebook_corpus_msr_386093,Now Indian government has to take some risque about madarchod pakiatani,0
facebook_corpus_msr_495466,Much deserved ?? I seriously fail to understand. What have the soldiers in the borders have not done that they are not being given even 0.1% of these rewards? Appreciable that athletes spend sleepless nights preparing for international matches and work for long number of years to achieve whatever they have achieved but there are some unsung heros who are fighting a REAL LIFE battle and they deserve much more.,0
facebook_corpus_msr_431255,We are proud that u are our P.M. we are having   enemies inside our country.,0
facebook_corpus_msr_400221,"Pakistan Army did not commit any ceasefire violation on line of control or a BAT action in Buttal sector (  Indian Krishna Ghatti Sector )as alleged by India. Indian blame of mutilating Indian soldiers' bodies are also false. 
Pakistan Army is a highly professional force and shall never disrespect a soldier even Indian.",0
facebook_corpus_msr_1524871,"With the Premier League in the bag, Antonio Conte has now won the league title in his last four seasons as a club manager.",0
facebook_corpus_msr_400282,"http://postcard.news/must-read-world-economic-forum-releases-survey-indian-media-results-shameful/
Indian media spoiling faith of people,as we know Indian media qualitatively failed....",0
facebook_corpus_msr_1614042,Live imagination,0
facebook_corpus_msr_419535,I cannot sell my all shares for more losses last 2 years. What  is problem?,0
facebook_corpus_msr_481638,Is the cyrus mistry tata fight a gimmick to pull the markets down,0
facebook_corpus_msr_437368,world wants a extinguisher for the fire created yesterday ...,0
facebook_corpus_msr_424304,from the healthy to the patient??  I mean patient of which disease???,0
facebook_corpus_msr_323680,One most certainly has to know Avant-garde and what the Met Gala is all about.,0
facebook_corpus_msr_483431,"Wow partap, u r the guys who politicise corporate happenings.",0
facebook_corpus_msr_422641,sonia is only bothered about her pay ... who cares for poor investors,0
facebook_corpus_msr_417582,Guys..its a mukesh ambani channel..its a lie..they only have 1.6cr customers,0
facebook_corpus_msr_407610,I came to know from credible sources that he is already dead and he is kept on ventilator for past one week .,0
facebook_corpus_msr_395544,Is sarad jadav is  fit  for President post? I doubt if true then most  of Indians  will introspect  that in poltics  all is well.about present incubmant  Wii not good choice????,0
facebook_corpus_msr_2089833,"New Delhi: Jitu Rai, Heena Sidhu Delighted After Clinching Gold In 10-Metre Air Pistol Event At ISSF World Cup",0
facebook_corpus_msr_431244,"Don't understand people mentality .. to comment about the Own country and Own Respectable PM ,",0
facebook_corpus_msr_490265,How is Electric Power ipo ..Will it give good return..Want to know ur views ..,0
facebook_corpus_msr_488743,Porinju is saying e governance companies are inflection point any idea about the same ?,0
facebook_corpus_msr_399581,We are proud of you Sir..Hope Army/BSF takes revenge without GOI's permission,0
facebook_corpus_msr_1614031,Excellent movie 👍,0
facebook_corpus_msr_470017,"25lkh cr is d GDP loss every day nationwide. and India is getting sanitized. 
wowww",0
facebook_corpus_msr_419411,I agree with you that there will be several people's sacrifice and hardworking behind a successful event being organised.It is really enriching our knowledge of how an event is being organised.,0
facebook_corpus_msr_495561,I think the Shahs - Hyderabad should expand in sports now. Build and support budding athletes. :D,0
facebook_corpus_msr_2111207,"Whatever d situation  We must Just say always.  Oh almighty God Heavenly Father we pray to bless & protect all d innocent suffering & persecution facing victims especially minority Christian throughout Each & every villages,towns, cities & states in every countries around d  world that every innocent Christians may overcome dangers & fears of life in d name of lord Jesus Christ Amen & god will do d rest",0
facebook_corpus_msr_463519,seems only some particular people  suffering from this ..they are showing here,0
facebook_corpus_msr_417013,Stay with a difference !! POD that's something new .. like really new !! Priyank Bhardwaj u can not miss the action 😊,0
facebook_corpus_msr_439536,Money holders are making money.. what about those who have some desires but lack of resources...???,0
facebook_corpus_msr_421300,"i want to now about elantas back & ksl, & what is the target in 3 months",0
facebook_corpus_msr_487795,"thanks Reema for answering on WOCKHARDT..can you comment on WELSPUN INDIA, GATI?",0
facebook_corpus_msr_1521914,More than 80% keralites like to eat beef...,0
facebook_corpus_msr_415682,What about banking stocks .... will bank nifty will correct..?,0
facebook_corpus_msr_1493919,Congratulations !! INDIA <3,0
facebook_corpus_msr_331214,"So according to you it's communal only when Muslims are dead. Other innocent's lives doesn't matter? That's not communal? Dalits are one of those who consumes most meat. Can we see it as communal now after tagging ""Dalit card"" here?",0
facebook_corpus_msr_1956901,"Also Wasim Hassan, show me the proof where he called for Rape.",0
facebook_corpus_msr_495502,This seems like there is nothing for war heroes of our country who give there lives for the countries who leave there family crying behind for motherland ..😪😪,0
facebook_corpus_msr_1945589,Who is this man by the way IE?,0
facebook_corpus_msr_322289,why dis defence minister not doing any thing for themm ??? why  tey r stting back put there hand cut,0
facebook_corpus_msr_482250,Nice job in a while ago but never the best of my favorite part is a very long day at a very long day for you are interested please send us your requirements with you to see the status is a great,0
facebook_corpus_msr_483812,Mr Roongta ... Gold should be part of the portfolio of Indian NOT because of the 'social use' BUT because for an INDIAN household gold is the ONLY asset to diversify against the Rupee/Depreciation RISKS,0
facebook_corpus_msr_1525101,Throwing stones at soldiers and manhandling them while in uniform cannot be tolerated.  The soldiers in uniform represent the supremacy of the nation and they deserve to be respected and regarded citizen,0
facebook_corpus_msr_507150,"When a pongy scheme (chit fund) is launched it always assures of higher return than normal ,even they repay for few initial customers to gain confidence , then when they acquire a big amount they close shop . The modus operandi is simply to cash on people's greed.
 Similarly in this case also no matter how good marketing and business acumen one have , its not feasible to sell a product at 1/10th of its price .
The catch over here is that delivery will be after 4 months , who knows if its a strategy to collect as much money and then close .",0
facebook_corpus_msr_1805250,"Anna is a political novice,& ignorant of realities behind public postures on Modiji.",0
facebook_corpus_msr_426328,Thank u sir for giving us jio service we are hartly thankful. Fir ur jio service,0
facebook_corpus_msr_425173,"Please tell about 
Carbodrum universal
Intellect design arena
Jp assc
Either one please suggest",0
facebook_corpus_msr_451862,CC never defined Royal Enfield. Its just the best nd no thinks of competing,0
facebook_corpus_msr_2161185,Inspiring!,0
facebook_corpus_msr_431229,The best pm the best leader for india...he needs our support. He will deliver. God bless india!,0
facebook_corpus_msr_430210,I m unable 2 hear the sound is there any prblm with the video ??,0
facebook_corpus_msr_420063,Working with amara raja co.aa a dealer for powerzone battery in ghaziabad u.p. since jan 2013. Feel proud to work with this co.,0
facebook_corpus_msr_495581,1 love from my side for both and all the players,0
facebook_corpus_msr_434118,"nothing can win you ,unless you are not defeated by your own mind ...come on boys lets rock",0
facebook_corpus_msr_473601,what is the need of 2000 Rs notes if you really want to stop curruption,0
facebook_corpus_msr_323672,And people who don't even know what the Met Gala is are commenting. Seriously!,0
facebook_corpus_msr_2414144,I like his that gesture!! Like om,0
facebook_corpus_msr_470319,"wOULD BE NICE IF YOUNG GENERATION ON THE PANEL DISCUSSION, IN STEAD OF POLITICAL PARTIES .. COMMON MAN CAN UNDERSTAND THE EFFECT THE STEP...",0
facebook_corpus_msr_421458,All ministries keenly planning a multi-model logistics park: Nitin Gadkari,0
facebook_corpus_msr_1827729,Great Post  :* Indian Express,0
facebook_corpus_msr_1907056,Fake,0
facebook_corpus_msr_472931,SIR I AM VERY PROUD THAT SH. MODI IS OUR P.M.,0
facebook_corpus_msr_443473,is it the good time to buy JSW steels share?,0
facebook_corpus_msr_2073034,They were the customers,0
facebook_corpus_msr_416990,Hope the apex court sticks to its earlier ruling and strikes down the latest move of the central govt. to make it mandatory for each and every individual.,0
facebook_corpus_msr_1600560,The video had gone viral on social media platforms in November last year.,0
facebook_corpus_msr_233736,Better not to join forces now...feeling shame nd trapped,0
facebook_corpus_msr_416582,Very valuable and informative platform to share the ideas and in order to explore better possibilities in the field of Natural Resources.,0
facebook_corpus_msr_404662,He has iron leg.  May be Sonia Gandhi is thinking to shift him to  MP.  Congress will never win elections in  MP.,0
facebook_corpus_msr_468985,"USD,US Bond yield,Stocks,IntrestRate in US they all are going up together. Why is this hapenning and how long will this continue?",0
facebook_corpus_msr_463114,"Well written specially..""drama and disruption don’t help economies grow. Economies grow when you put more children in school, improve the quality of teachers, boost public health and create an economy that is based on competition and meritocracy. There are no short cuts to growth and equity.""",0
facebook_corpus_msr_427863,Should ONGC be bought at this level??  What could be the long term target??,0
facebook_corpus_msr_502859,sterling performance of his predecessor has left me speech less ....let me find my rhythm to ask !!!,0
facebook_corpus_msr_488736,Next Tuesday ... new governor will he go for a cut in rates ?,0
facebook_corpus_msr_1818424,Do some introspect and visit some of the BJP IT cells..,0
facebook_corpus_msr_327011,"Twitter is not India! See the grassroots, people are crying and dying! The mirage of something 'better is coming up' will also break soon!",0
facebook_corpus_msr_325800,It's not Debate time.. It's time  for action ...no space for diplomacy action .but for militarely action..,0
facebook_corpus_msr_2159071,"#Breaking

E Palaniswami has won the trust vote",0
facebook_corpus_msr_398021,Yes very true i am also dissatisfied customer of airtel,0
facebook_corpus_msr_492564,"Congrat  Mr. patel , the present Governor of Reserve Bank of India.....",0
facebook_corpus_msr_438045,According to him demonetization is quantitative easing... could very well stimulate economy sooner ! Jay,0
facebook_corpus_msr_464510,It's true that for this step government was not fully prepared.,0
facebook_corpus_msr_461156,Sankeerth Kadiyala Sushanth Chandra watch this guy! This guy is the real future of this country. Such high level IQ.wah,0
facebook_corpus_msr_1692674,45 is also too much.,0
facebook_corpus_msr_440777,"Really DTAA will force to tax evader in trouble for capital gains on investment , excellent and positive measure for Growth and protection of corruption too",0
facebook_corpus_msr_495525,IT's about finding unique career field. Will be good career choice ?Inspiration for the youth of India.,0
facebook_corpus_msr_472753,Miksau Sen  stay away from markets till January 2017. Then buy at lower levels. Stay invested till 3 years,0
facebook_corpus_msr_426315,"Feel proud to b Indian, lead the globe Best of luck",0
facebook_corpus_msr_1525124,but ur actions are totally against ur statement.,0
facebook_corpus_msr_439520,"Do you have enough infrastructure and able people to stop hacking and other tech related crimes? Without preparation you have seen results of demonisation, are you prepared to go digital?",0
facebook_corpus_msr_496652,"Happy independence day to all beloved nation of India
With love from Kabul Afghanistan",0
facebook_corpus_msr_434469,If u want in detail ask a paint shop owners,0
facebook_corpus_msr_418969,Good administration skills to do any thing in any economical conditions also,0
facebook_corpus_msr_327996,Actions needed other than fooling this nation thru communal polarisation. .,0
facebook_corpus_msr_348753,Our soldiers are sacrificing their life for our nation and our national party is celebrating do u not feel necessary to postpone this event in respect of our brave soldiers,0
facebook_corpus_msr_1775234,just kep checkin on evm jumla will lose evrywhr,0
facebook_corpus_msr_332714,There is something like go pro which is attached to helmets,0
facebook_corpus_msr_1833387,To whom from we are fighting for freedom now ?,0
facebook_corpus_msr_456107,Better to explain it would give competition to ktm duke.. not to royal Enfield...😂😁,0
facebook_corpus_msr_325944,"Now India will start striking back through Twitter haha. Bring Antony back to the position if you people are incapable, he was not an extremist by nature but surely a man of action not words like you people. 56 inch, 1 surgical strike like the end of pakistan haha only good for publicity.",0
facebook_corpus_msr_506608,Nothing interesting.... Stay away.... Financial system fail in India... No longer gwoth story...... Waste of time,0
facebook_corpus_msr_371576,These is not Only in UP But In Maharashtra Thane Mumbai Everywhere,0
facebook_corpus_msr_2203256,Oh really...,0
facebook_corpus_msr_1804889,"It is the greatness of AK that he has not spoken a word against Anna. But Anna has been exposed and now i have a doubt about his mission, as even the neighbouring village is not following him.",0
facebook_corpus_msr_451555,Is it good time to start accumulate for long term?,0
facebook_corpus_msr_495665,Just to be picky on the post.. I see only 11.56Cr. in sindhu's list.😉,0
facebook_corpus_msr_472962,Please ask question to finance minister what is the need of 2000 rs note,0
facebook_corpus_msr_233530,"Rohit hi, now govt should take a strong decision  against the internal enemies. Bastar is a beautiful place of chhattisgarh.",0
facebook_corpus_msr_497683,GST shall exclude renewable energy sector - big impact seen in renewables ' costs if GST doesnt exclude them.,0
facebook_corpus_msr_1907018,Save and support Hindu,0
facebook_corpus_msr_406851,"Modi our pm 
My vote for pm in 2019 also👍",0
facebook_corpus_msr_1391502,Congrats to era..!!,0
facebook_corpus_msr_422996,"No they are not, but it's not cool when a software manufacturer leaves you hanging with an app that''s supposed to backup and restore your data stops working and they won't do a thing about it!",0
facebook_corpus_msr_462499,Kamaraj Annadurai MGR  now JJ ; Tamilnadu wont see such procession now after.,0
facebook_corpus_msr_381567,Hmare pm sahb q nhi kuch kr rhe hmare sainic  mr rhe h unko ab kuch krna chahiye,0
facebook_corpus_msr_451878,"Nothing can compete Royal Enfield, it's a pride of a man.",0
facebook_corpus_msr_404109,"Cow in Hinduism:

Eating Beef (Cow Mata) allowed in Hinduism.
Rigveda (10/85/13) declares, “On the occasion of a girl’s marriage oxen and cows are slaughtered.” 
Rigveda (6/17/1) states that “Indra used to eat the meat of cow, calf, horse and buffalo.” 
Manusmriti (Chapter 5 / Verse 30) says, “It is not sinful to eat meat of eatable animals, for Brahma has created both the eaters and the eatables.”
Maharishi Yagyavalkya says in Shatpath Brahmin (3/1/2/21) that, “I eat beef because it is very soft and delicious.”
Apastamb Grihsutram (1/3/10) says, “The cow should be slaughtered on the arrival of a guest, on the occasion of ‘Shraddha’ of ancestors and on the occasion of a marriage.”
Vashistha Dharmasutra (11/34) writes, “If a Brahmin refuses to eat the meat offered to him on the occasion of ‘Shraddha’ or worship, he goes to hell.”",0
facebook_corpus_msr_327961,"Stop giving statemens against Pakistan, Do it 2 or 200...",0
facebook_corpus_msr_443366,"Sir any view on PSU stocks like MMTC ,STC etc?",0
facebook_corpus_msr_495590,Will that reach them in full ? There comes the real scene !!!,0
facebook_corpus_msr_425167,please comment on rain industry  regarding today stellar result,0
facebook_corpus_msr_423041,Since 9500CE HAS 2nd highest OI and support at 8800/ 8700 .So is it better to be a BULL for short term even before election?,0
facebook_corpus_msr_487613,Alphageo and Deep Ind view pls ? Both are huge order book .,0
facebook_corpus_msr_495694,please check calculation of sindhu I think its - 11. 61 cr,0
facebook_corpus_msr_422668,Colour  of  the  car 🚓 is awesome .,0
facebook_corpus_msr_472758,Do you see further upside in SBI in near term from current levels?,0
facebook_corpus_msr_400390,I M thankful To Mr.President For Raising Kashmir Issue With #Mozi I Hope Turkey Will support us on all Forums,0
facebook_corpus_msr_2111171,"Dont be happy , Feel happy.",0
facebook_corpus_msr_2041639,Yess,0
facebook_corpus_msr_482788,Whats ur view on petrochemical companies like panama pet manali and all ?,0
facebook_corpus_msr_2052360,"Tim Worstall , FORBES on India's GDP data fudging.

""India has reported GDP growth of 7% for the December quarter. That's just not a number I believe I'm afraid, not when we try to consider the effects of demonetisation.""",0
facebook_corpus_msr_470040,problem is morons commenting on things without even trying to understand what is being conveyed.. Government is not there to trouble honest guys in the name of recovering black money..?? Today if the police take your family members to police station and keep them there for three days only to  say that they did it for  catching some thieves would you agree . ??,0
facebook_corpus_msr_483361,What was the three main reason to be replaced him ?,0
facebook_corpus_msr_483848,Smart guy but he has to come out clean from coal scam.....,0
facebook_corpus_msr_406842,Why to stop bjp....let something good be happen in India.,0
facebook_corpus_msr_495071,"Yup. I little while after I quit, they were like 'we can't handle the business all by ourselves' and they sold it.  :p",0
facebook_corpus_msr_1510572,Great!!!,0
facebook_corpus_msr_496955,It's been a tough day since the last two days,0
facebook_corpus_msr_1922799,"Shiv Sena MP Ravindra Gaikwad who assaulted Air India staff member takes a train to Mumbai, after being barred by airlines",0
facebook_corpus_msr_414782,Remember when we all used to squeeze into the back seat... Good times,0
facebook_corpus_msr_465689,"After us, there will be our future generation. And after them there will be their future generation. The human population will survive in the long run.",0
facebook_corpus_msr_439524,Can any organization focus on @ agriculture practice with way.  If possible connect with current scenario. Like real time weather information and best practices with local condition for farmer.,0
facebook_corpus_msr_2167577,"#ENTERTAINMENT | #CallMeByYourName is about young love, capturing with marvellous felicity that breathless flush of feeling which overcomes all thought. | Shubhra Gupta",0
facebook_corpus_msr_322279,In 1994 she was a princess.In between 1994 to  2017 she transformed  into a queen but without a  permanent  king.,0
facebook_corpus_msr_439530,Pirated softwares and applications are being used in India and most dangerous for us.. hackers business is being helped...,0
facebook_corpus_msr_399822,"🌸 Bot🌱 Powered😩 By😽 Ishaq😔 Zada

🏨 Comment block Poke Me 😽 India TV
♥ c h α υ δ h r ψ s 🌹 β ο τ τ ε r ♥
🏢 Monday : 1 - May - 2017
🏨  Add Close Me♥ India TV
🏥 Comment Late  34 detik :)
 🏪 Auto Comment By   Ishaq Zada
 🏯 🔎 Auto-Run.tk 💡",0
facebook_corpus_msr_412649,"How is your health Sonia hope fine
An rmbr Devs prediction baby girl for you",0
facebook_corpus_msr_2052361,Only a time of election he remembers God & Varanasi,0
facebook_corpus_msr_413843,"sherin i cannot make a tough comment because of you .......even then ,let me make the comment ...how much paid for cnbc tv 18 ? ...........read the comment with attitude",0
facebook_corpus_msr_497855,SWEET DREAMS --DREAM THAT MAKE YOU NOT TO SLEEP EVEN WITH THE SLEEPING PILL,0
facebook_corpus_msr_412794,Does it include precious metals or just pluses and cereals only,0
facebook_corpus_msr_2241662,Non of  used,0
facebook_corpus_msr_399540,Plz don't show this news repeatedly. We are getting tension.....,0
facebook_corpus_msr_473759,"*PURE DESH ME AFRA TAFRI KA MAHOOL HAI...INDIA KI 98% JANTA GARIB HAI..YE MAAR ASLI 98% PE MARI HAI MODI JI NE..YE ACHA NHI KIYA BJP NE PURA VYAPARI VARG ROO RAHA HAI KHUN KE AANSU BJP WE SHAME ON YOU*

*B.J.P..*❌❌❌❌❌❌❌
*MODI..*❌❌❌❌❌❌❌

*WE REALY SHAME ON YOU MODI JI..*",0
facebook_corpus_msr_443398,"Hi
Could you ask Dilip Bhat regarding e-governance theme stocks like Sak Soft, Aksh Optimizer etc.",0
facebook_corpus_msr_451883,Exactly what im trying say theyre different but YASH RAJ CHABBRA doesn't get it,0
facebook_corpus_msr_470253,BEST TEST OF PATRIOTISM - LET PEOPLE DIE CHANTING VANDE MODI WITHOUT MONEY AND FOOD LIKE IN BRITISH RULE,0
facebook_corpus_msr_1805698,This is good for AAP,0
facebook_corpus_msr_495634,Only if similar amounts come in like dis for preparation towards 2020..  The story could be way different! Even the appreciation for our athletes stinks of politics!,0
facebook_corpus_msr_2111151,"Shyam Nath.

As per intelligence report there has happened 5000 conversions in these past years and police had investigated the case regarding all the conversions and they have found that not  even one among these were forced upon them. They even couldn't find any proof for love jihad as well. 
As per their investigation, it was found that all the conversion were happened as an Ideological change only.",0
facebook_corpus_msr_491015,Thanks to u guys u guys rock...I l catch u tomm,0
facebook_corpus_msr_452761,How is it going to compete with RE in terms of design😕,0
facebook_corpus_msr_413999,Pakistan PM's daughter Maryam Nawaz Sharif and Son in law Safdar have also been named in the papers.,0
facebook_corpus_msr_495772,Hence proved silver has 3 times the value of bronze well they deserve  it anyways,0
facebook_corpus_msr_334896,"Don't have enough number. Poor chap even After  labour work of sonjya madam, congress not shown sympathy",0
facebook_corpus_msr_425205,"SENSEX FLEW ""TOOOOOO HIGH""...WITHOUT ""THEORIES""...LET'S SEE HOW LONG...""IF IT CAN FLY TO MARS""...BECAUSE IT'S NOT SATISFIED....",0
facebook_corpus_msr_495714,Now you guys are spending money. If you spend even 25% before definitely you people could  see many champions.    It's a fact and faith. .,0
facebook_corpus_msr_474171,Sir u are on right track.It is democracy and opinions will differ,0
facebook_corpus_msr_1710272,Its very easy to be critical..How have you contributed to the country's success. You people dont even pay taxes!,0
facebook_corpus_msr_420668,Yogi Adityanath to be UP CM@Bandar ka haath mai ustraa..😂😂 Totaly wrong step by BJP. He just cant control his mouth &  involved in many controversies. Not a good choice at all..🙄👎👎👊👊,0
facebook_corpus_msr_382784,"🍄 Love You ❤ ABP News ❤

🍄 Add Close •» ABP News 

<3 Like Comment back <3 

:o <3 EngBot.Tk <3 :o",0
facebook_corpus_msr_2041618,Love Kangana and she is absolutely rihht....,0
facebook_corpus_msr_413448,CNBC TV should thank to Arnab Goswani for these figs.,0
facebook_corpus_msr_334031,First gun down Maoist political then Maoist And then naxlide  operating active  leader one by one without mercy. They are brutal killer and don't need human right or any other fundamental rights to deal with them.,0
facebook_corpus_msr_495731,Salman khan is the only person that sees both the Olympians equally and give both of them equal money.......,0
facebook_corpus_msr_496691,"Special message to all of u ;
             ""Always help poor ,orphans and needy people """,0
facebook_corpus_msr_434505,will there any growth or is it better to sell now,0
facebook_corpus_msr_1805100,"You have no right to talk about arvind . It is arvind who brought you to Delhi and gave the fame you areTODAY.
WHY not start a lokpal dharana against the present government now without the help of arvind!",0
facebook_corpus_msr_507162,I am also interested to purches such phones but price give after home dilevery,0
facebook_corpus_msr_484386,Hi..what about malu paper share is going down. May I know why..,0
facebook_corpus_msr_394120,"💥India's No.1 Home Job💥 🌟earn money without any investment 🌟multi level networking  🌟work daily 2 hours per day earn rs 500 to 1000rs daily 🔥life changing oppurtunity ✍type ""JOIN"" and send to my whatsapp no +918444867178",0
facebook_corpus_msr_483656,Anuj is still on leave. He has come for a Diwali special. Tune in at 5 pm!,0
facebook_corpus_msr_2261773,Like this,0
facebook_corpus_msr_489793,"We must start investing in stocks/ SIPs from college days rather than being extravagent on cellphones, bills etc ensures wealthy 30+.",0
facebook_corpus_msr_453113,Please take care of quality of crome & mettle it should not rust easily,0
facebook_corpus_msr_412312,Can we expect rally in infy and tcs along with Wipro tomorrow,0
facebook_corpus_msr_422902,any  how air india cannot make profit ......only govt have to pay the salary from people money ...but in private firm employees are questioned,0
facebook_corpus_msr_2280092,i personally feel this page is not operating by actual indian express. As the real one newz paper no one can beat in india. Many time i have found wrong information here on Fb.,0
facebook_corpus_msr_426764,Congrats Chandra...This day will also be marked in history as a beginning of the end...no more we will see the house of tatas been occupied by great men...no more chapters in its history books...no more idealism...no keepers left to take care of this flame...what's left is hope and shadows of great men...it may be an end of an era but to me it is an end of an empire...,0
facebook_corpus_msr_470963,The most critical time and very shortly collapse of entire Indian economy.,0
facebook_corpus_msr_439190,"Proud be an Indian when we have highly talented people like Sunder, Satya and modi",0
facebook_corpus_msr_327875,India reacted by killing muslims who allegedly eat beef. we also stopped cricket with Pak and banned movies that featured Pak actors. Revenge completed.,0
facebook_corpus_msr_2175492,Again!,0
facebook_corpus_msr_424866,This is Zero Science and 100% venture capitalist trying to create a new Hype around AI. AI will develop based on the human understanding and intelligence. It will never overtake the MAGIC of Human Brain.,0
facebook_corpus_msr_411799,Sir maruti can buy for long term after result aur wait for correction,0
facebook_corpus_msr_490980,The stock will further crash. It has lost substantial business and is entangled in litigation in USA.,0
facebook_corpus_msr_473593,"We will tackle the inconvenience, no problem in that but l salute Mr. Modi and his ministers....for taking this bold step....we are with you, Jai Hind....",0
facebook_corpus_msr_470962,Will Sensex & Nifty  see further down side?  And is it right time to buy Good Stocks?,0
facebook_corpus_msr_332310,"How will this man help,he has come to India to do business",0
facebook_corpus_msr_495814,SINDU&SAKSHI we are proud to be an Indian  .,0
facebook_corpus_msr_2241612,In 40 days counterfeit money again produce which is your main agenda in demonized the money.,0
facebook_corpus_msr_1987971,ilove u,0
facebook_corpus_msr_1818418,"It is a fact, these cinema guys have glamourised  crime and criminals",0
facebook_corpus_msr_2111284,Who created Pakistan then politicians only the main seeds of communalism.,0
facebook_corpus_msr_1646782,News From Jansatta,0
facebook_corpus_msr_436560,Is it the time to buy IT shares? When it will again pounce back???,0
facebook_corpus_msr_436036,"Domestically in the US, maybe Trump is a good thing: Sorrell",0
facebook_corpus_msr_2339522,Looking for great pair of sunglasses?,0
facebook_corpus_msr_1804892,Agree with word to word,0
facebook_corpus_msr_1805578,No. ...,0
facebook_corpus_msr_2111308,When you look this kinda secularism.. I wish to turn india to Hindu nation ...,0
facebook_corpus_msr_457825,"Amazing work Lalita S A Nayak. Best wishes to you Antonio and  Great way to improve the self esteem and hidden skills of the children.

Proud of you",0
facebook_corpus_msr_1391501,Congratulations to all successful candidate.,0
facebook_corpus_msr_1669863,"Only 8 teams in Cricket🖕😂
 Indian Express says Competing teams😂😂😂",0
facebook_corpus_msr_1614019,Thanks Mr. S.S RAJAMOULI for this wonderful movie.,0
facebook_corpus_msr_473492,Never think experience can do everything good to the country.. his will makes us great,0
facebook_corpus_msr_411592,"Hi Sonia AnujJi....pls throw some light on Pharma Sector, r d rates not appealing ?",0
facebook_corpus_msr_399061,she is brahmin so no hindu-brahmin rss organisation lynching her.,0
facebook_corpus_msr_470049,Is this total amount is from all individual black money in excess of 2.5 lakhs income per annum ???,0
facebook_corpus_msr_400385,Oh That why he first visit India after referendum not Pakistan.,0
facebook_corpus_msr_400392,I am shocked that Indians didn't do any cheap thing with Muslim leader Erdugan,0
facebook_corpus_msr_415140,"while Filing IT returns, there is option for Rajiv Gandhi Equity savings scheme. . is there exemption for that ???",0
facebook_corpus_msr_399823,now this is called the surgical strike which the enemy admit itself,0
facebook_corpus_msr_438619,"stuff the baby inside the burger ,make a stuffed cheesy burger baby  ---Nashville hot chicken presents",0
facebook_corpus_msr_433921,"Yes,  idea is good...  But difficult to implement at this moment. Jandhan",0
facebook_corpus_msr_414385,He might have come to some sort understanding with Indian politicians,0
facebook_corpus_msr_349856,"why should he reply congressis??? Congressis should clarify us first, why they kept Muslims in India even after giving them 2.5 times more land/property at the time of partition to insecure Hindus, loot and kill them like Gulshan Kumar through Hazimastan to Dawoodz all over India. I demand Modi G to deport all Muslims living in India as illegal occupants and court to withdraw all human rights to rights from Muslim living in India under enemy property act.",0
facebook_corpus_msr_422252,Bjp big win in UP and form govt in Uttar Pradesh and uttarkhand,0
facebook_corpus_msr_417856,Yes Kalpesh Jain You have the next bluechip stock Edelweiss... N ur bet on Bharti...,0
facebook_corpus_msr_421386,Thanks a lot Sonia.......and another thing is i am long in sunpharma whats ur view?,0
facebook_corpus_msr_411053,Ask smith??? He said india will never gonna win in SA........,0
facebook_corpus_msr_1490615,He has lost 15kgs since he was sacked from the ministry.,0
facebook_corpus_msr_394599,"10 lakh kashmiri pandits????
When and where are the monuments I head it vary first time from you Mr Phanindra Kumar",0
facebook_corpus_msr_413441,"With a stammering, opinionated,egoist anchor occupying centre stage each day from 8.00a.m ,it's surprising if CNBC leads. Whoever she interviews is repeated ad nauseum.Mostly these interviews are her ego satisfaction and nothing of substance gets spoken.
I wonder if Mukesh Ambani khush hua looking at his channel!",0
facebook_corpus_msr_331220,So much sympathy towards thieves...find no difference between sympathisers and thieves...bcoz sympathisers are by nature communal and want others to be secular with them..,0
facebook_corpus_msr_327808,"HyDer Khoso Common people in India as well as Pakistan want peace. Unfortunately, disturbing incidents happen at the border. Let's pray for peace. [BTW, you'll love this video: https://www.youtube.com/watch?v=UiCBpKAwnjM",0
facebook_corpus_msr_327898,Simple tactics to distract Visiting President of #Turkey ... poor politics... #Chattisingpora massacre of 34 Sikhs was a similar thing.... #Uri  attack ... all false propaganda to divert attention from #KashmirIssue,0
facebook_corpus_msr_438132,"I bought adami enterprises@98 , should I wait or sell ?",0
facebook_corpus_msr_433168,"UBI. Will be become loot 
Provide job like china & old Russia 
But 
No money as UBI
Don't tax more taxpayers

Hardly 2% pay 

Col lamba",0
facebook_corpus_msr_1716153,Some cases of overdoing are there. But in mob it happens.,0
facebook_corpus_msr_1945496,"Height of stretching one's imagination. Comparing one terrorist, fleeing the law of the land, with one facing it.",0
facebook_corpus_msr_435114,"Mam give long term view on Reliance, Reliance and Relcapital.....",0
facebook_corpus_msr_1805618,We were happy you joined the BJP.,0
facebook_corpus_msr_482245,https://youtu.be/EarUbLM5cHA A RIDE THROUGH CALAIS JUNGLE AREA BEFORE THE CLOSURE OF THE 'JUNGLE',0
facebook_corpus_msr_1563589,*Humas explodes on contact with infidel*,0
facebook_corpus_msr_417589,72 million is well above expectations of 20 to 30 million,0
facebook_corpus_msr_2241649,Was it  because  they had no  money  due to  demonising .,0
facebook_corpus_msr_502840,There is a big issue regarding the grading system where students who dont even know the subject top that subject in places like bihar. So my question is how will you tackle issues like these?,0
facebook_corpus_msr_394743,Amazing a baba realizes iron is cut with iron...but corupt politicians dont...,0
facebook_corpus_msr_332816,"Lets not get into religious stuff. Your point on the technical quality of Bahubali taken, Sadat. But on religion, let us not even start a debate on ""uncorrupted"". Corrupting the minds of young children who do not even have the option to choose what is right and wrong, and putting them in front of a Quran to memorize is plain wrong and actually a form of child abuse. Even an ape can be trained to do something if he is forced to do it and not given any choice. Does that make an ape a Haji or an Imam? Nope. Give choices to your kids. And then let them decide which belief suits them.",0
facebook_corpus_msr_461562,A perfect politician and really everyone should be proud that in a male dominant society a bold woman like her who faced all struggles to become CM of Tamilnadu. A loyal respect to Amma Selvi.J.Jayalalitha. Rest In Peace 😥😥😥✌,0
facebook_corpus_msr_394615,Hahahhahaha Look these fool what u hav done u hav sperated a Country A Muslim Country on the map of world we hav no issues with it becuse their Our muslim brothers are living happily.....,0
facebook_corpus_msr_656100,Well said!!,0
facebook_corpus_msr_332783,"What's the logic behind this? 
You should also stop using Facebook, smartphones made by other countries and use Indian products. 
😂😂",0
facebook_corpus_msr_1805630,Yes,0
facebook_corpus_msr_442637,Why does he remind me of Steve Jobs everytime I see him? 😯,0
facebook_corpus_msr_443590,Is this rule applicable for political parties as well? :),0
facebook_corpus_msr_331239,"Violence is not the option anywhere anytime. Having said that , it's stealing -that's the problem. The people would have been ok if those people have stolen something else then? Why do you shout cow cow cow for everything and try to politicise even petty thievery? Media idiots.",0
facebook_corpus_msr_1493859,Good .congratulations to our senior Advocate and to madam Sushma swaraj,0
facebook_corpus_msr_495569,"If this many amounts are spent before starting Olympics , we may got two or more medals :-)",0
facebook_corpus_msr_431154,"only speaking does not help, no benefit for taxpayers, fooling citizens from past 3 years without development. A lot of false promises. why are not government schools improved?",0
facebook_corpus_msr_1613970,Baahubali 2 does not only speak of the grandeur of Indian cinema but also shows the imagination power of SS Rajamouli who deserves all claps: InUth,0
facebook_corpus_msr_491729,Excellent highly recommend and very useful keep up the tempo,0
facebook_corpus_msr_491171,personal secretary of lord shiva is here ..amish selling close up tooth paste,0
facebook_corpus_msr_470320,To all those well educated indians talking about the poor people across the country .. my only question is .. how much are these poor people making that they will suffer ? I'm quite sure they aren't making 500 or 1000 bucks a day so how on earth will they save or need the bank to change 4500 bucks everyday ?? Unless they saved cash and now they need to change but how much is it at the first place ? Most of us just want to be keyboard warriors and just need a reason to hate .. this is great step taken by the BJP and it will help everyone in the longer run.,0
facebook_corpus_msr_412001,"Investors allowed instant access to MFs with cap of Rs 50,000/day: SEBI",0
facebook_corpus_msr_495478,"If michael phelps was an indian, our govt have to take loan from world bank...",0
facebook_corpus_msr_505132,"Its easy for jeff to say that now cos he has reached a level in life.

Starters and startups will do something new to match Amazon and hence criticism",0
facebook_corpus_msr_454886,This is why going 'live' is usually a bad idea..,0
facebook_corpus_msr_418962,You can also tune into YouTube to watch the event: https://youtu.be/JZA2FMFgRv8,0
facebook_corpus_msr_484050,We should learn with him that result is not matter in your success.,0
facebook_corpus_msr_1956032,"Great india and love for cricket can only make this happen,,,",0
facebook_corpus_msr_502698,Once nifty break 9240 it will hit 10250-10520-11250 in next bigger rally till China Europe settle from its pain,0
facebook_corpus_msr_442471,Why the RBI has not lowered the interest rate to make bank loans cheaper despite huge surge in deposits.?,0
facebook_corpus_msr_430639,Buy JAYBARMARU (Nse code- 1708) @ 363 targets 410 within a month probably. stop loss 330,0
facebook_corpus_msr_493167,What will be the all time high in the near future ?,0
facebook_corpus_msr_2111347,Why you are sad?,0
facebook_corpus_msr_490997,and should I follow the big ticket traders for stock buying,0
facebook_corpus_msr_417311,Supreme Court is running the country because the ministry is not able to do its job.,0
facebook_corpus_msr_485416,"Finally I can see her name now 
Too good dear",0
facebook_corpus_msr_1717630,"🍄 The announcement comes after an expert committee recently pointed out the damage to the Yamuna floodplains.

🍄 Osam-post ❤ Indian Express ❤

🍄 Add Close •» Indian Express 

<3 Like Comment back <3 

:o <3 Sahilbd.tk <3 :o",0
facebook_corpus_msr_1805319,Khakhi Chaddi under his dhoti,0
facebook_corpus_msr_451798,1.36L is going to b a good position compared to Bullet less than 400CC. Eicher motor gone case now.,0
facebook_corpus_msr_1614034,All family,0
facebook_corpus_msr_323038,come  on..we  will show  what our action izzz,0
facebook_corpus_msr_334499,"For betterment of India ( not party) Sonia, Rahul and Kejriwal should take leave from their misfit profession. It shall be a great service to the nation.",0
facebook_corpus_msr_439668,Happy new year ekta What view of NDFC company stock view,0
facebook_corpus_msr_495722,"THIS HAPPENS ONLY IN INDIA ... OLYMPIC MEDALIST ... SINDHU GETS OVER 2.OO MILLION DOLAR & SHAKSHI OVER 0.70 MILLION ... GREAT INDIANS , GREAT INDIA !! !!",0
facebook_corpus_msr_335099,"8505050887#get_immediately_solution_for_your_all_problem_contact_now & whatsapp
Vashikaran, love marriage, love problem, family problem, husband wife problem, business problem, child problem
#solution_with_100% guarantee",0
facebook_corpus_msr_470742,Proud of you @PM modi sir.....we never had PM like you....keep it up sir....we all with you...,0
facebook_corpus_msr_1907035,UNFOLLOW now,0
facebook_corpus_msr_233654,"Zee News ki yeh News aise hi, Punjab main Congress ko state de Dena..  just for change showing news to gain faith.. 

Only talk on Badla.. 😎 Get more TRP. Zee News please let citizen knows how many CRPF die every year and what's the reason?",0
facebook_corpus_msr_1487718,I know ...u love #KKR,0
facebook_corpus_msr_1493843,Army captured him good. But it was very good when they hang him in any city in Baluchistan. Public execution. We trust on our army more then our lives.,0
facebook_corpus_msr_348798,Solders r martyring        rath will stop in 2019,0
facebook_corpus_msr_407529,"Reason might be growing intolerence. After all he is patriotic indian
lol :-D",0
facebook_corpus_msr_426317,a gr8 work sir its a help for the people of India n the time for India to move ahead,0
facebook_corpus_msr_442680,Farm loan waiver will encourage people to default on loans: Shikha Sharma,0
facebook_corpus_msr_332293,Erdogan is a great leader who make Turkey from weakest economy to strongest,0
facebook_corpus_msr_426735,Thank you Jio...For such a wonderful experience. I wish the connectivity improves . Congratulations for a brilliant start,0
facebook_corpus_msr_399706,What was BSF doing ? They are the first layer of seal.,0
facebook_corpus_msr_399412,"Indian blame of mutilating Indian soldiers' bodies are false,Pakistan Army is a highly professional force and shall never disrespect a soldier even Indian: ISPR",0
facebook_corpus_msr_2241592,All these achievement are because of demonitization. BJPshould repeat it once more to eliminate total corruption and Black money if any is left.,0
facebook_corpus_msr_1943095,Sad,0
facebook_corpus_msr_437399,"Day By Day, Air Pollution Is Increasing ...Some Positive Steps should be taken for the improvement regarding this.",0
facebook_corpus_msr_1775243,Serves him good.,0
facebook_corpus_msr_488852,Any idea whether sugar stocks will do well ahead of the festive season?,0
facebook_corpus_msr_490991,wat will be the trigger for a correction ..liquidity or politics?,0
facebook_corpus_msr_470200,It is bold and beautiful for the top 1 percent of the country.,0
facebook_corpus_msr_464491,'80-90% of people in India are working in the informal sector',0
facebook_corpus_msr_397998,I worked in Airtel more than 4 years totally chor hai Airtel co.,0
facebook_corpus_msr_2159111,Ad,0
facebook_corpus_msr_221691,Muslim also believes in BJP ..!! Love you sir ... Har har modi ghar ghar modi,0
facebook_corpus_msr_1636780,"Check out these 10 instances yourself, when the Internet kept laughing.",0
facebook_corpus_msr_438194,SRS Ltd ? How is it 5 year horizon ?,0
facebook_corpus_msr_503543,Even as well admired by people in the country and abroad  Mr Rajan has declined to continue for the second term as RBI Governor.  Why then the politicians don't follow suit and relinquish their posts by refusing to contest  election after election  Is it not absurd when they say that  for serving the masses they contest elections by sitting in wheeled chair or walk only with hand on somebody's shoulder.,0
facebook_corpus_msr_425053,"Suzlon posted good results this time, is it a turnaround story now ? 
and what is near term view on it ?",0
facebook_corpus_msr_490972,"come on lets fight mary kom .....come to the stage ...lets prove whove is the champion ....meet the l;egendary boxer of face book
shiva shiva shiva shiva shiva shivaya ...ecstasy of shiva .celebrating the coolest",0
facebook_corpus_msr_1600566,You are very religious..😂😂😂,0
facebook_corpus_msr_326717,thumbs up....now i can proudly say females are actually toe toe with males... no difference.,0
facebook_corpus_msr_1692608,You also tell why people should vote for AAP...??? Who calls it a honest party... every other day they are involved in scandals... If you bad mouth someone day in day out you can't expect support... BJP wanted to show real face of AAP to Delhi people and has shown it...,0
facebook_corpus_msr_495512,I think both r spoiled wid money now they will not going to play,0
facebook_corpus_msr_465685,Now Keynes is remembered cos Dr. Manmohan Singh quoted it in Parliament. In that sense every other quote of famous economist should be shared and which is relevant even today. There are so many economical thinking of the past which are not futuristic neither relevant in today's world.,0
facebook_corpus_msr_432367,Real steel man like Sardar Vallabhbhai patel best PM ever,0
facebook_corpus_msr_488751,Is mid cap a good space to be invested in?,0
facebook_corpus_msr_2111187,Kerala in no 1 state in almost all indices.Check and find for yourself,0
facebook_corpus_msr_1737148,Natak poetry man,0
facebook_corpus_msr_503447,"Dr. Raghu Ram Rajan was defenitely an intellectual and genius. That is the reason he became Indias RBI governor. But when it comes to performance, I think, he could not deliver what India expected of him. He took charge as RBI givernor when India was on a take off line. But the governor failed to press the accelerator . I think he was rather keeping his feet on the brake.
 All genius are negatively oriented.",0
facebook_corpus_msr_437676,Hope he will take the tata into a new level. #chandrasekaran. #TATA,0
facebook_corpus_msr_2111383,*pseudo secularism,0
facebook_corpus_msr_2280151,thank you Mr. Eric for kind support,0
facebook_corpus_msr_430477,Now Quitting and changing jobs is the most remunerative thing. Will make more job hopping.,0
facebook_corpus_msr_493214,"in order to fail we have to succeed ..so guys learn my quote leave all this quote -""punish the punishment"" -""reward the reward""",0
facebook_corpus_msr_442874,"for nutty professor 
when you inhale oxygen have to exhale carbon di oxide ---you benjamin nut ,do not come out of the grave ,go back to the  grave  ....from ghost hunter liquidation in drops",0
facebook_corpus_msr_451502,After absorbing today's Asian scare it would be interesting to see what Mr. Market does now. Today it has been tremendous resilience...Ur views on market pls?,0
facebook_corpus_msr_424160,So they are forcing customer to withdraw their money under the 4 transaction... i thought they will take a step for cashless transaction ...,0
facebook_corpus_msr_421058,but where is the road .....? ...obesity of indian roads cannot be seen by our govt officials,0
facebook_corpus_msr_480525,"india -works by money , maffia , power .
u.s it works on performance , talent",0
facebook_corpus_msr_401641,"I want quick action against pak
Like surgical strike - 2.
Enough
Stop it now !!",0
facebook_corpus_msr_436732,ONLY 4 TIMES.....WE MEAN LIFETIME.......DEADLINE EXPIRES.....VERY EASILY ......IS IT A WELCOME OFFER....,0
facebook_corpus_msr_472755,Good evening.. after sbi results should we buy? I dont think results are that bad,0
facebook_corpus_msr_430617,Host volume is high n guest volume is low. Hav to play with volume using earphone.,0
facebook_corpus_msr_399354,Vikas Giri hahahahahahahaha this behave you deserved it we know how to deal india,0
facebook_corpus_msr_327929,"The government said ""it's ok we about 1.25 Billion of them you carry on""",0
facebook_corpus_msr_1906951,Indian Express Did u report #Malda?,0
facebook_corpus_msr_1818413,I used to think this was funny until I saw the AIB video on how the movies are actually doing it.,0
facebook_corpus_msr_425163,sir BSE good share for long term..or MCX better...? :),0
facebook_corpus_msr_1521965,Communist got beaten by gangsters in Indonesia https://www.youtube.com/watch?v=Ky7Z4-UjaJI,0
facebook_corpus_msr_430198,great show!! Nilesh bhai is awesome.. !! i missed intro of him. can i have more details so that i can follow his portfolio.,0
facebook_corpus_msr_487809,Why is Mr Prakash diwan not coming on the channel,0
facebook_corpus_msr_1805449,Now z security,0
facebook_corpus_msr_439523,"The programs Mr. Modi chosen like Make in India, Digital India, Start up India and many more are very much needed programs.. but the sequence of implementation is very dangerous for India...",0
facebook_corpus_msr_328841,There is a lot of difference for a ticket prices at 33$ and for a ticket at 7$,0
facebook_corpus_msr_434323,"We put Trump in the White House
We can Put Starbucks out of business
They want to hire refugees over Americans go 4 it!",0
facebook_corpus_msr_411736,"If companies stops offering commission to the Dr's & schemes to the chemists​,the patients will get medicine at affordable prices &also medical sales person will not loose their job.Today the situation is that, poor patient a feeding​ Dr, chemist, distributer, sales person,. all of these are flourishing by poor patients, the sufferer.All these debate's going on the T.V.are of no use, instead the government should inquires thoroughly in this matter &, publish the report openly,so that the people of this country should know the biggest scam going on for decades in India.",0
facebook_corpus_msr_411794,Sir can we expect huge rally in sbi like bank of india?????anuj sir,0
facebook_corpus_msr_1805315,"You cannot get straight back unless you fall off a horse,",0
facebook_corpus_msr_323718,I mean look at that dress....it's like sweeping the dirt and everything off the floor and fashion police will give a thumbs up to anything that's weird and non-wearable for any outings.,0
facebook_corpus_msr_1957023,MODI'fying India.,0
facebook_corpus_msr_1614001,Ill definitely check it out then,0
facebook_corpus_msr_472749,Nilesh Shah is constipated with words. I wonder about his suggestions. Not putting my money on his reco.,0
facebook_corpus_msr_1805525,Trad of BJP,0
facebook_corpus_msr_1956903,Richi Aggarwal ..the video is available on YouTube ..check it ..,0
facebook_corpus_msr_483066,What's your view on mahindra buying bsa motorcycle of uk,0
facebook_corpus_msr_483563,Mistry aapko to jana hi tha. Dekh liya bhakti karne ka natija,0
facebook_corpus_msr_465482,I did not know that rain would influence vehicle sales.,0
facebook_corpus_msr_1413036,BJP SHOULD GIVE TICKET TO KIRAN BEDI AGAINST ARVIND KEJRIWAL.,0
facebook_corpus_msr_1805167,"Anna always wanted to stay away of politics, so why the question of his decision?",0
facebook_corpus_msr_1487735,I love Punjab but not playoff,0
facebook_corpus_msr_465467,Rahul Bhaiya wonderful interview and good views on the entire situation,0
facebook_corpus_msr_748220,"Ajay Singh Baghel
Pls don't pass this kind of sentences
Ur great and Ur thinking is nice
Stay blessed bhai",0
facebook_corpus_msr_2111194,@pigs there are 100 crore Hindus in India. So please......,0
facebook_corpus_msr_469900,Dabba trading thing will benifit market .. Isn't it? In any way they will return in legal manner... Aren't v discounting little too much on the basis of levels did last time,0
facebook_corpus_msr_1818397,You are absolutely right.,0
facebook_corpus_msr_1833408,This statement does not justify murder..,0
facebook_corpus_msr_1783201,"If you think what the airline company did was WRONG, share this.",0
facebook_corpus_msr_424800,Till Wat levels do u see a beneficial correction to buy in dips,0
facebook_corpus_msr_470309,Poor people dont watch movies and pay like u do,0
facebook_corpus_msr_414467,"Confused! Guys new video is up, do check it out, thank you. https://goo.gl/XuclJV",0
facebook_corpus_msr_1648439,Sums up the direction where our nation is heading bro....,0
facebook_corpus_msr_412784,"Hi , Can We expect NBFC to Rally more ... ur Views on LT Finance",0
facebook_corpus_msr_1945599,Who is kinner,0
facebook_corpus_msr_1521686,Hehe that was just banter dude😉 u r as much indian as i am.,0
facebook_corpus_msr_334418,Yes it's ok he not hurt cow  he is innocent,0
facebook_corpus_msr_2280139,Very good,0
facebook_corpus_msr_748213,Mayawati is right,0
facebook_corpus_msr_330887,Asrar Nazir Taimoor the lame was also a Turko Mongolian..,0
facebook_corpus_msr_461370,What can this policy have on Primary bonds dealer like PNB GILTs,0
facebook_corpus_msr_2242032,"Instead regulate existing cars with stricter emission checks and ban diesel passenger vehicles, that would be enough",0
facebook_corpus_msr_326281,I'm soo happy to see people like u still exist ! All these young boys mean the world to some ! I hope they all return safe to thr houses !,0
facebook_corpus_msr_1848036,"#ENTERTAINMENT | ""The suit starts doing a bunch of stuff. You know, it does a holographic interface, and things like that"" - Producer Eric Carroll 
#SpiderManHomecoming",0
facebook_corpus_msr_415686,Should I sell RBL n dmart I have both of ipo,0
facebook_corpus_msr_1827815,The ban on bullock cart races was enforced in the state in 2014 after a Supreme Court order to this effect.,0
facebook_corpus_msr_332839,what is this bahubali? dont want to see this movie,0
facebook_corpus_msr_470843,Hi Anuj & Sonia Shenoy always plzr to listen u. what view on banknifty,0
facebook_corpus_msr_483827,Excellent Manisha waiting for youtube version of the full coverage,0
facebook_corpus_msr_505705,"why not in other name instead of ""tax"" and make it voluntary?",0
facebook_corpus_msr_334030,maybe you ought to know the reason why there are Maoists in that part of the region?,0
facebook_corpus_msr_439324,"He should retire as player also
There is no place for him",0
facebook_corpus_msr_1818416,OMG violence against women is a historical fact and also a world wide phenomenon. Movies only show what already exist in society. . 😣,0
facebook_corpus_msr_2241619,"India plagued with mafia gangsterism., gentlemen. Clean that first, other corruption will vanish itself.",0
facebook_corpus_msr_464508,"This secrecy bunkum has long been busted. Modi has no idea what he was getting into, he's living in a bubble",0
facebook_corpus_msr_1490559,"Rajveer ji, but majority has already endorsed the views of Girish ji.",0
facebook_corpus_msr_417094,Or maybe just few hours!😂 Since I think we will get super bored sitting quietly hahaha AAnisha Porwal,0
facebook_corpus_msr_491011,If interest rate will hike by fed...then what is the effect on nifty,0
facebook_corpus_msr_334047,"Abolition of poverty , giving employment & containing radical Marxist ideology",0
facebook_corpus_msr_426288,Jio prime members will avail New Year scheme benefits for another 12 months: Mukesh Ambani,0
facebook_corpus_msr_463132,"I am least interested in the windfall which is 1 lakh crores or 0 crores… This demonetisation has changed the psyche of people on hoarding money. There will be in constant fear on hoarding even 2000 Rs notes. People have started moving to banking and started transacting thro digital payments and this helps expand tax base. People who transact thro banks will be eligible to loans. At present  poor borrow at 3-10% per month & they can move to banks for credit at 10% pa. 

With GST indirect tax regime will be reformed and Direct tax regime reforms like taking out the exemptions are in process. 

Tax rates for Registering lands should go down as NITI ayog is suggesting, so that everything can happen in white. Govt can use benami transaction act to prevent future frauds. Demonetisation is base for reforms.  Lata Venkatesh is highlighting only windfall gains of cash not deposited…..We need to look at long term health of the economy",0
facebook_corpus_msr_1492997,128 in 20 overs ... Runrate around 6.5 ...KKR was always going to win it...Plus 48 in 6 overs is like chasing a target of 160...,0
facebook_corpus_msr_414395,"REGRETS. MR.VIJYA MALLYA HAS DEGRADED HIMSELF.   HIS TOP CON. UNITED SPIRITS &
UNITED BREWERIES.
HE TOTALLY ENJOYED AND RAN AWAY NOW
WHAT MR. MALLYA?????????
SONI",0
facebook_corpus_msr_2406574,"Priyanka, Dimple Posters Mark Debut Amid Talks Of SP-Congress Alliance",0
facebook_corpus_msr_332794,Dont go with Rajini. Hemsy sooil your market. He lost his fantacy and mass because of his non clarity of his comments and speech.,0
facebook_corpus_msr_2145859,Happy b'day legend.. ..,0
facebook_corpus_msr_481975,International courier & cargo bookings special rates extended to this month end  and also offering franchisee & zone Master Franchisee cnt : 9738406045,0
facebook_corpus_msr_1805312,As you were wrong by not making your party then........ It's time to regret....,0
facebook_corpus_msr_1956031,"#INDvsAUS

Ravindra Jadeja with his 3-22 from 18 overs has featured nine maidens and he might well bowl India to victory",0
facebook_corpus_msr_1805001,Right because how can you join two parties at a time? BJP as well as AAP? Or second thing you think AAP is the only party an honest man can join. That's it.,0
facebook_corpus_msr_331403,The reason we doubt your faith in country. Turkey already said If India gets into NSG then Pakisthan too be given entry.,0
facebook_corpus_msr_473513,"Buy gold/gold mining stocks that's the only way to financially benefit from this event. I have already put in my order 🙏🏼
Gold will rally to $1500 -$1700 on back of Trump election",0
facebook_corpus_msr_429411,Your view on Maruti.. Its falling for last 5days...now below 5900,0
facebook_corpus_msr_331189,Ashok Ladia.... First learn respect women and children ..... Thn Luk for ur cows.....,0
facebook_corpus_msr_496793,Hi sir,0
facebook_corpus_msr_468228,Big bazar is also Modi agent as per Kejriwal 😂😂😂,0
facebook_corpus_msr_431219,PM Modi had best intentions for India.. he is much better than anybody anytime.. but unfortunately I don't think he will win next elections as he is taking tough decisions and Majority of India doesn't want to change... may god be with him...,0
facebook_corpus_msr_1538879,"Royal Challengers Bangalore have registered only two wins in IPL till now, which could be the worst performance by a team in IPL history.",0
facebook_corpus_msr_418772,It's true when you have actually been living. Probably true for those who haven't. Mumbai is definitely more expensive to live in than Delhi!,0
facebook_corpus_msr_328824,Do you want a list of movies which were remade from tollywood to Bollywood? Akshay Varale,0
facebook_corpus_msr_505760,the first industrial revolution in india was brought around by IT ?,0
facebook_corpus_msr_584573,Implementation is one step......Regulating it is most important.,0
facebook_corpus_msr_470957,please advice about Bank nifty & how the NPA will benefit for PSU Banks ?,0
facebook_corpus_msr_421236,"Cess on water, including mineral waters & aerated waters capped at 15% ad valorem",0
facebook_corpus_msr_418855,Air india spoils  INDIA name.... plsss change the name . Or break this airline...,0
facebook_corpus_msr_427972,Not low it's too low . One judge for 1lac people. This is the situation of Our country,0
facebook_corpus_msr_451429,But why surge pricing? What's the formulae of calculating surge price?,0
facebook_corpus_msr_426300,"Belongs to people and employees, Reliance employees may see a huge bonus ! If not then shame on you. With the right politician on your side banking will be Reliance soon as well. Congratulations!",0
facebook_corpus_msr_488365,"Felicitaciones Dr. Como esta Usted...
Me Alegra mucho ese Premio Nobel ..Dr. Yoshinori Ohsumi",0
facebook_corpus_msr_436731,ONLY 4 TIMES.....WE MEAN LIFETIME.......DEADLINE EXPIRES.....VERY EASILY ......IS IT A WELCOME OFFER....,0
facebook_corpus_msr_490995,what is ur view on aviation stocks ? Not much of movement in this series,0
facebook_corpus_msr_327026,"He praised on the effort of curving open defecation.It has decreased to 100 million.By 2019 if gone by this rate,it will vanish.Modi gets credit",0
facebook_corpus_msr_1406119,little sister,0
facebook_corpus_msr_481633,Can anybody convey my message that Sheeren looking nice !! 🤗🤗,0
facebook_corpus_msr_466015,Karma you were speaking to a hoarder not a farmer,0
facebook_corpus_msr_495412,"Overaction.. Previously many sportspersons got medals.. Why such publicity to these guys..atleast give that,mny to poor people..or for soldiers who r fighting near borders for our safety",0
facebook_corpus_msr_416349,Very crisply explained to the viewers in a very simple terminology to all the age groups on this World Health Day. Nice.,0
facebook_corpus_msr_1805090,Anna should be thankful to Modi Govt for not issuing any report against him.,0
facebook_corpus_msr_469049,"Every dip is opportunity for  all,PM taken excellent decision",0
facebook_corpus_msr_470219,Short term pain is there to see but long tern gain in certain. Have to wait & watch,0
facebook_corpus_msr_491902,"ya actually.....when you learn ""STRATEGIC MANAGEMENT+PROJECT MANAGEMEN+OPERATION MANAGEMENT""....in ""DETAIL""....hahahah ,on a lighter note",0
facebook_corpus_msr_424164,"What the hell , that means now we have to pay extra money over our own money , this is ridiculous",0
facebook_corpus_msr_400250,"now it has become destiny of indian soldiers. so we should stop crying now. we cant do anything , we are just helpless.",0
facebook_corpus_msr_421053,Hope to achieve target of 2 million Aadhaar enabled POS by September: Electronics & IT Secy,0
facebook_corpus_msr_431174,The biggest blessing the God has bestowed on India is Modi. Let us bow our head in front of God for this. Hale Modi and Hale Modi power,0
facebook_corpus_msr_2055641,"Uttar Pradesh elections 2017 phase VI: The districts going to polls on Saturday are Mau, Gorakhpur, Maharajganj, Kushinagar, Deoria, Azamgarh and Ballia.",0
facebook_corpus_msr_487723,Market is never stable. Due to trade cycles fluctuations occur. They are  never consistent. Fiscal & Monitory regulations are adopted by apex bodies. regularly.,0
facebook_corpus_msr_1827823,And a vegetarian?,0
facebook_corpus_msr_412318,How much is the split of IT business and other business,0
facebook_corpus_msr_331222,"Dear Pakistani #NDTV, this are not suspected Cow Stealer, People caught them red handed. They are Stealer.

Almost all Minority Major areas in asaam are suffering by Cow stealing, every alternate day it has been happening. 

Very good and brave step taken by the villagers.",0
facebook_corpus_msr_469903,Demontisation will help.mkt to get large...by balancing n re-distributing wealth among indian...by...govt invest,0
facebook_corpus_msr_431261,I am proud to be a indian and feel so blessings bcoz modi is our PM.,0
facebook_corpus_msr_411716,Doctors should write brand name along with generic name: IMA President,0
facebook_corpus_msr_2071361,And what about guys being rejected for even more comical reasons?,0
facebook_corpus_msr_331454,"Hum kyu le bhai Pehle hi Afghani,Balochi, Bangladeshi,rohingya rehte hai.",0
facebook_corpus_msr_502393,Corrections are required a moment to buy. Don't brood much on one bad quarter.,0
facebook_corpus_msr_494060,Yaar though they have launched it but it's so expensively priced that one can buy 3 SUVs of same model in Canada,0
facebook_corpus_msr_483622,The reason might be as Mr. Cyrus Mistry stopped non -  profitable business of Tata Group.,0
facebook_corpus_msr_417608,Why they r standing in a line... use e wallet,0
facebook_corpus_msr_470168,people who have loads of cash will find ways to save their money and get them exchanged... Only the people who will suffer is the common man..,0
facebook_corpus_msr_1945595,Shirish u r 100% right,0
facebook_corpus_msr_470021,Not a thing to be amazed considering that 86% of the indian currency was in 500/1000 notes.,0
facebook_corpus_msr_2041637,Jahnavi Mukul your words,0
facebook_corpus_msr_334920,"Mr Yechury must Give an explanation....

Reason Why local intelligence does not work in MAOIST INFESTED AREAS
************************************************

Maoists kill 3 innocent Civilians in a naxal infested area under suspicion of being ""police informer"" ..though the area cant be known, but it certainly looks like Tribal areas of Narayanpatna or chitrakoonda jungles,odisha

CPI (maoist) has killed 9471 civilian 
2712 central & state security forces in last Decade..

No media will show you this ...they dont dare actually

Innocent civilians are killed by Maoist..... The so called ' Liberals ' never condemned the Maoist.... The Maoist Front Organisations never uttered a single word against such Brutal Massacr

https://www.facebook.com/Defence360/photos/a.1522333784725367.1073741828.1522309721394440/1738153829810027/?type=3&theater",0
facebook_corpus_msr_418936,"Hi regarding sugar, international market gone down in last one week around 100usd per Mt. So how do you see the market will more go down or what?",0
facebook_corpus_msr_425864,Demonetization devil is treading on unstoppable.more job cuts are in offing.,0
facebook_corpus_msr_407083,Jealous :D .  Baalubali is one of the best picture.,0
facebook_corpus_msr_1805161,"Allegation becomes truth once, it has proof. I'm not getting why u missing the simple logic Master.",0
facebook_corpus_msr_470047,gteat !!! there is around 14 lakh crore in indian market ( black n white ) i think it will go up to 10 lakh crore rupees by the end of december. & what about  the rest 4 lakh crore !!!!  the black money will become just a waste. ;),0
facebook_corpus_msr_461203,congrats ...but still not eligible to vote in the general election,0
facebook_corpus_msr_326280,"Hopefully sir people like you can bring peace otherwise if you look in the comment box you will find how people easily believe every news shown on t.v ...why not be friends and help each other... you people are good at something we are good at something..we both can grow together and surely sir the people of both the countries need to know the life before 1947 , how we used to live together ..",0
facebook_corpus_msr_379218,I salute for Indian armi hum Modi hi ke nahi apkey sath hai,0
facebook_corpus_msr_440775,From March 2017-2019 capital gains will be shared by India & Singapore: FM,0
facebook_corpus_msr_2280122,See it's not just the Americands wanting to protect their borders.,0
facebook_corpus_msr_1907062,Good,0
facebook_corpus_msr_420696,"As much as democracy is about peoples voice..i cannot believe this hatred against Yogi Adityanath. He is not a bad choice. My family has been his supporter. People and media are spreading so much hatred but he has done some great work!! There are so many videos on youtube justifying his great work. Watch this and everyone will change their mind. 
https://youtu.be/aAjLxsDC0WU",0
facebook_corpus_msr_400234,What kind of media is this!!first they make headlines of indian soldiers being killed by rocket launchers n now about mutilating their dead bodies....this can happen only if Pak army crosses LOC....btw it looks like a #RealSurgicalStrike with evidences on indian media,0
facebook_corpus_msr_2111146,"(Representative image) Thiruvananthapuram: According to an intelligence report submitted to the state police chief seven months ago, and accessed by TOI, two 'recognised' religious conversion centres in Kozhikode and Malappuram converted as many as 5,793 people to Islam between 2011 and 2015. Conversions happening in unrecognised centres in the state could be much higher, fear top government officials who, for obvious reasons, didn't want to be named. The report states that almost half of those who converted to Islam are women, and that the majority of these women (76%) are below 35 years. Of those converted, 4,719 were Hindus and the remaining 1,074 mostly Christian. The conversions happened at Tharbiyathul Islam Sabha in Kozhikode and Monunsthil Islam Sabha at Ponnani, two traditional religious institutions in the state 'authorized' to convert people from other religions to Islam. The police report, prepared in connection with the conversion of Nimisha alias Fathima -currently missing along with 20 others from the state and suspected to have joined Islamic State -says that a detailed inquiry is required to verify whether these conversions were under duress, whether there were enticements involved or were voluntary . ""Inquiries are required to know whether this will affect the communal harmony , internal security of the state and nation. A detailed SSB (state special branch) inquiry in Kasaragod, Kannur, Alappuzha, Thiruvananthapuram and Palakkad is recommended to unearth the details,"" the report, sent by then Kasaragod SP , A Srinivas, who probed the Nimisha case in November 2015, said. Stay updated on the go with",0
facebook_corpus_msr_334915,"Gud riddance, dis commi n his ilk shud hv bn shown d door love ng back, better late den never, scum",0
facebook_corpus_msr_485038,"Ola is the most
 420 company for fleet owner,s , ola always deducted incentive, if you claims nothing to do, so maximum fleet owner,s attached with uber,",0
facebook_corpus_msr_429412,"IS EICHER MOTORS STILL A LONG TERM BUY,GIVEN THE EXPENSIVE VALUATIONS?",0
facebook_corpus_msr_1521268,This is really bizarre.,0
facebook_corpus_msr_334316,"Huzaifa Khan,  loosing the charm by mentioning specifically. Always better not to aim at.",0
facebook_corpus_msr_419343,RC Bhargav a legend..daughter and wife look the same age,0
facebook_corpus_msr_466207,It is hitting new lows for the *greater good* as promised by our beloved PM.,0
facebook_corpus_msr_503338,Haha well ladies first Sukhna Chhabra it would a dream to meet her 🙃🙃,0
facebook_corpus_msr_480414,"VAT and GST are must after liberalisation , also going to facilitate all manufacturer pharma to other industries -but sales people are the one who is going to get effected by the GST -no demarcation of sales is going to affect their sale by the predatory approach of the  bosses",0
facebook_corpus_msr_2111135,India is a Hindu country :D :D :D,0
facebook_corpus_msr_323704,"And no matter what she is here on her own, with her hard work and talente which u stupid and excusing people can never b. So yeah totally understand ur frustration.",0
facebook_corpus_msr_463122,"Good one . 
Nice to see this missing....the views expressed here ............and the channel do not subscribe to the views of the author..",0
facebook_corpus_msr_326283,"Didnt Gandhi say that ..... eye for an eye. 

I think ppl in Pak respect Gandhi more then in India.

Some thing is wrong with the picture :/",0
facebook_corpus_msr_438215,View on rbl bank can we buy at current level,0
facebook_corpus_msr_418695,rain industries !! green even when market in red !!,0
facebook_corpus_msr_431304,Sir middle class businessman; middle class family ke liye bhi soche. We have supported you from our heart and soul. But people are loosing hope in u. U are looking towards corporates; farmers; BPL people. But what bout middle class families.,0
facebook_corpus_msr_1614026,Absolutely true,0
facebook_corpus_msr_439183,"Nice to see ceo of google Mr. Sundar pitchai. It's a remarkable journey.
It's a good move from google to keep indian as ceo because india is a huge market .",0
facebook_corpus_msr_438541,Whether service tax levied by banks  on petrol pos machines will be removed or not ?,0
facebook_corpus_msr_506109,hello I was at wokhardt hosp with dengue was cured nicely within 7 dates except for one dr bhagwati every one was good,0
facebook_corpus_msr_423095,Ccd below its issue price .. any gr8 deal ?,0
facebook_corpus_msr_420538,Akshay Gupta :D :D .... Pulkit Jain Viraj Shah Deepanshu Anand Shilpa Agrawal Piyush Jain .... since we were talking about it earlier,0
facebook_corpus_msr_462332,A brave lady. Learn a lot from her life. RIP,0
facebook_corpus_msr_488790,How will be psu banks next week...rate cut 25 or 50 ?,0
facebook_corpus_msr_433674,I have a doubt in today's budget. It says that tax rate for 2.5-5 lacs is now 5℅. Again it says that there would be no tax for income upto 3 lacs. How is this possible ? Any idea???,0
facebook_corpus_msr_1906919,Indian express k alawa dusre media wale bhi hai bhai #samkhan,0
facebook_corpus_msr_397431,Muhammad Saqib Nawaz Saki then Ur excepting that u voilate ceasefire & also answer was given to u as u need to have by ur army,0
facebook_corpus_msr_496667,Nice illumination can do nothing but nice morality can do everything!,0
facebook_corpus_msr_1490623,Good Comedy Show,0
facebook_corpus_msr_393660,"When all this happened
We have full sympathy for Sunil Grover.But now he is showing too much attitude. One thing must be noticed.
Kapil Sharma had given full opportunities him during in his show.Mr Gulati had got much and much time on stage.credit must be given to Mr Kapil to give full chances to present Sunil,s talent.
Now sunil thinks that he was God of this show.that is too bad. Whatever Kapil had done was wrong
But whatever Sunil is behaving now it is too too bad.",0
facebook_corpus_msr_411800,Hi Anuj please share your view on UFO Movies is release of Bahubali is big trigger for company.,0
facebook_corpus_msr_506640,"Dear all,,

Thank you for the support.

Kindly note our latest event with the FIA in Washington DC.

With trust,
Dr. A Monica Dorhoi
Chair of World Bank IMF Staff Meditation Club
in Washington DC

[Updated] The Meditation Club meets with Fédération Internationale de l’Automobile (FIA)Foundation on Monday, January 11, 2016

Just updated … Thank you for inviting us, Fédération Internationale de l’Automobile (FIA)Foundation on Monday, January 11, 2016

Dr. Dorhoi attended on Monday, January 11, 2016 the Fédération Internationale de l’Automobile (FIA) Foundation reception at Marriott Marquis in Washington DC. She has previously worked for over 7 years in financing road rehabilitation worldwide. Dr. Dorhoi also works on both financing and managing risk in Formula 1 racing as part of the different financing requirements.

Thank you to Fédération Internationale de l’Automobile (FIA) Foundation for preparing and publicizing the progress made in the implementation of the goals set by the “United Nations Road safety in 2015”. The report was prepared by the World Health Organization.

At the event the book “Goals for change, partners for action” the Annual report of 2015 of the Fédération Internationale de l’Automobile (FIA)Foundation was also featured.

The report enthusiastically embraces the UN Decade of Action for Road Safety and the UN Sustainable Development Goals. To be more exact, the energy goals for development translated into a Global Fuel Economy Initiative in which the foundation is helping governments to develop global and regional programs, to find evidence of effectiveness at national and city level, and to bring in donors to support the national policies and initiatives.

In United States about 40% of the traffic related deaths were reduced in the last few years. The 2020 United Nations Millennium Goals in relation to road safety are to reduce the deaths due to traffic by 50 %compared to today’s number.

For Dr. Dorhoi the connection with the Fédération Internationale de l’Automobile (FIA) Foundation is blessed by her long time dedication to the causes of Ayrton Senna. The Fédération Internationale de l’Automobile (FIA) is the organizer of the Formula 1 racing championships and Ms. Dorhoi, an American living in Washington DC in last 15 years has been a huge supporter for over 2 decades. Dr. Dorhoi is one of the greatest fans of the much beloved Formula 1 Racing Driver Ayrton Senna deceased in 1994 in San Marino. “The tragedy truly marked me in an undeniable way.”

Dr. Dorhoi is also grateful to Alan Prost of France and Williams Renault for the sportsmanship after the loss of the driver Ayrton Senna.

[Additional information: Updated press release were disclosed at the event venue.]

Statement is posted at https://mdorhoi.wordpress.com/2016/03/12/the-meditation-club-meets-with-federation-internationale-de-lautomobile-fiafoundation-on-monday-january-11-2016/",0
facebook_corpus_msr_470161,Why undermine if we donot have the bigger pic understood. So wait before concluding,0
facebook_corpus_msr_411723,MHCB ( Mental Health Care Bill ) has so many lacune but Govt. Passed bill without hearing Indian Psychiatric Society..,0
facebook_corpus_msr_505189,Number of people purchased ShaRE  of Octant Interactive Technologies ltd......80%  transferd to Five X Finance  please intimate detail of both the comens,0
facebook_corpus_msr_1805070,"And not joining the BJP was a bigger mistake, but you helped in campaigning for BJP.",0
facebook_corpus_msr_457563,"Non-physical banking transactions should be an option for General Public , Specially in country like India.",0
facebook_corpus_msr_495447,they have done great for making our country proud but if so much people and companies can give so much money to them then why they cant give to the poor people of our country who just die of hunger.....so much poor people are there in our country so why dont this people and company also donate to them...,0
facebook_corpus_msr_495528,Why they not invest this on Indian sports sections n make more medalist in next game..........,0
facebook_corpus_msr_436740,"Dude be precised...
Hard work in right direction...
Otherwise it only deteriorates you developing into psychosis #Fact",0
facebook_corpus_msr_432718,Same I will die I am with you sir with my best wishes,0
facebook_corpus_msr_498141,Adrija Bose it's days like these that I miss having this on all day at work,0
facebook_corpus_msr_329935,Oh that's great. That will show to world how much respect China begets from N. Korea.,0
facebook_corpus_msr_438126,what will be short term target for Jindal steel and Power?,0
facebook_corpus_msr_466380,Mr.Manmohan Singh - from Flight  mode now to Vibrator mode !,0
facebook_corpus_msr_1492993,128 in 20 overs ... Runrate around 6.5 ...KKR was always going to win it...Plus 48 in 6 overs is like chasing a target of 160...,0
facebook_corpus_msr_495574,Give some lakhs to the starving out of hunger nd poverty instead of overfeeding the ones who have,0
facebook_corpus_msr_2111138,"Whether the countries which are not officially secular, don't respect other religions ?",0
facebook_corpus_msr_492537,What an awesome idea and exposure for the kids! More power to them👍🏻,0
facebook_corpus_msr_497786,I just want ask one qestion..why M B As working as labor in coal mines of india,0
facebook_corpus_msr_461567,She was icon in herself. She undoubtedly etched the large space in hearts of people till eternity !,0
facebook_corpus_msr_1945429,Shirish Kunder's tweet may have come as a reply to Chetan Bhagat's statement.,0
facebook_corpus_msr_1710265,He is done his law also,0
facebook_corpus_msr_334854,CPIM does not have the numbers to get him elected from West Bengal. Left have 32 MLAs & need 39 to get him elected. While their friend congress has 39 MLAs. So this is the reason for his stepping aside..not because of some protocol/policy in his party. It is as simple as that..,0
facebook_corpus_msr_472915,"Go ahead Mr. Modi, we are with you. Jai hind",0
facebook_corpus_msr_438642,"Oh, we got a lot of penguin pinned down by capgemini india",0
facebook_corpus_msr_1590343,Did you know?,0
facebook_corpus_msr_439725,There is nothing wrong or right .....it is the way you look at your own geomentry of the brain ....reorientation for  neil is recommended to fix is brain from the virus,0
facebook_corpus_msr_505700,"Sensex would indeed touch 22,000.

In our opinion we are on a brink of a global collapse there will be a cyclical recession in the time period of 2016-2018.

Global events that will exacerbate the recession:

- IMF's Foreign Reserve basket adds Chinese Yuan to its Forex basket reducing Euro's contribution to this basket by a considerable 7%+
- Euro will considerable depreciate 
- BREXIT - British Voters will actually vote for Britain to leave the EU
- US Elections and it's uncertainty.
- Crude Oil Glut
- China Debt-to-Equity conversion 
- Shemitah year of 2016

A Major global sell off should have happened on 2 October 2016 but as that is a Sunday on 3 October 2016, which is a Monday we will witness a global sell off and Global markets will correct in excess of 8%+ 

Targets in the range on 2016-2018
(All prices are in Rupees

Sensex: 18000-19000
Nifty: 6200-6400
Bank Nifty:8500-9000
ICICI bank: 110-120
SBI: 95-105

Google ""Shemitah Year 2016"" we are headed for the biggest blobal recession yet.
You have the opportunities to either become rich or become poor. 

Sit on cash don't buy anything right now.
Until, we reach the above Targets, you should sit on cash.

Welcome to Shemitah Year 2016.
Either you become rich or you become extremely poor the choice is yours the market has already dropped so much from 2014 that all gains have been wiped out and now we are in negative.",0
facebook_corpus_msr_461114,not able to compete and run business and now crying foul,0
facebook_corpus_msr_1521919,But much better with porota...,0
facebook_corpus_msr_480318,"running in losses since its start and still want investors to invest in their venture, its a doubt even in the coming three years if they report no profit no loss",0
facebook_corpus_msr_435338,Why there is too much paper work for getting loan??,0
facebook_corpus_msr_401384,"The problem with we Indians is we only do ""kaddi ninda"" but when it comes to action we shut... either we are too busy pleasing the western states or too afraid of china.. 
I just dont understand y we are spending billions on defence if we cant protect our men .. shame",0
facebook_corpus_msr_420727,"Right step taken against the bad activities going in UP........ 
Now time to change",0
facebook_corpus_msr_331228,This happened as a reaction when quran is safer than human being.,0
facebook_corpus_msr_430496,I am guessing a 4-6 % upmove on reliance tomorrow. What's your view ?,0
facebook_corpus_msr_1945457,Journalism at its lowest.. Thank you Indian Express 👏👏👏,0
facebook_corpus_msr_470222,great please remove rahul and make this person congress head,0
facebook_corpus_msr_412638,"I bought edelweiss at 36, should i stay invested or book profit",0
facebook_corpus_msr_480540,So other one tell me brother....tell me tell me never mind don't exited Bro,0
facebook_corpus_msr_424472,We love you Sonia and the entire gang!! However; we do miss Mitalli Mukherjee as well 😊; specially in the bull run,0
facebook_corpus_msr_436559,i love pizzasss .. Jubilant food 862 waz consilidation later it broked and rallied,0
facebook_corpus_msr_421303,Technically in which level in nifty bear market will come? I think 9400 so let's watch it,0
facebook_corpus_msr_451826,Requires a model with comfort of cruiser. Please reveal mileage,0
facebook_corpus_msr_1805376,Look like a....,0
facebook_corpus_msr_457164,i too dont want oil at $80 but junk bund of oil companies are rallying like crude will reach $80.Though bond overreact.,0
facebook_corpus_msr_404108,Good decision by pakistan & soon pakistan will good bye to SAARC In Sha Allah.No more relations with india in any level be good for pakistan INDIA is our enemy for ever & show no mercy for INDIA.Because india is the killer of kashmiri generations.,0
facebook_corpus_msr_480072,I want Trump to win the election coz I am a Bear!,0
facebook_corpus_msr_1280848,willfull defaulter. ....,0
facebook_corpus_msr_495440,"If half of that much money invested on each player before the Olympics we can get many more medals.
India is A huge country ..there is no reason we cant win more medals . We can be in top five if we have better infrastructure for sports.",0
facebook_corpus_msr_507197,"3,373 villages electrified post PM's speech on Independence day in 2014!",0
facebook_corpus_msr_420881,@ArunThukral I am a long term investor. which is the best Defense sector stock that i can buy and hold,0
facebook_corpus_msr_421082,I HAVE 4 LOT SHORT SELL IN ULTRATEC CEMNT 4000 RATE WHAT SHOUD I DO,0
facebook_corpus_msr_455804,"Why new name???
Pulsar 400CC ll be better. 
Pulsar is a hit model and name too.....
""Definitely male"" tagline is superb and it's better than its new tagline ""The Fastest Indian"" ! 

Dominar is not as much punching than Pulsar !!!

Anyways Good luck.... 

NB: Its not at all easy n not a good idea to have a competition with the Mighty Royal Enfield ! :p",0
facebook_corpus_msr_507096,"Iyogi employees need justice ..
Most of the employees, even people in higher management have not been paid for more than 3 months...
There are people who even feel to commit suicide now as they are broke..",0
facebook_corpus_msr_461159,"My grandson Akshit Kumar Paytm Id 9915028477 transfered Rs.2600 to Deepika Kapoor Paytm Id 9872857393,Trx. Id 407385953. But notreached its destination even after12days nor refunded",0
facebook_corpus_msr_430120,Will Consuming almonds and a glass of milk help improve memory power,0
facebook_corpus_msr_1614010,SS Rajamouli sir's imagination n creativity can gv a good competition to Spielberg....for sure,0
facebook_corpus_msr_495458,"Over reacting....!! 
Why should we reward them extra penny? 
Just think, if we invest same amount for training we will get few more medals next time.",0
facebook_corpus_msr_411325,Step towards modern India. Happy to be part of  ICICI Group.,0
facebook_corpus_msr_462435,Great Lady. She could speak all the 4 major South Indian Languages as well as fluent in Hindi and English. As I heard she could even speak French and Spanish too. May her soul rest in peace.,0
facebook_corpus_msr_430841,"Can anyone deposit 50,000 in my Jandhan account? I think there are enough black money with Govt. after demon.😜
-A True BPL card holder.",0
facebook_corpus_msr_430490,"lupin corporate social resposibility of restricted only in few states of Rajasthan, Madhya Pradesh, Maharashtra and Uttarakhand---but they make business in all india",0
facebook_corpus_msr_322221,As always Brahmin work for noble cause.. Here is true & live example for it !!!,0
facebook_corpus_msr_451504,Market is going down as there is no trigger for upside left.demonitazion will have its casualties,0
facebook_corpus_msr_322406,She can be sold exclusively at a nearby florists shop 😂😂😂,0
facebook_corpus_msr_1945462,I don't know on what basis people are comparing him with dawood. Like yogi is in politics for years now. You need some qualifications to be something. Dawood has nothing to do with CBI.  Dumb people i swear. First they vote for them and then they cry.,0
facebook_corpus_msr_470756,Are you seeing her age ? If my grandmom was to go to the bank I'm hoping and praying that people would have it in them to let her go ahead.,0
facebook_corpus_msr_2073042,"If a conspiracy, why suspended??
Should have waited for the investigation.",0
facebook_corpus_msr_332762,This bus race are pollachi to coimbatore route in tamilnadu,0
facebook_corpus_msr_1805402,He should go back to SLEEEP,0
facebook_corpus_msr_233597,Rajnath singh plz submit your Resignation if you can't handle the situation.  Please,0
facebook_corpus_msr_327899,"Rajnath will say modi will not go on nawab,s birthday know...",0
facebook_corpus_msr_455904,Song releted to love and sadnesss .......why they use for launch ????,0
facebook_corpus_msr_323692,No need of cleaning the floor.. ;) multi purpose gown. ;),0
facebook_corpus_msr_2094605,Enough of this!!!!,0
facebook_corpus_msr_1956952,"Here we see a non biased, non prejudiced journalist solely dedicated to reporting facts. 

Keep it up.",0
facebook_corpus_msr_328829,I won't be surprised if 2017 Wud prove historic for Indian films at #Oscars Bahubali is indeed truly an international project and it has every material to win the oscars for the best foreign film .,0
facebook_corpus_msr_429357,I have tremendous respect for the Indian IT industry: Mukesh Ambani,0
facebook_corpus_msr_331607,56 million I guess? coz even the Buckingham Palace isn't that expensive 😂,0
facebook_corpus_msr_487647,Views on rane brakes..can  hold  for few months,0
facebook_corpus_msr_416348,".....dept of psychiatry is corruption bounded field ......ask your health professional , would they like to unhide the fact",0
facebook_corpus_msr_485104,What would you  say if the British still ruled annihilated most of Indians build a great nation and CNBC  would done a documentary showing off great progress of British empire interviewing the brits.... neglecting suffering of Indian.... who are in a ghetto may in Port Blair ...remember we have only got freedom just 60 odd years back and would the one whom we regard Father of nation  be proud of TV 18 network if he were to alive today ?,0
facebook_corpus_msr_431341,You are our INSPIRATION.  India will be No. 1. Country in your leadership.  SALUTE YOU N RESPECT YOU FROM BOTTOM OF HEART.,0
facebook_corpus_msr_2111188,Kerala is the best in india . If u dont know that ask somebody who knows about kerala . Or browse in internet .... Dnt b sooo smart mr.,0
facebook_corpus_msr_413444,"Before i use to watch Times now, but seems now they are biased and  the fun of watching of that channel is gone now",0
facebook_corpus_msr_503405,Wee Angelino on iTunes or Amazon or Google. Video on YouTube Mascot,0
facebook_corpus_msr_438456,in 6 days 7800Crore of index option buying by FII's. what are they buying or is it a hedging againts something big to come as it is Januarry??,0
facebook_corpus_msr_1493808,"Rumi VP frankly saying he has not given the verdict from SC of Pakistan.
Hanging order's his given by military court and ICJ have no control on military court's for your kind information.",0
facebook_corpus_msr_451899,Good let's welcome new entrants since times are changing that too our Indian company,0
facebook_corpus_msr_471250,"1)simple congress c.e.o (or ) BJP  ceo,
2)mistry followers or rathan followers 
3)mistry ideas or text book ideas -tata 
4)interest of the investors-consumers or interest of the master cook  
5)egg comes first or chicken comes first ....television mega serial",0
facebook_corpus_msr_1699607,#Thats_GreaT,0
facebook_corpus_msr_334914,Good news for the country. Traitor like him(CPM). should not be there. They have enough harm to WB and India.,0
facebook_corpus_msr_1614078,Saw Bahubali 2..... nice  movie,0
facebook_corpus_msr_495806,What about  dhoni... Even it is an international event... Dont bark dogs... This is the problem of  our sports management,0
facebook_corpus_msr_1613977,What about oh my god,0
facebook_corpus_msr_451576,but hcl info tgt 76 till 1st week of jan,0
facebook_corpus_msr_2318837,What's wrong with Audis and/or Audi drivers?,0
facebook_corpus_msr_461006,Any good buys among public sector banks apart from SBI?,0
facebook_corpus_msr_327659,Awwww congratulations to the lovely couple!! Definitely a dream come true for the two of you 😊,0
facebook_corpus_msr_470907,please advice about Bank nifty & how the NPA will benefit for PSU Banks ?,0
facebook_corpus_msr_473744,Dear all we salute Mr.Narendra Modi Sir the words witch has Promise Before Election Black Money Non Tax able Amount will be Banned. The same has proved by Our Daring Real Horn able PM. Mr. Narendra Modi Sir. and also we hope the except no one can do and vont do except. Horn able PM. Mr. Narendra Modi Sir.,0
facebook_corpus_msr_1614011,cinema took around their character very wisely nd roudram...,0
facebook_corpus_msr_461226,No Repulican took him seriously No one really supported him still he made it,0
facebook_corpus_msr_480526,Where do you get your wring information from PM Teresa May states Brexit is Brexit  she is going ahead with the wish of the British people only the USA election is rigged crooked the whike world knows even Egyptian TV states its rigged,0
facebook_corpus_msr_1600581,"Kumar Sambhav pak soliders didn't killed ur soliders.. if if they were to they had to just put a bullet in their chest. This what happened was not done by ours soliders, this is something that even animals can't do, i don't know what u think of us but atleast we are humans....
And by the way i am deeply inspired by ur feelings for the victims of APS school attack...!!",0
facebook_corpus_msr_412303,"Wipro IT services revenue up 1.6% at Rs 13,402 cr vs `13,196.1 cr (QoQ)",0
facebook_corpus_msr_426276,Hi Soniya Any Special News Announcement in Jet Airways ??? Stock is going in Jet Speed in today's Market.,0
facebook_corpus_msr_1737106,Launch veiled attack? This is what a democratic party looks like,0
facebook_corpus_msr_325801,Response response fuc*ing respose we r listening n just listening we are waiting badly for this response from long long time from coward indians...,0
facebook_corpus_msr_2039510,"She is working good with BJP. She will rescue all who stuck in AAP or Congress or any other party. 

🙏",0
facebook_corpus_msr_488096,after the rate cut v usually see realty stocks rally but there was no reaction on thod a counters any bite on that,0
facebook_corpus_msr_426272,When are we ready to welcome Nifty at 9000 and then 9300!!,0
facebook_corpus_msr_424473,"Anuj, what is the reason for BHEL to move up from 120 to 160 levels? Is there a chance for us to book some profits here?",0
facebook_corpus_msr_495393,However defence got a good salary hikes by this pay commission,0
facebook_corpus_msr_404134,First of all Baloch peoples must be allowed in your project. India is already involved in this project because POK is nothing but integrated part of India,0
facebook_corpus_msr_1692629,If bjp wins in mcd then there is no comes in any change in MCD . please give ur vote to see the the ten  years work of bjp in MCD . if u think there will no work in MCD any party come then why we give one chance to aap in mcd,0
facebook_corpus_msr_470847,Hi Sonia do u have new notes of 2000 rs.,0
facebook_corpus_msr_2406575,Akhilesh was already in Contact with Congress and JDU for an alliance in UP polls.,0
facebook_corpus_msr_419396,As cnbc said earlier she is one of Asia's most powerfull women,0
facebook_corpus_msr_413248,The company should be held responsible and should pay for the loss of the people's privacy.,0
facebook_corpus_msr_331232,"If cows are stolen then what should NDTV
expect that people should bow such 
raskels?Mean minded TV channel always
say that they are cow rakshak when all
villagers take part tv channel still want to
blame.NDTV is one fashion working blame
hindus as Modi is hindu",0
facebook_corpus_msr_490270,How is HP Electric Power ipo ..Will it give good retuen ..Want to know ur views,0
facebook_corpus_msr_233841,Tell to to REVENGE....We r the 5th largest army in the world.... Can't we handle bloody naxals???,0
facebook_corpus_msr_442875,"its so nice to read this, everyone understtod this before me.",0
facebook_corpus_msr_325929,I had been modi place asked them to revert... kick hard they stop.. but i am not modi,0
facebook_corpus_msr_431194,Great! I love my PM... Oppositions disrupt both  Rajya Sabha and Lok Sabha ...and expects PM to reply on every issues in which they think they can take political mileage and are making unnecessary propaganda.,0
facebook_corpus_msr_464515,"Dr Mitra's arguments are reasonable and credible. Anyone disagreeing with him, please argue against his arguments and not his politics.",0
facebook_corpus_msr_491003,Why all sectors doing well...but Real estate not performing ? Even after smart cities announcment,0
facebook_corpus_msr_323705,"Well Priya Mehta ji. Sorry to make you furious. I am not the sexiest. I think u were trying to say sexist.
I am not. I know your feminism took a hit i guess.
Anyway i dont know when this discussion became a girl vs boy argument.
For me she is not representing India. She is there because of her talent not because she is from India.
Sachin used to play for India in the Indian National cricket team so he does represent India exactly like Saina Nehwal or PV Sandhu or Sania Mirza when they play for India in a tournament where countries participate.
Otherwise they are there cz of their talent",0
facebook_corpus_msr_1613988,"A must watch movie, art of story telling and the character representation is just amazing. Creating a history to present it to the mass of people with expectation is the achievement.",0
facebook_corpus_msr_2199196,Oh my boy its so funny,0
facebook_corpus_msr_483395,Is this due to the recent bold  steps taken by mr mists,0
facebook_corpus_msr_1763613,O we are thinking BJP is targeting you because you are Dalit.,0
facebook_corpus_msr_1684384,The accused has been identified as Rajpal.,0
facebook_corpus_msr_426296,"Jio prime members to get bouquet of Jio Media services till March 31, 2018: Mukesh Ambani",0
facebook_corpus_msr_401381,"This is the limit of barbarism. Why the hell Indian Govt. is not shunning off the Indus Water Treaty.! Why we are not taking any immediate strict action against these goons !
Pathetic it is",0
facebook_corpus_msr_1805255,He is the reason for this fellow to become powerful. Now what is the point in regretting?,0
facebook_corpus_msr_334909,Time for retirement or shift Pakistan to develop communist cadres there !!!,0
facebook_corpus_msr_2280142,FALSE NEWS,0
facebook_corpus_msr_431265,Some parties would come to know what can happen when there is will there is way,0
facebook_corpus_msr_2280162,"★★★TIRED OF BEING BROKE ★★★

$3,000 - $4,000 per month‼️
No Experience Required‼️
Training provided‼️
Benefits Immediately‼️
Get Paid Weekly‼️
For more info🤔🤔🤔
✔️Friend Me‼️
✔️Inbox Me‼️
 ✔️ www.CoolMoneyMethod. com‼️",0
facebook_corpus_msr_451909,Seriously after all this if the bike turns out to be below expectation iam worried about that,0
facebook_corpus_msr_461148,"Well said, Rahul ! We need more voice from you.",0
facebook_corpus_msr_411689,"They will highlight 
1. GDP per capita 
2. Livability index 
3. Brain drain",0
facebook_corpus_msr_466303,who is dumb 10 yrs on corruption and scams......big joke....,0
facebook_corpus_msr_421233,"CGST, IGST, Compensation & UTGST laws will need parliamentary approval: FM",0
facebook_corpus_msr_410710,105 years ago EngLand made less than 100 runs in first innings against south africa in 1905 THEN PaKistAn done it now; superb PaKiStaNi team,0
facebook_corpus_msr_350109,Politics is the dirty game. And all places see mostly corruption and discrimination in India.,0
facebook_corpus_msr_334280,Prashant Sharma  yes I keep forgetting that there is no democracy left after 2014. In our country women is reportedly raped in every 15 mins. No one is taking action against that.,0
facebook_corpus_msr_332795,So Bahubali released on this beautiful day. So it's got the blessing of Lord Shiva it's an eternal movie nothing can take its place.,0
facebook_corpus_msr_487601,Where is the Nifty headed too ? Post Rbi policy,0
facebook_corpus_msr_397490,Ofcourse. Pak produces JF-17 & missiles for #Ind needs and deserves :-P,0
facebook_corpus_msr_430641,"emerging out of the wall street bail out, today IT bail out cant be carried forward.",0
facebook_corpus_msr_433446,"closest ally of argentina -brazil ,uragual , paraguay ,venenzuela, u.s ...so hero can sell in those countries ---> ""better not too late hero motors """,0
facebook_corpus_msr_483273,Wish you great years ahead .  Happy Diwali Ratan Tata,0
facebook_corpus_msr_442663,"Well deserved.  Truly, She is a legend.  😊",0
facebook_corpus_msr_506110,he told me straight away he shall not sign my mediclaim bills till as per his satisfaction thanks to Stanley menses he sorted out my diffrences an put sense I dr bhagwati  so I was disharged,0
facebook_corpus_msr_331234,"Enough of such gau Rakshaks and its sympathisers. I'm having beef right now and if i ever get a chance, I'll feed beefs to Gau Rakshaks too.",0
facebook_corpus_msr_411830,Can u pls give view on IRB infra for new series target,0
facebook_corpus_msr_437726,Hi sir !!! Hope u r doing well... can you suggest on indiacement...can I buy with the current value,0
facebook_corpus_msr_422279,"Remain invested in 30 index stocks until 2025 since market is bull as told by Naik, CEO MD, General Atlantic at World Economic Forum.",0
facebook_corpus_msr_2111335,"✔India's No. 1 Work From Home Job
No Investment Required,
🕚Only 2-3 hours working and earn
⏩Rs 500 - 1000 per day.
Totally Geniune. 
We need serious candidates,Type ""JOB"" and send on this WHATS APP number
+918444867178",0
facebook_corpus_msr_397483,"💥India's No.1 Home Job💥 🌟earn money without any investment 🌟multi level networking  🌟work daily 2 hours per day earn rs 500 to 1000rs daily 🔥life changing oppurtunity ✍type ""JOIN"" and send to my whatsapp no +918444867178",0
facebook_corpus_msr_1947245,Kudos..,0
facebook_corpus_msr_2041559,Oh come on Karan Johar has introduced 13 new directors to Bollywood. So what is Kangana's charge of nepotism about ?? Kangana is mostly right when she speaks. But she always gets carried away..,0
facebook_corpus_msr_423067,wockph arma is not looking in good condition....you can sell its future....and wait,0
facebook_corpus_msr_399460,Haha.... Soon you Pakistan will see real lesson of surgical strikes.... Just wait and watch.... Before 2020.. I bet ur PM.. Nawaz Sharif.... Will on his foot and will request mercy.. Note down this... In ur memory.... Mark my word.. We will hit hard.. Very hard.....jai hind...,0
facebook_corpus_msr_1692715,Congress stands good chance.,0
facebook_corpus_msr_326308,We want a revenge on Pakistan....Take it serious government #defenceminister #PMO OF INDIA,0
facebook_corpus_msr_1805506,Yes. Anna saved AAP from becoming fake like him. Thanks Anna.,0
facebook_corpus_msr_465052,"First block citizens money in banks, second banks have ample money, step 3 RBI increase CRR, step 4 RBI gives massive loan to govt from the accumulates reserves.
so 1 rupee from ur pocket becomes billions for the govt.",0
facebook_corpus_msr_466203,Crude will it touch $60 in Dec,0
facebook_corpus_msr_1775245,SM Krishna will hide any where,0
facebook_corpus_msr_1716142,“The entire community is terrorised (by the attacks by cow vigilantes).”,0
facebook_corpus_msr_1521918,Kerala beef fry is delicious with rice cake...,0
facebook_corpus_msr_464533,Very good interview amit Mitra has very clear that situation is very Grim day to day trade is in bad candition  sorry please defer G S T for sone more time big industry must no insist now for GST,0
facebook_corpus_msr_2253625,"Last month, Tata Sons had called for an extraordinary general meeting (EGM) to remove Mistry from its board.",0
facebook_corpus_msr_2115206,"""I assure you that we will come out with more intent in Bangalore""

- Virat Kohli",0
facebook_corpus_msr_488746,"You guys are doing a great job .,, keep it up !!!",0
facebook_corpus_msr_421346,Hi Anuj I had jindal steel at 66 before two month now what to do,0
facebook_corpus_msr_461693,After very long time people cry by hearts for AMMA....,0
facebook_corpus_msr_404570,"Pls share this page on your timeline so that we will connect with more peoples 

https://www.facebook.com/HHSUPPORT/",0
facebook_corpus_msr_327025,Now people will start trolling bill gates will start  saying he is a so called bhakts.,0
facebook_corpus_msr_332789,"Arpit Bardiya they think rajnikanth thought of reviewing baahubali. Little did they know that Prasant Maheshwari told rajnikanth to do so. 
#thunderstealer #RealGod",0
facebook_corpus_msr_443359,Future consumer long term an Sir Aditya birla fashion retail,0
facebook_corpus_msr_472889,"Really Good initiative by Govt.of India, but what about the BIG Businessman... it should affect them in first place..and then all the Political Leaders including BJP. If they all converted the money into $ already then again poor will be poorer ..rich will be richer..",0
facebook_corpus_msr_1956999,Omg 😲 relax just an opinion 😝,0
facebook_corpus_msr_456103,Anyone investing in equities - if this bike launch is for real buy bajaj auto in dip 😎,0
facebook_corpus_msr_334501,"The one whom you are saying to bark, seems to be a senior person. Have some respect!",0
facebook_corpus_msr_331441,"First take care of turkey and give freedom to Kurds and then preach us on Kashmir.

Your​ preaching not required....you are a guest and behave like one..... Don't try to poke your bloody nose in internal issue between India and Pakistan.",0
facebook_corpus_msr_2277501,"And ,, he will give 10 Times better performance in another next movie..., then 15,....",0
facebook_corpus_msr_487839,Equity will see more participation as interest rate cut would affect fd and bonds,0
facebook_corpus_msr_507333,RANVEER’S SPECIAL PLANNING FOR DEEPIKA ON VALENTINE’S DAY!  http://www.report24hours.com/latest-news/what-is-ranveer-planning-for-deepika-on-valentines-day/,0
facebook_corpus_msr_2115233,Best of luck go to Banglore,0
facebook_corpus_msr_418294,"One of the best thing is GST council which contains all the Finance Minister for State and Union Territories Legislative Assembly , the most federal form where union and state working together in the best way possible !!!",0
facebook_corpus_msr_421465,Expect to reach 30 kms/day of road construction by March end: Nitin Gadkari,0
facebook_corpus_msr_495487,"Whether they win any medal or lose, every olympians should be treated as same.",0
facebook_corpus_msr_328827,"Yes, if it is from South, it must go to nation, but not the other way around.",0
facebook_corpus_msr_2055642,Voting good  work,0
facebook_corpus_msr_397449,But it produces terrific terrorists which China protect very well.,0
facebook_corpus_msr_323015,Terrorist right . How com pak get into indian border to install a trap? All are false allegations from BSF (tale aik hath sa nahe bajtee),0
facebook_corpus_msr_1493907,Hehehehe victory 👞,0
facebook_corpus_msr_483844,"And in India each and every place , city , town, village and state has wright to be grow.",0
facebook_corpus_msr_1391497,"you are not disabled, you are adorable.....",0
facebook_corpus_msr_1521963,"Good information but you omitted to mention Cong,sp,BSP, TMC, JDU etc etv",0
facebook_corpus_msr_483434,Shocking but UK steel fiasco could have rightly been one of the reasons. But wonder if there is honestly a real successor to Mr Tata. And issues like this could have happened too with The Big Man around himself.,0
facebook_corpus_msr_1805014,Kejriwal is a great person who is daring to face the allegations of opposite.  U should be proud to Kejriwal and work for his party strength.,0
facebook_corpus_msr_417811,anuj u r amazing keep going😊 I follow you  every day 8 am onwards,0
facebook_corpus_msr_399429,If pak army enter 250 meter alongside thn wher were Rendian army,0
facebook_corpus_msr_488739,Thanks guys for your inputs and have a great weekend. This was an expiry week which took everyone by surprise,0
facebook_corpus_msr_470247,There are no poor people suffering .. the people are suffering are them who got crores of crores of rupees in black money..,0
facebook_corpus_msr_451787,1.36 for non abs and 1.5 for dual abs exshowrrom delhi brilliant pricing,0
facebook_corpus_msr_431200,"Don't dived by religion, we most ask its our right don't abuse",0
facebook_corpus_msr_423176,Tigor will be in showrooms post March 28: Tata Motors MD,0
facebook_corpus_msr_330902,Erodgan is nothing but junior Modi...two brothers lost in a mela..unofficial dictators..,0
facebook_corpus_msr_401500,"💥India's No.1 Home Job💥 🌟earn money without any investment 🌟multi level networking  🌟work daily 2 hours per day earn rs 500 to 1000rs daily 🔥life changing oppurtunity ✍type ""JOIN"" and send to my whatsapp no +918444867178",0
facebook_corpus_msr_350010,What was done by Congress. Issue was never resolved by Congress. Now time has come to have war now.,0
facebook_corpus_msr_1751830,"🐹 G👦 ?

  :o You are Handsome (y) and Beautiful ;) But :p i am More than You :v 3:) => Buy Bot ╭∩╮（︶︿︶）╭∩╮ MUHAMMAD FAISAL HANJRA ^_^  => :v <3 Visit Bot Site: studyofcs,com  <3",0
facebook_corpus_msr_418483,Only difference is salary addiction is out of necessity whereas other two may not be... But agree all three r dangerous addictions to the life.,0
facebook_corpus_msr_411165,Do not expect a drastic improvement in India's exports: Commerce Minister,0
facebook_corpus_msr_497710,"Great sir,under your dynamic leadership power sector is becoming very strong.",0
facebook_corpus_msr_443292,"On Kick off of Cyrus , Once can watch Buy Tata Global Beverages Nd Indian Hotels. Best time to enter interms on Valuations.",0
facebook_corpus_msr_1736987,Problem is peopl telling moral do not folow it themselves:-) i anyways do nt beleiv in media totally bt wonder why do bhakts do nt ques govt to mak media accountable!!?? Is it for thr own benefit??,0
facebook_corpus_msr_418333,High tech very stylish and powerful bike!! 👍👍👌👌#Bobber price is slightly on the higher side ie 9 lac + but it's worth buying !,0
facebook_corpus_msr_431306,We are educated people let us think beyond let us think globally let us think on terms of peace,0
facebook_corpus_msr_497044,As per RBI guidelines. The name of a customer is not important while transferring the funds through net banking.,0
facebook_corpus_msr_399372,If anyone has seen nat geos inside bsf (indias first line of defence) episode they would know that any infiltration is next to impossible they do ground level patrol as well as use thermal tech nd satellites nd various other tech to watch over the border...then how come pakistani soldier came nd attack wid open fire causing alot of sound mutilated their bodies nd left without a scratch where as there is heavy military on the border always nd both military enters  each others bordet for patrolling with white flags showing their intention... in feeling bad for the martyrs but this statement from government is fishy,0
facebook_corpus_msr_432947,Ya u need to c before 2019 we do t wait until then,0
facebook_corpus_msr_418378,Can any telecom sector stock be a mega cap company in 10-15yrs?,0
facebook_corpus_msr_1674420,Hi hi,0
facebook_corpus_msr_470015,What about the loss we were facing due to fake and black money ?,0
facebook_corpus_msr_506335,"last 3 years I am your  customer but last 1 year you increasing only promotion or taking awards , In 1 year I face so much PROblem ... 1   ..  cashback does not track   2nd  ,, if i file missing ticket then track lower amount , after wait 3 months months they said cashback not confirmed through retailer  ,  ONE reason or generated  you say merchant not take any missing report ,    FIRSTLY focus on given cashback then other things !!!!!   shloksinghal1@gmail.com   , 9716153394",0
facebook_corpus_msr_1805632,AAP wr support u,0
facebook_corpus_msr_415681,Reliance down from 1450 to 1390. Is it a good buy at current level ?,0
facebook_corpus_msr_415572,"Good to have Deepan , about tata global beverage and Ujjivan finacials",0
facebook_corpus_msr_1521682,Why cant bjp nd its supporters ban leather industries which use cows nd which are owned by hindus or muslims,0
facebook_corpus_msr_420717,"Modi want to spread hindusm n he know that yogi Adityanath is pure hindu saint...
RIP BJP",0
facebook_corpus_msr_497689,Make more solar power plants in our country that's good...because that's green india....,0
facebook_corpus_msr_2199130,@Prateek Chaturvedi you should first become a voter than comment on someone,0
facebook_corpus_msr_1818439,to some extent she is right,0
facebook_corpus_msr_2111409,Is that not against secularism?,0
facebook_corpus_msr_379349,The person who is telling that Indian bsf is so and so I like to tell him .for your PK bsf. Our local cizitan itself inaf so don't tell about my Indian bsf coz history says you have never won and you will never win this is true and accept it and you people won't have that much daring to fight front ley so don't ever dar to comment any thing about Indian army jai hind,0
facebook_corpus_msr_470159,I am living in dubai and here majority Indian also some Pakistani friends appreciate modi but media always against modi why she reem madam?,0
facebook_corpus_msr_400275,It was a complete set up by bjp government to show  turkey president what is going on,0
facebook_corpus_msr_426302,As an employee of Reliance for the past 22 years I so proud of this movement after achieved Jamnagar and Petroleum Retail Project completion,0
facebook_corpus_msr_394612,don't need your certificate bcz we have separated Bangladesh remember and that's our achievement..But how can you believe your army their is no such example than a coup in country....,0
facebook_corpus_msr_417018,Shashwat Gangwal The pod is finally in India. Isn't this what you suggested for the immigrants in HULT case,0
facebook_corpus_msr_2115221,Hahaaaaaaaaaa epic comment bro,0
facebook_corpus_msr_466383,Manmohan  singh   ha ha ...  someone else 's mouth piece   has guts to speak..ha ha,0
facebook_corpus_msr_416599,"CNBC YOU MAKE MONEY EVEN IN SIN ---RAJDEEP ""SIN MONEY MAKER""  TO PAY MEDICAL CAPITION FEES FOR IS CHILDRENS AND GRAND CHILDRENS",0
facebook_corpus_msr_470945,My assumption is there is breakdown and i feel we might see February levels. considering FII out flows and demonetization. What is your view?,0
facebook_corpus_msr_480778,Hi I have 500 Shares Donear exit or wait. Position @62.50,0
facebook_corpus_msr_2041634,But it was a very sharp attack on karan,0
facebook_corpus_msr_483749,Hi  Is there any reason to hcltech fall with 20/-,0
facebook_corpus_msr_413361,WHO WILL WASH ? ......COME ON SURF ...DO NOT SURF OUR BRAIN .........WITH YOUR OLD   DRESSING CODE .....WE ARE TARZANS,0
facebook_corpus_msr_332707,"Leave alone the passengers inside? Seriously, who is the editor for the Social media news here? Please, ask him to go back to basic grammar again!!",0
facebook_corpus_msr_464025,"500gms for Married women, 250 gms for Unmarried women, 100 gms for men. Further,Legitimate holding of jewellery upto any extent is fully protected.",0
facebook_corpus_msr_412832,read the same quote -2 years back  ......brany  let have beer  man .........refresh the summer with carlberg beer in virgin airlines,0
facebook_corpus_msr_472880,Black money is now incresed rapidly in the form of 2000 rs note which is not neeeded,0
facebook_corpus_msr_1563559,Fake man in the sky say what? @Tyler,0
facebook_corpus_msr_436403,WOULD HE EVER PAY.......? IS THE QUESTION ALWAYS.....? CAN YOU RECOVER FROM GOONS....? HOW....?,0
facebook_corpus_msr_443384,"i am micro investor, i have portfolio in bank, NBFC,Pharma, but all are down, which sector is good to enter in this kind of situation ?",0
facebook_corpus_msr_1729776,Insurgencies have a cycle.from low to high.u cant defeat it wen people r  supporting it.,0
facebook_corpus_msr_441487,"Manisha we were the only one bullish on crude oil spoken to your sister channel snbc bazaar @32 for 80 to 100 percent returns, topped on Google search with Brent oil Appreciate...Happy 2017 ahead",0
facebook_corpus_msr_490246,Whether this the best time to invest in yes bank..,0
facebook_corpus_msr_473512,"Buy gold/gold mining stocks that's the only way to financially benefit from this event. I have already put in my order 🙏🏼

Gold will rally to $1500 -$1700 on back of Trump election",0
facebook_corpus_msr_332781,"Let me guess. 
Those accused must be the Khans of Bollywood.
The only meaningful statement in your comment is ""GREAT MOVIE BAAHUBALI"".",0
facebook_corpus_msr_425609,Going to haj on Government subsidy & Tax payer's money   is development ???Idiot,0
facebook_corpus_msr_327827,Your prophet Muhammad allowed mutilation of bodies of his enemies. Know your pisslam,0
facebook_corpus_msr_2082944,Oh my god!,0
facebook_corpus_msr_420718,When you believe that Vikaas was on the way and then he gives u this!!!,0
facebook_corpus_msr_2039513,"Kind , honourable minister ,helps large heartedly to the needy People.",0
facebook_corpus_msr_1907007,"URGENT URGENT  URGENT
💰 * ```Online JoB ```* 💰
➖➖➖➖➖➖➖➖➖➖
*🔰 💯% Genuine*
*🔰 Zero Inverstiment*
*🔰 1$ Join Bonus*
*🔰 Make 1000-15000 Monthly*
*🔰 Redeem Through Bank & Recharge*

```Anyone Interest Msg Me Type your name and job``` ✅

Whatsapp ▶ *9749890410*",0
facebook_corpus_msr_416667,"A : Ask your citizens or any school children instead of asking foreigners for advice.

1) Phase out use of fossil fuels.
2) Extensively use Solar Panels.
3) Water harvesting structures.
4) Introspect Lobbying by Petro & coal industries.
5) Ban plastic on products lesser than 10 rupees.
6) Improve Infrastructures, Public transport, increases taxes on private vehicles by 200%",0
facebook_corpus_msr_1945606,Who is he ???????????????,0
facebook_corpus_msr_495547,Thank you very much for making us proud. ...to both the lady..,0
facebook_corpus_msr_430642,Buy JAYBARMARU (Nse code- 1708) @ 363 targets 410 within a month probably.,0
facebook_corpus_msr_418371,I have 100 cairn and 100 vedanta so what is effect of merger on future of this shares,0
facebook_corpus_msr_325904,"Don't you realize Indian forces terriosm in Kashmir?
How many thousands Indians forces kills in Kashmir ?
How many people Pakistanis forces kills Kashmiris?

Feel d difference 
Who is terriost Indian forces or Pakistani?

Anyways Pakistan have more terriost attacks then India .
Same you blame Pakistan. Pakistani Blame India is behind Pakistan terror attackes.

Use mind , War is not solution. 
Only peaceful dialogue is solution.",0
facebook_corpus_msr_397435,ISI doesn't require but actual Baloch peoples are in search of help,0
facebook_corpus_msr_2261769,Happy Birthday!,0
facebook_corpus_msr_327057,Hina Mehmood ki jal bhi rahi hai aur fatt bhi rahi hai ishe acha hai tu apna ilaz karwa le bhosasike  &  also kutte ki aulad...,0
facebook_corpus_msr_427833,Please remove this news post..its really hurting many people in TN.,0
facebook_corpus_msr_497697,I will say LED bulb distribution scheme should go upto villages too,0
facebook_corpus_msr_452001,#CNBCTV18 and #BajajAuto Manvendra Sengar i am out! lemme know if the bike was worth this aaaaaaaaaaaaaaah aaaaaaaaaaaaaaaaah,0
facebook_corpus_msr_2145855,"#ENTERTAINMENT | Wish #AnnuKapoor with us, on his birthday!",0
facebook_corpus_msr_434100,home alone never feels the pain ...watch kevin in home alone,0
facebook_corpus_msr_421463,We are currently constructing 22 kms/day of roads: Nitin Gadkari,0
facebook_corpus_msr_372981,"I am gonna wait for 3 days 4 our PM to react
Else we should react",0
facebook_corpus_msr_473833,For a farmer if he had saved the money for his daughter marriage then how he will convert all his currency?,0
facebook_corpus_msr_505943,Kirloskar ferrous industries ltd allotted shares @ 10/ each later send s stikkers of  5/ to share holders and reduced the prices........then shares must be doubled in Quantity,0
facebook_corpus_msr_334902,If this fellow have spine let him face elections and win loksabha seat instead of entering parliament via back door.,0
facebook_corpus_msr_1613976,What about Shivaay???,0
facebook_corpus_msr_470336,Wow this idiot wants to ask question and answer by himself,0
facebook_corpus_msr_442406,#ERROR!,0
facebook_corpus_msr_461219,This ia not good. This is the name which most of the people had not heard before he became thw president. Juat one day befone the final declaration of the name how come Mr. Modiji's name replaced by Mr. Trump. It is a night game which time Magazine has played with Mr. Trump.,0
facebook_corpus_msr_421241,"Cess on motor cars & motor vehicles principally designed for the transport of persons (other than those for transport of 10 or more persons, including driver) including station wagons & racing cars capped at 15% ad valorem",0
facebook_corpus_msr_1906996,It seems to be fake news. Media is trying to divide people.,0
facebook_corpus_msr_373033,"Part time online job without investment 
Most important job for Facebook expert 
Earn 15000-25000/-month 
Open play store 
Install champcash mony free app
Sign up with champcash 
Refer id-12935304
Install 7-8 apps in the champcash and start online work",0
facebook_corpus_msr_397457,PAKISTAN'S are always on right way.indian gorvenment kill his army soldiers and just blam on PAKISTAN'S ARMY.indian media publish fake and baseless news under the stress of his government,0
facebook_corpus_msr_487584,Any idea whether BHEL will cross the resistance of 160?,0
facebook_corpus_msr_412646,Can markets crash an tumble or not it we should go bullish,0
facebook_corpus_msr_326317,"Modi ji and his govt. Busy in winning elections only, forgot his works",0
facebook_corpus_msr_1775232,Tough fight expected in 2018 Assembly elections.,0
facebook_corpus_msr_1490587,How would audience get all the fun ?,0
facebook_corpus_msr_1391506,Salute to u mam,0
facebook_corpus_msr_483483,"Docomo case, decreasing turnover, his more focus only on tcs",0
facebook_corpus_msr_2041563,Very well said,0
facebook_corpus_msr_443468,is it the good time to buy JSW steels share ? short term basis,0
facebook_corpus_msr_1985371,Nice,0
facebook_corpus_msr_506376,I meet u thru cnbc tv 18 daily more than my family members,0
facebook_corpus_msr_471214,From past 10 days I have been typing here Markets will fall,0
facebook_corpus_msr_373014,Just blind people's are 't oppous to rooling party and PM....SO SAD....SO BAD...,0
facebook_corpus_msr_2280144,Fake news,0
facebook_corpus_msr_1943091,Editior is not up to the level of a National Newspaper...,0
facebook_corpus_msr_1614073,"Plzz all do watch ,😍",0
facebook_corpus_msr_1600592,"Soldiers creating songs, your soldiers can do that well only. Keep creating",0
facebook_corpus_msr_421237,9 sets of rules and regulations needed to be approved by council: FM,0
facebook_corpus_msr_436492,"Himachal high court also banned our very old tradition of buffalo fighting event in dussera..
Dont know why court want to show its superiority..instead it should ban killing of animals in slaughter house",0
facebook_corpus_msr_470968,Sonia - Any suggestions on bankibg stocks considering increased bank deposits?,0
facebook_corpus_msr_420483,Anuj sir please ur 2 yrs view on delta?can it become multi beggar,0
facebook_corpus_msr_1939501,Ad,0
facebook_corpus_msr_2035897,So cool!,0
facebook_corpus_msr_480753,"Nifty below 8550 , indicates a down move maybe coming",0
facebook_corpus_msr_1788862,Remove article 370 to end terrorism,0
facebook_corpus_msr_495413,"The sad part is that AIFF (Football Federation) is paying 5 lakhs each and the the most richest sporting body in the world BCCI isn't paying a penny ..

Just sad",0
facebook_corpus_msr_481268,So other one tell me brother....tell me tell me never mind don't exited Bro,0
facebook_corpus_msr_495807,Sports  persons  winning titles and medals deserve reward and appreciation. But uneven distribution  of public money is not healthy. Govt should make a standard policy fot encouraging winners at national and states  level,0
facebook_corpus_msr_221698,🇺🇲️ following the elections at 1 am from college.. such an amazing day.. this is the real mandate.. AAP is shown the mirror.  #DilliKaFaisla,0
facebook_corpus_msr_1391505,congratulation ERA,0
facebook_corpus_msr_431370,Please ignore machiwala comments just agitating u all people ....ignore,0
facebook_corpus_msr_503449,"Sir, we all the sensible and cognigent want Mr. Raghuram Rajan as the RBI Governor.",0
facebook_corpus_msr_404130,India is not join because India have already many mega project which is greater than cpec for India (like direct trade with other countries and make in India project.....and India have not much profit in cpec ),0
facebook_corpus_msr_480738,Has Tata Motors bottomed out? Any surge expected from here?,0
facebook_corpus_msr_1402887,"main stupa is not damaged, only few houses in and around stupa are damaged",0
facebook_corpus_msr_322444,I heard Mizos keep thier homes and surrounding very clean... It's there in their DNA,0
facebook_corpus_msr_437793,"TCS Q3: $ Revenue up 0.3% at $4,387 m vs estimates of $4,382 m",0
facebook_corpus_msr_325794,"As government was running out of nationalistic issue, this happened",0
facebook_corpus_msr_2175514,"I guess, they are among those 1.3 billion. I guess, I am not sure though.",0
facebook_corpus_msr_1805230,I am surprised to show your pain in election time...It prooves that you are a member of Bjp..,0
facebook_corpus_msr_2123442,"Months before the civic poll dates were announced, the BJP had sharpened its focus on PMC and PCMC.",0
facebook_corpus_msr_334332,"What has URI attack got to do with this, why are you people hell bent on protecting criminals?",0
facebook_corpus_msr_394613,"Lolz 90000 soldiers surrendered in Dhaka. here is the video. U still need evidence.
https://youtu.be/wWkMy-89JNs",0
facebook_corpus_msr_505186,I regularly watch CNBC-TV18. This TV Channel is a hub of optimism. Keep it up.,0
facebook_corpus_msr_420759,"State will prosper like Gujarat did under prime minister Modi ,",0
facebook_corpus_msr_410227,"Byyyyyyyyyyyyyyyyyeeeee india!!!
Bangladesh Wins by 5 wickets.
ASIA CUP FINAL - 22 MARCH
PAKISTAN vs BANGLADESH",0
facebook_corpus_msr_496658,"With due regards to all of you, very few person really knows the matter on the fraud committed by the Congress party, established by an English man and with Gandhiji, Nehruji and Patelji at its helm of affairs. Very few person, even judges and well known advocates do not understand that continuation of British enacted laws(like Cr Pc, Civil Procedure Code etc. all), passed at the London Parliament in our statute book is nothing but bestowing legitimacy and accepting illegitimate British occupation of India as rightful and legal. Very few people would agree that instead of celebrating Independence day as a day of festivity, we should observe it as a day of national shame. 
Friends please note that we are still a dominion of British as per the Indian Independence Act, 1947, passed at the London Parliament read with Section 147 of the Constitution of India.",0
facebook_corpus_msr_1487741,nice job by mumbai indians,0
facebook_corpus_msr_2280060,Gaurav Patil domestic media worry about domestic issues.,0
facebook_corpus_msr_1610621,Such observations,0
facebook_corpus_msr_1827819,"Arn""t bullocks family of cow",0
facebook_corpus_msr_430206,BEML shares are rising now. I have 1000units of BEML is it wise to invest further or should I hold on to the same units.,0
facebook_corpus_msr_2041608,"Truth is bitter
Good job Kangana",0
facebook_corpus_msr_1563565,Frank Lopez.  Christianity is the established religion in these United States of America.,0
facebook_corpus_msr_1432702,take manmohan to usa obama ji,0
facebook_corpus_msr_2111323,Idea of secularism in India these days against the idea of secularism.,0
facebook_corpus_msr_461228,Hello people.. did you all read everything..? It's says President of the Divided States of America...not United states of America...🤔🤔🤔,0
facebook_corpus_msr_1563562,Then no more Hebrew spoken  in America.  This creature is an evil instigator.,0
facebook_corpus_msr_1833399,Everything by force in a democracy is a wrong one .,0
facebook_corpus_msr_422291,Mitesh very nice learn about how to stand by in market,0
facebook_corpus_msr_2111252,Pseudo-seculars will not support UCC & FP.,0
facebook_corpus_msr_497272,Either they are running out of news or tech toyz,0
facebook_corpus_msr_423048,ARE ANY OF THE AVIATION STOCK CAN BE A PART OF PORTFOLIO FOR LONG TERM?,0
facebook_corpus_msr_504831,"With his consistent high performance, Modi has set a very high level for P.M.'s post. Can his rivals for P.M's post  in 2019 measure up to this level.As of now they are just loose cannons.",0
facebook_corpus_msr_1736990,I believe  respect  each  others  views. .😊,0
facebook_corpus_msr_495391,I'm sure they get laid good and can easily get a govt job after they retire and then there are those who make money by selling alcohol and other cheap canteen stuff at high prices. Based on performance they get medals too!,0
facebook_corpus_msr_442957,GDP and population are growing parallel. Our nation needs to focus on population and job opportunities to all. This may be perfect solution to make our country best in the world.,0
facebook_corpus_msr_418742,rain industries !! green even when market in red !!,0
facebook_corpus_msr_1699606,Real thought will be revealed......😅😅😅,0
facebook_corpus_msr_1487723,Go beta dhoni is waiting ....,0
facebook_corpus_msr_1532859,BCCI confirmed that the Indian police arrested three people in Kanpur suspected of illegal betting during Gujarat's matches against Delhi.,0
facebook_corpus_msr_330935,"Yes... Wolves are scared of the Tiger. Good work Modi. 
When people are jealous of you. That means you are progressing.",0
facebook_corpus_msr_451765,Its a remake of the first ever cafe racer built by the first ever motorcycle company. Heritage counts a lot here,0
facebook_corpus_msr_331188,"Not to stay in power, but for development, all these issues r important.We must protect cows at any cost.",0
facebook_corpus_msr_323013,how Pakistan army caught them?? Pakistan army cross border?? or they came here to Pakistan?  the most lier nation is ENDian.,0
facebook_corpus_msr_1692699,Lol,0
facebook_corpus_msr_496109,"By the time you recover your capital , this sonia will be as old as sonia gandhi.  Lolx",0
facebook_corpus_msr_431316,May god give u long life.. so that I can live peacefully,0
facebook_corpus_msr_330899,lal killa which you host your flage don't forget us we Turkish build and no one copy that haritage,0
facebook_corpus_msr_465708,it will be extremely difficult to make india a cashless economy in one go.. but you know what... as difficult it may be... it will become one day.. atleast we will push for it...,0
facebook_corpus_msr_456329,400 cc and 148 top speed with 35 ps??? Bajaj is kidding😂😂😂😂,0
facebook_corpus_msr_495533,Perks of living in 'two states'. :P Hyderabad is awesome,0
facebook_corpus_msr_2111403,who said this.,0
facebook_corpus_msr_490131,What are the prospects for the Auto and Auto Ancillary sectors for the H2 FY17?,0
facebook_corpus_msr_437825,gujarat in the west-what a thing  and manipur in the east what a disaster?sigh!!!,0
facebook_corpus_msr_411627,lot of analysts and institutions like Lupin as their choice in top 3.. but the stock is stuck forever in 1400 range... and now in 1300.. ur view pls,0
facebook_corpus_msr_1674431,Good job uncle,0
facebook_corpus_msr_451867,This bike is Gona b great...di issue will b aggressive pricing hope don't compromise with quality,0
facebook_corpus_msr_331034,"The situation of west Bengal has become terribly communal. I am from west Bengal. We have witnessed a number of communal riots taking place where majority of Hindus were molested, beaten and muslim illegal Bangladeshi immigrants ransacked Hindus residents, shops and religious temple. Hazinagar, malda, chandanagar, dulagarh and a number of places where Hindus are being targeted yet. We are living under fear as mamta government providing full support to these miscreants. Local Bengali medias are not not allowed to show the current situation of west Bengal. We urge central government to look into the matter seriously or else West Bengal will soon become mini Bangladesh or mini Pakistan. Mumtaz Beghum government is arresting any media channel which is trying to broadcast these muslim riots where they are butchering hindus.

At present, there is no problem in proper kolkata, but conditions in rural & small cities far from kolkata is changing fast.. search in google about tehatta, hajinagar, chandannagar , khagragarh , kanning ,malda , murshidabad etc etc ....even bangladeshi govt is now accusing west bengal govt for providing safe house for bangladeshi terrorists",0
facebook_corpus_msr_420944,Question for Mr.  Prakash Diwan... For Pricol and Granules India,0
facebook_corpus_msr_463125,"Nice write up. However, before concluding that no gains are in sight, let us keep our eyes open and look for the gains which are overlooked in this article.                                                                                                                                      1)This could still be a paradigm shift. Don't forget that currency has been growing rapidly in our economy. In the words of former RBi governer Subbu Rao ""going up by 15 percent year on year since financial year 2015/16, significantly faster than the trend rate of 10.7 percent over the previous three years.Even increase in e-transactions does not sufficiently explain this increase in demand for currency, suggesting that some other dynamic was at play. The Government’s surprise move was evidently in response to this uncharacteristic expansion of currency in circulation, clearly out of line with the pace of expansion of economic activity.""  This trend would definitely be arrested if the govt. is serious and continue its efforts sincerely. And the economy could see much lower cash in circulation.                                                                                                                                   2) temporary squeeze in cash is pushing many to move into electronic payments. Convenience and efficiency  will make them move away from cash permanently wherever possible.                                                                         3) With much less cash in circulation, black money locked up in land and gold would not be easily converted into cash. This could reduce the illegal activities too                                                                                                                        4) Lower land and apartment prices would benefit economy eventually                                                                                                       5)All the 12lakh crore reported to be put back into banking system has left a trail. Tax authorities can trace them and this could increase the cost of doing business via parallel economy.",0
facebook_corpus_msr_415705,Anuj do we still hold the same opinion in the liquor space ?,0
facebook_corpus_msr_418165,This is not our botheration . More such decisive judgements should come where the environment & climate change issues are involved . These damages cannot be reversed by any artificial means,0
facebook_corpus_msr_468238,"Upto 2000 rs means ,is that only 2000 rs note ,?",0
facebook_corpus_msr_1827822,I do.,0
facebook_corpus_msr_442682,Is there any economy globally  which can be sustainable forever,0
facebook_corpus_msr_456488,Why am I wasting my time on Bajaj Launch in NY.,0
facebook_corpus_msr_407505,"Yes, the same Osama which was declared as no:1 terrorist and they say his body was rested in water and no one asked y??? .. if u desperatley want him and know the exact place, y dont India have him.",0
facebook_corpus_msr_483735,Hi  Is there any reason to hcltech fall with 20/-,0
facebook_corpus_msr_1805641,Good working for BJP,0
facebook_corpus_msr_454889,"CNBC agent, please zoom onto the screen , not these mf'in singers",0
facebook_corpus_msr_334230,Ur sttmnt is saying. If nt thn u r awesome.,0
facebook_corpus_msr_2175520,Nice pic sir with ur son,0
facebook_corpus_msr_1805135,"AK has delivered on most of his pre- election promises and improved the lot of Delhi citizens, despite the Centre holding the whip through LG!",0
facebook_corpus_msr_417313,In india now launch bs4 bt the other countries are advenced from india,0
facebook_corpus_msr_429359,We are the doorstep of the 4th Industrial revolution: Mukesh Ambani,0
facebook_corpus_msr_323701,Yeah and u will decide for sm1 to what to wear and what not. Blockhead.,0
facebook_corpus_msr_401412,I am the biggest fan of PM -- but as  an indian i want to know why PM is not taking action against the PAPISTHAN?,0
facebook_corpus_msr_328891,You need watch part 1 asap so we can go watch part 2,0
facebook_corpus_msr_413306,India has grown faster than China for the past one year. China fudges data and is a currency manipulator.,0
facebook_corpus_msr_1804891,Its gud anna did not join political party. However thr is a need political party like AAP.... baki mujhe ye samjh nahi aya jab bhi election pass me hote hai tabhi. Media wale mic lekr anna k pass kese pahuch jate hai..,0
facebook_corpus_msr_419021,Yes we are realy proud to say your my gear CM,0
facebook_corpus_msr_423561,Nifty will touch  life time high than will retrace,0
facebook_corpus_msr_421610,It is also necessary to make it mandatory for all commercial establishments to provide and maintain proper restrooms,0
facebook_corpus_msr_1487725,MI all the way 😎,0
facebook_corpus_msr_482465,Tat will prove mistry wrong and this graph will be 2 times positive. Simple. Its all a game boss,0
facebook_corpus_msr_348926,"🌊 Bot🙍 Powered😼 By🐱 Wajid😞 Punjabi8-| Mehar

🏨 See My Bot Speed 😽 ABP News
♥ c h α υ δ h r ψ s 🌹 β ο τ τ ε r ♥
🏢 Tuesday : 2 - May - 2017
🏨  Like Back♥ ABP News
🏥  Comment Late  28 detik :)
 🏪 Auto Comment By   Wajid Punjabi Mehar
 🏯 🔎 Baby-Bot.tk 💡",0
facebook_corpus_msr_401451,Are you reporting or giving information. The details of the position of armed forces of India to someone,0
facebook_corpus_msr_462509,She is a  Hindu  then why her  body is  being  buried  ?,0
facebook_corpus_msr_1775206,This results are good lesson for those left congress for power sharing with BJP,0
facebook_corpus_msr_496201,India headed by Namo & Co. perhaps does not deserve a governor like him.,0
facebook_corpus_msr_1818401,"Madam, what about parental failure to instil discipline while growing up ?",0
facebook_corpus_msr_436554,Where is Pharma heading from here after strong FDA actions...Some analysts saying Pharma bottomed out but it looks otherwise.,0
facebook_corpus_msr_331437,"Navaratan Kumar bro it's better u stop visiting Istanbul from now onwards as it is unsafe and not gud for Ur health. 
People who feel safe they only will visit Istanbul.",0
facebook_corpus_msr_1945563,Only our luytens take this guy seriously.,0
facebook_corpus_msr_412786,Views on Motilal oswal financial for long-term I have 1100 share @ 512,0
facebook_corpus_msr_481636,Safari has to complete with Duster with 1600cc and 5 seater. No more politicians using safari as long before.councelore started using Innova and MLA's and MP using fortuner and above model. People are looking for high comfortable model always. Sumo ok to fight with Scorpio. Lot many Tata vehicle struggle to place it's brand properly. Till sticking with old indica platform makes people to look Tata look dull and old.look Marathi most of the brand looks different and attractive. Platform Design is the problem.,0
facebook_corpus_msr_2115240,no 1 team hahahaha,0
facebook_corpus_msr_400389,"yar tukey ka b koi high level statement dikha du ""Isolate Pakistan"" ke liye, wese tu ju b india aata hai, ""Isolate Pakistan"" ka narra lagta hai.",0
facebook_corpus_msr_410049,Police and CID demanding a bribe for passport verification.....is this true???,0
facebook_corpus_msr_502860,What is the target period for connecting rural roads with national highways,0
facebook_corpus_msr_327084,So your cool if I keep tagging you in the nonsense that they get upto? Providing sanitation is the governments job. They even have a minister for it,0
facebook_corpus_msr_425630,american dental association recommends the news for best dental care award,0
facebook_corpus_msr_422034,Congratulation to every person  who work for Bjp's  Winning,0
facebook_corpus_msr_1737016,Funny guy 😂😂,0
facebook_corpus_msr_504832,Hat's Off to Shri Narendra Modiji PM India. EK BHARAT SHRESHT BHARAT.🌏,0
facebook_corpus_msr_1490535,Sacked Delhi minister Kapil Mishra holds a press conference making more allegations against Delhi CM Arvind Kejriwal,0
facebook_corpus_msr_496982,Is there more down side...as u r expert on short term analysis ;),0
facebook_corpus_msr_472887,In world there is all progress country not have currency more than 100,0
facebook_corpus_msr_1985369,nice pic,0
facebook_corpus_msr_1614004,Ramya krishnan anushka prabhas and of course rajamouli sir the real person to choose these artists loved every bit of the movie 👌🏻👍🏼,0
facebook_corpus_msr_426213,Seeing how we can use land held by AAI for airport development: Jayant Sinha,0
facebook_corpus_msr_656037,Right,0
facebook_corpus_msr_407575,Wish that he dies and indian Muslims don't treat him as a martyr.,0
facebook_corpus_msr_440779,"Salute you Sir , at least you started waiting for the result 👍🏼",0
facebook_corpus_msr_1521804,Yummy,0
facebook_corpus_msr_411161,Seeing a lot of investor interest in electric vehicles segment: Commerce Minister,0
facebook_corpus_msr_413539,No timeframe fixed for home delivery of fuel: HPCL CMD,0
facebook_corpus_msr_328834,Not Prabhas alone...credit should go to the team ...especially Rajamouli,0
facebook_corpus_msr_399588,Now you understand... what is the actual surgical strike is😂,0
facebook_corpus_msr_430634,"I am looking for a job, a videographer.
E-mail me to my mail for a constructive dialogue.
videosportmoto@rambler.ru",0
facebook_corpus_msr_417044,Roma Jeswani- Sangeeta Kherajani i was talking abt this hotel,0
facebook_corpus_msr_2196843,#MondayMotivation | Here's what the stars have in store for you this week!,0
facebook_corpus_msr_1487715,Rohit Sharma felt there is no shame in reaching the final the hard way and lauded team effort after their six-wicket over KKR.,0
facebook_corpus_msr_461202,Congratulations many more to come.. haven't seen Anil Sanghavi Sir.. my favourite man of news channel...,0
facebook_corpus_msr_2111394,Secularism has no meaning as Hindu majority guarantees secularism,0
facebook_corpus_msr_2115234,we all wish  and pray for it.,0
facebook_corpus_msr_421050,We need more transparency in terms of cash transactions because still things not change,0
facebook_corpus_msr_406849,"if they not involved in corruption ,and work hard for the welfare of our country then no one can stop them.",0
facebook_corpus_msr_468995,Should u invest now or wait for 2weeks or so ...,0
facebook_corpus_msr_494928,You need a Heart of Gold to pledge 75% of total earnings.. Kudos to AMN!,0
facebook_corpus_msr_482425,yeah that day i was talking about this tata suv,0
facebook_corpus_msr_421490,Open to JV with any entity who gives 100 acres of land to build logistics park: Nitin Gadkari,0
facebook_corpus_msr_1818389,"What about the daily serials hammering into the head of fantasies, irrational and unreal life situations, even sometimes portraying women as headless spectators [both sexes], or collaborators and masterminding criminal acts within families units. This is what is killing the Indian minds in many ways. Instead of educating the society towards realism, fake situations regresses the minds, taking longer to adapt reality into life, not mentioning creating opportunities and ideas to commit crimes. Then, maybe all this is just modern living....... a living room reality.Even amnesia appears to be a norm in Indian society, according to the soaps.",0
facebook_corpus_msr_2020279,Pachauri is gone for good.Let the law takes it's own course.I just hope his message of global warming doesn't get diluted.,0
facebook_corpus_msr_490409,GST not applicable below 20l turnover is latest...why he is repeating old old stuff,0
facebook_corpus_msr_1949353,Ayodhya land dispute: The court also suggested that parties concerned should sit together to arrive at a consensus.,0
facebook_corpus_msr_382602,"«---->❤✔OMG✔❤<----» 

🍄 Add Close •» ABP News 

<3 Like Comment back <3 

:o <3 EngBot.Tk <3 :o",0
facebook_corpus_msr_461120,Their are many things Rahul Gandhi don't know one thing is this the comment he made and another he is idiot and he will be and he will be idiot forever.,0
facebook_corpus_msr_483648,This move is like Mr. Narayan murthy coming back to lead Infosys for a brief period before Mr.Sikka was appointed,0
facebook_corpus_msr_418394,Happy gudi padva n happy new year to all ...,0
facebook_corpus_msr_473992,Great move to curb black money.. acche din has already arrived,0
facebook_corpus_msr_430197,"If you have any queries, post it in the comments section!",0
facebook_corpus_msr_414018,People who'll held nifty and bank nifty if future and options will make millions,0
facebook_corpus_msr_421459,Railway & Highway being made into Unified Logistics Park: Nitin Gadkari,0
facebook_corpus_msr_2111304,Ya n that's why communism has been obileterated from the world,0
facebook_corpus_msr_451506,Which cements Stock is best to buy for 4years timezone,0
facebook_corpus_msr_418664,What sense do u make of the rally in paper stocks ? Some have become 5-10x,0
facebook_corpus_msr_1402884,"VIDEO : #BuddhaStupa  नेपाल के भूकंप में सिर्फ़ वर्तमान तहस-नहस नहीं हुआ है, अतीत की धरोहर भी बरबाद हो गईं। काठमांडू से कुछ दूर वैश्विक धरोहर में शामिल स्वयंभूनाथ को भी काफी नुकसान पहुंचा है।
पूरा वीडियो यहाँ देखें - http://goo.gl/fsfH6l",0
facebook_corpus_msr_422191,Mani Shankar Ayer seems to have lost his way with improper comments. He has now become a political zero.,0
facebook_corpus_msr_464885,Hi Sonia Shenoy I Bought 100 Shares Jetairways 784 hold or sale.,0
facebook_corpus_msr_1729774,"On Sunday evening, militants fired at Abdul Rashid Parray alias Rashid Billa at Hajin in north Kashmir",0
facebook_corpus_msr_495473,"Instead of giving crores of prize money to them, you better invest on sports infrastructure.",0
facebook_corpus_msr_455849,This is all Modi's trick. He's trying to distract us from demonetisation.  Hahahaha,0
facebook_corpus_msr_1737000,There is a point,0
facebook_corpus_msr_332343,We initiated a relationship between two countries here in Canada n they are developing it 😜,0
facebook_corpus_msr_1521849,Because we live in a free country,0
facebook_corpus_msr_431150,Maxwell I feel sorry to know that considerable resources of the nation were spent to raise you into the filth that you are.,0
facebook_corpus_msr_434326,WHY? SO THEY CAN LIVE IN POVERTY ON SLAVE WAGES?,0
facebook_corpus_msr_495560,Yeah bro! This issue is already in the news since last week. Senseless governments! The money that they are simply giving away should infact be used to create more Sindhus and Maliks !,0
facebook_corpus_msr_2111349,Check it.,0
facebook_corpus_msr_1575758,boring,0
facebook_corpus_msr_233540,Dr. Subramanian Swami is one of those politicians who has strong will power and expert in taking good decision. Therefore he must be appointed home minister instead of Rajnath Singh in the favour of the country!!!!!!,0
facebook_corpus_msr_484278,"How soon do you think, the 5G will go live in India and 
the transformation to wireless and paperless workspace ?",0
facebook_corpus_msr_438179,"What would br targets and when it will reach for Havell, asian tiles, amaraja,DHFL?????",0
facebook_corpus_msr_437008,BJP will get votes on the back of black money crackdown: Rahul Bajaj,0
facebook_corpus_msr_490318,How is HP Electric Power ipo..Will it give good return,0
facebook_corpus_msr_470846,What about reliance market? It is huge brand all over India and will it pickup,0
facebook_corpus_msr_400218,Govt is coward..its all mili bhagat of corrupt politicians to create distraction. And army along with public pay the price....its a old game,0
facebook_corpus_msr_470027,Janta ka paisa aa raha h tabhi malya jeso ke 7000crore maaf kar diye,0
facebook_corpus_msr_2041590,Taste of your own medicine is always bitter!,0
facebook_corpus_msr_423226,"We Are providing best web development services. 
Please visit https://goo.gl/YpDBsP to view our realetstate portfolio",0
facebook_corpus_msr_490996,Good if crude prices remain in control and the Government does not tax crude heavily out of greed.,0
facebook_corpus_msr_430522,Ur views on jindal saw. Can it go up more,0
facebook_corpus_msr_2183255,"According to a joint press statement issued by the alliance partners, the SP announced it would withdraw candidates from Maharajpur and Kanpur Cantonment, Koraon and Bara and Mehroni.",0
facebook_corpus_msr_457546,oh God!!! what a pitiable condition in Delhi.These initiatives are okay and nontheless appreciable but moving to eco friendly means of transport and reducing usage of fossils fuels will be the best possible solution.,0
facebook_corpus_msr_1674494,Good,0
facebook_corpus_msr_491582,Thanks CNBC / Sonia Shenoy. More sweetness in Speech than market action.,0
facebook_corpus_msr_1736953,"Interestingly, Aam Aadmi Party leader Arvind Kejriwal retweeted the video.",0
facebook_corpus_msr_1476562,Nice,0
facebook_corpus_msr_420477,What is your view on midcap valuation? Can One start booking profit,0
facebook_corpus_msr_1716158,It means that mob can RAPE anyone????,0
facebook_corpus_msr_496200,Do you think that we don't have person better than him? Too much publicity?,0
facebook_corpus_msr_2159096,Not acceptable,0
facebook_corpus_msr_374350,"PORTAL Centralized Public Grievance Redress and Monitoring System (CPGRAMS) Brought to you by Department of Administrative Reforms Public Grievances Government of India Home Lodge a Grievance Lodge ReminderClarification View Status Change Password Forgot Password Grievance Status Print || Logout Status as on 27 Apr 2017 Registration Number PMOPGE20170138574 Name Of Complainant anilkumarmishra Date of Receipt 14 Mar 2017 Received by Prime Ministers Office Forwarded to Ministry of Home Affairs Contact Address Room No 188, North Block, New Delhi110001 Contact Number 23092392 Grievance Description With Respectfully I draw Your kind Attention our Previous letter petition No 3655-2016Dated 17 Dec2015 regd on 30 Jan2016 Regarding Funding To Anti National Activists Through Black money Generated donation given to Masjids, Madarsas,By Mr Mohd Iftekhar A Tannery Owner Named Ruksh Group of Companies Having Regd office 50 A 150 Feet Road, Jajmau, Kanpur With support of Corrupt Senier IAS, IPS, IRS officer He was doing 60percent Turnover Unaccounted When i got acknowledge about this i have refused To Work with Them and demanded him my service dues Rs 25 lacs witheld with him Then He had told Me You dont know about me my sources i will give money to ISIS Laskare Taiyaba Supporters i will only give him a call They will Kill you and Your Family members my Approach is also in State and Central Government, i can with support of these officers you and your family members drag in Forge Criminal Cases Due These Persons ISIS Network is spreading in Uttar Pradeshregarding aforesaid payment of service Dues With Held with opponent , in this regard opponent had already got favoured report from police officers against my applications no 60000160001498 dt 06 july2016 in which they had said he had no record about payment kindly check his factory cc tv footage from 1may2011 to 4feb2016 caused Train accident at Pukhrayan resulted 152 deaths Recent Shajapur Train Blast In Madhya Pradesh,the same petition is still under process The state government officers were doing work under pressure of state ruling party for favoring to a special community that is harmful for nation the rest petitions regd with the supreme court of india having nos27185-2016,25786-2016,29120-2016,36158-2016,39872-2016,46886-2016,52989-2016,4153-2017, 6937-2017,7962-2017,10567-2017 as he had admitted my dues with Roc Kanpur Up against my grievance no dcoya-e-2016-00276 on 17march2016 the roc comments are Honourable Company Law Board has granted extension for repayment of fixed deposits till 30062016, company has mentioned that it will pay accordingly he is also defaulter of Central Government revenue i e custom duty and income tax service tax he always cheating central and state revenues with support of professionals and local officers kindly arrange to make fair enquiry in this regard he had also given me poison in cold drink on 7 july 2016 at 1035 am, i was admitted in ursala emergency 6 hours that was intimated in my statement to si rajveer singh ps feelkhana on24 oct 2016 Till The date no action taken by Local And State Police and Administrative Officers As My Application under section 156-3 with CMM Kanpur Court having Case No 6367-2016dated 25 june 2016 Is Still Pending in absense of detailed report called from S H O Feelkhana the Court had already issued Notice on 10Jan2017next hearing date28 march2017he had not submitted his report to the court due to pressure of opponent and supporting officers kindly order to lodge my case and provide me justice In this Regard I have First Time Given Statement To CO Kotwali Kanpur Nagar on 24 September2015 And Second Time I have Submitted 4 Pages Written Statement With 51 Annexures To SI Rajveer Singh of PSFeelkhana on 24 Oct2016 I had Also Written For My Service Dues To Labour Secretary UttarPRadesh Vide IGRSUP Complaint NO15164170012310 15164170008355 60000016000003, 60000016000006, 60000160000080 60000160000093,723,881,1713,1762,21315,22969,23765,24854,26712,27140,27922,28200 ,28306 ,28413 ,29197 ,29438 ,30399 40016416000920, 927,936,1100,1101,1134,576 ,3832, 4218 ,4319,4520 ,5397 ,40016417000323,497,634,688 ,725 ,812, 813 ,825 first they had made confusing report in favour of opponent in lieu some personal monetorily benefit at last he had transferred my applications for enquiry to R D L C Central on 13 feb2017 vide their Letter Ref No 3349oblicKR I further request You Kindly Transfer All My Applications To CBI LKO branch Current Status CASE CLOSED Your Feedback Poor Date of Action 25 Apr 2017 Details The information provided by you has been sent to the concerned agencies for action as warranted",0
facebook_corpus_msr_452033,"Yes , dude . That price is like too good",0
facebook_corpus_msr_469901,It was extremely volatile to get into at any point on either side. But shall we still wait for bottom? And when should that be?,0
facebook_corpus_msr_331461,we all are humans and stop hate each other. if he as 3rd party can help why not to let him . look y r 3 rd world coz we like violence instead of solving by talks. i hope it will work,0
facebook_corpus_msr_1493829,Thank you Naveed Shahid,0
facebook_corpus_msr_326326,Today cow vigilante attact muslim youth to death in Assam & to divert the news they are showing unbiased news..,0
facebook_corpus_msr_395540,"With the presidential elections around the corner, talks of opposition parties coming together to upset the ruling BJP-led NDA have gained momentum. 
At a gathering on late socialist Madhu Limaya’s 95th birth anniversary here yesterday, opposition parties discussed the possibility of forging a grand alliance by burying their differences to challenge the BJP in the presidential election.
The opposition believes that a dent to the BJP’s chances of getting their man of choice appointed to the top constitutional post would come as a huge setback for the ruling coalition ahead of 2019 polls",0
facebook_corpus_msr_1922895,BREAKING: Indian railways ban him 😂,0
facebook_corpus_msr_419505,Love u Darling .its done now My Avi was with you😗😗,0
facebook_corpus_msr_393887,"O:)  ρσωєяєđ ву Noor Azam Mehsood 🎀
[🔰] !! HAZARA -BOT- TEAM !! [🔰]

Owner (^^^) Noman Shafiq (^^^) Noɱɩ Bʌcʜʌ Oŋ Fɩʀɘ (^^^)",0
facebook_corpus_msr_490304,Which are the major players in  the Defence sector in India today?,0
facebook_corpus_msr_438199,Do you think bank nifty up move is gona continue till this weekly expiry?,0
facebook_corpus_msr_505846,Need to corrected asap. Talent needs  rewards @ suitable time. Otherwise it moves other way around.,0
facebook_corpus_msr_418666,Is there a chance for big bear market as pe ratio is nearing 24 and we havent had a big bear market after 2008,0
facebook_corpus_msr_406157,"""Truth shall prevail"" so much so that his wife is distancing herself from this.",0
facebook_corpus_msr_420945,"I have question for prakash ,  how do you see navin fluoride at current level",0
facebook_corpus_msr_2159078,TAMIL NADU GRADUALLY FALLING IN THE HANDS OF MANNARGUDI MAFIA,0
facebook_corpus_msr_328844,Only indians watch our movie unlike hollywood which are watched all over the globe,0
facebook_corpus_msr_495116,Sun pharma  despite  of good results  and buying  upgrade by a number brokerage  house the stock has fallen 7 percent  ???,0
facebook_corpus_msr_415554,LEAD APR SUSTAIN ABOVE 144 IS IN BUY FOR UPSIDE TGT 156-166-185 OTHERSIDE SUSTAIN BELOW 144 WILL IN SELL CMP 145.80,0
facebook_corpus_msr_495486,"If they get even 50% of the money that have been announced, I would feel proud of my nation!!",0
facebook_corpus_msr_495557,Don't compare btw players they are both star of our country,0
facebook_corpus_msr_430459,"that is true with USA policy @ philipine, Iran,Iraq are some example.",0
facebook_corpus_msr_326719,Women Auto driver...... women  to kitne saal se Auto chal rahi.... tmlog to aaj pata chala..... waaah,0
facebook_corpus_msr_495539,Have they actually received it...looks like these are all announcements...,0
facebook_corpus_msr_2111124,"Dear ramanathan we keralites know how to live in peace, please don't bother about us keralites that includes hindus, Muslims and Christians. It is the only state in where everyone lives side by side in peace except in some places where the sanghis play communal card for vote politics",0
facebook_corpus_msr_480245,Cn u explain d reaaon fr fall Mr. Sailesh Vora,0
facebook_corpus_msr_430408,whether food grain available in PDS ..please check that first,0
facebook_corpus_msr_472884,Super move. We are with our PM in this war against black money. Every one should think like a soilder for every right step by PM,0
facebook_corpus_msr_405339,"y.   Indian Army band performs in Drass    WHEN WAS THE WAR FOUGHT?  The Kargil war, which commenced on May 1999, was announced after the infiltration of Pakistani troops and Kashmiri militants into Kargil district of Jammu and Kashmir and along the Line of Control (LOC). The intrusion into the area, that divided the Indian territory of Ladakh from the northern areas of the state, had come as a complete surprise to the Indian army and Operation Vijay was immediately launched to flush our enemies from the Kargil sector.   Pakistani soldiers    MASTERMIND BEHIND THE ATTACK  Pervez Musharraf, the then Army Chief of Pakistan, is said to be the brain box behind the attack. Musharraf carefully charted out the intrusion plan, without any specifics from the then Prime Minister Nawaz Sharif. He was supported and assisted by Leiutenant General Mohammed Aziz. It is said that Musharraf executed the plan while Atal Bihari Vajpayee had responded to Nawaz Sharif's invitation to Lahore and where the duo signed the Lahore declaration.   Conventional modes of war were used    MODE OF FIGHTING  Well-equipped with war weapons, both sides were prepared to launch attacks on one another. The 18,000 feet high-altitude battle in the rocky terrain was fought under extreme low temperatures, in a conventional manner, despite both sides possessing nuclear weapons. India positioned five infantry divisions, five independent brigades and 44 battalions of paramilitary troops to Kashmir and further deployed 60 frontline aircrafts.   Former Prime Minister Manmohan Singh with army and air force officers salute at the India Gate on Vijay Diwas    THE INDIAN AIR FORCE  On May 24, 1999, it was decided that the operation would be joined by the Indian Air Force (IAF). However, it was stressed that the IAF would not cross the LOC at any cost. The IAF launched bomb attacks on the enemy within its boundary. Tiger Hill, one of the highest peaks in the Drass-Kargil area of the state, became the focal point during the war. After a fierce war of more than sixty days, and with the support of the international community, India recaptured Tiger Hill and pushed the Pakistani forces back into its territory.   School children display a national flag over a displayed Indian army tank to commemorate the day    INTERNATIONAL RESPONSE TO THE CONFLICT  Pakistan's infiltration to India and the military clash were deeply criticized by many countries and attracted the United States' intervention into the crisis. As per a report in the Daily Times, a leading newspaper in Pakistan, India gained the confidence of the US while Pakistan 'lost its credibility in the eyes of both India and Pakistan'. The international community began building pressure on the Pakistani forces and threatened them to withdraw or face isolation. Russia and Israel also came forward to support India's stance.   An Indian Army paratrooper with a backdrop of Tiger Hill and Tololing Ridge at Drass as he comes in to land",0
facebook_corpus_msr_482181,"Rightly said, no point of going back to the selection committee unless there is any clause !",0
facebook_corpus_msr_461392,why RBI has not revised CRR & RR? any specific ...,0
facebook_corpus_msr_1833593,"As Tusshar Kapoor will be busy shooting for #GolmaalAgain, his son will have gala time celebrating his grandfather #Jeetendra's birthday.",0
facebook_corpus_msr_436311,The International Olympic Committee (IOC) and Alibaba jointly announced a long-term partnership through 2028,0
facebook_corpus_msr_441453,"Nifty is manipulated.  The expiry depends on option data.
The late surge at the end shows shortcovering.
I bet it is manipulated",0
facebook_corpus_msr_407504,Yes.. Dawood is not in Pakistan as Osama was also not in a very peaceful nation - Pakistan,0
facebook_corpus_msr_435025,Hi Nigel and sharmila can BEL reach 1600 before split on 27,0
facebook_corpus_msr_497042,"#RajanOnCNBCTV18 - Well done Sir, a lot more hidden hands are clapping for you at the moment :)",0
facebook_corpus_msr_327903,"Indian False Flag Exposed 

The bad Beef between the Regulars of Indian Army and conscripts of BSF/CPRF recently can To attention . The videos by various BSF and CPRF about the conditions of soldier and inhuman treatment by their Officers had angered the Indian Army high Command . 
As seen previous RAW can and will do what ever it takes to create a pretext to war or at least for the desperately needed international support in Kashmir. Lives of a few Dalit soldier won't mean anything for them.",0
facebook_corpus_msr_334433,Satyabrata Jena 1 more reason for u to keep quiet,0
facebook_corpus_msr_1945551,..trying to get public 📢 attention for FREE publicity. ..,0
facebook_corpus_msr_421789,"As elections are over, let us see the whole DEMONETISATION issue through the eyes of CHANDRABABU NAIDU Ji & NILKANJi (Conceptor & Implementor of ADHAR !! ) supported by Electronic Clusters in Central India infused with US's TRUMP CONSERVATIVE POLICY having eyes upon 2019 🌝✔",0
facebook_corpus_msr_472775,Hi Sonia bought Rel .Capital @ 575. Please suggest sold or hold,0
facebook_corpus_msr_470039,Its good right. Lesser worry of robberies. People who earn and never payed taxes will have to pay taxes. Its people like you who cannot overcome the simple discomfort you face. You need everything in your hand. Govt is not for that tho.,0
facebook_corpus_msr_421286,Tata motors?.. How much can it go?.. How is the mgmt restructuring viewed?,0
facebook_corpus_msr_490137,why Hind Sugar is not moving even when all other stocks make good rally ?,0
facebook_corpus_msr_400386,"Even he knows that relationship between India and Turkey will help Turkey, Not Pakistan. 😂",0
facebook_corpus_msr_416988,"columbus had no visa ? , vasco do gama had no visa ?......watch discovery channel",0
facebook_corpus_msr_452135,This is still palatable with the visuals going on ....,0
facebook_corpus_msr_417787,What's the view on Sunpharma and Auropharma? Can we see some big upside in April?,0
facebook_corpus_msr_1985364,Aus media should learn to be civilized and sensible like Clarke!,0
facebook_corpus_msr_472959,Let's keep 500 as d highest denomination and this can happen only if the rupee value increases in d global market.. that way even 1 rupee becomes move valuable..,0
facebook_corpus_msr_1775215,Yedyurappa . ? The one behind the iron oar scam?,0
facebook_corpus_msr_466010,"I agree with Manmohon Singh sir, this decision of Modi sir is ambitious but the decision must be implemented well.",0
facebook_corpus_msr_1674424,RCB going to win 😃,0
facebook_corpus_msr_422993,Dear mam or sir. ..I need a job.  Can u help me plzz .....in my house so mch problems pllz help Ill do any work,0
facebook_corpus_msr_491971,"very very true....it's ""Business""...but it should be not at cost  of ""person's personal""...i suppose...",0
facebook_corpus_msr_2111401,Pinarayi Vijayan is the only leader who dared to speak against Muslim clerics & Christian Church & Hindu castes while all the leaders were quiet.,0
facebook_corpus_msr_466286,"true, former PM speaks true . and today he spoke all fact things.",0
facebook_corpus_msr_401391,This cowardly act has to be punished... RIP our brave soldiers,0
facebook_corpus_msr_470328,How can this be a great move when there are people losing there lives....good innocent people.  Totally not justied!,0
facebook_corpus_msr_505386,"17May 2016 Todays profitable tips Syndicatebank jindal ashokley mothersonsumi Bankbaroda Jetairways Ashokley for more get regd. Soon To continue tips from TODAY onwards Get regd.@@3200 for 4months,@4200 for 6months,Else no tips,Contact+919943874224 & Earn daily 9k to 99k,Hurry up
***Market up/down no problem Earn Daily 9k to 99k, Q4 Results,Assembly polls session 919943874224.Get Regd @ Dailysandhyatips @ ETMARKETS.com, Dailysandhyatips @ moneycontrol.com,
To continue tips from Wednesday onwards Get regd.@@3200 for 4months,@4200 for 6months,Else no tips Last date 15may2016. & Earn daily 9k to 99k,Hurry up",0
facebook_corpus_msr_443449,"once again thanks on cent tex,  i have bought 10k shares of Grauer & weil, but stock is not reacting and remaining in the same zone, your view on this ?",0
facebook_corpus_msr_451514,Whats should one do with Sun Pharma? Its just going down hill day after day :(,0
facebook_corpus_msr_337026,Great movie. It represents our Hindu culture and provide aspirations for bravery.,0
facebook_corpus_msr_416332,If person is working hard for coming out from his depression but again and again he has to face same kind of situation then what are the solution behind this,0
facebook_corpus_msr_1490571,Oh really. A great news. Peeps listen AAP receive hawala money😅😅,0
facebook_corpus_msr_491608,Achieved new fleet against all odds. Hearty respect to this brave  girl.,0
facebook_corpus_msr_1775218,Better go and tell to Mayawati and Kejriwal first,0
facebook_corpus_msr_330886,"Asrar Nazir....I spoke witg many Turks. Apart from, we have social media. He imposed Islamic law in secular Turkey. Backed ISIS by using Turkey as a transit for joinees worldwide. He is also working hard to oppress and disappear opposition....Modi didn't make any of these.",0
facebook_corpus_msr_463482,"Many more happy returns of the day Bigbasket!
Proud to be the part of this celebration!",0
facebook_corpus_msr_356287,"मैं कहता हूँ मुझे एक वार permission दी जाये .
मैं इन साले पाकिस्तानियों के सार काट काट के   डेर लगा दूँ ...
मेरा खून उबालें मार रहा है ..

आप कैसे  नौजवान हो ....सिर्फ डोले शोले निकाल कर गुमने वाले ...

पेँचोद वो साले 2 4 कुत्ते पाकिस्तानी  
हमारे फौजीओ   के सार काट कर ले जाते हैं .
 आप भी  पेंचों बन जाओ आतंकी काट दो  साले पाकिस्तानियों को  ...
गुस  जाओ पकिस्तान मे  लहू लूहान कर दो  पकिस्तान का ..खून की नदियाँ बहा दो   ..
......",0
facebook_corpus_msr_1972707,I demand Padma Vibhushan for these Silver Surfers saved in TSuNamo,0
facebook_corpus_msr_2039515,U r  awesome,0
facebook_corpus_msr_418985,Good State developing by  Telugudesham  govt vision leadership by Chandrababu Naidu.,0
facebook_corpus_msr_1737138,He is not telling about aap he is telling about all party,0
facebook_corpus_msr_325793,Are we going to fight Pakistan on MEDIA channels only :-) what happened to MODI's 56 inch chest?,0
facebook_corpus_msr_326437,hi @sambit patra why india govt not taken any seviour action aignest pakistan....,0
facebook_corpus_msr_502957,why u r not supporting Rasilla's murder?.. Jishu suicide. Rasila is murdered   #RasilaRaju  #ExposeInfosys,0
facebook_corpus_msr_1614070,Superb movie,0
facebook_corpus_msr_502837,There is a bigger scam all over India in issuing DL and RTO office is most corrupt. Mostly the jurisdiction falls under state and central minister can do a little. However can some legislation come in controlling RTO?,0
facebook_corpus_msr_426733,"we have faith with jio, but network and data speed improvement is necessary",0
facebook_corpus_msr_483352,Did Tata group breach their own rules? I'm referring to the age bracket.,0
facebook_corpus_msr_453112,i cant trust bajaj people's sorry highly nt recommended..... :-@,0
facebook_corpus_msr_462514,Will the rate cut have any impact on the real estate sector? Do you see real estate stocks surge tomorrow?,0
facebook_corpus_msr_490135,How is long for Tata Motors? I am a student who wants to invest all my savings,0
facebook_corpus_msr_326315,I think pakistan is just instigating us to respond so that they can carry out the death sentence of kulbushan jadhav on a tit for tat basis.,0
facebook_corpus_msr_372062,"Online smart work part time , JOB WITHOUT INVESTMENT , NO REGISTRATION FEE , Monthly payment , No target , No age limit , Work from home , Don't miss this Golden opportunity , Limited vacancy available , Working 2 hours per day , For more information whats app us on +919084695747",0
facebook_corpus_msr_432013,BJP. Can make India has developed country pls   vote BJP,0
facebook_corpus_msr_488740,Lets hope Pakistan does not do any foolish moves for next 2-3 days or else nifty could go for correction,0
facebook_corpus_msr_461580,Respects to a lady who fought all odds even in her death..RIP🙏🙏🙏,0
facebook_corpus_msr_1775240,It is just a moral boost for Non BJP parties.,0
facebook_corpus_msr_465500,Without money n jobs from where do you start your life now.,0
facebook_corpus_msr_482154,Heloo mam kanchan tripathi from Delhi  pidilite industry 40 shares@ 719.00 weekly veiw,0
facebook_corpus_msr_1931138,News from Jansatta,0
facebook_corpus_msr_399589,Don't worry .Pakistan has no strength only serviving on cheap loan amount of China.,0
facebook_corpus_msr_429166,We should not be influenced by what the world does: Mukesh Ambani,0
facebook_corpus_msr_495575,U missed out telengana government cash reward for sakshi malik,0
facebook_corpus_msr_2051971,Pls correct the spell of Punjab,0
facebook_corpus_msr_506923,chewing gum channel of all market news-festive mood for the market,0
facebook_corpus_msr_2372513,The benchmark Sensex moved up nearly 27 points in early trade on Thursday.,0
facebook_corpus_msr_492204,Media needs experts of various objects for more transparent news!,0
facebook_corpus_msr_373924,BUT   MOODI JEE OR RAJANATH  SIR   CHAPU KINU.,0
facebook_corpus_msr_455104,Looks like bike is gonna be a boring one \,0
facebook_corpus_msr_490975,Inspirational person who seems to possess a gd heart and gd intentions.,0
facebook_corpus_msr_504823,72 applause and 6 standing ovations to our dynamic Prime Minister Mr Narendra Damodardaad Modi..by US Congress in their assembly at Washington DC.. ..Jai Hind..,0
facebook_corpus_msr_1798485,Babar Azam's fifty helps Pakistan edge closer to 200 against WI,0
facebook_corpus_msr_488688,Zen desk is still there in market Woow that's surprising,0
facebook_corpus_msr_480828,Hi Anuj Happy Diwali... I have sml Isuzu 1k @1425 pls suggest should I wait or...,0
facebook_corpus_msr_430042,great news for those who stock holds GVK since  as long.............,0
facebook_corpus_msr_327796,"In other words, Indian Army is saying Pakistani soldiers went across the LoC into Indian side, Mutilated the bodies of two Indian soldiers and came back while no one on the Indian side dared them engage. 
P.S: ISPR has rejected the fabricated claim by Indian Army...",0
facebook_corpus_msr_326425,"send VHP trained army with their captain,,,,they can deal it better",0
facebook_corpus_msr_498026,What happens if GST doesn't go through. Will it affect the whole market or only the logistics stocks?.,0
facebook_corpus_msr_436737,What about our own farmers? That means they don't work hard? Then why they are commit suicide? Japanese farmers are rich and famous and Indian farmers are lazy and Chinese & British farmers are feeding Indians.,0
facebook_corpus_msr_2041601,I support kangana,0
facebook_corpus_msr_1805509,S,0
facebook_corpus_msr_1737125,Where is the attack  here? Has IE gone insane ?,0
facebook_corpus_msr_456438,No competition with Royal Enfield. Absolutely different kind of bikes.,0
facebook_corpus_msr_332301,"He is here for business,their companies wants to invest in the construction industry but not been able to enter....",0
facebook_corpus_msr_1805123,"Anna Saab, why don't you too form a committee and probe ..?",0
facebook_corpus_msr_327860,"I hate all kinds of innocent killing whatever he he is hindu,cChristian or muslims but those are not innocent,they are also killer.",0
facebook_corpus_msr_221665,Even sheila dixit ji is very intelligent than rahul gandhi & kejriwal....,0
facebook_corpus_msr_491004,If tension between India pak escalate will it b negative to market,0
facebook_corpus_msr_1493809,I can see Ur. Pain... Desperate....,0
facebook_corpus_msr_1818419,Agreed . Check Hollywood movies and you will find the difference.,0
facebook_corpus_msr_461229,I think it's not true news. Could you please check as they wrote divided states of America.,0
facebook_corpus_msr_417853,Hdfc bank 1 lot @ 1448... should I hold ??,0
facebook_corpus_msr_327834,"Modiji, Please give up the ambition for Nobel Peace Prize and take proper action against Pak Atrocities to show you can do something staunch instead of brushing with chocolate creamed words.",0
facebook_corpus_msr_334916,He should contest for LS2019 from Gujarat or Maharashtra or UP. We'll know his credibility.,0
facebook_corpus_msr_2376362,Mi Mix EVO with Snapdragon 835 processor sounds good!,0
facebook_corpus_msr_420665,"same stuff was said about the PM....hold your horses friends, wait n watch. New CM will do a great job....else BJP cant come back",0
facebook_corpus_msr_334841,Then why Mamata started Duronto from WB? Did you ask her the same?!,0
facebook_corpus_msr_431145,Wat an explanations of saving money in a different  way... Awesome NAMO... Well done... Well planned and superb perspective.... Still to go we are along with u...,0
facebook_corpus_msr_1833406,Precisely...,0
facebook_corpus_msr_412725,Hi Sonia congrats. And wish you good luck for your baby,0
facebook_corpus_msr_325395,"So India is trying to say that Pakistan did a surgical strike and went back safely.

I smell some foul into it. India has a huge presence of army at the border. How come Pakistani army did surgical strike n Indian army had no knowledge of it. How Pakistani went back safely. 

It all happened at a time when Turkish President was advocating talks on Kashmir.... 

To me India has killed its own army personnel to blame Pakistan and prove Turkish president advocacy wrong. We have seen it in past as well especially at the time when Indian army massacred a Sikh village of Kashmir and blamed Pakistan for it. All this was done to get sympathy from US president Bill Clinton who came to advocate talks on Kashmir...!",0
facebook_corpus_msr_457347,Mr Agarwal if you are an investor how many decision or calls you will take in a year,0
facebook_corpus_msr_1945439,"Who started it 😀😀😀😀😀dawood, owasi are one side of coin, other side is yogi, prachi,etc😀😀😀😀😀😀.",0
facebook_corpus_msr_417315,Legal route can only be a review petition to the Supreme Court: Pawan Goenka,0
facebook_corpus_msr_413304,"Tibet, Xinjiang, Taiwan and south china sea should be topic of your political commentary not Indian Navy.",0
facebook_corpus_msr_395491,"�

 ♥PYTHON♥BOT♥TEAM♥

♪----» TAYYAB.GA «----♪

♥♡o. BOT OWNER 💢 TAYYAB KHAN 💢",0
facebook_corpus_msr_380725,Sir it is a humble request to u ..  pls we need justice..,0
facebook_corpus_msr_482843,I think market has support at 8544 (89day  ema),0
facebook_corpus_msr_431328,"But 1 thing.. whatever you say or think..
Sir Modi ji was very right. He is right  and he will     always be right",0
facebook_corpus_msr_1805309,Lokpal in amnesia.,0
facebook_corpus_msr_503538,It's better he has taken honorable exit and given chance to govt to save face,0
facebook_corpus_msr_488104,More steam for psu banks ?? How much can it move further ..?,0
facebook_corpus_msr_456331,Bajaj better have somebody keep an eye on the fans reaction here,0
facebook_corpus_msr_465089,"I dont see how.......... This governor is very different from the older ones, he seems to be very slow and dependant rather than new and rational",0
facebook_corpus_msr_431915,Being the Prime Minister can you tell what ever you like?,0
facebook_corpus_msr_437719,"Due to demonetisation,banks have recovered loans through old notes. This time bank npa will be less compare to previous qtrs.",0
facebook_corpus_msr_440780,Atleast they are putting efforts to get things done for india...not like other parties who only looted  india,0
facebook_corpus_msr_1818392,Bollywood should promote to make women centric films to stop objectifying female to strengthen the thought process of the youth and not just about body. It's a need to glorify many live examples there where a woman has lead the complete mass for the excellence to show she is no more less than a man but where she is less it's with a proper reason of nature. But fake feminism should also not rise.,0
facebook_corpus_msr_439614,How high broadband internet speed is? India still behind many countries.,0
facebook_corpus_msr_491045,Will tvs motor BMW tie up turn the tables for tvs motor,0
facebook_corpus_msr_399401,"But we openly accept wht about you where u r 100+ jehadis were killed by Indian surgical strike.
In our case we were claiming we did it n also all big country shown there support after knowledge from their satellite 
Here our gov saying yes but your army chief saying we didn't do anything n no other country accepting this happend this means our strategy of army want to take advantage of this to attack on. Can't u ppl use your brain.",0
facebook_corpus_msr_468983,Where is this market going?our prime minister  has demnonitised the currency and all of us..we are helplessly watching our hard-earned money going down the drain just because of him,0
facebook_corpus_msr_328139,"India Karega Pakistan ke G@nd Block 
Now say 😂🤣😂🤣 Thank you to NARENDRA MODI - Pakistan Banega Regestaan 
http://m.indiatoday.in/story/jammu-and-kashmir-hydropower-projects-sawalkote-plant-india-pakistan/1/905308.html",0
facebook_corpus_msr_1521699,Surej Suresh well said 👍,0
facebook_corpus_msr_412531,Its a very serious issue if government is planning to make aadhar identity mandatory,0
facebook_corpus_msr_469907,Should i invest lumsup money in large cap mutual fund now?,0
facebook_corpus_msr_2146058,"Earlier in the day, PM Modi attacked the BSP chief and said those who deposit wealth for themselves can never solve the problems of people.",0
facebook_corpus_msr_465690,We are using both way .....thx for ur valuable thinking CNBC ....let's see who enjoyed and will die,0
facebook_corpus_msr_490990,Soniya.. whats your expectation from today's FOMC meet? Hike is certainly not on cards but how do you expect yellen's commentary?,0
facebook_corpus_msr_506604,rural market  even if it earns it will not spend ...it is a conservative market of old india ...1950 -1980 ...so make sure your investments are made right .........,0
facebook_corpus_msr_456018,Mr. Bajaj spoke like a true businessman.......Volume...Volume....Volume.....but I feel it will fall short to be cult bike.,0
facebook_corpus_msr_2280154,Now your son in law won't be able to travel to Kuwait ? #Indianexpress.,0
facebook_corpus_msr_1401588,Good Job,0
facebook_corpus_msr_436960,Recent developments in political arenas in Panjab & UP indicating incoming of a highly politically populist General Budget in Feb'2017 (if EC allows) ✔,0
facebook_corpus_msr_322323,"8505050887#get_immediately_solution_for_your_all_problem_contact_now & whatsapp
Vashikaran, love marriage, love problem, family problem, husband wife problem, business problem, child problem
#solution_with_100% guarantee",0
facebook_corpus_msr_1710298,"Requirement for Part Time Internet Based Work
Easy Home Based Works Are Available No Registration Fees
Just Whatsapp+91 8409779696",0
facebook_corpus_msr_438638,best of the child labour ........award goes to cnbc tv 18...best use of young childrens as resources or promotional material,0
facebook_corpus_msr_397427,"Pak produces fear in the hearts of enemy, producing brave soldiers",0
facebook_corpus_msr_420446,no parking zone please ....where is the actual news blog ....blocked from viewing .....what is this govt of  india .....?,0
facebook_corpus_msr_414388,ALL THINGS SET UP...NOW A DRAMA OF CAPTURE..BAIL SANCTION..MONEY WILL TAKE CARE OF THE NEXT...,0
facebook_corpus_msr_327033,And microsoft sales expected to be double in few weeks,0
facebook_corpus_msr_443405,could you please forcast about  sterlite technolgies and adani ports,0
facebook_corpus_msr_1521815,I'm NOT saying don't eat pork. Please read my comment again :),0
facebook_corpus_msr_1614074,How many times did ew watch?  😃,0
facebook_corpus_msr_1614045,Shivagami asked kattappa to kill bahubali,0
facebook_corpus_msr_1979683,Aren't you a fan of her too?,0
facebook_corpus_msr_435062,"Metal stocks going up overtime , wats your view on it",0
facebook_corpus_msr_443146,All the Reporters and the TV news Anchors Journalists are superb knowledgeable and great questionnaires are being asked 👍👌,0
facebook_corpus_msr_429520,no rubbish they rip tourists off with their scams meru is best i will pay more haha,0
facebook_corpus_msr_1674438,No,0
facebook_corpus_msr_1614012,Film is not of actors..they are just character..Film is primarily of director..,0
facebook_corpus_msr_419387,Talking about maruti suzuki. Maruti is litterly useing indian consumers and offering such a bad quality. It has legacy but that doesnt meant the real thought of managment of responsible authorities that they can realy deliver to the end consumers. Bad experiance since 2014.  They should have word with dealers regarding the same..  realy bad.,0
facebook_corpus_msr_442961,"We are just ahead because of Brexit...else considering the standard of living, amenities by Govt, per capita income, interest rates, exchange rate...we are nowhere near to any top economy in this world...secondly GDP depends a lot on gross production n consumption which is bound to be more in India due to population factor hence driving GDP",0
facebook_corpus_msr_410240,You  deserve it Bangledesh.... We Get new cricket partnersss,0
facebook_corpus_msr_427900,Can we Buy CADILAHC at current level after today news ?,0
facebook_corpus_msr_505552,"Those who wish to see another opportunity will see another Bus, but those who don't will not see another Bus because they are busy regretting missing first one....",0
facebook_corpus_msr_1674411,Hiiii,0
facebook_corpus_msr_409230,Guys Please help me to promote this page...Like this @ India Property,0
facebook_corpus_msr_423175,Price of Racemo will be announced during the commercial launch: Tata Motors MD,0
facebook_corpus_msr_1922851,awesome.. :-D,0
facebook_corpus_msr_463120,"It's not sight, it's vision which no one has in media. Continue doing this job to get your monthly pay cheques.",0
facebook_corpus_msr_422670,how to make idiots ...just praise them .......ha ha ha,0
facebook_corpus_msr_334522,Sandeep Bhardwaj What you miss out are the changes brought out in the original draft of GST for acceptance by all party. Congress was trying to shove it down the throats their draft proposal without discussion.,0
facebook_corpus_msr_468218,"Khan market is 1250/- psft , not 11,250/-psft as mention in your video ..",0
facebook_corpus_msr_326445,Just condemn won't hit them back Sir... Go for another surgical strike at the middle of Lahore,0
facebook_corpus_msr_498144,"kabali clinic opened to treat those have kabali fever --kabali pill , five times daily ..normal oral 97.6-99.6  normal temperature -98.6 -100.6-age group -11 to 65 years .........kabali mania",0
facebook_corpus_msr_1805728,is he still alive...:):),0
facebook_corpus_msr_480743,Hie anuj ur cal on market for tom cn b this bottom n cn v make new high if clinton cuma,0
facebook_corpus_msr_465965,this is called news councelling for those who feel they have lost the dragon power ..here our special oracle visitng the land of sparta,0
facebook_corpus_msr_417006,"This is for a hotel and they charge $50 a day for a pod not including tax. Are you thinking of parts for homeless people, good luck because they'll cost a lot of money to clean it, sterilize it, and maintain it. Not to say because it would cost them a lot of money run it. It would just defeat the purpose. But I like how you think. That is very thoughtful of you to care for the homeless.",0
facebook_corpus_msr_421097,Wat will be the target of Nbcc and lnt finance by May 2017 ?,0
facebook_corpus_msr_417607,If this News is true I m more den happy,0
facebook_corpus_msr_472881,No need of 2000 currency....lets play on 100 and 50...lets see how govt.will work,0
facebook_corpus_msr_403341,Cowerd randian bokhe nangy army attack karne c pehli khana daiker baijna,0
facebook_corpus_msr_424739,we are in railway station ...wave the green flag sherin .......,0
facebook_corpus_msr_483429,"Suhel Seth! To the Point! 
PLEASE don NOT make out too many stories out of this decision, which must have been well thought!",0
facebook_corpus_msr_411725,Nice Initiative Sir..I don't understand why doctors are targeted in each matter..,0
facebook_corpus_msr_414458,FROM ONE COMPANY TO SIXTY COMPANIES> NO APPRECIATION>BAD LUCK. FALL WILL GET UNIVERSAL APPRECAITION !!!!!!!!!,0
facebook_corpus_msr_1854942,Hi,0
facebook_corpus_msr_2115222,Come on. We will Bounce back. Come on Virat and Co. BEST OF LUCK GUYS. 👍👍👍❤❤,0
facebook_corpus_msr_490979,Views on Welspun India? Do we need to wait till Wimbledon next year for the stock to surge?,0
facebook_corpus_msr_394779,"The Indian Voice
MENU
A Baloch Activist Asked Shahrukh Khan For Support On Issue of Pak Atrcoties!! What SRK Did Next Will Make You hate Him Even More

A few hours ago, prominent Indian superstar Shah Rukh Khan displayed his tolerance widely on Twitter. He blocked a prominent Baluchistan leader Dr. Mahmud Baloch from following him on Twitter. The reason was simple – he had directed a few tweets towards Shah Rukh Khan asking his support to the blazing Baloch issue in Pakistan.

However, instead of helping or simply ignoring him, SRK – as he is famously known as – chose to put a full stop to him on his virtual media.

http://theindianvoice.com/a-baloch-activist-asked-srk-for-support-on-issue-of-pak-atrcoties/",0
facebook_corpus_msr_423128,Hey Anuj ! Pls share your views on Tyre Stocks,0
facebook_corpus_msr_1945603,he is a choosen by public not by goons.,0
facebook_corpus_msr_1919938,"Last election
EVM gave 78.36% Vote for BJP.

UP election",0
facebook_corpus_msr_323739,Love the way she carries her dress in attitude ..Priyanka rocks!! <3,0
facebook_corpus_msr_466011,Discussion is being held on Cash Flow repercussions and reviews by MOF. Let's await.,0
facebook_corpus_msr_480437,I am weak @ maths in my family plz don't irritate me,0
facebook_corpus_msr_1805316,Not agreed with Anna,0
facebook_corpus_msr_418370,If hdfcbank give 20%Cagr for next 10yrs it will be far bigger then JPMORGAN,0
facebook_corpus_msr_349626,"�

 ♥PYTHON♥BOT♥TEAM♥

♪----» TAYYAB-XD.TK «----♪

♥♡o. BOT OWNER 💢 TAYYAB KHAN 💢",0
facebook_corpus_msr_404383,"8505050887#get_immediately_solution_for_your_all_problem_contact_now & whatsapp
Vashikaran, love marriage, love problem, family problem, husband wife problem, business problem, child problem
#solution_with_100% guarantee",0
facebook_corpus_msr_423556,And some still desperately  wants to prove their hate for Modi !,0
facebook_corpus_msr_451858,Am a NS owner .. Bajaj bikes good only for 2years of purchase . Go for KTM,0
facebook_corpus_msr_464532,He does not want India develop he is only concern.  is,0
facebook_corpus_msr_2268149,"#ExpressFrontPage Fighting for a third term and versus first-time AAP, Akalis have back to the wall",0
facebook_corpus_msr_461424,Fdi will hamper very badly according to the current market situation..,0
facebook_corpus_msr_2242057,I have high hopes let's see how it turns out,0
facebook_corpus_msr_507151,"Statistics of phone freedom251.

291rs per phone. (251+40rs shipping)
x 6L order per second
= 17.46 cr

It was taking order till 12.15pm approx
I.e 6 hrs and 15 min which is 22,500 seconds

17.46 cr per sec x 22,500 sec
= 3,92,850 cr

3,88,494 cr was turnover of reliance industries in year 2014-15

That means within 6 hrs  15min they crossed turnover of reliance

Within 6 second tax audit become applicable to that company

And if we calculate interest on the said amount per day

3,92,850 cr x 4% x 1/365 (by taking minimum interest rate)
= 43.05 cr

And if after 4 months they will say we are unable to give product and refund 291rs to everyone
43.05 cr x 120 days approx
= 5,166 cr 
They will earn within 4 months by way of interest

Now you will say about their promotion cost

Deduct 50L,1 cr, 5 cr or even 50 cr, that will not make much difference to the figure",0
facebook_corpus_msr_454050,Wow price was quiet good but will c performance show it worth for it,0
facebook_corpus_msr_2175515,Check with the census if both father and son are included,0
facebook_corpus_msr_438133,"Can bank nifty move 400 points more, any side ?",0
facebook_corpus_msr_382934,"DIGITAL INDIA PART TIME JOB. 
Free earn money from android mobile without any investment multi level networking work daily 2 hours per day earn Rs 15000 to 50000 monthly, life changing opportunity. Install CHAMPCASH app from the google play store, open and register it, put the reffer id of sponsor 13083581. Note down this id(13083581)on the paper. Complete the challeng and activate your champcash account.
SPONSOR ID:- 13083581.",0
facebook_corpus_msr_420697,It will be beneficial for the Congress in India .,0
facebook_corpus_msr_327872,"i am surprised no one has resigned yet , so many attacks in just last few years and NOONE has resigned !!! And if this was UPA time choicest of abuses will be directed against Manmohan and Congress !! Why Modi silent now ?",0
facebook_corpus_msr_400209,"Pak Army intruded into Indian terrirtory, killed indian soldiers, had some laugh cup of tea with biscuits, mutilated their bodies and went back to their barracks, now tell me while this all rubbish was happening what were indian border forces doing watching mia khalifa and sunny leone?",0
facebook_corpus_msr_430428,"Founders may be concerned about leadership of Infosys board, says Kiran Mazumdar Shaw.
https://youtu.be/IhJTsAcv9-A",0
facebook_corpus_msr_429490,DON'T HAVE ANY OTHER JOB REPLYING TO MY COMMENT..GO FOR WOK,0
facebook_corpus_msr_334272,"Not 2000, it's 5000,
Official report 2000
But 
Unofficial Killed & missing 5000",0
facebook_corpus_msr_496108,If sonia say's to invest in market i L sell my gold & silver and invest for at least 20 years,0
facebook_corpus_msr_327943,If bodies are mutilated according to the your version then pak army went into your territory and it's called #Realsurgicalstrike,0
facebook_corpus_msr_415687,Why NBFC are correcting? Any bad news in it? Views pls,0
facebook_corpus_msr_2159106,So nice and mindblowing,0
facebook_corpus_msr_325965,#BJP turns all attention towards religion to hide their failures,0
facebook_corpus_msr_470302,Well done modi your planing has impacted people having black money but created more impact on common man... Cheers to u,0
facebook_corpus_msr_496802,"Just remember ""everything is not fair in love and war "" . Be it love or war , sometimes even losing is not a bad option . Winning by any method is like ""victory without honour "".",0
facebook_corpus_msr_1805304,"Anna hazare .. take rest.... Stay at home... Relax
..",0
facebook_corpus_msr_470178,Govt is also looking confused by changing its position on daily basis! Can change old notes Amt Rs 4000 then Rs 4500 and now Rs 2000,0
facebook_corpus_msr_1563576,"Enlish is NOT the official language of the United States, nor will it ever be. Puerto Ricans are Americans,.their first language is Spanish, and we have indigenous languages etc. The United States is NOT Israel. We have different laws and needs. We are certainly not a so-called ""Christian"" nation nor have we ever been. . You should read more.",0
facebook_corpus_msr_483382,I am looking at being the next Chairman Mr Ratan !,0
facebook_corpus_msr_410048,"why india tv is silent on big fish..like sachin n otehrs who cluld not make centuries in australia, uk but made with bangla desh n small countries etc...All Honest Citizens,Media plz help Members of Rail Vihar SehkariAvas Samiti Ltd,Loni,Ghaziabad to get back their n Exchequer Revenue /Funds of Rs200Crores cheated,siphoned, Misaprropriated etc in Land scam sicne yr 1982 till2012 by Few Corrupt Ofifcers,staffs Mostly from Railway Board,Ministry of Railways,Rail Bhavan,New Delhin NDMC staff R.L.RAHEJA Who is there as Secretary without any Fair,Transparent,Fool Proof communications, for AGMs,Elections n has not shown any transparency in mainting reocrds, hided all informations,including expenses detials of Office Bearers,MC Memebrs in past 30 yrs.
Did not inform to 95% memebrs in the past for AGMs,Elections dates, Election process etc n are forcibly occupying office of RVSAS Ltd by Bribing to the Corrupt Officers of UP Avas Evam Vikas Parishad co-operative officers in Ghaziaabd n Lucknow,Police also in Delhin Ghaziaabd, as office kept in Delhi delibrately to aovid any action frm Ghaziaabd SSP,N Delhi Police
Vasudev Sharma -DyDirector in Railway Boardn Brahma Bhatnagar working under VD Sharma with Darshan Lal Kundra,MP.Vasudev,D.D.Singh, Devmani-former director -vigilence inRailway Board,Rajiv Gupta- former Director now Executive Director in Shimla-HP with Railways, Officers ,CP Kwatra,Anil Singh vigilence deptt room no -09n other 50 persons used over 40 room sswith light, stationeries of Minsitry of Railways for 30 yrs n made Billions  Rs by projecting Rail Vihar Sehkari Avas Samiti Ltd as Govt owned Housing society n kepton taking monies in the name of making payment to GDA-Ghaziaabd  Rs28lacs for getting CC in yr 1994 n tehre after but no money deposited with GDA till date. DM/Collector,SSP,SHO-Loni havedelyed FIR REGISTRATION Despite two Justices Bench of Hon'ble Supreme Court had given clear orders/ Directions vide their orders published in timesof India delhi paper dt15-10-2006 page 13 zerox copies provided to SSP,DM/Collector,SHO Loni,Ghaziaabd on 07th Feby,11th Feby,20th March'2012 n then reminded over 100 times thru emails, ahrd copies afed on04-04-12 to DM-Ghaziabad n thru SMS to DM/Collector ,SSP at their mobile no-08527240100, 09454400274 over50 timesn to DGP ,ADG,IGCrime-UP also but no action, CM -UP also remidned over 50 times thru emails frm Nov'11
suresh pawar is most corrupt co-operative officer housing in UP AVAS EVAM VIAKS PARISHAD AT Vasundhara complex, sector16 vasundhara, ghaziabad n has made Millions Rs Bribe monies frm over 1000 co-operative hosuing societies shwoing lossesn Exchequer Revenue lossesof Billions Rs in past 50 yrs with the help of corrupt co-operative officers, commissioners, jt/asstt. commissioner siphoned, looted thks del m 9873465894",0
facebook_corpus_msr_484276,"It's not about competing it's about dominating. Make your products like Apple, so that other people copy your plastic and sell at low price 😎",0
facebook_corpus_msr_325394,"Speculations, you earn on this....
Lets not waste our time in those.

Instead just keep it like this if you have unconfirmed reports: the army has not disclosed anything on this matter, for strategic and security reasons.",0
facebook_corpus_msr_397497,pakistan produces only poop that china need ... ha ha😁😁😁😁😂😂,0
facebook_corpus_msr_451871,excellent launch considering they are now focussing on south american market.,0
facebook_corpus_msr_1490580,Its good that this nonsense goes on till the time they pass on some evidence and courts take these politicians to task.,0
facebook_corpus_msr_451508,And Anuj please don't get rid of your wife for Bajaj Dominar😝😝😝,0
facebook_corpus_msr_1391509,congratulates,0
facebook_corpus_msr_748211,Gd joke,0
facebook_corpus_msr_441452,"What is going on in Infosys, Midcap IT is marching ahead why Infosys is lagging behind.",0
facebook_corpus_msr_397863,How come body mutilated ...?? Something wrong somewhere ?? Not correct puc,0
facebook_corpus_msr_423216,So Ratan Tata asking CorpEmployes to Drive Fast & Do Accidents 😂😂😂😂😂😄😄😄,0
facebook_corpus_msr_426212,Reasonable that we will have to triple airport capacity in 10-15 yrs: Jayant Sinha,0
facebook_corpus_msr_2041579,Leaving the industry should be her decision not others business.,0
facebook_corpus_msr_495498,4 crores n 11 crores...m jst wondering here how many poor people can eat with just one crore...hmmm🙈🙊🙊,0
facebook_corpus_msr_436494,Shame on these people for disregarding honourable supreme court verdict.,0
facebook_corpus_msr_1710264,"Are you sure rahul.whether i am misinterpret or forget.it was around year 2000's when i read a article about him stating he is illiterate but successfully manage to profit indian railways up to 16000crore. This acchievement is the best since 1947.can you tell me what is his degree title is,please?",0
facebook_corpus_msr_2288718,"#ExpressFrontPage According to Economic Survey, net out-of-state flows of migrant labourers peaked at almost 9.4 million in 2013-14, before falling to 9.1 million in 2014-15 and just over 8.4 million in 2015-16.",0
facebook_corpus_msr_420825,Is it an advertisement or some sort of news ?,0
facebook_corpus_msr_397992,"Airtel is looting its customers,its true.Quality of service has also gone down.",0
facebook_corpus_msr_495467,Dipa Karmakar should hv also got d same appreciation as she was d 1st gymnast to represent India in d finals in Olympics.....but sadly no one stood fr her,0
facebook_corpus_msr_451511,Infosys is fairly valued...doesn't look like a good buy in short term,0
facebook_corpus_msr_457179,Will kpr mill can go above its buy back price of 660,0
facebook_corpus_msr_1805260,Seriously?,0
facebook_corpus_msr_372187,"Sagun go ahead,let him to do sadi,wt will u do with that.",0
facebook_corpus_msr_2405046,Shocking.,0
facebook_corpus_msr_1510571,God bless this couple,0
facebook_corpus_msr_472914,Very Good and Daring Decision Sir.. Hats off to NDA..,0
facebook_corpus_msr_433718,"Sir,  please exempt  IT DEDUCTION from pensioners. They are incurring 50 percent PENSION for medical expenses.  With the balance amount , they are struggling for food etc. This is real.",0
facebook_corpus_msr_2039507,mr parminder whom u refer to here in your comment,0
facebook_corpus_msr_487702,Nice to see you with the assignment ! All the best Wishes..,0
facebook_corpus_msr_412537,read the same quote -2 years back  ......brany  let have beer  man .........refresh the summer with carlberg beer in virgin airlines,0
facebook_corpus_msr_233705,Why should not shoulders blast the are where these piglet acumen Naxals live.,0
facebook_corpus_msr_505706,"50000 merceds benz sold , audi -50000 sold /year  ------> what do you mean , what is v.a.t -value added tax ---every indian pay the tax , sevice tax , excise, octroi .....is also taxaxble revenue for the govt payed cncb tv 18 ....",0
facebook_corpus_msr_1827829,Kirushanth Rajiv K Saransh Umale V.Siva Sai Krishna Jalikattu spreading across world 8),0
facebook_corpus_msr_1692582,Any sensible person will vote for #AAP only.,0
facebook_corpus_msr_495415,"Superrr!! now all should work hard for Olympic medals day & night, Full life settlement!!! really Great motivation baba... why IIT, Medical, engineering, LLB CLAT Just run behind Sports for 4 years work hard",0
facebook_corpus_msr_1791674,#ENTERTAINMENT: Share your thoughts on #HalfGirlfriend trailer.,0
facebook_corpus_msr_482737,the time is so odd for office goers...can it be watched live somewhere?,0
facebook_corpus_msr_1833405,Protecting Humans is Gods work...,0
facebook_corpus_msr_331208,"So its alright to lynch people for ""alleged"" stealing of cows whether Hindu or Muslim? What's wrong with you?",0
facebook_corpus_msr_461222,Cheating is everywhere..Modi is far ahead..how he has been declared,0
facebook_corpus_msr_332713,Slow speed.. If high speed he can't hold phone recorded while driving..Wrong lane is the only mistake.,0
facebook_corpus_msr_425107,Sir Can I go for future consumer for next 3 year,0
facebook_corpus_msr_418720,PNB and Sbi ; are they heating for new highs,0
facebook_corpus_msr_2175500,Devavrat Rana I haven't been disrespectful in the slightest.:),0
facebook_corpus_msr_415622,Please Tell me Some Multibagger IDEA Midcap Small Cap Company Name,0
facebook_corpus_msr_334479,"Talking of development, have u heard of the Human Development Index (HDI). An composite index indicating general quality of life. Guess what West Bengal which as per u is doomed, has score of 0.509 vis-a-vis the Gujarat, the cradle of Narendra Modi's development model, which scores 0.527. Now compare that to Indian avg. of 0.624.",0
facebook_corpus_msr_1805723,Yes,0
facebook_corpus_msr_443438,Give some multibagger tips for 2017? From the smallcap space.,0
facebook_corpus_msr_2041569,By her hard work and talent Kangana made her place in Bollywood who is this dude to tell her to leave Shame,0
facebook_corpus_msr_1972726,Simple. Dynasty.,0
facebook_corpus_msr_431212,You are lucky that you are in India disrespecting our pm and still safe,0
facebook_corpus_msr_469909,Bank nifty ended in red.. But 19200 put was down by 30 percent. Why is it so?,0
facebook_corpus_msr_461418,"Sonia I am holding Rel cap 430, please suggest what  to do",0
facebook_corpus_msr_438115,Just asking in Curiosity In upcoming days if any political party in PUNJAB announces LIQUORS Banned then which stocks can get hammered?,0
facebook_corpus_msr_399640,"What indian can do Now????
They can dream & Type bombastic comment to hide from Shame,
Good Continue Bakistanis Enjoys it much 😁😂😂",0
facebook_corpus_msr_461573,"I am from pak waziristan .,..... jey lalita is very gaert lidor in india",0
facebook_corpus_msr_1487719,Thanxxxxx ***,0
facebook_corpus_msr_323797,Mahatma gandhi could have made 1000 dhotis out of it,0
facebook_corpus_msr_221645,Great no one celebrating victory for paying condolences of Sukma martyr,0
facebook_corpus_msr_470967,Any suggestions on banking stocks for next 2-3 months considering increased bank deposits,0
facebook_corpus_msr_492565,Once again bjp has installed its puppet drive in the economy for the capitalists,0
facebook_corpus_msr_443012,I guess I will take  long vacation til January,0
facebook_corpus_msr_330986,"Bikram Bohra ur likeness for Riya sen still intact? 

Suraj Chowrasia",0
facebook_corpus_msr_414377,"Awesome Pic

----▶CNBC-TV18

😎 Bot By 👤Vikas Das

♨ BotBoss,Top 🔛 Server 2",0
facebook_corpus_msr_461001,Market is going with low volumes and going down with large volumes . Is strong hand trapping weak hand at upper price?,0
facebook_corpus_msr_1763626,"Gandhi Killer Ram (Nathu) Temple in India......

Big Shame 4 India........",0
facebook_corpus_msr_1805348,Anna is very Chokanna,0
facebook_corpus_msr_487794,why is the girl standing on the table behind you?,0
facebook_corpus_msr_461563,"We are proud for Jayalalithaa,India loss great humanity,and powerful women..",0
facebook_corpus_msr_2203266,yes much can be said on both the sides.,0
facebook_corpus_msr_334900,"Yech ....got half century
 (51 votes only) at dmc results...
He should remain satisfied",0
facebook_corpus_msr_1737149,AAP. 1000 KISS TO YOU.,0
facebook_corpus_msr_413292,What a good economy can do if India can't protect itself from notorious Chinese ....one war and all the economy will be air as most of the money comes from foreign investors. India need to show its strength to the world so that no one dare to think of attacking India..,0
facebook_corpus_msr_1490581,"Somebody received money, clearly. For what purpose, anybody can guess. 😂",0
facebook_corpus_msr_507451,Sure Punam Chavan i follow CNBC-TV18 its on my timeline hhahhahhaha phone pe we'll chat ;),0
facebook_corpus_msr_2111393,So what ? I love RSS.,0
facebook_corpus_msr_378956,We need  action not only talk ... we respect  modiji if government  don't take any action we all Indian never  ever respect  you .show them  our chalaba modiji,0
facebook_corpus_msr_337000,Give any Khan 9000 plus screen and see the magic :D,0
facebook_corpus_msr_429176,1) Find a problem and then find a solution and if the solution helps the society..great.,0
facebook_corpus_msr_470192,I can bt wht abt people who dnt own a debit or credit card?,0
facebook_corpus_msr_470314,Why are nobody talking about how terror financiers are bamboozled? It's politicians and persons with unaccounted money   who are bitterly crying and trying to fire from the shoulders of inconvenienced poor.,0
facebook_corpus_msr_421455,The day will come when we hit the 40 kms/day of road construction target: Nitin Gadkari,0
facebook_corpus_msr_437725,"Hi! Sonia , pls let me know when can we expect the pharma underperformance to stop . ITS BEEN more than a year now .",0
facebook_corpus_msr_421289,Sonia as laggard are catching up and TATA MOTORS JLR new launches like FPACE & RANGE RIVER SUV are stunner & r making the buzz is it time to buy TATA MOTOR?,0
facebook_corpus_msr_334897,You won't be missed for sure!! There would be a lot less hypocrisy once you are gone!!,0
facebook_corpus_msr_421250,"Cess on tobacco & manufactured tobacco substitutes, including tobacco products capped at 290% ad valorem",0
facebook_corpus_msr_461571,"Who said u are alone. Entire media, other state ppl are calling you as Amma. We are all ur family",0
facebook_corpus_msr_481624,Thankyou Dear Archana for your greatest awards of Journalism.Me and all family members send best wishes and blessings.,0
facebook_corpus_msr_463389,sorry whatever the features...wont go for chinese products in any case..,0
facebook_corpus_msr_397859,"this is called real surgical strike along with proofs.
and every thing is fair in love and war.",0
facebook_corpus_msr_1805443,Yes sir u were,0
facebook_corpus_msr_507145,I wish that I could have speak in English like you Mam....... :),0
facebook_corpus_msr_495459,I don't know why they are even getting this kind of money sportspeople are overrated India should spend this money for poors and army,0
facebook_corpus_msr_482026,Haĺlo shobana wen are u coming bk 2 Uganda we are missing u,0
facebook_corpus_msr_2351910,"Rest of India fought back well after conceding a 132-run first innings lead to Gujarat, but the Ranji champions maintained the upper hand at the end of the Day 3.",0
facebook_corpus_msr_413293,"Chinese media should rename themselves as advisors to the world. Ever since Modi has assumed office  China is feeling uneasy. Border roads, helipads and defence procurement nothing is going down  well with China. Objections or not India under Modi will continue yo strengthen our Forces.",0
facebook_corpus_msr_395549,"He also noted that the how the Congress-Samajwadi-Communist political streams, despite their ideological differences, have always been different from the ‘divisive and communal approach of BJP and Sangh’.",0
facebook_corpus_msr_488099,I have a lot of vedanta and bharat financial shall I continue to with these stocks,0
facebook_corpus_msr_483432,"Very surprising. Looking to Tata's track record, one should wait till the details to come out before reaching to any conclusions.",0
facebook_corpus_msr_1932344,State associations are yet to sign the tripartite agreement with the BCCI and the IPL franchises,0
facebook_corpus_msr_429710,"You can ditch anything on earth, but not God and his justice.  At last justice prevailed.",0
facebook_corpus_msr_506294,"MR. RAJAN, PLEASE GIVE ME 10000 CRORES AND THEN KEEP YOUR MOUTH SHUT. I WANT TO BE A BIG DEFAULTER",0
facebook_corpus_msr_334279,"Mayur Jain  we Indians are very innocent we do forget past very quickly, yes in current scenario I can only trust S.C but most Gujarat people knows that our great PM and Amit shah played big roll in gujarat riots. Even Supreme Court also mentioned in ther report. But as usual nothing happnd.",0
facebook_corpus_msr_411588,June Bank nifty is trading at a discount to Spot for about a week now... Why is this??,0
facebook_corpus_msr_355587,"DIGITAL INDIA JOB Earn money with your smartphone work daily 2 hours per day earn rs 500 to 600 daily life changing opportunity type ""JOIN"" & send to my whatsapp number 09464061516",0
facebook_corpus_msr_451829,The CNBC camera guy isn't live streaming from the event,0
facebook_corpus_msr_1614028,Totally agreed,0
facebook_corpus_msr_1521769,Vivek Namdeo why don't you go and ask mr. modi who compared our Kerala to Somalia...😏😏😏,0
facebook_corpus_msr_420987,comedy guy... then what the hell you did when you screw BJP with only one number,0
facebook_corpus_msr_427958,Icici bank y not participating???bank nifty pull down by psu? Y,0
facebook_corpus_msr_470170,Tell us some way to exchange the money 😃 those has become only papers which are of no use. Even no one can buy gold since government is monitoring that too. This is why all the political parties are crying because they didn't get any tip to save their black money for next election 😄,0
facebook_corpus_msr_464063,Thanks but what about the politicians   Big industrialist etc.  why target poor people needs to give explain. First check on them,0
facebook_corpus_msr_429395,In the next 20 years humankind can achieve much more than it has in the last 300 years: Mukesh Ambani,0
facebook_corpus_msr_439589,Sapna & sundar gre8t initiatives for India to go digital,0
facebook_corpus_msr_2111266,"To understand the ideology of the RSS, one needs to have a big brain n must be able to use it",0
facebook_corpus_msr_325805,"Go hell in diplomacy,a more strong and secret action should be taken",0
facebook_corpus_msr_452200,They got resources from Spain I believe ...so utilizing at fullest,0
facebook_corpus_msr_483626,"Who is Mr Suhail Seth to comment upon it,  I mean he is from advertising agency and he should do his work. I dont think he is the right person to be called to comment in this matter.",0
facebook_corpus_msr_443008,"chinese daily -""1975""
------------------------------
japan was the biggest risk for the global economy --news of china during 1975 ..........

leaders never follow -addidas advertisement",0
facebook_corpus_msr_434444,These guys should be fired when there Analysis fails twice or thrice,0
facebook_corpus_msr_332289,PM Narendra Modi is man of wisdom and civilized leader.,0
facebook_corpus_msr_401666,"Attention: Indians have launched a False Flag ⛳️ Operations . 

They claimed that Pakistani forces infiltrated the LOC killed and mutilated bodies of two BSF jawans . 

The claimed location is not just heavily mined and fenced but has been under constant Indian Army surveillance citing attempted infiltration by Kashmiri Militants . 

It's obviously an attempt to sway the international community away from the atrocities committed by Indian Occupation Forces on Unarmed Kashmiris.

Previously the Drama was done to fool Indian population for UP Election this time God know what they have in Mind but it's simply Evil and in the end people of India will suffer one way or the other.",0
facebook_corpus_msr_431998,No one is in India to compete with you sir.,0
facebook_corpus_msr_431327,we are Indian and we love to have Mr Modi ji as our PM.. Forever,0
facebook_corpus_msr_484387,J Kumar infra is doing very well since last month and has remained in circuit for most of the time wh,0
facebook_corpus_msr_461109,In other words they are unable to compete with Amazon.!,0
facebook_corpus_msr_439766,For further transparency menu prices must be inclusive of all taxes (MRP).,0
facebook_corpus_msr_325778,"This debate is not going to do any thing its just wastage of time India should take a very serious Action no Diplomatic talk or dodger only action thats what only Pakistan Needs. A strong reply should be given to Pakistan one since for all, thats what we Indian expect from our Govt. But our Govt. is just busy in issuing Idiotic statements in this regard.",0
facebook_corpus_msr_438051,good opening international market without stt and ctt great step.,0
facebook_corpus_msr_407645,Hope he now realise the pain he had given & bleeded India,0
facebook_corpus_msr_439661,Should we can buy sugar stock at this level if not then what is the good entry level,0
facebook_corpus_msr_1945588,Why so much importance to S Kunder. Who is She/He?,0
facebook_corpus_msr_2115218,It's ok we lost just 1 test match. We India will bounce back and win the series.,0
facebook_corpus_msr_323700,There's no harm in dressing the way you want but sweeping the floor! A big no,0
facebook_corpus_msr_2039512,Congratulation with thanks,0
facebook_corpus_msr_334402,"No Modi Wave is
Anti criminal
Anti Corruption
Anti Terrorist
Anti Mafias
Anti Trople Tallak
Amti umauthorised bitchrts
Anti scams
Anti black money",0
facebook_corpus_msr_414531,JP is answerable and responsible to deliver the flats already delayed by years. Govt. Action is required urgently.,0
facebook_corpus_msr_1804865,Siddharth Singh Tomar....U Nailed it Bro 👍,0
facebook_corpus_msr_423063,you can sell the stock if u hold it or sell for intraday basis....there indication for sell,0
facebook_corpus_msr_413532,"Working on mobile vans, tech to ensure door step delivery of petroleum pdts: HPCL CMD",0
facebook_corpus_msr_327802,"How come #Pakistan mutilated the bodies.. When as per initial reports by media 2 soldiers were injured.. Then they died 
You have to be dead to get mutilated.",0
facebook_corpus_msr_495448,this is fake post.. only cricketers and corrupt sorts officials earn so much.. im sure they only wrote this post after nearly killing our runner Jaisha by not even giving her water,0
facebook_corpus_msr_332314,"Get Turkey out from European union and white people aren't Muslims, they can be Christians, Jews and Hindus.",0
facebook_corpus_msr_330908,Its high time ..u should use ur 56 inch chest..how many soldiers will be killed in ur political games..war is the only option ..,0
facebook_corpus_msr_2111147,##Imran it is 4 U....And sickular mind people....,0
facebook_corpus_msr_461010,Anuj what about chemical stocks ? good sector to be in,0
facebook_corpus_msr_326310,.. our soldiers' sacrifice wont go into vain.... PM Sir Modiji.. We hope you do something these kind brutals wont happen again.. MARTYRS WISHED THAT THEIR SACRIFICES BE THE LAST AND EVERYONE LIVE IN PEACE...! AND ARE WE CHEATING THEM?,0
facebook_corpus_msr_470198,Come Clean BJP! Did u fight 2014election without black money.,0
facebook_corpus_msr_455841,"Internet is clearly saying that this 400cc dominos, i mean dominar cant go faster than 150 km/hour, where the 390 cc ktm can go faster than 175km/hour, and an enfield 500 can go faster than 150 km/hour.",0
facebook_corpus_msr_419920,"Let Govt stop the manufacturer, and the product and initiate the rules and regulations.. Until manufacturers of all sort of health related products are produced,, the users also will be there.. If alcohol and tobacco is stopped producing everything will stop automatically.. But it's not possible by any government..",0
facebook_corpus_msr_399663,Where  is mr feku where is 56 inch Seena,0
facebook_corpus_msr_484323,Good morning to dear daughter of Vishu. ..proud of you,0
facebook_corpus_msr_495495,Award well deserved for bringing glory to our country may u'll shine forever,0
facebook_corpus_msr_1763624,Who harrassed Kanshiram,0
facebook_corpus_msr_436496,Gopal Vicky I'm Indian n ur holding Supreme Court verdict for ransom by protest. U can appeal again in the court n wait for final decision.,0
facebook_corpus_msr_334331,"NDTV u stand accused of traitory .. During Uri attack
Does it make ny sense,?",0
facebook_corpus_msr_327920,A piece of advice to Indian posters replying to a post from members across the border. Pl check the profile of the Paki poster. A large number of them 70-80% are fake profiles. Ignore them. They are part of the 'cyber jihad' brigade raised by ISI. It may be the same person posting under multiple fake accounts.,0
facebook_corpus_msr_1521701,As much I know ...Onam and  vishu are the only 2 cultural festival of kerala....and none eat beef...not even fish or chicken or any other non veg items,0
facebook_corpus_msr_470969,where can the collapse of nifty end? any idea sir/madam,0
facebook_corpus_msr_1277509,Yes for RSS,0
facebook_corpus_msr_505177,I think cnbc shld tag dis meme to all real estate MDs.,0
facebook_corpus_msr_454929,How long is it gonna take to launch the dominor.,0
facebook_corpus_msr_473595,"Good or very good,this will be decided by the people who are supreme in democracy.Wait and see how dealers whether wholesale suppliers or retailers of day to day essentials for rich and common people will react.",0
facebook_corpus_msr_507029,All the best guys... Looking forward to following budget with you.,0
facebook_corpus_msr_443328,Good sense prevailed ?? Maybe he is interested in washing dirty linen in court......no one is interested,0
facebook_corpus_msr_397729,All Pakistani people are again in electronic  Indian journal. It's prove that they don't like their country rather merge with original country and stop killing both sides of army. Rather do on original criminal British people.,0
facebook_corpus_msr_427860,Sonia TESLA is going to enter in India this summer so can their be more consolidation in auto sectors in coming days &since M&M PV are already facing margin pressure will it sustain as MUSK must have few models for capturing mid mid segment ?,0
facebook_corpus_msr_1521961,Bro keralites eat a lot of beef... There they even sell on thelas and serve beef on green leaf...all mallus eat beef irrespective of their religion,0
facebook_corpus_msr_488093,What's your nifty outlook for the remaining part of the week??,0
facebook_corpus_msr_470739,"This is horrible at least respect this octogenarian , does it require to bring such a person to bank ? From this video what are we trying  to show the nation.",0
facebook_corpus_msr_332723,It's on.The highway we will never adhere to the traffic rules these are meant for others not applicable for those indulge in breaking the rules,0
facebook_corpus_msr_424832,View on Motilal Oswal financial long-term i have 1100 @ 508,0
facebook_corpus_msr_1521269,Why you drag instagram stuff in fb news page?🤔 No real news up your sleeves?🙄,0
facebook_corpus_msr_421387,Sonia Pls give your view on Tcs I am in short position in this script.??Should i exit??,0
facebook_corpus_msr_420914,Prakash Diwan Comemnts on Container Corporation of India (CONCUR) on Logistic Stocks .. Please,0
facebook_corpus_msr_1492995,This is sportsmanship,0
facebook_corpus_msr_503790,"south indian kitchen is the pure clinic --your food do not serve you energy , it takes your well being -so there is no need for Thyrocare's A Velumani's success mantra when kitchen is pure .....return of the dragon story",0
facebook_corpus_msr_334924,He is nothing but a naxalite in disguise of parliamentarian like bhadwa journos of RNDTV who ISI agents in disguise of journalist,0
facebook_corpus_msr_405342,"Home based work without investment

Work in your spare time and earn unlimited 

We have offices in every city of India 

Check last month Payment of 42lac 

Type JOIN and WhatsApp us on this no. 8698614666",0
facebook_corpus_msr_435342,See a lot more competition in banking industry going ahead: Shikha Sharma,0
facebook_corpus_msr_470285,Modi took a great decision. This is not a small task.,0
facebook_corpus_msr_325937,Superpower Pakistan.. you guys dont know just because of your one sided media..,0
facebook_corpus_msr_495506,How bad would Michael Phelps feel about not representing india in these Olympics? 🤔,0
facebook_corpus_msr_325950,Appropriate response... appropriate to BJP bungling so on national security?,0
facebook_corpus_msr_1922805,U r right,0
facebook_corpus_msr_326337,STOP debating instantly and act. Dont insult Indians any further. Taking action is not some thing is not revenge.,0
facebook_corpus_msr_1972725,Only 7.unbelievable,0
facebook_corpus_msr_412645,Good evening sir ....... Brigade and A2Z infra hold or sale ?,0
facebook_corpus_msr_488247,studio  looks good nigel ..so you are seeing green shots may be,0
facebook_corpus_msr_417593,Rs 303 & above will give 3 month complimentary service,0
facebook_corpus_msr_466023,"No cribs, just face it and it's for some time.",0
facebook_corpus_msr_332912,"Please please go and watch, Bahubali producer need Rs.150 more to get 1000 crore. If you do not watch, he will hang him self",0
facebook_corpus_msr_404421,Earlier jennifer was also his everything.... actors ha ha ha,0
facebook_corpus_msr_423202,Good car but can be have good road to drive this 😂😂😂😂😂😂,0
facebook_corpus_msr_484748,He means to say that he has created many opportunities..!!😜👽,0
facebook_corpus_msr_470303,"After Demonitisation,  can the government give a clear quantum of black money that got into banking system and the quantum of black money that is either destroyed or converted into black money under new notes",0
facebook_corpus_msr_1805097,I think Anna ji should openly accept that he is bjp man and should join bjp.,0
facebook_corpus_msr_483441,It show clearly that(Don't try to change the system...System will change U),0
facebook_corpus_msr_1599827,Delhi: Car Catches Fire Near Rithala Metro Station,0
facebook_corpus_msr_417102,"Really bruh? Salty now, are we ? :P I  said nothing of that sort .. :\",0
facebook_corpus_msr_443142,Cyrus Investments & Sterling Investment Corporation file petition against trustees of Tata Trust & directors of Tata Sons,0
facebook_corpus_msr_2115241,Right,0
facebook_corpus_msr_485028,towmmr stock may fall ...short as much as u can,0
facebook_corpus_msr_463127,Now the bhakts will try to ban her on CNBC...,0
facebook_corpus_msr_2020280,Wow. He held such a high position in international organisations.... I thought education makes a person  better.,0
facebook_corpus_msr_331196,"These domain can buy at $8.,and any one can made website....",0
facebook_corpus_msr_420876,Jubilant life sciences has a very high PE.  Any view on fresh buys considering an investment?,0
facebook_corpus_msr_327888,This is a return gift from a Pakistan for the priceless gift that it denied. Maybe it's time Pakistan be invaded by China,0
facebook_corpus_msr_2280152,Good,0
facebook_corpus_msr_439528,Digital India will be transparent and we eliminate corruption and eradicate poverty and eliminate terrorist organizations network,0
facebook_corpus_msr_378943,My grandfather was also in in Indian army & my school friend is also in bsf at the post of sub inspector,0
facebook_corpus_msr_1805363,You should join bjp,0
facebook_corpus_msr_1563583,I mean I don't think I'd be able to practice satanism in a Christian nation 🤔,0
facebook_corpus_msr_462515,Hi Anuj according to you which stocks will reach levels like Infosys and Ril,0
facebook_corpus_msr_497191,During his tenure as RBI Governor his all policies failed / flopped ? so What at the end he is going to give ? better let the new Governor give his policies . CNBC TV 18 : Pls ask him  @ Why. he did not reduce the interest rates when cost of funds are 6 to 6.5% ? Banks are charging 9 to.10 % on Car loans and Home loans ? why not other borrowers? after this money with Banks belong to Public?  Why he keep funding Banks  when they show loss of funds in NPA ?,0
facebook_corpus_msr_411728,"Boss, me personally has involved with this dirty business with many doctors as a medical representative.",0
facebook_corpus_msr_420963,experts of what ...making samosa ......discover yourself ....that is the purpose of life ........,0
facebook_corpus_msr_330872,Why is he in Turkey? I'm surprised he even stepped in Turkey safely after all the attacks against Muslim minorities in India.,0
facebook_corpus_msr_488737,Guys also start commodity section ! Now options also coming. .! It would be great !,0
facebook_corpus_msr_1890577,nyc 1,0
facebook_corpus_msr_456116,next launch probably some Romeo Juliet shiz will go down!,0
facebook_corpus_msr_406161,What is the use of such report when no one is taking action,0
facebook_corpus_msr_1805269,My diminishing respect for Anna is ends today,0
facebook_corpus_msr_429174,But. Jio is good But....I wish That It would be more better if it singnal strength is good at Villages and Urban Areas??,0
facebook_corpus_msr_418976,please get an additional mic to Latha Venkatesh whilst talking to winners :),0
facebook_corpus_msr_1833345,"I grew up with respect for cow, I started understanding the its value too for its milk, for giving us the bullocks for our agriculture. Now I live in the west but has never eaten beef because I respect that Indian cow with which I grew, spent my childhood, my youth . Though today the cow in Punjab is only milking cow as the bullock are gone from our villages, tractors have replaced them but still the farmers respect cow. So I will request my Hindu brothers not to use force, killings Muslims to force them to respect cow, change their taste not to eat beef but turn to other type of meat, chicken, fish,  vegetation food, win them over with your argument not force, violence has never won & will not. India will be divided further with hate, violence, aggression. Learn lesson from our past history, if we divided others will rule us. I love India, it is my pride, it is my honour.",0
facebook_corpus_msr_424507,WHAT DOES MIDCAP STOCKS FALL IN LAST 20 MINUTES SIGNAL???,0
facebook_corpus_msr_506386,april 1 ..no cheating ... congrats ..cnbc tv 18 through cnbc ..,0
facebook_corpus_msr_491904,"coaches never learn , they only teach ....dell or hell ?",0
facebook_corpus_msr_421408,Set some clear cut time for this facebook live......  I don't want to miss that,0
facebook_corpus_msr_399637,Ow...Every Indian  must be proud ..Bcz Every Man of Pakistan Checks Indian Website to see what is going on....,0
facebook_corpus_msr_495554,Nly if 1/10th of this money could be given to the athletes before Olympics,0
facebook_corpus_msr_1613981,Yes bro,0
facebook_corpus_msr_1804820,Ahamed.... Rightly said.... Agree👌,0
facebook_corpus_msr_326313,"Two high profile fake stories
1- Pak enter India, killed Indian soldier and mutilate the bodies and came back unhurt while rest of Indian army was sleeping.
2- Ajmal kasaab manage to sail from Karachi to Mumbai in a boat while India strong navy was asleep and brutally killed people.",0
facebook_corpus_msr_1805649,Join BJP,0
facebook_corpus_msr_327626,I.also like ur mom and sister . What about that?,0
facebook_corpus_msr_331439,"What you should know about Turkey's President, Recap Tayyip Erdogan:

The Turkish economy between 2002 and 2012 caused a growth of 64% in real GDP and a 43% increase in GDP per capita.

Erdoğan inherited a debt of $23.5 billion to the IMF, which was reduced to $0.9 billion in 2012. He decided not to sign a new deal. Turkey's debt to the IMF was thus declared to be completely paid and he announced that the IMF could borrow from Turkey.

In 2010, five-year credit default swaps for Turkey's sovereign debt were trading at a record low of 1.17%, below those of nine EU member countries and Russia.

In 2002, the Turkish Central Bank had $26.5 billion in reserves. This amount reached $92.2 billion in 2011. During Erdoğan's leadership. Inflation fell from 32% to 9.0% in 2004.

Under Erdoğan's government, the number of airports in Turkey increased from 26 to 50.

Between 2002 and 2011, another 13500 km of expressway were built.

For the first time in Turkish history, high speed railway lines were constructed, and the country's high-speed train service began in 2009. In 8 years, 1076 km of railway were built and 5449 km of railway renewed.

Erdogan put greater investments into the healthcare system than any predecessor. As part of the reforms, the ""Green Card"" program, which provides free health benefits to the poor.

Erdoğan increased Education spending from 7.5 billion lira in 2002 to 34 billion lira in 2011, the highest share of the national budget given to one ministry and number of universities in Turkey nearly doubled, from 98 in 2002 to 186 in October 2012.

In 1996 1$=222 Lira and in 2016 1$=2.94 Lira, even after the recent turmoil. Indian fooled by Saffron gay gangsters government",0
facebook_corpus_msr_1732925,"#RCBvsRPS

Virat Kohli wins the toss and RCB will bowl first against RPS",0
facebook_corpus_msr_1805528,Devil maker is not less than the Devil.,0
facebook_corpus_msr_491136,"wats happening with sunpharma buyback?
wats happening with sunpharma?buyback?
wats happening with sunpharma?buyback?",0
facebook_corpus_msr_461162,"Guys beware Rs 9000/- stolen from my Paytm wallet, reason ""Withdrawn against dispute - wrongly credited"" and they are not crediting it back to my account inspire of several emails and phone calls",0
facebook_corpus_msr_490212,Will rate cut b a positive news for bank nifty ?,0
facebook_corpus_msr_1710320,Do you sprinkle too much salt?,0
facebook_corpus_msr_410707,"Great , We need such type of journalisme  §Great",0
facebook_corpus_msr_1614025,True women are the backbone of Indian society,0
facebook_corpus_msr_487742,RBI policy not taken in the right spirit by Market ; right ?,0
facebook_corpus_msr_490585,What about market is will go up or not plz tell,0
facebook_corpus_msr_457820,I am so proud of you Antoinette!!! You've done an amazing job in helping these children.,0
facebook_corpus_msr_417312,"The SC has not achieved the intended goals, as 50% of the inventory has been sold at discounts in the last 2 days. If the court intended to save the people from getting poisoned, it should have banned sale of the banned vehicles on 30th and 31st of March also. Very bad.",0
facebook_corpus_msr_2280083,"Callum Talbot A(Koran 2:62) ""Those who believe (in the Qur'an), and those who follow the Jewish (scriptures), and the Christians and the Sabians,- Any who believe in God and the Last Day, and work righteousness, shall have their reward with their Lord; on them shall be no fear, nor shall they grieve.""

(Koran 2:256) ""Let there be no Force in religion: Truth stands out clear from Error: whoever rejects evil and believes in God hath grasped the most trustworthy hand-hold, that never breaks. And God heareth and knoweth all things""

(Koran 4:19) O ye who believe! Ye are forbidden to inherit women against their will. Nor should ye treat them with harshness, that ye may Take away part of the dower ye have given them,-except where they have been guilty of open lewdness; on the contrary live with them on a footing of kindness and equity. If ye take a dislike to them it may be that ye dislike a thing, and God brings about through it a great deal of good""

(Koran 2:87) ""We gave Moses the Book and followed him up with a succession of messengers; We gave Jesus the son of Mary Clear (Signs) and strengthened him with the Holy Spirit. Is it that whenever there comes to you a messenger with what ye yourselves desire not, ye are puffed up with pride?- Some ye called impostors, and others ye slay!""

(Koran 3:45) O Mary! God giveth thee glad tidings of a Word from Him: his name will be Jesus Christ, the son of Mary, held in honour in this world and the Hereafter and of (the company of) those nearest to God.

(Koran 3:46) ""He shall speak to the people in childhood and in maturity. And Jesus Christ shall be (in the company) of the righteous.""

(Koran 49:13) ""O mankind! We created you from a single (pair) of a male and a female, and made you into nations and tribes, that ye may know each other (not that ye may despise (each other). Verily the most honoured of you in the sight of God is (he who is) the most righteous of you. And God has full knowledge and is well acquainted (with all things).""",0
facebook_corpus_msr_334475,Will u consider healthcare as part of developnent? Or rural roads or promoting education of women.,0
facebook_corpus_msr_455399,I feel sad for those who are sitting and waiting there😂,0
facebook_corpus_msr_413890,Hi anuj should i cut pizza into 6 or 8 pcs?...hahahaha....jst a joke apart that was a good one,0
facebook_corpus_msr_326361,Becouse Pakistan army and nation know how to treat and welcome ill people like......,0
facebook_corpus_msr_457458,anuj can you please talk about oriental bank of commerce ?,0
facebook_corpus_msr_406989,This is true Indian culture movie. I saute u S. S. rajamauli. Bolywood movie stories only pyar pyar.......  Everyone tired. Again I salute you,0
facebook_corpus_msr_332312,LONG LIVE TURKEY LONG LIVE HIS MAJESTY SULTAN TIYYAB ERUDOGAN,0
facebook_corpus_msr_426218,Don’t want aviation revolution to be impacted by lack of capacity: Ajay Singh,0
facebook_corpus_msr_420783,hahahahahahah...gormint..!! too good man.. next statement bhi to bol deta bhai.. :D though i differ from yr statement.,0
facebook_corpus_msr_1525103,"Opportunity is knocking the door for them Kashmiri. They need dual protection from terrorists inside and outside. Difficult for Army to carry on with biz of returning normalcy to the valley. Sleepers do pose a threat and until their manipulations are curtailed and deterred, the threat will always loom large.",0
facebook_corpus_msr_431253,Sure India will be super power if we have leader like modi only,0
facebook_corpus_msr_322446,"I am proud to see my mizo fellows doing thing like this,hope this is an example for other Indians.",0
facebook_corpus_msr_1763625,Rest in Peace.,0
facebook_corpus_msr_1737042,That's right the whole video was directed at Arvind Kejriwal!!,0
facebook_corpus_msr_438490,"Anuj Any idea on why "" NILKAMAL "" RISING ??",0
facebook_corpus_msr_493211,Please tell me will market fees ( mandi tax) subsum in gst or not?,0
facebook_corpus_msr_334292,Mayur Jain u really talking about trusting courts which country u live in third class third world third character and u r talking about trust,0
facebook_corpus_msr_1751826,"After losing two matches against PV Sindhu on the trot, Carolina Marin made a roaring comeback against her Indian rival in the Singapore Open quarter-final.",0
facebook_corpus_msr_417488,"WHY DON'T YOU LET THAT NO.1 ....""BREATHE""...FOR GOD'S SAKE....GIVING MORE ALTITUDES OF ""HOLDING BLACK""...!!!!!!! UHHHHH !!!!!!!",0
facebook_corpus_msr_2111346,Gospel in devil mouth haha,0
facebook_corpus_msr_401415,Bahi its so easy its 4time bigger country than ur Pakistan and there population will second largest population after china in Asia,0
facebook_corpus_msr_437016,'JUST 8 MEN OWN SAME WEALTH AS HALF OF THE WORLD ' -- OXFAM🌝✔,0
facebook_corpus_msr_429180,Great vision ! Real role model for young people . Simple man with a great mind .,0
facebook_corpus_msr_482798,What ur view on textile stock . Is its next Apple from india .,0
facebook_corpus_msr_457398,"So,r bears trapped now or still some left .. or major bigg left :p",0
facebook_corpus_msr_326320,The problem is that we are dealing with a barbaric army using jihadi tactics.,0
facebook_corpus_msr_349919,Although I am a supporter of Modi but this time Congress told the right thing..,0
facebook_corpus_msr_406076,"☕ Bot🐮 Powered🐹 By🐒 Prince😤 Fadii

🏨 See My Bot Speed 😽 India TV
♥ c h α υ δ h r ψ s 🌹 β ο τ τ ε r ♥
🏢 Saturday : 29 - April - 2017
🏨  Like Back♥ India TV
🏥 comment Late  38 detik :)
 🏪 Auto Comment By   Prince Fadii
 🏯 🔎 Baby-Bot.tk 💡",0
facebook_corpus_msr_423124,"Hello, Sonia,
I have yet not selling my stocks for llosses ast 18 month. What is problems?",0
facebook_corpus_msr_422335,It's good prices are going down ... will gold crash further ?,0
facebook_corpus_msr_327059,But his gates foundation is under watchlist  Hope the govt will stop scrutinizing their Funds to India.,0
facebook_corpus_msr_331430,Not the suporter His achievements in over 11 years as prime minister are equally impressive helped to found the Justice and Development (AK),0
facebook_corpus_msr_440776,"After 2019, Switzerland will provide real-time information on investments post 2018: FM",0
facebook_corpus_msr_415821,"Claridges and The Savoy ,the two famous London hotels ,have Gordon Ramsay restaurants.",0
facebook_corpus_msr_427858,Also Maruti... It saw good correction and today it has gone up smartly.. So do you see now in its way to make another new high,0
facebook_corpus_msr_482842,How does this 3 pm move play out on every single time? Are the markets so easily prone to manipulation?,0
facebook_corpus_msr_2045046,"#ExpressFrontPage The first such criminal prosecution has been filed against Mukesh Ruia, promoter of the listed Shekhawati Poly-Yarn Ltd on February 28.",0
facebook_corpus_msr_487587,Can we accept next Thursday to be good for bulls ?  After two days of NSE close.,0
facebook_corpus_msr_1805296,Ye Sahi hai... Good One!,0
facebook_corpus_msr_1521956,Beef is Animals not gods,0
facebook_corpus_msr_2111328,"Vijaya , Rice price is the problem in Kerala,  not RSS.",0
facebook_corpus_msr_415593,"sir i want buy berger , idfc bank ,ntpc , ambuja which one preffer",0
facebook_corpus_msr_1987970,So beautiful,0
facebook_corpus_msr_2202789,God created man and man judges the patriotism and loyalty who is patriot and loyal on God's creation and man is made slave of another man.,0
facebook_corpus_msr_394750,Its ok baba g . They will claim to kill 100 soon.. we dont get even a scratch by claiming of your army.,0
facebook_corpus_msr_472891,Modi ji salute to u...u r d best...let bad people say bad things about u...u keep on going modi ji...ignore those stupid. ..bad congress as well as other people bcoz dey are culprits and u are a real man modi ji...my vote always for u...BJP- bhartiya janta party- best janta party....👍,0
facebook_corpus_msr_397771,"A local commanders level hotline contact was established at Rawlakot- Poonch sector on LOC last night between Pakistan and Indian Army authorities. Indian counterpart was told that there has been no CFV from Pakistan side nor mutilation of Indian soldiers bodies. Indian authorities were told that there is unnecessary media hype following the allegations. Pakistan remains fully committed to maint peace and tranquillity along the LOC and expect same from other side and hope
prudence is exercised and no steps are taken that may lead to vitiating of environment and affect peace along LOC.
A Routine DGMO level hotline is also likely today.",0
facebook_corpus_msr_350509,Enough time has passed you have to take action otherwise public will go against you,0
facebook_corpus_msr_484396,Reema coul you please give view on Yes Bank ???,0
facebook_corpus_msr_491745,well said my boy .....gokhale ( political guru of gandhi),0
facebook_corpus_msr_470325,Brave man modi...taking hits from all sides..we r lucky to have  aleader like him,0
facebook_corpus_msr_495437,What about our soldiers....no organization comes forward to support our soldiers's family when they required most....It's really shame on those....,0
facebook_corpus_msr_421790,"Some TV channels are now swaying towards PM Modi / BJP.

However no channel except Zee has power to expose the truth hidden from public. Zee goodwill on the rise, watch out.",0
facebook_corpus_msr_431148,Well done modiji... Many of us wat we Discuss in our daily life with family  and frnds abt issues your making it happen.... Thank you.... It's good for our country... Go on.....,0
facebook_corpus_msr_406547,"🎃 Bot🐑 Powered🐺 By🎍 Prince😥 Fadii

🏨 See My Bot Speed  😽 India TV
♥ c h α υ δ h r ψ s 🌹 β ο τ τ ε r ♥
🏢 Saturday : 29 - April - 2017
🏨  Add Close Me♥ India TV
🏥 Comment Late  28 detik :)
 🏪 Auto Comment By   Prince Fadii
 🏯 🔎 Baby-Bot.tk 💡",0
facebook_corpus_msr_495701,"GOEL AND ALL STATE MINISTERS TO VISIT TOKYO EVERY MONTH TO STUDY THE CLIMATIC CONDITIONS, SURFACE AND ACCLIMATIZE THEMSELVES PROPERLY",0
facebook_corpus_msr_382935,"Part time online job without investment 
Most important job for Facebook expert 
Earn 15000-25000/-month 
Open play store 
Install champcash mony free app
Sign up with champcash 
Refer id-9044274
Install 7-8 apps in the champcash and start online work",0
facebook_corpus_msr_327931,India should carryout surgical strike in a  press conference.....easy beasy!!!,0
facebook_corpus_msr_1907037,It's DHULAGARH reaction,0
facebook_corpus_msr_1490599,people know well. ..,0
facebook_corpus_msr_2041624,Nice article...👍👌👍,0
facebook_corpus_msr_2250136,Congratulations !,0
facebook_corpus_msr_488738,Is rec worth buying at this price??? Can u please update on finolex industries.... How the stock would be for long term???,0
facebook_corpus_msr_419559,Anuj plzz let me know why price of delta corp is going up ?,0
facebook_corpus_msr_328117,"First, let every village and township has at least 6 toilets.",0
facebook_corpus_msr_417763,"means tougher for congress , easier for bjp ---this is what he means",0
facebook_corpus_msr_1805102,It is silly to drag Nehru's name into contemporary politics which is totally dirty.,0
facebook_corpus_msr_472892,"Media please stop these jokes, will you talk about npa waived off bz tycoons????",0
facebook_corpus_msr_429171,"Thank you for giving data offer. I never forget your generosity, Sir.",0
facebook_corpus_msr_412311,There was a news item a few days back about Wipro laying off 600 employees??,0
facebook_corpus_msr_403276,After Indian forces reactions surrendered forces will claim that innocent cornflakes manufacturer killed by Indian soldiers as as soldiers are habitual to surrender 93000 against 3000.,0
facebook_corpus_msr_490235,Why wipro is at 52 weeks low can we see any upmove...,0
facebook_corpus_msr_748245,Mental,0
facebook_corpus_msr_437786,New entrant for the market.. advice few shares to be in portfolio,0
facebook_corpus_msr_495450,What abt the cricketers..... Y can't they pay anything...? They r awarded with crores of rupees just by playing any match.... forget abt the winning....,0
facebook_corpus_msr_419533,"Hi Anuj, I am confused on ITC after listening to Mr. Tuslian :). Your view please ..",0
facebook_corpus_msr_1957014,It is a grand step.,0
facebook_corpus_msr_2041582,"She is brave n bold, what others had in mind she spoke it on your face..",0
facebook_corpus_msr_421685,Next time sell the country and then prove it right....,0
facebook_corpus_msr_1563597,David L Roberts  and P.S - your an American citizen and Donald Trump is your President. To say or believe otherwise doesn't change reality. Get some help,0
facebook_corpus_msr_399709,I m sorry for sing paa g but near bahdr no excuse,0
facebook_corpus_msr_1425950,(y) good work : (y),0
facebook_corpus_msr_1545972,BSP earlier removed him as the in-charge of Uttar Pradesh and was appointed the in-charge of Madhya Pradesh.,0
facebook_corpus_msr_420741,give him time.. hes 5 times elected m.p not on the basis of saffron dress.,0
facebook_corpus_msr_1876676,"Check out this version... lit af
https://youtu.be/mlO3csHDzds",0
facebook_corpus_msr_503460,"Abdul Kablam....?
sounds like some sort of Muslim terrorist to me. I don't care what he has to say.",0
facebook_corpus_msr_418669,What should be done with Divis Lab for long term???,0
facebook_corpus_msr_325899,Bro  dont give ex of isreal....  Isreal has usa.......   Isreal sell weapon to us.........     Just learn little about middle east politics  .... Before giving example............,0
facebook_corpus_msr_423046,Other small and mid caps like capital trust for example ? Any further rallies ?,0
facebook_corpus_msr_424726,"That's the tragedy with human nature...
It tends to imitate rather than introspect or innovate #PFact",0
facebook_corpus_msr_435045,Lic housing 2lot @536 and 2 lots @1546 should I hold..??,0
facebook_corpus_msr_1827726,Russia has denied that the Syrian regime conducted a chemical attack.,0
facebook_corpus_msr_495536,Those farmers who give their lives for us are not even taken into account !! How unfair? Reward them they give u food on your plate !!,0
facebook_corpus_msr_414320,Happy with the way the company has ended the year: TCS,0
facebook_corpus_msr_1804882,"Exactly...what is lol pal, AZ forgot completely...talking about AZ is waste of time",0
facebook_corpus_msr_484282,Can I meet you guyz :) I m also in same event,0
facebook_corpus_msr_326303,"Modi wants to go to war, that is rhe only way he will be able to cover up the fuckall DéMonetization effects",0
facebook_corpus_msr_413411,"tinkering , sand wash , water wash , sand paper rubbing , scrapping the old paint ......finally adding weather protected automobile paint .......make up of an car segment .......",0
facebook_corpus_msr_423110,"CAN NIFTY CLIMB EVEN 10,000 i.e NIFTY P/E OF 26+????",0
facebook_corpus_msr_461710,You will always be in our hearts we love you Amma,0
facebook_corpus_msr_2057907,"Encounter Between Terrorists, Security Forces In Chilli Pora Area Underway",0
facebook_corpus_msr_464522,Difficult to say who is right and who is wrong,0
facebook_corpus_msr_408950,"I will watch If this channel Available on DD DIRECT+ DTH......
DD DIRECT+ h to sahi h....
if yrs channels is free 2 air.....why r not available on DD DIRECT+ Platfoam...????????????? 
80 Crore people watch DD DIRECT+",0
facebook_corpus_msr_495369,"@Ravi Shankar Prasad, I really support u... :) whn a player win any medals, thy r rewards like anything with crores of rupees but when a soldier dies in the border that tym the govt doesn't ve any money for the family..",0
facebook_corpus_msr_2115243,I hope,0
facebook_corpus_msr_584575,very nice question relating to our economy...,0
facebook_corpus_msr_496808,This will pinch the AAM Aadmi pocket.....it is abs ruckus..,0
facebook_corpus_msr_430038,"Good News..
Was that open tendering or single bidder with multiple names?",0
facebook_corpus_msr_379171,It Is a very unfortunate incident. Pakistan must avoid behaving in this manner and stop such activities.,0
facebook_corpus_msr_430137,"Unitech    ,   what to do on this stock,  suggest me",0
facebook_corpus_msr_1692631,If predictions are correct then we have to believe him what he is saying if it is false then leave it.,0
facebook_corpus_msr_487648,whether Q2 expected to be good for bank stocks Q2 result start from South indian bank tomorrow,0
facebook_corpus_msr_1805225,"Gandhi Killer Ram (Nathu) Temple in India......

Big Shame 4 India........",0
facebook_corpus_msr_2277506,Super,0
facebook_corpus_msr_411798,Yes bank bounced back after a mild correction. Is it a good time to buy?,0
facebook_corpus_msr_452073,Royal Enfield is no longer hand made.... The legacy has ended long ago,0
facebook_corpus_msr_327861,If Indian army WS not there u ppl would hav been enslaved till date by pakis. But your support will be based on religion only. What can we expect from you. Did you ever read this https://en.m.wikipedia.org/wiki/1971_Bangladesh_genocide ?,0
facebook_corpus_msr_421291,SP is gud one hold it for tgt 730-740 SL 680,0
facebook_corpus_msr_2039502,"Sushma ji is our ANGEL , there is no one like her in this world",0
facebook_corpus_msr_1674426,Hi,0
facebook_corpus_msr_1688189,Omg,0
facebook_corpus_msr_423071,Hold vguard or sell after bonus ..pe is high now ..average price is 170,0
facebook_corpus_msr_331432,turkey is a muslim country but not run by islamic laws.its not secular but still moderate than other muslim countries thts y its progressive but now to secure his position erdogan is pushing for islamic laws which will ultimately screw the country like pakistan.,0
facebook_corpus_msr_431277,"I understand the willful desire of many but the thing is still PM is working day in & out let him do his work, Results can be a mark of evaluation of 5 or 10 years but guys results are shown & stats doesnt lies, Tax impose & Revenue Sector is establishing the economy I think we should be positive for future.....",0
facebook_corpus_msr_466206,Hi,0
facebook_corpus_msr_470202,Natarajan sir do u know the condition in kashmir now a days??,0
facebook_corpus_msr_334319,"Who is yogiji.
Accused in rioting, attempt to murder and lot more",0
facebook_corpus_msr_1804839,What BJP did to you people. There are no suicide attacks after BJP  came in to power.,0
facebook_corpus_msr_483539,Very true. Ratan Tata returning shows a poor corporate policy,0
facebook_corpus_msr_423564,Sonia mam...you are the best anchor in CNBC-TV18 after udyan Sir,0
facebook_corpus_msr_439764,"When govt. increases prices of railways, people make lot of hue & cry but when Hotel / Restaurant operators unethically charges Service Charge its acceptable.",0
facebook_corpus_msr_420478,"hey sonia Looking cute, i am holding EQUITAS1500@173, 3-6 months views",0
facebook_corpus_msr_409176,u compare her contribution to the field of peace with nelson mandela n ull get the result,0
facebook_corpus_msr_2241607,Sir I would be glad if u concentrate on reasons why actually citizens take up arms.,0
facebook_corpus_msr_470162,"Wow, you are a one of the greatest economist born in India till the date, we all here are very thankful to you because you shared your great knowledge to people of this country.",0
facebook_corpus_msr_1521957,"For God's sake ... STOP WASTING TIME ON NON-ISSUES, THERE ARE AMPLE PROBLEMS IN THIS COUNTRY TO WORK ON ... PLEASE FOCUS ON THOSE, DEAR GOVERNMENT ... YOU HAVE GOT A JOB TO DO !!!",0
facebook_corpus_msr_1521923,Stop beef in Kerala,0
facebook_corpus_msr_472924,this is my idea -refer my comment 2012 -from chanikya,0
facebook_corpus_msr_411819,Give us your opinion on Andhra Bank....Should I hold or sell...,0
facebook_corpus_msr_485164,finest marketing experience -luxury of buying ideas -cnbc tv 18,0
facebook_corpus_msr_1521672,Burning things which u own is ur right ....whether u burn or use no one has the right to tell u ....,0
facebook_corpus_msr_442675,Industry & trade can adapt better if GST implementation is delayed: Harsh Mariwala,0
facebook_corpus_msr_488735,heard saying heard Lata mam talk about Mumbai realtty sector can u plz elaborate,0
facebook_corpus_msr_1937579,Who is he?????,0
facebook_corpus_msr_461050,Sonia has the 4 quarter low result has been factored in??,0
facebook_corpus_msr_466194,It is very difficult to regain and stabilise the indian currency if Modiji is in indifferent in this situation!,0
facebook_corpus_msr_505627,"Thanks for noting Harin Munshi, the truth is that we as a system still lack a lot of checks and balances...",0
facebook_corpus_msr_1614072,Nice moves,0
facebook_corpus_msr_484392,Icici bank hold or sell 200 share @282 holding from last 1.5 year,0
facebook_corpus_msr_415680,Hi Soniya Will Sun & Aurobindo Pharma Their life time high once more in coming Sessions/ It remains Sluggish only???,0
facebook_corpus_msr_491017,Waiting for the big bull rally ..Hope to get tom,0
facebook_corpus_msr_2035903,Nice,0
facebook_corpus_msr_416436,When was the last time he spoke about his constituency?,0
facebook_corpus_msr_1487726,Love u kkr  missss u,0
facebook_corpus_msr_395484,WEAKEST HOME MINISTER INDIA HAS EVER PRODUCED ..........................IS NOT IT ? ..................,0
facebook_corpus_msr_1924826,Virat Kohli said that he has no regrets about whatever he had said in the past because he feels it is right.,0
facebook_corpus_msr_1646800,Hair plant😂😂😂,0
facebook_corpus_msr_421103,Trump to present fedral budget what cues can our market take from their?,0
facebook_corpus_msr_1723032,TRUE,1
facebook_corpus_msr_328975,BJP n RSS r trying to invade privacy of Indian's not NDTV get ur data right,1
facebook_corpus_msr_322651,Where are our surface Missiles...? Test one of those now,1
facebook_corpus_msr_411152,Disappointing that many countries not abiding by FDA commitments: Commerce Minister,1
facebook_corpus_msr_1490618,Send him to mental hospital  he is MAD,1
facebook_corpus_msr_1723090,follow the religion inside your home not in the public place.,1
facebook_corpus_msr_332615,you terrosit coem from Arab do not have rightt os peka on India ok.,1
facebook_corpus_msr_288054,After every incident such type of debate we watch on our TV screens and people in panel Labi Labi phakte he and then after few days they again start praising for their revenue,1
facebook_corpus_msr_1493862,When tht bloody di****s nation would release him. I il pray fr u. Come back soon bro.....,1
facebook_corpus_msr_411965,"Latha Venkateshan was in some cases of lobbying and passing on insider information, right?",1
facebook_corpus_msr_407782,"FOOL,lady killer how dare you talk about the Congress Party like this you fool",1
facebook_corpus_msr_1893413,Like Modi dumped his wife in 21st century.,1
facebook_corpus_msr_1723719,His carrier is almost over just need cheap publicity how better than using religion  right now the way things are going,1
facebook_corpus_msr_2018672,I just hate her. 😑,1
facebook_corpus_msr_1805336,"Mr Hazare, you are a disgrace and a turncoat!",1
facebook_corpus_msr_1521887,"Stupid move. What's wrong with BJP. Hits the axe in its own feet? 

Or is the news paper deliberately misreporting?",1
facebook_corpus_msr_1226687,RSS is expert in spreading hateful rumors. Beware of it. NDTV is only trustworthy channel. Its reporting is unbiased and impartial. Subhash Chandra is BJP leader.,1
facebook_corpus_msr_433740,In budjet why not mentioned of mp minister VIPs rxpan,1
facebook_corpus_msr_1723652,Its an alarm to crores of people. And it will last only 2 minutes and no harm. Its not hurt like Sonu Nigam's and many new generation singers songs with horrible and terrible music in public places.,1
facebook_corpus_msr_331322,"Gundaraj of Owaisi in Hyderabad. 
Gau rakshaks are kid in front of your islamic organizations like Isis, al Qaeda, lashkare",1
facebook_corpus_msr_1947131,Vaah bc What a logic! 😑,1
facebook_corpus_msr_2280088,The ban has been there since 2011. #paidmedia like IE are looking in tat direction only after Trump. Kuwait merely extended the bAn. Now the 'liberals' are in a bind. They are silent like the dog in the Sherlock Holmes story 😉😂,1
facebook_corpus_msr_2117677,Ather Rasheed Khan who you joker?,1
facebook_corpus_msr_2041555,"1.Apurv Anand and there will be guys like you sitting on the fence , sermonising people on both side of the fence? ha ha ha
2.on his show, he gives choices which are intended to insult  anyone chosen or left out. kangana was different. she told the truth right on his gay face.",1
facebook_corpus_msr_1723348,"What's so controversial about his statement ?? It's just a simple statement on the high disturbance that loudspeakers cause !  
Loudspeakers should b banned for ALL communities !!!  Pseudos r creating a din without substance !",1
facebook_corpus_msr_1957001,Anti national indian express..........Stop this crap,1
facebook_corpus_msr_1723161,Yes right. Someone with mosques too close in proximity might face problems. Loudspeakers are definitely a nuisance.,1
facebook_corpus_msr_2280057,"Dear Idiot Express, instead of only quoting some news agency, do ur own research if u care abt the facts or real journalism.
All these countries been banned since a very long time. It dint happen just this week. You ppl hv started posting this bcz of Trump taken certain decisions.",1
facebook_corpus_msr_485403,Parth jindal looks like chip of an old block. Watching him reminded me of young sajjanji way back in 80 s,1
facebook_corpus_msr_1804994,"Anna hazare is a third grade Sanghi ...the anti corruption..
Lokpal ..was mare a drama.
He is RSS man...and like other RSS MAN..he does nautanki..",1
facebook_corpus_msr_359270,"All intellectuals are gone iN pot holes after MCD elections IN DELHI...

IF if If BJP LOSESS then EVERYONE MORE happy to do POSTMORTEM .
Now SILENTTTTTTTTT.,,🐣🐣🐣🐣🐣🐣🐣🐣🐣🐣🐣🐣🐣🐣🐣🐣",1
facebook_corpus_msr_444518,"Gud luck sir...the so called 'Elite' who reaped the benefits of the corrupt establishment will try everything to make it worse n present it in negative light...bravo sir...its was only possible by a strong leader lik to take this drastic step..... from being sceptic, I hav over a period of time become a proud 'Bhakt'...yes u read it rt u hypocrites...I m a 'Bhakt'...",1
facebook_corpus_msr_115546,"Dude before copy pasting shit about IITs go read some of the articles written by actual iitians to know about the things going on in here. Major share of this 'tax payers' money is used for research purposes, not for feeding BTech students. Try getting at least an internship in any IIT to know about IITs, then maybe you'll understand better about these. These are just assumptions of someone which you assumed to be true and decided to post coz you know many have the same assumption. So drag your sorry ass out of FB and do some​ research before bitching about something. Peace out ✌",1
facebook_corpus_msr_1805109,Anna Hazare had taken right decision not to join AAP under the leadership of Kejriwal who is a liar and joker in indian politics.,1
facebook_corpus_msr_2203260,"Bengal - population of Muslims is 27%

Population of muslim criminals is 47%

Hindu women are raped intentionally...
musalman gene is demonic and they believe in humiliating Hindus with such crimes...

Musalmans should be separated from Hindus!

http://www.thehindu.com/news/cities/kolkata/bengal-ranks-third-in-crimes-against-women/article6173154.ece",1
facebook_corpus_msr_413260,How general public come to know that which brand is good n which  1 is not.  Dose modi ji us going to give any kind of special class to common people.,1
facebook_corpus_msr_397578,"Earlier a british minister, now us congressman. All of them are saying Pakistan is a terrorist sponsored country. But we already know that. So, no more discussions. Now is the time to show our military power to those porkistani butchers. Last night only three watchtowers leveled. I wish there would be more..",1
facebook_corpus_msr_1737069,TRUE,1
facebook_corpus_msr_1493775,"Naveed shahid, such victories are to be seen as a lesson for Pakistan to stop roguery and twisting the truth... we are not gleeful, we are sombre in our victory and just wish to bring our innocent countryman back unharmed..",1
facebook_corpus_msr_394673,Pakistan's mathematics is very poor because of countless militants and terrorists it is comprising. So many times they don't know exact numbers of soldiers killed by Indian army. Nonetheless one should not forget Pakistan is a terrorist country where the death day is more memorable than birth day. Hell on the earth with no life meaning,1
facebook_corpus_msr_1805487,"No, you should go to HELL",1
facebook_corpus_msr_1723653,As to sing vande Matram hurts your people.  Your actions can also hurt others,1
facebook_corpus_msr_398275,This policy of Congress is responsible for present situation in Kashmir.,1
facebook_corpus_msr_331209,"Shivam , learn some english before u comment on social media.",1
facebook_corpus_msr_2199141,"Azam Khan shud refer to the Congress to which dogs were they referring to!
Modiji just passed a repartee to khadge's comments !
Azam Khan, as usual, adding fuel to the fire! He & his breed will not let peace prevail between the two communities!",1
facebook_corpus_msr_1714360,2 time national best actor and three time special jury award. You know what is the prob:these Bollywood fans are jealous of malayali perfection which they won't achieve in the near future,1
facebook_corpus_msr_1805433,Dhongi no-1,1
facebook_corpus_msr_2029798,By watching the video from marine drive yesterday I feel really shame on our police,1
facebook_corpus_msr_1763622,Bjp is gunda party,1
facebook_corpus_msr_394675,I condemned such acts..by Pakistanis..shame on u..beheading..martyrs..it is inhuman act..govt should take severe steps...against this..enough is enough...!!!,1
facebook_corpus_msr_328614,You are yourself terrorist number one...you killed many in Gujarat... Lol,1
facebook_corpus_msr_1922828,Truly an uncivilized person in the eye of society.It is a punishable offence. Nobody should stand by his side.,1
facebook_corpus_msr_2117691,Mental illness  D.T,1
facebook_corpus_msr_394864,free kashmir otherwise big surgical strike will b done by pak,1
facebook_corpus_msr_451024,Who is this Soni Chamcha of Sonia shut up your dirty mouth,1
facebook_corpus_msr_2203262,Muslim - a single word that can shock and terrorise whole the world,1
facebook_corpus_msr_32282,"""The police, however, said they would act if they received a complaint. ""The matter is not in our knowledge yet. If we receive a complaint, we will investigate the matter and act swiftly,"" said Meerut's SP (city) Om Prakash."" - Someone needs to get a FIR filed!",1
facebook_corpus_msr_554036,"Blatant lies told to the nation for last 65 years. No more.  Today black & corrupted money is coming to the mkt & sensex & nifty rise reflects growth of the nation. Pls note that the intellectuals with suit,tie & boot  discussing problems of poor & middle class cannot give solutions to the govt bcoz they won't understand them",1
facebook_corpus_msr_2241602,does this man eats and shits widout politics??I doubt :p,1
facebook_corpus_msr_1723253,R##* spotted,1
facebook_corpus_msr_503510,"Everthing happens for gud , swami is true in all sense ,and wht ever congress had done in last 10 yrs has adversly effected india ,as its clear congress was selling india, luking to other procpective rajan is nt lucky for india might new governor brings gud luck and gud fortune for india , god bless india",1
facebook_corpus_msr_324371,Cows getting ambulances. What's wrong with UP. Well that's what these illiterates voted for...,1
facebook_corpus_msr_1437824,"Our country depends on three types of people namely corrupt politicians, film actor & crimnals. Then who can care about it",1
facebook_corpus_msr_444253,"Sir, some terrorist mulla's r nt feeling good bcoz thr funding hv stopped.",1
facebook_corpus_msr_1945547,Who cares this sthupid.,1
facebook_corpus_msr_1945545,"Who cares, media like Indian Express cares  bloody guy statement ...",1
facebook_corpus_msr_2260872,Defame of National Flower by this loser,1
facebook_corpus_msr_325344,"Burkahman,,,,,Shame,,,Proud of AAP with Original Degree,,,,,Shame on 56cm Fake Degree.",1
facebook_corpus_msr_1945521,Well.. The CM can be goon... But this joker is really a tampon...,1
facebook_corpus_msr_1805174,Neither khujliwal nor this Anna is worth of anything..both are hypocrites,1
facebook_corpus_msr_1723515,I hate you Sonu Nigam. You have showed your true colours to people.,1
facebook_corpus_msr_1723267,"See if you people need publicity come up in different ways... If you don't get chance in Bollywood films to sing do some extraordinary work and do publicity... Don't touch religious matter... We Hindu and Muslim, Sikkh , Christian have unity in India... We respect each other... Then why you pork in your nose in nonsense talks... If you still feel intolerance please leave my India asap.",1
facebook_corpus_msr_402573,This basted whenever open his mouth....It's seems a mad dog is barking ...Kaise kaise log politician ban jate h.....Bhaag saala,1
facebook_corpus_msr_324333,Far too many innocent lives have been lost in a system that is mired in corruption. Are we so arrogant now as to trivialise a child's life ? How come there has been no investigation into where the system has broken down ??,1
facebook_corpus_msr_1723460,"Worst thing ...u are totally out of mind,if we Muslims ever told u to turn off loudspeaker ...u don't deserve to b a part of society,u have no right to talk about any religion as u urself doesn't know what its reaction is,itz like divide and rule..",1
facebook_corpus_msr_329073,Inside job of indian Army... Pak Armed Forces didn't cross the border ... Shame full act by indian army ....,1
facebook_corpus_msr_1922829,He should be behind the bars . Lock him up and hit 50 times with same chappal .,1
facebook_corpus_msr_1724190,Lunatic,1
facebook_corpus_msr_1867492,"Cow is more valuabe in india,women are more take care of herself,govt says who killed cow will hanged but for rape,murder and other crimes are going to face trial and you can get your normal liife in two days..... what kind of people are you making cow more valuable than man life...",1
facebook_corpus_msr_333001,This is true colors of bjp to divide in the name of religion and rule the country what British has done,1
facebook_corpus_msr_1722911,"For u my middle finger 
noise pollution",1
facebook_corpus_msr_1521819,"But @Ajay Thomas we have many Hindus who believe fall into the North Indian illiterate category that really believe Hinduism is being attacked !!!  
Is there any country where Christians , Hindus, Muslims and any Religion is seen living in such harmony , understanding and peace. ?? 
Imagine these fools supporting them ? And they want others that they don't like Beef. What a Fraud of the first order ?",1
facebook_corpus_msr_334326,"But only Cow slaughter is punishable in BJP rule. Wife slaughter, wiife swapping, multiple wives and also ''wife separation""  are permitted here.",1
facebook_corpus_msr_325620,"Some Pakistanis claim it is fake, some Pakistanis claim it is surgical strike. 
But I claim... Pakistanis first be sure what is your father's name.",1
facebook_corpus_msr_1805114,"Anna hazare failed in his drama on kejriwal case. Hazare aim is to remove congress from power and he joined with kejriwal. Kejri is clever and he overcome hazare and defeated bjp and opposing till now. Anna hazare wont speak if bjp involve in money scandal, communal violence, hate speeches etc etc. Anna hazare is a hypocritic poison human being. Hazare never thought kejri will come into politics. Hazare may won in defeating congress but lost on kejri matter. Great actor hazare",1
facebook_corpus_msr_325608,"INdia, is diverting attention from Kashmir issue, because it's under tremendous pressure from international community",1
facebook_corpus_msr_1775247,Beware of bjp dirty political tactics they did in goa😂,1
facebook_corpus_msr_463530,What's taking so long? Other devices already have Nougat and are having better updates,1
facebook_corpus_msr_46352,This is just the tip of the iceberg. ..everyone of the sasi group  is neckdeep with black  money. .raid  everyone ..,1
facebook_corpus_msr_1521845,Not a big fan of beef...but all these events just wanna make me go and make some smoked beef whatever...and throw it on these people's faces,1
facebook_corpus_msr_1493851,"Court could hang him even in start , then how the world will know the real face of india . How you can tell the world indian govt is sponsoring terrorism in Pakistan.",1
facebook_corpus_msr_528460,"The press conference was meant to be for.him as a prime minister, not as anti NaMo or anti BJP. Only if indian politicians took their business seriously, would Indians live peacefully and with full freedom. Not.just economicaly but also security wise, congress has sold our nations peace nd freedom. Its disheartening to live in fear 24 by 7.",1
facebook_corpus_msr_1563602,"Christina Dilger Buddy Powers Oh Please, the world took Palestinian land and gave it to israel without making two seperate states. They did this because the israel needed cheap labor. The bible as you put it is a half lie as many books and acts were left out and or Destroyed by those who treanslated and created the bible, if you follow the word as it should be most of the bull in the bible falls away to nothing as it goes against what Jesus tought. You people use the word to control thru fear and Intimidation not the Love and hope and Faith Jesus talked about.",1
facebook_corpus_msr_1805341,Anna is also a big fraud,1
facebook_corpus_msr_1392939,It is so pathetic and disgusting to see the  slums on both sides of railway lines from Virar to Churchgate and from Kalyan to VT,1
facebook_corpus_msr_1946783,"You confused sperm..
What do u exactly want then???
Muslims are living peacefully, what's problem in that??
.
.
Where's deshbhakti here!!?????
Pure confused sperm",1
facebook_corpus_msr_324298,Don't politicize the issue.  Have some decency and dignity over the death of human.  Be human.  If you want to eat cow and if not available eat PIG you are a piggyboy.,1
facebook_corpus_msr_690300,A normal RJ is better comedian than that Kapil... He just got a proper stage and famous,1
facebook_corpus_msr_2379909,Thanks to Delhi police because they are not students they are anti national only believe in dirty politic and nothing else,1
facebook_corpus_msr_823734,Bjp IT cell = ISI agent,1
facebook_corpus_msr_1893434,"Ban the triple talaq, ban the caste reservations .",1
facebook_corpus_msr_1723718,The jagran didn't go 365 day's. But all the other disturbs. Only good thing is Halalaa - the masti for men.,1
facebook_corpus_msr_405605,It is reality of Pakistani but still Indian Muslim r in favour of Pakistani Muslim ....... Y it so.....,1
facebook_corpus_msr_2111128,Pls don't poke your nose in Kerala issues we know how to solve and rectify the issues. The problem with sanghis in Kerala is that not like other states here if they kill any one the Cpm tallies it. So the sanghis are crying bcs of it.,1
facebook_corpus_msr_474729,"This is not a war against terrorism, it's a war against its own civilians by taking such spontaneous and vicious steps",1
facebook_corpus_msr_1723643,"Millions of simple , spiritual ,religious & moral persons besides students have been disturbed by your songs but seldom they complained",1
facebook_corpus_msr_2032224,You have got already by ISIS and Pakis. You are nothing but pigs.Leave our country and go to porkistan.,1
facebook_corpus_msr_53428,"We never needed Lok Pal. We just needed a party that can build Ram Mandir to cure cancer, child labour, poverty, climate change etc... and much more. :P",1
facebook_corpus_msr_1893345,Shia is better Islam than Sunni..,1
facebook_corpus_msr_1521658,Thomas Kuruvilla Baven btw you are a European breed........and we dont consider you as keralite,1
facebook_corpus_msr_1731411,"He is not able to tolerate, bcoz he thought that Bihar and India is his personal property, and he can continue ruling (read looting) both, and he is also angry because the tag of India's number one comedian was also taken from him by Kapil Sharma, so he is really frustrated.",1
facebook_corpus_msr_411156,We want India to be a manufacturing hub: Commerce Minister,1
facebook_corpus_msr_451894,i think they have not decided - which is worse the song or the bike - let the audience decide,1
facebook_corpus_msr_334561,another attempt of the party Aap to catch publicity.. .,1
facebook_corpus_msr_2199163,This thug need to first listen to CONgress brothel sex worker's statement before reciting Quran from the middle .,1
facebook_corpus_msr_1723365,He made similar comment on temples as well but its impartiality of The Indian Express it mention only the one that might suits thier agenda or something,1
facebook_corpus_msr_1737101,Very Sad to See the title! And very proud to have kumar in our country! Same on you #IndianExpress,1
facebook_corpus_msr_2018704,"If she says such stupid stuff on public platforms which is widely quoted, i have a problem. (Deep breaths as I am getting back from work at 8.30pm)",1
facebook_corpus_msr_1979843,"Dear Indian Express,
I feel sorry to write that your journalists are out there to misinterpret events and present them in a distorted manner just to make some sensational headlines. The news about upcoming singer Nahid Afreen has been prepared without proper research and investigation. It was very sad to see that your journalists don't even know the difference between fatwa and appeal. 
A fatwa is a non-binding legal opinion issued only by a qualified jurist (Mufti) on a request by someone who is unable to understand religious guidelines whereas the leaflet that is being circulated and presented as Fatwa is just a hard copy of an appeal signed by 46 men who believe in religious practices. The merit of appeal can be discussed on many grounds and in many dimensions but first and foremost, an appeal can not be called a legal opinion (Fatwa). 
We expect apology from your side for such a mistake.
http://indianexpress.com/article/india/fatwa-issued-against-reality-singing-star-nahid-afrin-by-42-clerics-4569825/",1
facebook_corpus_msr_328331,Every governmental work or agreement done in the name of President. You are so stupid,1
facebook_corpus_msr_397450,Pakistan can't and doesn't produce anything apart from Terrorist and Napunsak Armymen!,1
facebook_corpus_msr_1723244,Uncalled for by someone called Sonu Nigam!!  He should have gone used to Azaan!  What about other loud speaker issues?  Didn't think he'd make a comment like this??,1
facebook_corpus_msr_328852,Money that you can spend to build toilets.....indian people pee on street...,1
facebook_corpus_msr_397575,"India has terrorist camps in Afghanistan..13 Indians were killed in MOAB attack..what were they doing in ISIS camps...Y is India in Afgnanistan, they don't have enough toilets in India...",1
facebook_corpus_msr_2111133,"Mohamed Sakhir mere dost kerala kounsa country me hai... 
Hamara Hindustan me hi na... so nose tho gusahenge nose kya dost jo log hindu ko himsa karega hunme laath and etc... be gusahenge...",1
facebook_corpus_msr_1723392,"What Sonu Nigam told is right. Doing Azaan through loud speaker should be banned as it is disturbing many people. There is no compulsion to do Azaan through loud speaker. (especially when mobile phone and alaram are available even with beggars). When the speaker was introduced for Khuthuba speech in Kerala in 1930s, Sadakathulla Maulavi, the then general secretary of Samastha Kerala Jamuathil Ulema quit his position as the speaker mode is against the Islamic fiqh rules. Disturbing anybody by using even for a second is haram as per Islamic law.  If the religious authorities & government is not acting, the matter should be solved through courts.",1
facebook_corpus_msr_288104,fines full Pakistan,1
facebook_corpus_msr_1731460,you and your total family members are thieves !!you have luted bihar and railway department !,1
facebook_corpus_msr_288061,we are & we can deal Pak Army Appropriately but we have to  deal equally with Pak Rakshak Gangs in our soil,1
facebook_corpus_msr_1600572,Upa and nda same same shame shame bunch of eunuchs...cant prevent attacks nor can attack.what can u politicians do except condemn??,1
facebook_corpus_msr_1521951,BJP to it's ruin,1
facebook_corpus_msr_2280063,"We support Donald Trump act which is necessary to eliminate religious clericness & safety of Americans. America shouldn't considered only ATM for making money. If immigrants want to live in this country they need to respect US, its people & mix up with their culture & work for betterment of this great country welcoming people from all religions in country but not to spread terror or supporting terrorists for killing innocent people. This is alarming call to Muslim community to come forward to give up religious clericness by protesting agst inhuman acts of terrorists to killing innocent people in name of jihad instead of giving them silent support by keeping silent for their anti humanity acts. They should have to understand that humanity is best religion & help to make this world better place where people of all religions can live in peace without any fear.",1
facebook_corpus_msr_1722914,"Malice Vineet U r neither a SICULAR , nor a student of JNU...Your  argument is invalid ... !!!!",1
facebook_corpus_msr_1853700,What the hell is happening,1
facebook_corpus_msr_2081776,Viru you have surpassed the boundaries of ignorance,1
facebook_corpus_msr_2032147,Here no Muslim friend comments abt atrocities due to triple talaq everybody are blaming police ...,1
facebook_corpus_msr_1867498,Owaisi the terrorist,1
facebook_corpus_msr_462833,Unions only want money for their members but what about work?,1
facebook_corpus_msr_357301,"Gandhi Killer Ram (Nathu) Temple in India......

Big Shame 4 India........",1
facebook_corpus_msr_1956242,UP one of most worst state in India doesen  matter who ever rule,1
facebook_corpus_msr_1521709,"RSS dont need to attack anyone for votes.......but people will vote for them , due to the hatred created by the so called sickular Muslim league , cross farming congress and hindu bashing CPM",1
facebook_corpus_msr_380392,1 missile Chod Do Sala Pakistan ka kissa hi khatam,1
facebook_corpus_msr_1724099,sonu  nigam  shame  shame,1
facebook_corpus_msr_456198,Morons... they muted the exhaust note with that pathetic music,1
facebook_corpus_msr_404121,"Don't forget, you are learning anti humanity lesson in your madaresa class",1
facebook_corpus_msr_1723431,It's true. I live in Netherlands and they have bigger mosques. Never have I heard azan anytime of the day. So why does it happen in India? Why does our government allow such ludicrous things?,1
facebook_corpus_msr_597256,I HAVE ALREADY REQUESTED CNBC TO FLASH THE PRICE OF SHARES FROM 1.4.11 AND THEN PRESENT STATUS TO KNOW THE HEALTH OF STOCKS ON YOUR CHANNEL FOR THE BENIFIT OF INVESTORS. THE RELIANCE GROUP HAS LOOTED CRORES OF MONEY WHO HAVE INVESTED EARLIER IN RELIANCE. BUT THIS COMPANY IS ALWAYS SHOWING PROFIT IN THEIR RETURN. WHETHER THE PROFIT IS NOT DUE TO REDUCING THE PRICES OF SHARES AND LOOTED MONEY FROM THE INVESTORS.,1
facebook_corpus_msr_2111291,"RSS is a Only national interest and secularists , other all anti Hindu and anti nation. Instruction coming to CPM  from outside India, and Congress from missionaries , PENARAI VIJAYAN CAN YOU TELL US Y YOUR PART SPLIT 1960.",1
facebook_corpus_msr_325408,"How r u Pakistani.., cowards. U r nothing in front of Hind n Hindi ki sena. This act shows how sacred u rascals are. U even get scared of the dead body of Hind Jawan.

Now hahaha",1
facebook_corpus_msr_1723689,Infact Inconvince to common people is bcoz of craiq brains like u Sonu....u people r doing same like Britishers does...,1
facebook_corpus_msr_2349582,Make it look like Trump hate every muslim. Lol,1
facebook_corpus_msr_398241,Thurki diggu has lost his balance of mind long back .Accused RSS for 26/11 questioned batla house deaths n has diehard hatred for Hindu govt .But licks d boots of fake dynasty .,1
facebook_corpus_msr_2018542,She is a priviledged idiot 😉,1
facebook_corpus_msr_2018617,What a bold statement to give for this self claimed feminist society...more power to her,1
facebook_corpus_msr_1805317,Agent of bjp pleas go to hell😃😃😃😃,1
facebook_corpus_msr_1979849,"http://indianexpress.com/article/india/fatwa-issued-against-reality-singing-star-nahid-afrin-by-42-clerics-4569825/

 Dear Indian Express,
I feel sorry to write that your journalists are out there to misinterpret events and present them in a distorted manner just to make some sensational headlines. The news about upcoming singer Nahid Afreen has been prepared without proper research and investigation. It was very sad to see that your journalists don't even know the difference between fatwa and appeal. 
A fatwa is a non-binding legal opinion issued only by a qualified jurist (Mufti) on a request by someone who is unable to understand religious guidelines whereas the leaflet that is being circulated and presented as Fatwa is just a hard copy of an appeal signed by 46 men who believe in religious practices. The merit of appeal can be discussed on many grounds and in many dimensions but first and foremost, an appeal can not be called a legal opinion (Fatwa). 
We expect apology from your side for such a mistake.",1
facebook_corpus_msr_1525362,"In Bengal 60% Bihari working in various places.

We are not against Bihari people's. Many religion working in Bengal.

Your state make difference... our state don't make any difference.",1
facebook_corpus_msr_398388,take him to border and push him to pakistan territory.,1
facebook_corpus_msr_413370,THIS NUTS WILL SLEEP ANY WHERE ........DO NOT DROP YOUR BABY NEWS AND MAKE US BABY SITTER ...THANK YOU,1
facebook_corpus_msr_2032048,"These Bengalis always have soft corner for muslims, see around start from Barkha",1
facebook_corpus_msr_327843,any thing happens to indiots they start blaming Pak. why would they cross loc and mutilated? and if they did then how can indiots claim they did surgical strike? and returned safely?,1
facebook_corpus_msr_1805688,Paid social activist by bjp,1
facebook_corpus_msr_324070,Shame on ...more worried to save cows..killing ppl..but not for human,1
facebook_corpus_msr_1805708,He is pimp of bjp,1
facebook_corpus_msr_397814,Indian media is playing a very good role in spreading hatred between the two nations.,1
facebook_corpus_msr_1649501,Vishnu Tallapragada In Kashmir during the 2014 floods the Army selectively rescued only hindu tourists and left the Muslim locals. The hindu tourists were rescued by Army helicopters.Muslims were left to die.,1
facebook_corpus_msr_1945458,"Shirish Kundan Do you have personal experience of any torture from Yogi.. The answer will be - NO. Have you met Yogi and talked to him at any time .. The answer will be . NO. .. Do you have any proof that he is a goon.. Surely answer will be . NO.. Then you made this statement in a filmy style based on whims and fancy .. Probably to make yourself popular by diverting peoples attention.. But ultimately such gimmicks will not fetch what you are trying to become.. Rather it will be counter productive.. Why to make an irrelevant statement which is totally ""inessential"" for you.. This valuable time and energy you could have invested in something productive.. Sadist approach and it is nothing but inflicting injury to self..   If you make this kind of statement in Gorakhpur, Yogi's constituency, the people there including Muslims will thrash you.. He is 5 times continuously MP from there with margin of vote more than one lakh in his favour..This speaks his stature, you are not even a pigmy  in front of him.. jealousy is fire and if you carry it in your mind it will hurt  your mind only where it is lit..",1
facebook_corpus_msr_1723156,Yes dear you right but some people want to do some new even they have dont any limit and sonu nigham is those people ..,1
facebook_corpus_msr_1714342,he is great actor but not match as a bheema,1
facebook_corpus_msr_2379876,This page is paid by islamist extremists and left wing politicians.,1
facebook_corpus_msr_1493823,Now paki stray dog barks after failing in kangaroo court....happy to see paki left red faced.....wishing Kulbushan to be safe at pigs hands,1
facebook_corpus_msr_332569,Aap kejriwala goons has been doing all dirty and goons worked in Delhi now.,1
facebook_corpus_msr_332517,"Yes,if the members of Other parties were attacked then BJP Responsible 
If the BjP was attacked even the too BJP responsible...

Tremendous ideology And Hats off...to ur Secular thinking...",1
facebook_corpus_msr_326773,For Muslim killing non muslim is pride way to go to heaven so why  You are sad.,1
facebook_corpus_msr_1723352,"Ram Navami comes once in a year. Azan 5 times in a day. 365 days voice pollution. Therefore, one must comply with the Supreme Court orders. Religion is a private issue.",1
facebook_corpus_msr_394592,"Indian Army trying to divert attention from Kashmir unrest... where they stop internet access,social media bane, violation of human rights , killing of innocent Kashmiries on daily basis....thats why every Kashmiri stands against Indian aggression , but remember the struggle of self determination of Kashmirs people will continue until their freedom....",1
facebook_corpus_msr_331578,for 60 years you didn't say this.. how come new vision. You just focus on muslims.. we will take care of counrty,1
facebook_corpus_msr_2041568,"Kangana is a victim of the mother who gave her birth. She is the victim of woman that she is. She is the victim of life she has. She is the victim of everything n everybody. Lastly, she will be the victim of her death.",1
facebook_corpus_msr_1723574,You people are allergic. Try to be mindful of your words. We need not necessarily hurt other's sentiments.,1
facebook_corpus_msr_1521690,"@ Prashant Singh , then go right now and stop the slaughter house at Utter Pradesh which is run by bjp persons,  and then how come india become beef exports in first place,,,, 

You funny guy,,,,and un knowledgeable",1
facebook_corpus_msr_1937573,same dude kunder who stole a film from a small nepali boy :-),1
facebook_corpus_msr_494633,My questions - is the train going to operate under Indian made engines ? Will the train achieve the set speed on those tracks & will be the the train in such condition after a year in service ?? if the answers no to even 1 or 2 of the needs - why to Bragg about such temporary achievements ...till than good luck Indian Railways ...,1
facebook_corpus_msr_463201,No share to be more than 5% and no sector more than 12%,1
facebook_corpus_msr_442470,"HDFC is a worst bank to bank with. Be it credit card/Loan/Accounts- they are just horrendous and big bunch of fake commitments and false people. All the employees are just bloody mo*****, Sorry being judgmental, but have dealt with nearly a thousands of them and all are the same. JUST A BUNCH OF A******S",1
facebook_corpus_msr_2111150,"Lakhs of Hindus support terrorist organization RSS, none bats an eye. 20 people supported terror outfit ISIS, everyone started hatemongering. If you are not shouting against India's biggest terrorist organization, you don't have the right to speak a word against Isis as well.",1
facebook_corpus_msr_823724,ISI agent bjp IT cell.... Bhopal n shivraj sarkar,1
facebook_corpus_msr_397426,"The basic question is ""has Pakistan produces somethin other than terrorism"".",1
facebook_corpus_msr_1722970,Haaaaaa no mandir exist there in Kashmir you guys have destroyed it all.,1
facebook_corpus_msr_402665,"UN members r ready to kill terrorist

Wat they will help radical",1
facebook_corpus_msr_399066,"Ye elephant bhi kha sakti hai, bhysha tho kha li, gadha bhi kha le re",1
facebook_corpus_msr_1893425,"As promised during elections, Modi/Yogi must support her.",1
facebook_corpus_msr_503472,"He had no self respect, he should have resigned when UPA lost miserably..",1
facebook_corpus_msr_115504,"Insanely overrated The placements of all branches are miserable compared to CSE and Electrical.
& Also the quote follows ""Complete Engineering then decide what to do in Life"".",1
facebook_corpus_msr_1521767,Prashant Singh shame of u bjp poori,1
facebook_corpus_msr_1735856,Muslim are much socially economically backward..they really deserve it..n moreover its the matter of state not the centre,1
facebook_corpus_msr_1921480,Haha fake news as alwez!!! The strike was only called off because d demands were started to being met for enhacing security unlike earlier times when govt gave written assurances bt did not do anything on ground,1
facebook_corpus_msr_368345,Abp means All Bjp Paid News to make fools in India,1
facebook_corpus_msr_1893420,"Her in law should be arrested and but behind bar , Islam believe in equality",1
facebook_corpus_msr_2041557,"What Kangana has said is true. She has demolished the established coterie of the few film makers who don't let the new comers without godfathers or agreeing through casting couch ente

r their domains. Karan couldn't bully Raj Thakrey but Kangana . It just like Modi's demolishing of the family's rule in the political field. He is uprooting the well dug family Bhakats like Ayers, Sibals, Khurshids, paid family historians, pliable and paid media and many more.",1
facebook_corpus_msr_322735,We need heads of all pakistani armies  and the terrorists active in Kashmir. Bodies of pakistani armies also be mutilated.tit for tat,1
facebook_corpus_msr_329971,"Dear PM sir
49 CRPF jawan shaheed in month of April only due to lack of intelligence and state government support.😢😢
300k CRPF force without any DG from last 2 months.😤😤
Who will take the responsibility😡😡😡😡😡",1
facebook_corpus_msr_1906934,Future looks bleak for India as hindutva forces are ruling the country they want to make situation like Syria and Burma to make muslims refugees in there own country for a petty reason how can riots happen and muslims are told to leave village,1
facebook_corpus_msr_1805379,What this broker talking about?,1
facebook_corpus_msr_1600591,Remember 1971 kid!!!!bloody impotent army that indulges in macabre beheading like terrorists,1
facebook_corpus_msr_2082426,Govt and banks are cheat,1
facebook_corpus_msr_407757,Denying Rajendra Prasadential Form of Government was a Nehruvian Blunder,1
facebook_corpus_msr_398283,Congress was more genius than bjp a stupid communal party which send india on the threshold of hell,1
facebook_corpus_msr_325599,"Now India will start striking back through Twitter haha. Bring Antony back to the position if you people are incapable, he was not an extremist by nature but surely a man of action not words like you people. 56 inch, 1 surgical strike like the end of pakistan haha only good for publicity.",1
facebook_corpus_msr_1805626,Very good  nonsense  leader,1
facebook_corpus_msr_485368,"He is a big bear...n always pessimistic. I remember his interview when nifty @7000 level that time he was saying that don't buy this time there is a room for correction...but I invest n made good return. He may be true 1 out of 10 time so it is good to ignore him.
Always pessimistic n give diplomatic opinion.
Mr Uddayan be black or be white don't remain grey.",1
facebook_corpus_msr_1723730,His tweet show his mentality......... His mentality is not less then an uneducated person,1
facebook_corpus_msr_331240,It is to be blamed saffron goons only They act as their own despicable law and law enforcers see and keep mum on their atrocities.We are living in a society face changed  from human to versatile self dominated devil.,1
facebook_corpus_msr_322584,We don't need Minister's tributes and other things - we want that Indian Government stops empty words shows their spine and take revenge !!!!,1
facebook_corpus_msr_436980,"""🌝🌝 INDIAN WOMEN ARE SPECIALISTS OF FAMILY DEMONETISATION 🌝🌝 Govt. should learn from them how to implement LessCash Economy with LOVE 🌝🌝🌝""✔",1
facebook_corpus_msr_1797825,Mla for sale,1
facebook_corpus_msr_1521907,Imran Bora eat ur parents' meat very tasty,1
facebook_corpus_msr_1887267,"So what they will do, prestitute wont support them, if they kill terrorist prestitute support terrorist. Call our militancy rapist why he serve the nation for because for safety of prestitute office. So called secular media ask proof   of surgical strike",1
facebook_corpus_msr_1723117,first of all jigar this is not only country of Hindus its a diversified    country having all religions togethers.u have jigar only on ur name but don't have jigar in u to respect the others religions and their sentiments.so be a man learn to respect other religions and people.,1
facebook_corpus_msr_401307,If it is true than why media not showing the mutilated bodies it is my ? from INDIA TV. Dont make peoples polish and  dont creat problem for your country INDIA.Because if India showing response of attack than the same  response will be from pakistan side which we seen in normal on borders  of both sides but only local people are affected  not army so try to understand this is because of you (media) whole environment is disturb.,1
facebook_corpus_msr_412589,Electronic media sold & mortgaged their Soul  Heart Brain to BJP looks highly financed,1
facebook_corpus_msr_328994,"Simply he is doing nothing only blaming previous govt and making excuses.... 
Won't tolerate any more....

They are being so patriotic but don't care for our brave soilders.. 
RIP Dear Soilders 😢😑",1
facebook_corpus_msr_1945438,"I really feel sorry for Indian Express presstitutes Shirish Kinder, the guy slapped by SRK. Given a chance these bootlickers will make Owasi President & Dawood as Prime Minister of India.",1
facebook_corpus_msr_444196,Because there are too many mad dogs from congress who will not listen when he speaks.,1
facebook_corpus_msr_1804897,"Duplicate is always a duplicate..
Betrayer Anna ..
Anna fooled the nation ..An agent of BJP..
Where is his satyagraha..
Where is Lokpal...",1
facebook_corpus_msr_371532,"Gandhi Killer Ram (Nathu) Temple in India......

Big Shame 4 India........",1
facebook_corpus_msr_394637,We just killed 7 of your mughal blooded barbarians. It's not even a beginning.,1
facebook_corpus_msr_1525116,Don't believe of this pig he killed countless muslin in fake incounter he not against kashmiri he against Muslim,1
facebook_corpus_msr_1729316,"🕉BJP or Modi or Amit Shah does not have any #credibility of landslide victory in UP or other BJP ruled states they won the elections on #Cow Politics and 
#DivideNrule dirty politics in India since 2014: BJP dominated by RSS and their affiliates are #DIVIDING India on the basis of: Religion, Language, Culture, Wealth(rich n poor), Race Cast n Creed, Food(Veg & Non-Veg) and at last but not least on #Color(Black n White) & Demonetization(Black n White Money)

Ram Jethmalani exposes Modi and Arun Jaitley.
https://www.facebook.com/TheNewFekuExpress/videos/1844393635809962/",1
facebook_corpus_msr_324318,And don't show me your machoness! India is mine too as much as yours!,1
facebook_corpus_msr_2379853,All priority on the recent appointments are being given purely to upper caste. Observe. Don't be a blind bhakth,1
facebook_corpus_msr_1937565,He is same joker who got a tight slap from King Khan for his stupid behaviour and he could not do anything. Again he is proving that he is expert in stupidity and nobody can match him in that. Btw who is Shirish Kunder? Shirish is the guy who got a tight slap from King Khan......and he is husband of Farah Khan.......this is his introduction......and media is giving so much importance to a person like him just to target BJP and Yogi ;-),1
facebook_corpus_msr_2111311,"Left and right against secularism and supporter of terrorism, Kerala is d best example",1
facebook_corpus_msr_2379912,Delhi police are thugs. Last year they beat up Army veterans protesting peacefully at Jantar Mantar on the orders of Rajnath Singh.,1
facebook_corpus_msr_443996,Keyur Panchal industry also creates crooks like Vijay Malya and Ambanis,1
facebook_corpus_msr_2379902,"Well done !!!! Side with useless traitors , u get it back !",1
facebook_corpus_msr_2280065,"you statement is vague, thus, doesn't make sense in the least. please revise.",1
facebook_corpus_msr_1563569,David Clark  America has NO National Religion or Language. All EDUCATED Americans know this.,1
facebook_corpus_msr_1723755,"Religion based practices should not come out of mosques, temple, church, gurudwara",1
facebook_corpus_msr_328982,Indian paracommandos love beheading.....Just wait and watch.....They already proved earlier....Atleast  50 paki bodies will be burnt down just like in 2011,1
facebook_corpus_msr_423617,you are  a wine drinker william ....so we need not listen to baby boys .....first wear your diaper properly ...rest in peace in the bottom of the grave,1
facebook_corpus_msr_1583949,Shame on dirty and jealous politicians..,1
facebook_corpus_msr_1261716,Fools on the roll.  May God bless India,1
facebook_corpus_msr_1946732,5th fail Moulvis suffer from a decease now-a-days to interfere in all matters to prove themselves 5th fail Moulvis. Horrible... !,1
facebook_corpus_msr_425959,Hie sonia IDEA FUT long@108 target plz and voda merger,1
facebook_corpus_msr_1561860,"She is very emotional person, doesn't suit her in police uniform.",1
facebook_corpus_msr_445673,"Quais A jalal....
Ur surname should be changed to jaahil
By the way someone said it correct...

Ur name explains ur comment very well :p",1
facebook_corpus_msr_2349536,Actually this ##islamic religion responsible for such a mess up scenario around the world.,1
facebook_corpus_msr_1563627,No we stand by Israel. Arabs were allied with Hitler,1
facebook_corpus_msr_1736984,Saradindu Jena shame on bhakts like u 😂😂,1
facebook_corpus_msr_32278,"Police is their tool to silence us. Police is not for US, police is for them. I dont understand which is more dangerous, this man who is openly threatening or people who are writing sick comments on TOI page for this story.",1
facebook_corpus_msr_325033,Who the hell is government to decide what to eat and what not.,1
facebook_corpus_msr_1723753,"Navratri or any other ocaasions appear to be 6 to 10 times a YEAR.
I think thats a little lesser than the 5 times a day thing....",1
facebook_corpus_msr_1561703,Screw both of them trollops,1
facebook_corpus_msr_1723450,"I think problem is not loudspeaker, but 'loudspeakers'. Even when one will suffice in an area, due to many mosques near to each other, they all start Azan. Second thing is Nowadays the problem is that, not everyone sings azan, as it should be. So it sounds very irritating. Most of the Indian maulanas don't know how to sing a perfect azan. Otherwise it sounds very soothing. Like this: 👇

https://youtu.be/LGX6wX2GhcU",1
facebook_corpus_msr_1724289,He said fair enough👍🏼,1
facebook_corpus_msr_451911,this is the worst live cast of any product I have ever seen,1
facebook_corpus_msr_1673930,Binny shud not be in the playing 11 .,1
facebook_corpus_msr_1979842,"http://indianexpress.com/.../fatwa-issued-against.../

Dear Indian Express,
I feel sorry to write that your journalists are out there to misinterpret events and present them in a distorted manner just to make some sensational headlines. The news about upcoming singer Nahid Afreen has been prepared without proper research and investigation. It was very sad to see that your journalists don't even know the difference between fatwa and appeal. 
A fatwa is a non-binding legal opinion issued only by a qualified jurist (Mufti) on a request by someone who is unable to understand religious guidelines whereas the leaflet that is being circulated and presented as Fatwa is just a hard copy of an appeal signed by 46 men who believe in religious practices. The merit of appeal can be discussed on many grounds and in many dimensions but first and foremost, an appeal can not be called a legal opinion (Fatwa). 
We expect apology from your side for such a mistake",1
facebook_corpus_msr_431241,Ask those dogs to keep quite ...who are disturbing modhiji to speak,1
facebook_corpus_msr_456258,These journalist get money to ask more n more questions,1
facebook_corpus_msr_326912,It's india army who mutilated own soldiers only to play victim card and create justification to Mutilate bodies of Pakistan Soldiers ...... Shame India,1
facebook_corpus_msr_1723616,"He is jobless and need limelight 
And I didn't understand why people calling him sir with a cheap mentality...",1
facebook_corpus_msr_2081769,He is soo cheap,1
facebook_corpus_msr_1724355,Every religion should stop using loudspeakers,1
facebook_corpus_msr_324306,What   a shame for us.Even the  doctors  can see a patient is poor but still they dont even bother to do the treatment . Shame on their actions and their education is useless if they can not treat the poor person with love and care without money.Lots of disparity between rich and poor in our country.People forget that every one will die one day so just think about your actions and karma.,1
facebook_corpus_msr_324303,Arrangement is made through administrative process.. not by personal choice of doctor u fool👆🏻 @tomar.,1
facebook_corpus_msr_1525130,your job is to kills innocent kashmiris,1
facebook_corpus_msr_451906,"Boring as helll....i can sit thru a lecture in collg, but THIS!",1
facebook_corpus_msr_1723983,she jobless singer .,1
facebook_corpus_msr_2145856,"Did Akshay Kumar really slapped  him in Jolly LLB 2  ? If he was indeed slapped, Annu Kapoor richly deserved it.
Anyway , happy birthday.",1
facebook_corpus_msr_2018487,"Instead of being a successful woman professionally, be a successful mother, wife, daughter.",1
facebook_corpus_msr_322956,Where is that illegitimate kid of john dayal Mizz Gurmeher who till date don't know whether her father died in Kargil or in encounter with terrorist to meet these people and convince???,1
facebook_corpus_msr_1723508,"Cow ban - no forced religiousness 
An old man beaten to deat on doubtful grounds by cow vigilants - no forced religiousness.
Day and might concerts with loud speakers : no forced religiousness. Use of loud speakers on navratre/ganesh chathurthi/holi/ jagran : no forced religiousness.
1 min azan : forced religiousness 
We muslims can give up cow meat for our hindu friends!! No big deal, but such horrendous statements by hindu celebrities are disgrace to secular status***",1
facebook_corpus_msr_401306,"start eating and feeding indian.  All of you Indian came to US, England and feed others country poor while you abuse your own.  Its a shame how proudly you brag that we have good live in India, Pakistan etc, where we have servants,  Really servants are not humans?  Yes you all need to stop the scam of making young people of India Pakistan, Kashmir fight so you can serve the western powers and get favors.  Corrupt, Indian go get caught but they have unlimited money from the working Indian to give charity in the western country. Only you can stop this scam but not letting these politicians convince you from killing each other so they can make money. Its all about your money. You all have no idea how hard you work compare to the rest of the world.",1
facebook_corpus_msr_1723800,"He s doing all these drama , because he s out of business and he wants a ticket from bjp ..that's why",1
facebook_corpus_msr_1582218,"GARBAGE, Its so perfect that it never worked anywhere in the World. It gave too much power to the leaders and removed all power from the people, in theory it should have worked the other way round. How amazing that this fool made a perfect system for ants and bees to follow mindlessly. He just forgot humans have desires and you can not just climb the ladder of politics and become a dictator, there are artists, comedians, businessmen and numerous other ways people want to grow. Its a great idea that everyone live in one giant apartment but where is the economics to build it? Everyone work who buys the goods?",1
facebook_corpus_msr_446098,"Great work , people who don't support Modi are JOKERS and cartoons like Rahul G and Arvind K",1
facebook_corpus_msr_1613984,And also paid by congress,1
facebook_corpus_msr_1805290,Anna Hazare is the biggest agent of BJP.,1
facebook_corpus_msr_2346488,And u r not beautiful at all,1
facebook_corpus_msr_2159095,Murder of democracy.,1
facebook_corpus_msr_1563554,You're dumb lmao,1
facebook_corpus_msr_2018639,She got married even before college. She doesn't know what does work involve and what does it mean barring how one feels when working. So,1
facebook_corpus_msr_1487733,Egoistic words!!! Over confident!!!,1
facebook_corpus_msr_1723353,"These sick minded people are just attention seekers, don't give such importance to these psychopaths. This kind of illness can't be cured. Just leave them as it is.",1
facebook_corpus_msr_1805292,India and media was wrong to trust you,1
facebook_corpus_msr_1724264,I hate sickulers,1
facebook_corpus_msr_1493801,You dnt wry abt us we knw whom to accept as hero i.e.jadhav nd zero i.e.porkistan...nd if uh ppl hav brain use it which spy bring hiz real passport nd identity card  carry with himself???poor nd uneducated fellow u all are..,1
facebook_corpus_msr_1723852,"Common guys there is a difference in between loudspeaker on Navaratri which is once a year , and that azaan loudspeaker daily that is also at 5 o clock so irritating",1
facebook_corpus_msr_1979937,Ask him if he misses his mothet,1
facebook_corpus_msr_2256388,What an foolish women...,1
facebook_corpus_msr_452166,hope it doesn't becomes dominos bike... such a lousy launch,1
facebook_corpus_msr_401340,"only state they are in mojority is j&k and look what happened to hindus there
.
.
.
Islam is a religion of the devil masked as GOD
.
you can never expect good and nice things from muslim countries in the first place",1
facebook_corpus_msr_2032110,No way hindus can hate patriots like you Sir,1
facebook_corpus_msr_671945,should i laugh or cry for this stupid demand.,1
facebook_corpus_msr_1723030,"Don't go for debate with this stupid people they will never accept Islamic activities by heart,debate wth this people is like debating  wth donkey",1
facebook_corpus_msr_398319,BETTER YOU MUST GO AND HAVE DIALOGUE WITH PAPU  AND YOU MIGHT GET SOME GOOD IDEA,1
facebook_corpus_msr_1805324,This old man is useless.,1
facebook_corpus_msr_472677,All the khans feel murdered......money printer or hoarder of black money.....,1
facebook_corpus_msr_1490564,May be true....BJP needs such morons in their party,1
facebook_corpus_msr_332283,Allie of  pakistan in india :P i wonder wat this modi gonna ask from him or wat the heck he want from india During world war 1 indian army faced turkish army and chased them out of middle east,1
facebook_corpus_msr_1521704,It's not a cultural festival...CPI (M) people held the beef fest in protest...the point is since when did people in Kerala start talking in such communal terms ....the BJP is trying very hard to get a foothold in Kerala and what better instrument than inciting communal violence in the name of cow and beef as they are doing in north India,1
facebook_corpus_msr_1887298,Hahaha... They are not being given full powers in Kashmir. Kashmiri youth kill them & they don't have orders to shoot not even to save their lives.,1
facebook_corpus_msr_379179,"Now it's time for hit the bastards hard,  no time for "" kadi ninda "" but time for action...the barbaric action shows , it's not a human work but of animals. And when pigs r gone mad , they r not treated they r shot dead. Our great army men got martyrdom ,take the revenge kill the bastards hard on their land and hard n very hard.",1
facebook_corpus_msr_451857,Marketing guy needs a brain washing ...what is he positioning,1
facebook_corpus_msr_1723174,"Haha peace from pakistan wow . come on Fatima Farooque don't waste ur time here it's just a normal view of a Singer and In india u have freedom of speaking whatever views v have,  anyways how is kasab is he in jannat with 72 virgins.do u have any views on isis or triple talaque , even that is part of Islam right. Hope u don't face triple talaq in ur life will pray to Allah for ur safe marriage.",1
facebook_corpus_msr_462624,Should Companies behave like runway robbers to make money.Their actions clearly show that the move by this insensitive govt. to demonetize notes of higher value was made to promote their business at the expense of over a billion people.Will they take responsibility for so many people who died standing in long queues.A woman at Kanpur had to deliver baby in bank premises .Shame on PM Modi and his bhakts for sacrificing humanity at the altar of these multinationals.,1
facebook_corpus_msr_2041585,All the johars and likewise are nothing but chamchas and asslickers of big stars. Too many sycophants and ego blowers. . .,1
facebook_corpus_msr_469980,Sonia I am asking from last five days on rel.cap please reply,1
facebook_corpus_msr_1775219,Next slap to sm Krishna..... Saya time nalli aase,1
facebook_corpus_msr_1763601,Bloody idiot BJP does not need to target you or Kejri you guys target yourself,1
facebook_corpus_msr_1723076,"Hindus in UAE n Saudi arabia....they cant complain miss.  U dont know those r islamic nation ..u cant propogate ur religion.    
Its not bcoz they r used to it. Its bcoz they just cant ...they will have to leave that country..
Sonu nigam has mentioned that therr is problem only wth azaan...no..every religion which uses so much noise in the name of religion is wrong..",1
facebook_corpus_msr_1736988,"I like the comments. .

I am what  I am 

I don't aspire  for any authentication  of my practice  of morality which  I kept in sactum  sanctorum. .

Away  from these 

I never  identify my self  with any political  party. . It's your view  that I am bakth  blind so on.....

I comment.. and continue  on such  posts  where  it's  needed. . So called  freedom  of speech  ..by presstitues  jargon 😊😊😊",1
facebook_corpus_msr_1956236,It is the legacy that SP and BSP have left  after years of rule.Their arrogance and treachery will not be forgotten easily,1
facebook_corpus_msr_1797821,What is plain and simple is: people of Goa rejected you and you imposed yourself on them by buying/luring a few turncoats who also betrayed people who voted for them for their standing against the ruling party. That is unethical by any yardstick!,1
facebook_corpus_msr_431340,"Macchi u people only be licking Congress shoes. B, cos for vote bank they licking us, if ur terrorists also.",1
facebook_corpus_msr_1490557,Kejriwal is a fraud,1
facebook_corpus_msr_2073714,"Your problem is your religion.., he may be a noble laureate..  Here the question is hard work.  How hard did he work to show the might or the valour of India to the rest of the world like our PM.  His daughter is in films who is ready to act even nude..  So the second thing is our culture and values.  Considering your religion this may be insignificant to you.  But that is another curse on  India.. We have to bear it...",1
facebook_corpus_msr_1787323,No law.and order only army court give judgement .Support by GRP of terrorists,1
facebook_corpus_msr_1956909,That rape comment is a bloody lie and if I were with BJP I would have bloody sued off these biased presstitutes for whatever they are worth. All yogi takes about is retaliation if something happens to his people and I don't anything is wrong with it. If you go by stats from UP which were released by secular govt of UP it shows that eastern UP and especially Gorakhpur is far more a peaceful place than western UP and its because of Yogi. Also check the reputation of Gorakhpur before Yogi Adityanath became the MP.,1
facebook_corpus_msr_431193,"You Congress people our hearts are burning when we compare the present level with that of lokmamya tilak, dadabhai now rojee,malavya, jawaharlal nehru, jatipitha  gandhi. I appeal to you to bring back the dignity of those stalwarts.",1
facebook_corpus_msr_431947,People need intellectual brain to understand what Mr Modi is doing... people abusing him are Bewkoof,1
facebook_corpus_msr_1361764,What is wrong in it. He is corrupted person,1
facebook_corpus_msr_1521792,At least those North Indian fanatics really don't eat Beef n have a right (vocal ) to object but Malayalee ?  What frauds of the nth kind. ?  Have you heard of any Malayalee who will show revulsion to beef  ? at the most say he doesn't take MEAT which means no meat and not any dislike to Beef. !!,1
facebook_corpus_msr_1724019,Blade fool,1
facebook_corpus_msr_2081782,So u r a complete idiot....,1
facebook_corpus_msr_2018535,"That's what happens when you skip your education to marry a rich guy 10 years elder to you.
Being a homemaker is your obvious choice but what about independent working mothers & single mothers? 
Make your own choices but don't run down and belittle women who don't have your luxuries. 
And I'm sorry but what makes you think that it's okay to spend just an hour with a puppy? Like how can one even compare. She's ridiculous.Aishwarya Joshi Sreoshi Bagchi",1
facebook_corpus_msr_327870,Buddy  vikram we have lot of international friends dont worry about pak. Do some thing to  clean india 60% without toilet nation fuc...k,1
facebook_corpus_msr_1561766,MLAs come dime a dozen. Its a shame that this creature could not respect a woman or a police officer or a human being. Maybe if a stray cow was on the road he might have acted more respectfully.,1
facebook_corpus_msr_322698,"Oh Pak army or should say porki hijada army whose country didn't excepted the bodies of their dickless coward army during kargil war,army which submitted infront of Indian army in 1971 and east Pakistan became Bangladesh...And hijada army couldn't even save school childrens from merciless killings and Indian forces really  reached Lahore in 1965..",1
facebook_corpus_msr_1723779,I DISAGREE WITH HIM !NO ONE HAD PROBLEM WITH AZAAN EXCEPT THIS FELLOW..,1
facebook_corpus_msr_473754,"*PURE DESH ME AFRA TAFRI KA MAHOOL HAI...INDIA KI 98% JANTA GARIB HAI..YE MAAR ASLI 98% PE MARI HAI MODI JI NE..YE ACHA NHI KIYA BJP NE PURA VYAPARI VARG ROO RAHA HAI KHUN KE AANSU BJP WE SHAME ON YOU*

*B.J.P..*❌❌❌❌❌❌❌
*MODI..*❌❌❌❌❌❌❌

*WE REALY SHAME ON YOU MODI JI..*",1
facebook_corpus_msr_398374,No any dialogue only dialogue  baltastan and POK not Kashmir,1
facebook_corpus_msr_1723277,he said just because he wants attention of indians again no one listening his songs he wants to come back thats why he is targeting muslin religion ..he is above 45 year old did he first time listen prayer call... shame on you... and when this brutality end when muslim is allowed to eat beef in islam who they are to stop them... stop this forcefull acts ... just drink cows urine its your punishment from Allah....,1
facebook_corpus_msr_2082503,Useless remark,1
facebook_corpus_msr_1521723,80% of kerala peoples like beef....we dont like anyone to interfere in it!it is the right to eat what we desire....we will unite  against beef ban....it is because of the foolish performance of bjp and alliances in the field that they can't get much hold in kerala,1
facebook_corpus_msr_1723217,Fantastic ! He said it right ! Loudspeakers create nuisance and disturbance and also Politicians and fundamentalist s misuse it with their fiery announcements ! Ban it for ALL communities except for special occasions with prior permission s !,1
facebook_corpus_msr_2032154,"The killer of Nirbhaya can roam free, but police killing Muslim boys before proving anything, being Muslim as if, is antinational. If the father accepts the boy, the neighbours will lead the family to choose death, mentally and physically. Ministers also rule with criminal charges here. Bitter truth.",1
facebook_corpus_msr_1723339,Navratri and Ganesh Procession does not happen everyday whereas Azan keep on disturbing every day...must be banned....Do not need to learn secularism from Pseudo-Secularists....,1
facebook_corpus_msr_2379896,Actually all rohith supporters are in turn yakub supporters as rohith supported yakub😂😂😂,1
facebook_corpus_msr_2280061,Indian Express is in realty Musalmaan Express.Like NDTV it's grinding it's axe since Trump won same as they houned Modi. Journalists associated with IE & NDTV should black-listed & their relatives if any in US should be kicked out.,1
facebook_corpus_msr_1775237,great. so mr. feku your acche din shuru ho chuke,1
facebook_corpus_msr_1722768,"Advertising is non issue but the way is. About four decades earlier the government was distributing the product free of cost at petty shop, at travelling points and in the offices of ministry of health. Unfortunately the process of family planing discontinued and given up following the aggression being practiced by Mr. Sanjay Gandhi, son of Indra Gandhi during her rule.",1
facebook_corpus_msr_332566,"Under Rajnath Police, even his state president is not secure...they talk of EIP bluff masters !!!",1
facebook_corpus_msr_403227,These people are throwing stones because they are paid to do so by terrorist country Pakistan.,1
facebook_corpus_msr_2018650,"Instead of being a successful woman professionally, be a successful mother, wife, daughter.",1
facebook_corpus_msr_1804899,India will not forgive this idiot. An amazing momentum that was built with the anti-corruption wave in 2010 saw the death because of this Man's ego and delusions of grandeur. He's a big loser as far as I am concerned,1
facebook_corpus_msr_397822,Why Pakistan behave like coward ??........if they attacked than accept it .....or if did not attack than accept that it's terrorist attackers come from Pakistan,1
facebook_corpus_msr_1521779,communism bootlicker of china r finished from every part of nation except kerala & tripura soon they will go down 0 in these states also...... from killing human being to animals only these justified their ideology from marx lenin mao che to every naxal in india they have only killing in mind................,1
facebook_corpus_msr_330868,Israel is better than Turkey.Turkey is dangerous .A threat to world peace.,1
facebook_corpus_msr_408480,Our leaders are just drunken sots and beastly guttons do you agree?,1
facebook_corpus_msr_362337,"Very bad news channel is ABP Neaws channel
Only BJP news channel in this world
Very bad news channel is ABP Neaws channel
Not interested in indian people",1
facebook_corpus_msr_350059,"These congress goons have no more agenda, and will interfere in anything and everything, it's about time you stopped barking.",1
facebook_corpus_msr_2081790,Most irresponsible ex cricketer of world.,1
facebook_corpus_msr_368282,Throw that kejriwal out. His arrogant behaviour costed the party alot. they lost their diginity now.,1
facebook_corpus_msr_1804844,"Look at the timing of this BJP & RSS  sponsored man, #ANNAHAZARDOUS just at the brink of MCD Elections...where is his struggle for LOK PAL.. Why no more fasting drama??.#Arvindkejriwal is most hardworking,dedicated and honest politician of our times...His work speaks for him..",1
facebook_corpus_msr_1723772,Be a human first..stop blaming  others on religion grounds stay in sound proof house,1
facebook_corpus_msr_32272,Killing in the name of Durga is the new 72 virgins.,1
facebook_corpus_msr_2232193,Let them kill each other. Dacoit parties both.,1
facebook_corpus_msr_326845,Only pigs can admire the capabilities of piggy army of pigistaan(pakistan),1
facebook_corpus_msr_1723014,"Are there Hindus and their temples still in Kashmir? 
But I am against all loudspeakers in all temples, mosques and churches and all religious institutions.",1
facebook_corpus_msr_1723264,"U r absolutely right a prayer should give positiveness to the life it's so much irritating,anyone making you understand secularism just stay near by the loudspeakers than u know the real pain,everything should be in limits,but y some ppl trying to make this secular or non secular,it applies to all even temples also,but I never heard so much noise level from any temples.",1
facebook_corpus_msr_2111326,"Sir, Communist against nationalism everybody knows it in India.",1
facebook_corpus_msr_1833349,"Stop dictating, there is jungle raj in bjp ruled states, where innocents are killed by terrorists, and those terrorists are with full hope that party in power will come to their rescue..",1
facebook_corpus_msr_1414024,This is all politica to divert people mind from promises given to them is impossible to fulfill and also bavas cannot fool people if the message is adopted bij People,1
facebook_corpus_msr_1723468,"He is a singer,, but not a wise man ...... 

Ignore ignore ignore & more ignore him  ...

so if he feeling disturbing then he shift to another place where Azan doesn't reachable......",1
facebook_corpus_msr_397847,U always are liar Indians from #Gandhi To Modi U R Always Cheaters,1
facebook_corpus_msr_1724320,He is crazy man all,1
facebook_corpus_msr_2280076,"It's Chinese year of the cock, so they're all out in full force on social media",1
facebook_corpus_msr_1493877,HAaaaaaHaaaa Do u think pakistan will follow this decision.:D.:D,1
facebook_corpus_msr_324285,"UP is having one of the worst health system and infrastructure in the country.
Now they r busy in making identity cards and ambulance services for cows.
Doctors can't do much without adequate infrastructure.
Even for simple ailments many patients are being shunted to Delhi.",1
facebook_corpus_msr_1723714,"Don't compare azaan with Hindu festivals, Hindu festivals are special occasions. Azaan is 5 times a day for 365 days",1
facebook_corpus_msr_331050,Immediately clise all RSS/ BJP offices across WB... then throught India,1
facebook_corpus_msr_1805369,He is fuddu no 1,1
facebook_corpus_msr_456411,Bajaj doing a funeral for their bike cos its crap,1
facebook_corpus_msr_1724229,Unite Muslims against fake Hindu religion,1
facebook_corpus_msr_2126966,"81 seats for BJP HISTORIC performance & 4 others also supporting means BJP emerges with highest seats 85 in BMC...
But but modi destroyed india because of Demonetisation 😂😂😂",1
facebook_corpus_msr_393922,India Need Strong Defense Minister and Home Minister. Currently both are useless.,1
facebook_corpus_msr_1956910,"If he had been so wrong,how he been winning  elections one after another. He represents all section of society consisting  of all religion  and castes. Being pro India, He is described  Hindu terrorist. Shame on such media.",1
facebook_corpus_msr_335346,This ex service man should be penalised very heavily....his pension privileges need to be stopped....such scoundrels will never back off and will teach/share war skills to anti social elements.....this case should be handled by NIA,1
facebook_corpus_msr_2199146,"Azam Khan is nothing but a faithful dog of Akhliesh, why Azam did not raise this question when Khargea made a remark on dog, that time you were sleeping you idiot Azam Khan",1
facebook_corpus_msr_857661,"Majority should come to any party otherwise it would be difficult for good governance like Bihar
 Akhilesh joined hand with Congress means he was not having confidence on his party and compromise on his ideology a d forgot that Congress was not giving weightage to sp after having 40 MP. SP , BSP, RJD, and all small parties grown up against Congress and they are giving birth space to Congress. When Congress will come into the picture means they will be finished but who cares. It's not ideology politics. It's opportunists politics",1
facebook_corpus_msr_2111208,"Now it should be communist mukt Bharat
This bloody communist have always used the poor of Kerala and ruled the state
Now ppl please open your eyes this bloody communist are of no good
My family also always supported the communist
But the truth is they have always used poor people for their own purpose",1
facebook_corpus_msr_1723257,Islam never said in Quran shout on loudspeaker...  Yes every excessive use of loudspeaker should b ban...  U visit malwani in Mumbai n okhla delhi during Friday...  U will hardly find noise in okhla kutba shouting...  But in Mumbai malwani they shout for prayer call every day one after another on masjid speakers n kutba is like as if American r just about drop bomb n molvis giving his last speech before    raging war against America... Why it's so ? in Muslim area they don't use Mike as they use in mix locality...,1
facebook_corpus_msr_1723834,He shouldn't be sing anymore o think his fed up now looooool,1
facebook_corpus_msr_451806,Show the bike .. We literates we will be able to understand ... Don't waste our time,1
facebook_corpus_msr_502322,what is the profit margin or service charge for innovative birla  brain solution,1
facebook_corpus_msr_2111330,What you know about reglious you are comminest  devil's tell me do comminest has any reglious value comminest devil's are babirian,1
facebook_corpus_msr_1833348,How dumb this woman is 😡 wot a fate of Indians these people r representing in parliament. Who  even don't show sympathy towards human life. 👎,1
facebook_corpus_msr_332279,Suvodip is indian PM is best in world lolz this feku modi cant even able to reduce price for fuel even after its been reduced in world market such a idoit is no1 PM lolz,1
facebook_corpus_msr_2032122,"What rubbish u r talking about?Muslim.are peaceful ,the whole worl d is affected by ur peaceful act.as far indian muslims are concern Its all due to some of ur muslims the whole community comes under lens, definitely its wrong but  u can't deny that people are there within ur community who endorse pakistan overwhelming and they know that u can do  in india and get away.Do any pakistani muslim endorse india he or she will has to make his or her aay to the jannat.",1
facebook_corpus_msr_1710286,Bcz we have worst RM ever,1
facebook_corpus_msr_2117624,"Hate crime is rising in America. It was just a gift from Trump government to Indians who were celebrating birthday of that hatemonger.

My sympathy to the deseased family, though no one else can understand your pain.",1
facebook_corpus_msr_394642,Sinkandar for your point of view Taliban is peaceful community?,1
facebook_corpus_msr_322586,"Porkiestan is ISIS PART ONE created on the land of Sindh n Punjab, After Genocideing 30 lakhs Bangladeshis in 1971, Porkiestan funded the Jehadist elements of Kashmir n Genocided millions of Kashmiri Hindus during the 1991, Now Porkiestani Army is Using Chemical Bomb against Innocent Baluchis People..porkiestan Murdabad",1
facebook_corpus_msr_347635,Tears r in our eyes helpless before busdil nikamee govt no one is there wards martyring  salute,1
facebook_corpus_msr_2018529,I think she didn't have time for interviews between work and a new baby ... this person obviously has time on her hands to throw her world view on everyone 😒,1
facebook_corpus_msr_23437,cpi a fallen party and jnu a scandalous institute and kanhaiya the son born out of scandal activities,1
facebook_corpus_msr_1723741,Respect to aull indians.... Jobless ... Cant sleaap well... I dnt like him,1
facebook_corpus_msr_1649465,"If I remember well, recently the prince was sentenced to jail. Partiality happens more in India when police protect hindu terrorists who have killed innocent Muslims.",1
facebook_corpus_msr_1736999,Ye To AK47 ka bhi BAAP hey...Sab Se Bada Nautankibaj ...He knows AAP is gonna be NO MORE in couple years ...hence he started shifting gears early..!?😀😜,1
facebook_corpus_msr_1622381,Indian Express ur thought process is rusted.Instead of focusing on the achievement of the boy u people are concerned about him being a dalit.Achievements do not differentiate between dalit or general.,1
facebook_corpus_msr_1723553,Sonu Nigam knows what he wanted to communicated in Twitter & it's well planed. But his gain will be limited rather he opened an unhealthy situation for him self.,1
facebook_corpus_msr_1723214,Lol brother what are you talking  about...Ur comments make no sense,1
facebook_corpus_msr_2349546,"n the name of religion Christian people never kill anyone ,Isis  call Alla before killing people ,can we call them human ,!?absulutely not they r animal",1
facebook_corpus_msr_407781,So it was never required when ex  pm IG was the PM. Educated idiot,1
facebook_corpus_msr_408450,"""DAMINI""  is death from her body only bt  she is living in our heart .she vll never die.she is alive forever in this world.if nw also goverment is nt taking hard and hard step it is very same for us tht we lady is the part of ths society.its means tht in india only 2 ladies r safe?",1
facebook_corpus_msr_2111269,Look who is talking in same Kerala every week one Hindu is being killed and state Government is doing nothing about it..,1
facebook_corpus_msr_1521732,"& nidhish nair, there are converts into nair fold around here also and you fit into that catagory because all the Nair's in my area are too fond of me and respect me highly and respect the world class religion I have adopted also . Sorry for you there are exemptions always",1
facebook_corpus_msr_326450,Anil rhomas fuker y dont u go with thm u loud mouth,1
facebook_corpus_msr_1723323,"Sir , have you totally lost it ? Are you even seeing what nonsense are you tweeting !! Nose pollution is a different thing but stating that some other religion's prayers are forced on you thats sheer madness ..am a hindu n i am also woken up by azan in the morning n to me its really beautifull .. i respect you a lot sir but pls atleast think before you are tweeting something like this ..you should understand n do care about the feelings of other people from a different religion .. my words may be impoliet but yours where harsh",1
facebook_corpus_msr_1805294,"You wanted big fishes, so only drama you can do.",1
facebook_corpus_msr_331404,"Gaurav k actually Indian Muslims has great obsession for their masters..they got that boot licking habit from their boot licking  ancestors ,who couldn't hold onto their own root..",1
facebook_corpus_msr_1737132,A filthy racist thug,1
facebook_corpus_msr_1945441,He is only Dick .,1
facebook_corpus_msr_1737130,"You are known as prestitute for a reason, no?",1
facebook_corpus_msr_397834,Pakistan always lies and denies the barbaric acts committed by their army for mobilising international support.,1
facebook_corpus_msr_1723300,"Dear Maya, we are only using loudspeakersduring the time of festivals, it's not our daily practice to disturb others. And if anyone getting disturb due to this, they should keep in thought and mentality that that was only for 10 days not like daily 3 times in a day.",1
facebook_corpus_msr_397877,they are all liar they can not accept wht they doing since 1947,1
facebook_corpus_msr_1723775,hes true i support him Azaan shud be banned so that peace remains in India,1
facebook_corpus_msr_1731488,"During his rule in Bihar, the pilgrims had to bow before his photo and then proceed on their journey, such a great king he was.",1
facebook_corpus_msr_331244,Did this RANDTV go to kairana where Hindus were forced to flee. Or they covered news of hanuman jayanti in Bengal where Hindus were beaten up? No. Coz they wanna defame just the government. They are fine with jehadis creating mayhem but if any violence happens anywhere they attribute it to cow related violence.,1
facebook_corpus_msr_1521651,Prasanta Behera .morons like you still divide India into south and north.. and u want us to follow ur idiotic philosophy and give way to ur leadership.. . You are nothing but a nincompoop masquerading as a Hinduism-minder trying to practice jingoism in a state with full of highbrows!,1
facebook_corpus_msr_1893452,Ban it please,1
facebook_corpus_msr_2141827,"It wud be the most stupid, idiotic and jerk idea if India agree to sale it's crown so called BrahMos missile..",1
facebook_corpus_msr_1722933,Don't say sir to this bloody sonu ...instead go and slap him,1
facebook_corpus_msr_2029799,Bloody idiot senas,1
facebook_corpus_msr_1712686,"Is it daughter will sell mother or fathers or any at online Gomatah
Ha ha ha ha ha ha ha bloody RSS",1
facebook_corpus_msr_1731709,gone mad,1
facebook_corpus_msr_1922884,PIG CHILD,1
facebook_corpus_msr_2349583,"trump goona clean terotist ,,like Isis ,u think him racist ,",1
facebook_corpus_msr_2081708,Shame on you shewag actually he don't have any work left with him all the time he is on twitter or fb moron,1
facebook_corpus_msr_334530,"Hahahhaha, this would be the great change in a chutiya party, one chutiya (stupid) will replace by another big chutiya (big stupid).",1
facebook_corpus_msr_397800,"Stupid people, u need to leave Pakistan and surrender yourself with Indian Army, so you can live, live in future.",1
facebook_corpus_msr_1945450,Haters gonna hate...@pseudo seculars....Pseudo seculars are  the most dangerous people now. Days...Indian Express is the most vulnerable to people's unity...It's the most pseudo secular news channel..,1
facebook_corpus_msr_2117623,"One wonders if white Americans can differentiate between BanlaDeshi, Pakistani, Indian Hndu. Any crime is a e terribly  sad matter but to blame government does not seem right. Those Islamists engaged in terrorism are creating misery for innocent Hindus, Muslims and subcontinent origin Christians. Therefore if any thing, one must blame those Islamist indulging in terrorist activity because must eliminate such people.",1
facebook_corpus_msr_397812,Subhajit Ghosh need to kill atleast 7000 at one go,1
facebook_corpus_msr_2082441,Ashish kr I have talked of cyber crime and not of criminal taking money physically after withdrawing from the bank. Don't negate an idea by foolish example even without understanding an issue.,1
facebook_corpus_msr_405636,"Did any Muslim of our country say anything about this,if yes then I will be really happy for that",1
facebook_corpus_msr_1972717,"This ""President"" of the INC should be thrown out first for his profane and nonsensical utterances in the course of the poll campaign. He tried to match Pappoo sentence for sentence in absurdity... and the result is there for all to see !!",1
facebook_corpus_msr_422167,PLZ speak to rajdeep sardesai to offer public apology. Shame to journalism and paid media. Om,1
facebook_corpus_msr_288087,Jatle totly  failer  minister  in india,1
facebook_corpus_msr_1689939,Jio very slow network ... Survey is wrong,1
facebook_corpus_msr_329966,"we hindus care innocent animals unlike xtians and peacefools , thats why im proud hindu",1
facebook_corpus_msr_1805207,What will a chaddi like you do in AAP?,1
facebook_corpus_msr_1737013,"A whole lot of hot air which says nothing, but simply aimed at getting him eyeballs coverage. Don't forget he was stupid enough to join AAP !!",1
facebook_corpus_msr_404147,"Yes, we accept gift from masters but we can't accept charity from slaves....",1
facebook_corpus_msr_1805235,anna is aanother middleman of bjp......he always speaks against kejriwal but never against wrong doing against bjp,1
facebook_corpus_msr_2199190,Stop barking,1
facebook_corpus_msr_496193,Very low audio. Please improve it.,1
facebook_corpus_msr_331303,When some dumb Hindhu people will know the worst theory of politics of Bjp and Rss,1
facebook_corpus_msr_1724195,Crap Sonu..😡😡😡😡😡,1
facebook_corpus_msr_331048,"#BJP leaders won't respect other leaders...if they say abt them ,they vl bark saying #Anti-nationalist...",1
facebook_corpus_msr_1737177,Indian media behave like prostitutes,1
facebook_corpus_msr_1723710,"real picture of so called secular  india, muslims r not allowed to practice their religion,  jinnah was right about two nation theory",1
facebook_corpus_msr_325967,We need to erase Pakistan from the global map geographicaly,1
facebook_corpus_msr_2081732,"Viru this is like cricket u missed the line of the ball & it bowled u.so before cmnt pl try to understand the remark in wider perspective , almost everybody wants peace not war & it should b avoided unless situation demands otherwise. Here u proved less maturity than 20 yr's old.",1
facebook_corpus_msr_1521638,"Lol.. chillax dudes.. we are mallus more than bigoted religious fanatics like u guys.. we eat pork, cow, buffalos, camels and even fish with pride!! Now you can find some non mallus to spread ur ignorance and stupidity!! Savvy? And stay out of our royal state!",1
facebook_corpus_msr_407039,This only for kids like you. Plz go and watch with lollypop in ur mouth.,1
facebook_corpus_msr_1736993,"Never  ever  I have  been disrespectful 
For your comments ..

It's your liking  your principles  .. you may  right. .

But doesn't  make  me otherwise",1
facebook_corpus_msr_1521829,"When all the world moves on with a new thrust we idiots are still discussing on others food. Idiots barking out here, if anyone comes up and tell eating aloo is against their believes will u stop eating aloo and produce lesser gas? btw pepper beef dry fry is really tasty, if you dont know ask your bjp mates in kerala,",1
facebook_corpus_msr_1724309,Maya Patel loudspeaker not started at 4.30 am.,1
facebook_corpus_msr_408045,Poor r starving n people r wasting thousand litres of milk on d posters of their favourite actors coz they treat them like God.... It's nt foolishness or stupidity. It's disgusting,1
facebook_corpus_msr_2111400,RSS is pro hindu dog thy r terrirts agents and telng othr innocnt people of muslium as terrirts isnt it jst undrstnd logic u guys r educate going back of modi to drink his.....,1
facebook_corpus_msr_2126979,Bark bark...bark 😂😂😂,1
facebook_corpus_msr_1873433,Is this a news ? If you have No news than shutdown the channel,1
facebook_corpus_msr_1723338,If your tweet against loudspeakers for noise pollution... it will be great... but this is targeted to only a religion basic.. thats y we are questioning... you are living in India...so you should understand there r multiples of religions in India.... Also you are singer .... first analyze your field how its polluted...,1
facebook_corpus_msr_1945546,Shirish kunder.. I don't know how u became what u r now ;) ##presstitues pole dancer,1
facebook_corpus_msr_334539,"NDTV SOLD OUT. NO ETHICS. NO MORALS. THATS THE PROBLEM IN INDIA. 
NDTV LOST ONE REGULAR Audience. BEST LUCK NDTV WITH THE SCRAP. 
 Off the people, buy the people, far the people.",1
facebook_corpus_msr_1723534,"Quite an absurd comment coming from a versatile singer like Sonu Nigam! How can he talk about a prayer being a noise pollutant! Next he will have problem with the sound of mandir bells and blaring Navratri Jagarans! Sorry, but your comments are pathetically bad! 😑",1
facebook_corpus_msr_464542,"clean up, rbi governor and modi immediately.to, save our country.",1
facebook_corpus_msr_463915,Mr Rahul Gandhi...dont have misconception of being a leader..you are a comedian..stick to that,1
facebook_corpus_msr_2380004,ROHIT is a COWARD boy media is giving UNDUE IMPORTANCE,1
facebook_corpus_msr_398277,It is high time the Indian military to take some retaliatory strikes to check Pakistan from misadventures.,1
facebook_corpus_msr_398252,The father of all surgical strike is in the offing please please please wait for sometime. Don't go away. Have patience.,1
facebook_corpus_msr_1833352,Just wanted to know whether killing innocents was also the integral part of that movement!!Madam shut your gob!!!You people are giving a bad name to our religion!!What happened in Rajasthan and various other parts of the country in the name of cow protection is of utmost shame!!,1
facebook_corpus_msr_405981,Support from all over the world except Pakistan and China the head ache of world community,1
facebook_corpus_msr_1805611,Agent of bjp,1
facebook_corpus_msr_471238,SBI Staff are not creating awareness on Digital banking..pl put any private representative to create awareness on Digital banking,1
facebook_corpus_msr_334510,"Look who is talking , 
A shemale who wants to dethrone Arvind kejriwal ji at the behest of crappy BJP.",1
facebook_corpus_msr_444244,A man who buys two thousand bikes for winning U0p elections is lecturing on fighting corruption. Devil quoting scriptures.,1
facebook_corpus_msr_328321,"Manoj sir,, you changed the topic. First you talked about #Roti & #Rojgar then you moved away.. You should be in your line coz what u said #BoltaHai,, NDA government nothing did about saying.. They didn't created enough employment and they couldn't stop increase rates of #Roti & #Dal..",1
facebook_corpus_msr_1521876,"When its not banned in many states,  it should not be banned in chaddi ruling states.There should be no difference in states",1
facebook_corpus_msr_1561819,she does not deserve to be IPS How dare one police officer can argue with senior MLA even it's a  ruling party. Police cannot insult MLA who is elected by the people and has to support his people. in such situations she should has to brave enough instead of emotiona..disgusting,1
facebook_corpus_msr_394700,No need behead them just send them your product they will die them self slow poison patanjelly!,1
facebook_corpus_msr_1521787,"Live and let live isn't an option that zealots and fanatics see. To them, it's either ""my way or the highway"". And how exactly are you supposed to convince people who stick on to ideologies like a leech to flesh, to change their perspective?",1
facebook_corpus_msr_1429434,rail fare hike is first nail in Modi sarkar TABOOT..........Its ground realty..,1
facebook_corpus_msr_1723448,"I totally support . Shouting Azaan 5 times a day for 365 days is very disturbing annoying and very unpleasant. I thank him for raising this issue. At least some did. Kudos Sonu Nigam.#sonunigam

And where as other religions do play loudly on loudspeaker but they don't do it for 365 days and off course they don't start at early morning. Muslims have no right to complain because I know in many parts of India in Muslim dominated areas they forbid or totally stop even morning or evening Aarati in temples even without loud speakers. They are not some milk washed community. Horrible people.",1
facebook_corpus_msr_329182,"Erdogan visiting nation, mainwhile  Pak  mutilates  2  Indian soldier's bodies .Govt .....    Seeing  their message ??? Why not  close  Pak embassy ???
 Also pls  ask erdogan  what is happening to the Turkey Kurds ?? 
Brutal  murdees by  Turkey Army  ?
 What about given the the Kurds their land ??? 
 Let Kashmir not be thr talks on table  pass the byck pack, ,discuss KURDISTAN SETTLEMENT  .",1
facebook_corpus_msr_1724222,he has gone mad,1
facebook_corpus_msr_407737,"Stupid stooge of Corrupt dynasty, days of Corrupt dynasty Congress and sickular antinationals are now history. If an Italian woman could rule India for ten years together and looted more than Rs.12 lakhs crores of poor Indians, what is wrong with Modi who is common man elected by the people of India?",1
facebook_corpus_msr_393962,Porki beggar terrorists pigs crying they need burnol ..proud on u akki,1
facebook_corpus_msr_1521733,Your language clearly shows the lower convert nair you are Nidhish nair !,1
facebook_corpus_msr_1723812,"I think problem is not loudspeaker, but 'loudspeakers'. Even when one will suffice in an area, due to many mosques near to each other, they all start Azan. Second thing is Nowadays the problem is that, not everyone sings azan, as it should be. So it sounds very irritating. Most of the Indian maulanas don't know how to sing a perfect azan. Otherwise it sounds very soothing. Like this: 👇

https://youtu.be/LGX6wX2GhcU",1
facebook_corpus_msr_397425,"Dear all please note ,beside terrorist pakistan is  number one of producing Donkey, demand  of pakistan donkey are huge in those country who support pakistan .",1
facebook_corpus_msr_53421,Idiots voted them. Let them suffer. I will enjoy the show. :),1
facebook_corpus_msr_233531,What a point PAWAN KHERA...Even I have not lost any family member to make this country free. Then I would not feel the pain of our Jawans.,1
facebook_corpus_msr_2082501,Tired of the banking system. Looting common peoples money,1
facebook_corpus_msr_1723295,"Why Azaan only. It's against the free will of people to install loudspeakers at masjids, temple, gurudwara or church. Religion is a private affair of an individual. No loudspeakers should be allowed at any religious place.",1
facebook_corpus_msr_1722974,"You should complain. These loudspeakers shoupd be banned from every religious institutions. If a guy want to pray, he will go into the premise and listen to bhajan and stuff. Whtas the use of making non interested chaps hear the bhajan and ajans and what not.",1
facebook_corpus_msr_221692,Jay Mata di I challenge worldwide all country governments political worker's leader change the public court rules regulations law rights now action I have worldwide single powerful economic key I am God volunteer of Canada USA united state America oil of xl oil bahadur oil supply for future all Asia by bye by bye by bye by,1
facebook_corpus_msr_1521867,These udderless party should be kicked out with beef stuffed in their mouth.,1
facebook_corpus_msr_331049,u should to kill innocent people thn BJP will say u r mentally fit,1
facebook_corpus_msr_339962,all Indian should now take promise-- Arabi Muslims should be finish until we do not speak any Muslims inside and outside india.,1
facebook_corpus_msr_397533,Asif Khan let kulbhushan yadav be a terrorist however your soldiers mutiliated the dead bodys of indian soldiers isnt that worse than terrorism,1
facebook_corpus_msr_1805251,"He has submitted himself into BJP hands.. 
Why?
Anyone's guess..
Maybe some personal issues from his earlier life before he acquired the saintlike status..
Anyway his current behaviour is shameless..",1
facebook_corpus_msr_53430,Most corrupt party passed lokpal and now the only Nationalist party not even talking about it.,1
facebook_corpus_msr_394604,"Napakis are greedy dogs.🤑🤑
Kick them if you see. Cheeeaap
Napakis - thooooo.",1
facebook_corpus_msr_1979511,"http://indianexpress.com/article/india/fatwa-issued-against-reality-singing-star-nahid-afrin-by-42-clerics-4569825/ 

 Dear Indian Express,
I feel sorry to write that your journalists are out there to misinterpret events and present them in a distorted manner just to make some sensational headlines. The news about upcoming singer Nahid Afreen has been prepared without proper research and investigation. It was very sad to see that your journalists don't even know the difference between fatwa and appeal. 
A fatwa is a non-binding legal opinion issued only by a qualified jurist (Mufti) on a request by someone who is unable to understand religious guidelines whereas the leaflet that is being circulated and presented as Fatwa is just a hard copy of an appeal signed by 46 men who believe in religious practices. The merit of appeal can be discussed on many grounds and in many dimensions but first and foremost, an appeal can not be called a legal opinion (Fatwa). 
We expect apology from your side for such a mistake. Dear Indian Express,
I feel sorry to write that your journalists are out there to misinterpret events and present them in a distorted manner just to make some sensational headlines. The news about upcoming singer Nahid Afreen has been prepared without proper research and investigation. It was very sad to see that your journalists don't even know the difference between fatwa and appeal. 
A fatwa is a non-binding legal opinion issued only by a qualified jurist (Mufti) on a request by someone who is unable to understand religious guidelines whereas the leaflet that is being circulated and presented as Fatwa is just a hard copy of an appeal signed by 46 men who believe in religious practices. The merit of appeal can be discussed on many grounds and in many dimensions but first and foremost, an appeal can not be called a legal opinion (Fatwa). 
We expect apology from your side for such a mistake",1
facebook_corpus_msr_1724083,Boycott all sonu bloodys song from now ok all from India,1
facebook_corpus_msr_2280107,"alhamdulillah , mashallah even muslim countries are now scared of radical islamists .",1
facebook_corpus_msr_1351245,Shame on Muslims koi Indian army kyun nahi jaata 15 Aug ko tiranga nahi fehraata sab desh virodhi tatv ho tum log,1
facebook_corpus_msr_1605864,Real thug out there...😂,1
facebook_corpus_msr_2032041,"Sometimes people are killed in 2002 riots and in Muzaffarnagar riots and the people involved in inciting are rewarded by govt.
Sometimes a community is killed and thrown away from their homeland(laxmanpur bathe) just because they are dalits.
No body says a single word for their return.
Sometimes a full community(tribals) is attacked and killed and are forced from four different villages  have to flee their homeland(kandhmal) just because they follow a different religion(Christianity).

No body says a single word against it knowing that in the above incident perpetrators were the same",1
facebook_corpus_msr_2199170,"and, indian express has been exposed...why indian express didn't post when azam khan titled Ravana to pm ? shame on paid media....!!",1
facebook_corpus_msr_398265,Nehru created the devil of Pakistan and the Congress remained worshipping it. Pakistan has to be beheaded.,1
facebook_corpus_msr_1887271,This is called good governance. This never happened in earlier govt time. This could be claimed as surgical strike.,1
facebook_corpus_msr_1957011,Express opinion is alway anti bjp,1
facebook_corpus_msr_2126954,"Indian express paper is one the waste paper in India, it got disappeared from market,",1
facebook_corpus_msr_398335,"Doggy Raja will not come up...
He is always want to alive in media by doing cheap publicity stunt .",1
facebook_corpus_msr_326097,Don't worry Pakistani people our MP already order to defence chief to take 2nd surgical strick,1
facebook_corpus_msr_331265,Shame for u for writing such comment. Try to have full information before writing this. Don't support cow smugglers.,1
facebook_corpus_msr_300697,Very biutyfull nice body & very sexy hot,1
facebook_corpus_msr_1723709,Isn't there a law against loud music/sound ...beyond certain decibels loudspeakers should not be allowed ...,1
facebook_corpus_msr_2280080,Shazad Gill it's rape.,1
facebook_corpus_msr_1956929,"That time when u used ""militant"" word against A Hath Yogi ..u r exposed mr writer.. the bloody prejudice mind of yours has been littering from many years against The Great Indian Culture.",1
facebook_corpus_msr_2111152,U will support converstion bcze u knw u r also a converted muslim..whose ancestor were hindu...but they accept islam for their lives...so in our local language we call this types of muslim DOGLA..Or Hybrid.....Lol is talking abt ideology ....go and try to knw abt ur root...,1
facebook_corpus_msr_1805428,Best dramebaz,1
facebook_corpus_msr_394505,Bomb all the porky Army camps in the border...Right now...#deathtoPakistan...,1
facebook_corpus_msr_324319,And btw Dhruv Panchal your own people cut and sell your God all over the world! India is one of the biggest beef exporter in 2017 newest world business report,1
facebook_corpus_msr_2032305,"True nationalist...I salute...But, we have many traitors within the country, who are defending terrorists...",1
facebook_corpus_msr_1805173,"Look at the timing of this BJP & RSS  sponsored man, #ANNAHAZARDOUS just at the brink of MCD Elections...where is his struggle for LOK PAL.. Why no more fasting drama??.#Arvindkejriwal is most hardworking,dedicated and honest politician of our times...His work speaks for him..",1
facebook_corpus_msr_1805177,Anna miyaa... aap shaadi karlo Kiran bedi see... you are such a nonsense person.. you are playing a clear double game.... you are truly shameless.... Mr Arvind kejrewal is way way better politician than others... but still you are supporting CORRUPTED &COMMUNAL  BJP,1
facebook_corpus_msr_1961696,WATCH: Yogi Adityanath began to weep while narrating his experience at the hands of the erstwhile Samajwadi Party government in UP.,1
facebook_corpus_msr_474303,"Black money,terrorist and smuggler all will be wiped out.Off course builders.",1
facebook_corpus_msr_2018589,"Agree, she makes a ridiculous statement.  Working moms don't think their kids are puppies...",1
facebook_corpus_msr_490107,"Just for the shake of political career...she ruined the lyf of poor farmers.... What they will do now with ""land full of concretes""",1
facebook_corpus_msr_349255,Anket tou ourat machine sa payda howa ya Gay mata ke gand sa sale ourat Hindu ho ya Muslim sab ka iezat karna chaya,1
facebook_corpus_msr_899200,Hats off to their lying skill,1
facebook_corpus_msr_411302,"Minimum balance is 5000 to 10k
How it is affordable to rural people?",1
facebook_corpus_msr_1723707,He doesn't respect his religion even. Please learn to respect every religion and all human beings. Than get respect.,1
facebook_corpus_msr_495546,Thank god india didn't win 50 medal like USA. Very shame,1
facebook_corpus_msr_1737068,After reading comments...aesa lgta h log smjhdar ho gye h...;pta nhi voting ke time yhi log gadhe ku bn jate h,1
facebook_corpus_msr_328326,Congress forced this into indian constitution in 1977. ..bcz b4 that no one needed to do caste politics,1
facebook_corpus_msr_1804958,"Anna Hazare is a Hypocrite

The  reason behind anna in joining with India against corruption the protest held at ram leela maidan was only to help BJP and oppose congress, even now he has no aim to oppose corruption or help india to develop. He is helping bjp to continue their corruption intolerance. nothing else.

ANNA target people who oppose BJP and their devide and rule strategy.",1
facebook_corpus_msr_329689,"I wonder people who are cussing and saying bad thing about a lady... Hypocrisy at its best...  Can die to save cow, won't eat beef cause it's mother blah blah...  But...  But will leave no stone unturned to insult a lady, sanskar it seems..  I feel pity for such idiots.",1
facebook_corpus_msr_1939494,she is a female terrorist...,1
facebook_corpus_msr_502850,There is one more aspect on road safety  which is how people are getting driving license without even having a knowledge of traffic laws. This should also be given a thought.,1
facebook_corpus_msr_327814,Pakistanis are born pigs and Pakistan should be kicked on their back sides...amry shoudl attack Pakistan's and its people,1
facebook_corpus_msr_419602,"Seems he forgot SC's order, wat to say to this retarded personality?",1
facebook_corpus_msr_1723101,I live beside a masjid they scream five times a day and it's very disturbing ...All Loudspeakers should be banned irrespective of religion,1
facebook_corpus_msr_1563596,"And I pity you David. I've looked at your page, no friends, no family and no posts other then rants of hatred for toward those you don't like. You think that is how good is shown? You don't fight evil with hate. It's sad, I hope it changes for you because what's going to happen is that your hate is all your going to have and if you end up getting what you want your not going feel any joy, only the emptiness of losing your purpose",1
facebook_corpus_msr_2111387,To you all  Anti-hindu are seculars,1
facebook_corpus_msr_1723635,Prayer should be inside mosque not with noise and disturb others on daily basis.,1
facebook_corpus_msr_332260,"Agreed - Modi and Erdogan, divided by religion, united by fascism! Erdogan has been there for more than 10 years, just in case you find Modi better :)",1
facebook_corpus_msr_335116,And chutias like you are just putting allegations in social media !,1
facebook_corpus_msr_1805029,"Mr Anna Hazare created a Bhrasracharis hub /party, leaded by kejarilal nd his followers results all bhrasrecharis already find new dimension to create obstruction in making new India  nd it's a big blow to those who r fighting for Bhrastechar Mukt Bharat.",1
facebook_corpus_msr_32277,"Now we have our very own Taliban, all those TV channels must be gratified to create an atmosphere of terror. Police should be informed and this should be taken very seriously.",1
facebook_corpus_msr_394475,bhikari mulk k bhikari sale..India ki barabari krne ki soch b nhi skte tum,1
facebook_corpus_msr_326909,This is ridiculous and Inhumanity activitys by pak armys continious cease fire & geneva convention violations its is time to give Befitting response to pak,1
facebook_corpus_msr_2241590,Then you should also watch Pappu he cracks much bigger jokes even he can bring earthquake. Listen to him you'll enjoy,1
facebook_corpus_msr_328314,"If you remove the Gandhis. Everything  will change.never .it's in our blood to cheat,Rob, fraud,to treat someone less than us.and it's no use to blame politicians, they enter politics. to loot how much you can in 5 years.and then keep blaming the next govt.we are use to corruption to accepts gets from them.and they also know that.thats why they offer everything.",1
facebook_corpus_msr_326816,Why do you pakistani's roam around on Indian News Chanel Page.  Why are you so much obsessed with India? You have no shame.,1
facebook_corpus_msr_1521652,Mallu ± Mulla is dangerous combination 😂,1
facebook_corpus_msr_401266,"first Modi has to deal with traitors like digvijay, manishankar ayer , Farookh A and many others. they are more dangerous to india. Such a shameless bunch of jokers. Just for few votes they want to sell their country. Shame on you guys",1
facebook_corpus_msr_1689962,Fake,1
facebook_corpus_msr_325615,How the Pakistani soldier mutilates an Indian BSF jawan? By entering in to loc? Don't make fool of your nation.,1
facebook_corpus_msr_1521884,The best way to counter the BJP's anti beef army is to flood their computer with beef recipe.,1
facebook_corpus_msr_326330,Shame on BJP and shame on pm Modi who said before elections he will bring 10 heads for one indian soldier,1
facebook_corpus_msr_1537015,This fellow is nauseating. He should be kicked on his back for his day to day drama. He is a fool wasting every bodies time.,1
facebook_corpus_msr_365308,100% Correct,1
facebook_corpus_msr_325619,Haha trying to legitimize their claim and show the world they are victims. Bloody fanatic media,1
facebook_corpus_msr_1722793,"Adverstising them is not an issue,but the way they are being endorsed is really one.",1
facebook_corpus_msr_331249,Beating up thieves is not new in Assam. thats village justice. You media is trying to manipulate it.,1
facebook_corpus_msr_326825,Paul Sabin u r such a retard......u share a post and then like it ur self 😂😂😂😂😂,1
facebook_corpus_msr_450955,Kill all the people. No corruption . Pure india will cone,1
facebook_corpus_msr_324282,"Communal sharks are the reason for all this confusion, they are adding salt into the festering wounds of the ADMK by using OPS to get a foot hold into TN politics. The people of TN should keep this communally disruptive agenda at bay. Or else communal harmony will be lost in this most peaceful state of India.",1
facebook_corpus_msr_2117678,Have chinky eyes nobody will touch you.,1
facebook_corpus_msr_2032246,U guys should teach ur children the importance of nation alongwid religion.....,1
facebook_corpus_msr_325784,Dont call him fahad. Call him pig born from sh*t hole from his mom...,1
facebook_corpus_msr_328045,I'm ashamed to have a motor mouth PM like fakendra Modi. #feku,1
facebook_corpus_msr_2032276,"Now the SECULARS will bark...
Since father disowned, he is not Indian 😂",1
facebook_corpus_msr_433082,It's most worst speech of Prime Minister of India in the Indian History,1
facebook_corpus_msr_2018477,"@Nina This is what Mira said - ""It’s my choice if I want to be at home, it’s someone else’s choice if they want to be a working woman. Feminism isn’t about man versus woman. It’s about equality. There’s a new wave of feminism that’s come which is about aggression. I feel it’s very destructive. I feel there should be a harmony between the two sexes.""

What's exactly so offensive about the above statement? You are making this an issue about women who HAVE to work to support their family financially. She wasn't criticizing that at all. In fact, nobody does. We all applaud such women. 

You called her a twit when you don't even possess either the basic decency to read about an issue before commenting on it or you don't even have the IQ to understand her simple statement.",1
facebook_corpus_msr_747613,"AIMIM is nothing to loose in U.P

But Teach very good lesson to those all SECULAR PARTIES 

It's time to Sonia Gandhi come to Darussalam and  settle down
And INC to remove all DIGI  LIKE shits out of  INC",1
facebook_corpus_msr_748689,Wrong,1
facebook_corpus_msr_115607,Shut down all IITs!,1
facebook_corpus_msr_451859,This kind of webcast quality is not expected from #CNBCTV18 and #BajajAuto both. :-( One of the worst webcast.,1
facebook_corpus_msr_1805628,Anna know nothing. He is.illiterate old man now useless.,1
facebook_corpus_msr_2398057,"""Love you haters""",1
facebook_corpus_msr_1723827,Anti Muslim sonu. You are a fool. You end is nearing. So you became anti Muslim. You will lose everything and beg in front of Masjid.,1
facebook_corpus_msr_2379887,Reactionary elements should be thrown in Indian ocean and restore the academic atmosphere in all universities..they are not students. They are well known political goondas indulging in all sorts of vices in universities..,1
facebook_corpus_msr_1689948,Forget speed joi internet does not work properly..,1
facebook_corpus_msr_1493832,Soon Kalbhoshan is going to become international certified terrorist.And whole world will see the ugly face of India a real terrorist state.,1
facebook_corpus_msr_401269,What kind of media is this!!first they make headlines of indian soldiers being killed by rocket launchers n now about mutilating their dead bodies....this can happen only if Pak army crosses LOC....btw it looks like a #RealSurgicalStrike with evidences on indian media,1
facebook_corpus_msr_325938,V need to make sure Pak exist  only on old maps.. erase Dem .. my dear brother soldiers .,1
facebook_corpus_msr_2041550,"KJO was asking for this since a very very long time, its a bloody nexus. Its not an industry, its a ""Hindu Family business"" like outfit. Totally Feudal.",1
facebook_corpus_msr_1723680,"It's disgusting, m a Muslim but I have bunch of friends from Another relgn, to express our point of views it's not necessary to highlight something from any specific relgn , definitely it will hurt their followers,",1
facebook_corpus_msr_1723358,he is absolutely right. Azan loudspeakers are very loud. Allah can be remembered anywhere according to Islam scholars then why this hypocrisy?,1
facebook_corpus_msr_1561750,How dare one police officer can argue with senior MLA that too of ruling party. Police cannot insult MLA who is elected by the people and has to support his people. Police officer should be immediately sacked for misbehaviour.,1
facebook_corpus_msr_405073,More jawans of indian army ready to go to hell,1
facebook_corpus_msr_1945567,King of idiots,1
facebook_corpus_msr_398392,"Encounter this Piggy singh
He is a utter waste of india",1
facebook_corpus_msr_1805062,It is gr8 tactics of Anna Hazare to remain popular in Media....,1
facebook_corpus_msr_329027,"Mean Pak Army Entered J&K Killed and mutilated Bodies, thats called Surgical strike.",1
facebook_corpus_msr_1805050,Kejriwal is a scandal in the history of Independent India.,1
facebook_corpus_msr_400239,pakistan force are not called force. they are called terrorist,1
facebook_corpus_msr_1493827,"Pakistan has no guts,,,,,,Pak knows the consequences 
It is defeated every where by India,,,,,,,,",1
facebook_corpus_msr_1723728,"This proves that India is intolaren, rather Hindus are intolarent.",1
facebook_corpus_msr_982555,yeh sp k kutte sb chor hai saale,1
facebook_corpus_msr_327831,"I think ,you ppl are so Illiterate ,that you ll not understand the English ....",1
facebook_corpus_msr_1805196,"Look at the timing of this BJP & RSS  sponsored man, #ANNAHAZARDOUS just at the brink of MCD Elections...where is his struggle for LOK PAL.. Why no more fasting drama??.#Arvindkejriwal is most hardworking,dedicated and honest politician of our times...His work speaks for him..",1
facebook_corpus_msr_397587,have even ever seen someone like your brother or jut a friend killed in front of u before,1
facebook_corpus_msr_408485,how we can think about justice when number of law makers are rapist & big criminals..?,1
facebook_corpus_msr_398260,Cong please be silent. This problem created by you. You didn't solve. Now you are peaching others. Modiji knows what to do.,1
facebook_corpus_msr_416946,first go and brush your teeth .....shenoy you cannot cheat us,1
facebook_corpus_msr_328979,"What is Modi doing situation getting worst then under MMS
High time he makes way to other capable PM candidates.How long will we wait for Ache Din",1
facebook_corpus_msr_1723585,"I feel inconvenience and suffered headache by your songs when it play loudly  in public area,",1
facebook_corpus_msr_1945460,Yes going by ur logic dawood has to win election for 5 times to have that portfolio.  Did u forget SRK's slap?,1
facebook_corpus_msr_1737028,Never saw a fools like Modi bhakts..... KV has said just one line against corruption and attached it to delhi govt (at the time when CVC himself said corruption decreases to 1/4th in delhi)..... and all bhakts are sharing this video.... and they forget that most of the lines KV said in this video is against the fake nationalism of Modi......and they themselves spreading this.....  KV again proves himself genius....,1
facebook_corpus_msr_364700,Against 2 Army javan we need 200 pak  army killed. ..we need more,1
facebook_corpus_msr_1804962,"Anna hajare already in BJP,  he is in dark sleep, sure he will woke up at next parliament election.
Mr. Anna Hahare what a master planner your. Showing these types of attitude very shame on you, dramebaaz.",1
facebook_corpus_msr_517645,Who care. Unethical business of alcohal.,1
facebook_corpus_msr_2029788,When people are electing criminals what can police do?,1
facebook_corpus_msr_1714353,Really?? Then what r u expecting... A six pack guy.... Read and understand the nature of bheema in mahabhartha...,1
facebook_corpus_msr_2111115,"You licked the minorities regularly and called it secularism. Your Muslim members regularly kill BJP workers. You think that is normal. The communists chased away taslima nazreen and you call it secularism. You,like cowards support China. Filthy communists!",1
facebook_corpus_msr_1735842,"Vote bank 
Politics",1
facebook_corpus_msr_397781,if rapes can happen in an army why cant murders and mutilated bodies be expected...??!!! #indiots_army_drama,1
facebook_corpus_msr_115500,Why the fuck is everyone bothering about IIT. Work hard if you want to get the fucking admission in IIT and there are people who do even better then iitians...haa hai chutiye iitians Jo sochte hai ki they are better then everyone else,1
facebook_corpus_msr_1804948,"Mr Anna Hazare has dashed all our hopes long back. He went against AAP & AK because he did not expect BJP to lose so miserably in Delhi.
Now he has woken up because of MCD election, parroting BJP's lines against AK.",1
facebook_corpus_msr_404626,"IF  POSSIBLE MODIJI HAS  TO  FIX  THE  ROT  IN  THE  JUSTICE  SYSTEM  WHICH SEEMS TO BENEFIT  ONLY  THE  CRIMIANALS, FRAUDSTERS  AND  DACOITS  AND  NOT  THE  VICTIMS!  

SADLY IN  OUR  COUNTRY  NOW  , THOSE  HAVING ENOUGH MONEY  AND  POLITICAL  SUPPORT  CAN  BRIBE  AND BUY  ANY  BODY  IN  OUR DEVIL'S OWN  COUNTRY 

 AND  THAT INCLUDES  PERHAPS    JUDGES  TOO  SINCE  THEY  ARE  PART OF  THE  COMMUNITY!  RIGHT???

THE  PROBLEM STARTS   WITH  THE  VICTIM  OF  THE  FRAUD  OR INJUSTICE  APPROACHING  THE  POLICE  STATION  IN   THE AREA  OF  HIS  RESIDENCE  OR  AREA  WHERE  FRAUD  OR  INJUSTICE HAS TAKEN PLACE!  

IF  THE  CONCERNED STATION SUB-INSPECTOR  OR CIRCLE INSPECTOR  ARE  INFLUENCED  OR BRIBED  BY MONEY  OR  GIFTS  OR BY  POLITICAL  PRESSURE, IT IS  CHILD'S PLAY  FOR THEM  TO  FILE  A  DISTORTED  AND  MIS-LEADING  ""FIR"" AND TO  DESTROY  THE  MAIN PIECES  OF EVIDENCE  RELEVANT  TO  THE  CASE  

AND  THIS IS  EXACTLY WHAT HAPPENED  IN A CASE INVOLVING CHEATING  AND  FRAUD OF MANY  CRORES OF RUPEES  INCLUDING  GOLD  ORNAMENTS  COLLECTED  BY FRAUD  FROM MORE THAN  25   GULLIBLE  KERALITES  BY  ""MANAPPURAM  FINANCE  COMPANY""  USING  FAUDULENT  MONEY  AND  GOLD   DEPOSIT  SCHEMES   AND USING ONE OF THEIR  WOMAN EMPLOYEE! 

THE  ""FIR""  FILED  COMPLETELY  TRIVIALIZED THE  CASE  OF  CHEATING OD ABOUT TEN  CRORES  RS  BY THE  ABOVE  COMPANY EMPLOYEE  AS  A  PETTY  CHEATING CASE  AND  CLEVERLY  LEFT  OUT  THE  NAME  OF  THE  COMPANY  IN  THE FIRST INFORMATION  REPORT  ( FIR) BY  THE  POLICE  ATHORITIES , SURELY UNDER  MONETARY  PRESSURE  OR  OTHE RPRESSURE!  

THE  CHEATED  AND  FOOLED  AND  LOOTED  INVESTORS  APPROACHED  THE  KERALA HIGH  COURT  AND  THE  HIGH COURT  AFTER  SOME  MONTHS, JUDGED  THAT  THE  ""FIR"" WAS  DEFICIENT  AND FAULTY  AND  JUDGED  THE  DEEPER  INVOLVEMENT  OF  ""MANAPPURAM FINANCE  COMPANY' IN THIS  MATTER 

BUT  SADLY  THE  HIGH  COURT DID  NOT  PASS  THE  JUDGMENT  TO  DISMISS  AND PUNISH  THE  POLICE  AUTHORITIES  FOR  FILING  A  DISTORTED  AND  FAULTY  "" FIR""  

AND IF  THIS  WAS  DONE  IT  WOULD  HAVE SENT    A  STRONG SIGNAL TO  ALL POLICE  PERSONNEL  NOT TO  DISTORT  THE  FIR  AND  NOT TO  DESTROY  THE  EVIDENCES  

AND  TO  PRESENT THE  CASE IN  FULL DETAIL  WITHOUT  HIDING  ANY  IMPORTANT EVIDENCE  RELEVANT  TO THE CASE!   AND  SADLY  MAJORITY OF  CASES  ARE  LOST  WITHOUT  EVIDENCE  DUE  TO THE  SAD  FACT  THAT  ""  FIR""  IS  FAULTY  AND  THE  CONCERNED  PERSONS  FILING  THE  FAULTY  FIR  ARE  NOT  PUNISHED  SEVERELY

 AND  HENCE THE  CROOKS  AND  CRIMINALS  GET  AWAY  WITHOUT GETTING PUNISHED  AND  THE  VICTIMS OF THE  FRAUD  AND  INJUSTICE  SUFFER  ALL THEIR  LIFE  WITHOUT  GETTING JUSTICE  BESIDES  LOSING  ALL  THEIR  WEALTH  TOO!

IT IS  RELEVANT TO  ADD THAT THIS  CHEATING CASE OF MANY CRORES  HAPPENED  WHEN  MR SEN KUMAR  WAS  DGP  OF KERALA  AND   

  THOUGH THE  SERIOUSNESS OF THIS  CHEATING CASE  WAS  BROUGHT  TO HIS ATTENTION  IN TIME, HE  DID NOT MOVE  EVEN A  SMALL FINGER  AND  DID  NOT COME FORWARD  TO  HELP THE  VICTIMS IN TIME  TOO!",1
facebook_corpus_msr_398326,Somebody ask this fool to keep his mouth shut.Media should ignore him completely,1
facebook_corpus_msr_495571,just wasting the hard earned money of public... highly criticise such kind of act! y the hell they r paid so much..,1
facebook_corpus_msr_1487731,I hate MI...,1
facebook_corpus_msr_2018558,"This is very stupid of her to give such statement. Not everybody has a choice to relax on her spouses's money. And for her kind information, even puppies are looked after very well. You cant place your choice as 'supreme' over others. what is her achievement in life- an actor's WIFE!",1
facebook_corpus_msr_360138,"Good...
Now go to hell with Congress or Aam admi party...

I know peoples like u just need free water, free electricity , free Wi-Fi etc...

U peoples don't care about anyone except yourself...",1
facebook_corpus_msr_1724284,why dont u make ur room sound proof..simple,1
facebook_corpus_msr_325651,"Pak Army intruded into Indian terrirtory, killed indian soldiers, had some laugh cup of tea with biscuits, mutilated their bodies and went back to their barracks, now tell me while this all rubbish was happening what were indian border forces doing watching mia khalifa and sunny leone?",1
facebook_corpus_msr_1724233,Need publicity,1
facebook_corpus_msr_1521751,"Abay Bharti we are Muslim we don't eat pig meat. We eat Gau mata's beef.
Btw it slaughtering not cutting you illerate Bhakt.",1
facebook_corpus_msr_443255,"I have a feeling a significant portion of the Rs.5 lakh crores of 2000 rupee notes must have gone to some shady launderers, political parties and other thugs while crores of Indians sweated it out just to get one or two 2000 rupee notes.",1
facebook_corpus_msr_2280066,Your hatred towards other cultures show that you're ignorant and need to be qualified,1
facebook_corpus_msr_1723150,"All don't subscribe to your way of waking up. If u want to wake up hearing azan or bhajan, use it as alarm tune. If you want to hear when someone calls you, make it your ringtone. If you want to hear in spare time, plug those earphones.",1
facebook_corpus_msr_1735819,"I think one day not longer These Hindu Terrorist will be disappear from the  earth , especially good Hindus will kick them out from Politics to teach them lessons.",1
facebook_corpus_msr_2032194,Salute to such father and same time he sets example for pseudo seculars who always find dirty politics in such anti nation act and try to mileage their minority centric politics.,1
facebook_corpus_msr_331605,instead of fixing the error they deleted my comment. fuk ndtv,1
facebook_corpus_msr_1525383,High court is stupid or what.... yogi never asked the licensed meat shops to shut down.... After all its UP high court.... what can we expect from them ??,1
facebook_corpus_msr_1979520,"http://indianexpress.com/article/india/fatwa-issued-against-reality-singing-star-nahid-afrin-by-42-clerics-4569825/ 

 Dear Indian Express,
I feel sorry to write that your journalists are out there to misinterpret events and present them in a distorted manner just to make some sensational headlines. The news about upcoming singer Nahid Afreen has been prepared without proper research and investigation. It was very sad to see that your journalists don't even know the difference between fatwa and appeal. 
A fatwa is a non-binding legal opinion issued only by a qualified jurist (Mufti) on a request by someone who is unable to understand religious guidelines whereas the leaflet that is being circulated and presented as Fatwa is just a hard copy of an appeal signed by 46 men who believe in religious practices. The merit of appeal can be discussed on many grounds and in many dimensions but first and foremost, an appeal can not be called a legal opinion (Fatwa). 
We expect apology from your side for such a mistake.",1
facebook_corpus_msr_1897743,Terrorist groups,1
facebook_corpus_msr_442833,"I saw the video. The speach looked like a comedy show of Russel peters. He names some congress men and the audience laughing. Does he full fill any charecters of a PM?. When the country is in a huge financial trouble and oppostion is accusing him of bribe, he should answer to the point with proof. These kind of sarcastic reply is unprofessional.",1
facebook_corpus_msr_397629,India will find soon socide attcks mojahedin come to india soon,1
facebook_corpus_msr_429733,latha venkatesh....please dont show your teeth for valentine...dont be a senseless person......though you r little bit underdeveloped mentally.....,1
facebook_corpus_msr_1735865,Quit india...best policy,1
facebook_corpus_msr_2032313,For those who still brainwashed to think that terrorism has religion...........Which terror organisation did max no of terrorist attacks in the world ???? It's ULFA they r Hindus not Muslims.  They did 749 conformed terrorist attacks .which terror organisation did maximum no of killings in the world ??? It's LTTE they killed more than 60000 innocents ( 3 times than Isis) . LRA Christian terrorist organisation killed more innocents than Alkhyda . Have ever seen it in western media . It's a western media propaganda to portray all terrorist as Muslim . In reality there r dormant nonmuslim terror organisation across the world like IRA ETA Antimatter Bala Maoists KKK The raising path etc..,1
facebook_corpus_msr_1805234,Annaji is fool .... Uulluu banadiya jata hai haramkhor ko Bjp dwara,1
facebook_corpus_msr_2295041,Doordarshan have become puppet of BJP and work according to their benifits.,1
facebook_corpus_msr_326772,Okay for a sec I assuming that women are raped by jawans.  So why don't you produce any evidence on that?  Yes please don't pick guns in your hand..  Bring the facts on social media..  It can help..  Thinking Pakistan will ever help you is totally wrong.  They are just using you guys and firing from behind ur shoulders.  That's why army is losing life their because they are not interested in shooting at you.  Tell me if they really wanted to kill you all is it a really hard nut to Crack. They can shoot you at will..  But no..  Pakistan is misguiding you.  Try to think.,1
facebook_corpus_msr_334130,"this is case of theft and in assam there is ban on beef , presstitutes give this cow protectors angle",1
facebook_corpus_msr_1563617,"^^^^here you have it folks. She stands with Israel, but lives in the USA. She supports apartheid, killing Palestinians, and treating non-Jews like second class citizens. 

Jews also like to play the victim card by throwing out the ""anti-Semite"" card. Guess what, no one feels sorry for Jews. They have done just fine on the backs of others so spare me your ""Jew lives matter"" BS and take your hypocritical hate elsewhere.",1
facebook_corpus_msr_2082536,These are the repercussions of making an uneducated person our PM there is still lot to come I regret for my vote for modi,1
facebook_corpus_msr_1804812,And he's silent in every move he's had such respect but now he's another bhakth,1
facebook_corpus_msr_1805435,Ak is most stupid person born on this earth,1
facebook_corpus_msr_2175494,mine is just the opposite.like him as an actor but dislike him for being greedy and opportunistic.,1
facebook_corpus_msr_1723374,"If it is a matter of sleep for hindus then please have a look,,, As per Hinduism a true Hindu is one who is awake in Brahma Muhoorat & do not sleep during that time, Early Morning hours after 4 am is Brahma Muhoorat when a Hindu should not be sleeping.
ADHAN IS A MATTER OF FEW MINUTES. 
And according to science early wakeup keeps a person happy. while sleeping till late spoils ones health.
Well....it is a matter of fact in my area that some prayers in temples are held in early morning and chanting of mantras do take place on loudspeaker in the very early morning for quite a long time. Though it is an area of more than 95% of muslims, we never opposed it then why hindu orthodox destructive minds raising their eye-brows on a matter of only few minutes. Azan is being recited for a couple of minutes. Being a secular indian citizen, it's very much important to restrain these fascist forces and stop them to create an unhealthy environment for this secular and great country.
OUR STATE IS SECULAR STATE. Donot misuse the opportunity given to develop nation. Make it dont break it. Live and let others live peacefully....!",1
facebook_corpus_msr_1945617,I.E. and this idiot just read this https://www.facebook.com/godsameer/posts/10155953881588712,1
facebook_corpus_msr_1978749,Does Afrin still maintain that there was a Fatwa. Is she using the fake fatwa to generate free publicity for herself at the cost of the community.,1
facebook_corpus_msr_491972,"when your brain is clay , then customer can shape your brain -amanico",1
facebook_corpus_msr_331043,"Really Is that obscene, I thought she was really the owner of the unsound mind next to only Owaisi.",1
facebook_corpus_msr_416432,Gajapati raju so cool. But should have kicked that idiot out of parliament,1
facebook_corpus_msr_2203254,"We must expose the rapists and come to know their religion, caste, education, family values and level of barbarism!

BJP can't change degenerate nasal...once we come to know which segment produces these barbarians, we can monitor criminal activities better!

It might be that people are deliberately causing havoc in BJP ruled states for their delusional religion!",1
facebook_corpus_msr_288105,"🏡 вoт powered вy •» Adarsh Sharma

🏨 Just Now  Aaj Tak
🚥 Bot On Fire 
🏢 Tue : 2 - May - 2017
🏨  Like Back Aaj Tak
🏥 Like & Comment Late 2 minute 0 Sec 
🏪  BOt By   Adarsh Sharma
🔰 Webotter.ga server-3 🔰",1
facebook_corpus_msr_1805129,"Anna Hazare ji, aap chunaav ke samay hi kyon jaagte ho? Arvind Kejriwal, unlike you has come out in the open and is fighting with the system whereas you from the comforts of your village do not have the guts to match your chela and just criticise without doing anything meaningful. 
You were our hero once upon a time but today- you are just one of those who left the battlefield to save your skin and basque in flattery and jhoothi glory...
:-/",1
facebook_corpus_msr_1582247,"Shivshankar Thakur They have nothing to show,these r low life scums with neither knowledge of history nor any capablity to see stark failures of communism, and dont even get me started on their economic insight a retard has more economic literacy then any commie commenting here. They love china, I think we shud disenfranchise them and send them to china or maybe tibet would be fun watching them die at hands of Peoples army eternal bliss.",1
facebook_corpus_msr_1893362,MMS was a puppet.,1
facebook_corpus_msr_2349550,had Indian prestitutes  focussed on Zaira Khan Dungal girl who is facing such embrassing situation.  had they debated on W.Bengal Moulvi serving Fatwas  instead being International Champions of equality.Donald Trump has probably made remarks against Media keeping in mind Indian Prestitutes.,1
facebook_corpus_msr_2383680,Cpm should trough 3 time ban terrorist organisation,1
facebook_corpus_msr_398247,He is an irresponsible politician and should not be taken seriously. Due this altitude he is not only compromising on national security but also demoralizing the Inidian forces. This should be condemned by all.,1
facebook_corpus_msr_528461,Only uneducated can comments on the ability  of  PM,1
facebook_corpus_msr_2117629,I feel if any Indian gets into an altercation with a white in the US should clearly tell that he is a Indian and a hindu.. so as not to be mistaken for being an arab .. better be safe than sorry.,1
facebook_corpus_msr_398282,First dogs like Digvijaya Singh need to be put to sleep and then one must analyze what to do with Pakistan.,1
facebook_corpus_msr_1775204,"One of worst CM .... always sleeping.... when he opened his mouth only Dalit , Muslim wards came ... ch***ya ...no value Hindu people in Karnataka....he using low cast people as vote bank ....10 RSS & 5 BJP karykarta dead till now ... 😡😡😡
After Jammu, WB , Kerala.... Karnataka is the most affected jihadi activities",1
facebook_corpus_msr_1731660,You Lallu fodder scam u r banned.shut up.,1
facebook_corpus_msr_327934,copying American hahahaha...RAPEISTAN is still not on that level.stop dreaming TIOLETISTAN,1
facebook_corpus_msr_397495,"In your wet dreams moron. We had destroyed pakis 3 times in the past, we can do it anytime again...",1
facebook_corpus_msr_2383821,BJP🃏🃏🃏🃏 Leaders are too Greedy. They have Looted all Indian population Money by DEMONetisation of Indian Currency Note of ₹1000 & ₹500.,1
facebook_corpus_msr_2161628,"The illness is in your mind. Take art for art sake, you will be fine",1
facebook_corpus_msr_1833381,She must be declared a national shame.,1
facebook_corpus_msr_326096,U bloody morons u killed lacs of people in kashmir and u are weeping when ua 2 dogs,1
facebook_corpus_msr_1945440,"Who is this Shirish Kunder?
Looks like all the people-who-matter have shunned Indian Express that in utter desperation it is catching hold of any Tom, Dick and Harry who would give it a sound byte.

It's the bottom to which this once- respected paper has stooped to.",1
facebook_corpus_msr_1649469,Vishnu Tallapragada True. Pakistanis and Bangladeshis r the most discriminated in Saudi.,1
facebook_corpus_msr_1600586,And what was Bangladesh called before 1971 ... Lol .... Pakistan and victories ... Epic lol !!!,1
facebook_corpus_msr_1818447,B.F of your son Madam.,1
facebook_corpus_msr_2379891,They don't have the guts to go to Bengal were people of 1 community r being killed & harassed regularly..... These activist r afraid to raise voice for zaira wasim who is getting threats by the so called separatist(actually terrorist)...... I m sorry to say .....but they all r fu*k*ng bunch of coward....,1
facebook_corpus_msr_329018,"What is our pm doing,.. do something,.. full scale war or whatever it takes to revenge please do it... This is not the first time ,.. pakistan should get appropriate retaliation",1
facebook_corpus_msr_1724227,Religious noise must be banned,1
facebook_corpus_msr_1710321,"Gandhi Killer Ram (Nathu) Temple in India......

Big Shame 4 India........",1
facebook_corpus_msr_1945555,Shirish kunder is a dud.... Remember#joker? Lol,1
facebook_corpus_msr_1724132,Modi was the main culprit of Gujarat.  Wo jail m h ? He is prime Minster.  Don't you think modi as  the culprit ?,1
facebook_corpus_msr_407729,"From 7 decades your party run the coutnry by one man Rule formula even Sonia was not on any post still remote controlled PM and now you have guts to say something on one Man rule, bravo , congressi super cheap",1
facebook_corpus_msr_1945454,Ram NATH ji Goenka must be feeling shame on his successors...,1
facebook_corpus_msr_554031,not even a single goal congress govt achieved in last 9 year except corruption and high Inflation......,1
facebook_corpus_msr_2346483,shah rukh kahn must n=be given a punish seroiusly ou acting lke that to a girl..,1
facebook_corpus_msr_1737087,Any one who is more foolish than AK would be his voters 😂,1
facebook_corpus_msr_2018549,Moni Singh you ppl will challenge only to loose,1
facebook_corpus_msr_326312,India is killing his own people & says this done by Pakistan,1
facebook_corpus_msr_1600596,It's neither sikh nor Hindu..it's Indian who faces Pakistan..you bloddy coward,1
facebook_corpus_msr_1689923,No soon after we paid to reliance Jio the download speed has gone very worse than 2 G speed,1
facebook_corpus_msr_823720,ISI agent... Bjp IT cell,1
facebook_corpus_msr_1979518,"http://indianexpress.com/article/india/fatwa-issued-against-reality-singing-star-nahid-afrin-by-42-clerics-4569825/

Dear Indian Express,
I feel sorry to write that your journalists are out there to misinterpret events and present them in a distorted manner just to make some sensational headlines. The news about upcoming singer Nahid Afreen has been prepared without proper research and investigation. It was very sad to see that your journalists don't even know the difference between fatwa and appeal. 
A fatwa is a non-binding legal opinion issued only by a qualified jurist (Mufti) on a request by someone who is unable to understand religious guidelines whereas the leaflet that is being circulated and presented as Fatwa is just a hard copy of an appeal signed by 46 men who believe in religious practices. The merit of appeal can be discussed on many grounds and in many dimensions but first and foremost, an appeal can not be called a legal opinion (Fatwa). 
We expect apology from your side for such a mistake",1
facebook_corpus_msr_2041556,"Hypocrisy at its best
She has never blamed Mahesh Bhatt  of nepotism for casting emraan in all the movies made under his banner
He  on the other hand runs a pathetic show which shows gossiping rich people without any
Connect with the issues of the society

So pls don't feel bad
U never know this might be a publicity stunt for one of their upcoming films",1
facebook_corpus_msr_1563590,SK Bill Carney I pity ignorance such as yours.,1
facebook_corpus_msr_398242,"India is a fake, Fragile and unatural union build by British to control the poor masses. it has become a monster for minorities and neighbors, almost 40% of Indian Land is direct under Indian Army control who commit grave human right abuses under notorious AFSPA , Kashmiris hate India for brutal illegal occupation of their land but shameless India so called upper Class Hindu elite doesnt want to Free Kashmir for their political gaines, India is the only country which is being run by Extremists apart from Israel.",1
facebook_corpus_msr_332305,"What you should know about Turkey's President, Recap Tayyip Erdogan:

The Turkish economy between 2002 and 2012 caused a growth of 64% in real GDP and a 43% increase in GDP per capita.

Erdoğan inherited a debt of $23.5 billion to the IMF, which was reduced to $0.9 billion in 2012. He decided not to sign a new deal. Turkey's debt to the IMF was thus declared to be completely paid and he announced that the IMF could borrow from Turkey.

In 2010, five-year credit default swaps for Turkey's sovereign debt were trading at a record low of 1.17%, below those of nine EU member countries and Russia.

In 2002, the Turkish Central Bank had $26.5 billion in reserves. This amount reached $92.2 billion in 2011. During Erdoğan's leadership. Inflation fell from 32% to 9.0% in 2004.

Under Erdoğan's government, the number of airports in Turkey increased from 26 to 50.

Between 2002 and 2011, another 13500 km of expressway were built.

For the first time in Turkish history, high speed railway lines were constructed, and the country's high-speed train service began in 2009. In 8 years, 1076 km of railway were built and 5449 km of railway renewed.

Erdogan put greater investments into the healthcare system than any predecessor. As part of the reforms, the ""Green Card"" program, which provides free health benefits to the poor.

Erdoğan increased Education spending from 7.5 billion lira in 2002 to 34 billion lira in 2011, the highest share of the national budget given to one ministry and number of universities in Turkey nearly doubled, from 98 in 2002 to 186 in October 2012.

In 1996 1$=222 Lira and in 2016 1$=2.94 Lira, even after the recent turmoil.",1
facebook_corpus_msr_1723805,"Get well soon sonu and all his supporters ! 
Note:- Indians are secular!  And if any indian behaves so!  like insulting a religion let that be any religion then "" at first note he himself isnt a true indian but a threat to the country where he can make a religious despite and cause religious difference between people and thus a new INDIAN ISI born! #getwellSonu",1
facebook_corpus_msr_1723372,Sonu Nigam was not having currently at his home my god are in which slum area does he stay that he is not having a coloured nowadays in small society is also there are generators and inverters and a singer like Sonu Nigam is that there is no current at his home you didn't pay your bill or what or do you stay in some slum area in jhopadpatti nowadays in slum area there is a inverter,1
facebook_corpus_msr_1763603,Corruption queen... she needs to be investigated for all her loot ...,1
facebook_corpus_msr_1521735,Nidhish Muralidharan Nair I feel one day you may convert also. when you realise and understand what you are following.,1
facebook_corpus_msr_495385,"Do not they get enough salary???And why should they be paid big bucks,arent they morons who knows how to kill and rape innocent people!!",1
facebook_corpus_msr_1805727,"He is an RSS puppet, speak only When RSS says",1
facebook_corpus_msr_2032111,Muslim is never a peaceful communities.... bro action speaks louder than words,1
facebook_corpus_msr_1805078,He is BJP chamcha. Why this old lier is not agitating 4 Lokpal?,1
facebook_corpus_msr_1897730,"ABVP shout anti national slogans in camouflage to malign the great institution, and hence police, NIA never arrest them.
Vindicated for its seriousness of greatness.",1
facebook_corpus_msr_1723686,Agar sharukh khan ye bol deta k i m not hindu but i am disturbed by navratri poojan and mandir pujan by loudspeaker .....tab Sharukh khan desdrohi hota ...or aaj sonu nigam ko support mil rha h ...wah re log,1
facebook_corpus_msr_1723056,"Tanveer Sameer Obviously no one likes it so u can feel by yourself when hindus are bashed everytime for their every festival whether its navratri or diwali. i agree no one should critices others practices but it should go both ways, it shouldn't be biased everytime",1
facebook_corpus_msr_1722966,"Nowadays the problem is that, not everyone sings azan, as it should be. So it sounds very irritating. Most of the Indian maulanas don't know how to sing a perfect azan. Otherwise it sounds very soothing. Like this: 👇

https://youtu.be/LGX6wX2GhcU",1
facebook_corpus_msr_2032103,Time to loudly denounce that kind of element who are threat to humanity.,1
facebook_corpus_msr_464870,"99.99% of them are down ...
Dare to say I'm wrong 😎",1
facebook_corpus_msr_1762600,As FM you made us all unhappy.,1
facebook_corpus_msr_496660,U will have to pay for shedding the innocent blood in the whole world,1
facebook_corpus_msr_1737005,"Lols.. and there you go, twisting the video.. 
Arvind Kejriwal himself has shared this video on both Facebook and Twitter.  
But you guys, #Pressitute need to necessarily create rift..",1
facebook_corpus_msr_451385,Is what congressi challenging to whole nation to do .........we assure u we'll do the worst with u morron congressis,1
facebook_corpus_msr_407046,These garbage media make him more famous by posting crap news related to him.,1
facebook_corpus_msr_1673922,"Shame on you virat and to your team.
You should kickout BINNY from you team.",1
facebook_corpus_msr_1723481,"His career is in the declining stage now . Out of frustration, he speaks this illogical and communal stuff .,",1
facebook_corpus_msr_1947173,"Scoundrel people 
Stupid questions",1
facebook_corpus_msr_233543,"Complete elimination of Naxals & Terrorists is the only way out!
Delaying decisive action may increase the risk of increased naxal & terror attacks & more communities turning Terrorists",1
facebook_corpus_msr_2018674,Hate her re.,1
facebook_corpus_msr_1723891,"Sonu nigam, you are desperate.",1
facebook_corpus_msr_2256395,Dhan GuruNanak heartless parent,1
facebook_corpus_msr_327891,"More lying stories from Indian media. Hahahhaha just like their never happened surgical strikes. 

India media at its lowest.",1
facebook_corpus_msr_2379913,they r not activist or student they r agents of foreign funded ngos... who need to put in jail under NSA....,1
facebook_corpus_msr_401692,"Shame on Shahrukh khan works block for Dr. Mahmoud Baluch today

https://twitter.com/national_baluch/status/859229013813940225

Shame on them that he loves the pakistan",1
facebook_corpus_msr_1714367,Go hell you mongolian crap!$&*$,1
facebook_corpus_msr_1723789,He is really disturbed by the daily cacophony at a time when sound travels the fastest...,1
facebook_corpus_msr_2018481,"Surbhi Srivastava super fool like you try hard in every thing else, as beauty is not a fimiliar word for you.",1
facebook_corpus_msr_493228,But simple wasting of time u people really taking more then 3 weeks but still sim is not activated. . .I can't trust what service u people r going to give,1
facebook_corpus_msr_332576,BJP doing all this to defame AAP more..... NOTHING ELSE .,1
facebook_corpus_msr_1521860,"Don't try the senseless northi tricks in kerala , 95% kerala people eat beef , the more you push the more we eat it .",1
facebook_corpus_msr_446187,Communist are deshdrohi.  Narendra Modi is building new India.,1
facebook_corpus_msr_1805642,Anna is BJP'S agent,1
facebook_corpus_msr_356447,"Politicians stop talking and bickering 
Take some action show to prove your words spoken",1
facebook_corpus_msr_407754,Stupid. If we have Presidential form of Govt Modiji will be the President. Then what will your party do?,1
facebook_corpus_msr_425912,He is expert in bluffing.  Destroyed Indian economy and slave of Modi.,1
facebook_corpus_msr_422273,"Think of people ,they will hold ur neck. U Bhagode now blaming govt",1
facebook_corpus_msr_424109,Should  we buy nifty  around  8880with sl. Of 8820,1
facebook_corpus_msr_432003,Have control over your language .Mr Mohammed.you are vomiting venom?,1
facebook_corpus_msr_1563591,"Konnor Ternus Blah, blah, so ignorant.",1
facebook_corpus_msr_1735861,Really pathetic....crap vote bank politics,1
facebook_corpus_msr_325597,They were killed by their own troops to defame Pakistan..... Because Pakistan denies such attack,1
facebook_corpus_msr_451832,Or buy this bike and go to graveyard directly. That's the message,1
facebook_corpus_msr_2126948,"You can do analysis, be very happy about BJP winning 81 seats but WIN IS WIN!! ... ""Ask any racer. Any real racer. It doesn't matter if you win by an inch or a mile. Winning’s winning✌✌✌.""😂😂😂😂",1
facebook_corpus_msr_1373518,drama,1
facebook_corpus_msr_397461,"Napakis are expert to make jannat into jahannum.

Ex. Afghanistan, Balochistan,Pok & kashmir.",1
facebook_corpus_msr_2032211,"I m not with  u , im against u",1
facebook_corpus_msr_326755,"A bunch of nincompoops calling themselves a court.

   Shame on you",1
facebook_corpus_msr_356363,Oil company should ocupie all the petrol pump in up,1
facebook_corpus_msr_398268,First finish doggy. Then attack Pakistan. Dogy is more dangerous than Pakistan,1
facebook_corpus_msr_2243847,Mayawati so called dalit crorepati woman can't say one letter without reading paper Sher should have declared some poor dalit woman for CM post ..,1
facebook_corpus_msr_400240,"Pak Army intruded into Indian terrirtory, killed randian soldiers, had some laugh cup of tea with biscuits, mutilated their bodies and went back to their barracks, now tell me while this all rubbish was happening what were bc Lundian border forces doing watching mia khalifa and sunny leone? 😂",1
facebook_corpus_msr_488857,terrible rule. Some people have a passion for cars. Car companies would suffer. Instead why not replace rickshaws with electric Tata Nanos in order to reduce pollution.,1
facebook_corpus_msr_1723659,Today I get up at 03:00 am after hearing the song of Sonu Nigam. Banned him too. He disturbed me while I was deeply sleeping.,1
facebook_corpus_msr_2199128,William Machado Azam khan and owaisi said modi and his entire caste is Dog ...,1
facebook_corpus_msr_494951,"Why is the volume so low.... not just today, its always the same. Whereas, the live programmes on other channels have a good audio level. Pls address the issue.",1
facebook_corpus_msr_2081728,She deserves punishments so she can be kept silent,1
facebook_corpus_msr_1735783,if sc st bc mbc have rights to have reservations then Muslims also have rights to have separate reservation since the social status of muslims is lower than bc and mbc. if reservation is not required then give equal free education to all community,1
facebook_corpus_msr_394689,"India is a fake, Fragile and unatural union build by British to control the poor masses. it has become a monster for minorities and neighbors, almost 40% of Indian Land is direct under Indian Army control who commit grave human right abuses under notorious AFSPA , Kashmiris hate India for brutal illegal occupation of their land but shameless India so called upper Class Hindu elite doesnt want to Free Kashmir for their political gaines, India is the only country which is being run by Extremists apart from Israel.",1
facebook_corpus_msr_1724210,Maya doing only publicity,1
facebook_corpus_msr_397736,"What bloody nuisance illwill person he's talking about , do some alien came from space on the LOC and committed this heinous crime.",1
facebook_corpus_msr_394771,Finish Pakistan .D terror state has existed for long .,1
facebook_corpus_msr_1723252,"Ban all procession. Andhe, tell to ban Ganeshotsav, Srikrishna Jayanthi and all other hindu, Muslim Christian Procession.",1
facebook_corpus_msr_1737140,Seems like Indian express hasn't seen the video...idiots!,1
facebook_corpus_msr_1723119,"Whoaa ! Such a Boor chap/lash you are
  I pity the nescients like you who hold no respect for any religion.
 You ethics is ethically withered b stagnant of water. 
May you die in peace ( though you won't in your dying boots ) , I really hope so.",1
facebook_corpus_msr_1492017,ghostly 👻,1
facebook_corpus_msr_334526,kumar is becoming like shazia limi. so quit aap and join with her.,1
facebook_corpus_msr_2082655,Very bad bjp,1
facebook_corpus_msr_1723473,All kind noise pollution should be waived out if possible. If azan prayer is problematic then late night bhajans from loudspeakers are also problematic.,1
facebook_corpus_msr_2111160,What the hell are you talking stupid shut your mouth and get lost,1
facebook_corpus_msr_1521705,Such an ignorant racist comment. You have equated ignorance to Hinduism and meat eating as something elite and culturally superior. So much for the self bragging superior mindset.,1
facebook_corpus_msr_328991,Where is the proof suckers..stop creating a nuisance ...they would have been eaten by wolves or lions and u media puppets find evrythng as an opportunity to make money ..,1
facebook_corpus_msr_329290,Pakistan is the worst country. You cannot mutilate a body! U just cant. it shows ur inhuman nature and how low you can go. #BoycottPakistan,1
facebook_corpus_msr_115496,"Being half IITian( having done only post graduation from IIT,) I can say yes, very much overrated. No output except engineers who mainly serve USA. No cooperation with Some industry or startups and very snobbish know all behaviour of profs. No respect for students who are future.",1
facebook_corpus_msr_1561722,MLA is no ruler ..This is democracy..There is due process of law . Get out of medieval mindset,1
facebook_corpus_msr_1919942,"Fudged EVM machine malfunctioned ,
that's why AAP got 67 seats,
Exchanging maximum vote, failed,
and maximum vote AAP received , by defect or early stage software mis calculation.
Later it made perfect to cross exchange votes.
UP result for example",1
facebook_corpus_msr_1723474,A great singer but a worst human. He should respect religions and humanity and should avoid saying those stuff that hurts a particular group of people. His Ex-Fan from #Afghanistan and now hate him.,1
facebook_corpus_msr_326923,"Pak Army intruded into Indian terrirtory, killed indian soldiers, had some laugh cup of tea with biscuits, mutilated their bodies and went back to their barracks, now tell me while this all rubbish was happening what were indian border forces doing watching mia khalifa and sunny leone?",1
facebook_corpus_msr_233517,We are sad for this unfortunate incidence and loosing our warriors. Govt. should and will fight back and give reply to this. May God give strength to the family members of the Martyrs.,1
facebook_corpus_msr_496659,One day u will have to pay for shedding blood of innocent people's in KASHMIR,1
facebook_corpus_msr_1723678,"U r jealous with other singer dat doesnt make u sleep 😴 
Go beg for some work u will find peaceful sleep n try not to creates riots by ur words u r known celebrity it doesn't make u to speak about any religion n dat jst for publicity u creep mind go n consult to psychiatrists n get ur treatment done",1
facebook_corpus_msr_2018562,How stupid comment is that. What does she want to express ? Working women treat their kids as puppy. She got married only after completing education so how much she knows about balancing work with family ?? Without knowing things this kind of comment is totally unacceptable.,1
facebook_corpus_msr_2029795,Prasad Desai  Saint Sanghis.. shut up and get lost 😏,1
facebook_corpus_msr_2032132,Yes misguided by Quran,1
facebook_corpus_msr_1945481,Who is this Shirish Kunder? One of the owners of the Islamic Express?,1
facebook_corpus_msr_429734,Ndtv read from cnbc tv 18...make sure do not change the rules of the game ...Ndtv should learn from cnbc tv 18,1
facebook_corpus_msr_1493780,"Aqeel Ahmad sir go to Google search for the ranks of judiciary. By the way all know about Kasab case and Kulbhushan case. Pakistan in an hidden court, in silence,in few time given death penalty to him but we had taken many years, that too.. in open and also we had given Pakistani media to cover it that's a different thing that your government rejected to admit him as Pakistani. That's the difference between our judiciary. Pakistan also didn't given consular access to us. You know consular access is the basic part to international judiciary. Now say which country has better judiciary. Only one country believed in Pakistani Judiciary and that is Pakistan itself. Your own PM was not happy with the decision of your army court. Your one minister admitted that there are not enough evidence against Kulbhushan Jadhav, despite of that you gave him death penalty. Hahhahhhaa😂😂😂 little kids. Nagging everywhere and always. Grow and have some knowledge about world politics.",1
facebook_corpus_msr_395437,A jihadi can never be human being. He is a cruel animals having 2 legs,1
facebook_corpus_msr_1805494,Look how the pimp of RSS is speaks.,1
facebook_corpus_msr_1723414,"This practice is going on for decades, if not centuries. It is high time that such prayers from Mosque or temples are all allowed only in generally accepted waking hours- not when majority are sleeping.",1
facebook_corpus_msr_32270,This is ridiculous,1
facebook_corpus_msr_1723674,"How idiotic nd foolish this man is,he is surrounded by music songs nd every noisy things from his childhood now he is lecturing abt noise.....",1
facebook_corpus_msr_365353,Yes,1
facebook_corpus_msr_397589,Pakistan is keep continuing to expose randion ugly face of terrorism by catching one another on one another terrorist who are admiting all the facts that randion raw is involved in all the terrorism is happening in Pakistan. so now Pakistan would lovvvvvveeeee to play its card as well to show what Pak is capable of. like soviet union Pakistan had broken in the history than who is ranida i mean. just disgusting country who is not even a enemy with dignity.. Pak would crush its show off power in the region.,1
facebook_corpus_msr_326844,Pakistan is trying to establish that they got killed by fire.....such casualties take place in cross border fire.....to mutilate a body u need to have dat body in ur custody.....if Pakistan army crossed the LoC which u hav fenced all along and mutilated the bodies and came back then plz tell ur army to start wearing bangles as part of thier uniform.....and if they were inside Pakistani territory then surely they were at wrong place .....😉😉😉,1
facebook_corpus_msr_2379867,He was a loser like khujli who after cheating for his scholarship indulged in all kinds of  red and green type of nonsense and chose the way out after realizing that he could not cope.,1
facebook_corpus_msr_1805026,Anna is the biggest traitor who has harmed the common people of India- the most! A big let down!!,1
facebook_corpus_msr_445590,Those dogs really want to listen and not interrupt then he will speak.  What is the point taking to barking dogs where their brain has been infected with some virus.,1
facebook_corpus_msr_1723904,UN warranted comment from a public figure.....,1
facebook_corpus_msr_2018540,"Stupid lady. Wonder who told her puppies need only one hour a day. Clearly she is disconnected from reality.
And if the question is really about choices, her qualifying statement about her baby not being a puppy is uncalled for. She shld hv just said i am a homemaker because i choose to be one. Period.",1
facebook_corpus_msr_1723152,"I am not even indian, but by his(Sonu nigam) logic you should stop every noise that came from religius worship places. . . .  Isn't it?",1
facebook_corpus_msr_1987961,"And they said women in India haven't given right to wear anything they want...

All we wanna say...at least wear something...",1
facebook_corpus_msr_46353,"Innocent face n white tilak outside,
Heinous character n black money inside :D huh",1
facebook_corpus_msr_470022,This is modhi's planed to reduced bank NPA not a black money,1
facebook_corpus_msr_405543,Tell me about Muhammmad....go seach about true face of your islam....MC,1
facebook_corpus_msr_394693,"Where is that illegitimate kid o communists, congressis, presstitutes andf john dayal Mizz Gurmeher who till date don't know whether her father died in Kargil or in encounter with terrorist to meet these people and convince and console???  :/",1
facebook_corpus_msr_382247,"anybody from pak now in India, arrest them even the foreign affains rep from that fucking place",1
facebook_corpus_msr_1521921,Atrocities,1
facebook_corpus_msr_2018551,"There shud b a dislike button in fb. . If she has servants for every work, she cant speak anything. If she is at home by her choice so are others who r going to jobs nd stil managing fine. .only homemakers care about their kids is a worse myth the society is having. And working mothers do not care about their kids nd leave them as ""puppies"" is the worst myth. Think before u say madam!!",1
facebook_corpus_msr_2111186,"Thank god, India's fate  is not in the hsnds of communists. West Bengal still a backward state, while Kerala still worse. But keralites are clever, they vote for communists and fly to foreign countries for earnings",1
facebook_corpus_msr_327803,"HyDer Khoso

Really? Why don't you read this.

The Hamoodur Rahman Commission set up by the Pakistani government following the war noted various atrocities committed by the Pakistani military, including widespread arson and killings in the countryside, killing of intellectuals and professionals, killing of Bengali military officers and soldiers on the pretence of mutiny, killing Bengali civilian officials, businessmen and industrialists, raping numerous Bengali women as a deliberate act of revenge, retaliation and torture, deliberate killing of members of the Bengali Hindu minority and the creation of mass graves.[200] The Hamoodur Rahman Commission wrote, ""indiscriminate killing and looting could only serve the cause of the enemies of Pakistan. In the harshness, we lost the support of the silent majority of the people of East Pakistan.... The Comilla Cantonment massacre (on 27th/28th of March, 1971) under the orders of CO 53 Field Regiment, Lt. Gen. Yakub Malik, in which 17 Bengali Officers and 915 men were just slain by a flick of one Officer's fingers should suffice as an example"".
Several former West Pakistani Army officers who served in Bangladesh during the 1971 war have admitted to large-scale atrocities by their forces.",1
facebook_corpus_msr_1887280,You are wrong dear Indian express .......army morale all time high under Modi. ...,1
facebook_corpus_msr_1442119,So we should have the right to recall law to teach lesson to such people.,1
facebook_corpus_msr_1723159,"Honestly, never irritated by azaan! But Ramayans that go on for days ..or normal pujas of hours put on loud speakers, or just wedding DJs are what I find disturbing. Anything for a short time, that too at a time we are obviously supposed to wake up doesn't bother me. Loud speakers, if banned, should be banned for once and all for every single event and religious ceremony! Also this etlection propaganda in Delhi these days, is very disturbing, ban that too.",1
facebook_corpus_msr_1972714,"No such report from Shiela Dixit ,naturally ! The report must be from the useful idiot !",1
facebook_corpus_msr_1689925,jio is worst...getting 2g speed...and too much fluctuations.My 2k got wasted in JioFi.,1
facebook_corpus_msr_2379849,"First good news which feels like I am in good society......These criminal should not only be beaten............They should also be executed......As they are doing RAJNITI on some one got killed ......... Stupid says he was a OBC.....They don't know that Hindu is Hindu......................

Stop playing on some one death.....",1
facebook_corpus_msr_1490583,He has lost his mental balance..need to admit him in mental asylum !!,1
facebook_corpus_msr_410706,keep going . U will get many more idiots like this,1
facebook_corpus_msr_408049,Poor people are dying n other side people's are wasting litres of milk on posters...It's realy disgusting..,1
facebook_corpus_msr_1723727,"We are forced to listen to your music in public places
Can u stop singing ?",1
facebook_corpus_msr_1945504,Sirish Bundar is very intelligent .. no wonder SRK had to slap some sense into him,1
facebook_corpus_msr_1945579,Needs another one tight slap.. SRK anyone?,1
facebook_corpus_msr_554025,Worst ever FM.,1
facebook_corpus_msr_2241610,This type of frustrated statement can be given by a person who has failed allover,1
facebook_corpus_msr_1723201,How u r a muslim.shamd on u pig being a  muslim u have such mind,1
facebook_corpus_msr_1723258,Islam never said in Quran shout on loudspeaker...  Yes every excessive use of loudspeaker should b ban...  U visit malwani in Mumbai n okhla delhi during Friday...  U will hardly find noise in okhla kutba shouting...  But in Mumbai malwani they shout for prayer call every day one after another on masjid speakers n kutba is like as if American r just about drop bomb n molvis giving his last speech before    raging war against America... Why it's so ? in Muslim area they don't use Mike as they use in mix locality...,1
facebook_corpus_msr_328683,"& What about 2002 Gujarat State terrorism ????
Which one is the best example of #Bhagwa terrorism.",1
facebook_corpus_msr_1723871,I don't know mr. Nigam... But I'm laughing at you as loud as possible because u r still kid.... Hahahhahahahh,1
facebook_corpus_msr_2117621,"The same what is Indian Government doing ! 😞 What else can I expect from both these government 😞 Hatred is increasing day by day, and after all its benefitting both government and sick parties.😞",1
facebook_corpus_msr_2018571,Garima Dubey  You are right. Such a silly girl thou.,1
facebook_corpus_msr_2032118,Both hindus and muslims need to ignore and isolate people of both religion or any other religion who create hatred on religious grounds,1
facebook_corpus_msr_1723275,Sonu g u r unconsciously advocating the creation of separate colonies for different religions as azan disturbs u  so does bagan from temples may disturb others and.............. what will happen to secularism,1
facebook_corpus_msr_503520,"All have gone crazy about rexit.But please remember 3r wasn't going to be the rbi Guv. forever.One  DAY he had to go.The institution existed,exists and will continue to exist  Rajan or no Rajan.",1
facebook_corpus_msr_1723463,"This shows he doesn't have much movies in his hands.
At least something is required to be in a limelight even if one has to use cheap tactics..!!!",1
facebook_corpus_msr_2032215,Good...more Muslims around the world should emulate the majority of Muslims in India.... throw away your love for terrorism + violence and show more love towards himanity like the Indian Muslims,1
facebook_corpus_msr_584581,"This person is jocker. Whatever says is always wrong. Please dont entertain such people, it is just unfortunate such white incompetant elephants decides future of India.",1
facebook_corpus_msr_2032165,"ISIS is a terrorist organization for sure . I respect this man for his bravery and this would be a lesson for those brain less people who join ISIS without knowing what Islam says about violence. Quran says , Killing one Innocent is as though as you killed the whole humanity and ISIS kill number of innocent people everyday and this proves they are not real Muslims. 
Second , I have heard from many non muslims saying Muslims are supposed to kill Non muslims where ever they find them though this is a mis understanding which I want to clear here; A verse in Quran was revealed during a war at the time of Prophet Mohammad in which the Muslims were ordered to kill the enemies but do not make any harm to children's and women who could possibly be there for some reason ' It is also mentioned at several places not to initiate a war before they start harming you Plus this verse was revealed only for that particular period of time . There is no verse in Quran which restricts a Muslim to be friend of non muslims or kill any person who is not a muslim. These are all rumors and mis understanding which makes some people sick and they start playing hatred games. 
Someone has rightly said; Little knowledge of science makes you an atheist and in-depth knowledge of science makes you a believer .  
Respect each others religion and spread love .",1
facebook_corpus_msr_2082599,A very very wrong decision by govt,1
facebook_corpus_msr_332577,Pls change ur style bakts u people are doing this to ur self for decades and we are bored to see this again and again,1
facebook_corpus_msr_407726,"Dear Bomma, in our Indian sub-continental, we allowed a group of parasites to grow. Mr. Sushi is one of them. He is very good in English because he grown up in that way. But a man of 100% lack of integrity. Please donot expect anything good for India and its neighboring countries from him.",1
facebook_corpus_msr_1867496,"No value of living people, rapists, murderers 🚶 free but talk only 🐮 shame on him",1
facebook_corpus_msr_556284,yes they have to cope because what had they donated to their loveable minister like jindal saheb in coal block 2 G  sale to ambani chara to lalu saheb all our money which has to be collected thry tender has to pass it  thru subsidy  but that money they have donated to their love ones.,1
facebook_corpus_msr_1724370,"Pigeral : If you have problems with Muslim Azan then you must have problem with Hindu Aarti too. Both cause noise pollution.

Agniveer : There is difference.

1. How many times have you woken up at 4:30 in morning because of noise from Hindu Aarti in temples? Zero.

How many times have you woken up at 4:30 in morning because of noise from Azan in mosques? 365 times in a year (if you live within 5 km radius of a mosque).

Zero vs 365 settles everything.

Even if Aarti loudspeaker in your locality starts at 4:30 in full volume, you can simply go to the priest and he will reduce it. Just try doing it with a Moulvi in a mosque and see if you come back in single piece.

Pigeral : Huh, and what about your Ganesh Yatra, Hanuman Yatra? Don't they make noise? Stop them.

Agniveer : How many times in a year do Ganesh Chaturthi and Hanuman Jayanti come?

Pigeral : At least 10 days.

Agniveer : And how many times does Azan happen on loudspeaker in a year?

Pigeral :

Agniveer : Why silent? Let me help you. 365*5 = 1825. And then in addition, there are rallies, bike stunts, processions etc on Prophet's B'Day, Eid and Muharram etc.

So it is 10 vs 1825+. Are 10 and 1825 same?

Pigeral : Wrong is wrong. There is no bigger or smaller wrong.

Agniveer : Ok then, your 34/36/38 waist size is also wrong. Come to shape before commenting on our concerns on Azan.

Pigeral : How can you compare my personal fitness issue with an issue of 20% minorities?

Agniveer : Same way as you compared 10 with 1825+.

Pigeral :

Agniveer : Why silent?

Pigeral : Look, you can't interfere in others' religion. India is multicultural society. Every religion has equal rights.

Agniveer : Equal rights? Do we have equal rights? A Muslim can marry 4 women at a time and divorce them at will. A Hindu is jailed for doing same. Where are equal rights? And where are equal rights for Muslim women? You just need equal rights of noise. And you don't care about plight of 10 crore Muslim women?

Look, equal rights come with equal responsibilities. You follow equal laws, you will get equal rights. You act as some special hero, your a$$ will be kicked.

And finally, there is another solid difference. There is strong correlation between density of Azan and terror. Find out the places on earth where

1. Azan is maximum (lets call it Place 1)
2. Aarti is maximum (lets call it Place 2)

Then find out how many world's top terrorists/terror organisations do Place 1 group and Place 2 group produce.

That is the ultimate litmus test on which noise is dangerous and which is harmless.

Pigeral :

Agniveer : Why silent?

Pigeral : Who are you man?

Agniveer : A proud Hindu. A proud idol worshipper. A proud Jihadi-hater. A proud Indian. Agniveer is the name. 

~ Vashi Sharma Agniveer
Copied",1
facebook_corpus_msr_1937569,You and your wife could be the perfect brand ambassadors for a sex change clinic btw.,1
facebook_corpus_msr_481315,Lata madam don't search for losers in the game rather search for winners in the game and that called REFORMS,1
facebook_corpus_msr_335345,So much cash even after demonitisation...he must have received his salary in cash from army...45 rifles....has links with some naxalite group...or it will be proved as craze to have 45 rifles,1
facebook_corpus_msr_1945518,I thought this bast... rd has already converted.  Why is he still maintaining his name,1
facebook_corpus_msr_1521962,"Communists vermin were behind Partition of India, https://www.youtube.com/watch?v=lfbUE5tp0zE",1
facebook_corpus_msr_2032204,"In my opinion, barkha dutt seems to be the biggest anti national ... beacause these type of people get sympathy by the help of media ... and she also belongs to media ... and barkha dutt type people do such things in the veil of such corrupt politicians ... and save the terrorists by saying that terrorism doesn't belong to any religion ...",1
facebook_corpus_msr_1689983,very very wrong this stupid survey,1
facebook_corpus_msr_1723019,Ideally all temples gurudwara church mosque must stop use of loud speakers. ...sometimes old people and small kids get disturbed by these loud noise......even ratri jagran with high noise must be stopped,1
facebook_corpus_msr_433142,Next time we don't want this idiots in opposition also,1
facebook_corpus_msr_2081736,"Again he is lying, when Gurmehar already clarified that she didn't opt her father's martyrdom for this protest.",1
facebook_corpus_msr_2032151,"Asif Khan, R u born controversial or madrasa made controversial ?",1
facebook_corpus_msr_2159090,Tamil nadu fate with Sasikala mafia.,1
facebook_corpus_msr_325164,She has a crude attitude but she is also a carnivorous .,1
facebook_corpus_msr_2032058,Riya begum before opening your mouth about 2002 roits why you forget burning of Godhara train by your chuslim brothers. Anyway I'm proud of 2002 and should be repeated wherever hindus are tortured or killed.,1
facebook_corpus_msr_326919,we  want just revenge.....thats all....an eye for an eye....may be more eye..... according to sharia.,1
facebook_corpus_msr_2029786,When kerala police themselves indulge in moral policing will these shiv sena goondas lag behind? All govts irrespective of political color r ineffective in curbing sexual crimes.,1
facebook_corpus_msr_329069,So you mean Pakistan conducted a surgical strike across the LOC?,1
facebook_corpus_msr_2241628,At the same time not against polticaly corrupt and black money holders.fake people fake slogans.,1
facebook_corpus_msr_395433,"Mr.Pawar- Pakistan is terrorist but India ?? What they have continuing violated humanity's, killed innocent people's.Still you telling the world that India is civilized .But I have liked Mohatma Gandi, Shammi Bibakannoda & their activities.As because they were prominent for their humanity. But not respect Modi.",1
facebook_corpus_msr_406950,Krk when born he mistakenly drop by doctor and he hit the deck by head side ...that's why he is abnormal ...so ignore this poor Krk...he even don't know why he is born ...!,1
facebook_corpus_msr_1945464,"His tweet actually makes sense , ispe bjp ko support kar ke Kya milega tujhe",1
facebook_corpus_msr_1735828,The increase in ST reservations is absolutely ediotic. Its more than the population proportion of STs.,1
facebook_corpus_msr_1978761,As usual ..butthhurt randians will see start crying,1
facebook_corpus_msr_1521647,Bjp poorimakkal are muderers,1
facebook_corpus_msr_327890,Only way sacrificed soldiers  sole can RIP is by taking stringent action on shameless Pak!,1
facebook_corpus_msr_2126991,Bjp increased its tally by 161 percent! Also bjp won 82 vs84 ! For that it may be a MASSIVE win for IE! And how about other municipalities mr.IE? All its editors to staff are always biased towards Modi and bjp! Thats why its popuarity has dipped after 1992!,1
facebook_corpus_msr_1723377,Sonu nigam...this precious azaan has came to us after lot of sacrifices of our Beloved Prophet(Peace be upon him) and his Followers (may God please with them) so kindly don't think negatively it is better for u..no one can stop Islam coz its a religion given by God through our Beloved Prophet (PBUH).,1
facebook_corpus_msr_2032220,Come kashmir  i will teach you a real  lesson  you coward,1
facebook_corpus_msr_1689901,"Airtel is the worst. Fed up of complaining for call drops , net work issues , Internet issues etc. They are all full lies.They say the technical team had surveyed & found ok . But nobody had turned up. Lot of complaints has been registered in the past 6 months. Now they have come up with the solution when you call they say complaint has been registered they do not know when the issue will be sorted out. Only thing they are very prompt is to have a recorded message as reminder for delayed payment or call thousand of times or cut the service immediately
. In this they are superb.",1
facebook_corpus_msr_1737001,Wastage. Video me itna kuch kha but koi fark ni. Kejriwal ko kha ya ni AAP ka kya hoga ye sb me lge hai. Deshbhakt bnte firte hai ye log. Sharam ani chaiye tum jaise logo ko,1
facebook_corpus_msr_2149110,Idiots are still playing caste politics.,1
facebook_corpus_msr_1723747,It is true that Azaan on loudspeakers disturbs people but why do you dont you complain against the Bhajan?,1
facebook_corpus_msr_1723434,"There should be no debate,put ban on loudspeakers,irrespective of religion issue,noise is noise,may it be a mandir or gurudwara or anything,dont make it a religious issue,but should find a solution for the problem thinking above all religions.........",1
facebook_corpus_msr_334500,For betterment of India you join politics and become honest leader and then bark.,1
facebook_corpus_msr_1724312,try to respect all religions mr nigam,1
facebook_corpus_msr_2081751,Why? Which country allows to speak against nation? These left and Congress breeded  rascals are sleeper cells of terrorists.,1
facebook_corpus_msr_323260,"One word for you NDTV , you guys are morons",1
facebook_corpus_msr_1590136,Extremely worse,1
facebook_corpus_msr_2199162,He will definitely think..he is been abused by pm..what kind of affection he has for associating himself with dogs and puppies,1
facebook_corpus_msr_221637,hope the shame less Nautanki lal resigns and leaves Delhi for Varanasi.,1
facebook_corpus_msr_1797824,Shame bjp politics,1
facebook_corpus_msr_1723551,Sonu nigam banning of loud speakers can damage ur life cuz u singers can't sing without Mike and nobody hears your voice without speakers this how u earn money from concerts. K I agree with u banning of loudspeakers this Wt we also wanted no music no sound..,1
facebook_corpus_msr_1791672,"Pleases don't choose this kind of MP,",1
facebook_corpus_msr_328997,Condemn mutilation but What were they doing in Pak territory? Surgical strike? Provide them washrooms in unit..,1
facebook_corpus_msr_2241655,When the matter is with PM he changes   all the rules.,1
facebook_corpus_msr_1521707,"Ajay Thomas BJP already have got footstep in kerala.....and its not because of RSS or hindutva......but because of hypocrisy and pseudo secularism of minorities and venomous tongue of self-proclaimed seculars

Few years back...BJP didn't even had a panchayat member....now they have municipality , MLA , panchayats and even 2nd position in TVM corporation under them.....and they won all that election because of pseudo secular dogs of kerala",1
facebook_corpus_msr_1561758,"The lady doesn't deserve police uniform ? 
Who are you to decide that ?? 
She has cleared the  civil services .. the most competent exam in India .. she was fit enough in the required criteria.. and was appointed by the president of the country.. 
Get some brain and talk sense ... !!",1
facebook_corpus_msr_2407758,"The whole system has rotten, right from the parents to the government to the dipartments concerned and teachers as well are responsible for this",1
facebook_corpus_msr_332528,"Quota or no quota, atleast he holds a genuine degree...not a fake degree holder like PM and Irani... So lets not go down the degree lane... U vl b shamed",1
facebook_corpus_msr_2379935,Must be beaten including you  Indian Express should be dragged from house and roded,1
facebook_corpus_msr_332581,Yes. Bjp will say we need red beacon and security. Can't live without it. Power is addictive,1
facebook_corpus_msr_1922815,He should first be thrown behind bars and thereafter he should be barred from boarding any airlines,1
facebook_corpus_msr_2018475,"Anamika Dudvaani yeh you might be a working women ,and you do have a identity. The world knows you . The topic is about you. You achieved a lot. Pathetic wanna be.
Identity is a cover only.exactly most of the young women work to enjoy life ,like they have seen boy doing.real reason is money ,sexual pleasure,drinking .",1
facebook_corpus_msr_394709,"Pakistan is a like a evil and cancer for south Asia region and entire world  and civilized community. The new generation of Pakistan don't want to become DM, SP, DOCTOR, SCIENTIST OR GOOD AND PROGRESSIVE CITIZEN.their aim is only to become terrorist ie jihadi. For peace and goodness of region and humanity the only solution is the abolition of Pakistan from the map of the world. So the international community should now  come together and eliminate  the Pakistan  (the blackmark for humanity)  for ever. Idian army is known as one of the best army in the world and blady pakiatani will get the proper reply what they actually deserve.",1
facebook_corpus_msr_506809,"how greedy the corporates are Voda evaded the tax by doing off shore transaction , why shd they not pay the tax on a transaction they have made billions .",1
facebook_corpus_msr_41720,Once a surrendered brain always a surrendered brain,1
facebook_corpus_msr_1724039,"Sir , fact is that secular dynamics of this country is fast changing  & present setup is set to disintegrate this country.",1
facebook_corpus_msr_1723626,Even his stage programmes might have disturbed many human beings.....,1
facebook_corpus_msr_397826,"Pakistan have no news page , so all doggy pakistanis are barking here .",1
facebook_corpus_msr_398321,Send this guy along with Justice Karnan for a mental check up. Ullu.,1
facebook_corpus_msr_1723650,I support Sonu Nigam  there is much appeasement of Muslims in India,1
facebook_corpus_msr_1945609,"Yes u idiot.
Kash teri films v itni hi logical hoti.",1
facebook_corpus_msr_422261,Now we will see what seculars *cough*Muslim cock suckers*cough* have to say,1
facebook_corpus_msr_1735791,"social status of muslims is lower than other communities because of your stupid Muslim Personal law board which you dumb nuts follow blindly for fake shariyat.. reform that body by bringing educated intellectual people from community with modern views and then see how muslims progress in india in terms of literacy rate.. representation in working class and women empowerment. 
at a time when we should be moving away from caste based and specially religion based reservations.. stupid vote bank politics is taking over.. overshadowing reformist views.

this is how it all starts.. eating the cheesy cake for being minority and putting up victimized face due to system apathy and then when gain numbers enough.. start enforcing your own medieval laws and harassing of majority community. specially with this sort of crazy attitude which you show.",1
facebook_corpus_msr_1723802,Hlo sir im a hindu girl but i thinks ur thought is very wrong because according to law azaan is not nuisance,1
facebook_corpus_msr_1723045,Rohan Garg is a fake profile. He is no garg,1
facebook_corpus_msr_398446,he is no.1 idiot in d list of many idiots...,1
facebook_corpus_msr_1521729,"Thomas Kuruvilla Baven and filthy  convert like you spreading love....lol......

Remember...one day....people like you will cry....we will make you cry...for your hypocrisy and pseudo secularism......",1
facebook_corpus_msr_1947175,Nuts,1
facebook_corpus_msr_328309,Why dont we indian remove people like you to keep Country Safe .,1
facebook_corpus_msr_407611,"Underworld COWARD Dawood  bache ya mare Hume kya , agar India aaya to jarur marega ye Coward PIG",1
facebook_corpus_msr_400201,#pakistanichutiya. No matter how much in denial you know you will not get Kashmir. But we will surely make Baluchistan and NWFP and Sindh independent.,1
facebook_corpus_msr_1723363,"I m Muslim, as a Muslim I don't hv any objection with the bajan on your temple because it's a religious thing I didn't want to interfere on that, but y you??? Even though Azaan if only for 2 to 3 minutes only and in my state the bajan starts from 5am to onwards may be some times the whole day, you are a great personality I request you don't try to divide the communities or don't create panic between us...",1
facebook_corpus_msr_329980,"saar , U haven't noticed farmers drinking URINE.... during protest..",1
facebook_corpus_msr_2082526,"India is not Canada ,that's free n developed society ,if u live like them ,soldiers of culture will kill u",1
facebook_corpus_msr_443036,You mean prophet Mohammad.. who raped 9 yrs old ayesha.. ~? :p,1
facebook_corpus_msr_398304,He has lost his leadership in States...better to concentrate on that!!,1
facebook_corpus_msr_1805098,He is no more Gandhian he is just a RSS agent who helped bjp to grab power,1
facebook_corpus_msr_1978709,It's agonising that fake news is being spread like a forest fire now a days,1
facebook_corpus_msr_1504135,"ohh shut up, wealthy people converted their money anyway. 99% black money got converted into white bcz of BJP's stupid ideas.",1
facebook_corpus_msr_332263,dictator is your gay gangsters saffron government who wear khaki panty,1
facebook_corpus_msr_1731468,Lalu also speaking on ethics and integrity....such a shame Lalu...amoeba by nature criticizing the PM...,1
facebook_corpus_msr_469986,"8 years bull run finish 

Its time bear market  is possible sonia?",1
facebook_corpus_msr_1673947,This match is fixed.,1
facebook_corpus_msr_1723037,Since 2014 every day only one community is being bashed that is Islam and you saying Hindus are being targeted ?,1
facebook_corpus_msr_1724093,He just wants some attention guys.,1
facebook_corpus_msr_1723907,Only dirty politics...& politicians make a big issue...,1
facebook_corpus_msr_2065434,Better was firing squad,1
facebook_corpus_msr_32290,Killing in the name of azaadi is naxalism .Done by card carrying communist party goon started by charu majumdar and kanu sanayal.Latter commited suicide like vermulla cause he cannot bear the gilt of being a failed mass murderer revolutionary.,1
facebook_corpus_msr_356334,These people should be socially boycotted. Even chairman of their association is thief. In fact they r dacaoits,1
facebook_corpus_msr_2159072,"The headlines ""he won the trust votes"" should be reworded as "" he has bought the votes""  Now, we face the hard truth that money and power wins, what else can u expect from a corrupted group ?",1
facebook_corpus_msr_1563609,"Alot of anti Semitic on this post i see,Gods blessing upon Isreal and hell with everyone else",1
facebook_corpus_msr_1723675,What about your well paid jagrata nights ? Many more can be counted under your same forced logic from Bollywood.,1
facebook_corpus_msr_221612,"I FEEL SAD FOR KEJRIWAL, BECAUSE NO ONE IS UNDERSTANDING THAT HE GOT A MENTAL ILLNESS AND HE NEEDS TREATMENT. HE NEED TO SEE A PSYCHIATRIST. ITS SERIOUS.",1
facebook_corpus_msr_1724263,Stop all loudspeaker propagating religion in odd times,1
facebook_corpus_msr_1521753,"Dasgupta, please stay out of Kerala politics. Keralites know what's best for them.",1
facebook_corpus_msr_1493918,#Pakistan's Burnol moment,1
facebook_corpus_msr_426289,Lakhs of users have already done Mobile Number Portability when moving to Jio: Mukesh Ambani,1
facebook_corpus_msr_1731466,"country is made to bear cost of PMs election bhashans, prachar",1
facebook_corpus_msr_1583961,And leftist presstitutes are happy as the child is IMRAN'S TAHIR'S son.,1
facebook_corpus_msr_334532,This man should be kicked out of aap. I said this long ago.. Bjp in aap,1
facebook_corpus_msr_326849,Pak leaders and defence  forces have grown up drinking donkey milk not their mo----er .Their genetic component is to deny and tell lies. High time India puts them in their place .,1
facebook_corpus_msr_1731634,Chara chor spotted,1
facebook_corpus_msr_2199151,U SP people has ruined the UP no law and order. Go to any other state u will see the difference.,1
facebook_corpus_msr_1893418,She will also suffer thu shame on her y u people are making shame to everybody,1
facebook_corpus_msr_332522,Only Kejriwal and his anarchist followers can indulge in such shameful activities.,1
facebook_corpus_msr_1525115,"Why India Should #ScrapIndusWatersTreaty
Indus Water Treaty Is Illegal
The case of the 1960 Indus waters treaty, it has been signed by then Prime Minister Jawaharlal Nehru and “nowhere it is declared that the said agreement/treaty has been signed in the name of the President of India”, 
“According to the ministry of external affairs documents, nowhere disclosed agreement has been signed by the Jawaharlal Nehru for the President of India...,” 

“According to the impugned agreement 80% water goes to Pakistan which is a serious injury to the fundamental right of the citizens of India coupled with further financial and natural injuries to national interest.”

If We Indians Keep Quit Today Our Future Generations Will Blame Us And Never Going To Forgive Us

India Need Be Like China Fast And Furious And Must Have Ability To Say On Face.
China Claim South China Sea 
China Made And Develop 7 Artificial Man Made Islands On The South China Sea So Quickly 
Then Why Can't India Stop Water From Our Own States And Union Territories Of India
We Need To Build More Dam On Indus River And Must Have Iccha-Shakti To Say Only One Sentence To World Bank F*ck Off 
India Is Scraping Indus Waters Treaty

If China Can Do For Their Mother Land 
Then Why Not India (If India Cannot Do)
Then Their Is Some Serious Problem In Our Indian Government System With Our Political Partys And Also With Our Useless Politician.
Who Just Know To Bark But Cannot Take Action.

http://siteresources.worldbank.org/INTSOUTHASIA/Resources/223497-1105737253588/IndusWatersTreaty1960.pdf",1
facebook_corpus_msr_1724294,Get well soon. Sonu,1
facebook_corpus_msr_405074,"Dear, Indians r really idiot
Boz they c death of jawans 
But still Muslims r living in India
Really, Muslims should b sent back to their country Pakistan.",1
facebook_corpus_msr_1893374,Now those mullas barking on TV as spokesmen will not going to open their mouth because their mouth have been lock by sharia law .No Muslim will come forwards to assist this ladies . Feel sorry for her even my heart cried .I hope if I can assist her .,1
facebook_corpus_msr_495097,Not a big deal... being glamorous doesn't pay..burning your sweat day in and day out making something worthwhile and bringing fame to your nation at international podium is indeed praiseworthy! And not by shaking your legs and showing how sexy you can be!,1
facebook_corpus_msr_324363,No one should be put in such a situation!Where is the humanity ???😡😢,1
facebook_corpus_msr_1673936,Very shame on you viratkohil,1
facebook_corpus_msr_1723537,"Sonu nigam when u do concerts and do stage shows then also u use loud speskers and mikes....that isn't noise pollution for you...U have hell lot of money make ur house sound proof...dnt commment on anyones religion wheather its muslims , hindus ,Sikhs or Christians...from now I will bycot ur songs and ur concerts...",1
facebook_corpus_msr_1887274,Oye porky we know who you really are. You dirty porkistani hiding behind the fake ID,1
facebook_corpus_msr_1805567,He is the Dog of BJP,1
facebook_corpus_msr_397801,They will put the blame on Kashmiri terrorists.  But Pakistan is responsible and should be punished.,1
facebook_corpus_msr_1931152,Indian express became bakwas express. ..,1
facebook_corpus_msr_1978756,nikhil bhai u r mentally sick ....get well soon,1
facebook_corpus_msr_2117657,Are you sure you are a Muslim or you are just fooling people with your false name. But if you really are you are undoubtedly a 'munafiq'. And may you rot in hell.,1
facebook_corpus_msr_424907,It took years to understand this basic point... Airtel is a reactive company rather than being Innovative......,1
facebook_corpus_msr_1805188,BJP uses AH against AAP but never endorses AH prescribed Lok Adalat. Clear case of selective propaganda against AAP,1
facebook_corpus_msr_414244,All IT companies bubble will soon burst. They all are liars and conceive information,1
facebook_corpus_msr_2349558,"Bro u cannot relate radical with Islam, he should have said that he will clean all the terrorists from the world, then that would be better speech and acceptable to every one.",1
facebook_corpus_msr_1945494,You are targeting Yogi with cheap third rate person why don't you give some time to prove himself You are not a news paper you have hidden agenda and an axe to grind,1
facebook_corpus_msr_2117682,They not gonna do that...blood in their eyes now,1
facebook_corpus_msr_397835,Perpetual liars. Kasab was not a Pakistani. So many of them.,1
facebook_corpus_msr_1521715,Narendra Das have you been to Kerala. pls go and find out for yourself then you will know that strange creatures and stray dogs are in Bhubaneshwar. Kerala people are far more educated then from your place. you people are still very backward,1
facebook_corpus_msr_443967,Satarupa Pal you stupid I am not. In fact you copper chamchma of Modi and therefore you are not able to the constructive criticism.,1
facebook_corpus_msr_1613993,WAt a racist. No worries dude. Ppl like you will cease to exist naturally. Hahaha,1
facebook_corpus_msr_2032045,"Bengalis are half muslims, maybe mamta effect or Bangladeshi affect,  they marry their daughters to kashmiri muslims who do shawl business in kolkotta, I have seen lot of Bengali ladies in muslim homes at kmr",1
facebook_corpus_msr_329082,Feku Modi can only loot India & bluff everyone with lies & fake promises.,1
facebook_corpus_msr_448894,He is 9th powerful man in the world dont forget it everyone,1
facebook_corpus_msr_2199135,Dogs r more loyal than  u Azam ..u r worst creature n u belongs to the same who r destined to lead a life in the DESERT mistakenly u pple  r here in India total mismatch ...India tried hard to domesticate u pple  but failed coz of u pples  upbringing (NOMAD).,1
facebook_corpus_msr_1521840,religious of fools,1
facebook_corpus_msr_1805131,True this hazard wakes only when bjp is going for elections,1
facebook_corpus_msr_1722998,"Kashmiris can't tolerate Hindus living in valley, they threw 5 lakhs hindus from valley in 1990s
And I am surprised that there is a temple in Kashmir with loudspeaker ?",1
facebook_corpus_msr_394641,"It's Indian muslims who support ISIS. Just like everywhere on the earth, terrorists are muslims. india is suffering from these pests since independence.",1
facebook_corpus_msr_394618,Waqas Ahmad please die man asap..bcoz ppl lyk u from the worst failure country in the world still criticizing others hv no right to stay alive..,1
facebook_corpus_msr_429526,Indian army is Yes boss army..they are not allowed to use their brains..,1
facebook_corpus_msr_1805121,Because you are so well fitted in your white sanghi avtar.anyway aap is piece of shitt  too,1
facebook_corpus_msr_2032210,Sick mentality,1
facebook_corpus_msr_300429,Cheating,1
facebook_corpus_msr_1978747,"You have nothing to worry about from these stupid mullahs, India is with you...pl continue with your singing...it's God's gift to you....",1
facebook_corpus_msr_397716,When has jhutistan ever confessed to its animal instinct n butchery ? Beheading has been going on for many yrs now .Pak has ensured it's death soon .,1
facebook_corpus_msr_2117630,Well you are still a dumb....,1
facebook_corpus_msr_503516,Yes India is proved it is ruled by swamies and not the ones who should.,1
facebook_corpus_msr_1731640,Lalu ji Namo Namo is ours People's Pm nd u r  not People's CM.,1
facebook_corpus_msr_1805216,"ANNA IS AGENT OF BJP SO HOW CAN HE HAVE JOINED AAP. 
DONT MAKE PEOPLE FOOL, U DRAMEBAAZ",1
facebook_corpus_msr_394732,"Just proves that this Baba is NOT a Godman but just a snake oil salesman, a  charlatan, looking for bloody revenge",1
facebook_corpus_msr_2032292,In the face bhakts who call muslims as terrorists. This is called patriotism. You people should learn from this father.,1
facebook_corpus_msr_1893449,Fake news,1
facebook_corpus_msr_322740,"Dont expect
Our government is only having 56 inch seena limited to election campaign.
Worst Government when it comes to soldiers security",1
facebook_corpus_msr_1525424,court never take interest  in right decision,1
facebook_corpus_msr_2018570,"Raisha actually shahid will never let her work, as he is way too a typical man. So she has to present this is in a more respectable way so this statement has come out.",1
facebook_corpus_msr_1582215,"Since communists love purges, I guess its time to purge all communists from India, drag these scums out and give them a taste of their own medicine, No theory has failed as many times in history of this world as Communism did, And still watch morons apologising fr it.",1
facebook_corpus_msr_322602,"Its the same world wide fight from nation to nation, all caused by islamic hate.",1
facebook_corpus_msr_2082587,Morons running the country n passing tuglaki rules,1
facebook_corpus_msr_332560,Wouldn't surprise me one bit if he ransacked his own home both for political mileage as well as insurance money.,1
facebook_corpus_msr_1561776,Dirty bjp politics....addicted to fake fame.......idiots... Then have introduced a new post of...personal camer man..😏😏😏😏😏😏😏,1
facebook_corpus_msr_2117689,More hatred more crime if usa is not vacated by foreigners,1
facebook_corpus_msr_1956245,Back to Gunda Raj,1
facebook_corpus_msr_1945554,Now I understood why srk slapped him,1
facebook_corpus_msr_405601,This is the well known face of islam...and they also very expert in playing victim card,1
facebook_corpus_msr_1723722,he is lost his popularity very beginning now he want to recover it so that is the most possible way to become a popular in india to say something against muslim community.,1
facebook_corpus_msr_326796,"Pee drinker talk when you sober, your soldiers apply holidays when war times comes. rapist nation",1
facebook_corpus_msr_336178,NATIONALIST ARE KILLING PEOPLE FOR COW AND LIVING HAPPILY. IT IS HIGH TIME TO GIVE PROPER REPLY TO THOSE SANGHIS,1
facebook_corpus_msr_2203240,"If you think  the Romeos are  only Muslim, then they should be checked. Otherwise it is for all. Why a negative approach. Why the girls are harrassed? On one hand, if one's sister is harrassed, the brother may take extream measures, but doesn't mind harrassing other's sisters.",1
facebook_corpus_msr_2032187,It shows that relugion is not behind terrorism in india it is unemployment. In our culture after death we forgive all his deeds My request to take his body and do last rites accordin to our rrlogion.,1
facebook_corpus_msr_2041558,"Hats off Ms.Kangana. I would like to say to Mr.Karan, that it was your show, you should have given your answers that time only, not afterwards, like a coward. You should have the guts that time only.",1
facebook_corpus_msr_2126950,"Hahaha,presstitute",1
facebook_corpus_msr_456420,Useless look your audience and what event you doing here. Stupid idea,1
facebook_corpus_msr_429529,but pakistan is governed by army  ? .....ruled by china,1
facebook_corpus_msr_2117625,best place to live is where u born ots best and known one can do anything and they went for money and money can earn anywhere but not life.......jai hind and why will America stop hate crime their its common so many black have been killed daily you guys see everyday in news and tv best thing is come to india and develop here dont lose more life there...,1
facebook_corpus_msr_2280086,It is naked truth that all the terror attacks connected with Muslims who were follower of Islam. Islam is great religion but few stupid people are killing innocent people in name of jihad & most of Muslims giving them silent support by keeping silence on their inhuman acts. I just want to convey to our Muslim bhai to start protest agst these devils of humanity who are tarnishing name of our great religion Islam otherwise one day world will be devided as Islam vs other religions which will be not good for humanity. Please help to make this world better place to live & understand the purpose of my comments without prejudice.,1
facebook_corpus_msr_451941,"When will the design of Bajaj Auto change...still the same for time ...and its not classic. Unsafe, dangerous",1
facebook_corpus_msr_332578,U se bhojpori natak how is ur government work and kind of information Delhi police work in ur government not in Delhi government see the difference between  if people feces problem ur quite now his own life have problems with your government,1
facebook_corpus_msr_1575773,They are both pretty what is fkin wrong with you guys,1
facebook_corpus_msr_1978752,"Yeah right.. when you bomb people country leaving them homeless, you are indeed doing a favour!! By the way.. it shows how much history you and I know !! The only problem with Muslims is they don't break when oppression falls upon them.. they fight back.. yeah that's a problem! Be oppressed, Muslims are the opposite in Palestine, Kashmir.. everywhere!",1
facebook_corpus_msr_2032125,Saudiya for sure.,1
facebook_corpus_msr_1490569,Can the Internet Facebook twitter All other block this moron cry baby just barking like a mad dog get him admitted to psycho hospital,1
facebook_corpus_msr_422175,china & japan must be scoffing at american knowledge .,1
facebook_corpus_msr_2199194,@Azam khan Dog spotted 😀,1
facebook_corpus_msr_1561746,In India all the brutality by police forces is on a genuine protesters only... Only difference is that media and political leaders camouflage as something wrong by the protesters.,1
facebook_corpus_msr_1723583,"Navratri Ganesh Pooja and other festivals are occasions 
We are not made to hear other religious belief 
Why should we",1
facebook_corpus_msr_2243862,She is playing all cards even at the cost of bringing destability.,1
facebook_corpus_msr_554026,Morgage India.....!,1
facebook_corpus_msr_1521668,"Lol... These clowns are paid agents just working to spill nonsense and garbage here. Not surprised why they don't respond when good questions are asked. They hardly understand English anywayz! Still it's some employment like these gau-wadis are doing at the behest of upholding a religion!! Never mind!! Ppl get what they voted for! Jus don't come over in Kerala! Cuz we vote for keralites and true keralites like the cow, on their plates, well done!! Lol.",1
facebook_corpus_msr_1201797,Good kill all terrorist,1
facebook_corpus_msr_503395,I heard from somewhere... if a big player needs loan..of somewhere 100cr..they pass the file to new PO.. irony he does not have experienced .. pressure from manager to sign the file..made him to do it..if any questuions arises..put the blame on that officer..who might known... what he had done..story from a well knwon place..u believe it or not..this is how small players..loot banking system..,1
facebook_corpus_msr_2111282,The continuous hate and murder in Kerala by Red Brigade don't have to teach secularism to nation .,1
facebook_corpus_msr_2032083,And because of u people there is a boundary created between two religion avoid it and proceed ......,1
facebook_corpus_msr_1723877,I hate sonu nigam,1
facebook_corpus_msr_1818400,"Such a uneducated and serious les Ministers, they want to follow saudi laws blindly",1
facebook_corpus_msr_1723009,Right buddy but who will tell these ill minded people who is always discriminating on the religion base and always trying to show low to others religion even i am a hindu but if anyone dares to speak a single cuss about other religion i can't tolerate..... hope so people respect each others religion.,1
facebook_corpus_msr_1716160,Cow slaughter is illegal so wrong doers should be terrorized,1
facebook_corpus_msr_365487,"Now it is higer & higher time , at any cost do attack on pakistan, there is no onther way to peace in india",1
facebook_corpus_msr_1723543,"Sonu you being public figure you have only right to say certain thing such as water waste on holi, noise & air pollution on Dewali, being advocate of animals on jalikattu.etc etc...how can you say something like this about other faiths...you sound very illogical and not knowledgeable in other faith...",1
facebook_corpus_msr_427029,Give true news.. do not misleading people... You are master of misleading peoples.,1
facebook_corpus_msr_1737022,Absolutely pathetic piece of journalism from Indian express. This guy just made such an inspiring speech but all this news agency saw was criticism of AK. Highly disappointed!!!,1
facebook_corpus_msr_1804898,"Anna fooled the country, kejriwal befooled Anna. Kejjriwal believes in modern technology, Use and Throw.",1
facebook_corpus_msr_1805113,"Bjp puppet, all drama & lies, idiot oldman trying to cheat people, but we know your ugly face..,",1
facebook_corpus_msr_1731502,"Lalu means no.1 foolish , u have also done road show etc when u r in power , u foolish chara chor stop Ur politics.",1
facebook_corpus_msr_2032208,All muslims in India are realy threat for India.. please sent or migrate  them to pakistan if they have problem to live in Hindustan.. #allmuslimareterrorists,1
facebook_corpus_msr_397842,"This is a completely NON ISLAMIC act of Pakistan it is HARAAM and against SHARIAH ,, whoever did this is not a real Musalman",1
facebook_corpus_msr_2032184,For those who still brainwashed to think that terrorism has religion...........Which terror organisation did max no of terrorist attacks in the world ???? It's ULFA they r Hindus not Muslims.  They did 749 conformed terrorist attacks .which terror organisation did maximum no of killings in the world ??? It's LTTE they killed more than 60000 innocents ( 3 times than Isis) . LRA Christian terrorist organisation killed more innocents than Alkhyda . Have ever seen it in western media . It's a western media propaganda to portray all terrorist as Muslim . In reality there r dormant nonmuslim terror organisation across the world like IRA ETA Antimatter Bala Maoists KKK The raising path etc..,1
facebook_corpus_msr_2127049,It's commie stooge paper.. what to expect?,1
facebook_corpus_msr_1723412,Once or twice or thrice a month or even a  year is bearable hence ok. But to wake up every single day of your life by the noise blaring out of loudspeakers is sure to piss off anybody.,1
facebook_corpus_msr_402493,Ajamkhan should be told to go to hell along with Akhilesh and Mayawati and every thing better will happen to India irrespective of cast and creed.,1
facebook_corpus_msr_823717,ISI approved bjp IT cell agent,1
facebook_corpus_msr_2032310,"My request to all Indian political leaders, Stop affection to minority politics. If you have a talent & good intention to serve public you will win. Nobody stop you.",1
facebook_corpus_msr_495808,OOOOHHH... WONDERFUL >>>>  1 SILVER MEDAL = 13 CRORE OR MORE......,1
facebook_corpus_msr_1588061,I know u bleedy cow Adv Arnab Dutta . U will see in future who will rule in cricket India has down in t2o after pak pakistan is progressing .u will see in first round India will be out as Indian players scare with bouncy ground.,1
facebook_corpus_msr_1805676,Kejriwal is only hope in politics.annahara baseless,1
facebook_corpus_msr_1805383,dramebaaz,1
facebook_corpus_msr_398239,This type of people responsible for gulami of India  All English all muslim recruited native in their army and won battle and ruled India and kept people poor,1
facebook_corpus_msr_1724015,Even if didn't create fuss m sure y guys will,1
facebook_corpus_msr_1804988,Tum Jaisey chutiya or RSS minded logo ka kaam nahi hai AAP main.....Sala khud bada desh drohi hai........front sey bhaga hua Sainik hai..,1
facebook_corpus_msr_431178,Wat the hell is this... Dnt use abusive language to him... Shame on u people,1
facebook_corpus_msr_956323,"Bhakt's never accepts truth !!
They are blind Cow's dumb eater and Urine drinker's",1
facebook_corpus_msr_452132,"Stop it bajaj, show the bike for the sake of humanity",1
facebook_corpus_msr_1724187,Gone out of  mind,1
facebook_corpus_msr_2032029,I too was happy when the rioter and plotter of 2002 riots were awarded by then govt in gujarat,1
facebook_corpus_msr_1714363,Get lost man only he can do tat,1
facebook_corpus_msr_1731413,lallo whats a name means foolish man who is corrupted who had done scamp and his childrens who r not capable to earn 5000rup they r minister strange,1
facebook_corpus_msr_409177,Sonia should be Nominated for MAHA BHRASHT LEADER OF THE WORLD,1
facebook_corpus_msr_397542,"Brother you are Muslim and We Pakistani are Muslims. Get unite brother. These Hindus are not to be trusted they can never be  friends of Muslims!!!
They are ally's of Israel and they are playing the policy of divide n destroy. There target is not Pakistan,Afghanistan,Saudi Arabia....   there target is Muslim Ummah.",1
facebook_corpus_msr_1723690,Secularism is India means Muslim appeasement nothing else...,1
facebook_corpus_msr_395303,Fake ....its nothing like this......no one is killed even 3 indian posts were destroyed .........my bro is on LOC ....he is brave and always busy in killing bloody indians .......,1
facebook_corpus_msr_1956986,Totally a stupid Blunt media is this Indian express,1
facebook_corpus_msr_1804915,This comment section made me really really happy. People actually know Anna now. He is just a puppet of BJP. He is jealous of AK and tried to harm him in every way whenever possible. It's the 'sanskar' of AK that he hasn't talked bad about Anna till now.,1
facebook_corpus_msr_2032069,"Mohd Ayub Gazi teach these 2 lines to your madrasa boys, who pick up guns to wage jihad against India. Teach these lines to kashmiris who stand in que for free Indian rice & relief cheques. Vinash is infront of kashmiris. Just enjoy it",1
facebook_corpus_msr_2199203,Azam...hazam you porkistanis keep ur gutter mouth shut,1
facebook_corpus_msr_2126959,How about Massive Defeat for Cong -NCP alliance  ??,1
facebook_corpus_msr_324335,And if father burst out in trauma beats the Docs than these Docs will go on strike .... they can kill people due to their negligence but people can't even slap them for their criminal negligence .... Govt is responsible for this killing for not bringing strict laws against Medical fraternity,1
facebook_corpus_msr_1805010,Anna is sounding like an opportunist. At least Arvind has stuck to what he started and has created a government and trying to do something constructive.,1
facebook_corpus_msr_1805226,Kejriwal drama Baz,1
facebook_corpus_msr_1723242,Muslims are doing the job of murga daily.,1
facebook_corpus_msr_332282,Erdogan total dictator...quashing media rigged elections...abolishing civil rights...dangerous man...changing Turkey from secular democracy to theocracy...another ayatollah...,1
facebook_corpus_msr_1723351,Loudspeakers should be banned.  Gods can hear u otherwise too.  The entire neighbourhood  doesn't need to hear it as well.  Be it aazaan or bhajans.,1
facebook_corpus_msr_1763599,Or in a dalit gutter,1
facebook_corpus_msr_332618,you CPM congress has divided India based on religion  and made Muslism country of Indian part and kciked 10 cr Hidnus from their grand parents country of Paka nd Bangladesh.,1
facebook_corpus_msr_2032307,You poor people modi and amit shah just starts the game to polarize the voters in UP elections,1
facebook_corpus_msr_1723586,Today if you want publicity and media attention just abuse and threat OTHERS religion that definitely bring you media attention.,1
facebook_corpus_msr_1891402,Both r ugly,1
facebook_corpus_msr_379932,Inko salo ko andr ghus k maro or rahem mt khao bc pr,1
facebook_corpus_msr_325752,Gen.RAWAT blamed that Pakistani crossed the border and RAPE not only my wife but also Rape my daughter and then safely went to Pakistan. .....,1
facebook_corpus_msr_1724318,Never go on religion plz,1
facebook_corpus_msr_394798,ha ha joke of the day      ur army only can kill kashmiris,1
facebook_corpus_msr_1979845,Superb,1
facebook_corpus_msr_503371,Such a stupid music.  This is not funny.  He had given a nice speech,1
facebook_corpus_msr_1723640,Bhajan 's and ghante ki awaaz not destruction in temples....,1
facebook_corpus_msr_2379908,The JNU is hub of anti national elements of my country.....first execute this elements Indian Army......,1
facebook_corpus_msr_1805357,howcome a puppet can work for the common people party,1
facebook_corpus_msr_233537,"Disappointed with Sambit for letting Khera speak non sense, he should be exposing openly. Y BJP is defendant against this corrupt parties",1
facebook_corpus_msr_327912,Coward Government failed in all the corners of security for its soldiers. Shameless guys can maximum protects cows not its dedicated soldiers.,1
facebook_corpus_msr_1689916,"Did u took those tests on Mars...???
Cos after using fr 6mnths d best speed i got was 2Mbps in suburbs of Mumbai...",1
facebook_corpus_msr_397698,"Allah will not save you . You are destined only for jhahunnum. Buried with pigs.
#proudchutiyawhodoesntunderstandhistory",1
facebook_corpus_msr_2018592,"dear girl you are married to SHAHID KAPOOR...their is a lot of diiference in the grooming of children brought up by a working woman.. they are ace in basic life skills from a very young age.. i started to cook when i was in 5th standard, started to sew near about the same time... and also the working moms are super Robots.. they juggle everything efficiently.. u have a choice to stay with ur baby this dosent meaan that other mothers dont love their babies and leave them and run to work.. infact i wonder how did u abandon ur career and became a full time mom.. then i realise.. ohhh her husband is Shahid Kapoor. U need to mature lady. having a baby dosent make u any wiser or older, or mature.",1
facebook_corpus_msr_1723470,"Look: stop cursing him! Pray for him instead. He is poor. He is suffering from down syndrome. He is in a dire need to be heard. His career graph is in nose diving mode. He is restless. He is desperately seeking attention from the ""Sangh Parivar"" to be adjusted in the Rajya Sabha and all that.
He fears lest Abhijit wins the Sanghi heart before he wins.

Thank you",1
facebook_corpus_msr_331323,Everything is not Gau Rakshak but killing people in the name of cow is Gau Rakshak is all about and who told you that killing cow is illegal in constitution don't have knowledge than its better to be quiet its illegal only in the mind of people like u n supreme court has also directed such people that u cant direct people what to eat n what not to eat,1
facebook_corpus_msr_2018553,"Mira Rajput: An upperclass, upper-caste Delhiite who (arranged) married a guy much older (although rich) than her straight after college, never EVER having any obligation to work and earn money, or finding the need/ambition to become anything bigger than a stay-at-home mother shuns feminism and working women? SHOCKING! *yawn* if I took advice from celebrities on how to run my life, I would maybe end up like her. Thank God I know better.",1
facebook_corpus_msr_1723713,Actually he wants to attract the attention of yogi nothing else.,1
facebook_corpus_msr_1723028,Oh yeah? Mandir in Kashmir? Joke of the century. Have you left any mandir standing there?,1
facebook_corpus_msr_327865,"sachin...not my army.I told about our boarders guard.yes you have no nuclear bomb or any modern equipment but we have a Army,not coward like u.",1
facebook_corpus_msr_444108,"Corrupt and lazy people will never like Modi. He is god's gift to India. Wish him success in weeding out lethargy,corrupt practices.",1
facebook_corpus_msr_1736985,"Thanks for the headlines indianexpress.. this shows how you prestitutes are behind aap cz they are the only one who could question you bigtime.. this shows how u work only for trp by labelling the video as anti aap.
This shows who are your masters who are protecting you. Shame on you paid media prestitute indian express",1
facebook_corpus_msr_1956949,"The day Gandhi's and their pillas leave politics, India will be free from curse of appeasement and bootlickers.",1
facebook_corpus_msr_23444,Stop your Nautanki as this video explains everything https://youtu.be/6Z3w97pUKh0,1
facebook_corpus_msr_1600587,"I don't why Indian media always want Indians always barking on us 
So don't stop Indians keep barking on us",1
facebook_corpus_msr_324316,Yess...we hindus considered cow as a god. But where were your people?. Why didnt your people tried to save him or offer ambulance. Ohhhhhh i forgt they were bzy in playing triple talaq or planning to find next bombing place right?,1
facebook_corpus_msr_374014,Sir very badly  I am Indian ex-serviceman my time my unit  24 RR fuckking   pakestan post,1
facebook_corpus_msr_1907020,तेरी तो यूपी में ही बजा दी गयी है,1
facebook_corpus_msr_1853779,WTF is this ?? Anyone who can figure out what the hell these plans actually involve shd get bharat ratna.,1
facebook_corpus_msr_448891,He is 9th powerful man in the world dont forget it everyone,1
facebook_corpus_msr_1723493,"Haaaaaaaahaaaaaa. We already know Muslims are slaves, they cannot live their life with their choice, but still they are considereing their self patriotic vow I m happy, make their lives hell",1
facebook_corpus_msr_2018644,Had she  not been shahid kapoor wife...she wouldnt have any identity with such mindset..,1
facebook_corpus_msr_2210557,What nonsense.,1
facebook_corpus_msr_1521885,We will continue to eat beef irrespective of caste and religion. RSS and BJP can eat cowdung and mind their business.,1
facebook_corpus_msr_2380029,Police is slave of government.,1
facebook_corpus_msr_1805377,Drama king,1
facebook_corpus_msr_407049,This is how he makes money.. vmby creating controversy and doing exactly what's wrong.,1
facebook_corpus_msr_2018514,"Very sad to hear these kind of words from her. You are very write to say that the time one spends with her child is most precious but you are forgetting that every working mother is trying to also spend quality time with their kids and fulfill their essential needs, which in your case is not a matter of concern.",1
facebook_corpus_msr_1833373,she may be suffering from dementia and forgotten the profits of export of beef ... the entire cabinate is enjoying on other side,1
facebook_corpus_msr_329947,The question that India should put to Modi is...Who is responsible for martyrdom of 60 soldiers in last 2 months and hundreds after Uri attack...5 young jawans Martyred this week again...2 in poonch Right now...He has made India an Afghanistan for forces,1
facebook_corpus_msr_2018588,"Agree, she makes a ridiculous statement.  Working moms don't think their kids are puppies...",1
facebook_corpus_msr_326780,"Aqsa Kashmiri# whom are u trying to convince, they are the people who even don't know how to respect a women.... Shameless",1
facebook_corpus_msr_395277,R yu in ur dreams.. yu have lost 3 wars from us lol.. even our ambani can buy ur full pakistan,1
facebook_corpus_msr_1723145,Sonunigam ji AZAAN IS CALL FOR UNITY .AZAN IS CALL FOR PUIRTY .AZAN IS CALL FOR TO MEET ALMIGHTY .AZAAN IS CALL FOR BENFIT .NOT GUNDAGARDI .NOW U DOING GONDAGARDI U R NOTHING IN FRONT MY LORD AM RESPECTING U BECUASE OF MY LORD . MAN OUR CREATOR LOOKING U AM PRAYING FOR U TO NOT PUNISH U BUT REALISE U .AND WILL BE SHAME  U AND U WILL  APPOLAGISE ON SOCIAL MEDIA .NOW MY LORD WILL JUSTIY U. ALLAH IS GREAT .ALLHU AKBAR.  THIS MESSAGE WILL COME TO U INSHALLAH.,1
facebook_corpus_msr_1805693,Anna fooled the nation ..An agent of BJP...,1
facebook_corpus_msr_1723666,"He could have made his point without mentioning a particular religion. His comment has merit but the way he expressed is too immature. I've lived nearby various religious places like Mandir, Gurudwara and Masjid. All religion pretty much do the same, Hindus do bhajans on ""LOUDSPEAKER"", Muslim do azaan on ""LOUDSPEAKER"" , Sikh do ardaas on ""LOUDSPEAKER"". It is the noise created by those LOUDSPEAKERS that causes the annoyance.",1
facebook_corpus_msr_1723501,"Sonu Nigam is a classic example of Hindu Privilege. I dare see a Muslim Celebrity speak of. guess only Hindus consume the toxic lead that makes it way to food via water system after Ganesha and durga idols are thrown in rivers. guess only Hindus inhale toxic smoke from Diwali fireworks. guess only Hindus get late to work when roads sometime entire cites are lock down for Hindus festivals, guess only Hindus are woken up by bells and bajan keerta in mandirs.",1
facebook_corpus_msr_2111209,"The communists have no voice to say anything about RSS,which always fights for country's unity.The communists always wants to show thier supremacy in dividing India and killing poor hindus..What action taken by Pinaraye against the persons connected with BJP's workers murders.",1
facebook_corpus_msr_364599,Don't discuss just take action and we need to first all mother fucker gaddar who live in India,1
facebook_corpus_msr_1583963,Need to send a request to FB to unfriend #indianexpress WTF is wrong with u guys 😡😡😡,1
facebook_corpus_msr_328977,Cowerdly act heneios crime by swines of our unlawful neighbours it's high time to teach a lesson.  We trust our hero's of  national forces and the govt,1
facebook_corpus_msr_404138,Get lost we dnt wnt.......bc... where is d Satellite and where is that cheap china Pakistan road goto hell nonsense 😂😂😂😂😂😂😂,1
facebook_corpus_msr_324352,"Muslims and Islamic followers are eating away Hindu's and  Hinduism followers tax money, depriving basic amenities, they breed like rabbits and rats to eat freely our economy, and then abuse our nation, without contribution, if we ask ask contribution Allah o Akbar Then nothing will be there except blood, seeing the Muslims participation in abuse, it is really pathetic of majority population",1
facebook_corpus_msr_426898,Thats why Bajaj is in such situation when other cos of his sector growing at a double digit.. dont use ur Bengali brain..,1
facebook_corpus_msr_2295043,Puppet channel,1
facebook_corpus_msr_1979521,"http://indianexpress.com/article/india/fatwa-issued-against-reality-singing-star-nahid-afrin-by-42-clerics-4569825/

Dear Indian Express,
I feel sorry to write that your journalists are out there to misinterpret events and present them in a distorted manner just to make some sensational headlines. The news about upcoming singer Nahid Afreen has been prepared without proper research and investigation. It was very sad to see that your journalists don't even know the difference between fatwa and appeal. 
A fatwa is a non-binding legal opinion issued only by a qualified jurist (Mufti) on a request by someone who is unable to understand religious guidelines whereas the leaflet that is being circulated and presented as Fatwa is just a hard copy of an appeal signed by 46 men who believe in religious practices. The merit of appeal can be discussed on many grounds and in many dimensions but first and foremost, an appeal can not be called a legal opinion (Fatwa). 
We expect apology from your side for such a mistake",1
facebook_corpus_msr_1582220,how shamelessly Indian Express has been endorsing leftist view for years.. and called themself an unbiased media house. Shame!1,1
facebook_corpus_msr_397523,"We will continue to support Afghan Talibans as they are our brothers & great allies. Without the consent of Talibans, no peace is possible in Afghanistan. So via Afghanistan, R&AW should stop spreading terrorism in Pakistan & get out from any involvement in Afghanistan.",1
facebook_corpus_msr_456401,that was a guest who got molested when they switched the lights off,1
facebook_corpus_msr_394639,Those 13 jihadis killed by MOAB is a blessing for Indians. May more such isis inspired jihadis leave India and get killed anywhere. We don't care...☺,1
facebook_corpus_msr_1891403,"Aliya no daubt 
Mahira look like Aliyas mother",1
facebook_corpus_msr_115595,HOW many dreams are destroyed because of this fucking IIT,1
facebook_corpus_msr_484109,So big mouth 😄😄😄,1
facebook_corpus_msr_1600565,"So Pak Army crossed over to india, killed ur army personnel, mutilated their bodies and returned unseen.",1
facebook_corpus_msr_401251,Nothing happened like that. Your Army and media is lying.,1
facebook_corpus_msr_326926,May be militants would have mutilated bodies.Millitants often enter army camps in Kashmir.Indian army often mutilate bodies of militants after encounters in kashmir,1
facebook_corpus_msr_381254,Maro salo ko ake ake ko chun chun ke maro,1
facebook_corpus_msr_2032190,"Yes, the dead body of that terrorist should be thrown for the animals and birds to eat out... Make them all a lesson, whatever be their religion,  once their guilt is established by the due process of  law...",1
facebook_corpus_msr_1736996,"Dear Indian express jab ye video dekh rahe the to kya kaan me tel Dal rakha tha tumhari team ne, Dr Kumar vishwas has did a vailed attack on all netas of the country and he didn't favoured anyone. To ye prestitutism kyu. Daru pike reporting karte ho kya??",1
facebook_corpus_msr_395431,"Pakistan is a terrorists country, doesn't believes in humanity why should not we retaliate according to",1
facebook_corpus_msr_2082541,Wrong decision,1
facebook_corpus_msr_405538,should not be done.....its not human act......if such continues Pakistan will be like india for minorities......hope Pakistan govt should take care of their minorities  unlike our cow vigilante's govt who only cares for minority women but make cm who speaks to rape them taking up from grave...........,1
facebook_corpus_msr_503504,"When we hire well educated people and they do not deliver what is expected from their experience and position @ no need of such decoreable job?what for we are having GM, Regional Managers,directors,MD in Banks? External Audit firms / RBI auditors? neither Indian Currency has improved against US @ Rs.68 ? nor import restricted to support Indian manufacturer's ? No control on Bank's performance after all who job is this? NPA increased? Loan paper signed by borrower not enough to recover money?  Gold imported by people having no proper documents verification and real address? Misprint of 40,000 Forty thousand Currency notes? No relief to Farmer's Loan / Student Loans in spite Govt instructions and policy? After all who is responsible? No need of Governor in RBI .. let m/o Fin sectr to take care of Banks thru MD of banks etc.",1
facebook_corpus_msr_454890,They are mourning the death of TN CM - Amma !!,1
facebook_corpus_msr_1537013,It look like dis pig be taken big amount from bjp. Daily come up with new drama. Wat was he doing from last 2 years. After sack and kick from minister suddenly he realised about 2 crore land scam foreign trip etc. When he was enjoying cabinet he didn't even hasitate to use psychopath and ch*Tia in public domain to attack BJP.,1
facebook_corpus_msr_401325,"56 inch chest is watching mutely & doing Kadi nenda , while jawans r dying & he is throwing few jumlas to make bhakts happy.

They don't have semblance of shame & they r gud at making politics on gow Mata etc.",1
facebook_corpus_msr_407101,Shame on India TV who make famous this mother f...ker.,1
facebook_corpus_msr_431269,We have to hang our head in shame with the so called elected representatives behavior.,1
facebook_corpus_msr_1723729,Most Hindus are good people despite Modi trying to turn them in to bigots what is wrong with this has been washed up guy ???,1
facebook_corpus_msr_1893369,Why should we respond to a creature of a dehumanized country Pakistan..,1
facebook_corpus_msr_1723607,Navratri n ganesh speakers r only for some counting days baby....This azaans are perminent,1
facebook_corpus_msr_554028,"He is talking the markets up again. Leaking policy decisions which he might never deliver, am sure someone made a killing .",1
facebook_corpus_msr_448895,He is 9th powerful man in the world dont forget it everyone,1
facebook_corpus_msr_505561,And he was hell-bent to oppose Tesla for developing AC current. Went on kill horses in public to show that AC power is dangerous..,1
facebook_corpus_msr_2111117,U read kannur news papers. Ull come to know how many RSS n BJP workers killed by CPI goons each month,1
facebook_corpus_msr_1762560,"Agree with you Sheikh Asadullah
But in India there is total non-respect  for ladies - # of rapes; brides bullied for dowry etc
This must b addressed at a national level",1
facebook_corpus_msr_1521720,this Brahmin always threat to every community.,1
facebook_corpus_msr_2018473,"In the era where it is hard to find any difference between  girl and btiches ,,here comes a real women MEERA SINGH RAJPUT

SALUTE TO YOU LADY.",1
facebook_corpus_msr_445727,Common first think congress has given rights to make black money since 60 years.. Modi is trying to get it back.. don't be foolish to support congress,1
facebook_corpus_msr_325405,this is callled the real surgical strike .   lessson for indians as they fool own people even they not know wat is surgical strike,1
facebook_corpus_msr_395550,"Rubbish, this is like scavenger waiting for death of a cow.",1
facebook_corpus_msr_1737079,How stupid indian express! Obviously u have not even listened to the beginning of the video! AK himself has tweeted this video!,1
facebook_corpus_msr_1724236,Because navratri is does not take place daily dear 🖕🏻,1
facebook_corpus_msr_327855,"Jhumla.... Jhumla.... Jhumla (no action but only sweetened words with honeyed tongue) 

Waiting 4 another doubtful surgical strike just to cover up shame. 

Congress took just 1 surgical strike
Led to the birth of Bangladesh. 

Bhartiya Jhumla party took 1 surgical strike (though highly doubtful) 
Led to maiming of two precious brave soldier.",1
facebook_corpus_msr_332309,"Y most of the Indians are intolerant n violent.? 
It is easy to use word destruction. It is not war of swords or AK47. It Will be nuclear war.
I think your brain is grazing grass.",1
facebook_corpus_msr_2126409,"Jaadu tona, they r educated fool",1
facebook_corpus_msr_1723512,"Shakil Ahmad Ansari your forefathers weren't  forced to converted in Islam. 
Indira Gandhi was killed indirectly by your beloved Pakistan.. 
And how much killing made by your beloved Muslim ruller was uncountable. 
Remember you share Indian DNA and your forefathers were converted",1
facebook_corpus_msr_1724049,His songs aren't doing well so as his brain,1
facebook_corpus_msr_53440,This government is least concerned about corruption.,1
facebook_corpus_msr_331611,Change the headlines u fool.... its millions and not billions,1
facebook_corpus_msr_1723126,"He is past his prime in Bollywood. He hardly gets to sing for a movie. The new singers have made their way and occupied Central place in playback singing which he enjoyed sometime back. So, now he is frustrated and desperate coz no one is talking about him and his vocals. Hence, the best way possible for him like all losers is talk against Islam and Muslims to get noticed. My request to Muslims wud be to ignore this defeated soul and leave him with his madness and frustration.",1
facebook_corpus_msr_233546,"I m now frastrated, same text what past ministers said. What's the use of radars, sophisticated planes and missiles..... For fun..... WE don't want Govt. who want to do nothing except words...... Kill The basterds....",1
facebook_corpus_msr_394970,Indian coward army deserves it because this army of lady boy's army which kill innocent civilians in Kashmir so no sympathy no mercy because today's India is extremes wild dog of modis terrorist India.,1
facebook_corpus_msr_2032053,yes they have to do with palestine ...but not their own kashmir (were there was no riot but total cleansing ),1
facebook_corpus_msr_1493897,Is this ruling binding on Pakistan?,1
facebook_corpus_msr_1649464,"Saudi Arabia should apply sharia on the employer if this is true. However, everyone knows that Saudi legal system is always partial towards their citizens in preference to expatriate laborers. If the same was done by an expatriate his head would be rolling in public place within a month",1
facebook_corpus_msr_1887322,"Fake news, no data, fraud journalism",1
facebook_corpus_msr_474599,"_*Hats off to Modi he has shown the world that his chest is really 56""*_
*I am a proud Indian*",1
facebook_corpus_msr_327914,If India can't retaliate then atleast a separate MOS of Defence for #KadiNinda shud b appointed.,1
facebook_corpus_msr_1337503,Hehehehehe.... . During the UPA govt....they were blocking parliament so that FDI of 51% should not pass in retail sector.....now 100%....see the Hippocrates....,1
facebook_corpus_msr_2018548,Moni Singh there is no race so there is no  challenge. But you are just a pathetic case of  aggressive and destructive feminism,1
facebook_corpus_msr_1805333,Anna is now a confirmed agent of RSS/BJP,1
facebook_corpus_msr_451820,"This is problem wen brands in india do a launch ....so funny
 and cheap drama",1
facebook_corpus_msr_1583962,F*** u indian xpress... Wtf r u publishing? Y not sharing dhoni is having breakfast?,1
facebook_corpus_msr_1723523,Cheap publicity stunt to stay in the news.. Nothing else... Get a life man!!!,1
facebook_corpus_msr_334398,"Becoz his wife is not Muslim.
If his wife was Muslim Yougi will take him from his grave and rape as he said before Election",1
facebook_corpus_msr_328133,He's not even an Indian citizen..fake deshbhakt.Tired of his sorry face.,1
facebook_corpus_msr_2032197,"First u learn than teach others every father want his son want to be good Muslim and good citizen of India but sometime influence by external factor or In justice to community , lawmaker and law follower police give one side justice which lead to influence like rss influence my Hindu brother to follow rss ideology than Indian ideology Mr Vb Mishra , so correct urself so that we do not produce 3 time ban terrorist group like rss or u do not get influence and kill Sikh which u did in 1984 , u do not get influence and make naxalite group and fight against own government , make bomb and plant them in own country like malegao, mecca majid, ajmer blast etc , and goa and get got with 100 bomb made by group santana sanstha they were caught in kolaphur , do bomb blast in thane drama hall , create gujarat 2003 for political gain, and u elected 7th standard pass as our pm what qualification he have only one he could not control law and order of gujarat , so no religion urs or mine teaches bad thing only follower u and me follow it wrongly and blame others for own wrong doing",1
facebook_corpus_msr_451831,"Such an useless live product launch,comments are more entertaining here than the launch of dominar😂😂😂",1
facebook_corpus_msr_495790,Wtf... Why is D difference.  Bloody.. no care for soldiers,1
facebook_corpus_msr_1922819,He should be thrown out of parliament this kind of Iragonce is unjustified a law maker Kill's the law boot him out of parliament,1
facebook_corpus_msr_1521905,Cows r nt haram in Hinduism.Cow meat is.Evry religion has equally bloody history.All animals r animals n deserve 2 live,1
facebook_corpus_msr_1922883,Push him out from the running train,1
facebook_corpus_msr_324342,we should fight for this... not for nationalism and cow.. this is the reality of My India. soo painful ...may god bless his soul and give patience to his father and mother.,1
facebook_corpus_msr_2280058,Also israeli passport holders are banned in 17 isalmic countries since 1985 and not media gave a fcuk to it.,1
facebook_corpus_msr_2117615,"Sorry to say, it happens with every state. People are divided in their mind with us v/s them. You go south, they don't like north and you go east, they don't like west. The only way to resolve this is by bringing a feeling of being one nation one people and that can come from the top...policies of government.",1
facebook_corpus_msr_1561755,"SArthak Sharma Boss sorry , I may not agree with you because you are telling about his corruption but friend pl analyse other leaders irrespective of their parties and you will find that Politicians are 100% corrupt. You may be knowing him that is why you are telling but there are many whom you may not be knowing but are 100% corrupt. In politics you can not survive without corruption at least in India.",1
facebook_corpus_msr_1978742,"Hindus with full support from their religious scriptures, especially 'MANUSMRITI' has inflicted horrific torture on their Womenfolk & untouchable Dalits, since ages ... To promote the child-rape, baby-girls used to be married off to aged Hindu males, even before puberty ... Polygamy was practiced by most of the Hindu males, especially Brahmins, like Tiwaris, Dubeys, Choubeys etc. ... With religion by their side, some of them used to marry more than 100 Hindu-women, even at the death-bed (infamous Antarjali Yatra) ... After the death of old husbands, the just-married baby-girls used to be made 'SATI' by throwing her on the pyre of her husband ... 
A bengali film named 'Antarjali Jatra', under the direction of famous director Goutam Ghose was released in 1987. This movie chronicles the evil practices prevalent in Kulin Brahminism like polygamy & ... 'SATI practice', wherein a recently widowed woman would be immolated on her husband's funeral pyre.

All sorts of restrictions used to be imposed on WIDOWS ... on 'food intake', 're-marriage of teenage widows', 'right to property', 'social status', 'recreations' et al, whereas no restriction on any kind used to be imposed on WIDOWERS !
Now-a-days, Hindus are seen mocking at the 'Burqa' used by Muslims ... But ask any Hindu, why the hell they keep their wives-mothers-grandma under the ""GHUNGHAT"" or compell their Women- folk to use vermilion (SINDOOR/BINDI), when the married hindu-men use none ... They would become speechless ! 

Let alone the commoner, even the Goddess Sita had to appear for a fire-test to prove his 'purity', she was abandoned by Hindu-God Ramchandra when she was pregnant & forced to live in the Hermitage of Valmiki. Finally, she had to commit suicide ... In the same way Lord Krishna never married to 'Radha' & abandoned her & never met her again, after leaving Mathura for Dwarka ! Though he had 16,100 junior wives, besides 8 Principal queens ! 

Do you have the guts to name a single Hindu whose Great grand-ma / Grand-ma was not raped by his G. grand-pa / grand-pa when she was just a kid & made her to produce children like a rabbit !!

Finally, let me admit that I'm a devout Hindu myself ! And I'm proud of my religion as it allows me apply my brain to judge between good & bad ... to criticize all the evil customs of Hinduism without fear, shun them, change my ""DHARMA"" to suit the modern age ... AND HERE EXACTLY THE ISLAM IS LAGGING BEHIND ... No change, no scientific proof, no logic, no modification of Religious beliefs to suit the modern time-place, no criticism of age-old evil customs, no difference of opinions are permitted / practiced in ISLAM ... ""INTOLERANCE"" to others is the buzzword in ISLAM !!",1
facebook_corpus_msr_2032031,Vishal Joshi  Google some crime history of India........there are many examples of partiality in Justice........same crime.... but different punishments,1
facebook_corpus_msr_335349,2Lac bullets found as per media reports...!! Was he planning for some war or what...?😳,1
facebook_corpus_msr_473749,"*PURE DESH ME AFRA TAFRI KA MAHOOL HAI...INDIA KI 98% JANTA GARIB HAI..YE MAAR ASLI 98% PE MARI HAI MODI JI NE..YE ACHA NHI KIYA BJP NE PURA VYAPARI VARG ROO RAHA HAI KHUN KE AANSU BJP WE SHAME ON YOU*

*B.J.P..*❌❌❌❌❌❌❌
*MODI..*❌❌❌❌❌❌❌

*WE REALY SHAME ON YOU MODI JI..*",1
facebook_corpus_msr_326903,we should cut kulbhushan inti pieces and throw his body parts in hindyaa,1
facebook_corpus_msr_365602,Her interference and telling against soldiers show that she is supporters of terrorist.  I don't like her,1
facebook_corpus_msr_1510206,kashmiri problem is not solve by govt.alway making critical and rss is the ghost who interfers always since 1950 in the kashmir stop rss interfrrence talk and win hearts of kashmiri to keep in india.,1
facebook_corpus_msr_398436,For 60 years u ppl did it!! Wat is the result??,1
facebook_corpus_msr_456071,what a shame.. bajaj's own link is'nt even able to stream this launch..   http://www.bajajauto.com/BajajDominar/Dominar400/index.html,1
facebook_corpus_msr_1723026,"I am not sure about if u Muslims are living peaceful with non-muslims, but just wanted to grab those all pandits who are exiled from Kashmir. What would you say about that??",1
facebook_corpus_msr_53437,Why are u silent on some leftists assault on CRPF... Why not #TLI condemn the act of massacre...  Time to #EndTLI,1
facebook_corpus_msr_1978748,Then tell all Khan actors to stop acting and singing in films.,1
facebook_corpus_msr_1891414,Both look idiot,1
facebook_corpus_msr_1902065,Where is the stupid CM. Usually has a big mouth for glorification.,1
facebook_corpus_msr_322580,"This is what politics is... Whn more thn 22 soldiers killed my naxal..no media was interested .. N c..jaha Pakistan nai kuch keya..woh bhi we r getting what r great govt. N paid media is showing.. Tu foran SB active hugay..as news with Pakistan will help trp..will help in all the elections crab... 
BJP..central govt. Har foji zarori huta hai... Yah ni ki ju east mai shahid huwa uspai metie dalo ..or ju Pakistan side pai huwa uspai hngama karo... Act n get excited the same.way .... Every where... 
N media hope u become corrupt free one day... Stop working. For bjp..work.for.our country... Support for free media..rather Thn paid media",1
facebook_corpus_msr_1723499,"Sonu Nigam please get checked by doctor for loss of composure and patience,remember the days when you were new and struggling to make a mark   in the industry, u used to sing rafi saab songs, just no that he was a muslim and you are here today bcoz of him.just remember this and don't get carried away.love you brother.",1
facebook_corpus_msr_1723046,Read history. There is no definite ideals about Hinduism first. There are so many divisions and practices and you have to keep in mind that India was never a Hindu state under one ruler. Diversity is our character. Top of everything is our Constitution. Respect that.,1
facebook_corpus_msr_331041,Yes. She is mentally unsound. I reallly don't know how she is CM of west bengal,1
facebook_corpus_msr_1897088,Andh bhakht should not mourn know,1
facebook_corpus_msr_1804930,Y this idiot on rise wen MCD is bound to be expected in Delhi.. Political tactics of bjp and rss.. He is nothing but just a puppet of Bjp and rss..and what is his take on lok pal Bill wer is his commitment on it..budda badmash nikla..,1
facebook_corpus_msr_1736973,What an irony.. Arvind kejrwl is a fraud/,1
facebook_corpus_msr_2141835,Sorry bro but begging is ur habit...first you used to beg from America now from china...and as a matter of fact its collaboration of indo russian venture...not isreal..,1
facebook_corpus_msr_407605,lets pray god he might not get easy death rather should die like a rotten eggs .,1
facebook_corpus_msr_1610609,Its just to gain votes..... Selfish,1
facebook_corpus_msr_1735811,if sc st bc mbc have rights to have reservations then Muslims also have rights to have separate reservation since the social status of muslims is lower than bc and mbc. if reservation is not required then give equal free education to all community,1
facebook_corpus_msr_1887261,"It's not because of our PM.
It's because of people and media houses like you who demoralise the army by supporting Anti national elements.",1
facebook_corpus_msr_405653,The main issue behind these shameful acts is radical Islamic mindset .....islam can't digest any other religion this is a fact and it can't be overshadowed by some fake excuses....,1
facebook_corpus_msr_2032060,Terrorism does have religion when it's motivated by religion.,1
facebook_corpus_msr_394466,Pakistan is alive on begged money. Look where india is and where is pakistan today. Both got independance together. Shame on u poor and uneducated people. U do not deserve to live in this civilised world. U r already living in hell. Shame,1
facebook_corpus_msr_2111385,All commis are idiots.,1
facebook_corpus_msr_1833380,"Save cow if have guts bloody haters, Goa Kerala Bengal north east!",1
facebook_corpus_msr_448909,He is 9th powerful man in the world dont forget it everyone,1
facebook_corpus_msr_1723725,"I am upset when see the news, because sunu nigam is famous singer .By the way l want that he will be carefully speak in other religious.",1
facebook_corpus_msr_326933,"Brace yourself ""innocent"" terrorists are coming to defend their deeds like they did for kargil in initial stages.",1
facebook_corpus_msr_362625,This is fucking 3 years old video from Mexico.wake up you idiots,1
facebook_corpus_msr_1762562,"also the hate created by BJP,  and RSS has to be cleared.",1
facebook_corpus_msr_2203241,"Vinod Gupta Can u read properly? The BJP targets muslim boys for no reason, false accusations! We don't need gundas to thrash innocent boys on false accusations.",1
facebook_corpus_msr_1887361,Govt should take action on it. What doing Govt. is.......,1
facebook_corpus_msr_407511,ahmed keep ur mouth shut n no one asking u . who r u to ask us about proof of dawood Ibrahim. we know he is in pakisten that is the proof we know.,1
facebook_corpus_msr_2241661,not a single thing isn't political,1
facebook_corpus_msr_1735844,WTF,1
facebook_corpus_msr_2032286,No wonder most ISIS caders were from Kerala.,1
facebook_corpus_msr_332523,If this all is done just to defame aap then they ppl have actually crossed all limits of diginity to obtain power.,1
facebook_corpus_msr_331337,This is Hindu terrorism .You have defeat this .And this is lesson for Indian Muslims .who became coward puppet after partition .,1
facebook_corpus_msr_1723717,Sonu Ji is pitching for bharat ratna award from Modi Govt next year.  Congrats in advance sonu Ji,1
facebook_corpus_msr_1724243,You are fail fail faaaaaaaaail,1
facebook_corpus_msr_397865,Truth among Muslims died when Arab Cult was invented by Mohammed.,1
facebook_corpus_msr_1723410,Since modi came to power  all declining sportsmen like Sehwag Gambhir  flop artists like Hooda Rishi and Anupam kher retired beurucrats and failed singers loke Sonu Nigam a whole lot of sunset gang is blooming for the Bjp.,1
facebook_corpus_msr_397580,"India is a fake, Fragile and unatural union build by British to control the poor masses. it has become a monster for minorities and neighbors, almost 40% of Indian Land is direct under Indian Army control who commit grave human right abuses under notorious AFSPA , Kashmiris hate India for brutal illegal occupation of their land but shameless India so called upper Class Hindu elite doesnt want to Free Kashmir for their political gaines, India is the only country which is being run by Extremists apart from Israel.",1
facebook_corpus_msr_1561714,You are talking theory but in practice it is not followed.iPS & IAS are nothing in front of these Honorable MLAs. They even slap and abuse them in front of their subordinates. This MLA was so nice that he has not used any bad words. IPS officer should thank the MLA for not using bad words.,1
facebook_corpus_msr_1762589,How can you expect mr old man? As long as pigs are there in india it never ever happen.,1
facebook_corpus_msr_397524,Exactly.USA & India must be kicked out from Afghanistan with in shortly InsAllah.Just wait.,1
facebook_corpus_msr_1798059,"Cash,caste, intimidation and liquor flow like water in Elections. Only thing is the modus operandi changes for each election.whether it is UP,AP, or MP,the election is just unimaginable without cash and liquor.",1
facebook_corpus_msr_1330341,congress agent,1
facebook_corpus_msr_1723130,"The content u wrote describe ur frustration towards his tweets.. becoz u too know that imposing or forcing electronic sounds in early morning, Shud be deeply condemned.. bt u don't want to face the reality..",1
facebook_corpus_msr_397758,"when India will start war, no one country will help Pakistan..",1
facebook_corpus_msr_2387426,"Credit growth aka money that was taken from the common man is now being handed over to rich industrialist as ""loans""... who as we all know have a long track record of never paying back... if you are to be corrupt then be corrupt like Modi... the man knows how to steal money and make it look completely legal...",1
facebook_corpus_msr_1649508,Saudi arabia is model for pislam,1
facebook_corpus_msr_401355,Check ur mother and sister is safe or  raped by Talibans,1
facebook_corpus_msr_325594,No he didn't. But you might be the offspring of an Indian soldier who had a good time when we invaded in 1971.,1
facebook_corpus_msr_395444,Bomb all the porky Army camps in the border...Right now...#deathtoPakistan...,1
facebook_corpus_msr_1735815,sc st bc mbc Muslims expect this best solution. but i don't know fc support this,1
facebook_corpus_msr_332264,we don't fear anyone we are not slave of any masters because turkey has no colonial HISTORY like Indian worshiping trump and eroupian union,1
facebook_corpus_msr_2032148,"Abrar whether you people live in density or alone,,,you people will damage the humanity,,,, important is you change your mentality towards supporting terrorism,,, bomblasting, killing innocents on the name of jihad,,, stop pleasing Allah doing all the possible crimes,,,,, stop dreaming for 72 hoors,,,    believe me every thing will be okay for you radicals",1
facebook_corpus_msr_394638,They belong to you flight dirty terrorist country india .. . 😂😂😂,1
facebook_corpus_msr_2032370,fabricated news,1
facebook_corpus_msr_1722926,What's wrong with you secular idiots,1
